caseid,subjectid,casestart,caseend,anestart,aneend,opstart,opend,adm,dis,icu_days,death_inhosp,age,sex,height,weight,bmi,asa,emop,department,optype,dx,opname,approach,position,ane_type,preop_htn,preop_dm,preop_ecg,preop_pft,preop_hb,preop_plt,preop_pt,preop_aptt,preop_na,preop_k,preop_gluc,preop_alb,preop_ast,preop_alt,preop_bun,preop_cr,preop_ph,preop_hco3,preop_be,preop_pao2,preop_paco2,preop_sao2,cormack,airway,tubesize,dltubesize,lmasize,iv1,iv2,aline1,aline2,cline1,cline2,intraop_ebl,intraop_uo,intraop_rbc,intraop_ffp,intraop_crystalloid,intraop_colloid,intraop_ppf,intraop_mdz,intraop_ftn,intraop_rocu,intraop_vecu,intraop_eph,intraop_phe,intraop_epi,intraop_ca
998,4132,0,12586,-3239,12421.0,4321,11521,-131220,387180,0,0,69.0,M,169.7,70.5,24.5,2.0,1,General surgery,Stomach,Early gastric cancer ,Distal gastrectomy,Videoscopic,,General,0,0,Normal Sinus Rhythm,Normal,14.0,177.0,101.0,26.6,140.0,4.3,100.0,4.2,18.0,17.0,13.0,0.92,,,,,,,I,Oral,7.5,,,Left forearm,,,,,,,70.0,0,0,1000.0,0,0,0.0,0,80,0,5,0,0,0
4330,722,0,9517,-771,9369.0,1869,8469,-485580,292020,0,0,20.0,M,174.5,63.5,20.9,2.0,0,General surgery,Stomach,Crohn's disease unspecified,Small bowel segmental resection,Videoscopic,Lithotomy,General,0,0,Normal Sinus Rhythm,Normal,12.2,427.0,83.0,34.8,141.0,4.1,90.0,4.7,13.0,9.0,8.0,0.83,,,,,,,I,Oral,7.5,,,Right forearm,,,,,,,150.0,0,0,900.0,0,0,0.0,0,55,0,0,0,0,0
4453,4619,0,12450,-348,12252.0,3552,11352,-132900,471900,1,0,68.0,M,166.8,65.0,23.4,2.0,0,Thoracic surgery,Minor resection,"Abnormal chest CT, lung",Lung wedge resection,Videoscopic,Left lateral decubitus,General,0,1,Normal Sinus Rhythm,Mixed or pure obstructive,14.3,176.0,87.0,38.5,144.0,4.0,118.0,4.2,18.0,18.0,20.0,1.09,,,,,,,I,Oral,,Left-37,,Right hand,,Left radial,,Right IJV,,,150.0,0,0,600.0,0,0,0.0,0,100,0,10,0,0,0
1946,2499,0,7510,-200,6700.0,2980,6700,-200580,317820,0,0,41.0,F,170.0,73.8,25.5,1.0,0,General surgery,Colorectal,Adenocarcinoma of colon,Low anterior resection,Open,Lithotomy,General,0,0,Normal Sinus Rhythm,Normal,12.9,284.0,126.0,32.4,138.0,3.9,97.0,4.3,32.0,47.0,19.0,0.71,,,,,,,I,Oral,7.0,,,Right forearm,,,,,,,100.0,0,0,500.0,0,0,0.0,0,90,0,5,0,0,0
4567,2118,0,7365,-1660,7520.0,1220,6620,-383040,394560,0,0,68.0,F,155.8,50.8,20.9,1.0,0,General surgery,Colorectal,Malignant neoplasm of ileocecal valve,Hemicolectomy,Open,Supine,General,0,0,Normal Sinus Rhythm,Normal,11.5,176.0,99.0,28.5,143.0,4.4,81.0,3.8,16.0,10.0,14.0,0.62,,,,,,,I,Oral,7.0,,,Right forearm,,,,,,,70.0,0,0,,0,0,0.0,0,60,0,10,0,0,0
6034,4652,0,9212,-423,9177.0,777,7977,-207720,397080,0,0,44.0,F,165.1,85.25,31.3,1.0,0,General surgery,Breast,Infiltrating ductal carcinoma of breast right,Breast-conserving surgery,Open,Supine,General,0,0,Normal Sinus Rhythm,Normal,14.5,346.0,101.0,34.7,142.0,4.2,100.0,4.3,14.0,13.0,10.0,0.88,,,,,,,I,Oral,7.0,,,Left forearm,,,,,,,,0,0,300.0,0,0,0.0,0,50,0,0,0,0,0
1944,1828,0,17230,-601,16799.0,3599,15899,-978000,2305200,3,0,75.0,M,166.0,69.9,25.4,2.0,0,General surgery,Hepatic,Hepatocellular carcinoma,Hemihepatectomy,Open,Supine,General,1,0,Normal Sinus Rhythm,Normal,13.8,246.0,100.0,31.4,142.0,4.3,113.0,3.7,20.0,24.0,21.0,1.07,7.393,22.9,-1.7,78.4,37.3,96.2,I,Oral,7.5,,,Left forearm,,Right radial,,Right IJV,,500.0,130.0,0,0,2000.0,0,0,0.0,0,100,0,5,0,0,600
4547,5761,0,12482,-1994,12886.0,2086,11386,-226500,464700,0,0,54.0,M,158.8,51.5,20.4,2.0,0,General surgery,Hepatic,Hepatocellular carcinoma ,Liver sectionectomy,Open,,General,0,1,Normal Sinus Rhythm,Normal,16.4,160.0,85.0,32.8,141.0,4.1,116.0,4.7,38.0,47.0,13.0,0.8,,,,,,,I,Oral,7.5,,,Right forearm,Left etc,Right radial,,,,100.0,,0,0,450.0,0,0,0.0,0,70,0,0,0,0,0
5867,3764,0,10780,-798,10542.0,1842,9642,-114840,230760,0,0,47.0,M,174.1,95.6,31.5,2.0,0,General surgery,Thyroid,Thyroid nodule,Thyroid lobectomy,Open,Supine,General,0,0,Normal Sinus Rhythm,Normal,14.9,231.0,104.0,28.6,136.0,3.9,98.0,4.5,41.0,71.0,8.0,0.75,,,,,,,I,Oral,7.5,,,Left hand,,,,,,,,0,0,650.0,0,0,0.0,0,90,0,0,0,0,0
1240,4858,0,14780,-112,14588.0,2888,13988,-147660,1321140,1,0,55.0,M,177.6,79.8,25.3,2.0,0,Thoracic surgery,Major resection,Lung cancer right,Lung lobectomy,Videoscopic,Right lateral decubitus,General,0,0,Normal Sinus Rhythm,Normal,14.1,270.0,95.0,33.8,141.0,4.4,116.0,4.2,27.0,35.0,17.0,1.05,,,,,,,I,Oral,,Left-37,,Right forearm,,Left radial,,Right IJV,,100.0,70.0,0,0,300.0,0,0,0.0,0,110,0,20,0,0,0
1172,2102,0,14045,-426,14274.0,1674,13374,-218520,731880,1,0,77.0,F,157.0,55.8,22.6,3.0,0,General surgery,Others,Enterocutaneous fistula ,Exploratory laparotomy,Open,Supine,General,1,0,Normal Sinus Rhythm,Moderate restrictive,11.7,212.0,78.0,26.1,137.0,3.2,103.0,2.7,17.0,4.0,8.0,0.52,,,,,,,I,Oral,7.0,,,Left forearm,Right forearm,Right radial,,,,100.0,320.0,2,0,4300.0,1200,0,0.0,0,95,0,10,1100,0,1500
4658,952,0,13014,-821,13459.0,3259,11659,-287100,576900,0,0,69.0,F,153.6,45.5,19.3,2.0,0,General surgery,Biliary/Pancreas,Pancreatic cancer ,Distal pancreatectomy,Open,Supine,General,1,1,Normal Sinus Rhythm,Normal,10.9,221.0,126.0,31.0,141.0,3.9,113.0,4.0,14.0,14.0,10.0,0.58,,,,,,,I,Oral,7.0,,,Left forearm,,Right radial,,,,50.0,40.0,0,0,800.0,0,0,0.0,0,70,0,0,200,0,0
1026,4540,0,21581,-905,21115.0,1915,20515,-461280,2994720,0,0,46.0,M,170.0,41.6,14.4,2.0,0,General surgery,Colorectal,"Colon cancer, sigmoid",Anterior resection,Open,Lithotomy,General,0,0,Normal Sinus Rhythm,Severe restrictive,10.4,424.0,89.0,32.4,141.0,4.3,98.0,3.9,23.0,33.0,8.0,0.7,,,,,,,I,Oral,7.5,,,Right forearm,Right etc,Right radial,,,,350.0,200.0,0,0,2700.0,0,0,0.0,0,120,0,20,0,0,0
3221,3227,0,9997,20,9020.0,2720,8420,-129540,129660,0,0,46.0,M,179.4,77.4,24.0,2.0,0,Thoracic surgery,Others,Mediastinal mass,Thymectomy,Videoscopic,Supine,General,0,0,Normal Sinus Rhythm,Normal,16.3,220.0,110.0,32.2,141.0,4.3,90.0,4.1,18.0,21.0,13.0,0.96,,,,,,,I,Oral,,Left-37,,Right hand,Left hand,Left radial,,,,,30.0,0,0,350.0,0,0,0.0,0,140,0,0,0,0,0
3710,4515,0,20190,-1745,20515.0,3715,19315,-217680,905520,1,0,65.0,M,164.4,51.4,19.0,3.0,0,General surgery,Transplantation,End stage renal disease,Kidney transplantation,Open,Supine,General,0,1,Normal Sinus Rhythm,Normal,11.3,106.0,104.0,97.4,138.0,5.5,216.0,3.5,26.0,19.0,31.0,5.99,,,,,,,I,Oral,7.5,,,Right forearm,,Left radial,,Right subclavian,,300.0,1610.0,0,0,1600.0,35,0,0.0,0,80,0,0,0,0,450
281,4689,0,11342,-812,11428.0,2728,10528,-234240,284160,0,0,55.0,M,166.3,64.2,23.2,2.0,0,Thoracic surgery,Major resection,Lung cancer right,Lung lobectomy,Videoscopic,Left lateral decubitus,General,1,0,Normal Sinus Rhythm,Normal,15.5,199.0,101.0,35.3,140.0,4.2,109.0,4.3,24.0,39.0,19.0,0.93,,,,,,,I,Oral,,Left-35,,Left forearm,,Left radial,,Right IJV,,50.0,150.0,0,0,600.0,0,0,0.0,0,90,0,5,0,0,0
3875,1268,0,13061,-1091,12889.0,2089,11989,-131100,300900,0,0,42.0,F,160.9,61.2,23.6,1.0,0,General surgery,Transplantation,Kidney donor ,Donor nephrectomy,Videoscopic,Right lateral decubitus,General,0,0,Normal Sinus Rhythm,Normal,14.4,299.0,128.0,29.3,137.0,4.0,95.0,4.5,20.0,14.0,13.0,0.66,,,,,,,I,Oral,7.0,,,Left forearm,,,,,,70.0,205.0,0,0,700.0,30,0,0.0,0,80,0,20,0,0,0
4261,4803,0,12095,299,11999.0,3299,11099,-126000,392400,1,0,55.0,M,172.9,76.9,25.7,2.0,0,Thoracic surgery,Major resection,Lung cancer right,Lung lobectomy,Videoscopic,Left lateral decubitus,General,0,0,Normal Sinus Rhythm,Normal,14.9,289.0,103.0,30.3,141.0,4.2,93.0,4.5,15.0,23.0,16.0,1.03,,,,,,,I,Oral,,Left-37,,Left forearm,,Left radial,,Right IJV,,200.0,160.0,0,0,1600.0,0,0,0.0,0,140,0,0,0,0,0
193,1643,0,8644,-909,7911.0,1611,7611,-114780,230820,0,0,61.0,F,157.1,74.3,30.1,2.0,0,General surgery,Thyroid,thyroid nodule,Total thyroidectomy,Open,Supine,General,1,1,Normal Sinus Rhythm,Normal,14.4,277.0,97.0,32.0,137.0,3.7,136.0,4.4,33.0,55.0,12.0,0.8,,,,,,,I,Oral,7.0,,,Left forearm,,,,,,50.0,,0,0,200.0,0,0,0.0,0,50,0,5,0,0,0
1810,3651,0,11283,-636,10524.0,2424,9924,-310440,294360,1,0,61.0,F,157.0,49.5,20.1,2.0,0,Thoracic surgery,Minor resection,"Abnormal chest CT, lung nodule",Lung wedge resection,Videoscopic,Right lateral decubitus,General,1,0,Normal Sinus Rhythm,Normal,11.9,223.0,85.0,35.3,142.0,3.6,177.0,4.4,22.0,12.0,19.0,0.89,,,,,,,I,Oral,,Left-35,,Left forearm,,Right radial,,Right IJV,,40.0,30.0,0,0,1200.0,0,0,0.0,0,110,0,10,0,0,0
1784,4016,0,10550,-155,11005.0,4105,9805,-114360,404040,0,0,56.0,M,160.6,68.55,26.6,2.0,0,Thoracic surgery,Minor resection,Thymoma ,Lung wedge resection,Videoscopic,Supine,General,1,0,Normal Sinus Rhythm,Normal,13.2,219.0,104.0,28.1,,,111.0,4.3,23.0,30.0,12.0,0.78,,,,,,,I,Oral,,Left-35,,Left forearm,,Left radial,,Right IJV,,,140.0,0,0,900.0,0,0,0.0,0,110,0,15,0,0,0
1482,2648,0,19729,-251,19849.0,3949,19127,-114540,576660,0,0,50.0,F,156.0,54.75,22.5,1.0,0,General surgery,Transplantation,Living liver donor,Donor hepatectomy,Videoscopic,Lithotomy,General,0,0,Normal Sinus Rhythm,Normal,12.4,287.0,119.0,33.1,137.0,4.4,80.0,3.7,21.0,12.0,20.0,0.8,,,,,,,I,Oral,7.0,,,Right forearm,Left etc,Right etc,,,,110.0,35.0,0,0,1500.0,0,0,0.0,0,140,0,10,0,0,0
2805,1391,0,11287,-727,11093.0,2093,10193,-226500,1415100,0,0,68.0,M,174.0,69.9,23.1,2.0,0,General surgery,Colorectal,Rectal cancer,Ileostomy repair,Open,Supine,General,0,0,Normal Sinus Rhythm,Normal,13.5,288.0,112.0,30.7,143.0,4.3,90.0,4.5,20.0,20.0,12.0,0.99,,,,,,,IIIb,Oral,7.5,,,Left forearm,,,,,,20.0,,0,0,400.0,0,0,0.0,0,50,0,5,0,0,0
2742,5228,0,16621,-369,16431.0,1731,15531,-200160,1009440,1,0,61.0,F,148.9,52.3,23.6,2.0,0,General surgery,Breast,Infiltrating ductal carcinoma of breast left,Breast-conserving surgery,Open,Supine,General,0,0,Normal Sinus Rhythm,Normal,14.3,177.0,114.0,21.0,141.0,4.3,110.0,4.6,25.0,14.0,14.0,0.72,,,,,,,I,Oral,,Left-35,,Right forearm,,Left radial,,Right IJV,,100.0,140.0,0,0,1050.0,0,0,0.0,0,120,0,5,70,0,0
591,2791,0,7992,-1262,7558.0,1858,7258,-201540,316860,0,0,60.0,F,161.4,65.85,25.3,2.0,0,General surgery,Colorectal,"Colon cancer, sigmoid",Anterior resection,Open,Lithotomy,General,1,0,Normal Sinus Rhythm,Normal,12.7,213.0,117.0,34.1,142.0,4.0,179.0,4.4,24.0,27.0,13.0,0.67,,,,,,,I,Oral,7.0,,,Left forearm,,,,,,,80.0,0,0,550.0,0,0,0.0,0,120,0,10,0,0,0
4027,690,0,14559,-1148,14632.0,2632,13432,-395760,381840,0,0,48.0,M,159.3,60.35,23.8,1.0,0,General surgery,Hepatic,Hepatocellular carcinoma,Extended hemihepatectomy,Videoscopic,Supine,General,0,0,Normal Sinus Rhythm,Normal,14.0,225.0,99.0,32.9,141.0,3.9,155.0,4.5,21.0,26.0,14.0,0.91,,,,,,,,Oral,7.5,,,Left forearm,,Right radial,,Right IJV,,300.0,195.0,0,0,900.0,0,0,0.0,0,120,0,0,0,0,0
751,2602,0,18623,-838,18662.0,2762,17462,-304980,559020,0,0,34.0,M,174.8,77.0,25.2,2.0,0,General surgery,Hepatic,Hepatocellular carcinoma ,Liver segmentectomy,Open,Lithotomy,General,0,0,Normal Sinus Rhythm,Normal,16.9,250.0,117.0,36.1,141.0,4.0,75.0,4.7,20.0,33.0,15.0,1.03,,,,,,,I,Oral,7.5,,,Right forearm,Left etc,Right radial,,,,550.0,330.0,0,0,1800.0,0,0,0.0,0,110,0,0,0,0,0
6233,4051,0,8798,-544,8456.0,1556,7856,-123540,49260,0,0,54.0,F,157.7,62.2,25.0,1.0,0,General surgery,Thyroid,Hyperparathyroidism,Parathyroidectomy,Open,Supine,General,0,0,Normal Sinus Rhythm,Normal,14.1,231.0,101.0,32.7,142.0,4.9,91.0,4.2,15.0,17.0,15.0,0.57,,,,,,,I,Oral,7.0,,,Left forearm,,,,,,,,0,0,500.0,0,0,0.0,0,40,0,5,0,0,0
1191,5068,0,29433,-1402,30098.0,2798,28832,-555780,999420,0,0,54.0,M,174.0,76.4,25.2,3.0,0,General surgery,Transplantation,Liver cirrhosis with hepatitis B Child-Pugh A,Liver transplantation,Open,Supine,General,0,0,Normal Sinus Rhythm,Normal,14.1,124.0,73.0,35.2,140.0,3.7,79.0,3.4,48.0,38.0,9.0,0.62,,,,,,,I,Oral,7.5,,,Left forearm,,Right radial,,Left IJV,Right etc,1600.0,335.0,0,0,3200.0,300,0,0.0,0,70,0,25,100,0,1200
2586,1032,0,13194,-300,12900.0,900,12300,-547500,748500,0,0,54.0,F,150.3,54.1,23.9,1.0,0,General surgery,Biliary/Pancreas,Acute cholecystitis,Cholecystectomy,Videoscopic,Supine,General,0,0,Normal Sinus Rhythm,Normal,12.4,528.0,87.0,32.1,141.0,3.6,125.0,3.7,22.0,20.0,5.0,0.62,,,,,,,I,Oral,7.0,,,,,,,,,300.0,,0,0,1300.0,0,0,0.0,0,70,0,10,0,0,0
6345,3553,0,12158,83,11483.0,2483,10883,-113880,231720,0,0,44.0,F,157.3,65.6,26.5,1.0,0,General surgery,Thyroid,thyroid nodule ,Thyroidectomy,Robotic,Supine,General,0,0,Normal Sinus Rhythm,Normal,14.4,234.0,110.0,27.9,138.0,4.8,86.0,4.3,17.0,13.0,13.0,0.61,,,,,,,I,Oral,6.0,,,Left forearm,Left leg,Left radial,,,,,,0,0,650.0,0,0,0.0,0,50,0,0,0,0,0
3331,750,0,22891,205,22405.0,2005,21205,-250560,2859840,5,0,78.0,M,162.0,50.6,19.3,3.0,1,Thoracic surgery,Others,Lung cancer right,Bleeding control,Videoscopic,Right lateral decubitus,General,1,0,Normal Sinus Rhythm,Normal,,,64.0,30.1,,,217.0,,,,,,,,,,,,I,Oral,,Left-37,,Right hand,,Right radial,,Right IJV,,200.0,10.0,2,0,950.0,0,0,0.0,0,110,0,0,0,0,0
1813,1554,0,9240,-92,9148.0,1348,8548,-235320,974280,0,0,65.0,M,166.7,50.8,18.3,3.0,0,General surgery,Colorectal,"Colon cancer, ascending",Hemicolectomy,Open,Supine,General,0,0,Normal Sinus Rhythm,Normal,8.6,136.0,106.0,26.7,139.0,3.6,106.0,2.9,20.0,13.0,16.0,4.74,7.468,25.9,1.6,99.9,34.5,98.5,I,Oral,7.5,,,Right forearm,,,,,,300.0,50.0,0,0,900.0,0,0,0.0,0,90,0,10,0,0,0
2802,1751,0,14487,-824,14536.0,1936,13336,-218220,559380,0,0,68.0,M,163.7,60.2,22.5,1.0,0,General surgery,Stomach,early gastric cancer,Distal gastrectomy,Videoscopic,Supine,General,0,0,Normal Sinus Rhythm,Normal,13.1,278.0,109.0,35.6,139.0,4.5,109.0,4.6,24.0,17.0,21.0,1.04,,,,,,,I,Oral,7.0,,,Left forearm,,,,,,,200.0,0,0,700.0,0,0,0.0,0,70,0,0,0,0,0
5871,4956,0,13243,-507,13293.0,1293,11493,-208680,1173720,0,0,48.0,F,149.0,48.9,22.0,3.0,0,General surgery,Thyroid,Hyperparathyroidism,Subtotal parathyroidectomy,Open,Supine,General,1,0,Normal Sinus Rhythm,Normal,9.3,162.0,124.0,31.4,135.0,4.6,73.0,3.2,12.0,7.0,70.0,13.34,7.344,26.6,3.3,29.8,55.1,55.1,I,Oral,7.0,,,Right forearm,,Right radial,,,,50.0,,0,0,800.0,0,0,0.0,0,12,0,5,0,0,0
1444,920,0,14254,-2521,14519.0,3119,13019,-223080,900120,1,0,53.0,M,176.0,67.8,21.9,1.0,0,Thoracic surgery,Minor resection,Ground-glass opacity,Lung wedge resection,Videoscopic,Left lateral decubitus,General,0,0,Normal Sinus Rhythm,Mild obstructive,15.7,214.0,112.0,33.7,141.0,4.1,90.0,4.5,31.0,30.0,19.0,0.89,,,,,,,I,Oral,8.0,,,Left forearm,,Left radial,,Right IJV,,100.0,130.0,0,0,1500.0,0,0,0.0,0,180,0,0,0,0,0
3298,1894,0,8385,-1076,8164.0,1384,7564,-119280,226320,0,0,30.0,M,176.3,77.8,25.0,2.0,0,General surgery,Thyroid,Thyroid nodule,Total thyroidectomy,Open,Supine,General,0,0,Normal Sinus Rhythm,Normal,14.6,262.0,104.0,36.9,142.0,4.5,96.0,4.4,14.0,18.0,9.0,0.82,,,,,,,I,Oral,6.0,,,Left forearm,,,,,,,,0,0,350.0,0,0,0.0,0,50,0,0,0,0,0
1927,2485,0,13071,-3098,12862.0,1402,11962,-201900,489300,0,1,45.0,F,152.4,52.3,22.5,2.0,0,General surgery,Breast,Breast cancer right,Mastectomy,Open,Supine,General,0,0,Normal Sinus Rhythm,Normal,10.4,186.0,97.0,34.9,140.0,3.9,88.0,3.6,14.0,8.0,10.0,0.82,,,,,,,I,Oral,7.0,,,Left forearm,Right etc,Right radial,,,,100.0,,0,0,500.0,0,0,0.0,0,70,0,5,0,0,0
4020,4681,0,10077,-357,9603.000001,2703,9003,-119640,398760,1,0,66.0,F,163.4,54.5,20.4,3.0,0,Thoracic surgery,Major resection,Lung cancer right,Lung lobectomy,Videoscopic,Supine,General,0,0,Normal Sinus Rhythm,Normal,11.7,178.0,,,,,,,,,,,,,,,,,I,Oral,,Left-35,,Left forearm,,Left radial,,Right IJV,,50.0,400.0,0,0,550.0,0,0,0.0,0,70,0,0,0,0,0
2687,5193,0,7882,-440,7960.0,1960,7281,-213420,218580,1,0,77.0,M,158.4,51.8,20.6,2.0,0,Thoracic surgery,Minor resection,Lung cancer left,Lung wedge resection,Videoscopic,,General,0,0,Normal Sinus Rhythm,Moderate obstructive,13.3,277.0,126.0,27.8,140.0,4.1,99.0,3.7,18.0,10.0,12.0,0.89,,,,,,,,,,,,,,,,,,,,0,0,1200.0,0,0,0.0,0,80,0,30,0,0,0
1082,1924,0,12361,-2295,12165.0,1665,10965,-233820,889380,0,0,57.0,M,160.0,62.2,24.3,2.0,0,General surgery,Colorectal,Malignant neoplasm of anorectal junction,Low anterior resection,Open,Lithotomy,General,0,1,Normal Sinus Rhythm,Normal,13.7,178.0,105.0,31.6,138.0,4.0,265.0,4.2,20.0,25.0,11.0,0.72,,,,,,,II,Oral,7.5,,,Left hand,,,,,,100.0,,0,0,500.0,0,0,0.0,0,30,0,0,0,0,0
2000,2320,0,15829,-872,15808.0,808,14608,-205560,831240,0,0,63.0,M,163.5,57.5,21.5,3.0,0,General surgery,Biliary/Pancreas,Renal cell carcinoma left,Cholecystectomy,Videoscopic,Supine,General,1,0,Normal Sinus Rhythm,Normal,10.8,161.0,132.0,25.6,137.0,5.1,123.0,3.9,13.0,14.0,45.0,1.29,,,,,,,I,Oral,7.5,,,Left forearm,,,,,,900.0,150.0,0,0,3200.0,0,0,0.0,0,110,0,0,0,0,0
2671,5272,0,15640,-69,15231.0,3831,14331,-114060,577140,1,0,69.0,M,166.0,44.1,16.0,2.0,0,Thoracic surgery,Minor resection,Lung cancer left,Lung sgmentectomy,Videoscopic,Right lateral decubitus,General,0,0,Normal Sinus Rhythm,Normal,12.2,253.0,115.0,32.4,140.0,4.0,228.0,4.0,18.0,8.0,14.0,1.15,,,,,,,I,Oral,8.0,,,Left forearm,,Right radial,,Right IJV,,250.0,70.0,0,0,700.0,0,0,0.0,0,100,0,10,50,0,0
5937,873,0,21783,-35,22465.0,2665,20665,-114300,231300,0,0,35.0,F,170.3,67.3,23.2,2.0,0,General surgery,Thyroid,Papillary thyroid carcinoma,Total thyroidectomy,Robotic,Supine,General,0,0,Normal Sinus Rhythm,Normal,12.2,277.0,91.0,40.0,140.0,4.1,102.0,4.5,15.0,9.0,12.0,0.46,,,,,,,I,Oral,,,,Left forearm,Right hand,Left radial,,,,90.0,110.0,0,0,3600.0,0,0,2.0,0,60,0,5,0,0,0
5109,3224,0,21042,-373,21227.0,2267,20027,-206160,917040,1,0,53.0,M,164.6,63.1,23.3,2.0,0,General surgery,Biliary/Pancreas,"Intraductal papillary mucinous neoplasm of pancreas, invasive",Pylorus preserving pancreaticoduodenectomy,Open,Supine,General,0,0,Normal Sinus Rhythm,Normal,13.2,346.0,89.0,33.2,142.0,4.1,153.0,4.1,15.0,17.0,15.0,0.59,,,,,,,I,Oral,7.5,,,Left forearm,,Left radial,,Right IJV,,150.0,230.0,0,0,2250.0,0,0,0.0,0,130,0,10,0,0,0
5032,5947,0,10010,-1173,9627.000001,1827,9327,-222240,555360,0,0,73.0,M,169.1,54.5,19.1,2.0,0,General surgery,Colorectal,Rectal cancer,Low anterior resection,Videoscopic,,General,0,1,Normal Sinus Rhythm,Normal,14.2,252.0,127.0,30.0,143.0,4.1,116.0,4.6,18.0,16.0,12.0,0.65,,,,,,,,Oral,7.5,,,Left forearm,,,,,,,200.0,0,0,350.0,0,0,0.0,0,70,0,0,0,0,0
2732,5057,0,9286,-1669,9191.0,2591,7691,-132360,558840,0,0,47.0,F,156.9,58.0,23.6,2.0,0,Thoracic surgery,Major resection,Carcinoid tumor of lung right,Lung bilobectomy,Videoscopic,Left lateral decubitus,General,0,0,Normal Sinus Rhythm,Normal,12.7,358.0,105.0,36.5,139.0,4.3,124.0,4.2,16.0,13.0,10.0,0.64,,,,,,,I,Oral,,Left-35,,Left forearm,,Left radial,,Right IJV,,50.0,60.0,0,0,400.0,0,0,0.0,0,100,0,0,0,0,0
6330,1719,0,9532,-147,8853.0,1953,8553,-300720,2809680,3,0,59.0,M,158.3,57.2,22.8,3.0,0,General surgery,Others,"Common bile duct cancer, distal",Exploratory laparotomy,Open,Supine,General,0,0,Normal Sinus Rhythm,Normal,9.0,130.0,43.0,31.8,139.0,3.2,123.0,2.5,23.0,17.0,18.0,0.99,,,,,,,I,Oral,7.5,,,Left hand,Right forearm,Left radial,Right radial,Right IJV,,50.0,770.0,0,0,750.0,0,0,0.0,0,10,0,0,80,0,0
976,683,0,14850,-256,15944.0,2444,14144,-225240,465960,0,0,66.0,M,161.0,64.2,24.8,2.0,0,General surgery,Hepatic,"Cholangiocarcinoma, intrahepatic",Liver segmentectomy,Videoscopic,Lithotomy,General,0,0,Normal Sinus Rhythm,Moderate obstructive,13.9,192.0,100.0,31.1,139.0,4.3,165.0,4.5,17.0,19.0,18.0,0.79,,,,,,,,Oral,7.5,,,Left forearm,Right forearm,Right radial,,Right ,,150.0,110.0,0,0,950.0,0,0,0.0,0,80,0,0,0,0,0
2890,5113,0,9862,-157,9743.0,2243,8843,-219720,557880,0,0,67.0,M,163.3,69.2,25.9,2.0,0,General surgery,Biliary/Pancreas,Pancreatic cancer ,Distal pancreatectomy,Open,Supine,General,0,1,Normal Sinus Rhythm,Normal,14.6,140.0,111.0,30.6,138.0,4.4,353.0,4.6,18.0,27.0,17.0,0.85,,,,,,,I,Oral,7.5,,,Left forearm,,Right radial,,Right IJV,,250.0,5.0,0,0,1250.0,0,0,0.0,0,80,0,5,0,0,0
1820,1329,0,22014,-548,22252.0,3952,21352,-205140,1782060,4,0,73.0,M,169.5,59.9,20.8,3.0,0,General surgery,Transplantation,Liver recipient,Liver transplantation,Open,Supine,General,0,0,Premature ventricular complexes,Normal,8.3,22.0,61.0,50.1,136.0,4.1,107.0,3.1,75.0,42.0,18.0,0.91,,,,,,,I,Oral,7.5,,,Left forearm,,Right radial,Right femoral,Right IJV,,7950.0,160.0,12,4,2500.0,500,0,0.0,0,70,0,60,1100,70,3000
2717,5410,0,11184,-2676,11724.0,2124,10524,-203040,315360,1,0,74.0,F,158.3,64.6,25.8,2.0,0,Thoracic surgery,Minor resection,Lung cancer right,Lung sgmentectomy,Videoscopic,Left lateral decubitus,General,1,0,Normal Sinus Rhythm,Normal,12.2,171.0,101.0,29.1,142.0,4.3,98.0,4.5,30.0,20.0,14.0,0.85,,,,,,,I,Oral,,Left-35,,Right forearm,,Left radial,,Right IJV,,300.0,510.0,0,0,900.0,0,0,0.0,0,100,0,0,10,0,0
5189,4659,0,11949,-504,11496.0,1896,10596,-114480,58320,0,0,63.0,M,174.8,71.2,23.3,2.0,0,General surgery,Vascular,Varicose vein of lower limb ,Ligation and stripping,Open,Supine,General,1,0,Normal Sinus Rhythm,Normal,14.7,157.0,96.0,31.2,143.0,4.0,128.0,4.0,14.0,13.0,14.0,0.85,,,,,,,I,Oral,7.5,,,Left forearm,,,,,,,,0,0,250.0,0,0,0.0,0,50,0,20,0,0,0
1974,5559,0,9837,-3081,9339.0,1599,8799,-215880,475320,0,0,75.0,F,155.5,38.8,16.0,2.0,0,General surgery,Biliary/Pancreas,Gallbladder stone with cholecystitis without obstruction,Cholecystectomy,Videoscopic,Reverse Trendelenburg,General,0,0,Normal Sinus Rhythm,Mild restrictive,8.1,122.0,99.0,35.9,137.0,4.0,106.0,4.0,18.0,14.0,18.0,0.9,,,,,,,I,Oral,7.0,,,Left forearm,,,,,,100.0,,0,0,700.0,0,0,0.0,0,70,0,10,0,0,0
2837,2714,0,15785,-951,13749.0,1149,13449,-114900,230700,0,0,35.0,F,163.3,52.55,19.7,1.0,0,General surgery,Thyroid,Papillary thyroid carcinoma ,Thyroid lobectomy,Robotic,Supine,General,0,0,Normal Sinus Rhythm,Normal,12.6,339.0,100.0,34.5,137.0,4.3,99.0,4.4,19.0,16.0,9.0,0.8,,,,,,,II,Oral,6.0,,,Left forearm,Right foot,Left radial,,,,50.0,,0,0,1200.0,0,0,0.0,0,50,0,0,40,0,600
4000,5457,0,7456,-995,7225.0,1225,6325,-382140,309060,0,0,75.0,M,159.7,57.25,22.4,2.0,0,General surgery,Colorectal,"Colon cancer, hepatic flexure",Extended hemicolectomy,Open,Supine,General,0,0,Normal Sinus Rhythm,Moderate obstructive,8.4,970.0,84.0,32.3,139.0,5.0,107.0,4.2,15.0,13.0,17.0,1.0,,,,,,,I,Oral,7.5,,,Left forearm,Right etc,Right radial,,,,100.0,30.0,0,0,450.0,0,0,0.0,0,90,0,5,0,0,0
3517,4529,0,12102,-4,12236.0,5516,11507,-113280,405120,0,0,69.0,M,170.7,57.0,19.6,1.0,0,Thoracic surgery,Minor resection,Solitary pulmonary nodule ,Lung wedge resection,Videoscopic,Right lateral decubitus,General,0,0,Normal Sinus Rhythm,Normal,,,,,,,,,,,,,,,,,,,I,Oral,8.0,,,Right forearm,Left forearm,Left radial,,,,120.0,450.0,0,0,750.0,0,0,0.0,0,90,0,5,0,0,0
5616,3947,0,12373,-2207,12013.0,2773,11173,-388980,647820,1,0,64.0,M,175.5,83.9,27.2,2.0,0,Thoracic surgery,Major resection,Lung cancer left,Lung lobectomy,Videoscopic,Right lateral decubitus,General,1,0,Normal Sinus Rhythm,Normal,15.6,211.0,93.0,33.8,142.0,3.8,172.0,4.4,53.0,61.0,17.0,0.98,,,,,,,I,Oral,8.0,,,Left forearm,,Right radial,,Right IJV,,150.0,100.0,0,0,850.0,0,0,0.0,0,90,0,0,0,0,0
1136,1269,0,9451,-1753,8807.0,1007,8507,-142380,203220,0,0,42.0,F,157.3,47.25,19.1,1.0,0,General surgery,Thyroid,Thyroid nodule ,Total thyroidectomy,Open,Supine,General,0,0,Normal Sinus Rhythm,Normal,13.0,266.0,97.0,32.3,139.0,4.4,98.0,4.5,16.0,10.0,15.0,0.78,,,,,,,I,Oral,6.0,,,Left forearm,,,,,,50.0,,0,0,900.0,0,0,0.0,0,50,0,10,0,0,0
5017,2246,0,8928,-1262,8518.0,3118,7318,-218880,558720,0,0,82.0,M,168.3,64.05,22.6,2.0,0,General surgery,Colorectal,Neuroendocrine carcinoma ,Transanal endoscopic microsurgery,Open,,General,1,0,Normal Sinus Rhythm,Mild obstructive,14.7,137.0,99.0,30.1,142.0,4.0,120.0,4.5,25.0,22.0,10.0,1.02,,,,,,,I,Oral,7.5,,,Right forearm,,,,,,,450.0,0,0,200.0,0,0,0.0,0,70,0,15,0,0,0
4042,5998,0,12805,-4385,12955.0,1555,11755,-309840,467760,0,0,59.0,M,174.2,65.85,21.7,2.0,0,General surgery,Others,Hepatocellular carcinoma,Exploratory laparotomy,Open,Supine,General,0,0,Normal Sinus Rhythm,Mild obstructive,15.0,81.0,88.0,33.1,143.0,4.5,86.0,4.2,25.0,42.0,22.0,1.01,7.433,,,132.0,41.5,,I,Oral,7.5,,,Right forearm,,,,,,150.0,100.0,0,0,800.0,0,0,0.0,0,90,0,0,0,0,0
2863,23,0,10944,-2278,10382.0,2882,9482,-219060,644940,2,0,64.0,M,175.1,77.4,25.2,3.0,0,General surgery,Colorectal,"Colon cancer, sigmoid",Anterior resection,Videoscopic,Lithotomy,General,1,1,Normal Sinus Rhythm,Mild restrictive,10.0,372.0,71.0,38.7,140.0,3.4,138.0,4.6,13.0,13.0,15.0,1.25,,,,,,,,Oral,7.5,,,Right forearm,,Right radial,,,,50.0,300.0,0,0,850.0,0,0,0.0,0,90,0,0,0,0,0
3691,6079,0,10355,-1822,13778.0,2978,9578,-137100,208500,1,0,56.0,F,159.3,54.7,21.6,1.0,0,Thoracic surgery,Minor resection,Solitary pulmonary nodule,Lung wedge resection,Videoscopic,Left lateral decubitus,General,0,0,Normal Sinus Rhythm,Normal,13.0,227.0,106.0,32.2,144.0,4.0,97.0,4.3,21.0,13.0,12.0,0.76,,,,,,,I,Oral,,Left-35,,Left forearm,,Left radial,,Right IJV,,,50.0,0,0,400.0,0,0,0.0,0,100,0,5,0,0,0
4497,2212,0,10603,508,11548.0,3148,10002,-223320,554280,0,0,66.0,M,169.1,66.05,23.1,2.0,1,Thoracic surgery,Minor resection,"Abnormal chest CT, lung nodule",Lung wedge resection,Videoscopic,Left lateral decubitus,General,1,0,Normal Sinus Rhythm,Normal,12.4,282.0,100.0,35.0,140.0,4.8,91.0,4.8,24.0,22.0,17.0,1.05,,,,,,,I,Oral,,Left-37,,Right forearm,,Left radial,,Right IJV,,150.0,100.0,0,0,500.0,0,0,0.0,0,105,0,20,0,0,0
1500,1566,0,11024,-931,11669.0,2069,10169,-390300,300900,0,0,66.0,F,147.9,62.15,28.4,2.0,0,Thoracic surgery,Minor resection,Lung cancer right,Lung wedge resection,Videoscopic,Left lateral decubitus,General,1,0,Normal Sinus Rhythm,Normal,12.0,404.0,95.0,27.7,137.0,4.5,107.0,4.3,27.0,18.0,18.0,0.58,,,,,,,I,Oral,,Left-32,,Left forearm,,Left radial,,Right IJV,,50.0,10.0,0,0,900.0,0,0,0.0,0,120,0,10,0,0,0
3560,6037,0,8235,-243,8757.0,2757,7634,-248640,442560,0,0,69.0,F,143.2,50.4,24.6,2.0,1,Thoracic surgery,Minor resection,Interstitial lung disease,Biopsy,Videoscopic,Right lateral decubitus,General,0,0,Normal Sinus Rhythm,Normal,11.8,210.0,94.0,35.4,140.0,3.9,254.0,3.9,25.0,17.0,16.0,0.61,,,,,,,I,Oral,,Left-32,,Left hand,Right hand,Right radial,,,,,,0,0,400.0,0,0,0.0,0,80,0,0,0,0,0
2356,2468,0,25252,-1168,25592.0,2672,24032,-209580,1604820,1,0,70.0,M,158.1,75.5,30.2,2.0,0,General surgery,Hepatic,Hepatocellular carcinoma,Hemihepatectomy,Open,Supine,General,1,0,Normal Sinus Rhythm,Normal,14.1,122.0,94.0,35.6,139.0,4.1,97.0,3.7,62.0,78.0,11.0,0.77,,,,,,,,Oral,7.5,,,Left forearm,,Left radial,,Right IJV,,2550.0,340.0,4,2,7200.0,1000,0,0.0,0,180,0,20,500,0,1800
1011,4638,0,7389,-1030,7310.0,1310,6410,-209280,395520,0,0,62.0,F,165.4,69.95,25.6,2.0,0,General surgery,Colorectal,Rectal cancer ,Low anterior resection,Open,Lithotomy,General,0,0,Normal Sinus Rhythm,Normal,9.2,342.0,110.0,31.0,143.0,4.2,106.0,3.8,18.0,16.0,13.0,0.63,,,,,,,I,Oral,7.0,,,Left forearm,,,,,,100.0,250.0,0,0,500.0,0,0,0.0,0,80,0,5,0,0,0
2353,2042,0,16645,-408,15612.0,1692,15372,-228240,808560,0,0,79.0,M,155.3,49.0,20.3,2.0,0,General surgery,Biliary/Pancreas,Pancreatic cancer,Partial pancreatectomy,Open,Supine,General,1,0,Normal Sinus Rhythm,Normal,8.8,108.0,93.0,29.0,138.0,4.0,238.0,3.5,83.0,47.0,21.0,1.19,7.411,24.0,-0.4,73.3,37.7,95.5,I,Oral,7.5,,,Right forearm,Right ,Right radial,,,,300.0,55.0,0,0,900.0,0,0,0.0,0,80,0,10,0,0,0
5966,5375,0,17501,-67,16733.0,3533,16133,-128460,994740,1,0,67.0,M,160.1,68.6,26.8,2.0,0,Thoracic surgery,Major resection,Lung cancer right,Lung lobectomy,Videoscopic,Left lateral decubitus,General,1,1,Normal Sinus Rhythm,Normal,13.5,251.0,100.0,34.9,140.0,4.3,134.0,4.1,34.0,46.0,13.0,0.81,,,,,,,II,Oral,,Left-37,,Left forearm,,Left radial,,Right IJV,,80.0,185.0,0,0,500.0,0,0,0.0,0,140,0,0,0,0,0
2503,589,0,8764,-209,8731.0,3031,7831,-114240,144960,0,0,42.0,F,161.0,50.3,19.4,2.0,0,Thoracic surgery,Minor resection,Breast cancer right,Metastasectomy,Videoscopic,Left lateral decubitus,General,0,0,Normal Sinus Rhythm,Normal,,,,,,,,,,,,,7.317,24.2,-0.2,150.0,52.1,98.3,I,Oral,,Left-35,,Left forearm,Right etc,Left radial,,,,,530.0,0,0,400.0,0,0,0.0,0,100,0,0,0,0,0
3150,64,0,20438,-554,19846.0,3346,19546,-114540,576660,0,0,53.0,F,158.9,73.7,29.2,2.0,0,General surgery,Transplantation,Liver donor,Liver transplantation,Open,Lithotomy,General,0,0,Normal Sinus Rhythm,Normal,12.2,161.0,99.0,35.6,142.0,4.8,90.0,4.2,17.0,17.0,10.0,0.74,,,,,,,I,Oral,7.0,,,Left forearm,Left etc,Right radial,,,,400.0,385.0,0,0,2800.0,0,0,0.0,0,160,0,0,0,0,0
1707,367,0,20996,-817,20303.0,1703,19103,-219660,989940,1,0,56.0,M,180.0,79.55,24.6,2.0,0,General surgery,Stomach,Early gastric cancer ,Subtotal gastrectomy,Open,,General,1,0,Normal Sinus Rhythm,Normal,11.1,206.0,97.0,32.7,141.0,5.1,82.0,3.9,26.0,21.0,23.0,9.28,,,,,,,I,Oral,7.5,,,Right forearm,,,,,,400.0,50.0,0,0,400.0,0,0,0.0,0,150,0,20,0,0,0
295,5778,0,12473,-271,12029.0,1529,11429,-388740,648060,0,0,81.0,M,162.1,62.4,23.7,4.0,0,General surgery,Others,Undifferentiated pleomorphic sarcoma of pelvis ,Exploratory laparotomy,Open,Lithotomy,General,1,1,Normal Sinus Rhythm,Mild obstructive,13.5,218.0,108.0,32.2,136.0,4.3,299.0,3.6,12.0,10.0,14.0,0.74,,,,,,,I,Oral,7.5,,,Left forearm,,Left radial,,Right IJV,,700.0,200.0,0,0,1600.0,0,0,0.0,0,100,0,5,0,0,0
5511,1433,0,7446,-44,7696.0,1996,6796,-125460,997740,1,0,55.0,M,172.6,73.2,24.6,2.0,1,Thoracic surgery,Others,Metastatic cancer to the lung right,Exploration of wound,Open,Left lateral decubitus,General,0,0,Normal Sinus Rhythm,Normal,8.7,492.0,92.0,29.6,139.0,4.3,128.0,3.7,21.0,33.0,22.0,0.88,,,,,,,I,Oral,8.0,,,Left forearm,Right hand,Left radial,,,,50.0,35.0,0,0,800.0,0,0,0.0,0,100,0,0,0,0,0
1834,4578,0,7635,-339,6861.0,1761,6261,-128700,44100,0,0,61.0,F,149.3,48.7,21.8,2.0,0,General surgery,Thyroid,Parathyroid disease,Parathyroidectomy,Open,Supine,General,1,0,Normal Sinus Rhythm,Normal,13.8,219.0,110.0,34.7,144.0,4.7,96.0,4.7,21.0,17.0,11.0,0.76,,,,,,,I,Oral,,,,Left forearm,,,,,,,,0,0,400.0,0,0,0.0,0,50,0,5,0,0,0
3037,2982,0,23577,-276,23844.0,2844,22644,-207420,656580,1,0,61.0,M,167.7,49.8,17.7,2.0,0,Thoracic surgery,Others,Esophageal cancer,Ivor Lewis operation,Open,Supine,General,1,1,Normal Sinus Rhythm,Normal,12.4,258.0,99.0,30.2,140.0,4.2,170.0,4.1,28.0,10.0,12.0,0.82,,,,,,,I,Oral,7.5,,,Left hand,,Left radial,,Right subclavian,,450.0,160.0,0,0,2900.0,0,0,0.0,0,140,0,10,100,0,0
3091,107,0,7570,-508,7592.0,1952,6452,-220980,124620,0,0,54.0,M,172.0,71.2,24.1,2.0,0,Thoracic surgery,Minor resection,Pneumothorax,Lung wedge resection,Videoscopic,Left lateral decubitus,General,0,0,Normal Sinus Rhythm,Normal,15.1,251.0,114.0,32.5,143.0,4.1,133.0,4.1,15.0,22.0,10.0,0.96,,,,,,,I,Oral,,Left-35,,Right forearm,Left forearm,Left radial,,Right ,,50.0,15.0,0,0,300.0,0,0,0.0,0,90,0,5,0,0,0
3029,4188,0,9135,-592,9308.0,2708,7808,-200640,317760,0,0,68.0,M,166.6,79.75,28.7,2.0,0,General surgery,Colorectal,"Colon cancer, rectosigmoid",Anterior resection,Open,Supine,General,1,1,Normal Sinus Rhythm,Normal,12.2,190.0,100.0,33.2,139.0,4.3,155.0,3.8,16.0,19.0,18.0,1.22,,,,,,,I,Oral,7.5,,,Left forearm,,,,,,,,0,0,300.0,0,0,0.0,0,90,0,5,0,0,0
624,1839,0,11901,-1552,11948.0,2948,11048,-201600,316800,1,0,74.0,M,168.0,54.0,19.1,3.0,0,Thoracic surgery,Major resection,Squamous cell carcinoma of lung,Lung bilobectomy,Videoscopic,Left lateral decubitus,General,1,0,Normal Sinus Rhythm,Normal,10.9,346.0,100.0,34.7,140.0,4.2,230.0,3.6,27.0,12.0,15.0,0.76,,,,,,,I,Oral,,Left-35,,Right forearm,,Left radial,,Right IJV,,200.0,390.0,0,0,600.0,0,0,0.0,0,100,0,0,0,0,0
2642,1021,0,13177,-501,13299.0,1299,12399,-203280,1611120,0,0,50.0,M,173.1,58.65,19.6,2.0,0,General surgery,Biliary/Pancreas,Pancreatic cancer,Distal pancreatectomy,Open,Supine,General,0,0,Normal Sinus Rhythm,Normal,14.0,278.0,104.0,25.9,136.0,4.3,202.0,3.8,15.0,16.0,9.0,0.87,,,,,,,I,Oral,7.5,,,Left forearm,,,,,,250.0,120.0,0,0,1700.0,0,0,0.0,0,75,0,0,0,0,0
3068,2350,0,10280,-409,9791.000001,1811,9191,-218760,299640,0,0,27.0,F,160.7,56.5,21.9,2.0,0,General surgery,Breast,Breast cancer unspecified side,Total mastectomy,Open,Supine,General,0,0,Normal Sinus Rhythm,Normal,9.7,243.0,99.0,24.8,141.0,3.8,79.0,4.0,33.0,31.0,7.0,0.52,,,,,,,I,Oral,7.0,,,Left foot,,,,,,50.0,,0,0,550.0,0,0,0.0,0,50,0,0,0,0,0
1024,3763,0,14656,-831,14649.0,2469,13869,-114480,922320,0,0,54.0,M,171.0,69.75,23.9,2.0,0,General surgery,Stomach,Early gastric cancer,Radical prostatectomy,Open,Supine,General,0,0,Normal Sinus Rhythm,Normal,15.5,58.0,77.0,37.2,142.0,4.1,92.0,4.0,33.0,32.0,11.0,0.9,,,,,,,I,Oral,7.5,,,Right forearm,,,,,,3600.0,950.0,3,0,3800.0,300,0,0.0,0,80,0,20,0,0,1800
5680,227,0,11006,-1228,10172.0,2672,9572,-130800,301200,1,0,69.0,F,149.0,50.6,22.8,2.0,0,Thoracic surgery,Major resection,Lung cancer left,Lung lobectomy,Videoscopic,Right lateral decubitus,General,1,0,Normal Sinus Rhythm,Normal,,,,,,,,,,,,,,,,,,,I,Oral,,Left-32,,Left forearm,,Right radial,,Right IJV,,,85.0,0,0,550.0,0,0,0.0,0,100,0,0,0,0,0
1160,685,0,19109,-641,19159.0,1459,17959,-202800,1611600,0,0,74.0,M,172.0,67.1,22.7,1.0,1,General surgery,Biliary/Pancreas,Pancreatic cancer ,Distal pancreatectomy,Open,Supine,General,0,0,Normal Sinus Rhythm,Mild obstructive,14.1,325.0,96.0,32.2,142.0,4.4,201.0,4.1,17.0,17.0,10.0,0.79,,,,,,,I,Oral,7.5,,,Left forearm,Right etc,Right radial,,,,300.0,65.0,0,0,2370.0,0,0,0.0,0,100,0,20,1550,0,0
4530,3699,0,11909,-792,12348.0,3648,11148,-135240,210360,1,0,54.0,F,157.6,55.6,22.4,2.0,0,Thoracic surgery,Minor resection,"Abnormal chest CT, lung nodule",Lung sgmentectomy,Videoscopic,Right lateral decubitus,General,0,0,Normal Sinus Rhythm,Normal,,,,,,,,,,,,,,,,,,,I,Oral,8.0,,,Right forearm,,Left femoral,,Right IJV,,50.0,180.0,0,0,550.0,0,0,0.0,0,130,0,10,0,0,0
3641,1817,0,7269,-585,6915.0,1215,6315,-200940,317460,0,0,69.0,M,174.1,68.35,22.5,2.0,0,General surgery,Colorectal,"Colon cancer, ascending",Hemicolectomy,Open,Supine,General,1,1,Normal Sinus Rhythm,Mild obstructive,14.1,206.0,101.0,36.9,141.0,3.9,64.0,4.2,20.0,16.0,23.0,0.85,,,,,,,I,Oral,7.5,,,Left forearm,,,,,,50.0,30.0,0,0,600.0,0,0,0.0,0,70,0,0,0,0,0
4898,5514,0,14156,-676,14324.0,2924,12824,-460860,5759940,23,1,62.0,M,161.8,50.0,19.1,4.0,0,General surgery,Colorectal,Colon cancer,Anterior resection,Open,Lithotomy,General,1,1,Normal Sinus Rhythm,Normal,11.0,315.0,86.0,34.7,140.0,4.3,99.0,2.1,9.0,7.0,13.0,0.68,,,,,,,I,Oral,7.5,,,Left forearm,,,,,,550.0,350.0,0,0,1500.0,0,0,0.0,0,80,0,0,0,0,0
3407,388,0,7316,-1740,7920.0,1620,6420,-1003680,5217120,0,1,60.0,F,153.3,50.4,21.4,2.0,1,General surgery,Others,Pancreatic cancer ,Exploratory laparotomy,Open,Supine,General,0,0,Normal Sinus Rhythm,Normal,13.7,201.0,86.0,27.9,139.0,3.9,115.0,3.9,27.0,44.0,10.0,0.5,,,,,,,I,Oral,7.0,,,Left forearm,Left etc,Left radial,,,,,50.0,0,0,570.0,0,0,0.0,0,60,0,0,0,0,0
2044,3354,0,15441,-429,14871.0,3771,14271,-200820,663180,0,0,55.0,F,157.7,56.8,22.8,2.0,0,General surgery,Hepatic,Metastatic cancer to the liver,Hemihepatectomy,Open,Supine,General,0,0,Normal Sinus Rhythm,Normal,13.0,256.0,101.0,29.6,142.0,4.0,85.0,3.8,25.0,24.0,8.0,0.58,,,,,,,I,Oral,7.0,,,Left forearm,,Right radial,,Right IJV,,500.0,80.0,0,0,2500.0,0,0,0.0,0,100,0,10,0,0,300
2231,3041,0,15289,-350,15070.0,3190,14350,-225480,292920,0,0,78.0,M,164.4,53.8,19.9,2.0,0,Thoracic surgery,Minor resection,Fungus ball,Lung wedge resection,Videoscopic,Right lateral decubitus,General,0,0,Normal Sinus Rhythm,Normal,13.1,173.0,115.0,34.9,143.0,4.2,137.0,4.0,20.0,14.0,21.0,1.17,,,,,,,I,Oral,8.0,,,Right forearm,,Left radial,,Right IJV,,200.0,230.0,0,0,1300.0,0,0,0.0,0,100,0,5,0,0,0
6071,6003,0,21591,-762,21018.0,4218,20718,-129540,475260,0,0,56.0,F,160.0,85.8,33.5,1.0,0,Thoracic surgery,Minor resection,Metastatic cancer to the lung unspecified side,Metastasectomy,Open,Right lateral decubitus,General,1,0,Normal Sinus Rhythm,Normal,10.4,308.0,93.0,28.6,142.0,3.8,135.0,3.9,10.0,4.0,15.0,0.9,,,,,,,I,Oral,,Left-35,,Left hand,Left foot,Right radial,,,,150.0,250.0,0,0,1600.0,0,0,0.0,0,140,0,0,0,0,0
4102,607,0,7960,-925,7175.0,875,6875,-126300,132900,0,0,69.0,F,148.9,52.55,23.7,2.0,0,General surgery,Thyroid,Thyroid disease,Thyroid lobectomy,Open,Supine,General,1,0,Normal Sinus Rhythm,Normal,13.9,293.0,114.0,29.8,142.0,4.5,108.0,4.4,30.0,31.0,16.0,0.79,,,,,,,I,Oral,,,,Left forearm,,,,,,,,0,0,900.0,0,0,0.0,0,50,0,10,0,0,0
1925,1828,0,10150,586,10006.0,3106,9106,-113880,1700520,3,0,75.0,M,164.8,70.1,25.8,2.0,0,Thoracic surgery,Major resection,Non-small cell lung cancer right,Lung lobectomy,Videoscopic,Left lateral decubitus,General,1,0,Premature ventricular complexes,Normal,11.8,238.0,94.0,29.3,144.0,3.7,89.0,3.3,30.0,35.0,13.0,0.92,7.393,22.9,-1.7,78.4,37.3,96.2,,Oral,,Left-37,,Left forearm,,Left radial,,Right IJV,,,,0,0,,0,0,0.0,0,80,0,0,0,0,0
4098,2680,0,18713,-595,18305.0,1805,17405,-138840,1243560,0,0,60.0,M,167.1,65.35,23.4,2.0,0,General surgery,Hepatic,Hepatocellular carcinoma,Liver segmentectomy,Open,Supine,General,1,0,Normal Sinus Rhythm,Normal,13.9,161.0,90.0,,141.0,4.3,95.0,3.8,31.0,44.0,11.0,0.83,,,,,,,I,Oral,7.5,,,Right hand,Left etc,Right radial,,,,500.0,255.0,0,0,2500.0,0,0,0.0,0,120,0,0,0,0,300
4032,3536,0,21484,233,21293.0,3833,20333,-200160,577440,1,0,63.0,M,169.9,76.65,26.6,3.0,0,Thoracic surgery,Major resection,Lung cancer left,Sleeve lobectomy,Open,Right lateral decubitus,General,0,0,Normal Sinus Rhythm,Mixed or pure obstructive,15.4,285.0,108.0,32.5,140.0,4.1,108.0,4.4,21.0,25.0,24.0,0.82,,,,,,,I,Oral,,Right-37,,Right forearm,,Right radial,,Right IJV,,150.0,360.0,0,0,1050.0,0,0,0.0,0,110,1,10,0,0,0
962,5764,0,7239,-1896,6744.0,1344,6444,-214920,303480,0,0,60.0,M,167.4,81.4,29.0,2.0,0,General surgery,Colorectal,"Colon cancer, sigmoid",Anterior resection,Open,Lithotomy,General,1,1,Normal Sinus Rhythm,Mild restrictive,13.2,243.0,114.0,33.0,141.0,3.8,113.0,4.2,31.0,35.0,22.0,1.17,,,,,,,I,Oral,7.5,,,Left forearm,,,,,,,,0,0,300.0,0,0,0.0,0,90,0,5,0,0,0
3873,3470,0,13830,-295,13385.0,2285,12785,-136860,295140,0,0,59.0,F,158.3,58.5,23.3,1.0,0,General surgery,Transplantation,Kidney donor,Donor nephrectomy,Videoscopic,Right lateral decubitus,General,0,0,Normal Sinus Rhythm,Normal,13.7,215.0,101.0,34.7,140.0,3.9,80.0,4.5,23.0,20.0,15.0,0.62,,,,,,,I,Oral,7.0,,,Left forearm,,,,,,50.0,10.0,0,0,450.0,30,0,0.0,0,75,0,5,0,0,0
4464,1117,0,11103,-1325,10495.0,3295,9895,-138300,380100,0,0,66.0,F,155.2,51.0,21.2,2.0,0,Thoracic surgery,Major resection,sigmoid colon cancer,Lung lobectomy,Videoscopic,Right lateral decubitus,General,0,0,Normal Sinus Rhythm,Normal,13.5,145.0,92.0,32.2,144.0,4.1,95.0,3.8,33.0,24.0,11.0,0.76,7.305,22.9,-1.8,242.0,50.7,99.9,I,Oral,,Left-32,,Left forearm,,Right radial,,Right IJV,,50.0,140.0,0,0,800.0,0,0,0.0,0,80,0,10,0,0,0
2238,2879,0,20678,-1064,20296.0,3196,19396,-114660,490140,0,0,46.0,F,163.4,69.55,26.0,1.0,0,General surgery,Transplantation,Living liver donor,Donor hepatectomy,Videoscopic,Lithotomy,General,0,0,Normal Sinus Rhythm,Normal,12.3,306.0,119.0,27.8,139.0,3.6,92.0,4.3,16.0,11.0,12.0,0.57,,,,,,,I,Oral,7.0,,,Left forearm,Left etc,Right radial,,,,200.0,145.0,0,0,1900.0,0,0,0.0,0,110,0,0,0,0,0
416,5627,0,7981,-654,8046.0,1746,6846,-418500,186300,0,0,52.0,F,155.2,47.3,19.6,2.0,0,Thoracic surgery,Minor resection,Lung cancer right,Biopsy,Videoscopic,Right lateral decubitus,General,0,0,Normal Sinus Rhythm,Normal,10.7,430.0,88.0,37.7,141.0,4.0,70.0,3.5,35.0,30.0,9.0,0.73,,,,,,,I,Oral,,Left-32,,Right forearm,,Right radial,,,,100.0,,0,0,450.0,0,0,0.0,0,70,0,10,0,0,0
5548,3528,0,8345,-731,7909.0,1309,7309,-124680,998520,1,0,77.0,M,164.2,54.5,20.2,2.0,0,Thoracic surgery,Major resection,Lung cancer left,Lung lobectomy,Videoscopic,Right lateral decubitus,General,1,0,Normal Sinus Rhythm,Normal,11.1,111.0,109.0,28.7,140.0,4.4,112.0,3.7,16.0,12.0,21.0,0.97,,,,,,,I,Oral,,Left-37,,Left forearm,,Right radial,,Right IJV,,,,0,0,600.0,0,0,0.0,0,110,0,15,0,0,0
5983,2142,0,23548,-590,23290.0,3790,22990,-297660,998340,4,0,48.0,F,160.5,51.1,19.8,2.0,0,General surgery,Transplantation,Hepatocellular carcinoma ,Liver transplantation,Open,Supine,General,0,0,Normal Sinus Rhythm,Normal,11.1,96.0,47.0,44.5,136.0,4.7,169.0,2.9,43.0,29.0,12.0,0.58,,,,,,,,Oral,7.0,,,Left forearm,,Right radial,Right femoral,Right IJV,,900.0,330.0,2,0,3650.0,400,0,0.0,0,65,0,35,400,50,1500
5407,1366,0,12362,99,12279.0,3279,11379,-114600,58200,0,0,63.0,F,154.7,56.9,23.8,2.0,0,General surgery,Vascular,Varicose vein of lower limb,Ligation and stripping,Open,Supine,General,1,0,Normal Sinus Rhythm,Normal,13.6,249.0,117.0,36.9,141.0,4.9,88.0,4.5,83.0,49.0,16.0,0.65,,,,,,,I,Oral,7.0,,,Left forearm,,,,,,50.0,80.0,0,0,700.0,0,0,0.0,0,70,0,10,0,0,0
3343,926,0,8219,-1568,8272.0,1072,7672,-230820,373980,0,0,65.0,M,167.7,76.4,27.2,2.0,0,General surgery,Colorectal,Colon cancer,Hemicolectomy,Open,Supine,General,1,1,Normal Sinus Rhythm,Mild obstructive,11.5,220.0,119.0,28.5,139.0,4.4,247.0,4.2,19.0,23.0,33.0,2.05,,,,,,,I,Oral,7.5,,,Left forearm,,,,,,150.0,200.0,0,0,500.0,0,0,0.0,0,100,0,10,0,0,0
4735,4129,0,9071,-1780,8960.0,1760,8060,-224400,726000,0,0,60.0,F,149.6,61.3,27.4,2.0,0,General surgery,Colorectal,Colon cancer,Anterior resection,Videoscopic,Supine,General,0,0,Normal Sinus Rhythm,Normal,12.4,362.0,96.0,34.3,143.0,3.6,80.0,4.3,20.0,19.0,18.0,0.66,,,,,,,I,Oral,7.0,,,Left forearm,,,,,,50.0,100.0,0,0,500.0,0,0,0.0,0,60,0,0,0,0,0
6346,5525,0,17606,-380,17560.0,2560,16660,-225420,984180,0,0,31.0,F,158.5,53.9,21.5,3.0,0,General surgery,Transplantation,End stage renal disease,Kidney transplantation,Open,Supine,General,1,0,Normal Sinus Rhythm,Normal,13.4,186.0,119.0,30.5,138.0,4.1,69.0,4.3,9.0,10.0,64.0,13.62,,,,,,,I,Oral,7.0,,,Left forearm,,Right radial,,Right etc,,400.0,1470.0,0,0,2400.0,35,0,0.0,0,80,0,0,0,0,300
3118,4906,0,16179,-2085,15915.0,2115,14715,-140040,205560,0,0,64.0,F,153.0,59.65,25.5,2.0,0,Thoracic surgery,Major resection,Lung cancer left,Lung lobectomy,Videoscopic,Right lateral decubitus,General,1,0,Normal Sinus Rhythm,Normal,12.5,195.0,88.0,32.5,,,,,,,,,,,,,,,I,Oral,,Left-32,,Left forearm,,Right radial,,Right IJV,,400.0,320.0,0,0,1300.0,0,0,0.0,0,130,0,0,0,0,0
2123,62,0,10441,-80,9820.0,820,9520,-200160,318240,0,0,45.0,F,153.2,44.9,19.1,1.0,0,General surgery,Breast,Breast cancer right,Breast-conserving surgery,Open,Supine,General,0,0,Normal Sinus Rhythm,Normal,10.6,221.0,91.0,31.7,143.0,3.5,102.0,3.7,17.0,19.0,10.0,0.59,,,,,,,I,Oral,7.0,,,Left forearm,,,,,,150.0,,0,0,400.0,0,0,0.0,0,40,0,0,0,0,0
5114,3976,0,14481,-528,14232.0,2232,13632,-219120,472080,0,0,55.0,F,156.6,54.8,22.3,1.0,0,General surgery,Breast,Breast cancer left,Breast-conserving surgery,Open,Supine,General,0,0,Normal Sinus Rhythm,Normal,11.9,191.0,97.0,37.1,142.0,4.4,95.0,4.5,19.0,14.0,14.0,0.66,,,,,,,I,Oral,7.0,,,Right forearm,,,,,,50.0,,0,0,500.0,0,0,0.0,0,70,0,0,0,0,0
205,2776,0,13192,-1276,12524.0,2924,12224,-114660,58140,0,0,52.0,M,182.9,101.3,30.3,2.0,0,General surgery,Vascular,Varicose vein of lower limb ,Ligation and stripping,Open,Supine,General,1,0,Normal Sinus Rhythm,Normal,16.6,260.0,107.0,30.3,138.0,4.1,119.0,4.4,24.0,30.0,12.0,1.02,,,,,,,IIIa,Oral,7.5,,,Left forearm,,,,,,250.0,,0,0,900.0,0,0,0.0,0,200,0,10,0,0,0
1027,4229,0,16428,-2807,16693.0,1993,15793,-313860,550140,0,0,67.0,M,176.7,97.0,31.1,2.0,0,General surgery,Biliary/Pancreas,Gallbladder cancer,Extended cholecystectomy,Open,Supine,General,1,0,Normal Sinus Rhythm,Moderate obstructive,15.5,216.0,110.0,29.3,142.0,3.8,110.0,4.2,22.0,25.0,14.0,0.85,,,,,,,I,Oral,7.5,,,Right forearm,Left etc,Right radial,,,,50.0,195.0,0,0,2450.0,0,0,0.0,0,100,0,10,0,0,0
2380,4399,0,13445,-659,13381.0,1981,12781,-221160,383640,1,0,47.0,F,159.5,60.0,23.6,2.0,0,Thoracic surgery,Major resection,fungus ball ,Lung lobectomy,Videoscopic,Right lateral decubitus,General,0,1,Normal Sinus Rhythm,Normal,9.9,144.0,110.0,28.3,139.0,4.2,250.0,4.0,15.0,10.0,66.0,7.8,,,,,,,I,Oral,,Left-32,,Right forearm,,Right radial,,Right IJV,,200.0,40.0,0,0,500.0,0,0,0.0,0,120,0,0,0,0,0
1730,4293,0,25614,-208,25592.0,3092,24992,-209580,1432020,4,0,73.0,F,154.5,58.9,24.7,3.0,0,General surgery,Transplantation,Liver cirrhosis Unspecified,Liver transplantation,Open,Supine,General,1,0,Normal Sinus Rhythm,Normal,10.4,78.0,52.0,35.7,134.0,4.5,101.0,2.9,27.0,22.0,11.0,1.05,,,,,,,I,Oral,7.5,,,Right forearm,,Left radial,Right femoral,Right IJV,Right IJV,1300.0,185.0,3,1,3000.0,500,0,0.0,0,50,0,30,100,10,1800
1213,6025,0,10382,-610,10190.0,1790,9290,-232200,286200,0,0,34.0,M,188.6,87.65,24.6,1.0,0,General surgery,Others,Pelvic mass,Exploratory laparotomy,Open,Supine,General,0,0,Normal Sinus Rhythm,Normal,15.9,198.0,106.0,32.4,141.0,4.5,134.0,4.3,17.0,32.0,16.0,1.18,,,,,,,I,Oral,7.5,,,Left forearm,Left etc,Right radial,,,,1000.0,100.0,0,0,2300.0,0,0,0.0,0,180,0,0,0,0,600
4651,3657,0,19101,-185,18715.0,3115,17815,-114180,317820,0,0,40.0,M,174.1,81.8,27.0,,0,General surgery,Transplantation,"Kidney donor, live related",Donor nephrectomy,Videoscopic,Right lateral decubitus,General,0,0,Normal Sinus Rhythm,Normal,,,,,,,,,,,,,,,,,,,I,Oral,7.5,,,Left forearm,,,,,,700.0,510.0,0,0,1200.0,40,0,0.0,0,120,0,0,0,0,0
1210,1002,0,11836,-2465,11575.0,1675,10675,-399420,378180,0,0,73.0,M,161.1,51.5,19.8,2.0,1,General surgery,Colorectal,Liver cirrhosis with hepatitis B Unspecified,Segmental resection of colon,Videoscopic,Lithotomy,General,0,0,Normal Sinus Rhythm,Normal,13.4,171.0,90.0,30.5,141.0,3.8,145.0,3.6,26.0,22.0,13.0,1.01,,,,,,,I,Oral,7.5,,,Right forearm,,,,,,50.0,50.0,0,0,800.0,0,0,0.0,0,90,0,0,0,0,0
5675,1991,0,11121,-428,10972.0,2272,10072,-114120,231480,0,0,45.0,F,159.8,58.7,23.0,1.0,0,General surgery,Thyroid,Thyroid nodule ,Thyroid lobectomy,Robotic,Supine,General,0,0,Normal Sinus Rhythm,Normal,14.1,188.0,100.0,36.6,141.0,4.0,93.0,4.2,17.0,15.0,14.0,0.7,,,,,,,II,Oral,6.0,,,Left forearm,Left foot,Left radial,,,,150.0,,0,0,700.0,0,0,0.0,0,50,0,0,0,0,0
4133,2361,0,14002,-520,13760.0,2060,12860,-114000,231600,0,0,42.0,F,152.0,47.65,20.6,1.0,0,General surgery,Thyroid,Papillary thyroid carcinoma,Total thyroidectomy,Robotic,Supine,General,0,0,Normal Sinus Rhythm,Normal,12.6,216.0,103.0,34.0,140.0,4.0,72.0,4.0,22.0,17.0,8.0,0.68,,,,,,,I,Oral,6.0,,,Left forearm,Right foot,Left radial,,,,,,0,0,850.0,0,0,0.0,0,50,0,0,0,0,0
13,531,0,10811,-703,10697.0,2417,8597,-114660,230940,0,0,67.0,F,153.0,64.9,27.7,2.0,0,Thoracic surgery,Minor resection,"Abnormal chest CT, lung nodule",Metastasectomy,Videoscopic,Left lateral decubitus,General,0,0,Normal Sinus Rhythm,Normal,12.8,221.0,108.0,32.3,142.0,4.4,98.0,4.2,23.0,29.0,16.0,0.72,,,,,,,I,Oral,,Left-32,,Right forearm,Left hand,Right radial,,,,20.0,70.0,0,0,700.0,0,0,0.0,0,95,0,0,0,0,0
2763,3346,0,7598,108,7908.0,2208,6997,-156480,275520,0,0,23.0,M,166.0,58.8,21.3,2.0,1,Thoracic surgery,Minor resection,Pneumothorax ,Bullectomy,Videoscopic,Left lateral decubitus,General,0,0,Normal Sinus Rhythm,Normal,15.3,223.0,90.0,30.9,138.0,3.7,115.0,4.3,19.0,15.0,11.0,1.02,,,,,,,I,Oral,,Left-35,,Right forearm,Right forearm,Right radial,,,,20.0,30.0,0,0,450.0,0,0,0.0,0,90,0,0,0,0,0
4541,4686,0,9816,-4259,10021.0,3121,8821,-148920,110280,0,0,45.0,F,157.8,60.0,24.1,1.0,1,Thoracic surgery,Minor resection,"Abnormal chest CT, lung",Lung sgmentectomy,Videoscopic,Right lateral decubitus,General,0,0,Normal Sinus Rhythm,Normal,12.2,223.0,99.0,31.9,139.0,4.6,100.0,4.3,30.0,25.0,8.0,0.92,7.383,22.5,-2.3,77.8,37.6,95.0,I,Oral,,Left-32,,Right forearm,,Right radial,,Right IJV,,20.0,30.0,0,0,800.0,0,0,0.0,0,90,0,0,0,0,0
4701,2572,0,8369,-512,7888.0,2788,7588,-200580,231420,0,0,56.0,M,167.4,66.0,23.6,2.0,0,General surgery,Colorectal,"Colon cancer, ascending",Hemicolectomy,Open,Supine,General,1,0,Normal Sinus Rhythm,Normal,13.7,207.0,111.0,27.8,140.0,4.2,92.0,4.1,17.0,18.0,14.0,1.07,,,,,,,I,Oral,7.5,,,Left forearm,,,,,,50.0,100.0,0,0,250.0,0,0,0.0,0,70,0,20,0,0,0
2931,4483,0,10891,-834,11286.0,1926,9846,-51660,553140,1,0,54.0,F,155.7,47.3,19.5,3.0,1,General surgery,Others,"Small intestine perforation, nontraumatic",Exploratory laparotomy,Open,Supine,General,0,0,Normal Sinus Rhythm,Normal,13.2,148.0,88.0,34.5,139.0,3.7,134.0,4.2,28.0,23.0,14.0,0.71,7.422,29.0,5.1,97.3,46.6,98.1,I,Oral,7.0,,,Right forearm,Left forearm,Left radial,,,,100.0,60.0,0,0,2500.0,0,0,0.0,0,80,0,0,0,0,0
4383,2676,0,18145,-3738,17082.0,2682,15582,-219900,1248900,0,0,52.0,M,169.7,44.5,15.5,2.0,0,General surgery,Colorectal,"Colon cancer, rectosigmoid",Hartmann procedure,Open,,General,0,0,Normal Sinus Rhythm,Normal,9.1,514.0,96.0,34.1,134.0,4.7,107.0,2.7,16.0,7.0,7.0,0.67,,,,,,,,Oral,7.5,,,Right forearm,Right etc,Right radial,,,,700.0,350.0,1,0,2300.0,500,0,0.0,0,90,0,20,50,0,600
2311,3466,0,18203,359,18359.0,4859,17159,-113040,664560,1,0,72.0,F,154.4,57.3,24.0,2.0,0,Thoracic surgery,Major resection,Lung cancer left,Pneumonectomy,Open,Supine,General,0,1,Normal Sinus Rhythm,Normal,11.6,383.0,116.0,29.7,137.0,5.0,141.0,4.2,12.0,13.0,18.0,0.76,,,,,,,II,Oral,7.0,Right-35,,Right forearm,,Right radial,,Right IJV,,100.0,215.0,0,0,500.0,0,0,0.0,0,110,0,0,0,0,0
4122,4491,0,11077,-2118,11262.0,3162,10062,-126120,219480,0,0,48.0,M,166.3,64.4,23.3,2.0,0,Thoracic surgery,Minor resection,"Abnormal chest CT, lung nodule",Lung sgmentectomy,Videoscopic,Left lateral decubitus,General,0,0,Normal Sinus Rhythm,Normal,15.4,294.0,,,142.0,4.6,105.0,4.4,19.0,19.0,15.0,0.93,,,,,,,I,Oral,,Left-37,,Left forearm,,Right dorsalis pedis,,Right IJV,,,640.0,0,0,900.0,0,0,0.0,0,100,0,0,0,0,0
4462,6052,0,7444,-570,7770.0,1470,6842,-121800,51000,0,0,63.0,F,162.2,60.6,23.0,2.0,0,General surgery,Thyroid,Hyperparathyroidism,Parathyroidectomy,Open,Supine,General,0,0,Normal Sinus Rhythm,Normal,13.5,174.0,138.0,27.5,140.0,4.2,105.0,4.6,37.0,34.0,12.0,0.71,,,,,,,I,Oral,6.0,,,Left forearm,,Right radial,,,,,,0,0,900.0,0,0,0.0,0,50,0,35,180,0,0
4998,4375,0,7205,-607,6593.0,4193,5693,-200400,145200,0,0,55.0,M,168.0,79.45,28.1,2.0,0,Thoracic surgery,Others,Lung cancer right,Pleuroscopy,Videoscopic,,General,0,0,Normal Sinus Rhythm,Normal,16.2,231.0,106.0,27.6,143.0,4.1,124.0,4.4,24.0,28.0,11.0,0.72,,,,,,,I,Oral,8.0,Left-35,,Left forearm,,Left radial,,Right IJV,,,,0,0,,0,0,0.0,0,80,0,0,80,0,0
4258,1878,0,20997,-350,21250.0,2950,20350,-555900,1604100,4,0,48.0,M,177.0,61.7,19.7,3.0,0,General surgery,Transplantation,Liver cirrhosis with hepatitis B Child-Pugh C,Liver transplantation,Open,Supine,General,0,0,Normal Sinus Rhythm,Normal,9.8,39.0,62.0,32.6,139.0,3.3,108.0,3.6,24.0,15.0,14.0,0.6,,,,,,,I,Oral,7.5,,,Left forearm,,Right radial,Right femoral,Left IJV,,1400.0,170.0,2,0,2300.0,500,0,0.0,0,50,0,30,0,10,1200
3175,802,0,12839,-1171,11789.0,2189,9809,-201060,490140,1,0,68.0,M,162.3,60.7,23.0,1.0,0,Thoracic surgery,Major resection,Lung cancer right,Lung lobectomy,Videoscopic,Left lateral decubitus,General,0,0,Normal Sinus Rhythm,Normal,13.4,211.0,106.0,33.1,141.0,4.4,83.0,4.4,36.0,24.0,16.0,0.8,,,,,,,II,Oral,,Left-35,,Left forearm,,Left radial,,Right IJV,,200.0,140.0,0,0,850.0,0,0,0.0,0,130,0,10,0,0,600
6326,628,0,9294,-4,9656.0,2156,8456,-113940,58860,0,0,49.0,F,156.0,63.5,26.1,1.0,0,General surgery,Vascular,Varicose vein of lower limb,Ligation and stripping,Open,Supine,General,0,0,Normal Sinus Rhythm,Normal,10.6,248.0,97.0,31.9,141.0,4.7,95.0,4.1,16.0,12.0,15.0,0.78,,,,,,,I,Oral,7.0,,,Left forearm,,,,,,,,0,0,500.0,0,120,0.0,100,60,0,15,0,0,0
5439,4963,0,15732,-918,15282.0,3882,14382,-287100,1181700,0,0,65.0,M,155.1,53.45,22.2,2.0,0,General surgery,Hepatic,Hepatocellular carcinoma ,Extended hemihepatectomy,Open,Supine,General,1,0,Normal Sinus Rhythm,Mild obstructive,16.3,191.0,92.0,34.1,141.0,4.3,115.0,4.3,36.0,50.0,17.0,0.85,,,,,,,I,Oral,7.5,,,Left forearm,,Left radial,,Right IJV,,300.0,80.0,0,0,1600.0,0,0,0.0,0,90,0,10,0,0,0
5301,2050,0,15233,-95,14785.0,4285,13585,-114180,404220,1,0,63.0,F,160.9,95.1,36.7,1.0,0,Thoracic surgery,Major resection,Lung cancer left,Lung lobectomy,Videoscopic,Right lateral decubitus,General,0,0,Normal Sinus Rhythm,Normal,13.8,94.0,97.0,36.5,143.0,4.1,115.0,4.2,75.0,41.0,19.0,0.69,,,,,,,I,Oral,8.0,,,Right forearm,,Left radial,,Right IJV,,150.0,340.0,0,0,900.0,0,0,0.0,0,140,0,0,0,0,0
2530,538,0,15247,-30,14790.0,1590,14490,-296580,913020,0,0,62.0,M,167.0,58.3,20.9,1.0,0,General surgery,Stomach,Advanced gastric cancer,Remnant total gastrectomy,Open,Supine,General,0,0,Normal Sinus Rhythm,Normal,11.6,312.0,100.0,27.4,,,83.0,3.9,24.0,18.0,13.0,0.72,,,,,,,I,Oral,7.5,,,Left forearm,,,,,,520.0,200.0,0,0,1250.0,0,0,0.0,0,160,0,10,0,0,0
4312,1029,0,8370,-1192,7567.999999,1268,7770,-4207380,1927020,0,0,44.0,F,165.0,52.0,19.1,2.0,0,General surgery,Colorectal,Unclassified epithelial ovarian cancer unspecified side,Ileostomy,Open,Lithotomy,General,0,0,Premature supraventricular complexes,Mild restrictive,8.9,226.0,74.0,32.3,138.0,3.7,144.0,3.4,20.0,8.0,14.0,0.59,,,,,,,I,Oral,7.0,,,,,,,,,600.0,,0,0,800.0,500,0,0.0,0,70,0,0,200,0,0
2797,5893,0,22301,-600,21900.0,4200,21300,-304500,645900,0,0,79.0,F,146.3,45.4,21.2,2.0,0,General surgery,Biliary/Pancreas,Hepatocellular carcinoma,Hepaticojejunostomy,Open,Supine,General,0,0,Normal Sinus Rhythm,Normal,10.9,194.0,99.0,26.0,138.0,3.8,122.0,3.6,37.0,24.0,20.0,0.57,,,,,,,I,Oral,7.0,,,Right forearm,,,,,,500.0,250.0,0,0,3750.0,0,0,0.0,0,100,0,35,0,0,1200
2078,1857,0,15185,-778,15122.0,2522,13922,-979620,1439580,1,0,64.0,M,157.0,41.65,16.9,2.0,0,General surgery,Colorectal,Hematochezia,Anterior resection,Open,Supine,General,1,1,Normal Sinus Rhythm,Normal,9.6,451.0,112.0,28.6,139.0,4.5,288.0,3.5,14.0,9.0,9.0,0.72,,,,,,,I,Oral,7.5,,,Left forearm,,,,,,200.0,620.0,0,0,1000.0,0,0,0.0,0,80,0,25,0,0,0
3759,5745,0,15277,-1437,15123.0,1923,14223,-305220,731580,0,0,51.0,M,175.8,49.2,15.9,1.0,0,General surgery,Stomach,Advanced gastric cancer,Total gastrectomy,Open,Supine,General,0,0,Normal Sinus Rhythm,Normal,12.7,360.0,100.0,35.4,,,101.0,4.3,15.0,9.0,14.0,1.05,,,,,,,I,Oral,7.5,,,Left forearm,,,,,,110.0,110.0,0,0,1050.0,0,0,0.0,0,160,0,5,0,0,0
4227,4821,0,9820,-1068,9252.0,2652,8952,-217500,214500,1,0,45.0,F,161.4,57.2,22.0,2.0,0,Thoracic surgery,Minor resection,"Abnormal chest CT, lung nodule",Lung wedge resection,Videoscopic,Right lateral decubitus,General,0,0,Normal Sinus Rhythm,Normal,12.6,274.0,107.0,32.3,142.0,3.7,103.0,4.6,18.0,13.0,15.0,0.7,,,,,,,II,Oral,,Left-35,,Right forearm,,Right radial,,Right IJV,,,,0,0,700.0,0,0,0.0,0,110,0,5,100,0,0
6163,5711,0,11775,-2241,11379.0,2079,10779,-386400,564000,0,0,77.0,M,171.0,68.2,23.3,2.0,0,General surgery,Hepatic,Hepatocellular carcinoma,Hemihepatectomy,Open,Supine,General,1,0,Normal Sinus Rhythm,Normal,12.7,118.0,112.0,29.0,140.0,4.0,102.0,3.8,29.0,23.0,14.0,0.81,,,,,,,I,Oral,7.5,,,Left forearm,,Right radial,,Left IJV,,850.0,5.0,0,0,2200.0,0,0,0.0,0,80,0,40,40,0,300
3988,907,0,14638,-587,14953.0,3553,13753,-484200,725400,1,0,58.0,M,167.0,63.4,22.7,3.0,0,Thoracic surgery,Major resection,Bronchoesophageal fistula ,Lung lobectomy,Open,Left lateral decubitus,General,0,0,Normal Sinus Rhythm,Mild obstructive,13.3,181.0,110.0,77.1,141.0,3.9,86.0,4.3,28.0,32.0,17.0,0.84,,,,,,,IIIb,Oral,,Left-37,,Left forearm,,Right radial,,Right IJV,,200.0,50.0,0,0,1400.0,0,0,0.0,0,110,0,5,0,0,0
5314,5989,0,17991,-745,18455.0,2555,17735,-114420,317580,0,0,34.0,F,165.1,49.2,18.0,2.0,0,General surgery,Thyroid,Papillary thyroid carcinoma,Total thyroidectomy,Robotic,Supine,General,0,0,Normal Sinus Rhythm,Normal,13.5,231.0,114.0,30.6,140.0,4.6,95.0,4.6,31.0,32.0,15.0,0.68,,,,,,,I,Oral,7.0,,,Left forearm,Left leg,Left radial,,,,50.0,20.0,0,0,1900.0,0,0,0.0,0,50,0,0,0,0,0
3352,6057,0,12664,-2513,12487.0,1687,10687,-115860,143340,0,0,81.0,M,164.1,71.65,26.6,2.0,0,Thoracic surgery,Minor resection,Abnormal finding on lung imaging ,Lung sgmentectomy,Videoscopic,Right lateral decubitus,General,1,0,Normal Sinus Rhythm,Mild obstructive,14.7,177.0,99.0,30.8,136.0,4.7,90.0,4.1,33.0,33.0,12.0,1.13,6.5,,,,,,I,Oral,,Left-35,,Left forearm,,Right radial,,Right IJV,,50.0,350.0,0,0,1300.0,0,0,0.0,0,140,0,35,80,0,0
3501,3261,0,7786,-1712,7408.0,2308,6808,-143160,202440,0,0,50.0,F,160.2,52.9,20.6,1.0,0,Thoracic surgery,Major resection,Adenocarcinoma of lung right,Lung lobectomy,Videoscopic,Left lateral decubitus,General,0,0,Normal Sinus Rhythm,Normal,13.1,261.0,111.0,31.0,139.0,4.0,95.0,3.8,14.0,9.0,16.0,0.7,,,,,,,I,Oral,8.0,,,Left forearm,,Left radial,,Right IJV,,100.0,50.0,0,0,100.0,0,0,0.0,0,100,0,10,0,0,0
6225,6054,0,12046,-1984,11876.0,2876,10976,-214920,476280,0,0,41.0,F,156.7,53.2,21.7,1.0,0,General surgery,Colorectal,"Colon cancer, sigmoid",Anterior resection,Videoscopic,Lithotomy,General,0,0,Normal Sinus Rhythm,Normal,13.3,369.0,116.0,33.9,147.0,3.6,126.0,4.6,11.0,9.0,9.0,0.71,,,,,,,I,Oral,7.0,,,Right forearm,,,,,,,200.0,0,0,400.0,0,0,0.0,0,100,0,10,0,0,0
2573,1879,0,8306,-529,7751.0,1151,7451,-114600,231000,0,0,47.0,F,155.1,62.5,26.0,2.0,0,General surgery,Thyroid,Thyroid nodule,Total thyroidectomy,Open,Supine,General,1,0,Normal Sinus Rhythm,Normal,13.5,299.0,88.0,38.6,141.0,4.2,101.0,4.7,22.0,20.0,15.0,0.68,,,,,,,I,Oral,7.0,,,Right forearm,,,,,,,,0,0,500.0,0,0,0.0,0,50,0,15,0,0,0
5180,5996,0,17747,-1070,17590.0,3190,15790,-301560,476040,1,0,73.0,M,160.6,57.8,22.4,3.0,0,Thoracic surgery,Major resection,Lung cancer right,Lung bilobectomy,Videoscopic,Left lateral decubitus,General,1,1,Normal Sinus Rhythm,Moderate restrictive,12.8,378.0,88.0,43.2,142.0,4.2,76.0,3.6,15.0,15.0,15.0,0.77,7.418,26.1,2.0,97.4,41.4,95.6,I,Oral,8.0,,,Left forearm,,Left radial,,Right IJV,,300.0,160.0,0,0,1250.0,0,0,0.0,0,130,0,0,0,0,0
3373,5600,0,29449,-995,29305.0,2005,28405,-207360,1002240,1,0,76.0,F,153.5,76.9,32.6,2.0,0,General surgery,Biliary/Pancreas,"Intraductal papillary mucinous neoplasm of pancreas, invasive",Pylorus preserving pancreaticoduodenectomy,Open,Supine,General,1,1,Normal Sinus Rhythm,Normal,11.0,269.0,100.0,30.7,141.0,3.9,100.0,3.7,38.0,60.0,14.0,0.79,,,,,,,I,Oral,7.0,,,Left forearm,,Right radial,,Right IJV,,900.0,165.0,0,0,3850.0,0,0,0.0,0,110,0,20,0,0,540
3990,3852,0,7858,-64,7376.0,1736,6236,-120360,570840,0,0,75.0,F,153.3,53.8,22.9,2.0,0,Thoracic surgery,Minor resection,Fungus ball,Lung wedge resection,Videoscopic,Right lateral decubitus,General,0,0,Normal Sinus Rhythm,Normal,13.6,203.0,97.0,35.2,144.0,4.8,92.0,4.0,17.0,12.0,10.0,0.68,,,,,,,I,Oral,,Left-32,,Left forearm,Right forearm,Right radial,,,,,20.0,0,0,400.0,0,0,0.0,0,60,0,0,0,0,0
17,4343,0,20370,-180,20340.0,3540,19140,-380160,1002240,1,0,85.0,M,164.2,53.0,19.7,2.0,0,General surgery,Vascular,"Aneurysm, abdominal aorta",Aneurysmal repair,Open,Supine,General,0,0,Normal Sinus Rhythm,Mild obstructive,13.3,286.0,104.0,31.1,141.0,4.3,97.0,4.1,15.0,9.0,19.0,1.05,,,,,,,I,Oral,7.5,,,Left forearm,,Right radial,,Right IJV,,500.0,120.0,0,0,1900.0,20,0,0.0,0,80,0,25,550,0,0
2350,5604,0,29298,-655,29405.0,2225,28325,-218520,731880,0,0,70.0,M,164.1,66.5,24.7,2.0,0,General surgery,Stomach,Unspecified gastric cancer,Distal gastrectomy,Videoscopic,Supine,General,1,0,Normal Sinus Rhythm,Normal,13.7,213.0,104.0,36.4,141.0,4.2,125.0,4.1,19.0,14.0,27.0,1.03,,,,,,,I,Oral,7.5,,,Left forearm,,,,,,350.0,400.0,0,0,2300.0,0,0,0.0,0,150,0,0,0,0,0
2653,3480,0,18453,-171,18189.0,4389,17289,-287460,490140,7,0,75.0,F,154.6,65.5,27.4,2.0,0,General surgery,Others,"Colon cancer, sigmoid",Exploratory laparotomy,Open,Lithotomy,General,0,0,Normal Sinus Rhythm,Normal,13.1,245.0,103.0,30.3,140.0,3.6,99.0,4.0,25.0,14.0,11.0,0.72,,,,,,,I,Oral,7.0,,,Right forearm,Left hand,Left radial,,,,2396.0,300.0,4,0,3200.0,1000,0,0.0,0,110,0,25,1780,0,1200
4145,118,0,9873,-10,9770.0,1970,8870,-125220,133980,0,0,46.0,F,164.8,86.5,31.8,2.0,0,General surgery,Thyroid,Thyroid nodule,Thyroid lobectomy,Open,Supine,General,0,0,Normal Sinus Rhythm,Normal,13.5,202.0,95.0,32.0,137.0,4.1,164.0,4.2,27.0,36.0,9.0,0.78,,,,,,,I,Oral,7.0,,,Right forearm,,,,,,,,0,0,600.0,0,0,0.0,0,90,0,0,0,0,0
579,658,0,7201,-637,6563.0,1463,6263,-1169400,299400,0,0,71.0,M,170.0,67.0,23.2,2.0,0,Thoracic surgery,Minor resection,Non-small cell lung cancer right,Biopsy,Videoscopic,Left lateral decubitus,General,0,1,Normal Sinus Rhythm,Normal,14.4,172.0,89.0,31.3,143.0,4.4,98.0,3.5,19.0,25.0,21.0,1.16,,,,,,,I,Oral,,Left-37,,Right hand,Left hand,Right radial,,,,100.0,150.0,0,0,500.0,0,0,0.0,0,110,0,0,0,0,300
6009,1694,0,30633,-2041,30419.0,5219,29819,-205080,1263720,4,0,73.0,M,175.5,78.9,25.6,2.0,0,General surgery,Transplantation,Hepatocellular carcinoma ,Liver transplantation,Open,Supine,General,0,1,Normal Sinus Rhythm,Moderate obstructive,13.8,114.0,96.0,29.3,141.0,4.1,123.0,4.2,60.0,88.0,18.0,0.9,,,,,,,II,Oral,7.5,,,Right forearm,,Right radial,Right femoral,Right IJV,,700.0,480.0,0,0,4300.0,300,0,0.0,0,70,0,65,930,30,900
5178,1819,0,13744,-329,12871.0,3571,12871,-114300,58500,0,0,69.0,F,163.4,84.6,31.7,3.0,0,General surgery,Vascular,Varicose vein of lower limb ,Ligation and stripping,Open,Supine,General,1,0,Normal Sinus Rhythm,Normal,13.1,184.0,120.0,30.5,140.0,4.3,105.0,4.4,24.0,25.0,18.0,0.97,7.679,18.9,0.3,209.9,16.5,99.9,I,Oral,7.0,,,Left etc,,Right radial,,Left EJV,,,,0,0,,0,0,0.0,0,80,0,15,20,0,0
2617,1644,0,15391,-787,15413.0,4013,14513,-202080,575520,0,0,73.0,M,162.6,58.7,22.2,2.0,0,General surgery,Colorectal,Anal bleeding,Anterior resection,Videoscopic,Supine,General,1,1,Normal Sinus Rhythm,Mild obstructive,11.4,203.0,86.0,27.9,141.0,3.6,138.0,3.4,14.0,15.0,15.0,0.8,,,,,,,II,Oral,7.5,,,Left forearm,,,,,,150.0,70.0,0,0,1200.0,0,0,0.0,0,70,0,20,0,0,0
2189,1829,0,8085,-269,7471.0,571,6571,-489900,201300,0,0,71.0,M,174.0,67.9,22.4,2.0,0,General surgery,Others,Neck mass,Excision,Open,Supine,General,1,0,Normal Sinus Rhythm,Mild obstructive,15.5,289.0,101.0,32.6,138.0,4.6,98.0,4.9,25.0,29.0,10.0,0.93,,,,,,,II,Oral,7.5,,,Left forearm,,,,,,,,0,0,600.0,0,0,0.0,0,50,0,25,0,0,0
809,5638,0,13394,-191,13129.0,3409,12793,-201060,576540,0,0,66.0,M,167.5,58.6,20.9,1.0,0,General surgery,Colorectal,"Colon cancer, ascending",Hemicolectomy,Videoscopic,Lithotomy,General,0,0,Normal Sinus Rhythm,Mild obstructive,15.6,165.0,106.0,38.5,145.0,3.9,98.0,4.2,18.0,17.0,13.0,0.87,,,,,,,I,Oral,7.5,,,Left forearm,,,,,,200.0,220.0,0,0,800.0,0,0,0.0,0,90,0,0,0,0,0
4143,2446,0,30246,138,30738.0,3438,29238,-217620,1423980,1,0,60.0,M,170.5,63.4,21.8,3.0,0,Thoracic surgery,Others,Esophageal cancer,Ivor Lewis operation,Robotic,Supine,General,0,1,Normal Sinus Rhythm,Mild obstructive,14.0,176.0,115.0,27.7,136.0,4.0,334.0,4.2,17.0,16.0,13.0,0.85,,,,,,,I,Oral,,Left-37,,Right hand,,Left radial,,Right IJV,,350.0,165.0,0,0,2600.0,0,0,0.0,0,50,0,20,90,0,0
1606,4340,0,7838,-1292,6808.0,1708,6508,-130560,647040,0,0,64.0,F,152.9,70.75,30.3,2.0,0,General surgery,Colorectal,Incisional hernia,Incisional hernia repair,Open,Supine,General,1,0,Normal Sinus Rhythm,Normal,12.6,250.0,116.0,31.3,141.0,4.9,131.0,3.9,15.0,13.0,15.0,0.97,7.397,28.8,4.0,42.3,47.9,78.3,I,Oral,7.0,,,Left forearm,,,,,,150.0,100.0,0,0,300.0,0,0,0.0,0,90,0,10,0,0,0
5913,1327,0,11099,-317,11383.0,1363,10183,-211200,393600,0,0,64.0,M,167.8,75.0,26.6,2.0,0,General surgery,Colorectal,Rectal cancer,Ultralow anterior resection,Open,Lithotomy,General,0,1,Normal Sinus Rhythm,Normal,13.5,302.0,103.0,34.8,139.0,4.2,135.0,4.0,14.0,19.0,10.0,0.78,,,,,,,,Oral,7.5,,,Left forearm,,,,,,600.0,100.0,0,0,800.0,500,0,0.0,0,120,0,0,0,0,0
4087,1684,0,11058,-668,11032.0,1432,10132,-231660,891540,0,0,63.0,F,146.9,56.0,26.0,2.0,0,General surgery,Colorectal,"Colon cancer, sigmoid",Anterior resection,Videoscopic,Lithotomy,General,0,0,Normal Sinus Rhythm,Normal,12.8,229.0,97.0,34.6,138.0,3.9,82.0,4.0,21.0,12.0,20.0,0.5,,,,,,,I,Oral,7.0,,,Left forearm,,,,,,350.0,110.0,0,0,500.0,0,0,0.0,0,70,0,10,0,0,0
452,4949,0,12558,-997,12863.0,1163,11663,-287700,662700,1,0,80.0,F,157.4,49.6,20.0,2.0,0,General surgery,Biliary/Pancreas,Pancreatic cancer,Distal pancreatectomy,Open,,General,1,0,Normal Sinus Rhythm,Mild obstructive,10.6,376.0,112.0,33.9,126.0,4.5,105.0,3.9,18.0,16.0,13.0,0.81,,,,,,,I,Oral,7.0,,,Left forearm,Right etc,Right radial,,,,550.0,50.0,0,0,1700.0,0,0,0.0,0,80,0,5,330,0,0
2161,462,0,22916,-1112,22888.0,3088,22288,-200880,1008720,1,0,64.0,M,165.3,68.05,24.9,2.0,0,General surgery,Biliary/Pancreas,"Neuroendocrine tumor of pancreas, G1",Pylorus preserving pancreaticoduodenectomy,Open,Supine,General,1,0,Normal Sinus Rhythm,Normal,13.7,179.0,82.0,32.6,139.0,3.8,94.0,3.6,26.0,32.0,17.0,0.69,,,,,,,,Oral,7.5,,,Left forearm,,Left radial,,Right IJV,,300.0,530.0,0,0,3400.0,0,0,0.0,0,110,0,20,40,0,0
5912,3444,0,12886,-247,12293.0,3053,10553,-200940,835860,1,0,72.0,M,157.5,66.8,26.9,2.0,0,Thoracic surgery,Major resection,Lung cancer left,Lung lobectomy,Videoscopic,Right lateral decubitus,General,1,0,Normal Sinus Rhythm,Normal,14.2,156.0,114.0,35.4,142.0,4.2,90.0,4.3,16.0,12.0,14.0,0.8,,,,,,,I,Oral,8.0,,,Left forearm,,Right radial,,Right IJV,,150.0,150.0,0,0,1000.0,0,0,0.0,0,100,0,0,0,0,0
3507,5082,0,11904,282,11382.0,2682,10482,-199800,923400,0,0,45.0,F,157.8,54.8,22.0,1.0,0,General surgery,Breast,Infiltrating ductal carcinoma of breast left,Breast-conserving surgery,Open,Supine,General,0,0,Normal Sinus Rhythm,Normal,10.9,285.0,103.0,31.0,140.0,4.4,99.0,4.5,19.0,12.0,10.0,0.65,,,,,,,I,Oral,7.0,,,Right forearm,,,,,,,,0,0,250.0,0,0,0.0,0,40,0,0,0,0,0
5004,6016,0,23459,-390,24390.0,3090,22590,-200580,922620,1,0,70.0,M,173.8,65.0,21.5,2.0,0,General surgery,Biliary/Pancreas,Pancreatic disease,Pylorus preserving pancreaticoduodenectomy,Open,Supine,General,1,0,Normal Sinus Rhythm,Mild obstructive,16.4,287.0,125.0,27.5,143.0,4.0,112.0,4.2,16.0,15.0,13.0,0.87,,,,,,,I,Oral,7.5,,,Left forearm,,Right radial,,Right IJV,,250.0,250.0,0,0,1700.0,0,0,0.0,0,140,0,5,0,0,0
3468,4632,0,16746,-1052,17548.0,4348,15748,-137220,1331580,2,0,52.0,F,145.8,44.8,21.1,3.0,1,General surgery,Transplantation,End stage renal disease,Kidney transplantation,Open,Supine,General,1,0,Normal Sinus Rhythm,Normal,12.0,328.0,121.0,35.9,140.0,4.9,222.0,4.3,12.0,14.0,25.0,5.78,,,,,,,,Oral,7.0,,,Right forearm,,Right radial,,Right IJV,,350.0,50.0,0,0,1900.0,35,0,0.0,0,60,0,0,0,0,300
5798,992,0,13003,-2472,13368.0,1368,12168,-214320,736080,0,0,49.0,F,154.2,51.1,21.5,1.0,0,General surgery,Colorectal,"Colon cancer, sigmoid",Anterior resection,Videoscopic,,General,0,0,Normal Sinus Rhythm,Normal,11.5,240.0,89.0,35.3,143.0,3.9,90.0,3.7,16.0,9.0,6.0,0.5,,,,,,,I,Oral,7.0,,,Left forearm,,,,,,,400.0,0,0,900.0,0,0,0.0,0,80,0,25,0,0,0
1566,4312,0,12588,-310,12350.0,3050,11750,-229440,288960,1,0,70.0,F,152.3,62.1,26.8,2.0,0,Thoracic surgery,Minor resection,Ground-glass opacity,Lung wedge resection,Videoscopic,Right lateral decubitus,General,0,0,Normal Sinus Rhythm,Normal,14.4,287.0,107.0,34.2,140.0,4.2,92.0,4.1,19.0,22.0,13.0,0.67,,,,,,,I,Oral,,Left-32,,Right hand,,Right radial,,Right IJV,,50.0,110.0,0,0,450.0,0,0,0.0,0,120,0,5,0,0,0
6024,105,0,16942,-2735,16705.0,1105,16105,-137160,208440,0,0,43.0,M,179.5,111.5,34.6,1.0,0,General surgery,Thyroid,Thyroid nodule ,Total thyroidectomy,Open,Supine,General,0,0,Normal Sinus Rhythm,Normal,16.0,207.0,114.0,31.2,140.0,4.3,110.0,4.4,18.0,26.0,9.0,0.88,,,,,,,I,Oral,7.5,,,Right forearm,,,,,,110.0,,0,0,900.0,50,0,0.0,0,170,0,10,300,0,0
149,2631,0,13597,-193,14207.0,2207,12707,-135780,382620,0,0,60.0,F,145.0,45.3,21.5,2.0,0,Thoracic surgery,Major resection,Lung cancer left,Lung lobectomy,Videoscopic,Right lateral decubitus,General,0,0,Normal Sinus Rhythm,Normal,11.3,247.0,107.0,32.3,145.0,4.0,128.0,3.6,19.0,15.0,16.0,0.87,,,,,,,I,Oral,,Left-32,,Left forearm,,Right radial,,Right IJV,,150.0,90.0,0,0,1500.0,0,0,0.0,0,110,0,0,0,0,0
4095,3728,0,7268,-407,7393.0,1393,6193,-207360,311040,0,0,33.0,F,154.3,54.7,23.0,1.0,0,General surgery,Breast,Infiltrating ductal carcinoma of breast right,Breast-conserving surgery,Open,Supine,General,0,0,Normal Sinus Rhythm,Normal,13.2,169.0,97.0,34.6,140.0,4.7,154.0,3.8,14.0,9.0,13.0,0.68,,,,,,,I,Oral,7.0,,,Left forearm,,,,,,50.0,,0,0,210.0,0,0,0.0,0,50,0,5,0,0,0
3545,2498,0,17787,-1329,16971.0,3171,15771,-217020,560580,0,0,48.0,F,160.2,52.3,20.4,2.0,0,General surgery,Hepatic,Hepatocellular carcinoma,Hemihepatectomy,Videoscopic,Supine,General,0,0,Normal Sinus Rhythm,Normal,13.3,254.0,97.0,29.3,140.0,4.6,91.0,4.6,31.0,25.0,13.0,0.64,,,,,,,I,Oral,7.0,,,Left forearm,,Left radial,,Right IJV,,350.0,120.0,0,0,1750.0,0,0,0.0,0,120,0,10,0,0,0
4316,5202,0,13178,-988,12812.0,2912,12212,-213360,7044240,21,0,72.0,M,165.1,49.2,18.0,2.0,0,Thoracic surgery,Minor resection,Lung cancer right,Lung wedge resection,Videoscopic,Left lateral decubitus,General,1,1,Normal Sinus Rhythm,Normal,12.9,304.0,96.0,38.8,143.0,4.2,60.0,3.8,12.0,9.0,19.0,1.15,,,,,,,I,Oral,8.0,,,Right forearm,,Left radial,,Right EJV,,150.0,30.0,0,0,600.0,0,0,0.0,0,100,0,15,0,0,0
5772,4335,0,29657,-1486,29114.0,3314,28214,-201240,1353960,1,0,71.0,M,168.0,63.3,22.4,2.0,0,Thoracic surgery,Others,Esophageal cancer ,Esophagectomy,Robotic,Left lateral decubitus,General,0,0,Normal Sinus Rhythm,Normal,14.8,228.0,,,140.0,4.0,105.0,4.2,26.0,19.0,11.0,0.8,,,,,,,I,Oral,8.0,,,Right forearm,Right leg,Right radial,,,,550.0,255.0,0,0,2100.0,0,0,0.0,0,60,0,10,0,0,0
4717,5619,0,9962,298,9898.0,2698,8698,-129900,215700,0,0,48.0,F,165.0,56.35,20.7,,0,Thoracic surgery,Minor resection,Colorectal cancer ,Metastasectomy,Videoscopic,Left lateral decubitus,General,0,0,Normal Sinus Rhythm,Normal,,,,,,,,,,,,,,,,,,,I,Oral,,Left-35,,Left forearm,Right forearm,Left radial,,,,,,0,0,600.0,0,0,0.0,0,80,0,0,0,0,0
6097,3015,0,7881,-1314,7686.0,2166,7279,-127380,218220,0,0,55.0,M,171.1,80.8,27.6,2.0,0,Thoracic surgery,Minor resection,"Colon cancer, sigmoid",Metastasectomy,Videoscopic,Left lateral decubitus,General,0,0,Normal Sinus Rhythm,Normal,12.3,230.0,100.0,27.6,140.0,4.4,95.0,4.4,41.0,60.0,18.0,0.84,,,,,,,I,Oral,,Left-37,,Left forearm,Right forearm,Left radial,,,,,60.0,0,0,200.0,0,0,0.0,0,70,0,0,0,0,0
3095,1480,0,7784,-568,7412.0,1712,6812,-208560,223440,0,0,57.0,F,161.5,58.65,22.5,1.0,0,Thoracic surgery,Minor resection,"Abnormal chest CT, lung nodule",Lung sgmentectomy,Videoscopic,Left lateral decubitus,General,0,0,Normal Sinus Rhythm,Normal,12.8,264.0,104.0,35.5,138.0,4.0,78.0,4.1,22.0,21.0,17.0,0.56,,,,,,,I,Oral,,Left-35,,Left forearm,Right etc,Left radial,,,,30.0,10.0,0,0,600.0,0,0,0.0,0,90,0,10,0,0,0
1875,843,0,15017,-2502,15198.0,2598,13998,-215160,216840,1,0,65.0,F,149.0,56.5,25.4,1.0,0,Thoracic surgery,Minor resection,Solitary pulmonary nodule,Lung wedge resection,Videoscopic,Right lateral decubitus,General,0,0,Normal Sinus Rhythm,Normal,13.2,269.0,101.0,26.9,143.0,3.9,97.0,4.4,23.0,17.0,10.0,0.6,,,,,,,I,Oral,8.0,Left-32,,Right forearm,,Right radial,,Right IJV,,100.0,,0,0,1200.0,0,0,0.0,0,100,0,0,0,0,0
5345,5913,0,8938,-236,8104.0,1504,7204,-220440,297960,0,0,62.0,M,169.5,92.6,32.2,1.0,0,General surgery,Colorectal,"Colon cancer, sigmoid",Anterior resection,Open,Lithotomy,General,0,0,Normal Sinus Rhythm,Normal,,,,,,,,,,,,,,,,,,,IV,Oral,7.5,,,Right forearm,,,,,,,40.0,0,0,550.0,0,0,0.0,0,110,0,5,0,0,0
4870,4932,0,9641,-518,9742.0,1342,8842,-221820,555780,0,0,61.0,F,156.0,57.8,23.8,2.0,0,General surgery,Biliary/Pancreas,Choledochal cyst,Excision,Open,Supine,General,0,0,Normal Sinus Rhythm,Normal,12.4,223.0,107.0,31.8,142.0,4.2,87.0,3.9,27.0,28.0,14.0,0.68,,,,,,,I,Oral,7.0,,,Left forearm,,,,,,100.0,40.0,0,0,800.0,0,0,0.0,0,60,0,0,0,0,0
816,1421,0,12641,110,12470.0,2570,11870,-576120,2015880,0,0,70.0,M,156.7,61.4,25.0,3.0,0,Thoracic surgery,Minor resection,"Abnormal chest CT, lung nodule",Lung sgmentectomy,Videoscopic,Right lateral decubitus,General,0,0,Normal Sinus Rhythm,Normal,14.8,172.0,100.0,39.2,143.0,4.2,104.0,3.9,25.0,21.0,21.0,0.82,,,,,,,I,Oral,,Left-37,,Right forearm,Left etc,Right radial,,Left IJV,,50.0,60.0,0,0,900.0,0,0,0.0,0,130,0,0,200,0,0
1936,4663,0,44983,-759,44961.0,3861,43761,-474000,2118000,5,0,68.0,M,171.0,63.4,21.7,2.0,0,Thoracic surgery,Others,Esophageal cancer ,Total esophagectomy,Open,Left lateral decubitus,General,0,0,Normal Sinus Rhythm,Normal,13.1,194.0,99.0,29.6,143.0,3.7,185.0,4.3,19.0,24.0,15.0,0.96,,,,,,,I,Oral,8.0,,,Left forearm,,Left radial,,Right subclavian,,250.0,460.0,0,0,5200.0,0,0,0.0,0,260,0,20,660,0,0
5618,2173,0,24995,-729,24171.0,3471,23271,-114420,576780,0,0,21.0,M,175.8,90.4,29.3,2.0,0,General surgery,Transplantation,Living liver donor,Donor hepatectomy,Videoscopic,Lithotomy,General,0,0,Normal Sinus Rhythm,Normal,14.5,296.0,100.0,34.2,137.0,4.9,89.0,4.5,20.0,18.0,12.0,0.78,,,,,,,I,Oral,7.5,,,Left hand,Left etc,Right radial,,,,400.0,270.0,0,0,2000.0,0,0,0.0,0,170,0,0,0,0,0
6127,1699,0,13901,-1304,13036.0,2536,12736,-309120,468480,0,0,71.0,M,157.7,55.7,22.4,2.0,0,General surgery,Hepatic,"Cholangiocarcinoma, intrahepatic",Liver segmentectomy,Videoscopic,Lithotomy,General,0,0,Normal Sinus Rhythm,Normal,16.5,157.0,97.0,35.8,138.0,5.1,102.0,4.3,26.0,22.0,17.0,1.02,,,,,,,I,Oral,7.5,,,Right forearm,Left forearm,Right radial,,,,100.0,45.0,0,0,1700.0,0,0,0.0,0,90,0,10,130,0,0
6174,5070,0,11293,129,11229.0,4029,10629,-113820,318180,1,0,60.0,M,171.6,72.0,24.5,2.0,0,Thoracic surgery,Minor resection,"Abnormal chest CT, lung",Lung sgmentectomy,Videoscopic,Right lateral decubitus,General,0,0,Normal Sinus Rhythm,Normal,,,,,,,,,,,,,,,,,,,I,Oral,,Left-37,,Left forearm,,Left radial,,Right IJV,,150.0,,0,0,500.0,0,0,0.0,0,100,0,0,0,0,0
6074,1179,0,23075,-406,22514.0,2714,21614,-112440,578760,0,0,25.0,M,181.4,83.2,25.3,1.0,0,General surgery,Transplantation,Living liver donor,Donor hepatectomy,Videoscopic,Lithotomy,General,0,0,Normal Sinus Rhythm,Normal,17.6,232.0,100.0,33.2,140.0,4.5,92.0,4.6,14.0,17.0,8.0,1.1,,,,,,,I,Oral,7.5,,,Left forearm,,Right radial,,Left EJV,,450.0,95.0,0,0,2700.0,0,0,0.0,0,110,0,0,30,0,0
2949,5197,0,13652,-303,13197.0,3297,12897,-392100,558300,0,0,76.0,M,164.8,53.35,19.6,2.0,0,General surgery,Hepatic,Hepatocellular carcinoma ,Liver sectionectomy,Open,Lithotomy,General,1,0,Normal Sinus Rhythm,Normal,14.1,341.0,100.0,37.4,141.0,4.4,108.0,3.8,22.0,18.0,19.0,1.21,,,,,,,I,Oral,7.5,,,Left forearm,Left etc,Right radial,,,,100.0,150.0,0,0,1300.0,0,0,0.0,0,80,0,0,0,0,0
6296,1917,0,20725,-769,20051.0,2951,17951,-114600,1354200,0,0,59.0,M,174.4,82.8,27.2,3.0,0,General surgery,Hepatic,"Cholangiocarcinoma, intrahepatic",Extended hemihepatectomy,Open,Supine,General,1,0,Normal Sinus Rhythm,Normal,13.1,125.0,93.0,34.9,143.0,4.5,96.0,4.1,69.0,56.0,12.0,1.07,,,,,,,I,Oral,7.5,,,Left forearm,,Right radial,,Right EJV,,1200.0,83.0,0,0,2550.0,0,0,0.0,0,110,0,5,0,0,100
2750,5563,0,10644,-1541,10819.0,2419,9619,-211140,220860,1,0,68.0,M,161.7,56.0,21.4,1.0,0,Thoracic surgery,Minor resection,Solitary pulmonary nodule ,Lung wedge resection,Videoscopic,Left lateral decubitus,General,0,0,Normal Sinus Rhythm,Normal,14.8,282.0,99.0,33.7,139.0,4.1,113.0,4.3,22.0,35.0,16.0,0.67,,,,,,,I,Oral,,Left-35,,Left forearm,,Left radial,,Left IJV,,,,0,0,,0,0,0.0,0,90,0,0,0,0,0
4677,3121,0,20769,-1672,20468.0,1268,19568,-229680,375120,0,0,58.0,F,156.1,62.1,25.5,2.0,0,General surgery,Breast,Infiltrating ductal carcinoma of breast right,Simple mastectomy,Open,Supine,General,1,0,Normal Sinus Rhythm,Normal,14.7,302.0,112.0,26.6,143.0,3.8,111.0,4.7,31.0,51.0,13.0,0.59,,,,,,,I,Oral,6.0,,,Left forearm,,,,,,200.0,,0,0,450.0,0,0,0.0,0,55,0,20,0,0,0
4780,3419,0,14493,-872,14128.0,2488,13528,-120240,570960,0,0,77.0,F,147.8,59.1,27.1,2.0,0,General surgery,Biliary/Pancreas,Gallbladder cancer,Extended cholecystectomy,Open,Supine,General,1,0,Normal Sinus Rhythm,Normal,12.4,205.0,111.0,32.3,142.0,4.4,163.0,4.0,28.0,36.0,11.0,0.77,,,,,,,II,Oral,7.5,,,Left forearm,Right etc,Right radial,,,,300.0,350.0,0,0,1100.0,0,0,0.0,0,90,0,0,0,0,450
2944,536,0,10845,-104,10396.0,2596,10096,-131160,387240,0,0,65.0,F,153.2,48.9,20.8,,0,Thoracic surgery,Major resection,Lung cancer right,Lung lobectomy,Videoscopic,Left lateral decubitus,General,0,0,Normal Sinus Rhythm,Normal,,,,,,,,,,,,,,,,,,,I,Oral,,Left-35,,Left forearm,,Left radial,,Right IJV,,100.0,400.0,0,0,800.0,0,0,0.0,0,100,0,0,0,0,0
166,2263,0,19600,-628,19052.0,3452,18152,-201120,490080,0,0,69.0,M,158.1,53.4,21.4,2.0,0,General surgery,Colorectal,"Colon cancer, sigmoid",Anterior resection,Videoscopic,Lithotomy,General,0,0,Normal Sinus Rhythm,Normal,14.2,201.0,113.0,32.9,143.0,4.0,139.0,4.7,18.0,17.0,13.0,0.72,,,,,,,I,Oral,7.5,,,Left forearm,Left etc,Left radial,,,,200.0,265.0,0,0,1900.0,0,0,0.0,0,105,0,10,80,0,0
5137,5628,0,23276,-947,23353.0,4753,21253,-132900,558300,0,0,23.0,M,181.3,91.4,27.8,1.0,0,General surgery,Transplantation,Living liver donor,Donor hepatectomy,Videoscopic,,General,0,0,Normal Sinus Rhythm,Normal,15.4,192.0,79.0,34.1,141.0,3.9,103.0,4.2,37.0,34.0,21.0,1.07,,,,,,,I,Oral,7.5,,,Left forearm,Left etc,Left radial,,,,400.0,580.0,0,0,2100.0,0,0,0.0,0,140,0,0,0,0,0
3663,4624,0,15021,-270,13530.0,2730,13530,-114240,231360,0,0,36.0,M,173.0,102.2,34.1,2.0,0,General surgery,Thyroid,Papillary thyroid carcinoma,Thyroid lobectomy,Robotic,Supine,General,0,0,Normal Sinus Rhythm,Normal,17.1,290.0,103.0,33.2,142.0,4.8,99.0,4.4,29.0,49.0,9.0,1.18,,,,,,,I,Oral,7.0,,,Left forearm,Right forearm,Left radial,,,,150.0,,0,0,1300.0,0,0,0.0,0,70,0,5,0,0,0
566,3843,0,17389,-783,16917.0,4617,16617,-287280,2995920,0,0,82.0,M,169.0,55.8,19.5,2.0,0,Thoracic surgery,Others,Esophageal cancer ,Esophagectomy,Robotic,Supine,General,1,1,Normal Sinus Rhythm,Mild obstructive,8.4,421.0,65.0,28.2,136.0,3.8,116.0,2.6,15.0,14.0,17.0,0.68,,,,,,,I,Oral,8.0,,,Right forearm,,Right radial,,Left antecubital,,,130.0,0,0,1350.0,0,0,0.0,0,50,0,10,0,0,0
1131,4448,0,13597,-1771,13229.0,1829,12629,-146940,371460,1,0,62.0,M,172.1,67.1,22.7,2.0,0,Thoracic surgery,Minor resection,Lung cancer left,Lung wedge resection,Videoscopic,Right lateral decubitus,General,0,0,Normal Sinus Rhythm,Normal,15.2,203.0,103.0,33.2,143.0,4.0,83.0,4.3,16.0,23.0,22.0,0.74,,,,,,,I,Oral,8.0,,,Left forearm,,Right radial,,Right IJV,,200.0,60.0,0,0,600.0,0,0,0.0,0,100,0,0,0,0,0
2435,967,0,10909,-2584,11096.0,2396,10196,-149100,282900,0,0,62.0,M,157.2,60.35,24.4,,0,Thoracic surgery,Others,Thymoma,Thymectomy,Robotic,Supine,General,0,0,Normal Sinus Rhythm,Normal,,,,,,,,,,,,,,,,,,,I,Oral,,Left-37,,Left hand,Right foot,Left radial,,,,,10.0,0,0,800.0,0,0,0.0,0,50,0,0,0,0,0
2488,5329,0,7532,-676,6584.0,1244,6104,-140400,118800,0,0,72.0,F,153.1,51.2,21.8,2.0,0,General surgery,Thyroid,Breast cancer unspecified side,Thyroid lobectomy,Open,Supine,General,1,0,Normal Sinus Rhythm,Normal,13.0,181.0,109.0,30.5,140.0,4.3,130.0,4.1,23.0,18.0,18.0,0.79,,,,,,,I,Oral,6.0,,,Left hand,,,,,,,,0,0,300.0,0,0,0.0,0,50,0,5,0,0,0
3785,4541,0,26868,-1214,26986.0,1786,25786,-205800,831000,1,0,79.0,M,162.4,63.8,24.2,2.0,0,General surgery,Biliary/Pancreas,Pancreatic cancer ,Pancreaticoduodenectomy,Open,Supine,General,1,0,Normal Sinus Rhythm,Mild obstructive,12.2,191.0,103.0,35.9,141.0,4.3,378.0,3.9,16.0,18.0,20.0,0.92,,,,,,,I,Oral,7.5,,,Left forearm,,Left radial,,Right IJV,,330.0,350.0,0,0,3450.0,0,0,0.0,0,110,0,10,0,0,300
3114,3925,0,7944,-172,8108.0,3308,7343,-134340,297660,0,0,42.0,F,158.2,51.2,20.5,1.0,0,Thoracic surgery,Minor resection,Solitary pulmonary nodule ,Lung wedge resection,Videoscopic,Left lateral decubitus,General,0,0,Normal Sinus Rhythm,Normal,12.4,231.0,117.0,31.1,140.0,4.3,88.0,4.2,13.0,10.0,10.0,0.56,,,,,,,I,Oral,,Left-32,,Right forearm,,Right radial,,Right IJV,,100.0,420.0,0,0,600.0,0,0,0.0,0,100,0,0,0,0,0
986,5850,0,14238,-758,14242.0,3142,13042,-1518120,1073880,0,0,30.0,M,170.9,54.8,18.8,3.0,0,General surgery,Transplantation,End stage renal disease ,Kidney transplantation,Open,Supine,General,0,0,Normal Sinus Rhythm,Normal,9.1,218.0,115.0,25.4,140.0,3.5,80.0,4.2,15.0,16.0,55.0,9.24,,,,,,,I,Oral,7.5,,,Right forearm,,Right radial,,Right IJV,,,950.0,0,1,2500.0,0,0,0.0,0,90,0,0,0,0,0
6037,3225,0,17791,-860,17620.0,5020,16840,-203640,1178760,1,0,60.0,F,158.0,40.7,16.3,3.0,0,General surgery,Transplantation,End stage renal disease,Kidney transplantation,Open,Supine,General,1,0,Normal Sinus Rhythm,Mild restrictive,12.0,82.0,107.0,31.6,138.0,3.3,201.0,3.8,18.0,15.0,11.0,3.63,,,,,,,I,Oral,7.0,,,Right forearm,,Right radial,,Right IJV,,280.0,860.0,0,0,2800.0,0,0,0.0,0,70,0,0,0,0,0
1889,1593,0,13698,-1235,13345.0,1945,13045,-134220,643380,0,0,50.0,M,172.3,71.4,24.1,2.0,1,General surgery,Others,Advanced gastric cancer,Diagnostic laparoscopy,Videoscopic,Supine,General,1,1,Normal Sinus Rhythm,Normal,14.1,295.0,108.0,35.7,138.0,4.1,123.0,4.5,14.0,19.0,13.0,0.72,,,,,,,I,Oral,7.5,,,Right forearm,,,,,,100.0,80.0,0,0,1000.0,0,0,0.0,0,120,0,20,0,0,0
671,342,0,17378,-59,16921.0,4021,15721,-217920,559680,0,0,54.0,F,150.9,59.4,26.1,2.0,0,General surgery,Hepatic,Metastatic cancer to the liver ,Liver segmentectomy,Videoscopic,Lithotomy,General,1,0,Normal Sinus Rhythm,Normal,11.2,212.0,128.0,25.7,143.0,4.0,127.0,4.4,15.0,19.0,11.0,0.61,,,,,,,II,Oral,7.0,,,Right forearm,Left etc,Right radial,,,,230.0,100.0,0,0,1500.0,0,0,0.0,0,80,0,0,0,0,0
4695,3484,0,9571,91,9091.0,2791,7891,-200880,317520,0,0,77.0,F,159.1,53.1,21.0,2.0,0,Thoracic surgery,Minor resection,"Abnormal chest CT, lung",Lung wedge resection,Videoscopic,Right lateral decubitus,General,0,1,Normal Sinus Rhythm,Normal,14.2,178.0,101.0,27.7,144.0,4.2,172.0,4.5,39.0,14.0,15.0,0.69,,,,,,,I,Oral,,Left-35,,Left forearm,,Left dorsalis pedis,,Right IJV,,,60.0,0,0,500.0,0,0,0.0,0,100,0,0,0,0,0
4897,1183,0,12215,-732,12468.0,2568,11568,-201120,403680,0,0,56.0,F,157.5,45.5,18.3,2.0,0,General surgery,Colorectal,"Colon cancer, sigmoid",Anterior resection,Open,Lithotomy,General,0,0,Normal Sinus Rhythm,Normal,14.0,389.0,110.0,26.3,140.0,4.6,87.0,4.8,15.0,24.0,8.0,0.7,,,,,,,I,Oral,7.0,,,Right forearm,,Left radial,,Right EJV,,200.0,30.0,0,0,650.0,0,0,0.0,0,80,0,35,0,0,0
3805,758,0,19986,-638,20062.0,1762,18562,-206700,138900,0,0,66.0,M,177.7,59.6,18.9,2.0,1,General surgery,Biliary/Pancreas,Gallbladder stone with cholecystitis without obstruction,Cholecystectomy,Videoscopic,,General,1,0,Normal Sinus Rhythm,Mild obstructive,11.6,268.0,107.0,38.3,140.0,3.9,89.0,3.5,57.0,62.0,9.0,0.69,,,,,,,I,Oral,,Left-37,,Left forearm,Right forearm,Right radial,,Right IJV,,200.0,250.0,0,0,2050.0,500,100,0.0,0,150,0,10,120,0,0
2281,3675,0,15027,440,15320.0,4040,14463,-199620,577980,1,0,66.0,M,169.7,78.1,27.1,2.0,0,Thoracic surgery,Major resection,Lung cancer left,Lung lobectomy,Videoscopic,Right lateral decubitus,General,0,0,Normal Sinus Rhythm,Normal,14.1,145.0,103.0,31.1,143.0,3.9,80.0,4.0,22.0,21.0,15.0,0.85,,,,,,,I,Oral,,Left-35,,Left forearm,,Right radial,,Right IJV,,150.0,280.0,0,0,800.0,0,0,0.0,0,140,0,15,0,0,0
4011,2222,0,10832,-1976,10264.0,2164,9964,-233880,543720,0,0,32.0,M,173.2,43.3,14.4,2.0,0,General surgery,Others,Colon cancer,Excision,Open,Supine,General,0,0,Normal Sinus Rhythm,Mild restrictive,14.8,200.0,99.0,37.1,139.0,4.0,100.0,3.9,29.0,28.0,10.0,0.69,,,,,,,I,Oral,7.5,,,Right forearm,Left forearm,Right radial,,,,200.0,110.0,0,0,1350.0,0,0,0.0,0,100,0,0,130,0,0
2004,1244,0,16348,-246,16554.0,2754,15354,-227040,550560,1,0,75.0,F,149.0,38.9,17.5,2.0,0,Thoracic surgery,Major resection,Lung cancer right,Lung lobectomy,Videoscopic,Left lateral decubitus,General,0,1,Normal Sinus Rhythm,Normal,10.0,346.0,96.0,35.0,136.0,4.9,240.0,4.0,9.0,5.0,21.0,0.52,,,,,,,I,Oral,,Left-32,,Left forearm,,Left radial,,Right IJV,,200.0,45.0,0,0,1060.0,0,0,0.0,0,100,0,0,0,0,0
3074,660,0,21195,-433,20867.0,1967,19967,-393120,1421280,1,0,74.0,F,159.3,54.2,21.4,1.0,1,General surgery,Others,Rectal cancer,Debulking surgery,Open,Supine,General,0,0,Normal Sinus Rhythm,Normal,10.6,312.0,82.0,30.1,134.0,3.8,126.0,2.8,25.0,16.0,12.0,0.69,,,,,,,I,Oral,7.5,,,Right forearm,Right etc,Right radial,,,,3500.0,270.0,8,2,3650.0,1100,0,0.0,0,80,0,0,1130,0,900
3537,2784,0,22889,-1160,22540.0,3940,21940,-114540,663060,0,0,42.0,F,163.2,71.05,26.7,1.0,0,General surgery,Transplantation,Living liver donor,Donor hepatectomy,Videoscopic,Supine,General,0,0,Normal Sinus Rhythm,Normal,13.3,224.0,97.0,35.6,141.0,3.8,105.0,4.4,11.0,9.0,8.0,0.41,,,,,,,I,Oral,7.0,,,Left forearm,Right hand,Right radial,,,,310.0,280.0,0,0,3000.0,0,0,0.0,0,130,0,10,10,0,0
3777,3384,0,7437,-1571,7309.000001,1009,7009,-4274580,1255020,0,0,54.0,M,175.2,77.0,25.1,3.0,1,General surgery,Others,Metastatic cancer to the abdominal cavity ,Exploratory laparotomy,Open,Supine,General,1,0,Normal Sinus Rhythm,Mixed or pure obstructive,9.2,336.0,78.0,35.8,128.0,4.8,185.0,2.7,25.0,12.0,16.0,0.42,,,,,,,,Oral,7.5,,,Right forearm,Left etc,Right radial,,,,800.0,200.0,0,0,1500.0,200,0,0.0,0,100,0,0,100,0,600
4287,2395,0,12766,-486,13374.0,2274,11574,-142620,462180,1,0,55.0,M,171.0,71.2,24.3,3.0,0,Thoracic surgery,Minor resection,Solitary pulmonary nodule ,Lung wedge resection,Videoscopic,Left lateral decubitus,General,1,0,Normal Sinus Rhythm,Normal,13.5,245.0,104.0,31.3,141.0,4.0,90.0,4.5,14.0,13.0,18.0,0.68,,,,,,,I,Nasal,,Left-37,,Left forearm,,Left radial,,Right IJV,,,100.0,0,0,500.0,0,0,0.0,0,80,0,0,0,0,0
4186,5464,0,10230,-1057,9743.0,3083,9083,-209880,308520,0,0,73.0,F,148.4,54.8,24.9,2.0,0,General surgery,Colorectal,Krukenberg tumor right,Oophorectomy,Open,Supine,General,1,0,Normal Sinus Rhythm,Normal,9.8,265.0,102.0,34.6,142.0,3.4,139.0,4.0,16.0,7.0,8.0,0.65,,,,,,,IV,Oral,7.0,,,Left hand,Left etc,Left radial,,,,,150.0,0,0,700.0,0,0,0.0,0,70,0,0,0,0,0
6146,2946,0,16498,-205,16475.0,2375,15575,-205200,486000,0,0,48.0,F,148.4,46.5,21.1,1.0,0,General surgery,Colorectal,Colonic polyp,Anterior resection,Videoscopic,,General,0,0,Normal Sinus Rhythm,Normal,11.9,229.0,100.0,35.1,144.0,3.8,82.0,4.3,18.0,10.0,9.0,0.66,,,,,,,I,Oral,7.0,,,Left forearm,Left etc,,,,,250.0,60.0,0,0,1350.0,0,0,0.0,0,95,0,35,0,0,0
811,2735,0,15667,-2602,15998.0,1598,14198,-232380,631620,0,0,62.0,F,147.3,55.5,25.6,2.0,0,General surgery,Stomach,Early gastric cancer,Pylorus preserving gastrectomy,Videoscopic,Supine,General,1,0,Normal Sinus Rhythm,Normal,16.2,343.0,101.0,29.2,140.0,4.3,109.0,4.7,48.0,69.0,17.0,0.7,,,,,,,I,Oral,7.0,,,Right forearm,,,,,,110.0,150.0,0,0,1500.0,0,0,0.0,0,80,0,25,0,0,0
1025,2048,0,20643,-3772,20228.0,2228,19928,-137220,640380,0,0,77.0,F,153.0,47.9,20.5,2.0,0,General surgery,Biliary/Pancreas,Common bile duct cancer,Pylorus preserving pancreaticoduodenectomy,Open,Supine,General,1,1,Normal Sinus Rhythm,Normal,10.1,382.0,112.0,29.1,142.0,3.9,241.0,3.6,29.0,39.0,11.0,0.53,,,,,,,I,Oral,7.0,,,Left forearm,Right forearm,Right radial,,Right IJV,,650.0,310.0,1,0,2000.0,0,0,0.0,0,70,0,10,0,0,300
1871,4997,0,9434,-1305,7875.0,2295,8475,-208980,568620,0,0,68.0,F,164.0,68.0,25.3,2.0,0,General surgery,Breast,Breast cancer left,Total mastectomy,Open,Supine,General,1,0,Normal Sinus Rhythm,Normal,11.3,343.0,116.0,32.1,144.0,4.4,168.0,4.0,39.0,32.0,14.0,0.67,,,,,,,,Oral,7.0,,,Right forearm,,,,,,250.0,,0,0,650.0,0,0,0.0,0,60,0,10,0,0,0
2280,6081,0,21643,644,21644.0,3944,20744,-199740,405060,1,0,81.0,M,168.2,70.0,24.7,3.0,0,Thoracic surgery,Minor resection,Hepatocellular carcinoma ,Lung wedge resection,Videoscopic,Right lateral decubitus,General,1,0,Normal Sinus Rhythm,Borderline obstructive,11.6,187.0,93.0,27.5,141.0,4.1,101.0,4.0,17.0,11.0,18.0,1.05,7.343,18.9,-6.8,185.0,33.3,99.4,I,Oral,,Left-35,,Right forearm,Left hand,Right radial,,,,280.0,95.0,0,0,1500.0,0,0,0.0,0,150,0,20,0,0,0
1920,6026,0,15974,-265,15335.0,2135,15035,-114240,576960,0,0,48.0,M,171.5,60.1,20.4,3.0,0,Thoracic surgery,Minor resection,Hepatocellular carcinoma,Lung wedge resection,Videoscopic,Right lateral decubitus,General,0,0,Normal Sinus Rhythm,Normal,12.4,276.0,88.0,29.7,141.0,4.2,107.0,4.5,28.0,18.0,11.0,1.06,,,,,,,I,Oral,,Left-37,,Left forearm,Left etc,Right radial,,,,300.0,110.0,0,0,550.0,0,0,0.0,0,140,0,25,0,0,600
2492,2010,0,8244,-71,7849.0,5749,6949,-113640,59160,0,0,39.0,F,163.7,73.85,27.6,1.0,0,General surgery,Breast,breast disease ,Excision,Open,Supine,General,0,0,Normal Sinus Rhythm,Normal,12.3,260.0,104.0,32.1,138.0,4.6,95.0,4.4,15.0,13.0,7.0,0.75,,,,,,,I,Oral,7.0,,,Right forearm,,,,,,,,0,0,,0,0,0.0,0,55,0,10,0,0,0
6088,3244,0,13186,-1140,12300.0,2400,12000,-140100,810300,1,0,58.0,M,175.1,59.1,19.3,2.0,0,Thoracic surgery,Major resection,Lung cancer right,Lung lobectomy,Videoscopic,Left lateral decubitus,General,1,0,Normal Sinus Rhythm,Normal,14.0,90.0,,,134.0,4.1,161.0,4.2,14.0,15.0,11.0,0.97,,,,,,,I,Oral,,Left-37,,Left forearm,,Left radial,,Right IJV,,50.0,290.0,0,0,1000.0,0,0,0.0,0,90,0,0,0,0,0
3093,1783,0,23673,-315,23985.0,3285,22485,-114600,576600,0,0,29.0,F,164.8,53.9,19.8,1.0,0,General surgery,Transplantation,Living liver donor,Donor hepatectomy,Videoscopic,Lithotomy,General,0,0,Normal Sinus Rhythm,Normal,13.6,326.0,97.0,34.7,140.0,4.2,93.0,4.8,12.0,8.0,6.0,0.59,,,,,,,I,Oral,7.0,,,Left forearm,Right etc,Right radial,,,,300.0,160.0,0,0,2800.0,0,0,0.0,0,150,0,5,0,0,0
83,1588,0,19385,-1271,19309.0,3109,18109,-223080,1072920,0,0,56.0,F,159.3,69.7,27.5,2.0,1,General surgery,Transplantation,End stage renal disease,Kidney transplantation,Open,Supine,General,1,0,Normal Sinus Rhythm,Normal,9.0,124.0,100.0,34.9,134.0,3.9,135.0,3.6,26.0,27.0,47.0,6.87,,,,,,,I,Oral,7.0,,,Right forearm,,Right radial,,Right subclavian,,150.0,920.0,0,0,1700.0,35,0,0.0,0,35,0,30,100,0,900
1703,2716,0,40235,-569,39031.0,5731,37831,-200940,1354260,4,0,76.0,M,167.8,76.0,27.0,2.0,0,Thoracic surgery,Others,Esophageal cancer,Esophagectomy,Robotic,Left lateral decubitus,General,1,1,Normal Sinus Rhythm,Normal,13.5,219.0,100.0,27.8,142.0,4.2,85.0,4.3,37.0,43.0,20.0,0.91,,,,,,,I,Oral,8.0,,,Left forearm,Right forearm,Left radial,,,,100.0,230.0,0,0,1850.0,0,0,0.0,0,50,0,0,0,0,300
3368,4280,0,11688,-1741,10319.0,1319,10919,-217380,560220,0,0,45.0,F,156.2,52.6,21.6,2.0,0,General surgery,Breast,Breast cancer unspecified side,Simple mastectomy,Open,Supine,General,0,0,Normal Sinus Rhythm,Normal,11.4,255.0,102.0,35.2,141.0,4.1,98.0,4.1,23.0,27.0,10.0,0.58,,,,,,,I,Oral,7.0,,,Right forearm,Right etc,,,,,100.0,,0,0,650.0,0,0,0.0,0,70,0,0,0,0,0
3169,5109,0,10030,-1742,9958.0,3058,8758,-201540,316860,1,0,77.0,F,147.3,51.7,23.8,2.0,0,Thoracic surgery,Major resection,Lung cancer left,Lung lobectomy,Videoscopic,Right lateral decubitus,General,1,0,Normal Sinus Rhythm,Normal,12.6,187.0,101.0,30.9,142.0,4.7,87.0,4.2,25.0,14.0,11.0,0.95,,,,,,,I,Oral,,Left-32,,Left hand,,Right radial,,Right IJV,,50.0,20.0,0,0,300.0,0,0,0.0,0,100,0,0,0,0,0
4805,5671,0,16907,-155,17245.0,4945,16045,-129120,389280,0,0,24.0,F,159.0,53.5,21.2,2.0,0,Thoracic surgery,Minor resection,"Abnormal chest CT, lung",Metastasectomy,Open,Right lateral decubitus,General,0,0,Normal Sinus Rhythm,Mild restrictive,13.3,229.0,96.0,36.4,142.0,3.6,96.0,4.4,14.0,8.0,8.0,0.61,7.352,22.5,-2.3,142.0,41.9,99.0,,Oral,7.0,,,Left forearm,Left foot,Right radial,,,,,420.0,0,0,1100.0,0,0,0.0,0,110,0,0,0,0,0
6181,736,0,16100,-2444,15556.0,2356,14776,-807000,1180200,1,0,86.0,F,160.0,44.1,17.2,3.0,0,General surgery,Colorectal,Colon cancer,Anterior resection,Videoscopic,Lithotomy,General,1,0,Normal Sinus Rhythm,Severe restrictive,9.6,137.0,114.0,26.3,136.0,2.9,119.0,2.7,33.0,14.0,12.0,0.41,7.35,20.8,-4.5,158.0,37.3,99.6,I,Oral,7.0,,,Right forearm,,,,,,150.0,130.0,0,0,1400.0,0,0,0.0,0,80,0,20,340,0,600
3829,580,0,7379,-637,6863.0,1163,6263,-141600,290400,0,0,80.0,F,151.1,57.85,25.3,2.0,0,General surgery,Colorectal,"Rectocele, female",Rrectocele repair,Open,,General,1,0,Normal Sinus Rhythm,Normal,14.4,278.0,106.0,32.2,144.0,4.8,,,,,,,,,,,,,I,Oral,7.0,,,,,,,,,,100.0,0,0,500.0,0,0,0.0,0,70,0,5,0,0,0
3943,1835,0,8486,-508,8792.0,2492,7885,-374280,316920,0,0,66.0,M,175.8,94.0,30.4,2.0,0,General surgery,Colorectal,"Colon cancer, sigmoid",Anterior resection,Open,Lithotomy,General,1,0,Normal Sinus Rhythm,Normal,14.4,221.0,86.0,33.5,140.0,3.7,188.0,4.2,36.0,34.0,16.0,1.1,,,,,,,,Oral,7.5,,,Right forearm,,,,,,,,0,0,,0,0,0.0,0,70,0,0,50,0,0
4481,5982,0,30187,-493,30287.0,4187,29631,-207600,3334800,3,0,61.0,M,171.4,50.6,17.2,3.0,0,General surgery,Transplantation,Liver cirrhosis with hepatitis B Unspecified,Liver transplantation,Open,Supine,General,0,0,Normal Sinus Rhythm,Normal,10.0,79.0,82.0,40.0,140.0,4.0,162.0,3.6,37.0,31.0,14.0,0.72,,,,,,,,Oral,7.5,,,Right forearm,,Right radial,Right femoral,Right IJV,,1000.0,560.0,1,0,4400.0,200,0,0.0,0,50,0,45,450,130,1500
194,990,0,8708,-568,8732.0,2432,7832,-891840,2477760,0,0,26.0,M,173.2,75.9,25.3,2.0,1,General surgery,Colorectal,Acute appendicitis,Appendectomy,Videoscopic,Supine,General,0,0,Normal Sinus Rhythm,Normal,13.7,205.0,,,139.0,3.8,127.0,4.8,61.0,71.0,11.0,1.21,,,,,,,I,Oral,7.5,,,Right forearm,,,,,,100.0,,0,0,400.0,0,0,0.0,0,50,0,0,0,0,0
4868,5961,0,7636,-545,7315.0,1015,6415,-123780,221820,0,0,32.0,M,184.1,104.9,31.0,1.0,0,General surgery,Thyroid,Thyroid nodule,Total thyroidectomy,Open,Supine,General,0,0,Normal Sinus Rhythm,Normal,15.6,296.0,118.0,34.7,139.0,4.4,93.0,4.5,22.0,34.0,13.0,0.92,,,,,,,II,Oral,7.5,,,Left forearm,,,,,,,,0,0,250.0,0,0,0.0,0,100,0,0,0,0,0
1149,3387,0,17921,87,17247.0,4047,16947,-719220,1699980,1,0,82.0,M,164.3,65.9,24.4,3.0,0,General surgery,Colorectal,Cecal cancer,Hemicolectomy,Videoscopic,Lithotomy,General,1,0,Normal Sinus Rhythm,Normal,9.7,248.0,104.0,38.0,137.0,4.3,181.0,3.4,14.0,5.0,8.0,0.8,,,,,,,I,Oral,7.5,,,Left forearm,,,,,,150.0,100.0,0,0,650.0,0,0,0.0,0,70,0,0,0,0,0
1157,2763,0,32439,-577,32183.0,3383,31839,-213180,1601220,3,0,44.0,F,158.0,48.5,19.4,3.0,0,General surgery,Transplantation,Hepatocellular carcinoma,Liver transplantation,Open,Supine,General,0,0,Normal Sinus Rhythm,Normal,10.4,64.0,84.0,44.2,140.0,3.7,79.0,3.9,42.0,28.0,7.0,0.52,,,,,,,I,Oral,7.0,,,Left forearm,,Right radial,Right femoral,Right IJV,,800.0,680.0,0,0,3500.0,300,0,0.0,0,50,0,25,0,0,900
4181,3768,0,8824,-1012,8288.0,1988,7388,-133260,212340,1,0,55.0,F,160.7,52.2,20.2,1.0,0,Thoracic surgery,Major resection,"Abnormal chest CT, lung",Lung lobectomy,Videoscopic,Left lateral decubitus,General,0,0,Normal Sinus Rhythm,Normal,13.4,218.0,103.0,33.8,,,101.0,4.7,20.0,14.0,13.0,0.69,,,,,,,I,Oral,,Left-35,,Left forearm,,Left radial,,Right IJV,,100.0,100.0,0,0,650.0,0,0,0.0,0,70,0,0,0,0,0
4920,1973,0,13063,-1066,12974.0,2774,12074,-209280,309120,0,0,50.0,F,164.0,75.0,27.9,1.0,0,General surgery,Breast,Infiltrating ductal carcinoma of breast right,Breast-conserving surgery,Open,Supine,General,0,0,Normal Sinus Rhythm,Normal,13.1,271.0,109.0,31.4,139.0,4.1,90.0,4.8,49.0,10.0,15.0,0.61,,,,,,,I,Oral,7.0,,,Left forearm,,,,,,,,0,0,500.0,0,0,0.0,0,75,0,10,0,0,0
659,3490,0,15744,177,15477.0,4077,14577,-200220,1095780,0,0,67.0,F,155.9,46.6,19.2,2.0,0,General surgery,Stomach,Advanced gastric cancer ,Total gastrectomy,Open,Supine,General,1,0,Normal Sinus Rhythm,Normal,14.7,228.0,97.0,32.8,143.0,4.2,101.0,4.0,19.0,18.0,16.0,0.75,,,,,,,II,Oral,7.0,,,Right forearm,,Right radial,,,,150.0,110.0,0,0,980.0,0,0,0.0,0,100,0,10,0,0,0
3498,5920,0,11100,-2489,10651.0,1111,10411,-135360,642240,1,0,69.0,F,160.0,61.3,23.9,2.0,0,Thoracic surgery,Minor resection,Lung cancer,Lung sgmentectomy,Videoscopic,Left lateral decubitus,General,1,0,Normal Sinus Rhythm,Normal,12.2,222.0,97.0,29.6,141.0,3.5,149.0,4.1,17.0,11.0,15.0,0.64,,,,,,,I,Oral,,Left-35,,Left hand,,Left radial,,Right IJV,,150.0,100.0,0,0,750.0,0,0,0.0,0,120,0,5,0,0,600
2879,4440,0,13804,-383,13417.0,3217,12817,-114360,317640,0,0,25.0,M,166.5,65.4,23.6,1.0,0,General surgery,Transplantation,Kidney donor ,Donor nephrectomy,Videoscopic,Right lateral decubitus,General,0,0,Normal Sinus Rhythm,Normal,15.4,282.0,103.0,31.2,143.0,4.2,87.0,4.6,27.0,67.0,9.0,0.72,,,,,,,I,Oral,7.5,,,Left forearm,,,,,,,200.0,0,0,350.0,0,0,0.0,0,70,0,0,0,0,0
4457,372,0,14710,-1600,14420.0,2420,13520,-129540,1080060,0,0,54.0,M,163.3,67.95,25.5,1.0,0,Thoracic surgery,Minor resection,"Abnormal chest CT, lung",Lung wedge resection,Videoscopic,Right lateral decubitus,General,0,0,Normal Sinus Rhythm,Mixed or pure obstructive,15.1,222.0,105.0,31.4,137.0,4.5,106.0,4.5,25.0,28.0,17.0,0.82,,,,,,,I,Oral,,Left-37,,Left forearm,,Right radial,,Right IJV,,100.0,350.0,0,0,1000.0,0,0,0.0,0,140,0,0,80,0,0
218,2303,0,18737,567,18987.0,5187,17787,-113580,491220,2,0,46.0,M,173.1,71.1,23.7,2.0,0,Thoracic surgery,Major resection,Lung cancer left,Lung lobectomy,Open,Left lateral decubitus,General,0,0,Normal Sinus Rhythm,Normal,15.3,296.0,110.0,38.6,142.0,4.7,119.0,4.9,20.0,29.0,11.0,0.93,,,,,,,I,Oral,8.0,Left-37,,Left forearm,,Left radial,,Right IJV,,200.0,40.0,0,0,1100.0,0,0,0.0,0,150,0,0,0,0,0
1267,3526,0,16493,-215,16285.0,3685,15685,-114480,576720,0,0,60.0,M,180.0,78.75,24.3,3.0,0,General surgery,Hepatic,Hepatocellular carcinoma ,Liver segmentectomy,Open,Supine,General,0,1,Normal Sinus Rhythm,Mild obstructive,16.1,115.0,97.0,30.2,141.0,3.9,165.0,4.1,14.0,19.0,12.0,0.96,,,,,,,I,Oral,7.5,,,Right forearm,Right etc,Right radial,,,,400.0,150.0,0,0,1700.0,0,0,0.0,0,100,0,0,0,0,0
5560,5013,0,8505,-116,8104.0,2164,7504,-114240,144960,0,0,57.0,M,167.7,68.9,24.5,2.0,0,General surgery,Thyroid,Thyroid nodule,Thyroid lobectomy,Open,Supine,General,0,0,Normal Sinus Rhythm,Normal,14.9,209.0,94.0,36.0,140.0,4.7,94.0,3.8,18.0,17.0,13.0,0.88,,,,,,,I,Oral,7.0,,,Left forearm,,,,,,,,0,0,350.0,0,0,0.0,0,50,0,0,0,0,0
1659,2880,0,7406,-2238,7362.0,1962,6762,-202020,316380,0,0,70.0,M,166.0,68.8,25.0,2.0,0,General surgery,Colorectal,"Colon cancer, rectosigmoid",Anterior resection,Open,Supine,General,1,0,Normal Sinus Rhythm,Mixed or pure obstructive,10.0,350.0,115.0,31.0,138.0,4.4,87.0,4.0,20.0,12.0,19.0,1.26,,,,,,,I,Oral,7.5,,,Left forearm,,,,,,,,0,0,,0,0,0.0,0,80,0,0,0,0,0
4966,5469,0,22024,-2675,20005.0,4105,19405,-136560,813840,0,0,68.0,M,163.0,63.9,24.1,,0,General surgery,Hepatic,hepatitis b related liver cirrhosis ,Liver segmentectomy,Open,Lithotomy,General,0,0,Normal Sinus Rhythm,Normal,,,,,,,,,,,,,,,,,,,I,Oral,7.5,,,Left forearm,Right forearm,Right radial,,Left IJV,,1050.0,220.0,0,0,1900.0,0,0,0.0,0,120,0,85,0,0,600
4788,3331,0,15507,-545,15835.0,2935,14910,-127560,218040,0,0,32.0,M,169.9,64.65,22.4,2.0,0,Thoracic surgery,Minor resection,Metastatic sarcoma to the lung unspecified side,Metastasectomy,Videoscopic,Left lateral decubitus,General,0,0,Normal Sinus Rhythm,Normal,12.8,205.0,95.0,31.4,142.0,4.2,91.0,4.1,42.0,50.0,14.0,0.94,,,,,,,I,Oral,,Left-35,,Left forearm,Right forearm,Left radial,,,,,80.0,0,0,1150.0,0,0,0.0,0,140,0,0,0,0,0
4769,5805,0,14251,272,14072.0,4172,13472,-113700,231900,0,0,54.0,F,153.0,52.75,22.5,1.0,0,Thoracic surgery,Minor resection,Solitary pulmonary nodule,Lung wedge resection,Videoscopic,Left lateral decubitus,General,0,0,Normal Sinus Rhythm,Normal,12.6,222.0,96.0,40.9,141.0,3.7,91.0,4.3,27.0,29.0,11.0,0.63,,,,,,,I,,,Left-32,,Right forearm,,Left radial,,Right IJV,,,80.0,0,0,500.0,0,0,0.0,0,100,0,0,0,0,0
3170,275,0,8736,-281,9319.0,2119,7819,-390240,300960,0,0,63.0,F,147.5,49.8,22.9,1.0,0,General surgery,Colorectal,"Colon cancer, splenic flexure",Subtotal colectomy,Open,Lithotomy,General,0,0,Normal Sinus Rhythm,Normal,12.8,318.0,96.0,36.8,,,109.0,4.0,12.0,8.0,11.0,0.68,,,,,,,II,Oral,7.0,,,Right forearm,Left etc,Right radial,,,,700.0,500.0,0,0,1550.0,0,0,0.0,0,100,0,5,0,0,0
789,1527,0,16029,-986,16294.0,1894,14794,-227280,377520,0,0,56.0,M,168.3,75.5,26.7,2.0,0,General surgery,Stomach,"Gastric submucosal tumor, benign",Gastric wedge resection,Videoscopic,Supine,General,1,0,Normal Sinus Rhythm,Normal,14.7,323.0,95.0,35.4,,,103.0,4.6,21.0,20.0,14.0,0.91,,,,,,,I,Oral,7.5,,,Left forearm,,,,,,200.0,330.0,0,0,650.0,0,0,0.0,0,115,0,0,0,0,0
4646,4973,0,8897,-382,8498.0,2798,7598,-374280,489720,0,0,70.0,F,147.7,46.6,21.4,2.0,0,General surgery,Colorectal,"Colon cancer, hepatic flexure",Hemicolectomy,Open,Supine,General,0,0,Normal Sinus Rhythm,Normal,9.6,233.0,85.0,30.9,142.0,3.9,185.0,3.6,13.0,9.0,9.0,0.5,,,,,,,I,Oral,7.0,,,Right forearm,,,,,,,20.0,0,0,300.0,0,0,0.0,0,50,0,5,0,0,0
1184,5824,0,10191,-278,9862.0,1762,9262,-142500,289500,0,0,55.0,M,169.5,53.9,18.8,2.0,0,Thoracic surgery,Others,Hepatocellular carcinoma,Excision,Open,Right lateral decubitus,General,0,0,Normal Sinus Rhythm,Normal,13.5,211.0,89.0,36.9,139.0,4.2,96.0,3.5,14.0,13.0,15.0,0.88,,,,,,,I,Oral,8.0,,,Left forearm,Right forearm,Right radial,,,,100.0,55.0,0,0,600.0,0,0,0.0,0,95,0,15,0,0,0
6333,955,0,13266,-345,12795.0,2595,12195,-119760,53040,0,0,44.0,F,156.7,54.5,22.2,2.0,0,General surgery,Breast,Breast cancer left,Excision,Open,Supine,General,0,0,Normal Sinus Rhythm,Normal,12.3,235.0,90.0,33.4,138.0,3.8,84.0,4.3,18.0,13.0,16.0,0.61,,,,,,,I,Oral,7.0,,,Right forearm,,,,,,50.0,,0,0,650.0,0,0,0.0,0,60,0,5,0,0,0
405,121,0,7615,-87,7713.0,2013,6813,-134460,124740,0,0,56.0,F,160.2,51.9,20.2,2.0,0,Thoracic surgery,Others,Thymoma ,Exploration,Videoscopic,Right lateral decubitus,General,0,0,Normal Sinus Rhythm,Normal,11.3,219.0,,,,,215.0,4.4,18.0,13.0,18.0,0.76,,,,,,,I,Oral,,Left-32,,Right forearm,Left hand,Right radial,,,,50.0,80.0,0,0,500.0,0,0,0.0,0,100,0,0,0,0,0
3851,877,0,10532,-1232,10108.0,2068,9568,-127200,650400,0,0,36.0,F,156.3,49.6,20.3,1.0,0,General surgery,Colorectal,Rectovaginal fistula,Fistulectomy,Open,Prone,General,0,0,Normal Sinus Rhythm,Normal,13.6,295.0,85.0,36.1,141.0,4.4,100.0,4.8,20.0,19.0,15.0,0.85,,,,,,,I,Oral,7.0,,,Left forearm,,,,,,30.0,300.0,0,0,500.0,0,0,0.0,0,65,0,0,0,0,0
5669,2672,0,17496,-1870,17930.0,2330,16730,-399660,1328340,0,0,22.0,M,171.2,52.6,17.9,3.0,0,General surgery,Transplantation,End stage kidney disease on dialysis,Kidney transplantation,Open,Supine,General,1,0,Normal Sinus Rhythm,Normal,8.5,385.0,110.0,37.7,131.0,5.2,88.0,3.4,18.0,30.0,84.0,18.22,,,,,,,I,Oral,7.5,,,Left forearm,,Right radial,,Right IJV,,500.0,230.0,0,0,1700.0,35,0,0.0,0,70,0,5,0,0,0
1255,1636,0,8355,-758,8842.0,2542,7342,-201120,317280,0,0,52.0,F,152.4,58.4,25.1,1.0,0,General surgery,Colorectal,"Colon cancer, ascending",Hemicolectomy,Open,Supine,General,0,0,Normal Sinus Rhythm,Normal,12.3,281.0,101.0,29.8,142.0,4.0,84.0,4.1,24.0,19.0,11.0,0.66,,,,,,,I,Oral,7.0,,,Left forearm,,,,,,50.0,250.0,0,0,650.0,0,0,0.0,0,90,0,15,0,0,0
2056,708,0,16666,-1558,16562.0,2462,15362,-223080,554520,0,0,58.0,M,171.8,64.8,22.0,1.0,0,General surgery,Stomach,Early gastric cancer,Distal gastrectomy,Videoscopic,Supine,General,0,0,Normal Sinus Rhythm,Normal,14.5,246.0,92.0,29.2,142.0,4.1,114.0,4.6,18.0,15.0,18.0,0.89,,,,,,,II,Oral,7.5,,,Right forearm,,,,,,,210.0,0,0,600.0,0,0,0.0,0,110,0,10,0,0,0
3874,5342,0,10257,-369,9651.0,1851,9351,-210840,307560,0,0,66.0,F,159.7,63.75,25.0,2.0,0,General surgery,Colorectal,Rectal cancer,Ultralow anterior resection,Open,Lithotomy,General,1,0,Normal Sinus Rhythm,Normal,13.7,276.0,114.0,34.4,143.0,4.6,97.0,4.4,27.0,20.0,9.0,0.66,,,,,,,,Oral,7.0,,,Right forearm,,,,,,250.0,150.0,0,0,400.0,0,0,0.0,0,80,0,20,0,0,0
1630,5004,0,15562,-754,17246.0,2726,14546,-288120,403080,1,0,76.0,F,162.5,54.3,20.6,3.0,0,General surgery,Vascular,"Aneurysm, popliteal artery",Resection of popliteal artery,Open,Supine,General,1,0,Normal Sinus Rhythm,Normal,12.0,192.0,83.0,35.8,133.0,4.3,101.0,3.9,23.0,20.0,14.0,0.73,7.427,25.2,1.0,81.4,38.2,96.1,I,Oral,7.0,,,Left forearm,Left etc,Right radial,,,,2400.0,550.0,4,0,2500.0,1000,0,0.0,0,80,0,5,0,0,2100
1208,4495,0,26562,-1327,26573.0,3173,25373,-288120,575880,1,0,76.0,M,166.4,61.5,22.2,2.0,1,General surgery,Vascular,"Atherosclerosis obliterans, limb",Femoro-popliteal bypass,Open,Supine,General,1,0,Normal Sinus Rhythm,Moderate obstructive,12.8,421.0,103.0,32.9,136.0,4.6,119.0,4.0,15.0,14.0,17.0,0.85,,,,,,,I,Oral,7.5,,,Right hand,Left forearm,Right radial,,,,600.0,635.0,0,0,3250.0,0,0,0.0,0,120,0,20,80,0,600
122,3210,0,16848,-427,16313.0,2813,16013,-546780,749220,0,0,74.0,M,166.7,69.5,25.0,3.0,0,General surgery,Stomach,Early gastric cancer,Distal gastrectomy,Videoscopic,Supine,General,1,0,Normal Sinus Rhythm,Normal,9.8,188.0,100.0,29.9,145.0,5.5,86.0,4.2,27.0,14.0,62.0,3.27,,,,,,,II,Oral,7.5,,,Left forearm,,,,,,100.0,100.0,0,0,800.0,0,0,0.0,0,90,0,35,0,0,0
6356,5018,0,22116,-1191,21609.0,2109,20409,-201540,835260,0,0,65.0,M,166.6,54.3,19.6,2.0,0,General surgery,Colorectal,"Colon cancer, transverse",Hemicolectomy,Videoscopic,Lithotomy,General,0,1,Normal Sinus Rhythm,Normal,13.5,296.0,89.0,31.7,138.0,4.4,103.0,3.9,14.0,9.0,15.0,0.99,,,,,,,I,Oral,7.5,,,Left forearm,,,,,,450.0,350.0,0,0,2800.0,0,100,0.0,100,140,0,15,0,0,0
3610,4519,0,17958,-1444,17636.0,1436,17036,-920160,894240,0,0,60.0,M,168.1,51.55,18.2,2.0,0,General surgery,Stomach,Unspecified gastric cancer ,Distal gastrectomy,Videoscopic,Supine,General,0,0,Normal Sinus Rhythm,Mild obstructive,13.0,204.0,91.0,32.1,139.0,4.0,83.0,3.8,15.0,11.0,21.0,0.95,,,,,,,I,Oral,,,,Left forearm,,,,,,100.0,100.0,0,0,1300.0,0,0,0.0,0,145,0,25,0,0,300
3935,2508,0,9440,-383,8917.0,2617,8017,-200460,317940,0,0,84.0,M,170.3,80.6,27.8,3.0,0,Thoracic surgery,Minor resection,Metastatic cancer to the lung left,Metastasectomy,Videoscopic,Right lateral decubitus,General,1,0,Normal Sinus Rhythm,Moderate obstructive,12.4,182.0,95.0,28.5,141.0,4.4,111.0,3.8,15.0,8.0,23.0,1.06,7.373,24.7,0.4,86.2,44.7,95.2,I,Oral,,Left-37,,Right hand,Left etc,Right radial,,,,50.0,100.0,0,0,600.0,0,0,0.0,0,110,0,5,0,0,0
5751,501,0,16031,-1471,16769.0,2369,14969,-131400,300600,0,0,44.0,M,165.0,92.2,33.9,2.0,0,General surgery,Thyroid,Thyroid nodule,Total thyroidectomy,Open,Supine,General,1,0,Normal Sinus Rhythm,Normal,16.7,266.0,103.0,33.1,141.0,4.3,104.0,4.2,15.0,15.0,9.0,1.1,,,,,,,I,Oral,7.0,,,Right forearm,Right foot,Left radial,,Right ,,60.0,,0,0,1200.0,0,0,0.0,0,70,0,10,0,0,0
5490,2347,0,14557,-887,13993.0,4093,11593,-201060,230940,0,0,33.0,F,155.0,41.35,17.2,,0,Thoracic surgery,Others,"Thymoma, type AB",Excision,Open,Right lateral decubitus,General,0,0,Normal Sinus Rhythm,Normal,,,,,,,,,,,,,,,,,,,I,Oral,,Right-35,,Left forearm,,Right radial,,Right IJV,,,250.0,0,0,,0,0,0.0,0,90,0,0,0,0,0
6210,257,0,7929,-1195,8045.0,1745,7327,-201600,576000,0,0,52.0,M,168.0,61.3,21.7,2.0,0,General surgery,Colorectal,"Colon cancer, ascending",Hemicolectomy,Open,Supine,General,0,0,Normal Sinus Rhythm,Normal,8.4,339.0,94.0,29.5,144.0,4.0,96.0,3.8,13.0,8.0,15.0,0.77,7.233,16.0,-10.8,154.0,38.8,96.5,I,Oral,7.5,,,Left forearm,Right etc,Right radial,,Right IJV,,100.0,100.0,1,0,1300.0,0,0,0.0,0,120,0,0,0,0,0
3426,5364,0,9981,-1582,10118.0,2918,9218,-128460,389940,0,0,61.0,F,149.9,48.8,21.7,1.0,0,Thoracic surgery,Minor resection,Solitary pulmonary nodule,Lung wedge resection,Videoscopic,Left lateral decubitus,General,0,0,Normal Sinus Rhythm,Normal,12.8,244.0,100.0,29.9,,,94.0,4.4,26.0,27.0,8.0,0.57,,,,,,,I,Oral,8.0,Left-32,,Left forearm,,Left radial,,Right IJV,,50.0,230.0,0,0,600.0,0,0,0.0,0,100,0,5,0,0,0
5749,4641,0,23065,-1719,22581.0,2481,21681,-201780,748620,0,0,80.0,F,143.7,52.5,25.4,2.0,0,General surgery,Stomach,Advanced gastric cancer,Distal gastrectomy,Videoscopic,Supine,General,1,0,Normal Sinus Rhythm,Normal,9.6,225.0,99.0,27.8,139.0,4.0,136.0,3.9,36.0,27.0,11.0,0.42,,,,,,,I,Oral,7.0,,,Left forearm,,Right radial,,,,240.0,100.0,0,0,2100.0,0,0,0.0,0,100,0,0,0,0,0
5463,2713,0,13025,-674,12646.0,3946,11746,-312840,637560,0,0,74.0,F,154.4,58.6,24.6,2.0,0,General surgery,Hepatic,Hepatocellular carcinoma,Liver sectionectomy,Open,Supine,General,0,0,Normal Sinus Rhythm,Normal,13.1,167.0,103.0,34.3,142.0,3.9,110.0,4.5,22.0,18.0,17.0,0.56,,,,,,,I,Oral,7.0,,,Right forearm,,Right radial,,,,100.0,120.0,0,0,1100.0,0,0,0.0,0,70,0,10,0,0,0
481,621,0,9953,-657,10143.0,2823,8943,-201000,231000,1,0,76.0,F,151.0,61.6,27.0,2.0,0,Thoracic surgery,Major resection,Lung cancer unspecified side,Lung lobectomy,Videoscopic,Left lateral decubitus,General,1,0,Normal Sinus Rhythm,Normal,13.2,196.0,107.0,31.8,142.0,3.6,156.0,3.5,16.0,11.0,22.0,0.93,,,,,,,,Oral,,Left-32,,Left forearm,,Left radial,,Right IJV,,50.0,140.0,0,0,650.0,0,0,0.0,0,80,0,10,0,0,0
2875,4617,0,8342,-202,7898.0,2198,6698,-199980,491220,0,0,64.0,F,160.9,64.1,24.8,2.0,0,General surgery,Breast,Ductal carcinoma in situ of breast left,Total mastectomy,Open,Supine,General,0,0,Normal Sinus Rhythm,Mild restrictive,13.0,257.0,100.0,30.4,143.0,4.1,93.0,4.2,15.0,16.0,12.0,0.57,,,,,,,I,Oral,7.0,,,Left foot,,,,,,100.0,,0,0,800.0,0,0,0.0,0,50,0,15,0,0,0
4991,1943,0,14836,-1791,15249.0,3249,14243,-130500,301500,1,0,59.0,M,171.5,61.5,20.9,1.0,0,Thoracic surgery,Major resection,Lung cancer right,Lung bilobectomy,Open,Left lateral decubitus,General,0,0,Normal Sinus Rhythm,Normal,12.2,350.0,82.0,36.4,140.0,3.9,119.0,4.2,18.0,9.0,14.0,0.7,,,,,,,II,Oral,,Left-35,,Left forearm,,Left radial,,Right IJV,,,110.0,0,0,1100.0,0,0,0.0,0,130,0,0,0,0,0
1814,747,0,8726,-137,8863.0,2863,8263,-86520,345480,1,0,42.0,F,160.7,50.9,19.7,2.0,1,Thoracic surgery,Others,Hemothorax,Bleeding control,Videoscopic,Left lateral decubitus,General,0,0,Normal Sinus Rhythm,Normal,10.0,178.0,85.0,28.1,138.0,3.6,144.0,2.6,14.0,10.0,8.0,0.54,,,,,,,I,Oral,,Left-35,,Left hand,Left forearm,Left dorsalis pedis,,Right IJV,,500.0,,1,0,300.0,500,0,0.0,0,120,0,15,1900,0,1500
1089,5663,0,12889,-892,13088.0,2588,11588,-134460,1766340,1,0,57.0,M,167.9,58.0,20.6,1.0,0,Thoracic surgery,Minor resection,"Abnormal chest CT, lung",Lung wedge resection,Videoscopic,Left lateral decubitus,General,0,0,Normal Sinus Rhythm,Normal,14.1,204.0,110.0,30.8,140.0,4.4,103.0,3.9,26.0,20.0,16.0,0.7,,,,,,,I,Oral,,Left-37,,Left forearm,,Left radial,,Right IJV,,50.0,70.0,0,0,400.0,0,0,0.0,0,100,0,10,0,0,0
1933,1997,0,7615,-466,7334.0,1034,6734,-86220,777780,1,0,72.0,F,150.5,39.95,17.6,2.0,1,General surgery,Others,Intestinal ischemia ,Exploratory laparotomy,Open,,General,0,0,Normal Sinus Rhythm,Normal,11.8,189.0,84.0,26.4,136.0,5.7,124.0,3.4,37.0,25.0,64.0,1.63,,,,,,,,,,,,,,,,,,,,0,0,,0,0,0.0,0,0,0,0,0,0,0
3196,3090,0,17942,-81,17619.0,2619,16719,-114360,576840,0,0,52.0,F,154.4,56.15,23.6,1.0,0,General surgery,Transplantation,Living liver donor,Donor hepatectomy,Open,Supine,General,0,0,Normal Sinus Rhythm,Normal,15.1,243.0,103.0,31.2,140.0,4.1,122.0,4.6,17.0,22.0,18.0,0.64,,,,,,,I,Oral,7.0,,,Right forearm,Left etc,Left radial,,,,300.0,100.0,0,0,1700.0,10,0,0.0,0,80,0,0,0,0,0
5388,5605,0,20588,-576,20004.0,4404,18804,-200460,577140,1,0,70.0,M,165.0,59.9,22.0,1.0,0,Thoracic surgery,Major resection,Lung cancer right,Lung bilobectomy,Videoscopic,Left lateral decubitus,General,0,0,Normal Sinus Rhythm,Mild obstructive,15.3,230.0,103.0,33.0,139.0,4.6,93.0,4.5,25.0,29.0,24.0,0.86,,,,,,,II,Oral,,Left-35,,Right forearm,,Left radial,,Right IJV,,300.0,150.0,0,0,1300.0,0,0,0.0,0,180,0,0,0,0,0
5167,5360,0,10685,-296,10444.0,1744,9844,-398700,378900,0,0,58.0,M,170.5,69.5,23.9,2.0,0,General surgery,Colorectal,Rectal cancer,Low anterior resection,Open,Lithotomy,General,0,1,Normal Sinus Rhythm,Normal,10.7,260.0,90.0,28.4,136.0,4.1,169.0,3.8,39.0,42.0,9.0,0.65,,,,,,,I,Oral,7.5,,,Right forearm,,,,,,1000.0,70.0,2,0,,250,0,0.0,0,100,0,5,0,0,0
822,12,0,20354,-174,19926.0,2826,19326,-114420,663180,0,0,45.0,F,162.8,53.0,20.0,1.0,0,General surgery,Transplantation,Living liver donor,Donor hepatectomy,Videoscopic,Lithotomy,General,0,0,Normal Sinus Rhythm,Normal,13.0,330.0,95.0,30.2,141.0,4.0,68.0,4.4,21.0,21.0,7.0,0.48,,,,,,,I,Oral,7.0,,,Left forearm,Left etc,Right radial,,,,200.0,110.0,0,0,1400.0,0,0,0.0,0,90,0,5,0,0,0
1785,860,0,21832,-762,21618.0,3618,21318,-297840,911760,3,0,57.0,M,171.0,70.6,24.1,2.0,0,General surgery,Transplantation,Hepatocellular carcinoma,Liver transplantation,Open,Supine,General,1,0,Normal Sinus Rhythm,Normal,14.6,295.0,84.0,44.5,144.0,4.3,105.0,3.3,34.0,35.0,9.0,0.8,,,,,,,I,Oral,7.5,,,Left forearm,,Right radial,Right femoral,Right IJV,Right IJV,600.0,120.0,0,0,3700.0,200,0,0.0,0,70,0,45,0,0,1200
350,2387,0,8324,798,7278.0,2778,7278,-113880,318120,0,0,40.0,F,157.6,50.9,20.5,1.0,0,General surgery,Breast,Ductal carcinoma in situ of breast unspecified side,Breast-conserving surgery,Open,Supine,General,0,0,Normal Sinus Rhythm,Normal,12.3,164.0,100.0,38.1,141.0,4.3,92.0,4.5,23.0,22.0,10.0,0.69,,,,,,,I,Oral,7.0,,,Left forearm,,,,,,,,0,0,200.0,0,0,0.0,0,50,0,0,0,0,0
297,2044,0,11343,196,12016.0,3616,11116,-200640,317760,1,0,71.0,F,142.7,55.3,27.2,2.0,0,Thoracic surgery,Major resection,Lung cancer right,Lung lobectomy,Videoscopic,Left lateral decubitus,General,0,0,Normal Sinus Rhythm,Normal,12.3,260.0,110.0,32.8,141.0,4.6,102.0,3.8,24.0,11.0,6.0,0.49,,,,,,,I,Oral,,Left-32,,Right forearm,,Left radial,,Right IJV,,100.0,170.0,0,0,350.0,0,0,0.0,0,80,0,0,0,0,0
4275,1581,0,16205,-908,16012.0,2212,15412,-219780,557820,0,0,59.0,F,156.2,42.8,17.5,2.0,0,General surgery,Stomach,Early gastric cancer,Distal gastrectomy,Videoscopic,Supine,General,0,0,Normal Sinus Rhythm,Normal,14.0,225.0,104.0,30.7,140.0,3.8,98.0,4.5,22.0,19.0,14.0,0.63,,,,,,,I,Oral,7.0,,,Left forearm,,,,,,,650.0,0,0,1100.0,0,0,0.0,0,85,0,5,0,0,0
3220,6007,0,21346,-554,21526.0,2326,19126,-133260,471540,0,0,70.0,M,162.0,59.6,22.7,2.0,0,General surgery,Stomach,Early gastric cancer ,Distal gastrectomy,Videoscopic,,General,1,1,Normal Sinus Rhythm,Normal,15.3,257.0,153.0,37.0,137.0,4.5,,,,,,,,,,,,,I,Oral,7.5,,,Left forearm,,,,,,100.0,240.0,0,0,2100.0,0,0,0.0,0,130,0,0,0,0,0
2997,1308,0,9128,-1726,9554.0,2354,8354,-132900,39900,0,0,53.0,M,174.6,89.6,29.4,1.0,0,General surgery,Vascular,Varicose vein of lower limb,Ligation and stripping,Open,Supine,General,0,0,Normal Sinus Rhythm,Normal,16.0,248.0,116.0,32.3,140.0,4.2,101.0,4.2,22.0,26.0,18.0,1.16,,,,,,,I,Oral,7.5,,,Left forearm,,,,,,,500.0,0,0,250.0,0,0,0.0,0,100,0,30,0,0,0
5140,3803,0,17332,-951,17649.0,2649,16731,-201300,749100,0,0,52.0,F,153.8,41.5,17.5,2.0,1,General surgery,Colorectal,Rectal cancer ,Low anterior resection,Videoscopic,Lithotomy,General,0,0,Normal Sinus Rhythm,Normal,11.6,397.0,100.0,33.2,137.0,3.9,90.0,4.1,14.0,6.0,10.0,0.62,,,,,,,I,Oral,7.0,,,Left forearm,,Left radial,,,,100.0,120.0,0,0,1600.0,0,0,0.0,0,95,0,0,0,0,0
2632,665,0,15038,-1980,14820.0,2820,13920,-207780,137820,0,0,30.0,M,175.5,70.1,22.8,,0,Thoracic surgery,Minor resection,Angiosarcoma ,Metastasectomy,Videoscopic,Right lateral decubitus,General,0,0,Normal Sinus Rhythm,Normal,,,,,,,,,,,,,,,,,,,I,Oral,,Left-37,,Left forearm,Right forearm,Right radial,,,,,600.0,0,0,650.0,0,0,0.0,0,140,0,15,0,0,0
37,1216,0,11807,-1041,11079.0,1479,10479,-292200,571800,0,0,56.0,M,180.5,82.75,25.4,2.0,0,General surgery,Biliary/Pancreas,Gallbladder stone without obstruction,Cholecystectomy,Videoscopic,Supine,General,1,0,Normal Sinus Rhythm,Normal,13.6,273.0,91.0,31.8,143.0,4.3,117.0,4.5,16.0,10.0,11.0,1.0,,,,,,,I,Oral,7.5,,,Left forearm,,,,,,150.0,,0,0,700.0,0,0,0.0,0,70,0,0,0,0,0
1408,5636,0,12130,-1826,11554.0,1654,10954,-130920,1251480,1,0,76.0,M,166.5,65.1,23.5,2.0,0,Thoracic surgery,Major resection,Lung cancer right,Lung lobectomy,Videoscopic,Left lateral decubitus,General,1,0,Normal Sinus Rhythm,Mild obstructive,,,,,,,,,,,,,,,,,,,I,Oral,,Left-35,,Left forearm,,Left radial,,Right IJV,,100.0,275.0,0,0,1300.0,0,0,0.0,0,80,0,5,180,0,300
3279,5648,0,14310,-1772,14728.0,2128,13528,-115440,402960,0,0,45.0,M,174.8,62.3,20.4,3.0,0,Thoracic surgery,Minor resection,Metastatic cancer to the lung left,Lung sgmentectomy,Videoscopic,Right lateral decubitus,General,0,0,Normal Sinus Rhythm,Normal,12.4,158.0,110.0,30.2,139.0,4.4,178.0,4.4,27.0,24.0,16.0,0.79,,,,,,,I,Oral,,Left-37,,Left forearm,,Right radial,,Right IJV,,,250.0,0,0,1210.0,0,0,0.0,0,20,0,0,0,0,0
5164,2755,0,17216,-870,17430.0,2430,16230,-134940,1074660,0,0,55.0,M,165.8,49.9,18.2,2.0,0,Thoracic surgery,Others,Fibrothorax,Decortication,Videoscopic,Left lateral decubitus,General,0,0,Normal Sinus Rhythm,Mild restrictive,13.0,182.0,96.0,31.9,139.0,4.4,121.0,4.8,18.0,14.0,15.0,0.96,,,,,,,I,Oral,,Left-35,,Left forearm,,Left radial,,Right IJV,,100.0,180.0,0,0,550.0,0,0,0.0,0,120,0,0,0,0,0
3573,3038,0,12825,-42,12558.0,1458,11058,-223500,1072500,1,0,44.0,M,174.7,80.85,26.5,2.0,0,General surgery,Biliary/Pancreas,Neuroendocrine carcinoma of pancreas ,Distal pancreatectomy,Open,Reverse Trendelenburg,General,0,0,Normal Sinus Rhythm,Normal,16.2,245.0,139.0,30.0,143.0,4.3,93.0,4.8,26.0,36.0,23.0,1.03,,,,,,,I,Oral,7.5,,,Left forearm,Right forearm,Right radial,,,,200.0,150.0,0,0,1200.0,0,0,0.0,0,120,0,0,0,0,0
5322,3169,0,15885,-698,16222.0,2722,15281,-1756740,576060,1,0,74.0,M,161.3,64.1,24.6,3.0,0,Thoracic surgery,Major resection,Lung cancer right,Sleeve lobectomy,Open,Left lateral decubitus,General,1,1,Normal Sinus Rhythm,Mild obstructive,12.1,222.0,96.0,30.5,142.0,4.2,199.0,3.1,43.0,54.0,18.0,1.68,,,,,,,I,Oral,,Left-35,,Left forearm,,Left radial,,Right IJV,,700.0,125.0,0,0,1100.0,0,0,0.0,0,130,0,0,270,0,0
4948,4134,0,8446,-2084,8776.0,1576,7576,-212580,392220,0,0,62.0,F,151.4,50.6,22.1,1.0,0,General surgery,Colorectal,"Colon cancer, sigmoid",Anterior resection,Open,Lithotomy,General,0,0,Normal Sinus Rhythm,Normal,12.5,341.0,101.0,31.6,143.0,4.1,104.0,3.8,18.0,16.0,7.0,0.5,,,,,,,I,,6.5,,,Left forearm,,,,,,100.0,200.0,0,0,500.0,0,0,0.0,0,80,0,0,0,0,0
4954,3420,0,10074,-268,9932.0,2972,8732,-222840,209160,1,0,66.0,M,169.0,66.8,23.4,2.0,0,Thoracic surgery,Major resection,Lung cancer right,Lung lobectomy,Videoscopic,Left lateral decubitus,General,1,0,Normal Sinus Rhythm,Normal,13.6,234.0,112.0,31.2,144.0,3.8,104.0,4.3,19.0,22.0,10.0,0.78,,,,,,,,Oral,,Left-37,,Right forearm,,Left radial,,Right IJV,,150.0,110.0,0,0,1100.0,0,0,0.0,0,90,0,5,0,0,300
5558,4849,0,11763,-299,11401.0,3001,11161,-373740,490260,0,0,44.0,F,157.4,53.3,21.5,2.0,0,Urology,Minor resection,Bladder cancer,Transurethral resection of bladder tumor,Videoscopic,Lithotomy,General,0,0,Normal Sinus Rhythm,Normal,13.7,350.0,90.0,35.1,141.0,4.2,77.0,3.8,227.0,77.0,10.0,0.58,,,,,,,I,Oral,7.0,,,Right forearm,,,,,,,600.0,0,0,2000.0,20,0,0.0,0,100,0,10,0,0,0
5070,1381,0,23497,437,23237.0,2537,22637,-119520,830880,1,0,56.0,M,173.1,67.2,22.4,2.0,0,Thoracic surgery,Major resection,Complete blood count abnormality,Lung lobectomy,Open,Supine,General,1,0,Normal Sinus Rhythm,Normal,13.6,173.0,135.0,24.3,130.0,4.6,294.0,3.8,15.0,43.0,26.0,0.74,,,,,,,I,Oral,,Left-37,,Left forearm,,Left radial,,Right IJV,,900.0,483.0,2,0,2250.0,1000,0,0.0,0,200,0,5,100,0,0
2349,348,0,21918,-1833,21987.0,2187,21316,-131580,3238020,2,0,68.0,M,165.0,44.0,16.2,3.0,0,Thoracic surgery,Major resection,Lung cancer right,Lung lobectomy,Videoscopic,Left lateral decubitus,General,0,0,Premature atrial complexes,Mild restrictive,11.9,266.0,91.0,35.6,132.0,4.8,93.0,4.5,23.0,14.0,12.0,0.98,7.38,25.8,1.7,89.9,45.2,96.1,I,Oral,,Left-37,,Right forearm,,Left radial,,Right IJV,,500.0,330.0,0,0,2100.0,500,0,0.0,0,110,0,5,260,0,0
6170,5010,0,14912,-390,14490.0,2790,13890,-200880,576720,0,0,80.0,M,168.0,64.55,22.9,1.0,0,General surgery,Stomach,Early gastric cancer ,Pylorus preserving gastrectomy,Videoscopic,Supine,General,0,0,Normal Sinus Rhythm,Normal,13.8,308.0,102.0,32.0,140.0,4.7,116.0,3.8,23.0,17.0,19.0,0.99,,,,,,,I,Oral,7.5,,,Left forearm,,,,,,100.0,300.0,0,0,1000.0,0,0,0.0,0,80,0,30,0,0,0
3621,4865,0,17789,-188,17812.0,3412,16312,-200580,1095420,0,0,46.0,M,172.1,70.5,23.8,2.0,0,General surgery,Colorectal,Lymph node metastasis ,Radical excision of iliac lymph nodes,Open,Supine,General,0,0,Normal Sinus Rhythm,Normal,12.4,302.0,74.0,77.1,141.0,4.8,88.0,3.5,23.0,22.0,9.0,0.77,,,,,,,,Oral,7.5,,,Right forearm,Left forearm,Right radial,,,,350.0,240.0,0,0,1800.0,0,0,0.0,0,120,0,5,0,0,0
1918,4788,0,27763,-16,28184.0,2984,26684,-213900,1773300,3,0,56.0,M,165.7,60.8,22.1,3.0,0,Thoracic surgery,Major resection,Non-small cell lung cancer left,Lung lobectomy,Videoscopic,Right lateral decubitus,General,0,0,Normal Sinus Rhythm,Mild restrictive,10.0,343.0,88.0,29.0,140.0,4.1,166.0,3.1,14.0,27.0,8.0,0.75,,,,,,,I,Oral,,Left-37,,Right forearm,,Right radial,,Right IJV,,1550.0,650.0,0,0,1800.0,1000,0,0.0,0,120,0,0,0,0,0
4390,5356,0,12333,-350,12190.0,2530,11590,-225960,378840,1,0,78.0,F,153.0,47.2,20.2,3.0,0,Thoracic surgery,Major resection,"Abnormal chest CT, lung",Lung lobectomy,Videoscopic,Left lateral decubitus,General,0,0,Normal Sinus Rhythm,Normal,11.4,184.0,106.0,46.3,143.0,4.6,106.0,4.7,14.0,6.0,19.0,0.72,,,,,,,,Oral,,Left-35,,Left forearm,,Left radial,,Right IJV,,,,0,0,850.0,0,0,0.0,0,110,0,0,40,0,0
785,1509,0,15052,-981,15639.0,3039,13839,-133740,298260,0,0,64.0,M,166.3,76.7,27.7,2.0,0,General surgery,Transplantation,"Kidney donor, live related",Donor nephrectomy,Videoscopic,Left lateral decubitus,General,1,0,Normal Sinus Rhythm,Normal,14.5,246.0,112.0,33.4,142.0,4.3,104.0,4.4,19.0,19.0,15.0,0.84,,,,,,,IIIa,Oral,7.5,,,Left forearm,,,,,,,150.0,0,0,450.0,0,0,0.0,0,70,0,30,0,0,0
3670,1170,0,8382,-2988,7752.0,1452,7452,-382500,308700,0,0,74.0,M,174.0,52.7,17.4,2.0,0,General surgery,Colorectal,"Colon cancer, sigmoid",Hartmann procedure,Open,Lithotomy,General,1,0,Normal Sinus Rhythm,Mild obstructive,10.5,384.0,106.0,32.1,139.0,4.4,73.0,3.9,25.0,16.0,17.0,1.07,7.396,24.0,-0.5,116.0,39.5,98.7,I,Oral,7.5,,,Right forearm,,,,,,200.0,50.0,0,0,600.0,0,0,0.0,0,60,0,5,0,0,0
4899,2308,0,19700,-1514,19306.0,2806,17206,-127680,390720,1,0,83.0,M,171.9,79.6,26.9,2.0,0,Thoracic surgery,Major resection,Lung cancer left,Lung lobectomy,Videoscopic,Right lateral decubitus,General,0,0,Normal Sinus Rhythm,Normal,12.2,209.0,114.0,34.5,142.0,4.6,97.0,4.4,41.0,47.0,35.0,1.78,,,,,,,I,Oral,8.0,,,Left forearm,,Right etc,,Right IJV,,250.0,240.0,0,0,600.0,0,0,0.0,0,110,0,0,0,0,0
1802,3395,0,13469,-326,13174.0,2974,11974,-561600,648000,0,0,32.0,M,170.2,65.2,22.5,2.0,0,General surgery,Hepatic,"Cholangiocarcinoma, intrahepatic",Hemihepatectomy,Open,Supine,General,0,0,Normal Sinus Rhythm,Normal,9.5,542.0,63.0,33.6,137.0,4.7,180.0,3.2,12.0,7.0,11.0,0.77,,,,,,,I,Oral,7.5,,,Right forearm,,Right radial,,Right IJV,,300.0,60.0,0,0,1500.0,0,0,0.0,0,100,0,0,0,0,300
382,2125,0,18446,-778,18422.0,3002,17522,-213120,564480,0,0,72.0,F,149.8,61.0,27.2,2.0,0,General surgery,Colorectal,Rectal cancer,Low anterior resection,Videoscopic,Lithotomy,General,1,0,Normal Sinus Rhythm,Normal,12.4,269.0,104.0,30.2,140.0,3.3,100.0,4.0,16.0,15.0,14.0,0.73,,,,,,,I,Oral,7.0,,,Left forearm,Right etc,Right radial,,,,250.0,230.0,0,0,2150.0,0,0,0.0,0,100,0,20,0,0,0
6090,5962,0,19542,-593,19627.0,2527,18487,-201120,1094880,1,0,72.0,F,150.4,53.4,23.6,2.0,0,General surgery,Stomach,"Neuroendocrine tumor of duodenum, G1",Total gastrectomy,Open,Supine,General,1,1,Normal Sinus Rhythm,Normal,10.6,254.0,104.0,33.5,139.0,4.5,87.0,3.7,15.0,9.0,20.0,0.73,,,,,,,,Oral,7.0,,,Left forearm,,,,,,300.0,130.0,0,0,850.0,0,0,0.0,0,90,0,15,0,0,0
1115,3072,0,17880,11,17411.0,3911,15011,-286740,663660,1,0,81.0,M,176.3,59.3,19.1,2.0,0,Thoracic surgery,Major resection,Lung cancer right,Lung lobectomy,Videoscopic,Left lateral decubitus,General,0,0,Normal Sinus Rhythm,Normal,9.8,161.0,99.0,34.7,141.0,5.4,100.0,4.2,20.0,18.0,24.0,1.35,,,,,,,I,Oral,,Left-37,,Left hand,,Left radial,,Right IJV,,250.0,110.0,0,0,900.0,0,0,0.0,0,110,0,10,0,0,0
5434,2754,0,11769,-242,12118.0,1918,10018,-122880,136320,0,0,65.0,F,150.9,78.95,34.7,3.0,0,Thoracic surgery,Minor resection,Breast cancer unspecified side,Lung wedge resection,Videoscopic,Right lateral decubitus,General,1,0,Normal Sinus Rhythm,Normal,13.5,234.0,40.0,27.0,143.0,3.8,122.0,4.1,20.0,17.0,10.0,0.57,,,,,,,I,Oral,,Left-32,,Left forearm,Right foot,Right radial,,,,50.0,,0,0,800.0,0,0,0.0,0,100,0,0,80,0,0
2834,1718,0,12003,-947,11893.0,2593,10993,-201060,490140,0,0,50.0,M,169.8,80.75,28.0,3.0,1,General surgery,Colorectal,"Colon cancer, sigmoid",Hemicolectomy,Videoscopic,Lithotomy,General,1,1,Normal Sinus Rhythm,Normal,12.9,260.0,107.0,31.2,140.0,4.1,115.0,4.5,53.0,12.0,12.0,0.93,,,,,,,I,Oral,7.5,,,Left forearm,,,,,,,370.0,0,0,800.0,0,0,0.0,0,120,0,0,0,0,0
2708,6022,0,19185,-594,18906.0,1506,18306,-145140,373260,0,0,32.0,F,170.3,83.0,28.6,1.0,0,General surgery,Thyroid,Thyroid nodule,Total thyroidectomy,Open,Supine,General,0,0,Normal Sinus Rhythm,Normal,14.1,386.0,85.0,31.9,139.0,4.1,101.0,4.4,27.0,50.0,13.0,0.62,,,,,,,I,Oral,7.0,,,Left forearm,,,,,,100.0,,0,0,1600.0,0,0,0.0,0,80,0,11,0,0,0
3319,2613,0,9788,-668,9112.0,2092,8692,-211500,393300,0,0,57.0,F,155.8,61.0,25.1,1.0,0,General surgery,Breast,Ductal carcinoma in situ of breast right,Breast-conserving surgery,Open,Supine,General,0,0,Normal Sinus Rhythm,Normal,12.9,257.0,99.0,35.6,139.0,4.0,91.0,4.2,17.0,17.0,9.0,0.6,,,,,,,I,Oral,7.0,,,Left forearm,,,,,,50.0,,0,0,350.0,0,0,0.0,0,70,0,5,0,0,0
5578,4480,0,16872,-698,16702.0,3502,15502,-217260,992340,0,0,59.0,M,166.0,60.7,22.0,2.0,0,General surgery,Hepatic,Hepatocellular carcinoma,Hemihepatectomy,Open,Supine,General,0,0,Normal Sinus Rhythm,Normal,12.3,158.0,83.0,36.9,143.0,3.9,90.0,4.4,43.0,30.0,16.0,0.75,,,,,,,,Oral,7.5,,,Left forearm,,Left radial,,Right IJV,,450.0,120.0,0,0,1700.0,0,0,0.0,0,110,0,0,0,0,0
6297,4900,0,26181,-341,26659.0,3859,25159,-385500,996900,4,0,63.0,F,153.9,61.4,25.9,,1,General surgery,Transplantation,Liver cirrhosis with hepatitis C Child-Pugh C,Liver transplantation,Open,Supine,General,0,0,Normal Sinus Rhythm,Normal,,,,,,,,,,,,,,,,,,,I,Oral,7.0,,,Left forearm,,Right radial,Right femoral,Right IJV,Right IJV,800.0,200.0,2,3,4500.0,400,0,0.0,0,70,0,0,0,75,1800
124,748,0,9290,-485,8995.0,1495,8395,-210000,481200,0,0,46.0,F,157.6,49.4,19.9,2.0,1,General surgery,Colorectal,"Colon cancer, ascending",Hartmann procedure,Open,Lithotomy,General,0,0,Normal Sinus Rhythm,Normal,11.6,216.0,100.0,31.5,141.0,4.0,81.0,4.4,15.0,10.0,12.0,0.63,,,,,,,I,Oral,7.0,,,Left forearm,Left etc,Right radial,,,,300.0,30.0,0,0,1450.0,0,0,0.0,0,100,0,5,0,0,0
4858,1067,0,12472,-445,12155.0,1655,11555,-223620,553980,0,0,66.0,F,152.2,47.5,20.5,2.0,1,General surgery,Biliary/Pancreas,Gallbladder cancer,Extended cholecystectomy,Open,Supine,General,0,1,Normal Sinus Rhythm,Normal,14.1,211.0,106.0,28.0,141.0,4.2,147.0,4.3,19.0,20.0,10.0,0.66,,,,,,,I,Oral,7.0,,,Right forearm,,Right dorsalis pedis,,Left EJV,,400.0,250.0,0,0,700.0,0,0,0.0,0,70,0,5,50,0,0
2744,1078,0,17744,555,18555.0,4755,17143,-113400,1269000,3,0,62.0,M,170.8,68.3,23.4,2.0,0,Thoracic surgery,Major resection,Lung cancer right,Lung lobectomy,Open,Left lateral decubitus,General,1,0,Normal Sinus Rhythm,Normal,13.3,301.0,99.0,32.4,139.0,4.0,205.0,4.0,15.0,10.0,11.0,0.91,,,,,,,I,Oral,,Left-37,,Left forearm,Right hand,Left radial,,Right femoral,,,80.0,0,0,1350.0,0,0,0.0,0,120,0,5,0,0,0
490,323,0,22738,-608,22192.0,2332,21892,-292800,1089600,1,0,81.0,F,158.0,61.2,24.5,3.0,0,General surgery,Biliary/Pancreas,"Intraductal papillary mucinous neoplasm of pancreas, malignant",Pylorus preserving pancreaticoduodenectomy,Open,Supine,General,1,0,Normal Sinus Rhythm,Mild restrictive,,,120.0,26.1,,,103.0,,,,,,,,,,,,I,Oral,7.0,,,Right forearm,,Right radial,,Right IJV,,300.0,215.0,3,0,1900.0,100,0,0.0,0,100,0,30,0,0,300
4447,5625,0,7206,-426,6474.0,2274,6174,-124320,48480,0,0,77.0,F,150.9,60.1,26.4,2.0,0,General surgery,Colorectal,Rectal cancer,Transanal endoscopic microsurgery,Open,Left lateral decubitus,General,1,1,Normal Sinus Rhythm,Normal,13.0,224.0,93.0,28.6,137.0,4.3,133.0,4.6,26.0,28.0,9.0,0.77,,,,,,,I,Oral,7.0,,,Right hand,,,,,,,,0,0,200.0,0,0,0.0,0,50,0,20,0,0,0
2794,5274,0,9321,-1315,8765.0,1865,7865,-115980,56820,0,0,49.0,M,174.9,72.3,23.6,1.0,0,General surgery,Vascular,Varicose vein of lower limb,Ligation and stripping,Open,Supine,General,0,0,Normal Sinus Rhythm,Normal,15.1,208.0,97.0,28.4,144.0,4.1,90.0,4.3,20.0,23.0,15.0,1.06,,,,,,,I,Oral,7.5,,,Left forearm,,,,,,,,0,0,350.0,0,0,0.0,0,70,0,15,0,0,0
4630,2741,0,9477,-558,9522.0,2022,8622,-208560,482640,0,0,46.0,F,160.8,70.5,27.3,2.0,0,General surgery,Breast,Breast cancer left,Breast-conserving surgery,Open,Right lateral decubitus,General,0,0,Normal Sinus Rhythm,Normal,11.5,332.0,114.0,32.4,142.0,4.7,109.0,3.9,19.0,16.0,17.0,0.65,,,,,,,I,Oral,7.0,,,Right forearm,,,,,,,,0,0,300.0,0,0,0.0,0,50,0,0,0,0,0
3172,5026,0,13446,917,13517.0,4817,12317,-113040,232560,0,0,53.0,M,159.0,58.3,23.1,1.0,0,Thoracic surgery,Minor resection,Ground-glass opacity,Lung wedge resection,Videoscopic,,General,0,0,Normal Sinus Rhythm,Normal,,,,,,,,,,,,,,,,,,,I,Oral,,Left-35,,Left hand,,Right radial,,Right IJV,,100.0,80.0,0,0,300.0,0,0,0.0,0,100,0,0,0,0,0
6305,3593,0,14187,-562,13538.0,3338,13238,-287040,576960,0,0,60.0,M,175.3,69.8,22.7,2.0,0,General surgery,Hepatic,Hepatocellular carcinoma ,Liver segmentectomy,Videoscopic,Lithotomy,General,0,1,Normal Sinus Rhythm,Mild obstructive,14.0,191.0,95.0,31.7,141.0,4.0,212.0,4.1,16.0,11.0,14.0,0.95,,,,,,,IIIa,Oral,7.5,,,Right forearm,Right etc,Right radial,,,,150.0,150.0,0,0,1300.0,0,0,0.0,0,70,0,0,0,0,0
1102,52,0,11245,-1153,11267.0,2447,10367,-132720,472080,0,0,44.0,M,178.6,68.7,21.5,2.0,0,Thoracic surgery,Minor resection,"Colon cancer, sigmoid",Metastasectomy,Videoscopic,Left lateral decubitus,General,0,0,Normal Sinus Rhythm,Normal,14.1,135.0,89.0,34.7,141.0,4.2,117.0,3.9,25.0,29.0,12.0,1.07,,,,,,,I,Oral,,Left-37,,Left forearm,,Left radial,,Left IJV,,100.0,260.0,0,0,600.0,0,0,0.0,0,110,0,0,0,0,0
1416,5655,0,12816,-518,12202.0,2902,11902,-201360,489840,0,0,82.0,F,143.2,42.7,20.8,2.0,0,General surgery,Hepatic,colon cancer ,Liver sectionectomy,Videoscopic,Supine,General,1,1,Normal Sinus Rhythm,Mild obstructive,12.1,282.0,107.0,29.3,140.0,4.4,195.0,4.0,14.0,10.0,13.0,0.82,7.423,24.7,0.4,89.3,37.8,94.7,I,Oral,7.0,,,Left forearm,Right hand,Right radial,,,,250.0,100.0,0,0,1100.0,0,0,0.0,0,80,0,0,0,0,0
5809,1658,0,24395,-266,24634.0,2734,23734,-464940,2386260,1,0,75.0,M,166.1,59.0,21.4,2.0,0,General surgery,Biliary/Pancreas,Neuroendocrine carcinoma of duodenum,Pancreaticoduodenectomy,Open,Supine,General,1,0,Normal Sinus Rhythm,Normal,10.1,415.0,85.0,27.1,136.0,4.0,134.0,3.1,28.0,43.0,16.0,0.74,,,,,,,I,Oral,7.5,,,Left forearm,,Right dorsalis pedis,,Right IJV,,200.0,120.0,0,0,3250.0,0,0,0.0,0,140,0,10,0,0,0
5274,5598,0,13020,-517,12383.0,2363,10883,-212880,305520,1,0,71.0,M,154.3,54.4,22.8,2.0,0,Thoracic surgery,Minor resection,"Abnormal chest CT, lung nodule",Lung wedge resection,Videoscopic,Left lateral decubitus,General,0,1,Normal Sinus Rhythm,Normal,13.1,140.0,88.0,28.3,,,134.0,4.2,26.0,26.0,25.0,0.88,,,,,,,I,Oral,,Left-35,,Left forearm,,Left radial,,Right IJV,,200.0,190.0,0,0,1150.0,0,0,0.0,0,120,0,0,0,0,0
1045,3289,0,15659,-294,15846.0,2046,14946,-131100,473700,0,0,55.0,M,163.0,61.4,23.1,,0,General surgery,Transplantation,Kidney donor,Donor nephrectomy,Videoscopic,Right lateral decubitus,General,0,0,Normal Sinus Rhythm,Normal,,,,,,,,,,,,,,,,,,,I,Oral,7.5,,,Left forearm,,,,,,,180.0,0,0,1100.0,0,0,0.0,0,70,0,0,0,0,0
345,4813,0,21571,-821,21079.0,3379,20479,-114480,576720,0,0,52.0,F,158.3,52.6,21.0,1.0,0,General surgery,Transplantation,Liver donor,Liver transplantation,Open,Supine,General,0,0,Normal Sinus Rhythm,Normal,12.8,245.0,107.0,32.6,140.0,4.5,105.0,4.6,19.0,13.0,12.0,0.87,,,,,,,I,Oral,7.0,,,Left forearm,Left etc,Right radial,,,,550.0,265.0,0,0,2650.0,0,0,0.0,0,170,0,0,0,0,0
5225,2005,0,14168,-275,13825.0,2425,11425,-114540,317460,0,0,73.0,M,169.5,81.9,28.5,2.0,0,Thoracic surgery,Minor resection,Lung cancer left,Lung wedge resection,Open,Left lateral decubitus,General,0,0,Normal Sinus Rhythm,Mixed or pure obstructive,13.9,208.0,,20.4,143.0,4.6,108.0,4.6,21.0,20.0,18.0,1.12,7.391,21.2,-3.9,120.0,33.4,98.0,I,Oral,8.0,,,Left forearm,Right forearm,Left radial,,,,50.0,240.0,0,0,1100.0,0,0,0.0,0,140,0,5,0,0,0
6190,414,0,13563,92,13772.0,5072,12872,-113700,404700,1,0,72.0,F,146.9,53.4,24.7,2.0,0,Thoracic surgery,Minor resection,"Abnormal chest CT, lung",Lung wedge resection,Videoscopic,,General,1,0,Normal Sinus Rhythm,Normal,12.7,280.0,109.0,31.7,143.0,4.1,88.0,3.7,13.0,11.0,24.0,0.37,,,,,,,I,Oral,8.0,,,Right forearm,,Left radial,,Right IJV,,,180.0,0,0,1200.0,0,0,0.0,0,100,0,20,0,0,0
1904,4080,0,9615,-796,9644.0,2144,8744,-460140,576660,0,0,73.0,M,171.5,50.55,17.2,2.0,0,General surgery,Biliary/Pancreas,Acute cholecystitis,Cholecystectomy,Videoscopic,Supine,General,0,0,Normal Sinus Rhythm,Normal,10.5,226.0,84.0,29.1,140.0,3.9,144.0,3.2,16.0,9.0,4.0,0.65,,,,,,,,Oral,7.5,,,Right forearm,,,,,,400.0,,0,0,600.0,0,0,0.0,0,70,0,45,0,0,0
1809,759,0,13922,-175,13325.0,2825,12425,-114120,663480,0,0,42.0,F,162.3,53.75,20.4,1.0,0,General surgery,Transplantation,Living liver donor,Donor hepatectomy,Open,Supine,General,0,0,Normal Sinus Rhythm,Normal,13.3,272.0,93.0,32.5,140.0,4.7,101.0,4.1,13.0,10.0,9.0,0.65,,,,,,,I,Oral,7.0,,,Left forearm,Right etc,Left radial,,,,150.0,95.0,0,0,1050.0,0,0,0.0,0,80,0,0,0,0,0
1665,3821,0,16320,-881,15799.0,4399,15199,-201360,662640,1,0,67.0,M,165.4,64.3,23.5,2.0,0,Thoracic surgery,Major resection,Lung cancer right,Lung lobectomy,Videoscopic,Left lateral decubitus,General,1,0,Normal Sinus Rhythm,Normal,15.2,180.0,104.0,35.0,143.0,4.0,96.0,3.8,19.0,27.0,20.0,1.3,,,,,,,I,Oral,7.5,Left-37,,Left forearm,,Left radial,,Right IJV,,150.0,110.0,0,0,1600.0,0,0,0.0,0,120,0,5,50,0,0
6104,2712,0,12782,-74,12766.0,3466,11566,-114420,403980,0,0,37.0,F,151.8,54.95,23.8,2.0,1,General surgery,Others,Leiomyomatosis ,Exploratory laparotomy,Open,Supine,General,0,0,Normal Sinus Rhythm,Normal,12.5,308.0,96.0,35.0,140.0,4.1,,4.6,16.0,11.0,9.0,0.77,,,,,,,I,Oral,5.0,,,Right forearm,,Right radial,,Right IJV,,100.0,100.0,0,0,1200.0,0,0,0.0,0,60,0,5,0,0,0
5682,1674,0,17613,-724,17816.0,5216,16616,-221580,1333620,4,0,65.0,M,158.2,55.1,22.0,3.0,0,General surgery,Transplantation,Liver cirrhosis Unspecified,Liver transplantation,Open,Supine,General,1,0,Normal Sinus Rhythm,Normal,10.0,121.0,85.0,32.6,140.0,4.2,135.0,4.0,27.0,10.0,13.0,0.89,,,,,,,I,Oral,7.5,,,Left forearm,,Right radial,Right femoral,Right IJV,Right IJV,950.0,205.0,0,0,2000.0,300,0,0.0,0,50,0,45,30,0,600
5197,2594,0,8668,-702,8418.0,918,7818,-125940,392460,0,0,65.0,F,158.6,63.6,25.3,2.0,0,General surgery,Breast,Malignant melanoma of thumb,Excision,Open,Supine,General,1,0,Normal Sinus Rhythm,Normal,12.3,297.0,121.0,31.5,140.0,4.8,134.0,3.5,21.0,24.0,14.0,0.56,,,,,,,I,Oral,7.0,,,Right forearm,,,,,,150.0,,0,0,600.0,0,0,0.0,0,60,0,5,0,0,0
1249,2923,0,14425,-295,13925.0,2825,13325,-373620,663180,1,0,74.0,F,138.0,60.5,31.8,3.0,0,General surgery,Stomach,Early gastric cancer,Distal gastrectomy,Videoscopic,Supine,General,1,1,Normal Sinus Rhythm,Normal,12.6,267.0,116.0,28.7,139.0,4.4,109.0,4.2,26.0,28.0,6.0,0.53,,,,,,,I,Oral,7.0,,,Right forearm,,Right radial,,,,,280.0,0,0,950.0,0,0,0.0,0,80,0,10,0,0,0
5486,3703,0,13486,38,12638.0,3938,12338,-114240,144960,0,0,72.0,M,165.2,63.0,23.1,3.0,0,General surgery,Vascular,Varicose vein of lower limb ,Ligation and stripping,Open,Supine,General,0,0,Normal Sinus Rhythm,Mild obstructive,9.9,140.0,33.0,37.9,140.0,5.0,97.0,3.5,24.0,16.0,31.0,2.18,7.388,26.0,0.8,91.0,44.3,96.9,I,Oral,7.5,,,Left forearm,,Right radial,,,,50.0,,0,0,600.0,0,0,0.0,0,80,0,0,0,0,0
2243,4315,0,16747,-2370,16230.0,1530,15930,-226140,1415460,1,0,69.0,M,155.4,41.9,17.4,2.0,0,General surgery,Biliary/Pancreas,"Intraductal papillary mucinous neoplasm of pancreas, invasive",Distal pancreatectomy,Open,Supine,General,0,1,Normal Sinus Rhythm,Normal,9.4,564.0,83.0,32.9,133.0,3.9,335.0,2.9,31.0,35.0,12.0,0.58,,,,,,,I,Oral,7.5,,,Right forearm,Left etc,Right radial,,,,500.0,140.0,0,0,1900.0,200,0,0.0,0,80,0,25,200,0,0
1709,2425,0,7829,-866,8134.0,1534,6934,-373440,317760,0,0,68.0,F,148.2,48.0,21.9,2.0,0,General surgery,Colorectal,"Colon cancer, ascending",Hemicolectomy,Open,Supine,General,1,0,Normal Sinus Rhythm,Normal,11.8,269.0,136.0,29.0,145.0,4.7,122.0,4.2,30.0,19.0,15.0,0.86,,,,,,,I,Oral,7.0,,,Left forearm,,,,,,50.0,40.0,0,0,300.0,0,0,0.0,0,70,0,20,0,0,0
5693,1092,0,30404,-13069,30011.0,3491,29291,-214560,1513440,3,0,59.0,M,169.5,61.6,21.4,2.0,0,General surgery,Transplantation,Hepatocellular carcinoma,Liver transplantation,Open,Supine,General,0,0,Normal Sinus Rhythm,Normal,15.0,176.0,95.0,33.0,142.0,4.1,117.0,3.8,23.0,18.0,17.0,0.77,,,,,,,I,Oral,7.5,,,Left forearm,,Right radial,Right femoral,Right IJV,,300.0,630.0,0,0,2600.0,0,0,0.0,0,150,0,25,0,0,900
1623,5755,0,15203,-2159,15241.0,1741,14341,-217500,473700,0,0,61.0,F,156.4,49.0,20.0,3.0,0,General surgery,Others,Leiomyosarcoma,Excision,Open,Supine,General,1,1,Normal Sinus Rhythm,Normal,12.3,316.0,104.0,30.8,139.0,4.1,84.0,4.1,24.0,15.0,15.0,0.89,,,,,,,I,Oral,7.0,,,Left forearm,,Right radial,,Right IJV,,1500.0,1100.0,6,5,4150.0,600,0,0.0,0,60,0,10,230,0,1800
1241,5535,0,10665,-800,10600.0,1300,10000,-128280,130920,0,0,45.0,F,163.3,50.3,18.9,2.0,0,General surgery,Others,Thyroid nodule,Excision,Open,Supine,General,0,0,Normal Sinus Rhythm,Normal,13.5,205.0,94.0,31.5,140.0,3.8,94.0,4.5,16.0,11.0,6.0,0.69,,,,,,,I,Oral,6.0,,,Left forearm,,,,,,50.0,,0,0,700.0,0,0,0.0,0,40,0,25,0,0,0
3803,3101,0,12776,-1007,12793.0,3793,11593,-113760,663840,0,0,54.0,M,171.4,86.9,29.6,2.0,0,Thoracic surgery,Minor resection,Metastatic cancer to the lung,Metastasectomy,Videoscopic,Left lateral decubitus,General,0,0,Normal Sinus Rhythm,Mild restrictive,12.4,48.0,86.0,25.9,141.0,4.1,155.0,3.8,13.0,13.0,11.0,0.83,,,,,,,I,Oral,,Left-37,,Left forearm,Right hand,Left radial,,,,200.0,145.0,0,0,1400.0,0,0,0.0,0,140,0,10,300,0,0
5662,986,0,8420,-996,8664.0,3264,7464,-121500,224100,0,0,60.0,F,153.6,66.45,28.2,1.0,0,Thoracic surgery,Major resection,Lung cancer left,Lung lobectomy,Videoscopic,Right lateral decubitus,General,0,0,Normal Sinus Rhythm,Normal,,,,,,,,,,,,,,,,,,,I,Oral,8.0,Left-32,,Left forearm,,Right radial,,Right IJV,,,70.0,0,0,500.0,0,0,0.0,0,70,0,0,0,0,0
4433,2013,0,8475,-885,8415.0,1215,7215,-125640,219960,0,0,56.0,M,167.6,60.6,21.6,2.0,1,General surgery,Others,"Colon cancer, sigmoid",Excision,Open,Supine,General,0,1,Normal Sinus Rhythm,Normal,14.3,131.0,103.0,31.1,,,,,,,,,,,,,,,I,Oral,7.5,,,Left forearm,Left etc,Left radial,,,,100.0,150.0,0,0,600.0,0,0,0.0,0,70,0,0,0,0,0
4057,4380,0,9342,-1132,8768.0,1988,7988,-124860,307140,0,0,50.0,F,170.5,70.7,24.3,1.0,0,General surgery,Colorectal,Acute appendicitis,Appendectomy,Videoscopic,Supine,General,0,0,Normal Sinus Rhythm,Mild restrictive,13.3,282.0,103.0,34.1,140.0,4.2,107.0,4.4,22.0,16.0,16.0,0.76,,,,,,,I,Oral,7.0,,,Left forearm,,,,,,,,0,0,150.0,0,0,0.0,0,60,0,0,0,0,0
3113,1145,0,20772,-353,20947.0,3247,19747,-211200,1257600,4,0,46.0,M,166.4,65.1,23.5,2.0,0,General surgery,Transplantation,Hepatocellular carcinoma ,Liver transplantation,Open,Supine,General,0,0,Normal Sinus Rhythm,Normal,14.7,124.0,86.0,31.4,142.0,3.7,106.0,4.3,18.0,11.0,11.0,1.06,,,,,,,I,Oral,7.5,,,Left forearm,,Right radial,Right femoral,Right IJV,,1000.0,950.0,0,0,2700.0,0,0,0.0,0,50,0,0,50,10,600
1662,2584,0,7590,-3760,7940.0,2240,6740,-123720,49080,0,0,46.0,M,178.6,83.0,26.0,2.0,0,General surgery,Thyroid,Hyperparathyroidism ,Parathyroidectomy,Open,Supine,General,0,0,Normal Sinus Rhythm,Normal,16.3,177.0,96.0,34.4,141.0,4.4,85.0,4.3,18.0,27.0,10.0,0.99,,,,,,,I,Oral,6.0,,,Left forearm,,Right radial,,,,50.0,,0,0,400.0,0,0,0.0,0,70,0,0,0,0,0
3325,3440,0,17496,-1032,17268.0,2868,16368,-114720,576480,0,0,44.0,F,153.5,51.3,21.8,1.0,0,General surgery,Transplantation,Living liver donor,Donor hepatectomy,Videoscopic,Supine,General,0,0,Normal Sinus Rhythm,Normal,12.0,284.0,95.0,37.3,141.0,4.1,96.0,4.3,17.0,10.0,10.0,0.69,,,,,,,I,Oral,7.0,,,Left forearm,Left etc,Right radial,,,,150.0,195.0,0,0,2100.0,0,0,0.0,0,110,0,20,0,0,0
5263,3613,0,10961,-4592,11728.0,2128,10228,-319440,458160,0,0,60.0,M,173.3,75.65,25.2,2.0,0,General surgery,Colorectal,Colon cancer,Low anterior resection,Videoscopic,Lithotomy,General,0,1,Normal Sinus Rhythm,Normal,14.1,342.0,102.0,29.2,141.0,4.5,185.0,4.5,17.0,21.0,13.0,0.86,,,,,,,I,Oral,7.5,,,Right forearm,,,,,,50.0,180.0,0,0,400.0,0,0,0.0,0,80,0,0,0,0,0
1922,3977,0,20517,-1759,20981.0,3881,19781,-484800,2020800,1,0,77.0,M,158.7,44.3,17.6,3.0,0,Thoracic surgery,Major resection,Hemoptysis ,Lung lobectomy,Open,Left lateral decubitus,General,0,0,Normal Sinus Rhythm,Normal,11.1,195.0,79.0,35.5,137.0,3.6,117.0,3.9,13.0,6.0,20.0,1.16,7.4,22.0,-1.5,66.5,36.7,92.8,I,Oral,,Right-35,,Left forearm,,Left radial,,Right IJV,,550.0,110.0,1,0,1450.0,0,0,0.0,0,150,0,0,20,0,300
1969,2802,0,10111,-401,9799.0,1699,8599,-230760,201240,1,0,51.0,F,155.6,59.4,24.5,1.0,0,Thoracic surgery,Major resection,Lung cancer right,Lung lobectomy,Videoscopic,Left lateral decubitus,General,0,0,Normal Sinus Rhythm,Normal,13.9,272.0,100.0,29.8,142.0,4.1,84.0,4.5,21.0,18.0,11.0,0.74,,,,,,,I,Oral,,Left-32,,Left forearm,,Left radial,,Right IJV,,100.0,60.0,0,0,900.0,0,0,0.0,0,100,0,5,0,0,0
1044,2943,0,13779,-254,13906.0,2206,13006,-287280,663120,1,0,62.0,M,165.0,66.55,24.4,3.0,0,General surgery,Biliary/Pancreas,Gallbladder cancer ,Extended cholecystectomy,Open,Supine,General,0,0,Normal Sinus Rhythm,Normal,15.6,242.0,108.0,30.3,140.0,4.4,94.0,3.7,34.0,30.0,10.0,0.96,7.428,27.2,3.2,86.0,42.2,95.2,I,Oral,7.5,,,Left forearm,Left etc,Right radial,,,,300.0,150.0,0,0,1400.0,0,0,0.0,0,90,0,0,0,0,0
5335,329,0,16985,-2518,16622.0,1922,16022,-232320,458880,0,0,78.0,M,158.0,58.8,23.6,2.0,0,General surgery,Colorectal,Colorectal cancer ,Low anterior resection,Videoscopic,Lithotomy,General,1,0,Normal Sinus Rhythm,Mild obstructive,13.4,150.0,119.0,30.7,138.0,3.7,271.0,4.3,13.0,15.0,19.0,0.91,,,,,,,I,Oral,7.0,,,Left forearm,,,,,,,130.0,0,0,700.0,0,0,0.0,0,110,0,10,0,0,0
2955,4815,0,10063,-1411,9929.0,3029,9329,-126540,305460,1,0,62.0,F,152.5,49.9,21.5,1.0,0,Thoracic surgery,Major resection,Lung cancer left,Lung lobectomy,Videoscopic,Right lateral decubitus,General,0,0,Normal Sinus Rhythm,Normal,11.6,225.0,100.0,29.4,139.0,4.0,88.0,3.8,21.0,9.0,10.0,0.6,,,,,,,I,Oral,,Left-35,,Left forearm,,Left radial,,Right IJV,,100.0,500.0,0,0,500.0,0,0,0.0,0,100,0,0,0,0,0
3579,2900,0,9675,-631,9209.0,1109,8609,-744960,637440,0,0,77.0,M,158.3,56.7,22.6,2.0,0,General surgery,Stomach,Advanced gastric cancer,Remnant total gastrectomy,Open,Supine,General,1,0,Normal Sinus Rhythm,Mild obstructive,7.7,310.0,102.0,31.4,136.0,3.8,100.0,2.5,29.0,22.0,27.0,0.78,,,,,,,I,Oral,7.5,,,Right forearm,,,,Left EJV,,150.0,20.0,0,0,200.0,0,0,0.0,0,60,0,0,0,0,0
6114,120,0,21560,-1632,20568.0,7668,20268,-394020,556380,0,0,76.0,M,158.0,43.95,17.6,2.0,0,General surgery,Hepatic,hepatocellular carcinoma ,Liver segmentectomy,Open,Supine,General,0,0,Normal Sinus Rhythm,Moderate obstructive,14.6,176.0,90.0,35.5,141.0,3.7,97.0,4.2,19.0,14.0,16.0,0.78,7.375,25.3,0.0,148.3,44.3,99.2,I,Oral,7.5,,,Left forearm,Right etc,Right radial,,,,400.0,80.0,0,0,2000.0,0,0,0.0,0,80,0,40,0,0,0
4616,287,0,11088,-879,10521.0,3021,9621,-114540,576660,0,0,81.0,M,157.8,60.9,24.5,2.0,0,Thoracic surgery,Major resection,Lung cancer right,Lung lobectomy,Videoscopic,Left lateral decubitus,General,0,0,Normal Sinus Rhythm,Normal,13.6,252.0,122.0,29.6,141.0,4.5,81.0,4.3,25.0,15.0,22.0,1.24,,,,,,,I,Oral,,Left-37,,Left forearm,,Left radial,,Right IJV,,,10.0,0,0,800.0,0,0,0.0,0,100,0,0,0,0,0
6061,4772,0,24413,-1,23999.0,3839,23639,-201000,1267800,1,0,75.0,M,171.7,59.4,20.1,2.0,0,General surgery,Biliary/Pancreas,Common bile duct cancer,Pylorus preserving pancreaticoduodenectomy,Open,Supine,General,1,0,Normal Sinus Rhythm,Mild obstructive,12.2,329.0,94.0,28.9,,,99.0,3.6,19.0,23.0,15.0,0.9,,,,,,,,Oral,7.5,,,Left forearm,,Right radial,,Right IJV,,450.0,290.0,0,0,2950.0,0,0,0.0,0,70,0,0,0,0,300
1323,5309,0,9566,-888,8112.0,912,7212,-230040,461160,0,0,54.0,F,151.8,56.8,24.6,2.0,0,General surgery,Breast,Breast cancer left,Simple mastectomy,Open,Supine,General,0,0,Normal Sinus Rhythm,Normal,13.9,208.0,110.0,34.2,141.0,3.8,82.0,4.0,26.0,20.0,11.0,0.53,,,,,,,I,Oral,7.0,,,Right forearm,,Right radial,,,,100.0,,0,0,600.0,0,0,0.0,0,60,0,15,0,0,300
3499,5884,0,19701,-2548,18992.0,3092,19106,-133980,470820,1,0,61.0,M,166.7,67.5,24.3,2.0,0,Thoracic surgery,Major resection,Abnormal finding on lung imaging ,Sleeve lobectomy,Open,Right lateral decubitus,General,1,1,Normal Sinus Rhythm,Normal,13.2,235.0,96.0,30.6,,,118.0,4.5,19.0,19.0,16.0,0.87,,,,,,,I,Oral,,Right-37,,Left forearm,,Right radial,,Right IJV,,400.0,310.0,0,0,1500.0,0,0,0.0,0,180,0,0,0,0,0
5949,1970,0,8897,-2722,8798.0,1898,7598,-317580,460020,0,0,62.0,M,167.6,68.15,24.3,2.0,0,General surgery,Colorectal,"Colon cancer, sigmoid",Anterior resection,Videoscopic,Supine,General,1,0,Normal Sinus Rhythm,Normal,14.9,263.0,111.0,28.8,142.0,3.7,118.0,4.4,29.0,35.0,8.0,0.97,,,,,,,I,Oral,7.5,,,Left forearm,,,,,,,50.0,0,0,500.0,0,0,0.0,0,80,0,5,0,0,0
5741,2811,0,9557,-598,9602.0,1502,8702,-299940,477660,0,0,56.0,M,164.1,75.0,27.9,3.0,1,General surgery,Colorectal,"Colon cancer, sigmoid",Anterior resection,Videoscopic,Lithotomy,General,1,1,Normal Sinus Rhythm,Normal,14.6,287.0,89.0,33.0,139.0,4.1,85.0,4.1,66.0,106.0,9.0,1.06,,,,,,,I,Oral,7.5,,,Left forearm,,,,,,30.0,300.0,0,0,600.0,0,0,0.0,0,100,0,0,0,0,0
1648,5399,0,21092,-991,20309.0,4409,19409,-114660,317340,0,1,72.0,M,175.0,86.2,28.1,2.0,0,Urology,Major resection,Prostate cancer,Radical prostatectomy,Robotic,Lithotomy,General,1,0,Normal Sinus Rhythm,Normal,15.4,237.0,99.0,30.9,140.0,3.9,173.0,4.1,24.0,35.0,15.0,1.03,,,,,,,I,Oral,7.5,,,Right forearm,Left forearm,Right radial,,,,700.0,200.0,0,0,2800.0,0,0,0.0,0,74,0,25,100,0,0
5077,728,0,13691,-286,13514.0,4214,12614,-113640,318360,1,0,59.0,M,164.4,70.75,26.2,2.0,0,Thoracic surgery,Major resection,Lung cancer left,Lung lobectomy,Videoscopic,Right lateral decubitus,General,1,0,Normal Sinus Rhythm,Normal,17.1,276.0,106.0,33.4,143.0,4.2,106.0,4.9,25.0,39.0,12.0,0.92,,,,,,,II,Oral,,Left-37,,Left forearm,,Right radial,,Right IJV,,,170.0,0,0,190.0,0,0,0.0,0,90,0,15,0,0,0
613,596,0,8243,135,8355.0,2055,7155,-201000,490200,0,0,50.0,M,164.1,56.05,20.8,2.0,0,General surgery,Colorectal,"Colon cancer, ascending",Hemicolectomy,Open,Supine,General,0,0,Normal Sinus Rhythm,Normal,7.2,414.0,77.0,30.9,136.0,4.2,92.0,2.9,21.0,7.0,9.0,0.71,,,,,,,I,Oral,7.5,,,Right hand,,,,,,50.0,150.0,0,0,600.0,0,0,0.0,0,70,0,0,0,0,0
3351,1563,0,12826,-1610,12310.0,1510,11110,-205740,831060,0,0,65.0,M,164.9,66.0,24.3,2.0,0,General surgery,Biliary/Pancreas,Pancreatic cyst ,Distal pancreatectomy,Videoscopic,Supine,General,0,0,Normal Sinus Rhythm,Mild obstructive,14.1,214.0,88.0,31.2,143.0,4.5,116.0,4.3,27.0,30.0,19.0,0.8,,,,,,,I,Oral,7.5,,,Left forearm,,,,,,150.0,40.0,0,0,950.0,0,0,0.0,0,70,0,5,0,0,0
57,3485,0,10637,-1150,10670.0,1670,9170,-202020,316380,0,0,67.0,M,169.4,69.7,24.3,2.0,0,General surgery,Colorectal,"Colon cancer, sigmoid",Anterior resection,Videoscopic,Lithotomy,General,0,0,Normal Sinus Rhythm,Normal,14.8,299.0,120.0,33.0,142.0,3.7,98.0,4.4,22.0,14.0,11.0,1.06,,,,,,,I,Oral,7.5,,,Right forearm,,,,,,,10.0,0,0,650.0,0,0,0.0,0,75,0,5,0,0,0
3860,5856,0,22771,-662,22738.0,1738,22138,-206460,484740,1,0,71.0,M,162.4,56.5,21.4,2.0,0,General surgery,Stomach,"Early gastric cancer, adenocarcinoma",Proximal gastrectomy,Videoscopic,Lithotomy,General,1,0,Normal Sinus Rhythm,Normal,14.7,348.0,111.0,35.2,142.0,4.2,78.0,4.2,31.0,27.0,9.0,0.69,,,,,,,I,Oral,7.5,,,Right forearm,,,,,,100.0,280.0,0,0,1100.0,0,0,0.0,0,130,0,15,0,0,0
284,1193,0,17142,-635,16705.0,3205,16105,-222660,1937340,1,0,68.0,M,167.5,61.0,21.7,2.0,1,General surgery,Transplantation,Chronic kidney disease,Kidney transplantation,Open,Supine,General,1,0,Normal Sinus Rhythm,Normal,10.9,261.0,128.0,26.3,137.0,5.1,81.0,4.1,11.0,9.0,78.0,11.2,,,,,,,I,Oral,7.5,,,Right forearm,Left forearm,Right radial,,Right etc,,0.0,230.0,0,0,2950.0,0,0,0.0,0,60,0,0,0,0,300
927,2180,0,10687,-10,10190.0,2390,9590,-228600,376200,0,0,60.0,M,173.8,67.9,22.5,1.0,1,General surgery,Colorectal,"Colon cancer, sigmoid",Anterior resection,Videoscopic,Lithotomy,General,0,0,Normal Sinus Rhythm,Mild obstructive,14.6,246.0,104.0,29.8,142.0,4.5,100.0,4.0,15.0,10.0,8.0,0.94,,,,,,,I,Oral,7.5,,,Left forearm,,,,,,60.0,280.0,0,0,650.0,0,0,0.0,0,100,0,0,0,0,0
3431,3174,0,14010,-1589,13711.0,2311,12211,-633960,662040,0,0,68.0,F,158.9,64.2,25.4,3.0,0,General surgery,Colorectal,Colonic polyp ,Hemicolectomy,Videoscopic,Lithotomy,General,1,1,Normal Sinus Rhythm,Mild restrictive,12.7,204.0,103.0,30.4,141.0,4.0,122.0,3.4,33.0,8.0,11.0,0.65,7.387,26.6,2.5,83.8,46.7,96.7,II,Oral,7.0,,,Right forearm,Right hand,Right radial,,,,70.0,150.0,0,0,1650.0,0,0,0.0,0,80,0,0,0,0,0
5787,3630,0,45672,-129,48471.0,3771,44871,-477720,19307880,14,0,68.0,M,171.3,59.3,20.2,2.0,0,Thoracic surgery,Others,Esophageal cancer,Esophagectomy,Open,Supine,General,0,0,Normal Sinus Rhythm,Normal,9.0,331.0,80.0,32.2,131.0,3.8,165.0,3.3,48.0,15.0,9.0,0.4,7.479,26.0,1.7,91.8,33.8,97.4,I,Oral,8.0,,,Right forearm,,Right radial,,Right subclavian,,1250.0,350.0,0,0,4650.0,0,0,0.0,0,210,0,50,640,0,600
2426,155,0,12034,-78,12102.0,1902,11202,-214680,735720,0,0,58.0,F,162.3,62.5,23.7,2.0,0,General surgery,Biliary/Pancreas,Pancreatic disease,Distal pancreatectomy,Open,Supine,General,1,0,Normal Sinus Rhythm,Normal,12.2,181.0,111.0,29.3,141.0,4.0,88.0,3.7,15.0,7.0,14.0,0.68,,,,,,,I,Oral,7.0,,,Right forearm,,,,,,150.0,150.0,0,0,800.0,0,0,0.0,0,70,0,5,0,0,0
1964,5798,0,14524,-88,14012.0,3512,13712,-114060,317940,0,0,39.0,M,183.3,98.9,29.4,1.0,0,General surgery,Transplantation,"Kidney donor, live related",Donor nephrectomy,Videoscopic,Right lateral decubitus,General,0,0,Normal Sinus Rhythm,Normal,15.6,289.0,115.0,31.5,140.0,4.5,88.0,4.6,30.0,39.0,17.0,0.96,,,,,,,I,Oral,7.5,,,Left forearm,,,,,,,230.0,0,0,450.0,40,0,0.0,0,90,0,0,0,0,0
138,1272,0,11661,-1996,10904.0,1304,10604,-233580,371220,0,0,65.0,F,152.2,39.0,16.8,2.0,1,General surgery,Others,Pseudomyxoma peritonei,Exploratory laparotomy,Open,Lithotomy,General,0,0,Normal Sinus Rhythm,Normal,13.0,270.0,114.0,34.2,140.0,4.0,92.0,3.7,21.0,19.0,5.0,0.72,,,,,,,I,Oral,7.0,,,Left forearm,Right leg,Right radial,,,,350.0,100.0,0,0,1650.0,0,0,0.0,0,65,0,10,0,0,300
3972,614,0,12903,-1537,12563.0,2663,11963,-287700,576300,0,0,84.0,M,161.8,71.85,27.4,2.0,0,General surgery,Hepatic,Hepatocellular carcinoma,Liver segmentectomy,Open,Lithotomy,General,0,0,Normal Sinus Rhythm,Mild obstructive,13.3,95.0,84.0,32.9,139.0,4.2,132.0,3.6,33.0,31.0,20.0,0.75,,,,,,,I,Oral,7.5,,,Left forearm,Right forearm,Right radial,,,,100.0,40.0,0,0,1050.0,0,0,0.0,0,110,0,35,0,0,0
3812,3623,0,12358,-1366,12254.0,2054,11354,-387300,476700,2,0,77.0,M,165.0,59.3,21.8,2.0,0,Thoracic surgery,Major resection,Non-small cell lung cancer left,Lung lobectomy,Videoscopic,Right lateral decubitus,General,1,0,Normal Sinus Rhythm,Normal,13.6,200.0,93.0,30.1,141.0,4.7,86.0,4.0,14.0,11.0,18.0,0.82,,,,,,,I,Oral,,Left-37,,Right forearm,,Left radial,,Right IJV,,50.0,70.0,0,0,550.0,0,0,0.0,0,100,0,5,0,0,0
301,1781,0,9861,-2288,9412.0,1612,8812,-146280,112920,0,0,45.0,F,163.6,70.2,26.2,2.0,0,General surgery,Others,"Hemangioendothelioma, benign other sites",Excision,Open,Supine,General,0,0,Normal Sinus Rhythm,Normal,14.3,378.0,110.0,27.3,139.0,3.8,124.0,4.3,15.0,17.0,13.0,0.8,,,,,,,I,Oral,7.0,,,Right forearm,,,,,,100.0,,0,0,500.0,0,0,0.0,0,50,0,0,0,0,0
5155,2383,0,12491,730,12730.0,4330,11530,-113220,405180,1,0,61.0,F,157.5,39.8,16.0,2.0,0,Thoracic surgery,Minor resection,Solitary pulmonary nodule ,Lung wedge resection,Videoscopic,Left lateral decubitus,General,0,0,Normal Sinus Rhythm,Normal,13.1,222.0,91.0,33.7,145.0,4.3,82.0,4.9,28.0,20.0,22.0,0.83,,,,,,,I,Oral,,Left-35,,Right forearm,Left forearm,Left radial,,,,,260.0,0,0,650.0,0,0,0.0,0,100,0,0,160,0,0
3693,4854,0,7919,-1099,7421.0,1721,6821,-117060,228540,0,0,50.0,F,151.3,57.2,25.0,1.0,0,General surgery,Thyroid,Thyroid nodule ,Thyroid lobectomy,Open,Supine,General,0,0,Normal Sinus Rhythm,Normal,13.9,251.0,117.0,27.4,140.0,3.7,92.0,4.1,24.0,21.0,14.0,0.77,,,,,,,I,Oral,7.0,,,Right forearm,,,,,,10.0,,0,0,300.0,0,0,0.0,0,50,0,0,0,0,0
5048,2280,0,7509,-876,7224.0,1824,6324,-218340,300060,0,0,65.0,M,169.6,75.55,26.3,2.0,0,General surgery,Colorectal,"Colon cancer, rectosigmoid",Low anterior resection,Open,Lithotomy,General,0,0,Normal Sinus Rhythm,Mild obstructive,14.3,230.0,114.0,28.5,142.0,4.1,80.0,4.1,13.0,13.0,11.0,0.91,,,,,,,I,Oral,7.5,,,Left forearm,,,,,,200.0,50.0,0,0,200.0,0,0,0.0,0,80,0,10,0,0,0
1398,2031,0,9208,-1628,9352.0,2152,8152,-149040,369360,0,0,56.0,M,178.1,69.6,21.9,2.0,0,Thoracic surgery,Minor resection,Tonsillar cancer,Metastasectomy,Videoscopic,Right lateral decubitus,General,0,0,Normal Sinus Rhythm,Normal,11.9,271.0,88.0,36.5,143.0,4.0,95.0,3.6,10.0,9.0,9.0,0.88,,,,,,,I,Oral,,Left-37,,Right forearm,Left forearm,Right radial,,,,100.0,50.0,0,0,400.0,0,0,0.0,0,80,0,0,0,0,0
2385,4017,0,12980,3,12303.0,1503,11703,-202440,4635960,0,0,67.0,M,163.0,59.15,22.3,2.0,0,General surgery,Stomach,Early gastric cancer ,Pylorus preserving gastrectomy,Videoscopic,,General,0,1,Normal Sinus Rhythm,Mild obstructive,12.0,295.0,99.0,29.6,140.0,4.5,120.0,4.8,16.0,16.0,18.0,1.14,,,,,,,I,Oral,7.5,,,Left forearm,,,,,,,50.0,0,0,550.0,0,0,0.0,0,80,0,0,0,0,0
1034,2804,0,7261,-912,7608.0,1428,6408,-229980,288420,0,0,56.0,F,160.3,50.1,19.5,2.0,0,General surgery,Others,Liposarcoma of retroperitoneum,Debulking surgery,Open,Supine,General,0,0,Normal Sinus Rhythm,Normal,12.3,246.0,101.0,34.2,144.0,4.3,96.0,4.5,17.0,10.0,11.0,0.66,,,,,,,I,Oral,7.0,,,Left forearm,Right etc,Right radial,,,,200.0,,0,0,850.0,200,0,0.0,0,80,0,0,0,0,0
5206,3782,0,8546,-378,8382.0,1182,7182,-233700,630300,0,0,70.0,M,157.4,50.05,20.2,2.0,0,General surgery,Colorectal,Rectal cancer ,Ultralow anterior resection,Open,Supine,General,1,0,Normal Sinus Rhythm,Normal,14.5,213.0,123.0,28.1,140.0,4.0,97.0,4.4,21.0,23.0,16.0,0.72,,,,,,,I,Oral,7.5,,,Left hand,,,,,,,50.0,0,0,420.0,0,0,0.0,0,70,0,0,80,0,0
1168,936,0,11336,-546,10854.0,2754,10254,-114540,317460,0,0,46.0,F,155.6,49.8,20.6,1.0,0,General surgery,Transplantation,"Kidney donor, live related",Donor nephrectomy,Videoscopic,Right lateral decubitus,General,0,0,Normal Sinus Rhythm,Normal,13.7,236.0,93.0,33.4,142.0,4.0,90.0,4.5,18.0,15.0,15.0,0.75,,,,,,,I,Oral,7.0,,,Left forearm,,,,,,50.0,160.0,0,0,300.0,0,0,0.0,0,50,0,0,0,0,0
3961,1456,0,13124,-523,12677.0,2777,12077,-200580,317820,0,0,69.0,F,155.1,55.7,23.2,2.0,0,General surgery,Colorectal,Rectal cancer,Ultralow anterior resection,Open,Lithotomy,General,0,0,Normal Sinus Rhythm,Mild obstructive,10.0,219.0,101.0,29.0,141.0,3.9,101.0,3.7,16.0,14.0,14.0,0.86,,,,,,,IIIa,Oral,7.0,,,Left forearm,,,,,,200.0,,0,0,1000.0,0,0,0.0,0,140,0,30,0,0,0
5777,4850,0,17796,-118,17582.0,2402,17195,-308760,641640,0,0,37.0,F,155.9,56.8,23.4,1.0,1,General surgery,Hepatic,Infiltrating lobular carcinoma of breast unspecified side,Hemihepatectomy,Open,Supine,General,0,0,Normal Sinus Rhythm,Normal,11.2,181.0,109.0,29.7,142.0,4.2,89.0,3.7,20.0,15.0,10.0,0.53,,,,,,,I,Oral,7.0,,,Right foot,,Left radial,,Right IJV,,500.0,120.0,0,0,1400.0,0,0,0.0,0,110,0,0,0,0,0
1786,5826,0,9302,-224,8716.0,1516,8416,-209040,309360,0,0,57.0,F,163.7,79.6,29.7,2.0,0,General surgery,Breast,Malignant neoplasm of breast left,Breast-conserving surgery,Open,Supine,General,0,0,Normal Sinus Rhythm,Mild obstructive,13.1,277.0,116.0,34.6,141.0,4.2,98.0,4.4,37.0,60.0,9.0,0.83,,,,,,,I,Oral,7.0,,,Right hand,,,,,,,,0,0,200.0,0,0,0.0,0,60,0,5,0,0,0
6324,1677,0,12792,-750,13050.0,4050,12150,-216720,992880,1,0,64.0,F,152.5,50.7,21.8,2.0,0,Thoracic surgery,Minor resection,Lung cancer left,Lung sgmentectomy,Videoscopic,Right lateral decubitus,General,1,0,Normal Sinus Rhythm,Normal,14.8,304.0,100.0,26.7,137.0,4.1,85.0,4.4,32.0,13.0,11.0,0.79,,,,,,,I,Oral,8.0,,,Left forearm,,Right radial,,Right IJV,,200.0,350.0,0,0,1800.0,0,0,0.0,0,90,0,0,0,0,0
3449,2179,0,11058,-354,11046.0,2646,10146,-373800,490200,0,0,77.0,F,160.4,47.8,18.6,2.0,0,General surgery,Colorectal,"Colon cancer, hepatic flexure",Hemicolectomy,Open,Supine,General,0,0,Normal Sinus Rhythm,Normal,10.5,274.0,119.0,29.8,142.0,4.1,154.0,3.6,13.0,7.0,13.0,0.56,,,,,,,I,Oral,7.0,,,Right etc,Left forearm,Right radial,,,,200.0,350.0,0,0,1000.0,0,0,0.0,0,80,0,30,0,0,300
5566,2240,0,15950,-366,14934.0,2934,14934,-210060,653940,0,0,84.0,F,141.8,48.95,24.3,2.0,0,General surgery,Colorectal,Rectal cancer,Total hysterectomy,Open,Lithotomy,General,0,0,Normal Sinus Rhythm,Normal,10.8,242.0,113.0,31.4,134.0,3.9,115.0,3.5,23.0,10.0,12.0,0.49,7.399,23.1,-1.6,195.0,37.0,98.0,I,Oral,7.0,,,Left forearm,,Right radial,,Right IJV,,0.0,300.0,0,0,1800.0,0,0,0.0,0,120,0,25,10,0,0
4435,5262,0,7258,-406,6794.0,3194,6494,-114360,144840,0,0,59.0,F,145.4,52.3,24.7,2.0,0,Thoracic surgery,Others,Mediastinal mass,Thymectomy,Videoscopic,Right lateral decubitus,General,0,0,Normal Sinus Rhythm,Normal,12.9,262.0,107.0,32.5,139.0,4.6,103.0,4.3,29.0,42.0,10.0,0.66,,,,,,,I,Oral,,Left-32,,Right forearm,Left forearm,Right radial,,,,10.0,20.0,0,0,500.0,0,0,0.0,0,60,0,0,0,0,0
308,169,0,19491,-1617,19143.0,2043,18243,-222600,468600,0,0,68.0,M,160.0,72.85,28.5,2.0,0,General surgery,Hepatic,Hepatocellular carcinoma,Liver segmentectomy,Videoscopic,Supine,General,0,0,Normal Sinus Rhythm,Mild obstructive,14.4,187.0,100.0,30.3,139.0,3.9,80.0,4.0,22.0,25.0,12.0,0.78,,,,,,,I,Oral,7.5,,,Left forearm,Left etc,Right radial,,,,210.0,150.0,0,0,2900.0,0,0,0.0,0,80,0,35,0,0,0
200,2194,0,9556,47,9407.0,2807,8507,-150780,454020,1,0,45.0,F,149.9,57.85,25.7,1.0,0,Thoracic surgery,Major resection,Lung cancer right,Lung lobectomy,Videoscopic,Left lateral decubitus,General,0,0,Normal Sinus Rhythm,Normal,12.7,248.0,97.0,34.0,,,,,,,,,,,,,,,I,Oral,,Left-32,,Right forearm,,Left radial,,Right IJV,,20.0,40.0,0,0,500.0,0,0,0.0,0,100,0,0,0,0,0
5948,6060,0,11133,-1144,10856.0,3536,9956,-201540,316860,0,0,70.0,M,170.6,66.5,22.8,2.0,0,Thoracic surgery,Minor resection,"Abnormal chest CT, lung nodule",Lung sgmentectomy,Videoscopic,Left lateral decubitus,General,0,0,Normal Sinus Rhythm,Moderate obstructive,14.9,269.0,100.0,32.4,139.0,4.7,106.0,4.2,25.0,24.0,16.0,0.89,7.366,24.2,-0.2,82.5,44.5,95.4,II,Oral,,Left-37,,Left forearm,,Left radial,,Right IJV,,200.0,230.0,0,0,1100.0,0,0,0.0,0,120,0,10,0,0,0
2283,3039,0,9587,-2138,9682.0,3382,8782,-211980,306420,1,0,49.0,F,155.9,44.5,18.3,2.0,0,Thoracic surgery,Major resection,Nontuberculous mycobacterial infection,Lung lobectomy,Videoscopic,Left lateral decubitus,General,0,0,Normal Sinus Rhythm,Mild restrictive,13.3,126.0,91.0,50.0,141.0,4.4,94.0,4.5,23.0,21.0,12.0,0.85,,,,,,,I,Oral,8.0,Left-35,,Left forearm,,Right radial,,Right IJV,,100.0,80.0,0,0,300.0,0,0,0.0,0,100,0,10,0,0,0
2779,4230,0,7867,-553,7547.0,2747,6647,-114840,144360,0,0,61.0,M,167.1,59.0,21.1,3.0,0,General surgery,Colorectal,Malignant melanoma ,Inguinal lymph node dissection,Open,Supine,General,0,0,Normal Sinus Rhythm,Normal,10.2,186.0,97.0,34.7,141.0,4.5,132.0,3.5,22.0,19.0,15.0,0.87,,,,,,,I,Oral,7.0,,,Left forearm,,Left radial,,,,,,0,0,250.0,0,0,0.0,0,60,0,30,0,0,300
6053,1957,0,10653,-892,10148.0,1748,9848,-114600,663000,0,0,45.0,F,162.2,72.25,27.5,2.0,0,General surgery,Biliary/Pancreas,"Neuroendocrine tumor of pancreas, G1",Excision,Open,Supine,General,0,0,Normal Sinus Rhythm,Normal,12.7,250.0,86.0,32.5,140.0,4.4,96.0,4.1,27.0,26.0,15.0,0.75,,,,,,,I,Oral,7.0,,,Right forearm,Right etc,Right radial,,,,100.0,350.0,0,0,1100.0,0,0,0.0,0,80,0,0,0,0,0
5352,2410,0,14335,485,14825.0,5525,13734,-112920,319080,1,0,77.0,F,150.5,49.0,21.6,2.0,0,Thoracic surgery,Major resection,Lung cancer right,Lung lobectomy,Open,Left lateral decubitus,General,1,0,Normal Sinus Rhythm,Normal,11.9,253.0,123.0,34.2,139.0,4.0,108.0,4.3,16.0,10.0,17.0,0.52,,,,,,,,Oral,,Left-35,,Left forearm,,Left radial,,Right IJV,,150.0,90.0,0,0,800.0,0,0,0.0,0,100,0,0,60,0,0
505,5324,0,13669,-643,13037.0,2957,12437,-212820,478380,0,0,78.0,M,162.7,66.9,25.3,2.0,0,General surgery,Hepatic,Hepatocellular carcinoma,Liver segmentectomy,Videoscopic,Lithotomy,General,0,0,Normal Sinus Rhythm,Normal,15.0,54.0,95.0,38.8,141.0,4.9,125.0,4.5,29.0,26.0,13.0,1.22,,,,,,,I,Oral,7.5,,,Left forearm,Right etc,Right radial,,,,150.0,90.0,0,0,1800.0,0,0,0.0,0,80,0,20,0,0,300
449,5876,0,10294,-788,10132.0,1732,9232,-390060,733140,0,0,58.0,F,155.7,53.9,22.2,2.0,0,General surgery,Others,"Colon cancer, sigmoid",Exploratory laparotomy,Open,Supine,General,0,0,Normal Sinus Rhythm,Normal,11.3,155.0,97.0,34.2,141.0,4.1,99.0,3.5,13.0,9.0,19.0,0.7,,,,,,,I,Oral,7.0,,,Right forearm,Right etc,Right radial,,,,600.0,,0,0,2380.0,0,0,0.0,0,80,0,45,0,0,300
6241,3864,0,22897,-525,22335.0,2535,21435,-307020,470580,0,0,75.0,F,156.5,55.25,22.6,,0,General surgery,Colorectal,"Colon cancer, ascending",Hemicolectomy,Videoscopic,Lithotomy,General,0,1,Normal Sinus Rhythm,Normal,,,,,,,,,,,,,,,,,,,I,Oral,7.0,,,Right forearm,,Right radial,,,,300.0,80.0,0,0,1350.0,0,0,0.0,0,80,0,0,0,0,0
2222,1014,0,13381,-475,13385.0,4325,12725,-200820,490380,1,0,40.0,F,154.4,50.6,21.2,2.0,0,Thoracic surgery,Major resection,Malignant neoplasm of salivary gland,Lung lobectomy,Videoscopic,Left lateral decubitus,General,0,0,Normal Sinus Rhythm,Normal,12.6,309.0,106.0,37.6,141.0,3.8,91.0,4.4,31.0,22.0,13.0,0.55,,,,,,,I,Oral,,Left-35,,Left forearm,,Left radial,,Right IJV,,100.0,120.0,0,0,750.0,0,0,0.0,0,130,0,10,0,0,300
1725,4844,0,11855,-701,11419.0,2419,10819,-114540,317460,0,0,43.0,F,171.5,69.5,23.6,1.0,0,General surgery,Transplantation,Kidney donor ,Donor nephrectomy,Videoscopic,Right lateral decubitus,General,0,0,Normal Sinus Rhythm,Normal,15.0,235.0,121.0,28.8,138.0,4.5,92.0,4.5,19.0,19.0,12.0,0.64,,,,,,,I,Oral,7.0,,,Right forearm,,,,,,,180.0,0,0,700.0,35,0,0.0,0,80,0,30,0,0,0
1337,1017,0,9317,-488,8812.0,2812,8332,-114180,58620,0,0,64.0,M,176.3,72.7,23.4,2.0,0,General surgery,Vascular,Varicose vein of lower limb,Ligation and stripping,Open,Supine,General,1,0,Normal Sinus Rhythm,Mild obstructive,14.2,274.0,106.0,32.8,142.0,5.1,100.0,4.4,19.0,10.0,18.0,1.16,,,,,,,I,Oral,7.5,,,Left forearm,,,,,,,650.0,0,0,500.0,0,0,0.0,0,0,0,35,0,0,0
5781,5550,0,12753,-804,12996.0,3096,11796,-201180,230820,1,0,70.0,M,162.7,77.1,29.1,2.0,0,Thoracic surgery,Major resection,Solitary pulmonary nodule ,Lung lobectomy,Videoscopic,Right lateral decubitus,General,1,0,Normal Sinus Rhythm,Normal,11.6,302.0,130.0,31.9,141.0,4.3,93.0,4.4,26.0,13.0,19.0,1.04,,,,,,,I,Oral,,Left-35,,Left forearm,,Left radial,,Right IJV,,,,0,0,,0,0,0.0,0,110,0,0,0,0,0
3629,103,0,21776,130,21130.0,4630,20530,-226320,292080,1,0,68.0,F,154.4,57.7,24.2,2.0,0,Thoracic surgery,Major resection,Solitary pulmonary nodule,Lung lobectomy,Videoscopic,Right lateral decubitus,General,0,0,Normal Sinus Rhythm,Normal,11.4,215.0,99.0,29.9,142.0,4.0,102.0,4.1,15.0,17.0,16.0,0.73,,,,,,,I,Oral,,Left-35,,Right hand,,Right radial,,Right IJV,,,550.0,0,0,1100.0,0,0,0.0,0,80,0,60,0,0,0
5333,4459,0,16809,-366,17634.0,1434,16134,-228960,462240,0,0,80.0,M,158.0,60.9,24.4,2.0,0,General surgery,Biliary/Pancreas,Acute cholecystitis,Cholecystectomy,Videoscopic,Supine,General,1,0,Normal Sinus Rhythm,Mild obstructive,11.6,289.0,97.0,35.4,139.0,4.5,97.0,4.0,24.0,30.0,18.0,1.2,7.357,22.1,-2.8,103.0,40.1,97.4,I,Oral,7.5,,,Left forearm,,,,,,300.0,,0,0,1800.0,0,0,0.0,0,90,0,45,230,0,0
3237,3195,0,12171,-371,12109.0,2809,11209,-132480,299520,0,0,55.0,M,165.9,55.4,20.1,1.0,0,General surgery,Transplantation,Kidney donor ,Donor nephrectomy,Videoscopic,Right lateral decubitus,General,0,0,Normal Sinus Rhythm,Normal,15.2,245.0,119.0,30.5,144.0,4.3,96.0,4.3,10.0,11.0,8.0,0.69,,,,,,,I,Oral,7.5,,,Right forearm,,,,,,,100.0,0,0,550.0,0,0,0.0,0,85,0,5,0,0,0
2791,2650,0,8041,-954,7746.0,2946,6846,-200700,404100,0,0,59.0,F,161.0,69.1,26.7,2.0,0,General surgery,Breast,Infiltrating ductal carcinoma of breast left,Breast-conserving surgery,Open,,General,1,0,Normal Sinus Rhythm,Normal,11.3,206.0,96.0,29.7,144.0,3.7,98.0,4.0,17.0,11.0,10.0,0.67,,,,,,,I,Oral,7.0,,,Right forearm,,,,,,,,0,0,500.0,0,0,0.0,0,50,0,0,0,0,0
2392,4064,0,16181,-1414,16286.0,2786,15386,-127080,477720,0,0,57.0,F,154.8,50.5,21.1,1.0,0,Thoracic surgery,Minor resection,Lung cancer right,Lung sgmentectomy,Videoscopic,Left lateral decubitus,General,0,0,Normal Sinus Rhythm,Normal,11.5,238.0,93.0,26.5,134.0,3.8,116.0,3.8,18.0,11.0,14.0,0.61,,,,,,,I,Oral,,Left-32,,Left hand,,Left radial,,Right IJV,,250.0,100.0,0,0,1100.0,0,0,0.0,0,140,0,0,0,0,0
414,2076,0,10457,-2747,10093.0,913,9013,-124440,221160,0,0,57.0,M,174.4,80.8,26.6,2.0,0,General surgery,Thyroid,Thyroid nodule,Completion thyroidectomy,Open,Supine,General,1,0,Normal Sinus Rhythm,Normal,16.4,188.0,110.0,35.3,137.0,4.1,182.0,4.8,25.0,26.0,11.0,0.76,,,,,,,I,Oral,7.0,,,Left forearm,,,,,,50.0,,0,0,250.0,0,0,0.0,0,50,0,0,0,0,0
309,539,0,10850,-1852,10568.0,1868,9968,-294180,310620,0,0,45.0,M,168.6,68.8,24.2,3.0,0,General surgery,Thyroid,Hyperparathyroidism ,Subtotal parathyroidectomy,Open,Supine,General,1,0,Normal Sinus Rhythm,Normal,13.2,237.0,135.0,27.8,140.0,4.2,75.0,4.1,13.0,15.0,41.0,13.86,,,,,,,,Oral,,,,Right forearm,,Right radial,,,,,,0,0,850.0,0,0,0.0,0,60,0,0,120,0,0
3256,423,0,14161,317,13877.0,2477,13577,-211080,480120,1,0,77.0,F,150.4,67.9,30.0,2.0,0,Thoracic surgery,Minor resection,"Abnormal chest CT, lung nodule",Lung wedge resection,Videoscopic,Left lateral decubitus,General,1,0,Normal Sinus Rhythm,Normal,12.3,169.0,90.0,28.8,138.0,4.4,202.0,3.9,34.0,30.0,19.0,0.79,,,,,,,II,Oral,,Left-35,,Right forearm,,Left radial,,Right IJV,,100.0,160.0,0,0,1000.0,0,0,0.0,0,140,0,0,0,0,0
6280,2921,0,18239,-1096,18404.0,3404,18104,-287280,663120,0,0,49.0,M,165.2,64.1,23.5,2.0,0,General surgery,Hepatic,Metastatic cancer to the liver,Hemihepatectomy,Open,Supine,General,0,1,Normal Sinus Rhythm,Normal,13.0,168.0,103.0,30.7,137.0,3.8,123.0,4.3,22.0,16.0,10.0,0.75,,,,,,,I,Oral,7.5,,,Left forearm,,Right radial,,Right IJV,,300.0,125.0,0,0,1800.0,0,0,0.0,0,175,0,0,0,0,0
3857,1665,0,12528,-1578,12162.0,2262,11262,-216420,647580,1,0,59.0,M,167.0,54.2,19.4,2.0,0,General surgery,Others,Liposarcoma,Debulking surgery,Open,Lithotomy,General,0,1,Normal Sinus Rhythm,Normal,12.8,274.0,108.0,33.6,137.0,4.3,96.0,3.6,23.0,19.0,15.0,0.96,,,,,,,I,Oral,7.5,,,Left forearm,,Right radial,,Right IJV,,1700.0,100.0,4,2,2200.0,100,0,0.0,0,110,0,0,300,50,300
844,1335,0,26204,-501,25899.0,3699,25299,-201480,576120,0,1,32.0,F,160.2,61.55,24.0,1.0,0,General surgery,Hepatic,Malignant neoplasm of liver ,Hemihepatectomy,Videoscopic,Lithotomy,General,0,0,Normal Sinus Rhythm,Normal,13.0,219.0,92.0,32.0,139.0,3.9,105.0,4.5,16.0,18.0,14.0,0.82,7.392,23.4,-1.4,44.6,39.3,79.7,I,Oral,7.0,,,Left forearm,,Right radial,,Right IJV,,120.0,150.0,0,0,1100.0,0,0,0.0,0,110,0,5,0,0,0
353,3873,0,17235,-111,17169.0,3069,16269,-114180,490620,1,0,81.0,M,168.7,72.2,25.4,2.0,0,Thoracic surgery,Major resection,Lung cancer right,Lung lobectomy,Videoscopic,Left lateral decubitus,General,0,0,Normal Sinus Rhythm,Mild obstructive,,,,,,,,,,,,,,,,,,,I,Oral,,Left-35,,Right forearm,,Left radial,,Right IJV,,350.0,120.0,0,0,1000.0,0,0,0.0,0,140,0,0,0,0,0
4113,3069,0,8053,-566,7594.0,994,6694,-133080,212520,0,0,33.0,F,155.2,66.4,27.6,1.0,0,General surgery,Thyroid,Thyroid nodule,Total thyroidectomy,Open,Supine,General,0,0,Normal Sinus Rhythm,Normal,13.9,231.0,119.0,30.6,138.0,5.0,111.0,4.5,21.0,35.0,10.0,0.63,,,,,,,I,Oral,7.0,,,Left forearm,,,,,,,,0,0,700.0,0,0,0.0,0,60,0,15,10,0,0
5390,3569,0,8262,-265,8495.0,3335,6995,-113880,145320,0,0,78.0,F,143.8,53.4,25.8,3.0,0,Thoracic surgery,Others,Lymph node metastasis,Mediastinal lymph node dissection,Videoscopic,Left lateral decubitus,General,1,1,Normal Sinus Rhythm,Normal,11.3,188.0,110.0,30.6,146.0,4.2,114.0,4.0,24.0,16.0,16.0,0.87,,,,,,,I,Oral,,Left-32,,Left forearm,Right hand,Left radial,,,,,60.0,0,0,400.0,0,0,0.0,0,130,0,10,0,0,0
708,389,0,18159,-84,17916.0,2616,17016,-210060,653940,0,0,70.0,M,168.4,59.6,21.0,2.0,0,General surgery,Biliary/Pancreas,Gallbladder stone with acute cholecystitis without obstruction,Cholecystectomy,Videoscopic,Supine,General,0,0,Normal Sinus Rhythm,Mild obstructive,12.5,223.0,94.0,33.4,136.0,4.9,86.0,3.9,26.0,22.0,14.0,1.21,7.432,24.3,-0.2,71.1,36.2,94.6,I,Oral,7.5,,,Left forearm,,,,,,200.0,,0,0,900.0,0,0,0.0,0,80,0,20,0,0,0
2675,3317,0,11874,-508,11672.0,1772,10772,-206100,485100,0,0,55.0,F,153.7,74.5,31.5,2.0,0,General surgery,Breast,Breast cancer left,Total mastectomy,Open,Supine,General,1,0,Normal Sinus Rhythm,Normal,13.5,212.0,93.0,35.5,141.0,4.4,102.0,4.2,18.0,19.0,11.0,0.72,,,,,,,I,Oral,7.0,,,Right forearm,,,,,,150.0,,0,0,500.0,0,0,0.0,0,50,0,0,0,0,0
571,1135,0,7715,-491,7609.0,1009,6709,-131580,127620,0,0,45.0,F,146.5,67.2,31.3,1.0,0,General surgery,Thyroid,Thyroid nodule ,Thyroid lobectomy,Open,,General,0,0,Normal Sinus Rhythm,Normal,12.7,386.0,100.0,37.8,137.0,3.8,90.0,3.9,15.0,18.0,11.0,0.49,,,,,,,I,Oral,7.0,,,Left forearm,,,,,,,,0,0,300.0,0,0,0.0,0,50,0,0,0,0,0
1221,2719,0,22153,-567,21873.0,3573,21273,-127200,564000,2,0,72.0,M,167.1,74.6,26.7,3.0,0,Thoracic surgery,Major resection,lung cancer ,Lung lobectomy,Videoscopic,,General,1,1,Normal Sinus Rhythm,Mild obstructive,8.0,283.0,73.0,29.3,140.0,4.1,177.0,3.4,15.0,13.0,17.0,0.8,7.412,22.4,-2.3,76.8,34.1,95.3,I,Oral,,Left-35,,Left forearm,,Right radial,,Right IJV,,780.0,245.0,1,3,1150.0,500,0,0.0,0,200,0,0,110,0,300
369,548,0,15733,-1774,15326.0,2846,13946,-461220,575580,1,0,62.0,M,161.4,53.6,20.6,3.0,0,General surgery,Stomach,Stomach cancer unspecified,Distal gastrectomy,Videoscopic,Supine,General,0,1,Normal Sinus Rhythm,Normal,12.8,228.0,96.0,33.2,142.0,4.0,151.0,4.4,21.0,19.0,13.0,0.61,7.398,17.5,-6.4,108.8,29.0,98.1,I,Oral,7.5,,,Left forearm,Right etc,Left radial,,,,30.0,300.0,0,0,1250.0,0,0,0.0,0,80,0,0,0,0,0
3421,5634,0,11204,-220,10640.0,1640,10340,-214920,562680,0,0,44.0,F,161.8,54.8,20.9,1.0,1,General surgery,Stomach,Early gastric cancer,Pylorus preserving gastrectomy,Videoscopic,Supine,General,0,0,Normal Sinus Rhythm,Normal,13.9,268.0,99.0,37.4,141.0,4.2,99.0,4.2,18.0,13.0,9.0,0.64,,,,,,,I,Oral,7.0,,,Left forearm,,,,,,,252.0,0,0,800.0,0,0,0.0,0,80,0,0,0,0,0
5360,1935,0,31920,-1577,32023.0,2323,30823,-292560,3077040,1,0,73.0,M,167.3,67.5,24.1,2.0,0,General surgery,Biliary/Pancreas,"Intraductal papillary mucinous neoplasm of pancreas, borderline",Pylorus preserving pancreaticoduodenectomy,Open,Supine,General,1,0,Normal Sinus Rhythm,Normal,12.9,164.0,97.0,29.7,139.0,4.5,127.0,3.9,19.0,12.0,15.0,1.37,,,,,,,II,Oral,7.5,,,Right forearm,,Right radial,,Left EJV,,700.0,1165.0,1,0,5300.0,0,0,0.0,0,160,0,15,0,0,0
2909,1430,0,8793,-434,8806.0,2806,7606,-144480,201120,0,0,50.0,F,152.0,48.8,21.1,2.0,0,Thoracic surgery,Major resection,Lung cancer right,Lung lobectomy,Videoscopic,Left lateral decubitus,General,0,0,Normal Sinus Rhythm,Normal,12.5,291.0,95.0,32.6,141.0,4.0,83.0,4.4,23.0,15.0,9.0,0.63,,,,,,,I,Oral,8.0,Left-32,,Left forearm,,Left radial,,Right IJV,,,30.0,0,0,350.0,0,0,0.0,0,70,0,0,0,0,0
3023,3589,0,12138,-420,10980.0,2520,10080,-120420,311580,0,0,55.0,F,152.6,49.0,21.0,2.0,0,General surgery,Thyroid,Thyroid nodule,Thyroid lobectomy,Open,Supine,General,0,0,Normal Sinus Rhythm,Normal,11.7,190.0,99.0,32.6,141.0,4.1,87.0,4.3,17.0,15.0,25.0,0.82,,,,,,,,Nasal,6.0,,,Left forearm,,Right radial,,,,,70.0,0,0,300.0,0,0,0.0,0,40,0,0,0,0,0
692,2334,0,14654,-131,13669.0,3469,13669,-113820,231780,0,0,56.0,M,177.2,84.65,27.0,2.0,0,General surgery,Others,papillary thyroid carcinoma ,Modified radical neck dissection,Open,Supine,General,0,0,Normal Sinus Rhythm,Normal,17.4,239.0,109.0,35.4,138.0,4.1,127.0,4.4,27.0,45.0,13.0,0.86,,,,,,,IIIa,Oral,7.5,,,Left forearm,,,,,,30.0,,0,0,400.0,0,0,0.0,0,50,0,10,0,0,0
4757,3985,0,23570,-447,23493.0,3693,23193,-113880,577320,1,0,81.0,M,173.4,75.5,25.1,2.0,0,Thoracic surgery,Major resection,Lung cancer unspecified side,Lung lobectomy,Videoscopic,Right lateral decubitus,General,0,0,Normal Sinus Rhythm,Normal,14.4,176.0,123.0,30.9,141.0,4.5,122.0,4.1,22.0,16.0,16.0,1.16,,,,,,,,Oral,,Left-37,,Right forearm,,Right radial,,Right IJV,,600.0,370.0,0,0,1500.0,500,0,0.0,0,100,0,0,0,0,0
3439,1978,0,14151,-1131,13449.0,1149,12549,-136500,209100,0,0,44.0,M,174.7,81.5,26.7,1.0,0,General surgery,Thyroid,Thyroid nodule ,Total thyroidectomy,Open,,General,0,1,Normal Sinus Rhythm,Normal,14.1,256.0,100.0,31.8,140.0,3.8,101.0,4.3,17.0,21.0,19.0,0.83,,,,,,,I,Oral,7.5,,,Left forearm,,,,,,50.0,,0,0,400.0,0,0,0.0,0,70,0,0,0,0,0
1558,4561,0,17066,-1493,16987.0,2347,16447,-210000,49200,2,0,84.0,M,168.0,71.5,25.3,2.0,0,General surgery,Others,Sarcoma,Exploratory laparotomy,Open,Supine,General,1,1,Normal Sinus Rhythm,Normal,13.4,30.0,61.0,53.2,136.0,4.0,118.0,3.5,75.0,58.0,16.0,0.62,,,,,,,,Oral,7.5,,,Left forearm,,Right radial,,Right IJV,,21200.0,,20,20,21600.0,0,0,0.0,0,70,0,10,400,100,8100
4995,5377,0,22042,-355,21845.0,2045,20945,-211500,998100,1,0,70.0,M,167.7,42.0,14.9,3.0,0,General surgery,Biliary/Pancreas,Pancreatic cancer ,Pancreaticoduodenectomy,Open,Supine,General,0,0,Normal Sinus Rhythm,Normal,10.1,207.0,113.0,29.2,141.0,4.1,138.0,4.7,14.0,10.0,26.0,0.69,,,,,,,I,Oral,7.5,,,Right forearm,,Right radial,,Right IJV,,200.0,130.0,0,0,2000.0,0,0,0.0,0,100,0,10,0,0,0
4202,6050,0,12978,-738,12882.0,2082,11982,-141900,376500,1,0,42.0,M,176.6,79.9,25.6,2.0,0,Thoracic surgery,Major resection,Lung cancer right,Lung lobectomy,Videoscopic,Left lateral decubitus,General,0,1,Normal Sinus Rhythm,Normal,16.5,238.0,110.0,34.7,142.0,4.3,134.0,4.7,22.0,44.0,11.0,0.77,,,,,,,I,Oral,,Left-37,,Left forearm,,Left radial,,Right IJV,,400.0,220.0,0,0,1500.0,0,0,0.0,0,140,0,0,0,0,0
1002,1877,0,9766,-47,9853.0,2053,8353,-140100,551100,2,0,45.0,F,167.4,48.1,17.2,2.0,0,Thoracic surgery,Major resection,Bronchiectasis,Lung lobectomy,Videoscopic,Left lateral decubitus,General,0,0,Normal Sinus Rhythm,Normal,8.9,377.0,96.0,31.3,131.0,4.2,111.0,3.7,31.0,20.0,8.0,0.48,,,,,,,I,Oral,,Left-32,,Left forearm,,Left radial,,Right IJV,,100.0,75.0,0,0,600.0,0,0,0.0,0,70,0,10,0,0,0
1489,3525,0,16592,-2245,17495.0,2795,15695,-480480,729120,1,0,59.0,M,176.5,79.0,25.4,2.0,0,General surgery,Vascular,Atherosclerosis obliterans without gangrene,Aortoiliac bypass,Open,Supine,General,1,1,Normal Sinus Rhythm,Normal,13.5,169.0,100.0,29.0,,,174.0,4.2,17.0,7.0,10.0,0.74,,,,,,,II,Oral,7.5,,,Left hand,,Right radial,,Right IJV,,650.0,480.0,0,0,2550.0,0,0,0.0,0,130,0,15,0,0,300
6040,4862,0,22215,-591,21729.0,2829,21129,-201420,576180,0,0,76.0,F,149.2,59.95,26.9,2.0,0,General surgery,Stomach,Advanced gastric cancer,Distal gastrectomy,Videoscopic,Supine,General,1,0,Normal Sinus Rhythm,Normal,10.6,414.0,110.0,23.7,140.0,4.6,95.0,4.3,18.0,13.0,14.0,0.77,,,,,,,I,Oral,7.0,,,Left forearm,,,,,,170.0,140.0,0,0,1300.0,0,0,0.0,0,105,0,20,0,0,0
5014,5516,0,21591,-1016,21844.0,2644,20944,-488700,461700,1,0,62.0,F,157.5,64.25,25.9,,0,Thoracic surgery,Major resection,Bronchiectasis ,Lung lobectomy,Videoscopic,Left lateral decubitus,General,0,1,Normal Sinus Rhythm,Normal,,,,,,,,,,,,,,,,,,,I,Oral,,Left-35,,Left forearm,,Left radial,,Right IJV,,500.0,980.0,0,0,1700.0,0,0,0.0,0,190,0,0,0,0,0
1035,2988,0,15118,-275,14605.0,3805,14005,-200160,231840,1,0,70.0,M,181.0,82.2,25.1,2.0,0,Thoracic surgery,Major resection,Non-small cell lung cancer left,Lung lobectomy,Videoscopic,Right lateral decubitus,General,1,1,Normal Sinus Rhythm,Normal,14.3,204.0,104.0,36.0,142.0,4.2,81.0,4.3,17.0,12.0,16.0,1.04,,,,,,,I,Oral,,Left-37,,Right forearm,,Right radial,,Right IJV,,,30.0,0,0,750.0,0,0,0.0,25,120,0,10,0,0,0
3737,3967,0,17870,-1937,17863.0,2563,17269,-202320,575280,0,0,70.0,M,163.8,67.8,25.3,2.0,0,General surgery,Stomach,Advanced gastric cancer ,Subtotal gastrectomy,Open,Supine,General,1,1,Normal Sinus Rhythm,Mild obstructive,11.7,164.0,102.0,30.8,141.0,4.6,112.0,3.8,13.0,13.0,14.0,1.02,,,,,,,,Oral,7.5,,,Left forearm,,Right radial,,,,300.0,150.0,0,0,2300.0,0,0,0.0,0,90,0,15,0,0,0
5608,5221,0,15596,285,16485.0,3885,14993,-131100,387300,1,0,64.0,F,147.3,52.8,24.3,1.0,0,Thoracic surgery,Others,Mediastinal mass ,Excision,Open,Supine,General,0,0,Normal Sinus Rhythm,Mixed or pure obstructive,11.2,385.0,92.0,30.4,139.0,3.8,,3.6,26.0,17.0,15.0,0.64,,,,,,,I,Oral,,Left-32,,Right forearm,,Right radial,,Right femoral,,350.0,270.0,0,0,1800.0,0,0,0.0,0,90,0,10,210,0,300
1579,7,0,8161,-2795,8245.0,1045,7345,-124320,221280,0,0,56.0,F,152.0,48.5,21.0,2.0,0,General surgery,Thyroid,Thyroid nodule,Thyroid lobectomy,Open,Supine,General,0,0,Normal Sinus Rhythm,Normal,12.6,247.0,112.0,31.9,141.0,4.2,89.0,4.1,19.0,14.0,9.0,0.54,,,,,,,I,Oral,7.0,,,Left forearm,,,,,,30.0,,0,0,500.0,0,0,0.0,0,50,0,5,0,0,0
1230,1084,0,23873,-1001,24079.0,2779,22579,-212280,1342920,0,0,38.0,F,154.4,51.8,21.7,1.0,0,General surgery,Stomach,Advanced gastric cancer,Total gastrectomy,Open,Supine,General,0,0,Normal Sinus Rhythm,Normal,11.2,365.0,93.0,33.6,142.0,4.3,86.0,4.0,15.0,8.0,9.0,0.55,,,,,,,I,Oral,,Left-32,,Left forearm,,Right radial,,Right IJV,,100.0,80.0,2,0,2700.0,0,0,0.0,0,100,0,5,0,0,0
485,4283,0,14241,7,13507.0,4807,12907,-200340,490860,0,0,67.0,F,166.5,74.2,26.8,2.0,0,Thoracic surgery,Major resection,"Abnormal chest CT, lung nodule",Lung lobectomy,Videoscopic,Left lateral decubitus,General,0,0,Normal Sinus Rhythm,Normal,13.0,169.0,106.0,32.0,142.0,4.3,86.0,3.8,21.0,16.0,24.0,0.8,,,,,,,I,Oral,8.0,,,Right forearm,,Right radial,,Right IJV,,250.0,290.0,0,0,1100.0,0,0,0.0,0,90,0,10,0,0,0
3348,3684,0,19454,-260,18520.0,2620,17920,-287460,835740,0,0,73.0,F,164.0,57.9,21.5,2.0,0,General surgery,Hepatic,Hepatocellular carcinoma,Liver segmentectomy,Open,Supine,General,0,0,Normal Sinus Rhythm,Normal,12.2,151.0,93.0,28.4,142.0,3.9,103.0,3.7,21.0,18.0,13.0,0.58,,,,,,,I,Oral,7.0,,,Left forearm,Left etc,Right radial,,,,1600.0,150.0,3,0,3100.0,0,0,0.0,0,90,0,15,0,0,900
3617,4600,0,7798,-349,7391.0,1991,7091,-131460,127740,0,0,51.0,F,153.4,48.8,20.7,1.0,0,General surgery,Others,Breast cancer left,Wide excision,Open,Supine,General,0,0,Normal Sinus Rhythm,Normal,13.7,225.0,109.0,32.8,138.0,3.9,94.0,4.4,15.0,10.0,9.0,0.64,,,,,,,I,Oral,7.0,,,Left foot,,,,,,,,0,0,300.0,0,0,0.0,0,60,0,0,0,0,0
2498,1915,0,12121,-207,12333.0,1833,11133,-129840,388560,1,0,51.0,F,153.6,68.5,29.0,1.0,0,Thoracic surgery,Minor resection,Lung cancer right,Lung wedge resection,Videoscopic,Left lateral decubitus,General,0,0,Normal Sinus Rhythm,Normal,,,,,,,,,,,,,,,,,,,I,Oral,,Left-32,,Left forearm,,Left radial,,Right IJV,,200.0,220.0,0,0,700.0,0,0,0.0,0,100,0,5,0,0,0
4913,750,0,10929,-987,10833.0,3033,9933,-214740,1167660,5,0,78.0,M,162.0,50.6,19.3,3.0,0,Thoracic surgery,Major resection,Lung cancer right,Lung lobectomy,Videoscopic,Left lateral decubitus,General,1,0,Normal Sinus Rhythm,Normal,15.4,218.0,118.0,32.3,131.0,4.8,398.0,4.5,13.0,14.0,20.0,1.29,,,,,,,I,Oral,,Left-37,,Right forearm,,Left radial,,Right IJV,,50.0,80.0,0,0,600.0,0,0,0.0,0,100,0,0,0,0,0
4709,2951,0,7656,-680,7600.0,1300,7300,-402180,461820,0,0,52.0,M,171.3,68.65,23.4,1.0,0,General surgery,Colorectal,Rectal cancer,Low anterior resection,Open,Lithotomy,General,0,0,Normal Sinus Rhythm,Mild obstructive,12.6,227.0,97.0,30.0,142.0,4.1,107.0,3.8,22.0,23.0,20.0,1.12,,,,,,,I,Oral,7.5,,,Right forearm,,,,,,50.0,180.0,0,0,600.0,0,0,0.0,0,90,0,5,0,0,0
2943,1821,0,12475,-3291,11469.0,1869,11169,-307380,556620,0,0,63.0,M,164.1,53.25,19.8,2.0,0,General surgery,Hepatic,hepatocellular carcinoma ,Liver segmentectomy,Open,,General,0,0,Normal Sinus Rhythm,Normal,15.0,192.0,101.0,35.0,142.0,3.9,115.0,4.2,22.0,17.0,12.0,0.78,,,,,,,,,,,,,,,,,,100.0,155.0,0,0,1400.0,0,0,0.0,0,80,0,0,0,0,0
3846,1474,0,25618,-669,25191.0,2391,24891,-374100,1181100,1,0,70.0,M,167.0,50.5,18.1,2.0,0,General surgery,Biliary/Pancreas,Pancreatic cancer,Pylorus preserving pancreaticoduodenectomy,Open,Supine,General,1,0,Normal Sinus Rhythm,Normal,13.1,157.0,112.0,31.0,140.0,4.2,117.0,4.5,17.0,15.0,14.0,1.05,,,,,,,II,Oral,7.5,,,Left forearm,,Right radial,,Right IJV,,250.0,840.0,0,0,2100.0,0,0,0.0,0,110,0,20,20,0,300
4179,1577,0,22232,-415,22385.0,3245,21185,-201660,489540,1,0,75.0,M,165.2,72.4,26.5,2.0,0,General surgery,Vascular,Atherosclerosis obliterans,Femoro-popliteal bypass,Open,Supine,General,1,1,Normal Sinus Rhythm,Moderate obstructive,13.1,214.0,103.0,30.0,140.0,4.4,218.0,4.2,30.0,48.0,15.0,1.0,,,,,,,I,Oral,7.5,,,Left hand,Left etc,Left radial,,,,650.0,1420.0,0,0,2150.0,500,0,0.0,0,110,0,20,240,0,600
3631,2533,0,26014,-812,26188.0,4588,25588,-205980,1176420,4,0,59.0,M,172.0,51.9,17.5,3.0,0,General surgery,Transplantation,Hepatocellular carcinoma ,Liver transplantation,Open,Supine,General,0,0,Normal Sinus Rhythm,Normal,9.8,81.0,53.0,41.6,133.0,3.9,208.0,1.9,47.0,36.0,11.0,0.82,,,,,,,I,Oral,7.5,,,Right forearm,,Right radial,Right femoral,Right IJV,,6950.0,850.0,9,9,4900.0,500,0,0.0,0,50,0,15,0,30,1500
4999,4944,0,25050,-1361,24799.0,1999,23899,-291960,658440,1,0,74.0,M,167.7,67.25,23.9,2.0,0,General surgery,Biliary/Pancreas,Pancreatic cancer ,Pancreaticoduodenectomy,Open,Supine,General,0,0,Normal Sinus Rhythm,Mild restrictive,12.3,161.0,90.0,33.9,139.0,4.1,164.0,3.8,18.0,24.0,17.0,0.85,,,,,,,I,Oral,7.5,,,Left forearm,,Right radial,,Right IJV,,330.0,385.0,0,0,2620.0,0,0,0.0,0,110,0,25,0,0,0
5469,1184,0,11112,-686,10714.0,2314,10114,-217260,473940,0,0,60.0,M,179.5,74.2,23.0,2.0,0,General surgery,Colorectal,Rectal fistula,Hartmann procedure,Open,Supine,General,0,0,Normal Sinus Rhythm,Moderate obstructive,13.8,448.0,107.0,34.0,142.0,4.5,92.0,3.9,14.0,12.0,10.0,0.81,,,,,,,I,Oral,7.5,,,Left forearm,Left etc,,,,,250.0,50.0,0,0,1100.0,0,0,0.0,0,90,0,0,0,0,0
1687,2364,0,11192,303,11103.0,2403,9903,-128640,562560,1,0,49.0,M,165.8,65.6,23.9,2.0,0,Thoracic surgery,Minor resection,Solitary pulmonary nodule ,Lung wedge resection,Videoscopic,Left lateral decubitus,General,0,0,Normal Sinus Rhythm,Normal,15.1,214.0,110.0,30.2,139.0,4.2,125.0,4.5,27.0,34.0,21.0,1.23,,,,,,,I,Oral,,Left-37,,Left forearm,,Left radial,,Right IJV,,50.0,220.0,0,0,250.0,0,0,0.0,0,110,0,0,0,0,0
795,2957,0,15424,-409,15131.0,2531,14531,-113520,232080,0,0,35.0,F,160.9,54.1,20.9,1.0,0,General surgery,Thyroid,Papillary thyroid carcinoma,Total thyroidectomy,Robotic,Supine,General,0,0,Normal Sinus Rhythm,Normal,13.5,308.0,95.0,37.1,138.0,4.1,80.0,4.8,16.0,9.0,10.0,0.59,,,,,,,I,Oral,6.0,,,Left forearm,Right foot,Left radial,,,,50.0,,0,0,950.0,0,0,0.0,0,50,0,0,0,0,0
5308,5606,0,15240,-822,15138.0,3438,14238,-127020,218580,0,0,24.0,F,159.9,58.9,23.0,1.0,0,General surgery,Thyroid,Papillary thyroid carcinoma,Thyroid lobectomy,Robotic,Supine,General,0,0,Normal Sinus Rhythm,Normal,12.3,189.0,86.0,35.7,135.0,4.5,81.0,4.6,16.0,10.0,9.0,0.66,,,,,,,I,Oral,6.0,,,Left forearm,Right foot,Right radial,,,,30.0,,0,0,1100.0,0,0,0.0,0,50,0,0,0,0,0
3287,280,0,28515,-483,28317.0,2517,27417,-114480,576720,0,0,43.0,M,171.2,65.7,22.4,1.0,1,General surgery,Transplantation,Living liver donor,Donor hepatectomy,Open,Supine,General,0,0,Normal Sinus Rhythm,Normal,14.8,192.0,91.0,35.6,143.0,5.0,76.0,4.4,24.0,22.0,16.0,0.79,,,,,,,I,Oral,7.5,,,Right forearm,Left etc,Left radial,,Left IJV,,900.0,465.0,0,0,2900.0,0,0,0.0,0,170,0,0,0,0,0
4277,846,0,11799,-2365,11375.0,2975,10475,-126300,910500,0,0,44.0,M,171.5,73.0,24.8,2.0,0,Thoracic surgery,Minor resection,Abnormal finding on lung imaging,Lung wedge resection,Videoscopic,Left lateral decubitus,General,0,0,Normal Sinus Rhythm,Normal,14.6,282.0,104.0,30.0,,,112.0,4.6,20.0,32.0,15.0,1.01,,,,,,,I,Oral,,Left-35,,Left forearm,,Left radial,,Right IJV,,,110.0,0,0,1200.0,0,0,0.0,0,100,0,0,0,0,0
4803,391,0,12371,285,11985.0,4785,11777,-124200,307800,1,0,64.0,M,166.5,51.4,18.5,2.0,0,Thoracic surgery,Major resection,Lung cancer left,Lung lobectomy,Open,Right lateral decubitus,General,0,0,Normal Sinus Rhythm,Normal,13.1,275.0,99.0,35.1,140.0,4.1,95.0,4.0,14.0,15.0,16.0,0.77,,,,,,,I,Oral,,Left-37,,Right forearm,,Right radial,,Right IJV,,150.0,40.0,0,0,500.0,0,0,0.0,0,90,0,0,0,0,0
1350,142,0,19526,262,19102.0,2902,18502,-114360,576840,0,0,42.0,F,157.1,60.05,24.3,1.0,1,General surgery,Transplantation,Living liver donor,Donor hepatectomy,Videoscopic,Lithotomy,General,0,0,Left posterior fascicular block,Normal,12.5,294.0,100.0,35.7,140.0,4.1,98.0,4.2,18.0,8.0,14.0,0.8,,,,,,,I,Oral,7.0,,,Left forearm,Left etc,Right radial,,,,300.0,250.0,0,0,1900.0,0,0,0.0,0,80,0,10,0,0,0
5870,1352,0,21148,-56,20044.0,5344,20044,-131100,300900,0,0,57.0,M,173.0,80.0,26.7,1.0,0,Urology,Major resection,Prostate cancer,Radical prostatectomy,Robotic,Lithotomy,General,0,0,Normal Sinus Rhythm,Normal,13.1,132.0,122.0,30.7,143.0,3.7,108.0,4.2,15.0,18.0,20.0,1.3,,,,,,,I,Oral,7.5,,,Left forearm,Left etc,Left radial,,,,500.0,250.0,0,0,2150.0,0,0,0.0,0,50,0,0,0,0,300
3572,3867,0,26943,-698,26422.0,1522,25822,-209940,1604460,1,0,58.0,F,161.6,51.0,19.5,2.0,1,General surgery,Biliary/Pancreas,"Common bile duct cancer, distal",Pylorus preserving pancreaticoduodenectomy,Open,Supine,General,0,0,Normal Sinus Rhythm,Normal,10.6,129.0,96.0,33.8,140.0,3.7,97.0,3.8,27.0,25.0,17.0,0.74,,,,,,,I,Oral,7.0,,,Left forearm,Right etc,Right radial,,,,400.0,175.0,0,0,2150.0,500,0,0.0,0,130,0,40,0,0,600
3223,2283,0,17779,-362,17458.0,3238,15838,-398460,465540,0,0,58.0,M,164.7,61.3,22.6,2.0,0,General surgery,Hepatic,Hepatocellular carcinoma ,Hemihepatectomy,Videoscopic,Lithotomy,General,0,0,Normal Sinus Rhythm,Normal,14.6,146.0,121.0,36.1,141.0,4.0,117.0,4.8,22.0,17.0,18.0,0.89,,,,,,,I,Oral,7.5,,,Left forearm,,Right radial,,Right IJV,,150.0,150.0,0,0,1550.0,0,0,0.0,0,80,0,0,0,0,0
5998,1096,0,19714,-616,19424.0,1544,18944,-209040,741360,0,0,54.0,M,168.4,56.5,19.9,2.0,0,General surgery,Stomach,Advanced gastric cancer,Partial gastrectomy,Open,Supine,General,1,0,Normal Sinus Rhythm,Normal,11.9,179.0,121.0,36.3,142.0,4.9,88.0,2.8,47.0,33.0,19.0,1.77,,,,,,,I,Oral,7.5,,,Left forearm,,,,,,1070.0,380.0,2,0,1700.0,0,0,0.0,0,90,0,30,0,0,0
2273,4934,0,21020,-1111,21689.0,3689,19889,-114480,576720,0,0,46.0,M,167.0,66.35,23.8,1.0,0,General surgery,Transplantation,Living liver donor,Donor hepatectomy,Videoscopic,Supine,General,0,0,Normal Sinus Rhythm,Normal,16.1,328.0,91.0,34.5,142.0,4.6,106.0,4.1,19.0,24.0,14.0,1.02,,,,,,,II,Oral,7.5,,,Left forearm,,Right radial,,,,300.0,305.0,0,0,2300.0,0,0,0.0,0,215,0,0,0,0,0
645,3978,0,10704,269,10109.0,4109,10104,-200460,231540,0,0,71.0,M,174.4,63.4,20.8,2.0,0,Thoracic surgery,Minor resection,malignant fibrous histiocytoma,Lung wedge resection,Videoscopic,Left lateral decubitus,General,1,0,Normal Sinus Rhythm,Mild obstructive,14.4,240.0,96.0,31.9,139.0,4.5,124.0,4.2,17.0,20.0,21.0,0.86,7.444,25.2,0.9,99.6,35.7,98.2,I,Oral,8.0,,,Left forearm,,Left radial,,Right IJV,,150.0,30.0,0,0,200.0,0,0,0.0,0,100,0,5,0,0,0
6105,3937,0,8394,-406,7874.0,1394,7394,-116160,229440,0,0,32.0,F,160.4,71.4,27.8,1.0,0,General surgery,Thyroid,Thyroid nodule ,Thyroid lobectomy,Open,Supine,General,0,0,Normal Sinus Rhythm,Normal,13.7,227.0,95.0,34.1,141.0,4.2,92.0,4.2,19.0,14.0,9.0,0.67,,,,,,,I,Oral,,,,Left forearm,,,,,,50.0,,0,0,400.0,0,0,0.0,0,50,0,0,0,0,0
2650,4602,0,7653,-885,7215.0,2715,6315,-114240,58560,0,0,74.0,F,160.3,55.7,21.7,2.0,0,General surgery,Vascular,Varicose vein of lower limb,Ligation and stripping,Open,Supine,General,1,0,Normal Sinus Rhythm,Normal,13.4,204.0,106.0,29.8,142.0,4.7,130.0,4.2,14.0,11.0,21.0,0.73,,,,,,,IIIa,Oral,7.5,,,Right forearm,,,,,,,,0,0,200.0,0,0,0.0,0,55,0,5,0,0,0
3166,487,0,14463,-376,14204.0,4604,13861,-199380,837420,0,0,45.0,F,150.6,49.9,22.0,1.0,0,General surgery,Breast,Breast cancer left,Breast-conserving surgery,Open,Supine,General,0,0,Normal Sinus Rhythm,Normal,14.4,310.0,107.0,33.5,139.0,3.5,91.0,4.2,18.0,15.0,11.0,0.76,,,,,,,I,Oral,7.0,,,Right hand,,,,,,,,0,0,450.0,0,0,0.0,0,60,0,10,0,0,0
5824,3742,0,7449,-1104,6456.0,2256,6156,-201420,403380,0,0,56.0,F,154.8,44.9,18.7,2.0,0,General surgery,Colorectal,Rectal cancer,Low anterior resection,Open,Supine,General,0,0,Normal Sinus Rhythm,Normal,15.1,270.0,95.0,36.2,145.0,4.0,90.0,4.9,20.0,14.0,7.0,0.65,,,,,,,I,Oral,7.0,,,Left forearm,,,,,,,,0,0,300.0,0,0,0.0,0,70,0,0,0,0,0
3729,6043,0,18268,-279,18441.0,2541,17241,-135120,296880,0,0,63.0,M,165.5,51.65,18.9,2.0,0,Thoracic surgery,Others,Lymph node metastasis ,Mediastinal lymph node dissection,Open,Left lateral decubitus,General,0,0,Normal Sinus Rhythm,Normal,11.1,179.0,76.0,34.2,139.0,4.4,197.0,3.7,14.0,9.0,13.0,0.69,,,,,,,I,Oral,,Left-35,,Left forearm,Right etc,Left radial,,,,200.0,125.0,0,0,1650.0,0,0,0.0,0,150,0,0,0,0,0
5731,4575,0,9237,-1337,9283.0,1483,8083,-226500,464700,0,0,50.0,M,170.3,71.85,24.8,2.0,0,General surgery,Colorectal,Colon cancer,Hemicolectomy,Videoscopic,Supine,General,0,0,Normal Sinus Rhythm,Normal,15.1,276.0,110.0,30.5,143.0,4.0,94.0,4.3,16.0,32.0,16.0,0.84,,,,,,,I,Oral,7.5,,,Left forearm,,,,,,,50.0,0,0,500.0,0,0,0.0,0,70,0,0,0,0,0
5344,1397,0,16322,-221,16279.0,5779,15721,-126180,133020,0,0,26.0,F,156.2,49.0,20.1,1.0,0,Thoracic surgery,Major resection,"Lung sequestration, congenital",Lung lobectomy,Videoscopic,Left lateral decubitus,General,0,0,Normal Sinus Rhythm,Mild restrictive,,,,,,,,,,,,,,,,,,,I,Oral,,Left-32,,Right forearm,,Left radial,,Right IJV,,150.0,460.0,0,0,2150.0,0,0,0.0,0,110,0,0,0,0,0
5202,5454,0,14998,13,15613.0,3013,14397,-200940,576660,0,0,59.0,M,167.0,67.6,24.2,3.0,0,Thoracic surgery,Others,Mediastinal tumor ,Thymectomy,Open,Supine,General,0,1,Normal Sinus Rhythm,Normal,14.9,334.0,117.0,29.6,141.0,4.0,337.0,4.0,14.0,20.0,13.0,0.86,,,,,,,I,Oral,,Left-37,,Left forearm,Right forearm,Left radial,,,,500.0,140.0,0,0,1700.0,0,0,0.0,0,110,0,0,0,0,0
6107,4376,0,8796,-807,8913.0,1713,8013,-206760,570840,0,0,68.0,M,162.2,55.0,20.9,2.0,0,General surgery,Biliary/Pancreas,Pancreatic cyst,Distal pancreatectomy,Open,Supine,General,1,0,Normal Sinus Rhythm,Normal,14.3,129.0,97.0,33.5,139.0,3.8,147.0,4.3,20.0,16.0,15.0,0.91,,,,,,,I,Oral,7.5,,,Left hand,,,,,,50.0,220.0,0,0,500.0,0,0,0.0,0,80,0,0,0,0,0
5142,4814,0,13460,-400,13160.0,2960,12260,-122400,482400,1,0,79.0,M,158.8,54.1,21.5,2.0,0,General surgery,Vascular,"Aneurysm, abdominal aorta",Aortoiliac bypass,Open,Supine,General,0,0,Normal Sinus Rhythm,Mild obstructive,12.2,213.0,99.0,29.0,141.0,4.2,98.0,3.9,26.0,21.0,16.0,0.96,,,,,,,I,Oral,7.5,,,Left forearm,,Right radial,,Right IJV,,150.0,500.0,0,0,1050.0,0,0,0.0,0,90,0,10,150,0,0
1193,218,0,16600,-882,15918.0,2718,15318,-200640,576960,0,0,59.0,F,160.8,49.0,19.0,2.0,0,General surgery,Hepatic,Hepatocellular carcinoma ,Liver sectionectomy,Open,Supine,General,0,0,Normal Sinus Rhythm,Normal,13.6,208.0,82.0,37.3,143.0,4.2,107.0,4.4,22.0,18.0,11.0,0.69,,,,,,,I,Oral,7.0,,,Right forearm,Right etc,Left radial,,,,1500.0,150.0,2,0,2500.0,0,0,0.0,0,90,0,15,0,0,600
2678,5674,0,8403,-931,8369.0,1769,7769,-225000,639000,0,0,38.0,F,166.8,53.25,19.1,2.0,0,General surgery,Others,"Colon cancer, sigmoid",Exploratory laparotomy,Open,Lithotomy,General,0,0,Normal Sinus Rhythm,Normal,9.7,351.0,77.0,31.9,135.0,3.9,82.0,3.4,45.0,30.0,12.0,0.48,,,,,,,I,Oral,7.0,,,Left forearm,Right forearm,Left radial,,,,300.0,100.0,0,0,1000.0,0,0,0.0,0,70,0,0,0,0,0
4198,2705,0,11214,-953,11047.0,2947,10447,-215700,389100,1,0,61.0,F,156.4,59.9,24.5,2.0,0,Thoracic surgery,Major resection,Non-small cell lung cancer unspecified side,Lung lobectomy,Videoscopic,Left lateral decubitus,General,0,0,Normal Sinus Rhythm,Normal,12.6,288.0,104.0,31.0,144.0,4.2,117.0,4.3,24.0,25.0,11.0,0.87,,,,,,,I,Oral,,Left-35,,Left forearm,,Right radial,,Right IJV,,50.0,150.0,0,0,1200.0,0,0,0.0,0,100,0,0,0,0,0
2185,437,0,25064,-623,24757.0,3757,24157,-210720,912480,3,0,56.0,M,165.5,58.4,21.3,2.0,0,General surgery,Transplantation,Hepatocellular carcinoma,Liver transplantation,Open,Supine,General,0,0,Normal Sinus Rhythm,Normal,13.3,173.0,85.0,35.7,142.0,4.0,93.0,4.1,58.0,29.0,14.0,1.03,,,,,,,,Oral,7.5,,,Right forearm,,Right radial,Right etc,Right IJV,Right IJV,500.0,340.0,0,0,3700.0,0,0,0.0,0,70,0,5,0,0,600
1826,5461,0,8224,-282,8238.0,1938,7338,-382920,308280,0,0,64.0,M,167.8,58.2,20.7,2.0,0,General surgery,Colorectal,"Colon cancer, sigmoid",Low anterior resection,Open,Supine,General,1,0,Normal Sinus Rhythm,Normal,12.5,206.0,95.0,30.2,141.0,4.7,167.0,3.8,15.0,12.0,13.0,0.97,,,,,,,I,Oral,7.5,,,Left forearm,,Left radial,,,,50.0,50.0,0,0,250.0,0,0,0.0,0,100,0,5,0,0,0
5179,2567,0,7722,-889,7211.0,1511,6611,-124740,220860,0,0,76.0,M,170.0,64.0,22.1,2.0,0,General surgery,Thyroid,Primary hyperparathyroidism,Parathyroidectomy,Open,Supine,General,0,0,Normal Sinus Rhythm,Mild obstructive,13.8,344.0,92.0,29.7,141.0,4.3,100.0,4.6,25.0,16.0,14.0,0.74,,,,,,,I,Oral,7.0,,,Left hand,,Right radial,,,,50.0,,0,0,300.0,0,0,0.0,0,50,0,0,0,0,0
4589,4884,0,20662,-361,20219.0,3719,19619,-200580,749820,1,0,66.0,M,165.2,70.6,25.9,2.0,0,Thoracic surgery,Minor resection,Solitary pulmonary nodule,Lung wedge resection,Videoscopic,Left lateral decubitus,General,0,0,Normal Sinus Rhythm,Normal,12.5,284.0,89.0,33.5,140.0,4.5,116.0,3.7,32.0,33.0,12.0,0.82,,,,,,,I,Oral,,Left-37,,Left forearm,,Left radial,,Right IJV,,500.0,330.0,0,0,1650.0,0,0,0.0,0,170,0,0,0,0,0
