filename,bytes,sha256,kind,caseid,track,url
000abb3f8f2b649a7707e9b927c9b4ea81754f56.csv,197329,c6f7e1238161261393ded8a068f85399dbb623c0c679c37ccecddccc162d8938,numeric,1630.0,BIS/BIS,https://api.vitaldb.net/000abb3f8f2b649a7707e9b927c9b4ea81754f56
000e96a58a934e6943de7a7f27e30390d32105ce.csv,634572,f28bdad60ffe65235f6ce7c69f8106a9eaa17762e9ce569cb1d90a0242467cd7,numeric,3431.0,Orchestra/PPF20_RATE,https://api.vitaldb.net/000e96a58a934e6943de7a7f27e30390d32105ce
0022a6d4225a0a90ed51e90fcea0f0b618fdded9.csv,4819,b5fc29efb58c80bc4571f5b32b79307b9908e1f40f5bc5c50e741f3fa2c7d431,numeric,2791.0,BIS/BIS,https://api.vitaldb.net/0022a6d4225a0a90ed51e90fcea0f0b618fdded9
0022fdcc9401a59773ec83b4881d50c80834ebd7.csv,56110,a7f3c10fd162a1f4667c5ccf5c430fa4c52f4cae7e896bafcc61c6cf13b899a0,numeric,2931.0,Solar8000/ART_MBP,https://api.vitaldb.net/0022fdcc9401a59773ec83b4881d50c80834ebd7
0023204ea679e43d5d1885b8497609b80f68bc8f.csv,750882,59c77381c8ddd29bb17de6988236a068f86e818a279cc21544a5cd463d98f0c5,numeric,5566.0,Orchestra/RFTN20_RATE,https://api.vitaldb.net/0023204ea679e43d5d1885b8497609b80f68bc8f
004e0c806e996b46269880f87dac0ad11d8872a8.csv,328454,cdbea17bbf73a5f326b7518810926c91436564002976a375db8e52a3aa6b14e0,numeric,1662.0,Orchestra/PPF20_CE,https://api.vitaldb.net/004e0c806e996b46269880f87dac0ad11d8872a8
00500e0bc2f067e17dd80dbafd12f6feb86435f1.csv,37994,d494ab17c0f81b3f6036dc4a62bfc44ba5e3f2aaaf778271de548d1cb1c899fb,numeric,3693.0,Solar8000/NIBP_MBP,https://api.vitaldb.net/00500e0bc2f067e17dd80dbafd12f6feb86435f1
0056adb5f3b948e923832f1a9df8fd280594a75a.csv,256484,bb44444b888bd8d8413bdb3a09459ef4336425f8a98d1210bef5374ee6068949,numeric,3710.0,BIS/BIS,https://api.vitaldb.net/0056adb5f3b948e923832f1a9df8fd280594a75a
006e6ba4054d8e16ebddb3decd8b50512a784557.csv,429304,cab379c3d87222c424a4230e3643498ce5addaf5630e1f918e9fa4558ebb4eb8,numeric,2955.0,Orchestra/PPF20_CE,https://api.vitaldb.net/006e6ba4054d8e16ebddb3decd8b50512a784557
007520c28d5471f880160a88b8a5164ae294b831.csv,383161,b759fe404189c45b1b5269dae1898392f8f63d65b33e39ed23707a6fcd8028ca,numeric,1230.0,Orchestra/PPF20_CE,https://api.vitaldb.net/007520c28d5471f880160a88b8a5164ae294b831
0090a3fbf0d963e64f819856ec700b6b1ee9d2f1.csv,33238,092194caae6883fa36984d23aba9b3f9f6a1e2aac990fd0cca04b82ec4c007db,numeric,4000.0,Solar8000/ART_MBP,https://api.vitaldb.net/0090a3fbf0d963e64f819856ec700b6b1ee9d2f1
00a740acdf8a8a63abdba9c8cbd91fc58039b64c.csv,673197,897bfedd2fc7bc57b602096940483624808f1a6577410a02dc5a59ac2e67e202,numeric,1444.0,Orchestra/RFTN20_CE,https://api.vitaldb.net/00a740acdf8a8a63abdba9c8cbd91fc58039b64c
00af77a46de742e5f29b2df2ee0b6a5d9d2fb1a1.csv,66821,6ee841ffd05c2545fa2bab5003dbef8fe198676909b2e2995eafb3e982a1dfe9,numeric,5486.0,Solar8000/ART_MBP,https://api.vitaldb.net/00af77a46de742e5f29b2df2ee0b6a5d9d2fb1a1
00c55c4d4f41eaac5a8c4409fcd2305c93c683ac.csv,41734,bb8f35a5fcef593f343ed8c44bb78ce397824e033710eab1794152da33c82ec9,numeric,4312.0,Solar8000/NIBP_MBP,https://api.vitaldb.net/00c55c4d4f41eaac5a8c4409fcd2305c93c683ac
00ed4069ef671e5de5ea2e56d61a7a0a594dcafd.csv,492570,1b79658877cfcc4963e85dd6e37cf4df61b5e10ae4a0e2dc7092125785bf034c,numeric,1500.0,Orchestra/PPF20_CE,https://api.vitaldb.net/00ed4069ef671e5de5ea2e56d61a7a0a594dcafd
00f219c1b763d2878ecff2c8d44b4118f91c4620.csv,47202,9f7a211d419f9255a3c03d4561c658737d3319a22f9c6f358b9ea1df03344511,numeric,124.0,Solar8000/HR,https://api.vitaldb.net/00f219c1b763d2878ecff2c8d44b4118f91c4620
01044607d5f66b9c50ec4b5d175f4f7b3cb71055.csv,522737,56dba0d6dd428bd013d14d29e7f7244bf54e878a09c6c54ce57780f885049709,numeric,3803.0,Orchestra/RFTN20_RATE,https://api.vitaldb.net/01044607d5f66b9c50ec4b5d175f4f7b3cb71055
011f7224bec6f154c8cc297c07f2cd9bec93a4ce.csv,954058,d5abe205dda9422a6cd7e0ca8d973d3497388f7992debbfe5563bc7f43cb5c74,numeric,1208.0,Orchestra/PPF20_RATE,https://api.vitaldb.net/011f7224bec6f154c8cc297c07f2cd9bec93a4ce
0167dea495c45a134de3a9c2b9a11ab49b10200f.csv,1012849,9c254d47813143f45de4039566d404adc755f05a413a388af4492b26b0838e79,numeric,345.0,Orchestra/PPF20_RATE,https://api.vitaldb.net/0167dea495c45a134de3a9c2b9a11ab49b10200f
016eb570a3a03d661883c2de38dff3e778776069.csv,790661,1cd760a37261149c279393c8079a2d20a10b5f7d8686a3bfb21ac0f59ea684d6,numeric,1193.0,Orchestra/RFTN20_CE,https://api.vitaldb.net/016eb570a3a03d661883c2de38dff3e778776069
0182d01c0a791db02950b18ef954e4ea30049e9d.csv,118302,02d3399bea401fa26755a44235b7f72d56f3a75e5116578a95e7b19b40140987,numeric,2283.0,BIS/BIS,https://api.vitaldb.net/0182d01c0a791db02950b18ef954e4ea30049e9d
01a0e9c2bed3e98b11d23d322eca575a12fca656.csv,767562,7332ae79a72a3a5a37d6113ee22e888ee4c6f480a705ed1694a444d6d364d546,numeric,3223.0,Orchestra/RFTN20_RATE,https://api.vitaldb.net/01a0e9c2bed3e98b11d23d322eca575a12fca656
01acce2208593d41129f9055dbf8debd39931743.csv,154699,75a243db43a0e79b68ee0e23252616b2fa7cf9b70a129bec140d7d9ca5b09739,numeric,5263.0,Orchestra/RFTN20_CE,https://api.vitaldb.net/01acce2208593d41129f9055dbf8debd39931743
01c10f9f3ffbeedef3d7907adf26cdcc84b25a91.csv,77570,009611cff45ea11a130bb1e0f72555ab15683446cc18dca3dce74f10b3a388ff,numeric,4898.0,Solar8000/NIBP_MBP,https://api.vitaldb.net/01c10f9f3ffbeedef3d7907adf26cdcc84b25a91
01d959ee3bbc84a3161e0d805c893e679bc296ce.csv,74985,f61ee6e0e3d3b60d9ca158b222c84bf51b881e5472e15aa78d2d99c1a9036044,numeric,5225.0,Solar8000/ART_MBP,https://api.vitaldb.net/01d959ee3bbc84a3161e0d805c893e679bc296ce
01da5bf09bf741eb659fa0e0242e4c6d07a58f89.csv,502658,196d392763d2e4f8ffab2f57e09b5d0ebd11bca58982adff5e5019431f0bd880,numeric,3517.0,Orchestra/RFTN20_RATE,https://api.vitaldb.net/01da5bf09bf741eb659fa0e0242e4c6d07a58f89
01e68289188594382575cf489ccc62dd6cbb60de.csv,269720,da81fc516681f4e969fde7793ca6e7f610530870b11e6f50a1a3377eee0b5f76,numeric,5390.0,Orchestra/PPF20_RATE,https://api.vitaldb.net/01e68289188594382575cf489ccc62dd6cbb60de
01e925fded80ad132eba8d11bd73fd55fc232019.csv,682061,1373f91abbd18d5da5f130d61c858aed9b5760e858cf9597a5456a3044f12cb4,numeric,1240.0,Orchestra/RFTN20_RATE,https://api.vitaldb.net/01e925fded80ad132eba8d11bd73fd55fc232019
01ec4e1def47ffbd2cec19e6e270bcfbe29631dc.csv,624339,34c4441131edd3aec7f60064d61b5a11f68de6d90f5e0c74289fc7b6d399c9bf,numeric,1035.0,Orchestra/RFTN20_RATE,https://api.vitaldb.net/01ec4e1def47ffbd2cec19e6e270bcfbe29631dc
01f9a169fe94c869ac88315d8f90fb0624c4c84c.csv,158527,00626dafe238643b39b86ed9ddb77706bd62bada66b4cf1ca9dd1e870bafab8f,numeric,6009.0,Solar8000/ART_MBP,https://api.vitaldb.net/01f9a169fe94c869ac88315d8f90fb0624c4c84c
01f9cc21fc31a967faf89e513d4ea1920ad4f9bb.csv,553454,138b5dfd49cfc5e2ee3f92b02ed3f8585c7a5b19cd3f8a18c89df79c5988ceb1,numeric,6225.0,Orchestra/PPF20_RATE,https://api.vitaldb.net/01f9cc21fc31a967faf89e513d4ea1920ad4f9bb
02126c101d8e1d71717e7dc1eda90a1c2894e5fb.csv,104320,6b38c30fd775c4b7e9ac54bd3725ac8a2f108902108f780b88f6783aca2a3122,numeric,1184.0,BIS/BIS,https://api.vitaldb.net/02126c101d8e1d71717e7dc1eda90a1c2894e5fb
022323a11b2d7c4fcac9c56f8653bac487193599.csv,932083,a31a84f907565558481c07ddbf02042d546c729f2a74ff80a3ecefed9192fddb,numeric,5388.0,Orchestra/PPF20_CE,https://api.vitaldb.net/022323a11b2d7c4fcac9c56f8653bac487193599
02709a995d6d3a0d04052848ac78146814e36291.csv,73364,28dc274f2e3677f501e0e40ece2478ffca8063dc27823f20566a5300bdf1cdb1,numeric,6305.0,Solar8000/HR,https://api.vitaldb.net/02709a995d6d3a0d04052848ac78146814e36291
028e55a7bd92c85f41338761d991b3fd50469cf2.csv,80364,ca00b05918979afb1eb3f615ef2feee96c52510f9ea6fd3c07f7e74e429f1936,numeric,5439.0,Solar8000/ART_MBP,https://api.vitaldb.net/028e55a7bd92c85f41338761d991b3fd50469cf2
029e5966a9a650b885a336df01a09963c684672b.csv,66387,23f29361c32f32a2d62214cc6a0c72b512f0ace8ad18765b16b53864160da521,numeric,2943.0,Solar8000/ART_MBP,https://api.vitaldb.net/029e5966a9a650b885a336df01a09963c684672b
02a59ff2a17b11693125863dfa9fcbf6e70f19a9.csv,508264,4fcb74939ed44f4f96758ac2cd1425e57360498c84c6254246898db52b6a5ee5,numeric,1408.0,Orchestra/RFTN20_RATE,https://api.vitaldb.net/02a59ff2a17b11693125863dfa9fcbf6e70f19a9
02c5056c1ffce90954da3ef4253895774fc1ce35.csv,157479,2fba61f2626d887a6fab276c8838e6401ab5e8a87839360d143a5a6a9aca0b67,numeric,295.0,BIS/BIS,https://api.vitaldb.net/02c5056c1ffce90954da3ef4253895774fc1ce35
02c6dbcc45c87e844b82fcda041ca86b872731d1.csv,1453081,19cc292bf26bd7cd6542a92d64574d5b04ea37cb6ae8b063a35abaad378790c2,numeric,1918.0,Orchestra/PPF20_CE,https://api.vitaldb.net/02c6dbcc45c87e844b82fcda041ca86b872731d1
02d0e01b551982b97b7fadf181e54b5b8f9f5b08.csv,76360,3b6f88971455dc39e11592f27664d2c9f93499de0d02f680b3dfe520cd9a7aca,numeric,659.0,Solar8000/ART_MBP,https://api.vitaldb.net/02d0e01b551982b97b7fadf181e54b5b8f9f5b08
02f97cebdaf7cdaf6c6d2f8b82374fc8f741299e.csv,311928,855e30554a478260ba5c9be2841280feb2cadaff3668722812768eedd2b0b1df,numeric,5741.0,Orchestra/PPF20_RATE,https://api.vitaldb.net/02f97cebdaf7cdaf6c6d2f8b82374fc8f741299e
02fd97b58e62d57148ab5e00f4f4de9da18fbeca.csv,38639,e2e8cb8cb91eebf131977dff94d3071430cc21aadd86fa89487a6f74639dfa4c,numeric,571.0,Solar8000/HR,https://api.vitaldb.net/02fd97b58e62d57148ab5e00f4f4de9da18fbeca
030694f4add2ae423c018a0ecd5c5bdf99d4d8e4.csv,555886,fa553c93f81632764335304dea6c747b8f6f66e804f819b8874305ba4c743efd,numeric,6225.0,Orchestra/RFTN20_RATE,https://api.vitaldb.net/030694f4add2ae423c018a0ecd5c5bdf99d4d8e4
030b3959319c8f2ad65844a73329e3b09768e3ae.csv,40321,b991a8ee4fa386cab9070fe3a618891f97f44b4f3060e21a1d2bd47b8252810b,numeric,1255.0,Solar8000/NIBP_MBP,https://api.vitaldb.net/030b3959319c8f2ad65844a73329e3b09768e3ae
030d24a8dcf0668bd7cccf397d3310627d3cb4c9.csv,346052,4aa07e3fddfa48347272612923738367ca971901712682e62604b3991f065b2b,numeric,4113.0,Orchestra/PPF20_RATE,https://api.vitaldb.net/030d24a8dcf0668bd7cccf397d3310627d3cb4c9
03274bb6ef195b83c49c19996d64a8506ace56f1.csv,48646,495fe507501f9631a80225c0600195cec43adf0a262cc86f32900f50ab4b8c69,numeric,4057.0,Solar8000/NIBP_MBP,https://api.vitaldb.net/03274bb6ef195b83c49c19996d64a8506ace56f1
0332f728e838feeef5645f62bf3d7c28c75fc05b.csv,303537,ef13a3dcb7d667fb99f3c6838fd283e11c1a3010e6267183cc15386ccd902bff,numeric,4651.0,Orchestra/PPF20_RATE,https://api.vitaldb.net/0332f728e838feeef5645f62bf3d7c28c75fc05b
0365da7688c4b71a5fba476c1dd9a1c85ad5f8c9.csv,66310,c9a3d18919a44b87ca3b2e0dc882bcdd3da92c84008f29c1ca01c71413e515aa,numeric,4042.0,Solar8000/HR,https://api.vitaldb.net/0365da7688c4b71a5fba476c1dd9a1c85ad5f8c9
0375f99604022220d323905141769fdae02b70e5.csv,273245,fed6ee7990febb397644bf59d0b14db1b562664d339736f48875335fd2b1644c,numeric,345.0,BIS/BIS,https://api.vitaldb.net/0375f99604022220d323905141769fdae02b70e5
0382b62426fe1867da8d6ba8aa5b36dc6377ff9b.csv,627481,7dad50e728782fd65fcc7921fe08393b06ff6e0d754ba720e821a0d6d236351a,numeric,5682.0,Orchestra/RFTN20_RATE,https://api.vitaldb.net/0382b62426fe1867da8d6ba8aa5b36dc6377ff9b
03924bf282e0b3c3d53436d82d60fe803eac6ac9.csv,753116,9ac1b2b65fb51d67f9dc078f5190ee91b2692c32be7b719f985d88277b54e4c6,numeric,5608.0,Orchestra/PPF20_CE,https://api.vitaldb.net/03924bf282e0b3c3d53436d82d60fe803eac6ac9
03a4fc1a824dc36c1652e550541ce44a150773cf.csv,42593,da418e3e98cf97da61addb48e176d5493078a782ce49a73dfa16a8f0a9bac67d,numeric,1933.0,Solar8000/ART_MBP,https://api.vitaldb.net/03a4fc1a824dc36c1652e550541ce44a150773cf
03b516e87a2bbd742e538a06132ae7c348653015.csv,480532,6f40484201c7cab2286bfeda8bb3baa74c8a88a1ba12fcb0618fc8fd3d8d435b,numeric,1969.0,Orchestra/RFTN20_RATE,https://api.vitaldb.net/03b516e87a2bbd742e538a06132ae7c348653015
03b8290a48ef39848fe88fc6e64874454f059ff1.csv,111414,9abaa01c4b94518deac8e3bd24194cecf1b8e63e845fc06da5825cd1b7758802,numeric,5870.0,Solar8000/HR,https://api.vitaldb.net/03b8290a48ef39848fe88fc6e64874454f059ff1
03d2fec75ae84abe613c14ad73c3f394a7e3b6c9.csv,1079998,6980435a3f9a37b9ade6538a9818b1a8c2a97c481c7a4d9ff35862f1dd4fb61b,numeric,3331.0,Orchestra/PPF20_RATE,https://api.vitaldb.net/03d2fec75ae84abe613c14ad73c3f394a7e3b6c9
03f9263adb96015e045ca068b9473cd2f0f34d61.csv,223525,9d834e0a401a0b1bb6fb030ba8fa10a7c6da9303ddbaa01b6610e1b7226836ef,numeric,2744.0,BIS/BIS,https://api.vitaldb.net/03f9263adb96015e045ca068b9473cd2f0f34d61
03fed9cb9d20a5e3f29f5f898b69a59a4727c7b7.csv,342988,363303f4afbe31cd9830e386c19e3b75a82507808ba0831cb94fd5cba1779702,numeric,1974.0,Orchestra/PPF20_CE,https://api.vitaldb.net/03fed9cb9d20a5e3f29f5f898b69a59a4727c7b7
03ff4d915a9ad2fb9d471bc074c93ded645e04fd.csv,504652,4260a8fa201cebc27da6876a0ad9bd1c18c10c6b3483048834033ad6ae1a220a,numeric,3803.0,Orchestra/PPF20_RATE,https://api.vitaldb.net/03ff4d915a9ad2fb9d471bc074c93ded645e04fd
040bbd874edcfab2a3d040253837d68c46d0c219.csv,463516,630a6e6e61370eb1ce0a9d3dc53151684c937be3787617b2a2629c17e0724887,numeric,5680.0,Orchestra/RFTN20_RATE,https://api.vitaldb.net/040bbd874edcfab2a3d040253837d68c46d0c219
0418b4749e5d90fc954e74ac8127d120fafe9846.csv,69378,a828c7922c5ba81c1819f63cc6fe8b09985da0ef1f78a191c00b0bb24acf1094,numeric,4202.0,Solar8000/ART_MBP,https://api.vitaldb.net/0418b4749e5d90fc954e74ac8127d120fafe9846
042556ba30690f0ecdd4cef9cbf2bb324575d1f3.csv,34877,f31a7f66f6330f395dfdb015a82c97e064d4a7303a1fdb9c63f19197bf940279,numeric,4447.0,Solar8000/NIBP_MBP,https://api.vitaldb.net/042556ba30690f0ecdd4cef9cbf2bb324575d1f3
042be929eed61a5fd5bda70ff80ecfd3a5ba19b5.csv,1019428,d8914b1af8f54cb533a95fd7b8156a180e9a6bf1d3e31ae4d127843e9e263931,numeric,2238.0,Orchestra/RFTN20_CE,https://api.vitaldb.net/042be929eed61a5fd5bda70ff80ecfd3a5ba19b5
04373702baaa37dd49bd760924a327c67fc19153.csv,560600,bd9285c4f2f3fa3f333450bd209e754e66c2eed01042d9c9b9765bbf4e0989b9,numeric,5751.0,Orchestra/RFTN20_RATE,https://api.vitaldb.net/04373702baaa37dd49bd760924a327c67fc19153
0448b5ac179627030b2fe2b80b9077e9f64f0f25.csv,313121,375bcf71fe9cfe8fb5c183b38ad7e1d44d4884cd010833803b7c735ed6dfcd13,numeric,3990.0,Orchestra/RFTN20_RATE,https://api.vitaldb.net/0448b5ac179627030b2fe2b80b9077e9f64f0f25
049cb48d6b4ae647aa45fff17103287da856c66a.csv,527018,27461b7459f3d204834ede6377c41d2ecdec5f92611a12a40f6f80bd91290554,numeric,138.0,Orchestra/RFTN20_RATE,https://api.vitaldb.net/049cb48d6b4ae647aa45fff17103287da856c66a
04bc022d52317639a635cd69030a022e2bc8b76c.csv,320543,da23f025b6e3159eece26304f544d58854af452850c15ff98028f1c0ecec2428,numeric,416.0,Orchestra/PPF20_RATE,https://api.vitaldb.net/04bc022d52317639a635cd69030a022e2bc8b76c
04bf215731976f8aeb495cbf30a539cc0371281a.csv,332183,1d24e168abc21a9117d5c4e282d5ec9723d50db1276e236420c70262db673a8f,numeric,4186.0,Orchestra/PPF20_RATE,https://api.vitaldb.net/04bf215731976f8aeb495cbf30a539cc0371281a
04cbc7ddb5f1baae768b36fed3828bf7280e846d.csv,959651,52cbe9df2cf8c137f77542a6d74f3eec673f61d6c9812533943819bb30d109aa,numeric,4589.0,Orchestra/RFTN20_RATE,https://api.vitaldb.net/04cbc7ddb5f1baae768b36fed3828bf7280e846d
04cd69e37372a44a66c4393939a9892953920bd1.csv,76745,e1cb330612efbd3276d92c346c9d0e1802906d58ec460edfd059d27318ca3cbc,numeric,1665.0,Solar8000/HR,https://api.vitaldb.net/04cd69e37372a44a66c4393939a9892953920bd1
04e3070969e5be1610e63d550f8a7b500378ab6b.csv,645502,d0c0ffb4519bcd1605a5e6150c6c568b0d6867f6b57e6ff48dcac4d1d2431152,numeric,83.0,Orchestra/PPF20_CE,https://api.vitaldb.net/04e3070969e5be1610e63d550f8a7b500378ab6b
04e4c51b1a7b7a2e4c17c442ca08cdcd583179c5.csv,425091,ef2c62b08e72f0c81f9f55a2a63d8d1942e084dce66a25139440a1d54d2dbb0a,numeric,5189.0,Orchestra/PPF20_CE,https://api.vitaldb.net/04e4c51b1a7b7a2e4c17c442ca08cdcd583179c5
050a01d5ca73286ee20fa35bae9d74f10ea2e086.csv,67600,847e07c0651ec74d8ba831deb2bebd08ffce4dee58cfc3b8bb299af2f89ab963,numeric,4042.0,Solar8000/ART_MBP,https://api.vitaldb.net/050a01d5ca73286ee20fa35bae9d74f10ea2e086
0510077c0c4434588e34b27cfe9cd002093c32dc.csv,103577,12cf4c79aa343a0aa65a11ffa08667f699e07bd1c7cd0525de075749b33a7b81,numeric,1482.0,Solar8000/HR,https://api.vitaldb.net/0510077c0c4434588e34b27cfe9cd002093c32dc
051493766a1421fb6c91dda33efe639af5eba05f.csv,295142,cad74e7f8eea09c332f5e6bb93c7d6b514b64985d3f415beaa26b69b9e014720,numeric,4757.0,BIS/BIS,https://api.vitaldb.net/051493766a1421fb6c91dda33efe639af5eba05f
0531b4c5b92845a3238036cda78d59edb41c5bb7.csv,643139,972b7c0de6e5c95c71d9015f089bae3a9d6fdc33e7886d45814211ba1c8e644d,numeric,1240.0,Orchestra/PPF20_RATE,https://api.vitaldb.net/0531b4c5b92845a3238036cda78d59edb41c5bb7
05325172de75a0481625307d8b5d7a057d3bb953.csv,894616,d8cb5971bbbb9417d4bb414c9ed7e3e0995a47306b7baca86c07a77663959383,numeric,5314.0,Orchestra/RFTN20_CE,https://api.vitaldb.net/05325172de75a0481625307d8b5d7a057d3bb953
053281b4005a6f9ea644e56ebaf345e9b6225d0c.csv,54838,4fc413cfad2ad838e2c3657f9741aa3fd75917a7e59b20d42ba22b0e40c89c03,numeric,927.0,Solar8000/HR,https://api.vitaldb.net/053281b4005a6f9ea644e56ebaf345e9b6225d0c
0534235e522c9c83996975a5268a94a32b61dea9.csv,62642,835b0c73d0ddaa496abcf2e0f40969d2aee0329ca04eb69598c2e8d93e62efa3,numeric,4530.0,Solar8000/ART_MBP,https://api.vitaldb.net/0534235e522c9c83996975a5268a94a32b61dea9
05597836103ab235780d0dbc77a2bca2e80e20cc.csv,59956,d66c6364c24a489cfb3590947edd18775f59e82aab9056eb25964ff281b7f8b4,numeric,4530.0,Solar8000/HR,https://api.vitaldb.net/05597836103ab235780d0dbc77a2bca2e80e20cc
055e4757210abea11d2a887175640748f008281a.csv,2319614,88aea357f366ee29be36c56f5104a9f2e0aafb5cec9a83d051f0ce1f66921115,numeric,5787.0,Orchestra/PPF20_RATE,https://api.vitaldb.net/055e4757210abea11d2a887175640748f008281a
056c10fc19869cd11f7e6bae3b2ac447044f80ea.csv,55923,ae2abcbede93854524e97e829b89e418d46b105c5435807b21e8d2ae03ea3782,numeric,645.0,Solar8000/ART_MBP,https://api.vitaldb.net/056c10fc19869cd11f7e6bae3b2ac447044f80ea
0573523a62cc930cb59f20a2c0ecbea4e4ea075f.csv,680243,e0a96fd665c45017cb92373e813a58aae6acd0c87731ca982796d818a6c0d63c,numeric,795.0,Orchestra/RFTN20_RATE,https://api.vitaldb.net/0573523a62cc930cb59f20a2c0ecbea4e4ea075f
05919d2455ca2a8a19078edf872fd87fd65a65b2.csv,109662,a88372fbfa25355490935aa551349f08c7c355f433305b4d74528a2fc253b509,numeric,1813.0,Orchestra/RFTN20_RATE,https://api.vitaldb.net/05919d2455ca2a8a19078edf872fd87fd65a65b2
059ccb6c6d579b27d9749026fa0d55e22e7f2132.csv,873097,fd02ffd1a89b8032af80989363366e98a23902ebe55dbe051b8b1228a6c28ad7,numeric,218.0,Orchestra/RFTN20_CE,https://api.vitaldb.net/059ccb6c6d579b27d9749026fa0d55e22e7f2132
05a2e0a87968799afea9b840c6faad4f8ef16245.csv,561650,d3c37c0acd50be5dabdd6d387b6953c8c4c9c3cdf583872dc4f8b403b3da5f12,numeric,138.0,Orchestra/RFTN20_CE,https://api.vitaldb.net/05a2e0a87968799afea9b840c6faad4f8ef16245
05b8c2cea546c24e44112a6941bb5f48dea550b6.csv,67556,cdbe17ad6e1d5782ae94f0bcf46008887d46f021dae7f30d2178609f6dd02021,numeric,5178.0,Solar8000/HR,https://api.vitaldb.net/05b8c2cea546c24e44112a6941bb5f48dea550b6
05c1c65aa1bebe7e1a9c184c4ac868e95ecddc37.csv,52977,5a9403cbfe039459e9a0b61f4b9cc6e5a892d79d44b886c406e581682b7d193a,numeric,2123.0,Solar8000/NIBP_MBP,https://api.vitaldb.net/05c1c65aa1bebe7e1a9c184c4ac868e95ecddc37
05cbea4c590183f8776414b6f66e5dc253b42187.csv,514433,dfed4c01df7a74b766fcc95c848324a8b0ec58df5ca61c54f4daf44a7471dc1d,numeric,1687.0,Orchestra/RFTN20_RATE,https://api.vitaldb.net/05cbea4c590183f8776414b6f66e5dc253b42187
05df7d7522eae39cad1018ed35de1307a2b1ea57.csv,37766,76b5c7396e73b87c90560be141ba49b387c6014c38e26c69f1dcd31a8fb829d3,numeric,4998.0,Solar8000/ART_MBP,https://api.vitaldb.net/05df7d7522eae39cad1018ed35de1307a2b1ea57
05f12597550e8bc3523c2b9ad6a2c43145f4c91c.csv,352847,9552cba1b7ff1f49b29c42b7fa2c12a6e4abd40398f49f684f2429d13bb2c65d,numeric,2573.0,Orchestra/PPF20_RATE,https://api.vitaldb.net/05f12597550e8bc3523c2b9ad6a2c43145f4c91c
05f80791a2374f18d0c5544d746a7394d41d2a87.csv,82756,03ae1ab2f72d1f8ccf4976e7ed083e1b216bfcf954d7bfa1a08a6416c71dbdfe,numeric,4805.0,Solar8000/HR,https://api.vitaldb.net/05f80791a2374f18d0c5544d746a7394d41d2a87
05fb5e9d2ec8cce0beac0ef6ed9680e96cf7ddbd.csv,189601,09e099fca8fcf019ccf9a138304c8487aa5ddcdd56e406f1ede5363a15efc4ff,numeric,3663.0,BIS/BIS,https://api.vitaldb.net/05fb5e9d2ec8cce0beac0ef6ed9680e96cf7ddbd
06023ff9380840df8fadf6e9922e66d74edbed2f.csv,727940,c1db31dae293fb327d6c3b8680d4b96735623119b1bda36c46344a5d7007c170,numeric,1665.0,Orchestra/PPF20_CE,https://api.vitaldb.net/06023ff9380840df8fadf6e9922e66d74edbed2f
061e01e427aece1565ab5fe8f742c7f24dcb4370.csv,540462,292940e22b43023ef2cbb71580be7a888aa3849384e0d12941a162d36f31ada4,numeric,6024.0,Orchestra/PPF20_RATE,https://api.vitaldb.net/061e01e427aece1565ab5fe8f742c7f24dcb4370
06274689904bc2d95f90c74906b9be3e6ccee2b8.csv,96290,6cab8a507b10827a6db9995fdac86228c60461919e0aaa603e2478eb2f9abbf4,numeric,2653.0,Solar8000/HR,https://api.vitaldb.net/06274689904bc2d95f90c74906b9be3e6ccee2b8
062ebb26cd40814cd0e277ca0371f8d9db8c9dc5.csv,933846,7cd95f9fa99799dfe334ce6e7d62f0f5580c8aaeb6b9bdc9813e3dd33c97d6a3,numeric,308.0,Orchestra/RFTN20_CE,https://api.vitaldb.net/062ebb26cd40814cd0e277ca0371f8d9db8c9dc5
06578fed58a40ed9f06030c2cc03fda4149ceabe.csv,837778,700f12806c5bf7b02de51f33b655e7da2025a8852d4600e7976a81f748351878,numeric,3729.0,Orchestra/PPF20_CE,https://api.vitaldb.net/06578fed58a40ed9f06030c2cc03fda4149ceabe
066bbe9294ab77b4309f8dbb931141c90ea24e27.csv,377462,a8f8df6ecd8786aaf84d98b65f9c88a62dd12475c149dbfd6498ea4f4c5a00a1,numeric,6233.0,Orchestra/RFTN20_RATE,https://api.vitaldb.net/066bbe9294ab77b4309f8dbb931141c90ea24e27
066ef834a3447565dd95645b337e6c0c0a3a3a50.csv,37914,821ee25b51ff2b8e181bb5beaa95530a47c2b13cf0bdef57d6a896e54de53fb0,numeric,4567.0,Solar8000/NIBP_MBP,https://api.vitaldb.net/066ef834a3447565dd95645b337e6c0c0a3a3a50
06758651a6c7669409af5afa2e0fe45cf4055aba.csv,514805,5f0e5b683265dc88c219d964d7a57121ad054ddba89862bef05db62adc33d6d5,numeric,1408.0,Orchestra/PPF20_RATE,https://api.vitaldb.net/06758651a6c7669409af5afa2e0fe45cf4055aba
067e7f8d5b1bd4f082ab17e3cdc2f295c688b31f.csv,605988,cdda0edd3d40827ce056fc44b297b25f9fae64f861efead7d1007a84e2e876da,numeric,1802.0,Orchestra/PPF20_CE,https://api.vitaldb.net/067e7f8d5b1bd4f082ab17e3cdc2f295c688b31f
06a2f774b80d4f3293654082b3c7af8f2a291c15.csv,65337,18035511a046ca4ac8138c1f68782fab8d90fdc3964e4f61d8c8b51b18cdc5f4,numeric,1820.0,Solar8000/NIBP_MBP,https://api.vitaldb.net/06a2f774b80d4f3293654082b3c7af8f2a291c15
06b6659da8b8c77a11d820dcdc573611022fb09b.csv,2575,723248b22f4ddb0dca4e162194ea7237aaacf3c00a842467d166f020e177fdcd,numeric,452.0,Solar8000/NIBP_MBP,https://api.vitaldb.net/06b6659da8b8c77a11d820dcdc573611022fb09b
06b7062180ce692a5ad8f1c1c9e437b7e0e57088.csv,73102,080c1beea1e309678a930d3f81175d6afb1fb6d70ed655b4268251dd99b4a071,numeric,5077.0,Solar8000/ART_MBP,https://api.vitaldb.net/06b7062180ce692a5ad8f1c1c9e437b7e0e57088
06bdab89da99f6a12b92b9983f6316ddd93e0efc.csv,307889,5a6ac46af5824cb6a541487a4d6ad6b1174886236b20eb762f211eb61b6f64b6,numeric,1871.0,Orchestra/RFTN20_RATE,https://api.vitaldb.net/06bdab89da99f6a12b92b9983f6316ddd93e0efc
06dd2ab2995b85125196465ff5ec0bb6e5928321.csv,177345,01eed1bd0ade89a83d2fbc999b902140b35b49b8798d3e6f9f50ca3d84a09441,numeric,3431.0,BIS/BIS,https://api.vitaldb.net/06dd2ab2995b85125196465ff5ec0bb6e5928321
06e4fd8711e88805b2ecd8371878462cbdaf1763.csv,56786,f05a6834201f41c109abc62dea296a9cbf0a46bd807b8c71ad0374d1cb9fdc04,numeric,2435.0,Solar8000/ART_MBP,https://api.vitaldb.net/06e4fd8711e88805b2ecd8371878462cbdaf1763
0702fa736216f9255cd2c770604bcc3d92f7eb1c.csv,102633,f7d162cfc22384c60e23ad4d094aaa1040d97cbef22dea5361e989ffafe5d2d5,numeric,405.0,Orchestra/RFTN20_CE,https://api.vitaldb.net/0702fa736216f9255cd2c770604bcc3d92f7eb1c
071033a0c367605f02494f4cf901fd60694ba1dd.csv,559429,53b545f2923c461c01efec6a2d49d5174c7a3697a08c2437171cc26e32d6b238,numeric,3175.0,Orchestra/PPF20_RATE,https://api.vitaldb.net/071033a0c367605f02494f4cf901fd60694ba1dd
073c6b2cfd3d09ac0993c1a21d6becec164ef939.csv,260894,6d14a95fe36b4c1f5d9df80b094e4d8e70494193d531f7b4f5320febbf173aa9,numeric,6071.0,BIS/BIS,https://api.vitaldb.net/073c6b2cfd3d09ac0993c1a21d6becec164ef939
074c76e49e0fb6b85d9e665e7778923685f2261a.csv,705784,bffb05e0ef63e629d290e045baa2a7c866af48a078be89e85eb5c7f093fcbce2,numeric,2671.0,Orchestra/PPF20_RATE,https://api.vitaldb.net/074c76e49e0fb6b85d9e665e7778923685f2261a
0754f6dfcd747ccb7759b6303c19f395e898b554.csv,62888,86d6df38f79cf132047f6f22a2231553cdc38c95f4943ece34dbadd1b4a8040b,numeric,3237.0,Solar8000/HR,https://api.vitaldb.net/0754f6dfcd747ccb7759b6303c19f395e898b554
075549bd5d01d9ec61f6084afc88e61aac1e8d4c.csv,388033,9ce7b8a994d8ecfb484bcfcd01f3d2ac57b57ede5e35d22c87f477067605bd43,numeric,5558.0,Orchestra/RFTN20_RATE,https://api.vitaldb.net/075549bd5d01d9ec61f6084afc88e61aac1e8d4c
0767776d4a57952757894fdae7c307d4e5af3dfc.csv,124923,bceda10b1e29802eadbdeb375514c01a595766582033963922eacab5cdb9be61,numeric,5983.0,Solar8000/FEM_MBP,https://api.vitaldb.net/0767776d4a57952757894fdae7c307d4e5af3dfc
076fa1cdd84dfadf0047ef82892c51d776f7956a.csv,47384,75875b83ceeaf12975ef63243e4302e44f4c7ebdea6d5f518288a5f6cbf39849,numeric,2794.0,Solar8000/NIBP_MBP,https://api.vitaldb.net/076fa1cdd84dfadf0047ef82892c51d776f7956a
078d45e1496ffe63c36647b2d009420d44235bbb.csv,254001,964c99584cdc78d7fddba982e17b7d820e27bb1a7e0667d5e2b9a775253c5e9b,numeric,2650.0,Orchestra/PPF20_CE,https://api.vitaldb.net/078d45e1496ffe63c36647b2d009420d44235bbb
0790dd91d1bd97834918c89729d500a68fb201d8.csv,578650,9bed87858aa983933ae29ab24b44db566118a6425a63115690e0598abe7d3c6a,numeric,998.0,Orchestra/PPF20_RATE,https://api.vitaldb.net/0790dd91d1bd97834918c89729d500a68fb201d8
0797eae17d11e788ff42b254b79043ce8764c383.csv,137734,6f22f0426860ef72db86670f9ddbb73c0be94398c0253766bea5a8428f5bb2e5,numeric,1730.0,Solar8000/ART_MBP,https://api.vitaldb.net/0797eae17d11e788ff42b254b79043ce8764c383
08182ed7d8f0070de24d10bbc0db2b3e0a3a9872.csv,446490,de9cc4c8e7fa13d3e186815e072104ea4b2e9f5418f094600b149cccdbbc8237,numeric,3319.0,Orchestra/RFTN20_CE,https://api.vitaldb.net/08182ed7d8f0070de24d10bbc0db2b3e0a3a9872
0818dbd944dabee0d662caa8398f52792587bd2c.csv,654841,c8e180db4aceb94decc0a77063b851c9ecffa8b2f5cd94303266b8d136bda1e9,numeric,149.0,Orchestra/PPF20_CE,https://api.vitaldb.net/0818dbd944dabee0d662caa8398f52792587bd2c
0819cf27644f9e1da0bcee02ed36c17abc2997ae.csv,90622,86f3861eed8b875c63e8564904049ba406803613aa0a59c6f803e2932f0bbf15,numeric,5578.0,Solar8000/ART_MBP,https://api.vitaldb.net/0819cf27644f9e1da0bcee02ed36c17abc2997ae
083047374ac64b3c5115963732bc3a0cafc5a0f8.csv,67591,85a0c1cd4882927e716becea4afdb5da6bd97702c19379b94390078f8fd1381e,numeric,6104.0,Solar8000/ART_MBP,https://api.vitaldb.net/083047374ac64b3c5115963732bc3a0cafc5a0f8
083c8e18f78a4f13e118cba3ea00c560a97ae503.csv,42147,db57c647727b231ff5e485b7cb7578292cd3589eeba55d5c4286adebd2035b2d,numeric,5548.0,Solar8000/HR,https://api.vitaldb.net/083c8e18f78a4f13e118cba3ea00c560a97ae503
084c46b735d3020841fad2e8095c7179f4fb35cf.csv,348639,14b3a3573526ae35c7f05a620087a12f196315d532a91cda87c25b37e2888952,numeric,2875.0,Orchestra/PPF20_RATE,https://api.vitaldb.net/084c46b735d3020841fad2e8095c7179f4fb35cf
085dbca1c2841f62bada7826fe4da9b5f31d21e1.csv,112564,f64d44f09ae646c8250583211e10cd6df4f270cbe1bd026c4bcda7d25522625c,numeric,1337.0,BIS/BIS,https://api.vitaldb.net/085dbca1c2841f62bada7826fe4da9b5f31d21e1
085eac9f269d25a7fb87e15ea576416e916b9baf.csv,110823,ce39bdf479b93c6b5cbf582d78a56057b8d3422d6cd1d563ce8be08338c1b3a4,numeric,3113.0,Solar8000/ART_MBP,https://api.vitaldb.net/085eac9f269d25a7fb87e15ea576416e916b9baf
0872c28dd1447c10b0498dc55f835a66ee7c3aea.csv,168097,42cbe62afd647c0517711d10809e17c92520178e8dac3d3f4f7958405638e531,numeric,6333.0,BIS/BIS,https://api.vitaldb.net/0872c28dd1447c10b0498dc55f835a66ee7c3aea
08837c44bf0492295a246290b32b38c5abe96e95.csv,949197,a0be653b08652bdd8867ff78dce547874381c1ab0abbaf9233bb1ca713a03b74,numeric,822.0,Orchestra/PPF20_RATE,https://api.vitaldb.net/08837c44bf0492295a246290b32b38c5abe96e95
089c24673d6289a632f4231aebd4afc7b224009f.csv,487687,00fc5ae8028f745f8f8660d3e57e22021137b7b71378f711df931486ebcef7ac,numeric,3874.0,Orchestra/RFTN20_CE,https://api.vitaldb.net/089c24673d6289a632f4231aebd4afc7b224009f
08a18c7d9bbf0dcf313f38d61956af7bdae872ff.csv,451193,233537aebfe56fcc6176d2b3861ac5bb7557245a789bb74b0cdc29fde1dd0115,numeric,5948.0,Orchestra/RFTN20_RATE,https://api.vitaldb.net/08a18c7d9bbf0dcf313f38d61956af7bdae872ff
08a61d3610d355cce4fe6ee5255bd94615c0d010.csv,989710,52526d6e3841aaa11cde0a834a4f9a89201a7dd87ef34a168a2cb4e8428add60,numeric,4589.0,Orchestra/RFTN20_CE,https://api.vitaldb.net/08a61d3610d355cce4fe6ee5255bd94615c0d010
08b646740fd456e7fb8e48636735d38cae27f39e.csv,398867,ee2981367ed00c5f0b720cb5d495888036658a11c2643a34aa0eba180c72f6ac,numeric,4433.0,Orchestra/PPF20_CE,https://api.vitaldb.net/08b646740fd456e7fb8e48636735d38cae27f39e
08b83dc5192a8e5ab3ac72d8b88dc39383bcda42.csv,68853,1e7abb5344190a1a43bae51f6cecc3428a2e3183bf1b225a40f7f0ccf9f8c851,numeric,3172.0,Solar8000/ART_MBP,https://api.vitaldb.net/08b83dc5192a8e5ab3ac72d8b88dc39383bcda42
08be15eeab0c98b2152175d6f10c76ad6330168b.csv,164495,e10f43af4a4d97e009744fb1ee0f951679b3058f485b2c5be98b239579cc4b2d,numeric,149.0,BIS/BIS,https://api.vitaldb.net/08be15eeab0c98b2152175d6f10c76ad6330168b
08ced8846e51b7c7f7a3dd4d6db51c4b9356145f.csv,316547,dd1ae698ac7d15df1dafe8ed4129d93235744269d71f2083f10f59cd37b0b6bb,numeric,3829.0,Orchestra/PPF20_RATE,https://api.vitaldb.net/08ced8846e51b7c7f7a3dd4d6db51c4b9356145f
08d450e614be38a40a3428e909312ce8d0bae12c.csv,487644,451a1d4467b72902150fe82213dbb7902c2c97a7d4ea69bf66fed7cea7874ba6,numeric,4261.0,Orchestra/PPF20_RATE,https://api.vitaldb.net/08d450e614be38a40a3428e909312ce8d0bae12c
08e53ebf69b71912152f4778d73bb0cce6ce0329.csv,220512,297ff69219ca434c429706ae090af2b3773e496f234572ada726105c4eb5fb7e,numeric,4998.0,Orchestra/RFTN20_RATE,https://api.vitaldb.net/08e53ebf69b71912152f4778d73bb0cce6ce0329
08ffceb48eb32745558f641db833644d26151192.csv,445576,b52438e76cddb228498b551b9934aa0cbb39a80983515a094a64097c91c85c5e,numeric,205.0,Orchestra/PPF20_RATE,https://api.vitaldb.net/08ffceb48eb32745558f641db833644d26151192
0925e3dd57c4d79a4619ea58f729ab6e5f0e34a7.csv,243035,96d120b8074267063d6a7dd75a1fa505c2d9623b5ac65d103483e7cb8acfa3f2,numeric,2650.0,Orchestra/RFTN20_RATE,https://api.vitaldb.net/0925e3dd57c4d79a4619ea58f729ab6e5f0e34a7
092a8988678a1390db55047bfaade244a91238da.csv,1155,f99d92b6c9bd32f0c6a86605fef2810961f2ba6f0e00316ee2e2bdaa605bdab7,numeric,5824.0,Solar8000/FEM_MBP,https://api.vitaldb.net/092a8988678a1390db55047bfaade244a91238da
0977a50c93bad05f675ee5947da4614242e11043.csv,278594,699408870ba8bbdce7b63d76db16a307d8511cf3df6a01c6d9ca1535d632a30b,numeric,6146.0,Orchestra/RFTN20_CE,https://api.vitaldb.net/0977a50c93bad05f675ee5947da4614242e11043
0990832924b2d92ee867a8183d29b98b058b47e1.csv,138527,72d7c1cce315bff7b7b0cda23393dec45358eea1e8bdfccb48f5bd51e314e27e,numeric,844.0,Solar8000/HR,https://api.vitaldb.net/0990832924b2d92ee867a8183d29b98b058b47e1
0997293b7f750d154182cdce9059622d9d5e0eb5.csv,395617,0ea2fbd490a069bd50f14e529f1c8f7363607d31fb8c997eabae0997d173c9f8,numeric,5197.0,Orchestra/PPF20_RATE,https://api.vitaldb.net/0997293b7f750d154182cdce9059622d9d5e0eb5
09a4346c11062c8254c11a1eed19dc0e4fbfccc4.csv,1225,51c894246764b1ecf59dbbc93ac3b163ff7f8dbf710f52bebfce183f47b966b1,numeric,4567.0,Solar8000/ART_MBP,https://api.vitaldb.net/09a4346c11062c8254c11a1eed19dc0e4fbfccc4
09b25cad803ee64a858b0256239850218fc75bed.csv,879794,dc1fc8d27a1249ccb1f0fbd31cccfbd018b7885a828033dd24cd2f98e6ff559f,numeric,5388.0,Orchestra/RFTN20_RATE,https://api.vitaldb.net/09b25cad803ee64a858b0256239850218fc75bed
09b3c061ba7765fe09ee0acefa80cf594ad33441.csv,26215,a836283d84d44ae8f4eb6c5e4ad667bc23f25e50ba59869eaf98ac475a252b9f,numeric,3118.0,Solar8000/NIBP_MBP,https://api.vitaldb.net/09b3c061ba7765fe09ee0acefa80cf594ad33441
09b93290a2accf5a30b214ba2025165fb1931eed.csv,986925,f06f3c88f9d16b63b934a0acf95ad38819fe9e194cdb8d386b7e8f8f9c0249d3,numeric,822.0,Orchestra/RFTN20_CE,https://api.vitaldb.net/09b93290a2accf5a30b214ba2025165fb1931eed
09cc743062692825f389f32a0e499dc999ccdd5e.csv,173743,1d4e5f0f9aa1605b53ce2bfc28b128d6e254571055cfff8d51f0999e3e508f03,numeric,3421.0,Orchestra/PPF20_CE,https://api.vitaldb.net/09cc743062692825f389f32a0e499dc999ccdd5e
09e32149a4305423df3160af0a4fbe6949be42e0.csv,1056570,1856a1c72490c9d84b755763dea1b4ea007f3e0fe162070a95a5e526e6891969,numeric,3373.0,Orchestra/RFTN20_RATE,https://api.vitaldb.net/09e32149a4305423df3160af0a4fbe6949be42e0
09e8d5c953bde0c2e4952c78040b99c99e715bbf.csv,79713,e34aa4d7505642bb026688611819cd16d5f29d875b52ee1345c55e9d996e6fe8,numeric,785.0,Solar8000/NIBP_MBP,https://api.vitaldb.net/09e8d5c953bde0c2e4952c78040b99c99e715bbf
09ee5cb7b2eb3f67b671b9ac132e3d86dcf1c1e0.csv,754977,2160f9bd97108a1f35ed6b17103d3d149bd64be272b26e71d2ceba56af997b3b,numeric,5578.0,Orchestra/RFTN20_RATE,https://api.vitaldb.net/09ee5cb7b2eb3f67b671b9ac132e3d86dcf1c1e0
0a03ab40787c27a2a26fb5966ca679565aad31fd.csv,48619,6127057599c5e8b71fc2e24a228755fc805e93d324b21397cbc759f985d1d26f,numeric,1398.0,Solar8000/ART_MBP,https://api.vitaldb.net/0a03ab40787c27a2a26fb5966ca679565aad31fd
0a0904a17057df814eeea28e0d6bdf552df83181.csv,55164,1e351bf6d03b36738700605b6e632810092fc600aa55d4b205df6c0b3b882a21,numeric,4497.0,Solar8000/ART_MBP,https://api.vitaldb.net/0a0904a17057df814eeea28e0d6bdf552df83181
0a0b1c330d3c4dde9dbc7e41e66956804f651437.csv,93754,3a36b0feeb77bbf60da9a5426979aab5dbb1c0c5752c5e9e1bdc9d4d13984c14,numeric,1834.0,BIS/BIS,https://api.vitaldb.net/0a0b1c330d3c4dde9dbc7e41e66956804f651437
0a2362deba3c738aa25ae1bbc98d7ae79a72b22d.csv,79720,2bfba945b0185b7ec16f87ff0eddfb0629ca9d229270d294b64e5d079fcd219a,numeric,5308.0,Solar8000/ART_MBP,https://api.vitaldb.net/0a2362deba3c738aa25ae1bbc98d7ae79a72b22d
0a28c89c1bf2a2cf64c3d20a1e747b4c2e078400.csv,399025,01ad6a2e17e4dc7c1e67b5edb84323c67ecf7d00b57cc35fb709f7de2faecbca,numeric,5189.0,Orchestra/RFTN20_RATE,https://api.vitaldb.net/0a28c89c1bf2a2cf64c3d20a1e747b4c2e078400
0a2d01d304fd01892e4daf368a782583113512d6.csv,58290,a7edd1e327893bf9e138ef4f64a75a005146797810763454656f37f585e215b5,numeric,1168.0,Solar8000/HR,https://api.vitaldb.net/0a2d01d304fd01892e4daf368a782583113512d6
0a437fb4c51821c6ac4026e71cb92539e88eb1d3.csv,42804,65f3f73980db618fa5551cdec4cb8ea5a3f41ebd68c4acaa8b65f942b64d8435,numeric,3943.0,Solar8000/HR,https://api.vitaldb.net/0a437fb4c51821c6ac4026e71cb92539e88eb1d3
0a9e4273ec344fd22849fccfe730184d9dc63026.csv,228068,1f191c3947fb63a5b476ed3f364a11ef5dcef83c71e093e1fd2b92f1f4e85259,numeric,4095.0,Orchestra/PPF20_RATE,https://api.vitaldb.net/0a9e4273ec344fd22849fccfe730184d9dc63026
0aa33c720f5862ff4a2e89c3d8ac24f91de42bf9.csv,64372,4c5d77f11b54f9634bfb48914b78894cb4f561c343a657be4e09c49c342c4c87,numeric,4547.0,Solar8000/HR,https://api.vitaldb.net/0aa33c720f5862ff4a2e89c3d8ac24f91de42bf9
0aa48596c091ee11cef8636702ae9de70d8f39dc.csv,215482,2d4fd44cf001c0739ea7408e914feeae644ad6818bfc41a830a8093fc5751885,numeric,5777.0,BIS/BIS,https://api.vitaldb.net/0aa48596c091ee11cef8636702ae9de70d8f39dc
0abbe42a4c6e65c1264fb71ff0f3c4347f8fea5f.csv,16871,5edd2a707acf41daecbd034d1a5a1e683684dd415e41bd5c3aa7d57002d46d73,numeric,2863.0,Solar8000/NIBP_MBP,https://api.vitaldb.net/0abbe42a4c6e65c1264fb71ff0f3c4347f8fea5f
0ad001a56704521fe62b8365ff7aea572d33a3dc.csv,265054,f0d25242df75f6808bb4187e93965aaf82c6036ec686f03d6efb9e8baa2ccaac,numeric,4258.0,BIS/BIS,https://api.vitaldb.net/0ad001a56704521fe62b8365ff7aea572d33a3dc
0ade9f3e5bdd29502bf8e9cb4c0895caf913c5b7.csv,1163479,013e19e6ea5bafce81034624870a5e25dee9c4e1fe30da7f847ad6dcdf3daf6c,numeric,3037.0,Orchestra/RFTN20_CE,https://api.vitaldb.net/0ade9f3e5bdd29502bf8e9cb4c0895caf913c5b7
0ae707c23b3b2a183f15ec25746c5a67012fd7bf.csv,42953,c992ef671dcec5f37d780afe45953ae679b5c3fcaa749584bfbce5afd19e3845,numeric,2678.0,Solar8000/ART_MBP,https://api.vitaldb.net/0ae707c23b3b2a183f15ec25746c5a67012fd7bf
0afd1c96f4e20a6895344652452ede8f6240e0cd.csv,92917,8d550caf85d0612605364fe307f57ba0512eebc556ed3200eaebc51ccf3ab098,numeric,1115.0,Solar8000/HR,https://api.vitaldb.net/0afd1c96f4e20a6895344652452ede8f6240e0cd
0b155ae3e59568633820aa2cd2bd970c79b72295.csv,639791,9cc792a71d1ce0d3c9bd1fb69c56234cf032fe3b8e1409c0cd27d5b80bc08a98,numeric,5439.0,Orchestra/PPF20_CE,https://api.vitaldb.net/0b155ae3e59568633820aa2cd2bd970c79b72295
0b2022985d96d2835d024f9865659c28b4c8ca96.csv,534454,16b38b28cc120913a18f9df1c53e674481168599b6d69c270632b23edecdacaf,numeric,3803.0,Orchestra/RFTN20_CE,https://api.vitaldb.net/0b2022985d96d2835d024f9865659c28b4c8ca96
0b23e0c8798fecbb3837c34848f3d436adf31d88.csv,796200,249418b892544b53ba619afa612d08c249c069c95647c133feaaee9d94bdaa26,numeric,4098.0,Orchestra/PPF20_CE,https://api.vitaldb.net/0b23e0c8798fecbb3837c34848f3d436adf31d88
0b2a6afb962a01cb6d8c742d90dcdbb8bb5bc4cc.csv,1115027,f173206565a263128f926f381a8b4bd58130bd126a8f083000e4434860358e20,numeric,3093.0,Orchestra/PPF20_RATE,https://api.vitaldb.net/0b2a6afb962a01cb6d8c742d90dcdbb8bb5bc4cc
0b3aaabfb647f75e4e0c3bf890c71ce8f9a7540e.csv,100378,15118f10619a7de0aff491cff952836d58ad23854b8920218adfa1a99c4d508a,numeric,2492.0,Orchestra/PPF20_CE,https://api.vitaldb.net/0b3aaabfb647f75e4e0c3bf890c71ce8f9a7540e
0b43ada53202609e740533c4b64d9810df0a7bf6.csv,856460,4c9179f1f0bbd69a4e5cbeff7c6f55d69e82cf8e6bcd7ab38903bc3827f37a81,numeric,5749.0,Orchestra/RFTN20_CE,https://api.vitaldb.net/0b43ada53202609e740533c4b64d9810df0a7bf6
0b49bf20d21bdb2df29bbd624edcefec36a6bfc1.csv,476482,d02f2546e60d1bc2c70a3db696b2de564ad0345e3c48cc7d26877228de4cb350,numeric,5178.0,Orchestra/PPF20_CE,https://api.vitaldb.net/0b49bf20d21bdb2df29bbd624edcefec36a6bfc1
0b4e1f2b8ef86997dae6b176c9ccd6fc37c0cf84.csv,958024,cbea9ffb1fece9bbeb953725c923f33c0880ba28076c54663194c8c2cb16e62a,numeric,3537.0,Orchestra/PPF20_CE,https://api.vitaldb.net/0b4e1f2b8ef86997dae6b176c9ccd6fc37c0cf84
0b5aed4bb7165901af2a9683a77d135f06798be9.csv,67061,1430319b71bf33fe5033e0e323304117632d66f3db9bee19ccd3055fd235bdfe,numeric,5798.0,Solar8000/HR,https://api.vitaldb.net/0b5aed4bb7165901af2a9683a77d135f06798be9
0b657d0a835ea28e7ae1193116aa76fb958f2d7b.csv,110552,3b207f3c85d2f10ddb600e49678e1f74ac14218e377975cd97c2ce8b07a294f0,numeric,6233.0,BIS/BIS,https://api.vitaldb.net/0b657d0a835ea28e7ae1193116aa76fb958f2d7b
0b6b350e03731579d1446010b5d7e2a8e1f4d381.csv,92969,816a579def416af3f74bbd1c863fd1cfa5d74487f80b72f796dc7530b07584b7,numeric,284.0,Solar8000/ART_MBP,https://api.vitaldb.net/0b6b350e03731579d1446010b5d7e2a8e1f4d381
0b6ebb45dbca4a1c03788c28cba7347783bbfd8d.csv,280508,5eb6041508bcf22fd69b03a48fdafa667ac3076ecaaf93b5a1354d40d587f097,numeric,4179.0,BIS/BIS,https://api.vitaldb.net/0b6ebb45dbca4a1c03788c28cba7347783bbfd8d
0b8a183cef35a4094daa5171fe73c95aaed5c191.csv,659945,3c913b2a9cca8f07db69f420fe8615234f74e64392faa022db035accb0ff9086,numeric,2281.0,Orchestra/PPF20_CE,https://api.vitaldb.net/0b8a183cef35a4094daa5171fe73c95aaed5c191
0b99d4b72730c9d42021bd91efa7f35eccc48b4e.csv,2566,d5fca6020ea07ebc043d72ddcf9a6cc46b0a0380dad90607e2de84c9727f1f25,numeric,1871.0,Solar8000/ART_MBP,https://api.vitaldb.net/0b99d4b72730c9d42021bd91efa7f35eccc48b4e
0bbdafa3831951a0f87d5fec2665e7274f6f6741.csv,405035,cd7ed6ceba9b9de9132946b5a9000250edeb118d06d6c509312864a3498287dd,numeric,1230.0,Orchestra/RFTN20_CE,https://api.vitaldb.net/0bbdafa3831951a0f87d5fec2665e7274f6f6741
0bbfc6523f117648ff53d38831637b6b422cf251.csv,963625,3d37b12f68947530f11b7b81be29e5e808b101d3c49f50d2ac30ec20d5926a9c,numeric,3331.0,Orchestra/RFTN20_RATE,https://api.vitaldb.net/0bbfc6523f117648ff53d38831637b6b422cf251
0bd7340da76bb8d0780252b7a2a4f0eff34f402c.csv,57951,2670616e03f2b2ccaa8602d6908248121fee6b8c4cf43700bb73a0dd4a6be2b3,numeric,297.0,Solar8000/HR,https://api.vitaldb.net/0bd7340da76bb8d0780252b7a2a4f0eff34f402c
0bee661fff8be9e2e9fb144769b9396914ece538.csv,155229,25c3f41e426e1976208ab8dfd41d314b99812bee6b3d0122928580fb201f69cd,numeric,5693.0,Solar8000/ART_MBP,https://api.vitaldb.net/0bee661fff8be9e2e9fb144769b9396914ece538
0bef82caf4cc5db1b3e2fc1da59b07c2b604071d.csv,237597,237e44bb0db0c2b9a0c58e266b96edbe5359a7506c023587b6d2fbe6590e37b1,numeric,4098.0,BIS/BIS,https://api.vitaldb.net/0bef82caf4cc5db1b3e2fc1da59b07c2b604071d
0c044f7e33203f5482302815f895251458d6ed0d.csv,111898,ec3fabb5ba4536501530614af14fa27eb60285dfc152d460f4b87ad8579e4392,numeric,5109.0,Solar8000/HR,https://api.vitaldb.net/0c044f7e33203f5482302815f895251458d6ed0d
0c0b29b8a9dbde6a6147ef02a3d7c62c42c01963.csv,99714,bc28d986728e4714f5e90bb378e93e627cc0c318b72b65180f4cd1e44fffab07,numeric,6210.0,BIS/BIS,https://api.vitaldb.net/0c0b29b8a9dbde6a6147ef02a3d7c62c42c01963
0c1192238ce43fa6731b4ade16c1ee60b97cead0.csv,172850,5c10f8f1c8df45e9877420933b8baf516f50179c66f43a5401efa53aeb63f55e,numeric,3172.0,Orchestra/RFTN20_CE,https://api.vitaldb.net/0c1192238ce43fa6731b4ade16c1ee60b97cead0
0c137d61c2b219be21bb114987125ed59e662cb2.csv,64667,dc26fd36cf44afba66fa588bbeeb96d5f73c546849b3f121738f4aa4aafc9765,numeric,4390.0,Solar8000/ART_MBP,https://api.vitaldb.net/0c137d61c2b219be21bb114987125ed59e662cb2
0c3d5ace3e20cb21b23388c23afbff94c6f6f6cd.csv,109858,b3c120781e90472654f9ca6d8c046936decd94f71e6fcd0d37937ea510d0f956,numeric,1785.0,Solar8000/ART_MBP,https://api.vitaldb.net/0c3d5ace3e20cb21b23388c23afbff94c6f6f6cd
0c577865ea0d1634ee0b6ed64b5bdf124cf34d3c.csv,368216,4e12b25e456ca8a63af5aff4dd4ac93b53c35d78947aa17fc773bb4c0254448f,numeric,571.0,Orchestra/PPF20_CE,https://api.vitaldb.net/0c577865ea0d1634ee0b6ed64b5bdf124cf34d3c
0c59430939d0eded80cc5f70d181b15af063673f.csv,45014,cdeee47d89471a9601e1814dea3b2a763c0a9e8cce79a019489b848540160af0,numeric,4646.0,Solar8000/ART_MBP,https://api.vitaldb.net/0c59430939d0eded80cc5f70d181b15af063673f
0c634449386eb4c95ee36318201304e9d89adda9.csv,307847,2c603169e0ec2fec5cfe5ed2d06581a4ad85053e50a40ebdb0d364d663e3edfa,numeric,1904.0,Orchestra/PPF20_CE,https://api.vitaldb.net/0c634449386eb4c95ee36318201304e9d89adda9
0c6819064dcc55646dfc3c3137121b082fb314a6.csv,242199,cbf138798cda8f7deb2881e2689701cc1f66600a66e00196885e14b552a88b43,numeric,5179.0,Orchestra/RFTN20_CE,https://api.vitaldb.net/0c6819064dcc55646dfc3c3137121b082fb314a6
0c7e929c898dbbe5d7bb8c9f6241a97a9966a04d.csv,977736,6ca1c8740e194d95fe50bf4e41f743fda8786f33f51c54666ab43e09fdf18de1,numeric,1482.0,Orchestra/RFTN20_CE,https://api.vitaldb.net/0c7e929c898dbbe5d7bb8c9f6241a97a9966a04d
0c8550fea972560e241cf30e8f406b73c5865160.csv,181845,89fe69c8489e3da4bc368cd72bd218a93c079cce51a40579c6cdade7cd90e5ce,numeric,2802.0,BIS/BIS,https://api.vitaldb.net/0c8550fea972560e241cf30e8f406b73c5865160
0c906d877176718e0b82e65c9743ec36352a30de.csv,37120,fca746f09140821ed3a736006a1f62197070211e3e5f78899d4740571bc22cd1,numeric,5824.0,Solar8000/HR,https://api.vitaldb.net/0c906d877176718e0b82e65c9743ec36352a30de
0c9dcc894f1e58829e54d521e8da5a391b170570.csv,48153,df4435340d4225c6d072f6f6eafd540a862ffd08c8462b680ecee21d96215875,numeric,1136.0,Solar8000/HR,https://api.vitaldb.net/0c9dcc894f1e58829e54d521e8da5a391b170570
0ca875adc43b7de7a622013cb71cf160c4b54c95.csv,259224,7120cd583e86266dd8299d8727f399099aff8b32485261947cfc5cb45a1ad43b,numeric,1933.0,Orchestra/PPF20_CE,https://api.vitaldb.net/0ca875adc43b7de7a622013cb71cf160c4b54c95
0ca9231412890b63341d166f942e2d3db9a60bb6.csv,864367,76cfa79d346d69ffb14737e978771f5820bfb1389853b2216e4e39cc22bff049,numeric,3737.0,Orchestra/RFTN20_RATE,https://api.vitaldb.net/0ca9231412890b63341d166f942e2d3db9a60bb6
0cadc0b7ac9eb250915d2590d255f4f8e758d3de.csv,56834,9307dfc1f413ffc52dab12131e159a259507f6754dd3ef96a3d46d40ca32363d,numeric,1500.0,Solar8000/ART_MBP,https://api.vitaldb.net/0cadc0b7ac9eb250915d2590d255f4f8e758d3de
0cc5ef7d618a141a089d8456f8b6860bf9c32d7c.csv,552330,fc3d3462fa8da463c30671ef248143a127b88a8815f37c463b12ec29352a9c66,numeric,4803.0,Orchestra/PPF20_CE,https://api.vitaldb.net/0cc5ef7d618a141a089d8456f8b6860bf9c32d7c
0cc99ba9c03327816f78e36f7207a38ed69ad68b.csv,627618,38f4a4019b74a26ff28a662b36f9f3fed06a1e0ac31ee7bf80b696e66c50f4c0,numeric,5682.0,Orchestra/PPF20_CE,https://api.vitaldb.net/0cc99ba9c03327816f78e36f7207a38ed69ad68b
0cce57b5597e450b377e15d50bd12f1f9716513a.csv,869719,0cc76581961b2ba646eed8dd3b2e80b240396ab8579601f4bd8f1039329f86cc,numeric,4899.0,Orchestra/RFTN20_CE,https://api.vitaldb.net/0cce57b5597e450b377e15d50bd12f1f9716513a
0cd78b507a53c609da2609580ba1c2d373c9eaa6.csv,36467,b0449b3942765d59db11da5eebc66487200b3866ede263a01c9152bd39394388,numeric,4435.0,Solar8000/ART_MBP,https://api.vitaldb.net/0cd78b507a53c609da2609580ba1c2d373c9eaa6
0ce4aae89172fe690957ff86c3097630fb6080ca.csv,128836,660dfc3a8bfef5a4630bf208ddab02a414f60c4cf947474fdcba20ae969648fb,numeric,6061.0,Solar8000/HR,https://api.vitaldb.net/0ce4aae89172fe690957ff86c3097630fb6080ca
0d0cef21fdce297add0f4a358a43d8af4c4591fb.csv,59730,e14484b852236431745543c453ebaddd64cc83e3bfb69179df57979a2cb2fcdf,numeric,2863.0,Solar8000/ART_MBP,https://api.vitaldb.net/0d0cef21fdce297add0f4a358a43d8af4c4591fb
0d1307c656b4322e535b233e9ef66a96631a8585.csv,66011,b48645d261782939424050b1b04bfa704655015dfe86df5144ded33f9dfc946c,numeric,6326.0,Orchestra/PPF20_RATE,https://api.vitaldb.net/0d1307c656b4322e535b233e9ef66a96631a8585
0d13deddcc40299107d82d3e97b7a913096e7b52.csv,41881,e1601181db6af78c0e0f4d4bcb3d24e1ca931ce155541bb0b042d48d541efbc1,numeric,350.0,Solar8000/HR,https://api.vitaldb.net/0d13deddcc40299107d82d3e97b7a913096e7b52
0d1d055d6fd6db02846573b50080049c62f0cca3.csv,114223,45b6cfdbb136d236deece93fd516a5b92dd6bae647297ec4ee32df4c70e7d4c1,numeric,4258.0,Solar8000/HR,https://api.vitaldb.net/0d1d055d6fd6db02846573b50080049c62f0cca3
0d22147226755614829c10239b3971f33b6b3678.csv,165385,e661deca92cdad2486c6fd269f74c79443f2607196ec5b69d98ec7a21fbd7947,numeric,3875.0,BIS/BIS,https://api.vitaldb.net/0d22147226755614829c10239b3971f33b6b3678
0d2dfe582ff33cf8762b6a67927115d1da151484.csv,67047,1dada7dfad1a56ff7ebd041adefd1fd267ea782c763ce728f73d721f0438372f,numeric,5781.0,Solar8000/HR,https://api.vitaldb.net/0d2dfe582ff33cf8762b6a67927115d1da151484
0d2fbba34bea2975c265857c5dc6b1c5e93554eb.csv,553992,ec403c023517e68b1faf4b680e203eccc85160c4b2e4f2ac4f89359ea0a28542,numeric,1566.0,Orchestra/PPF20_RATE,https://api.vitaldb.net/0d2fbba34bea2975c265857c5dc6b1c5e93554eb
0d31e7b4f65ff80f0acefc0c4960e78dcbb7ad02.csv,36199,60830789bf5d17791c25953cb3d4ce4f83335262e28280c4176d628bca7e5cd8,numeric,2763.0,Solar8000/HR,https://api.vitaldb.net/0d31e7b4f65ff80f0acefc0c4960e78dcbb7ad02
0d34331baf79e385fdba595c82a686731a317fe5.csv,304811,00a8caf455c2c348b777f88a00b7170370e49d89095b5aab485cf70f68523341,numeric,2794.0,Orchestra/RFTN20_CE,https://api.vitaldb.net/0d34331baf79e385fdba595c82a686731a317fe5
0d77d6393a169ac58479fc3d062528690ecb5cbe.csv,170291,e27a26f8bc42af3d643248f65b356b93bb8ef91614187433487d01a309d2b2ee,numeric,1802.0,BIS/BIS,https://api.vitaldb.net/0d77d6393a169ac58479fc3d062528690ecb5cbe
0da21f82aebf57693cd03f05802f707236d4658e.csv,435199,9d316f923194d0ccf097977d2b0897b245461e3c972ebf5d9820b9f8a55a33ff,numeric,3573.0,Orchestra/PPF20_RATE,https://api.vitaldb.net/0da21f82aebf57693cd03f05802f707236d4658e
0dc31384ff428b52c8b1c363253f801f0b00ffea.csv,483651,19b8d4689bf78ea3a959579efe51f78d2171b32cb7cb016479f2383e5b201fc8,numeric,2944.0,Orchestra/RFTN20_RATE,https://api.vitaldb.net/0dc31384ff428b52c8b1c363253f801f0b00ffea
0de264fe870f6cb1c205e88b7c8cc95e1e1a7cba.csv,157195,275e93798dc04def048871600fcb6b62905ce10bb7ef4b1fbdd53f0e9b1e3265,numeric,5772.0,Solar8000/ART_MBP,https://api.vitaldb.net/0de264fe870f6cb1c205e88b7c8cc95e1e1a7cba
0de8feb4daf5b908a61dc6f1d3026affa81b6025.csv,375986,1b3578cdeb1836cef9acf861fb6893cfb0f09912e93d4911b344e97cd3fc1224,numeric,5558.0,Orchestra/PPF20_RATE,https://api.vitaldb.net/0de8feb4daf5b908a61dc6f1d3026affa81b6025
0deb06876c79ce2fb883fb8a1cd600a6e02d4808.csv,29077,1231a57deeaac1390426f481f251f9599cf364f3423ca9f07e522bcf483fc842,numeric,4717.0,Solar8000/HR,https://api.vitaldb.net/0deb06876c79ce2fb883fb8a1cd600a6e02d4808
0deb396cfd6f2b053f4723054e1e68b6fa6d27ab.csv,360921,e5a53b14a10af6e47f6d7b09819580345e2ba72a3e5270f348f71bbb320a2b70,numeric,6097.0,Orchestra/RFTN20_CE,https://api.vitaldb.net/0deb396cfd6f2b053f4723054e1e68b6fa6d27ab
0e00b26c2e2dd077a29b816b14e577b088bf5730.csv,1062172,ca47e2034034fb60e76726a229ed19553cfcd87a94f80de6b8dadb10e5229e91,numeric,2349.0,Orchestra/RFTN20_RATE,https://api.vitaldb.net/0e00b26c2e2dd077a29b816b14e577b088bf5730
0e0e0118700a79d0cd29a837f05f7f01cf759193.csv,771156,0818fb8e18d702ebd62c1490a598e53e0477f33817307bf228a634c05e744943,numeric,5966.0,Orchestra/PPF20_CE,https://api.vitaldb.net/0e0e0118700a79d0cd29a837f05f7f01cf759193
0e0e2af82b4853bdb8af0ce233a51f4109a5d9d9.csv,52400,773199eeb84f7702dd961bd2ea1d01e5716a35287035619b74d1e73f54c3a203,numeric,3851.0,Solar8000/HR,https://api.vitaldb.net/0e0e2af82b4853bdb8af0ce233a51f4109a5d9d9
0e2fc9125f3779f8f3639cf847f42f752ebbb4ff.csv,1873936,4097d50105e434aeb6d4814bbde11bd1d791da4a088f82656dc4304a2d64a017,numeric,1703.0,Orchestra/PPF20_RATE,https://api.vitaldb.net/0e2fc9125f3779f8f3639cf847f42f752ebbb4ff
0e2fe6308741324df62ea8248e63f6ade2311c19.csv,42174,eb8c801231b5896cd31d82005de45247c20cb3177e182b0b07c3394c039b96c1,numeric,3298.0,Solar8000/HR,https://api.vitaldb.net/0e2fe6308741324df62ea8248e63f6ade2311c19
0e3248129c87c81786597de067e24814a83e4254.csv,3071,b25a2bf04b8b30b4c235c190a140b3dcbdb474ab5ce179e4e42320d3efe813a2,numeric,1946.0,Solar8000/ART_MBP,https://api.vitaldb.net/0e3248129c87c81786597de067e24814a83e4254
0e4750c84938c91efd8e93c7c48a871a50147466.csv,83135,a92245e5fc0f0ff185fa9e4330912e059acb31f516e6c22c85b84b8d624225ee,numeric,2671.0,Solar8000/ART_MBP,https://api.vitaldb.net/0e4750c84938c91efd8e93c7c48a871a50147466
0e717a8f202242e18862057203fc2b3eb8fd22a1.csv,104258,45ebb37fc435f5d0ad3b3adb6d77b941744f39319fea333d705dadee519a670d,numeric,3343.0,BIS/BIS,https://api.vitaldb.net/0e717a8f202242e18862057203fc2b3eb8fd22a1
0ea1d0a70ae6f408717439a8b6f5d2680bbc70ab.csv,18870,7d0d9eaa6ad2e329250d1026a4c6c7cda3a3aa2ac54b3ffe8d75c248f86a0ecd,numeric,6345.0,Solar8000/NIBP_MBP,https://api.vitaldb.net/0ea1d0a70ae6f408717439a8b6f5d2680bbc70ab
0ea393235769fa327d25593ad8a3fa09e9e11d92.csv,46168,8a031ebf6d1178556310c541dc26ce35c28a0ab5e32095c277e36166dafb44d5,numeric,2997.0,Solar8000/HR,https://api.vitaldb.net/0ea393235769fa327d25593ad8a3fa09e9e11d92
0ea93cedd76e6671adef86636109f84d352b4a0f.csv,81662,9b567253427210d3cdb3315f32efb370877aa0f03822c1fdbfa1162eb936b1f6,numeric,659.0,Solar8000/HR,https://api.vitaldb.net/0ea93cedd76e6671adef86636109f84d352b4a0f
0ec1175443f61c81513ccbc54ddb9ead9aa81589.csv,81767,5ffe4b2c6c26dab20e4a3edad657be1ab92f5b417e9029a2480db8d3a36a3438,numeric,5439.0,Solar8000/HR,https://api.vitaldb.net/0ec1175443f61c81513ccbc54ddb9ead9aa81589
0ec336647929e88617b5b2ba39d2ec938c4c4b38.csv,70504,95f74045486464297bbfd767cc9b34308b2bb76687664b1218eb1700b36d2f5d,numeric,5781.0,Solar8000/ART_MBP,https://api.vitaldb.net/0ec336647929e88617b5b2ba39d2ec938c4c4b38
0ee4553e9861a97b42f8c24616bf24284d41c06f.csv,108745,e0f2226ae3742f6160aa10e8dad26dbf86f5a70f47f296a64df36d316f4dc2a5,numeric,5197.0,BIS/BIS,https://api.vitaldb.net/0ee4553e9861a97b42f8c24616bf24284d41c06f
0f0f172e20fbd9648db78b2baee5d84887dbaaf1.csv,650647,bf04fda080323ec77913418e44e8c81c30d95d931ad9b0e90e241ce3ce26035b,numeric,3256.0,Orchestra/RFTN20_CE,https://api.vitaldb.net/0f0f172e20fbd9648db78b2baee5d84887dbaaf1
0f20ec51f7298f087c264b73f50b6e775eaa3441.csv,78394,87f50a68eeebbcc59609e3007aaab4e6f55b0e656380d3ed6087174b833327f1,numeric,5308.0,Solar8000/HR,https://api.vitaldb.net/0f20ec51f7298f087c264b73f50b6e775eaa3441
0f34e471eae37a844e226cc063686de821cae93d.csv,88757,45e655d1b8b57ddd30d52527062b2af81d983a225099c109f30a869057d5056a,numeric,1489.0,Solar8000/ART_MBP,https://api.vitaldb.net/0f34e471eae37a844e226cc063686de821cae93d
0f43b37747253d1575385bafbb748c7eb4c058bb.csv,56030,6581a1abe6f2da0e007e56f8bbacd9e833c57402ed2ae27bb94319741459a790,numeric,2931.0,Solar8000/HR,https://api.vitaldb.net/0f43b37747253d1575385bafbb748c7eb4c058bb
0f46396fc43d43c2c16675a0c4d7fef87af6fa7f.csv,455870,9d1cfdcc4eac53ca7930b3e02679d41fbaadd418e61dd5f55ca49029b69cb057,numeric,5032.0,Orchestra/RFTN20_RATE,https://api.vitaldb.net/0f46396fc43d43c2c16675a0c4d7fef87af6fa7f
0f4ae0f81facea2915a96050c6fe817295db0f3a.csv,513559,a8c911058f2e84cc2e5dd3a6cfee324b082ded398d70dcd11e7f810bfdc3874a,numeric,3812.0,Orchestra/PPF20_RATE,https://api.vitaldb.net/0f4ae0f81facea2915a96050c6fe817295db0f3a
0f8f7e7238e86f88c153a514b1f5ec6224ef123c.csv,203284,698e5efd0dbbfd66c85fa099fc2c4e77f6ed61277b2aad161d43b752fc6d7a71,numeric,2392.0,BIS/BIS,https://api.vitaldb.net/0f8f7e7238e86f88c153a514b1f5ec6224ef123c
0f92340219ae9894d67e99a872ef0f3387f25b93.csv,87647,57305cb756e077c2aa428b63c145ea26db8514f590ed247defc53d61daf29c19,numeric,1659.0,BIS/BIS,https://api.vitaldb.net/0f92340219ae9894d67e99a872ef0f3387f25b93
0f9a72cd51764955bc91871731851fdca0849c6c.csv,92993,8237a2c1d969ef6cfe478e5d19a63663aa57005c68e352e63ec7a43d09483211,numeric,5682.0,Solar8000/ART_MBP,https://api.vitaldb.net/0f9a72cd51764955bc91871731851fdca0849c6c
0fa3bd5204e85bebb196f2ed732606e36354ac3e.csv,241159,e9f740752140e7de21f1af5d472fd720fd275b0d99acec37ee2f4ed10bf953e3,numeric,785.0,Orchestra/PPF20_CE,https://api.vitaldb.net/0fa3bd5204e85bebb196f2ed732606e36354ac3e
0fabbe17688ef221cd1798f39b34d3653ea70f3d.csv,338231,88040ba0f58e18d407938781d36255397bf821ec58f9f908d55fe2e6bcb3ccc8,numeric,3091.0,Orchestra/RFTN20_CE,https://api.vitaldb.net/0fabbe17688ef221cd1798f39b34d3653ea70f3d
0fba9da98889620011aba535272034f5c8e6aef6.csv,571400,afd52ea489f76a0ad6a8d3c48f669bdf364a646ad5ef21478252b5eaea91b9b0,numeric,3023.0,Orchestra/PPF20_CE,https://api.vitaldb.net/0fba9da98889620011aba535272034f5c8e6aef6
0fc1be7306a3414d9025b2fcfb1cf377d8e93552.csv,51176,b6c47ede7518aea847004933111ed8f74733b8cda18068cceb484906ad5a6182,numeric,5032.0,Solar8000/HR,https://api.vitaldb.net/0fc1be7306a3414d9025b2fcfb1cf377d8e93552
0fdce861dcf2a6403f95888f632fc7963b9ca7ab.csv,109322,af517858166012fd4479c9dcbd5a260311bf680cc6eee52aa41c53f87bdee7d6,numeric,2909.0,BIS/BIS,https://api.vitaldb.net/0fdce861dcf2a6403f95888f632fc7963b9ca7ab
0feb586661dc33811120d9a17ca28592cc22dcb6.csv,44635,513214bd82c95ced7e9d1005f80dfa5da225d19b97787f0afa37cd53840ce171,numeric,2909.0,Solar8000/HR,https://api.vitaldb.net/0feb586661dc33811120d9a17ca28592cc22dcb6
0feeff5378a5c43f53d0728c379a966fa99ff255.csv,40691,0df87d9bd1ed04e155fe4a8502b8dc1d08b56165e889c5f8bc5b64ac20766cf6,numeric,613.0,Solar8000/NIBP_MBP,https://api.vitaldb.net/0feeff5378a5c43f53d0728c379a966fa99ff255
1029a8e80717e8c795090f485377c20a99e87ec7.csv,734733,4627bc793d3accbdc743550efb3ed5c57241ff8f5ffbe1f5e3dc5bd5cf2241d7,numeric,2742.0,Orchestra/PPF20_RATE,https://api.vitaldb.net/1029a8e80717e8c795090f485377c20a99e87ec7
1033f09452b38ac5a7b01fb64db38ee6cb923372.csv,50264,149bb0ed96d96341ff5b144f0d5529eceebd41c573e3918699438b0d62d5a90e,numeric,301.0,Solar8000/HR,https://api.vitaldb.net/1033f09452b38ac5a7b01fb64db38ee6cb923372
103c494ffc25bdf2ec2804d08fd3651ae01230ea.csv,289960,fcccb8a344c24b8fad2482798bd51ee7d11bac31c93980fc3f5baac1709a950d,numeric,2161.0,BIS/BIS,https://api.vitaldb.net/103c494ffc25bdf2ec2804d08fd3651ae01230ea
1052cc790cf17a8db1a29298aaf92c64c94d831c.csv,93455,c5b7df81ab3f8083c2bc09919b4327e62f41266da7bd756dfa564c8fb0b468b2,numeric,1149.0,Solar8000/HR,https://api.vitaldb.net/1052cc790cf17a8db1a29298aaf92c64c94d831c
106f3e149db45909b13221641458a9cb6effefe1.csv,411862,e9d3e53f39730c3e49dae282a841d112b57105462a48d9b7d0cbd13b7a2c2d33,numeric,1157.0,BIS/BIS,https://api.vitaldb.net/106f3e149db45909b13221641458a9cb6effefe1
10795ec5b07f3cf493823a592278d347a2d20f6b.csv,477762,109b65963ef6b83cca82222b01c4a501e59fd3ad6a2b587bd2586071127d5089,numeric,3439.0,Orchestra/PPF20_RATE,https://api.vitaldb.net/10795ec5b07f3cf493823a592278d347a2d20f6b
107f477ad60e392fdf58d6765a7320c3cd0169ba.csv,844766,a69b11dc2f23c3d140929fedad13a5cf2df3936bd19edd0306dbdd58dcb312e4,numeric,671.0,Orchestra/PPF20_CE,https://api.vitaldb.net/107f477ad60e392fdf58d6765a7320c3cd0169ba
109cc29093b2affd543627c03aeac6255fb2b486.csv,616376,655e14e2854e5bdbc64c00b7a6f1f1d34413258608bfaefb9f9088df81e27279,numeric,1889.0,Orchestra/PPF20_CE,https://api.vitaldb.net/109cc29093b2affd543627c03aeac6255fb2b486
109d3cd3d2db0d0674769383a94651dc9ca55b8d.csv,39477,429ae5223addcb7a2f79147fd05b6846f5cbcc266547a4674cf75b035c0ae88d,numeric,2189.0,Solar8000/NIBP_MBP,https://api.vitaldb.net/109d3cd3d2db0d0674769383a94651dc9ca55b8d
109e3b7adcffe990d85ba47dcbdeca994f961453.csv,68174,286725976a4d9aa9e4f8bc91cc6a73ab0bc6ae4b5aeaa42da55da6078c25e21a,numeric,3961.0,Solar8000/HR,https://api.vitaldb.net/109e3b7adcffe990d85ba47dcbdeca994f961453
10c328f1b1b361da5d1d097a55154b0423c166d3.csv,178884,9b47e2adfd97e3f8996ff6b6af5256707c655d805c0ec5491d3beaa00fad6451,numeric,1024.0,BIS/BIS,https://api.vitaldb.net/10c328f1b1b361da5d1d097a55154b0423c166d3
110c3390bc098923694cc8ae7eef90f9e20a0325.csv,444695,5d6c9298dcb63590dea2c7cb6002de406bfd185227957930b89c27c79c93a48c,numeric,4858.0,Orchestra/RFTN20_CE,https://api.vitaldb.net/110c3390bc098923694cc8ae7eef90f9e20a0325
11257100849df16447de4b61663e3cd97cb802b8.csv,97789,7ca267f775459a5358f768f49c44a1a94b02bec1afd0b333787fffb670ce2a64,numeric,3693.0,BIS/BIS,https://api.vitaldb.net/11257100849df16447de4b61663e3cd97cb802b8
112fb37ba0913f2bb09b72e50fb53ade7752ddad.csv,14756,47f3ee4568c9887ce63dbc159eba1958a2e949b1e53eccdda9fbde91c31e384b,numeric,1784.0,Solar8000/NIBP_MBP,https://api.vitaldb.net/112fb37ba0913f2bb09b72e50fb53ade7752ddad
11313ebe9c72efe2a21ab33cb674dad895486536.csv,12312,6766474d442f8ce5773a1ba3d25fb314e7f148a9f97dbd49b217897e6f3b3d83,numeric,3175.0,Solar8000/NIBP_MBP,https://api.vitaldb.net/11313ebe9c72efe2a21ab33cb674dad895486536
11534b94d4424cd6d8fba1bd5b339acdc5477c92.csv,161551,0a1c5462ca188f5bad06f16040827bcbd5b3739482b5bb83119303380338601c,numeric,4143.0,Solar8000/ART_MBP,https://api.vitaldb.net/11534b94d4424cd6d8fba1bd5b339acdc5477c92
1165a12dd7a8f79adec6302c36175ede2da7556a.csv,1416464,1e14c82de888d264d029196f60962aba7e28948ddb8a25fa357be39f9e0ce27c,numeric,1918.0,Orchestra/PPF20_RATE,https://api.vitaldb.net/1165a12dd7a8f79adec6302c36175ede2da7556a
1179873c98bc5bca14769ce0d2b0128e12eedf3b.csv,547224,8684560f8c2626f9e2759d21daf931061d5d1dcdc5c8e6c87b6511fc11a7ed47,numeric,1489.0,Orchestra/RFTN20_CE,https://api.vitaldb.net/1179873c98bc5bca14769ce0d2b0128e12eedf3b
11843f45048a559e545c7cb74a0459f4e2f4ae38.csv,947123,513f2dbadbf8931e5b955cd4a253a57f5e9d04c9d8253b2a854d14259c501d19,numeric,2280.0,Orchestra/PPF20_CE,https://api.vitaldb.net/11843f45048a559e545c7cb74a0459f4e2f4ae38
118613ce27b018a48c6239d2194adc0205bfd558.csv,80911,2f106a748ebd0dc214c242cd25968a37a0d49fce8c6a98bc909f47c272204735,numeric,2044.0,Solar8000/ART_MBP,https://api.vitaldb.net/118613ce27b018a48c6239d2194adc0205bfd558
11875f62a007eccc45ab0b906201b4ddae8bcb22.csv,76846,a83e56d053f196de77a55d9d27316d89932050cae05196ebc35a0155d0320112,numeric,5202.0,Solar8000/HR,https://api.vitaldb.net/11875f62a007eccc45ab0b906201b4ddae8bcb22
11a2eb6c09d79ef92ef9a932412cb536f15435cd.csv,38287,dcbb53162cc0f02b2b36e916c80f632f8b270777502b094dd3cc0dab98089103,numeric,5179.0,Solar8000/HR,https://api.vitaldb.net/11a2eb6c09d79ef92ef9a932412cb536f15435cd
11e945930516313481cb9ae88a3c5288e0ef5e8e.csv,810078,87984ade5265fd843b7aa3b6905bfaef24eae29b7332408c16671ece6aecdbf0,numeric,5164.0,Orchestra/RFTN20_RATE,https://api.vitaldb.net/11e945930516313481cb9ae88a3c5288e0ef5e8e
11f31727ece56dd7e24b3c44d711efa9d229816a.csv,555238,946f1425d1dd524b3b6c5045c63a035cf4ef45f6709216db0191f977631ce2aa,numeric,6345.0,Orchestra/PPF20_CE,https://api.vitaldb.net/11f31727ece56dd7e24b3c44d711efa9d229816a
11f68e8929861a06121d727d9f8a84ea2b07b67c.csv,378826,c4caf3e130cd1a48cf8080237cd92e94ff65d4ca555461a931eec420c1b9c450,numeric,1255.0,Orchestra/RFTN20_CE,https://api.vitaldb.net/11f68e8929861a06121d727d9f8a84ea2b07b67c
11fa83d3e080b75c97e40d84e56098beaac97ae4.csv,307406,d7657f8a647e91cfb541c5814189f2ad4fb3e8ae0dfd56f9242fda8f9d981e66,numeric,1659.0,Orchestra/RFTN20_RATE,https://api.vitaldb.net/11fa83d3e080b75c97e40d84e56098beaac97ae4
1201f97fc85d25a0520b9826a6b38d44ada393b4.csv,46807,4ddf7865bb98c5325d2c8a7524b54561d5b70a922be73a8c4c685fe600b9b958,numeric,1813.0,Solar8000/HR,https://api.vitaldb.net/1201f97fc85d25a0520b9826a6b38d44ada393b4
1217a0f13dbe7aa7dc18b54296dd5da25fee6239.csv,79991,638e8a9c44919f9e018f6e60d8a3c62097fe42075c452f60a7923777b2f23c81,numeric,2837.0,Solar8000/HR,https://api.vitaldb.net/1217a0f13dbe7aa7dc18b54296dd5da25fee6239
121b9acc22562b6b78b27b2e28b1c80278e4baf2.csv,991833,b95f3216f2cda2fa305a6752bd29098af149ee9e2892edb7deb4fc00069cc860,numeric,6296.0,Orchestra/RFTN20_CE,https://api.vitaldb.net/121b9acc22562b6b78b27b2e28b1c80278e4baf2
12259715f3f4175df3807eb2eff8c4ee823aee5d.csv,126482,aab13c3f69090d902b40774e37c5d8e055dd8b6a2807f4f50acd901d8b3232c9,numeric,1969.0,BIS/BIS,https://api.vitaldb.net/12259715f3f4175df3807eb2eff8c4ee823aee5d
1228782146b5f2389f99338ccf789143b777c9f7.csv,483563,0e4576b7a7adac4d6918227c36e245ea5d5b5b9026372ca6c7cade42d1fefa8e,numeric,1969.0,Orchestra/PPF20_CE,https://api.vitaldb.net/1228782146b5f2389f99338ccf789143b777c9f7
124b398963764787f35e75265ab67049879150d6.csv,226723,bd39db9f5361c985436f8fed127deb88adbd4801a12144aaa5cdb5117a1e4b30,numeric,1249.0,Orchestra/PPF20_RATE,https://api.vitaldb.net/124b398963764787f35e75265ab67049879150d6
127b0e1d4ece40d0e6441314c3b9fc15d5a420fc.csv,529647,075b35d2a32e632f912f6b4929a3115e649dd1b3b5789eb7f7d4e39a715d007c,numeric,6163.0,Orchestra/PPF20_CE,https://api.vitaldb.net/127b0e1d4ece40d0e6441314c3b9fc15d5a420fc
1289e46e09194bbf4f34f4171419616f4313e99c.csv,683334,fedefa200016c2a8142ee61a84ddf5dec3f8544e2db4afd311e1ddb8ff5f3a49,numeric,1875.0,Orchestra/PPF20_CE,https://api.vitaldb.net/1289e46e09194bbf4f34f4171419616f4313e99c
12908df872b9475dc9b656937ea4b94372ac8977.csv,93659,1e11e6e261d7d240fefce390d75400f7c498664002f18e813a4a246ef5995241,numeric,1558.0,Solar8000/HR,https://api.vitaldb.net/12908df872b9475dc9b656937ea4b94372ac8977
1294297d32b21a2ba8cdf3728d427bd4cc4c60cc.csv,245479,d39ddcb45dd3e860311bae77b3759741ec885253e15828975f8569a173c80e29,numeric,4390.0,Orchestra/PPF20_VOL,https://api.vitaldb.net/1294297d32b21a2ba8cdf3728d427bd4cc4c60cc
129a433084965c36dc9ab2f85e6936b4b32fa6c5.csv,116254,282c7d83a75fac3b2f041cbb81357b48cf8d2d506d6788d8fe013fa31b28a6d8,numeric,5937.0,Solar8000/ART_MBP,https://api.vitaldb.net/129a433084965c36dc9ab2f85e6936b4b32fa6c5
129d59e4f1ab6e42ef75e8a9b018aa282d6c9862.csv,211962,bfd5a87b63cce7984928d527d6c4ff5d694590960a19a5882920c4c2868bf169,numeric,6333.0,Orchestra/PPF20_CE,https://api.vitaldb.net/129d59e4f1ab6e42ef75e8a9b018aa282d6c9862
12a61cf54e6ffdc890742b285e53af436c12a3d7.csv,252926,8d7526c7f62691e8b3cc2cb2994a8b701a92eaf6ac987958fb4837896e58da35,numeric,369.0,Orchestra/PPF20_RATE,https://api.vitaldb.net/12a61cf54e6ffdc890742b285e53af436c12a3d7
12b4acd1fde73b0d2b782d8aacacf968696a9e53.csv,116703,9b2c44bff6b6cbe9b7c6b42b75b7ee88460aaafba5663de9b0ae0ba95fd7fc1b,numeric,1820.0,Solar8000/FEM_MBP,https://api.vitaldb.net/12b4acd1fde73b0d2b782d8aacacf968696a9e53
12f2deb97890106aca1a82e12a9d98bd75c4591f.csv,133289,98c4745259e920d0eea5349fe76803d7b797031570838b36bb672fcf0800c604,numeric,2356.0,Solar8000/ART_MBP,https://api.vitaldb.net/12f2deb97890106aca1a82e12a9d98bd75c4591f
12f43f09db1fb76599244e0104d4a621297b72c9.csv,136789,180bac22e15233546de7dd57d8bea554564df7874ecb2f6a63e2ef7ca1fbe92f,numeric,1730.0,Solar8000/FEM_MBP,https://api.vitaldb.net/12f43f09db1fb76599244e0104d4a621297b72c9
12f7e394e58070954dba9301656313139bd5833a.csv,307459,fa936b964c90ada0d28885ea406585015b5b2779ffa46deb4deb33cdfbfbef9e,numeric,3170.0,Orchestra/RFTN20_VOL,https://api.vitaldb.net/12f7e394e58070954dba9301656313139bd5833a
12f9770a442128865330f4c604e61588158b3e75.csv,246105,bb3bc7687586669020ff79e0e7fff6f496dcab5e0f39dd43bdf7cdfb0e0461ea,numeric,2530.0,Orchestra/PPF20_RATE,https://api.vitaldb.net/12f9770a442128865330f4c604e61588158b3e75
133740f105c44f47fdf38b4daa1466bf244ae357.csv,675315,3727f827676a96aaed3e4a3d16471beb355b607b15059cd0a932427933deb82b,numeric,4027.0,Orchestra/RFTN20_RATE,https://api.vitaldb.net/133740f105c44f47fdf38b4daa1466bf244ae357
13381c2161333a050e222cabdd1e5ac864f98f55.csv,83674,bfbd31cc4c5accf7d2fe0985b6264cbfc9926737ef97e2ac3cfcff16a930c355,numeric,5751.0,Solar8000/ART_MBP,https://api.vitaldb.net/13381c2161333a050e222cabdd1e5ac864f98f55
134ef4254363520dea33024186799d872ab3d11b.csv,349794,a0f2260dd62777225539c47d34a787993b11da08fec7c121a5c98a91bad0583a,numeric,591.0,Orchestra/RFTN20_RATE,https://api.vitaldb.net/134ef4254363520dea33024186799d872ab3d11b
134fddb957ab087653a2d072b03ba72ebeca0239.csv,760862,29a3483965b2faf0f11c0c8cf3b869421807140b6e4c1ee0a35252943698c8fc,numeric,2742.0,Orchestra/RFTN20_CE,https://api.vitaldb.net/134fddb957ab087653a2d072b03ba72ebeca0239
13631e83160b527bd36cf9a44dba9c32af47c5f8.csv,365127,8a7aa736e2f5f00f620a73c00a0dbbb24e0b24872768ef90e6ba901c214cab0e,numeric,5469.0,Orchestra/RFTN20_RATE,https://api.vitaldb.net/13631e83160b527bd36cf9a44dba9c32af47c5f8
1369608e7d8073638e1024c0e8711ac438b5eb5f.csv,540896,a56edcc58fa6ec85072a94929b3e01a566ffd02e45c95c2c926b206661a3e731,numeric,297.0,Orchestra/RFTN20_CE,https://api.vitaldb.net/1369608e7d8073638e1024c0e8711ac438b5eb5f
1377cc72d69799711db83d87a6477d8b19f5838b.csv,354312,f63f80701090b54b3b713ebcad9dffcdadc335d88658e906052cbfae46850db5,numeric,301.0,Orchestra/RFTN20_CE,https://api.vitaldb.net/1377cc72d69799711db83d87a6477d8b19f5838b
1397055bf72a568f8b3d0c43170ee1f675de8fb4.csv,964177,6219a2ea170bd56943fa478858779e28453794d202a4a78bf2def4c548d79d5e,numeric,3785.0,Orchestra/RFTN20_RATE,https://api.vitaldb.net/1397055bf72a568f8b3d0c43170ee1f675de8fb4
13c3bcb9e298d9c9f9ad70d2bc064f39f6234973.csv,333062,5b377a90bd78916bd86d57dedde7b8158d3d1a25bcdc4be37937e235dd0809ab,numeric,4870.0,Orchestra/PPF20_CE,https://api.vitaldb.net/13c3bcb9e298d9c9f9ad70d2bc064f39f6234973
13e12d4bc4057fb6ce17a7cf8b6f21210916d664.csv,41667,f6c0ef1ed8584a74bcc681f227f11b9678275dc60b4c912df90d62a90f27da7c,numeric,2356.0,Solar8000/NIBP_MBP,https://api.vitaldb.net/13e12d4bc4057fb6ce17a7cf8b6f21210916d664
141e87d0e0a7e432d5c55dfc8d57c03c974971aa.csv,645139,e37d6cdc34a151af89ea3d1d817a04401eeb889bc87ca08c4d91ef3ca8b78da1,numeric,1809.0,Orchestra/RFTN20_CE,https://api.vitaldb.net/141e87d0e0a7e432d5c55dfc8d57c03c974971aa
143a6b407a3843be69bb0443a9eec2582be25d70.csv,1196659,55c53648c45b7fba7c28194a787322ddd18aad8b37cc1917af961a83012eed8a,numeric,6297.0,Orchestra/PPF20_CE,https://api.vitaldb.net/143a6b407a3843be69bb0443a9eec2582be25d70
144e3b24e1bd6eabe82b847035119f2a88cf1bf6.csv,340729,2652873abb6d4e4cb69dcedcc082422f4f8810f9c513bd2a7b52b829c356f4e4,numeric,1974.0,Orchestra/RFTN20_CE,https://api.vitaldb.net/144e3b24e1bd6eabe82b847035119f2a88cf1bf6
1450e99d403eff6543205e198e2a36f1d831b5ac.csv,62074,e8a5e2477a27dbedc9778252eddff49c8d19b026742801881e8ae3700a48fad6,numeric,37.0,Solar8000/NIBP_MBP,https://api.vitaldb.net/1450e99d403eff6543205e198e2a36f1d831b5ac
146148698d349b2431cbac58894c1f637d58c730.csv,97491,98f82e380111461034654802396cb35fd478ec64bdd8aa57034e060701f4338e,numeric,5560.0,BIS/BIS,https://api.vitaldb.net/146148698d349b2431cbac58894c1f637d58c730
147f55b8bcd452b4918e742aefb2181e315fb4a6.csv,536681,97f4f374f8e840013f51a067ae21e793d1ca3acba9e4c6822feaef1c0381925a,numeric,2617.0,Orchestra/RFTN20_RATE,https://api.vitaldb.net/147f55b8bcd452b4918e742aefb2181e315fb4a6
1485fc884b31e5bce9e2dab8849e8e6fc83e74b8.csv,599864,3c75ad696598592d7ee43ae106f1d3bda43dda89c691f0ed756b1d13889899f9,numeric,5463.0,Orchestra/PPF20_RATE,https://api.vitaldb.net/1485fc884b31e5bce9e2dab8849e8e6fc83e74b8
14988971b9afc49cd2453f724a1d0e0fa7b866f7.csv,2226683,d1e446f8da5dea1b430ace3a87be7458730bc500078734df90622caff941dd16,numeric,5787.0,Orchestra/PPF20_CE,https://api.vitaldb.net/14988971b9afc49cd2453f724a1d0e0fa7b866f7
14a31428e4f1e79f96924212fefddbafca3d6989.csv,591715,d1c23d8236b4665095fb4a2208ead30e2a6a9432cc39a3b843d2bb101e90795e,numeric,6324.0,Orchestra/PPF20_CE,https://api.vitaldb.net/14a31428e4f1e79f96924212fefddbafca3d6989
14a949965ad2b0bf65f2421972b8d5bc1f4c390e.csv,125349,19ef46ad8e02fc84c333936050ec06f73a4ab2668e48ed959af46bcf446096cb,numeric,4695.0,Orchestra/PPF20_RATE,https://api.vitaldb.net/14a949965ad2b0bf65f2421972b8d5bc1f4c390e
14ac4716f147524d95f1c82c46eb0bf53dedba26.csv,706126,07fc50af9a2ff3c1ac6ec78a4e0f25fe5196a75299a7b2277f44cf1aa7ca742e,numeric,2044.0,Orchestra/PPF20_CE,https://api.vitaldb.net/14ac4716f147524d95f1c82c46eb0bf53dedba26
14c64a989e5cabe058ba4bc257be3931bdbeb401.csv,465556,a471c389e8bf864d2dea676cc7356ac2de40c62148405f062ce6c906009a89e7,numeric,1927.0,Orchestra/PPF20_CE,https://api.vitaldb.net/14c64a989e5cabe058ba4bc257be3931bdbeb401
14d0e0de2cea79e29dd4c4263308950d012aeb5a.csv,865490,0e6be501b14a044b14e5b4836243927dbbaf2bb9dde3fd00487e7f8941f5e246,numeric,3499.0,Orchestra/RFTN20_RATE,https://api.vitaldb.net/14d0e0de2cea79e29dd4c4263308950d012aeb5a
14f5361943ac1f6f658d7818aeb9b8e2e81c3e27.csv,210975,80c2171074d1119feff1a6d4068b197a86d266897cd45837e3b12d7e5d719f63,numeric,122.0,BIS/BIS,https://api.vitaldb.net/14f5361943ac1f6f658d7818aeb9b8e2e81c3e27
1516eb97e885b6d49fed7b17f9f48aa4ba35cb97.csv,123799,a90aedfb9979fc8030f1ba220ce632bab125a1b3d37bc59958c1d66824265e9a,numeric,6074.0,Solar8000/ART_MBP,https://api.vitaldb.net/1516eb97e885b6d49fed7b17f9f48aa4ba35cb97
151a227468456201361af9e08623bd484ecca26a.csv,813965,7bb9fded9b87c35bade658a77e75f5f376e4d69237515fcd673afbbf1f0a7f1a,numeric,5164.0,Orchestra/PPF20_CE,https://api.vitaldb.net/151a227468456201361af9e08623bd484ecca26a
15367e2f9b1b5c43239b6ec70ff4e9cffca4baec.csv,31678,874c8cadbd08857a410dfcd7f87edc2b2e354de8eb05512bd10238729b171443,numeric,4098.0,Solar8000/NIBP_MBP,https://api.vitaldb.net/15367e2f9b1b5c43239b6ec70ff4e9cffca4baec
153b8b37b18f9b5a9e1167d4938fc7b57fa1719f.csv,113747,8970e8e45c8201449f5d13738defb38b132895077bc4abcaab857caa7c327035,numeric,2280.0,Solar8000/HR,https://api.vitaldb.net/153b8b37b18f9b5a9e1167d4938fc7b57fa1719f
1554aa1e9c90ae23a6294655345817d7ff0ae62b.csv,695416,307c680b3ca164a1b1e58a7d05814a104077b2481680334f11f253153374c95b,numeric,2632.0,Orchestra/RFTN20_RATE,https://api.vitaldb.net/1554aa1e9c90ae23a6294655345817d7ff0ae62b
155fe49afc16751759cace1217c47bb96fb9a075.csv,581155,2c9c4a4da5950a8253e80a26a7124ee4eb6fc03f9a4d1d7a5323cc2cd75b8c4f,numeric,1566.0,Orchestra/PPF20_CE,https://api.vitaldb.net/155fe49afc16751759cace1217c47bb96fb9a075
1589deefcbc2ddd4bf193f4ce71b942969c5364c.csv,323087,3adeb3c67cd969f4064e7ef12ee311024a466de6013f7d57aacc5e5b75d2819a,numeric,2890.0,Orchestra/PPF20_RATE,https://api.vitaldb.net/1589deefcbc2ddd4bf193f4ce71b942969c5364c
1596d27d583fe49eaae56be73502a92aa45e79e6.csv,565686,67205e874745fd3bfff7d7ef877591fa30b7c1887f53c906dc88e745e86a03ec,numeric,2385.0,Orchestra/PPF20_CE,https://api.vitaldb.net/1596d27d583fe49eaae56be73502a92aa45e79e6
159be3142aeb941dfa7b534d54d8c722291cfd3f.csv,514003,c961c1da8bda1cfa4d6345a3025cb4eef3ea57fbfe762c74b8ed695d11c0a443,numeric,4011.0,Orchestra/RFTN20_CE,https://api.vitaldb.net/159be3142aeb941dfa7b534d54d8c722291cfd3f
15addf90d4eaa106283a67fd50deea46279eab1a.csv,729964,82fc9468936b6f090c48f046db2083b6ad6d80aac63f5117a478ae442ad1658d,numeric,5322.0,Orchestra/RFTN20_CE,https://api.vitaldb.net/15addf90d4eaa106283a67fd50deea46279eab1a
15b1a11942f0094cdcaffe6a84b7c1081b2ca28e.csv,120695,1456e9315aa6a4e7c87bd5f75866fb2cf638f5362920cd4061fa7fd81c2f6e4c,numeric,6241.0,Solar8000/HR,https://api.vitaldb.net/15b1a11942f0094cdcaffe6a84b7c1081b2ca28e
15c43d8dc02f95d93d943f8fb39afff7ba4c6ee2.csv,153032,0d11bbaeff2a4eb75c854a343fb918efed79472b1e47768f621afd966ba1743c,numeric,3857.0,BIS/BIS,https://api.vitaldb.net/15c43d8dc02f95d93d943f8fb39afff7ba4c6ee2
15dce16b06972af25c2a29efcfb65381d8c61454.csv,191456,5907d429b79ae229821f826d87064a887395635e020b8d7d80ba1870c2ac3a38,numeric,2530.0,BIS/BIS,https://api.vitaldb.net/15dce16b06972af25c2a29efcfb65381d8c61454
15eba79d294ed4e5840e889cc6bafa21a687991c.csv,398137,1fb3c957fcfc97083c5ac3689e2d645c907311da9eda4a7be6b51dff291c6bc3,numeric,5197.0,Orchestra/RFTN20_CE,https://api.vitaldb.net/15eba79d294ed4e5840e889cc6bafa21a687991c
160a2948cead61deaf66e6f0578ee3e82d508b4f.csv,579671,007ea2c8f682a98308d75dd831d24746c5970832e282f084c539dcb40388b80c,numeric,3175.0,Orchestra/RFTN20_CE,https://api.vitaldb.net/160a2948cead61deaf66e6f0578ee3e82d508b4f
160d04fedbab4ff1801adad7013199aa15bf973b.csv,599890,2e452d8a7f823f385dd52c2af5831521146ccf6f7291604f358d50d671bb8ae8,numeric,2243.0,Orchestra/RFTN20_RATE,https://api.vitaldb.net/160d04fedbab4ff1801adad7013199aa15bf973b
160f6bc4bc95f2e7f83d6b55fcf3181b61c1baa9.csv,617425,22a3b2974e5cad0d13e6ed2a8ae004860b88d0a255b1c32a485407ad58e09c8a,numeric,4202.0,Orchestra/RFTN20_CE,https://api.vitaldb.net/160f6bc4bc95f2e7f83d6b55fcf3181b61c1baa9
161aad700338f9331548fc8159fe5be2eb0b506c.csv,645016,15abaac5ead2a79231754636594d6ed7a5a6b8f5e8f434034234eb22ee1e6b4a,numeric,5202.0,Orchestra/PPF20_RATE,https://api.vitaldb.net/161aad700338f9331548fc8159fe5be2eb0b506c
161c8ded4c09a0e77a175bcdc5fe3b794b10faf8.csv,145567,e24ec32574f49158badd22ec2cc3a1b46457292447333dc040b71240bc57ed80,numeric,4277.0,BIS/BIS,https://api.vitaldb.net/161c8ded4c09a0e77a175bcdc5fe3b794b10faf8
161f6d40202a94a475616b7800821bf4a902c8b7.csv,1031712,e748b52d558d9964b5e41c4bc7040d205dd70baf4ed01c58b6da8bffa45d7d71,numeric,1648.0,Orchestra/PPF20_CE,https://api.vitaldb.net/161f6d40202a94a475616b7800821bf4a902c8b7
162046183612df64bff2a6c84457c43aa3e49104.csv,201309,6ae9effa65661040dbb27611a8de31bd10a105900ec6687017ff5eb177f140d7,numeric,4920.0,Orchestra/RFTN20_RATE,https://api.vitaldb.net/162046183612df64bff2a6c84457c43aa3e49104
1627a96c64d36b09b811b90158d4a9e357acb61f.csv,425866,92bbade3c481b1e84ae3aa37494528be76d69ca5f24caaf2719662abd18c775f,numeric,1184.0,Orchestra/RFTN20_CE,https://api.vitaldb.net/1627a96c64d36b09b811b90158d4a9e357acb61f
165a0c41e0ae3dd8c8594731e251ccddae688849.csv,591036,7523fc49fb751283770a816ff1e55db34a9bb172a9d79739dc5153dc56cae4a6,numeric,4457.0,Orchestra/PPF20_CE,https://api.vitaldb.net/165a0c41e0ae3dd8c8594731e251ccddae688849
165b392f060152f0eeae3ec1672dcc29d8985ad9.csv,46475,2430a87064df65191cb6a016877365d3886d90994c772785dbb6ae6fd7334e8b,numeric,6326.0,Solar8000/NIBP_MBP,https://api.vitaldb.net/165b392f060152f0eeae3ec1672dcc29d8985ad9
1682c898818240f3e4cc30bc464337a9273f9fa4.csv,122668,b027130d8d25309761beddbaa53fa286a8b25ad874e7dc3d5ea6768788964a23,numeric,5206.0,Orchestra/PPF20_RATE,https://api.vitaldb.net/1682c898818240f3e4cc30bc464337a9273f9fa4
169c6d4a7a22ffebb35748476c8ba1973f654b42.csv,114838,ee7a3518dce7c68abec25acf90bd102e99d578556252ab38bda73e4dbf49939a,numeric,6034.0,BIS/BIS,https://api.vitaldb.net/169c6d4a7a22ffebb35748476c8ba1973f654b42
169f4ba68741574fd2a9db78e1caf5ecda2578ff.csv,248294,91fbbd06920c51d568e5919487acb1891fa2b79136d88c4a6a0652035ee8d7bd,numeric,4390.0,Orchestra/RFTN20_CE,https://api.vitaldb.net/169f4ba68741574fd2a9db78e1caf5ecda2578ff
16a6239fce90c2708db5ff8efcbcebf4cf0f84b2.csv,496748,0279daf638a146297c622903c749672fead6cdd6a013b5781f705d2abe278b8e,numeric,1969.0,Orchestra/RFTN20_CE,https://api.vitaldb.net/16a6239fce90c2708db5ff8efcbcebf4cf0f84b2
16c3f7ae28b08d26f76c73a4e3474c4205c632ee.csv,93088,48fb698998969a175f9c8e8be2949b1235cd74305418bc38faab32cf9626c9ad,numeric,5824.0,BIS/BIS,https://api.vitaldb.net/16c3f7ae28b08d26f76c73a4e3474c4205c632ee
16e3c4deb81908bc4170bbd388d27333dda0e7f5.csv,324962,8deded566dba18316c3bfda1101d9b208b05ccd413262be9483e8f1460977b06,numeric,4870.0,Orchestra/RFTN20_RATE,https://api.vitaldb.net/16e3c4deb81908bc4170bbd388d27333dda0e7f5
16e582d22cd801dffd7f931907eb292a6b1208b2.csv,218502,3a9197529644ef371b86ddeecf75a6f2a53bce6f853ff695e3b9b46ff9cde586,numeric,6170.0,Orchestra/RFTN20_RATE,https://api.vitaldb.net/16e582d22cd801dffd7f931907eb292a6b1208b2
1702dfac0062a0a5f7811f59b54f32ed54a49a0d.csv,865560,81d5ea8ec067ec97976bde9a9ce8a9a0b82734c783970f66a4bac0757ee2c990,numeric,5314.0,Orchestra/PPF20_CE,https://api.vitaldb.net/1702dfac0062a0a5f7811f59b54f32ed54a49a0d
170d477008fa21bdaa0490a4b0f3a7856c78cb4b.csv,575100,ae8cd2836e4522255b8a50a559de0a7a5de8a8218f501aad77ebc34a4a7c7cc2,numeric,2675.0,Orchestra/RFTN20_CE,https://api.vitaldb.net/170d477008fa21bdaa0490a4b0f3a7856c78cb4b
170e4000144afbefa9bc6eba01df7300c89ea6b8.csv,326628,51773e8b178c315c41295e8c887dcec18a002b9a04e45fa660b2415fec4ecd38,numeric,4102.0,Orchestra/PPF20_CE,https://api.vitaldb.net/170e4000144afbefa9bc6eba01df7300c89ea6b8
170e56c864f6027703af8583cff40fd2557b52e0.csv,88903,628aa0dd0d14a301a1addad7e4eef1f1beadb60c8bb61a5fcc5f8452535839bd,numeric,2004.0,Solar8000/ART_MBP,https://api.vitaldb.net/170e56c864f6027703af8583cff40fd2557b52e0
17140c62cc1e28bfc785e09a9d4c8d2ba44cdf8e.csv,173815,1a3f9d0461f8792284ef18145057662179f871d3982bcafd439352a5d81a7008,numeric,1725.0,Orchestra/PPF20_RATE,https://api.vitaldb.net/17140c62cc1e28bfc785e09a9d4c8d2ba44cdf8e
1722862f3926d706b3ce88308550749faa30c9b9.csv,101394,4c72c9d2bb737dcca6176ad98bcc0ade83257f110310a5252e5ea2362cb44a74,numeric,4113.0,BIS/BIS,https://api.vitaldb.net/1722862f3926d706b3ce88308550749faa30c9b9
172a8ded82c9ad972eb2af6ed8d2d824a480359c.csv,70031,acf7e9559c515ad43cb0fcde9049e660e0ee9c4770b7a15be8e20f842e58d08e,numeric,485.0,Solar8000/ART_MBP,https://api.vitaldb.net/172a8ded82c9ad972eb2af6ed8d2d824a480359c
172cfc053b7f757f908a2b3ac0b725253bd14e0b.csv,526815,29e7a6c7778e8b9d9d533f7d0f9b3f541f6c03c8dd15a599ef446a37cd612017,numeric,6345.0,Orchestra/RFTN20_RATE,https://api.vitaldb.net/172cfc053b7f757f908a2b3ac0b725253bd14e0b
172e431d614ea1d42fc0d21296bca74739e48a79.csv,544309,52c3d691b6352e307fb0f1c8a5c998d5fc35491c7639b390a2c9b675e2ed2306,numeric,2949.0,Orchestra/PPF20_CE,https://api.vitaldb.net/172e431d614ea1d42fc0d21296bca74739e48a79
173a9b341fdcd85f1f7d10d4b6be14c30059c3cb.csv,71495,fb43bb5270d7a393a86cc29a8dd8eba8b0e448aa3fc493e8d14b3095b210c2d4,numeric,1044.0,Solar8000/ART_MBP,https://api.vitaldb.net/173a9b341fdcd85f1f7d10d4b6be14c30059c3cb
173fa22d6a4688f75816c3d296adb81c9b6782ff.csv,79656,90844c93580cc9dc021bc0b0f0a459d0dd50c711c1a33faa40f3dc0a65bd09d6,numeric,2632.0,Solar8000/ART_MBP,https://api.vitaldb.net/173fa22d6a4688f75816c3d296adb81c9b6782ff
1746c1bc095ab4c499617f713bc490a3526653a3.csv,92221,f6b11586429f9e18fa3d9b71aaddeeeafd56a28d4abeb7029eceaa1bc9bde0f9,numeric,3829.0,BIS/BIS,https://api.vitaldb.net/1746c1bc095ab4c499617f713bc490a3526653a3
175dad4436c03c908ba5f74ff2d1f6cffdf4c7e6.csv,367529,763d8ce5002f27255cc72c82afecca525980e535b76b0101e95da1239b6fbc49,numeric,4113.0,Orchestra/PPF20_CE,https://api.vitaldb.net/175dad4436c03c908ba5f74ff2d1f6cffdf4c7e6
1761d9fe5782321f642daa0ee6c4be08d0f0f747.csv,58946,d32a52f21220168eb8c6755c843b7fd74319e1a2bb21bc51fd59a0da12523312,numeric,4616.0,Solar8000/ART_MBP,https://api.vitaldb.net/1761d9fe5782321f642daa0ee6c4be08d0f0f747
176653c42670885aabbc8bbbf10e1d4e2b246ad6.csv,53717,3d3afdd5fca3f6588414ccd33d05f76b3d10d160d5c4c8c45e67206153158dab,numeric,2750.0,Solar8000/HR,https://api.vitaldb.net/176653c42670885aabbc8bbbf10e1d4e2b246ad6
1797410e97a7467f20a31cec07a10de4c6050927.csv,603185,0bcf23ccc8d67322ed1b4c3a74ef17c7e606f06d296d4d8575c4391cc393001f,numeric,5781.0,Orchestra/PPF20_CE,https://api.vitaldb.net/1797410e97a7467f20a31cec07a10de4c6050927
179da660213e03663a6e87b97137b9d550a2919e.csv,42306,6981efd35bba26c5bdc079dd349a991fc4263835cea8a8404135393f8365d143,numeric,1662.0,Solar8000/ART_MBP,https://api.vitaldb.net/179da660213e03663a6e87b97137b9d550a2919e
179de2f56c9ac4cacffcba8d7357b716d6c60745.csv,285343,c13e8255285c2a8c91d2ebc13fb067d30bee03c4e5a8611b19934833ac59a397,numeric,1933.0,Orchestra/PPF20_RATE,https://api.vitaldb.net/179de2f56c9ac4cacffcba8d7357b716d6c60745
17afa93f15343e1a8178e0b4044fe3c3ba5edf9c.csv,609770,22198db2c565705dcca492db14259ae38f234dd03dd78f1e4282b92c7790daee,numeric,4202.0,Orchestra/RFTN20_RATE,https://api.vitaldb.net/17afa93f15343e1a8178e0b4044fe3c3ba5edf9c
17d5c72107c16907e88488116fb4bcda14211f85.csv,119461,268fb5d7728115d74494bd0d6e75d0cd5d33c937d2288d0e2877f9bd3f1cfcc4,numeric,490.0,Solar8000/HR,https://api.vitaldb.net/17d5c72107c16907e88488116fb4bcda14211f85
17dc4d807cda89e93cb0276dac15a99450f2e19d.csv,177172,9f0677385a3dfd99c9a7946f7643127e556d1182a89fecbb6629a986328525b4,numeric,3166.0,BIS/BIS,https://api.vitaldb.net/17dc4d807cda89e93cb0276dac15a99450f2e19d
17e13fcc38bd343be4822e78628a2c4c426553f8.csv,60774,e25141a208190dfd1e8ea6fd616cccd9dcec67c0e5b8f3d2329b24bbbeae4104,numeric,2498.0,Solar8000/HR,https://api.vitaldb.net/17e13fcc38bd343be4822e78628a2c4c426553f8
17e945fc5c80b389592e868eb76b47013c60c25a.csv,35800,e359c6c71bfc5fa4ef1b5c2b0a30bfb47f58b704613829aa793bcd49b903c7cc,numeric,1011.0,Solar8000/NIBP_MBP,https://api.vitaldb.net/17e945fc5c80b389592e868eb76b47013c60c25a
17efcf5252e5f46b33ed2c773cce5ffa0c68ed71.csv,295630,5ce8f17e1162996afadf47ff1143513d4a2e70d78ab18532bc223507806f85e3,numeric,1034.0,Orchestra/PPF20_RATE,https://api.vitaldb.net/17efcf5252e5f46b33ed2c773cce5ffa0c68ed71
17f37986a67b10091dd7756da581c12942f29fb8.csv,83043,813d2ee18daeeb29c09e6a7fc8f5dbc8b2aa6652a6972e8f51d10ad3d81670a5,numeric,1920.0,Solar8000/ART_MBP,https://api.vitaldb.net/17f37986a67b10091dd7756da581c12942f29fb8
1804d1fa10ccbc77e8dd9e88a08192a150196e4c.csv,34751,2f1bcef1a2b29c32d90ff4013690695f91de26494483bab89a93caa5cf7c991e,numeric,5439.0,Solar8000/NIBP_MBP,https://api.vitaldb.net/1804d1fa10ccbc77e8dd9e88a08192a150196e4c
180a78ea3e67df859414e0c8325beb43251743f0.csv,511029,3121f4b504e602f06d9f61c579e7c20b2dc125140a2510548eb050ee418037c4,numeric,4913.0,Orchestra/PPF20_CE,https://api.vitaldb.net/180a78ea3e67df859414e0c8325beb43251743f0
181a83932986ebbde04511df026cd2809d664d0d.csv,318554,2baa1adfabfd1d678a9bccb08f6693247e2e28bd6c9750723164a17cae6639f7,numeric,3777.0,Orchestra/PPF20_CE,https://api.vitaldb.net/181a83932986ebbde04511df026cd2809d664d0d
181d65d157c4900d21e608873cd52fe415f34d3f.csv,184219,3a8a338d9735659379b98af93a9e33966c8deeee2255a21c63d8fcc8bbcfe0de,numeric,3988.0,BIS/BIS,https://api.vitaldb.net/181d65d157c4900d21e608873cd52fe415f34d3f
182e1f2709e3118a32e0aba0cd2fff38b03b3837.csv,35692,08199707673fa8e23cdb9fc4b37d8897d1e5ed1fe2657da633e87c6f915177f5,numeric,3829.0,Solar8000/HR,https://api.vitaldb.net/182e1f2709e3118a32e0aba0cd2fff38b03b3837
184b107860092b45837c355e929f551a28dfdb49.csv,90583,5b27a99bddc6c2dffe9cbcdeaf45f444d188e964a01a7d6f00f8b5a85c069e1b,numeric,962.0,BIS/BIS,https://api.vitaldb.net/184b107860092b45837c355e929f551a28dfdb49
1858179101e1f12370ebbe3872e4cdacd0df8d61.csv,157608,3a971c96ea2cc3b604f76cfbdde25093d35ccabc929b6548701ed0ebf71a8183,numeric,2350.0,Solar8000/NIBP_MBP,https://api.vitaldb.net/1858179101e1f12370ebbe3872e4cdacd0df8d61
185e500f878d1571fe633c2777cc3394afea8446.csv,39047,745ad1559247996e2d406591976c5542f1961aadd073f51cafa1393bf18d4302,numeric,962.0,Solar8000/NIBP_MBP,https://api.vitaldb.net/185e500f878d1571fe633c2777cc3394afea8446
18657f678b9e144c5bcc0cd3aff55704be1d7958.csv,1515036,98e016f66d8151860725a16120a2e3ebbc5d77a3a665e1541fa53d025bdb0d7e,numeric,4143.0,Orchestra/PPF20_RATE,https://api.vitaldb.net/18657f678b9e144c5bcc0cd3aff55704be1d7958
186a7a89c7de99a80cbed8e3c097efc46c4f19ac.csv,65927,c494840f03d80d3e73a10230271a8c5c0b5d66b2e2eb7ad9ce213c1239f7f2f1,numeric,205.0,Solar8000/HR,https://api.vitaldb.net/186a7a89c7de99a80cbed8e3c097efc46c4f19ac
18d888a8227d21fe408f9724500ecaad4cb61f07.csv,384249,ecea77d2c3627fe9523ad9f828b6acd5a56892b115d78e95c1d6708e1abc555b,numeric,1398.0,Orchestra/RFTN20_RATE,https://api.vitaldb.net/18d888a8227d21fe408f9724500ecaad4cb61f07
18f28212c607549dcadb42b4b4fe77ceafd0ee05.csv,697499,4901ee6c39db7ee00370444b6564bd0212f9ed3cea57d16f2e4d28ddcdb80822,numeric,4788.0,Orchestra/PPF20_CE,https://api.vitaldb.net/18f28212c607549dcadb42b4b4fe77ceafd0ee05
18f3220e77947a1f471626d31263f52402d2d2fe.csv,1461929,c6c6f4dbd75a64e1782ed9a9963b341459e5c5186a3876e8b47f5fbd5744b6da,numeric,5772.0,Orchestra/RFTN20_CE,https://api.vitaldb.net/18f3220e77947a1f471626d31263f52402d2d2fe
1903ebe2f37154aa077ec558c346d83c73c88ccd.csv,62467,2803781d0d561fc632af36b234d91d38a53fa5aa9bdec404a0ee1560fd9db688,numeric,1416.0,Solar8000/ART_MBP,https://api.vitaldb.net/1903ebe2f37154aa077ec558c346d83c73c88ccd
19198acad386ddd5a76211bb8e6d3c20710e87a0.csv,385502,c548420336d38792beab05a93d782848041628cf7af3d123ce2856137d59fd95,numeric,2909.0,Orchestra/PPF20_RATE,https://api.vitaldb.net/19198acad386ddd5a76211bb8e6d3c20710e87a0
19280a8d7b836349dda157997e5805a0a7cf332c.csv,345141,d1173f334550b3ba9949ddd72d92adba59470e14d7504accfdd446e7a0da12b9,numeric,2687.0,Orchestra/RFTN20_CE,https://api.vitaldb.net/19280a8d7b836349dda157997e5805a0a7cf332c
1948bc43fced23d3e7c7d2e5d6052ee6eba721f5.csv,967245,6c2521b1ec73d93d0d7de316fb9f166eba2fa36e8ea72446b34d09521312d356,numeric,4589.0,Orchestra/PPF20_RATE,https://api.vitaldb.net/1948bc43fced23d3e7c7d2e5d6052ee6eba721f5
194d3b3164349a59d01c8d7bc7c869061788b7e1.csv,263609,8ab3b8e18bd70961e4158c727b3a079e360113c9357c007db1a6073aefb8baf0,numeric,5390.0,Orchestra/RFTN20_RATE,https://api.vitaldb.net/194d3b3164349a59d01c8d7bc7c869061788b7e1
194fd280c1d9825a9a570dc9eb45faa84c9e57e1.csv,37268,14dc1cfcd5299530ad637bea25019ed0b35828c341d35bdfadba76265c5e22aa,numeric,4000.0,Solar8000/HR,https://api.vitaldb.net/194fd280c1d9825a9a570dc9eb45faa84c9e57e1
199618c22cc81158504c949199570d0d1bc6363f.csv,156708,89b7905625a9ef6cf10a847dd62f45d70770f3f1b5c51c722efd7c3ac80cd7b5,numeric,5263.0,Orchestra/PPF20_RATE,https://api.vitaldb.net/199618c22cc81158504c949199570d0d1bc6363f
199fb1b2178e3b36500bc6a5779dec2e68fb23c8.csv,238074,0d01026e211e17f0ad19a780a0202fed870f45eaddc3ab54b04eb41a20bec1b7,numeric,785.0,Orchestra/PPF20_RATE,https://api.vitaldb.net/199fb1b2178e3b36500bc6a5779dec2e68fb23c8
19df1b1e7f98c6cfe831775c3a6c12e70e100365.csv,176800,2d9dc7f5827e47dd3a568786019f41a4ca9184ede93b6200537ac3c1e6516997,numeric,4991.0,BIS/BIS,https://api.vitaldb.net/19df1b1e7f98c6cfe831775c3a6c12e70e100365
19eccdc03ceb64e6907159af12c8d3d3177144ed.csv,77399,4f8bf2239d66070150816b72b8815337dc98a0373a2118d8e06ec8293179bc67,numeric,3431.0,Solar8000/ART_MBP,https://api.vitaldb.net/19eccdc03ceb64e6907159af12c8d3d3177144ed
19f190ca7bb5d94809d9457a5d3b3631db085162.csv,68497,1f1276cfbc309022d6fe7eddc18a0405f2b98cadf7f517ad7eb8cc7768928081,numeric,2642.0,Solar8000/NIBP_MBP,https://api.vitaldb.net/19f190ca7bb5d94809d9457a5d3b3631db085162
19f30326276f73519bcf36b496623a30c7d3f174.csv,745952,bd076f6d4a16a535d2494922864cf3a8874bef3028b6c9aadcad3a9512619d12,numeric,2231.0,Orchestra/RFTN20_CE,https://api.vitaldb.net/19f30326276f73519bcf36b496623a30c7d3f174
1a0f792f2fae48c2690ea2af416ab7e8216f92f6.csv,145381,cd8ecb3b31f54e38c9b990ecba4be1b663f3b0712b8261fbff190c798ed3629f,numeric,2675.0,BIS/BIS,https://api.vitaldb.net/1a0f792f2fae48c2690ea2af416ab7e8216f92f6
1a1792338f8c234489039ff31022b34037123e3a.csv,77990,26725b53c7c5d860162830ffd4c410453361f3bf85fef7a7e9d1b518864aab4d,numeric,3663.0,Solar8000/HR,https://api.vitaldb.net/1a1792338f8c234489039ff31022b34037123e3a
1a1b6fe3671a4a197817e0d9375d07599f7f9e30.csv,283797,5d922da36aff068e04bbc29a766648b449610119bf479e1102689df6094c16c5,numeric,1337.0,Orchestra/RFTN20_RATE,https://api.vitaldb.net/1a1b6fe3671a4a197817e0d9375d07599f7f9e30
1a212321c67c3e963bcbd7496e72c4d9832e88c7.csv,77895,894c07c8f198ff0e3b17caf20ebba21bd5ca00b57c686f75fe95f6476101e51f,numeric,2281.0,Solar8000/HR,https://api.vitaldb.net/1a212321c67c3e963bcbd7496e72c4d9832e88c7
1a217a3dee3eb3080746aaafd1fc261a114edc7d.csv,565303,5659f4b5f5c8113d761e084f3f841f3212070f3e6da6dd471a288319f9a41abd,numeric,2675.0,Orchestra/PPF20_CE,https://api.vitaldb.net/1a217a3dee3eb3080746aaafd1fc261a114edc7d
1a22bbb252904e5b20a8feef4848618d12be2bc1.csv,601187,a8c470cb38c108cccf2f5f8efe556e9f56ac9ff9ee4129d6e195da189d2aa1fb,numeric,6324.0,Orchestra/RFTN20_CE,https://api.vitaldb.net/1a22bbb252904e5b20a8feef4848618d12be2bc1
1a22c829152fdbab35a4130d8db2d98c355972a3.csv,748397,a4e7fb0773921648b575f821735093c23e0362bfb23e6e3c9960a9c597a3c33b,numeric,5137.0,Orchestra/PPF20_CE,https://api.vitaldb.net/1a22c829152fdbab35a4130d8db2d98c355972a3
1a93571478af8c851cf2e08a8743f59e708c75eb.csv,507825,04804fb278f0a63fffa10e4da3d29cda0455a3ec1aa500e4caccbefdd2259706,numeric,3517.0,Orchestra/RFTN20_CE,https://api.vitaldb.net/1a93571478af8c851cf2e08a8743f59e708c75eb
1aace7fb897f27d30110c0708df65dc2cd46533c.csv,247104,617df2a3d8f60b1e1e7759b62fc12552f1d4ea7d27be7e125755b0d344dc1aa4,numeric,2802.0,Orchestra/PPF20_CE,https://api.vitaldb.net/1aace7fb897f27d30110c0708df65dc2cd46533c
1b031ea0ffeb9a3061c2138066ae3f0485f5ff8c.csv,46295,b05f83a5c239227596f9d65563d80866c4043a624591197a3437d05cdce13fcc,numeric,3029.0,Solar8000/HR,https://api.vitaldb.net/1b031ea0ffeb9a3061c2138066ae3f0485f5ff8c
1b62d09f80d5ca52e08ed0ab2b4bfacf7d0ce025.csv,107166,c360d9f5fef4329db9d85b41e7f733b0c00317e07a120617ea819c568eab59c7,numeric,5206.0,BIS/BIS,https://api.vitaldb.net/1b62d09f80d5ca52e08ed0ab2b4bfacf7d0ce025
1b75ad1864239d1d2337b213f976a7e146cf3b72.csv,51662,b0a1d4631c19710b531b2e38d117e3f745a0095199ec035a7556ae8e699d57d6,numeric,3691.0,Solar8000/HR,https://api.vitaldb.net/1b75ad1864239d1d2337b213f976a7e146cf3b72
1b81825533b2de3402f97ecdca9e515b2e21628f.csv,189306,c2532a23b8bd02426004361811752413e5fddc19a9295cd6167a42497b6d9c9c,numeric,1665.0,BIS/BIS,https://api.vitaldb.net/1b81825533b2de3402f97ecdca9e515b2e21628f
1b891b1969f3f7be64916bb0a7a14c0a2b94698c.csv,36505,0a50e3de77d8b2c3e1706384cdabcb0e52fb4c6408b4e33f25d928542f038753,numeric,5206.0,Solar8000/HR,https://api.vitaldb.net/1b891b1969f3f7be64916bb0a7a14c0a2b94698c
1b952b360d37a545ee14caaa0fcc551624aa65d0.csv,729656,a316e6e61d28d37b42c5b1806371365141593147d98a1a5e57e7642f10cdaa3f,numeric,3663.0,Orchestra/RFTN20_CE,https://api.vitaldb.net/1b952b360d37a545ee14caaa0fcc551624aa65d0
1bc71b9e0a9473e9a9e41f955cd8439afc86b78b.csv,71956,5bfcdf639785f71c64ab68d0952ce6af34fffce3de4282626300ce13cd9b0cf4,numeric,3873.0,Solar8000/HR,https://api.vitaldb.net/1bc71b9e0a9473e9a9e41f955cd8439afc86b78b
1bcecc75cc66eeca6f1acd528d06453ab35f5dae.csv,244427,de9d9f1ceaa78107498a2f1abbc8486d37f29b028987a7d71425059b849b75ab,numeric,350.0,Orchestra/PPF20_CE,https://api.vitaldb.net/1bcecc75cc66eeca6f1acd528d06453ab35f5dae
1bd5bbed1b3244e31e14b3974c6e9b96cddda68a.csv,229991,7919afd2ede6fb615c0a661c3a5fb9864d25c6233c454d29ada6155e60dd4066,numeric,4998.0,Orchestra/PPF20_RATE,https://api.vitaldb.net/1bd5bbed1b3244e31e14b3974c6e9b96cddda68a
1bdc0ec2affe8cedb2c72c441c910f362b3a6c84.csv,187812,279d796a00da244cd004fd9da7793b912a5e8556f2e55a3fbebbee3a88f68f87,numeric,5301.0,BIS/BIS,https://api.vitaldb.net/1bdc0ec2affe8cedb2c72c441c910f362b3a6c84
1c124dea493cb544afa91e06f013d6b68f9f51a4.csv,1032135,30c3344b01b5fc59c01854a37d77b6b64a60c67c469a8df7021f48a67cf5bccf,numeric,4258.0,Orchestra/PPF20_RATE,https://api.vitaldb.net/1c124dea493cb544afa91e06f013d6b68f9f51a4
1c37b11e776afc1906f7e2b5ba92e1a6144e56db.csv,356155,024a8a536554df317d6bc1ab6fe423e82fb1e93efeca2431d8f024fed263df35,numeric,5867.0,Orchestra/RFTN20_CE,https://api.vitaldb.net/1c37b11e776afc1906f7e2b5ba92e1a6144e56db
1c4a24e65418b3122299a0e02cb55f0ac62eb045.csv,20482,d8f73ef207629f0b3c423fc2049e0eab6e9c23b3a5db88bbc14cf08201d8eea0,numeric,4998.0,Solar8000/NIBP_MBP,https://api.vitaldb.net/1c4a24e65418b3122299a0e02cb55f0ac62eb045
1c515d5d6069db711dde45b8b1eb41a9c7a8f284.csv,73302,a0516da0d54ea6f27db8169db248db6f52a88f9866a14bf78b1fa89bac062dfa,numeric,4133.0,Solar8000/ART_MBP,https://api.vitaldb.net/1c515d5d6069db711dde45b8b1eb41a9c7a8f284
1c79311c8cbc63aed10418cc02e860772fef8dbc.csv,388723,a5a14d6f7d99f6b776e4ae42c8e53435bc28c06eb2c61e5494b6f755c315211d,numeric,4948.0,Orchestra/PPF20_CE,https://api.vitaldb.net/1c79311c8cbc63aed10418cc02e860772fef8dbc
1c79ad28e67312c9b38ed533025afdef402b4a45.csv,58036,31e64fc73b1158491454edebb6531da6b21e95736e03e26f35bc8a20099a4884,numeric,624.0,Solar8000/HR,https://api.vitaldb.net/1c79ad28e67312c9b38ed533025afdef402b4a45
1c7fa2e790937537b8d247ff72c3805b023d39f9.csv,353414,47eab7a86c0ca0852a03693db084256ff965ae61bd06cb5e18943de9c917c6a9,numeric,2488.0,Orchestra/RFTN20_CE,https://api.vitaldb.net/1c7fa2e790937537b8d247ff72c3805b023d39f9
1c8dfc57788d8ca98207a8cee3fcbc9ab03187f8.csv,628346,0f0593ddbcb51fa57496548e94c56b7a8098d5b95c96f6814cf56b98c0767719,numeric,5798.0,Orchestra/RFTN20_CE,https://api.vitaldb.net/1c8dfc57788d8ca98207a8cee3fcbc9ab03187f8
1cc0750a286938c75bf9fc473972319561bddcac.csv,193551,6fe93deafa2922f7852dee76fcb696899a8204f2eb414d1ad3f5e151d4535541,numeric,4788.0,BIS/BIS,https://api.vitaldb.net/1cc0750a286938c75bf9fc473972319561bddcac
1ce7c4192a980a3ba61374d49fd2fa3ab2f15b77.csv,417584,1dc2da7bbbea367261ea2cc12f5665dcbee00ba0ecd38ee3c51eea97ab6adca2,numeric,6034.0,Orchestra/RFTN20_RATE,https://api.vitaldb.net/1ce7c4192a980a3ba61374d49fd2fa3ab2f15b77
1cec0ec3ddf55fb60ced3b57155d1590f9bdcf87.csv,40492,2b6b5633e7cdd4a215a10c8a84aba89cddf1190a99e3a3aa18200d6b7a69c120,numeric,2189.0,Solar8000/HR,https://api.vitaldb.net/1cec0ec3ddf55fb60ced3b57155d1590f9bdcf87
1d00320fea1496d5a314c8ef6b1a3471249ddd9d.csv,459283,b4b704cc6fe95d2e56602f21eef25af5ad5c7ff0227488508efb0c061916a79c,numeric,5948.0,Orchestra/PPF20_CE,https://api.vitaldb.net/1d00320fea1496d5a314c8ef6b1a3471249ddd9d
1d0709aa304b88f145fe4f6073d14831e9a90c77.csv,43558,511d6c960a755a56bc2919f770ab18549d0db87db91fe2ed3ad2066015d368d5,numeric,3170.0,Solar8000/HR,https://api.vitaldb.net/1d0709aa304b88f145fe4f6073d14831e9a90c77
1d0853acef23fd735f045784c77930170a7d88df.csv,84594,7d506c2117cefa71f001e574d7c3fd9158bbb40bfa4ce6cb8250f10bdfe40db8,numeric,5344.0,Solar8000/HR,https://api.vitaldb.net/1d0853acef23fd735f045784c77930170a7d88df
1d1404bcfe022ec97ca6a43ac9738febc25b8a9f.csv,334627,924913893afbc2b66875d7b8922fa7070a4685b9014857d7194c7f1d66b07239,numeric,4701.0,Orchestra/PPF20_RATE,https://api.vitaldb.net/1d1404bcfe022ec97ca6a43ac9738febc25b8a9f
1d1c0c91852f194b5a1e3c8df875aa175b282ae4.csv,624020,13a00de61faf9abc4ca54f07d42d5b48a30ac37a87a7c208fc4360142457870d,numeric,4769.0,Orchestra/RFTN20_RATE,https://api.vitaldb.net/1d1c0c91852f194b5a1e3c8df875aa175b282ae4
1d4afcba1e3696670069bb40eb0d601e73ad1d4d.csv,55737,3f3dfb6571ff050836bc5c920b4cef5928d36d4f6c1094fe14223590e8dc224f,numeric,5669.0,Solar8000/HR,https://api.vitaldb.net/1d4afcba1e3696670069bb40eb0d601e73ad1d4d
1d98f0219d5be15c5cf08c2f2d2a3239f05ca9e4.csv,357258,4039203d2f37a9d036e8dc4b4a4b95599a7106e0a5484798859fecf72a6b0169,numeric,4143.0,BIS/BIS,https://api.vitaldb.net/1d98f0219d5be15c5cf08c2f2d2a3239f05ca9e4
1db5ddd7e758ec29b10ce03f63694bb6b7a7b00c.csv,87568,5b0e4aa3007c276d7efec228849ac3d8659299f54e70ca56d0d218f9f4e0bb5b,numeric,122.0,Solar8000/NIBP_MBP,https://api.vitaldb.net/1db5ddd7e758ec29b10ce03f63694bb6b7a7b00c
1dc0468d079da06ceba949a41b0d0b808c78d1b2.csv,366392,e2decc5cf1422f7bcb01b3b12b8dda22c0ab9d45f20c8254439da767025c9931,numeric,2678.0,Orchestra/PPF20_RATE,https://api.vitaldb.net/1dc0468d079da06ceba949a41b0d0b808c78d1b2
1dd186d5a78bc4ad99628fb06866afc91fd20986.csv,384995,f62e8f19e2a64ec1168e5ffc512964355a9a3fa04ff21caf8519b20e2113e5f1,numeric,37.0,Orchestra/PPF20_CE,https://api.vitaldb.net/1dd186d5a78bc4ad99628fb06866afc91fd20986
1df7da4fbc5a442a92931b0309f8b1c382c06fff.csv,905971,1974174ff3c4276a7feca717eb06f1a3d1c7683c6deaf53cd72b856b542addd1,numeric,1820.0,Orchestra/PPF20_CE,https://api.vitaldb.net/1df7da4fbc5a442a92931b0309f8b1c382c06fff
1df970a5c72d136c53a2129e20e0006ba5f47db1.csv,65248,bf583fe95faa7fe9c8a87978d74d8933500e03e1dcfbec1d350c3d4a72076d4b,numeric,5155.0,Solar8000/HR,https://api.vitaldb.net/1df970a5c72d136c53a2129e20e0006ba5f47db1
1e088dd8dcaa19883af6d06a18e7b8adb9e8f59b.csv,59690,0f633a4460b177791089165a62673782d13b9d063101782b12ab03a7288414aa,numeric,2498.0,Solar8000/ART_MBP,https://api.vitaldb.net/1e088dd8dcaa19883af6d06a18e7b8adb9e8f59b
1e108b385d096663e07f60ebe17ebfcaa8ad9a9f.csv,612330,71a1ab0e8419d33c656af674efa26cadf73924400060d23812d75d97d570b66c,numeric,2949.0,Orchestra/PPF20_RATE,https://api.vitaldb.net/1e108b385d096663e07f60ebe17ebfcaa8ad9a9f
1e24cd2a40c2510e33eff2f9cc78e798933160a9.csv,1083068,d97d3ef9db8a44f172bf3f891d5730e887cfdaec10a62ce076c17315bdb0880f,numeric,5070.0,Orchestra/PPF20_RATE,https://api.vitaldb.net/1e24cd2a40c2510e33eff2f9cc78e798933160a9
1e528c2e038e2cea3c8562bd720a4b274630856b.csv,45686,46bf87aba222ccfb5349990168ede43109b998cab4a822cfce842265c59af62b,numeric,2311.0,Solar8000/NIBP_MBP,https://api.vitaldb.net/1e528c2e038e2cea3c8562bd720a4b274630856b
1e6c1f139fa2455e98ee60ee5e73e8af58c20dc8.csv,393312,ba0870c0d96e5a61cc359f9fa29fcafd6701692ba8984cce9d87c2495be81e4a,numeric,3029.0,Orchestra/RFTN20_CE,https://api.vitaldb.net/1e6c1f139fa2455e98ee60ee5e73e8af58c20dc8
1e95c5aeaf6d448a8415b0c9a6794f52e4c1c1b2.csv,1164660,241281f625e8f5c2f265404e811f63d997163146402fa687d1334555777bb2db,numeric,5618.0,Orchestra/PPF20_CE,https://api.vitaldb.net/1e95c5aeaf6d448a8415b0c9a6794f52e4c1c1b2
1ea0c07600d8cd3f0906404410d3bb0593c1c5f8.csv,964070,8a092318a01557f30cb0e4b389348c8201532e94ccd020a50302661177633b95,numeric,6296.0,Orchestra/PPF20_RATE,https://api.vitaldb.net/1ea0c07600d8cd3f0906404410d3bb0593c1c5f8
1ea7184dd4a8b8e4c1409777070b843785eece50.csv,79338,94cdb6ddb7d0267dc0ee3f383eefd58aa33f60b221d19b91a6b8f7996378bd5b,numeric,5301.0,Solar8000/HR,https://api.vitaldb.net/1ea7184dd4a8b8e4c1409777070b843785eece50
1eb5513b9a5d385b25a3ef21b729d29effb0350b.csv,170251,aa0806fb97262f5498db83d50e259464cf1902bab346b86ff1c361a22d3cec32,numeric,5360.0,Solar8000/HR,https://api.vitaldb.net/1eb5513b9a5d385b25a3ef21b729d29effb0350b
1ede5915e2535465358f39c60f12c66342d5c394.csv,118741,7f6390fc968665f2fa00aaa549105e04607d9ec8bf50dfc2cccd6e57e71013b4,numeric,4966.0,Solar8000/HR,https://api.vitaldb.net/1ede5915e2535465358f39c60f12c66342d5c394
1ee05aa53e98f3fbfe00e4cf4ffa05ec21e116b6.csv,444765,dec46605a818f93240ee019f9159ee06cf0fe5cf03f1e9fd718179094f6810dd,numeric,2863.0,Orchestra/PPF20_RATE,https://api.vitaldb.net/1ee05aa53e98f3fbfe00e4cf4ffa05ec21e116b6
1f13c262719341c545ec38de4098a5b0b9e51144.csv,56224,6545bd6030dd577ca81752ac6ec4c6f27ef1d76b9f5fa3234ed4fb2e87b60c84,numeric,13.0,Solar8000/ART_MBP,https://api.vitaldb.net/1f13c262719341c545ec38de4098a5b0b9e51144
1f18414cf868e412030c15174c32582097acf3ea.csv,628957,80137322d20770463c75c98afdd793d55964637f04163db8e70691e7ebab65ef,numeric,2243.0,Orchestra/PPF20_CE,https://api.vitaldb.net/1f18414cf868e412030c15174c32582097acf3ea
1f238a5da63457a201f6b9b5b1e180e03e661256.csv,101288,9d5310ad57b456338b7fb616d447e0a791bea3f31341d073b2d46fe7bbc0c626,numeric,83.0,Solar8000/HR,https://api.vitaldb.net/1f238a5da63457a201f6b9b5b1e180e03e661256
1f23b1ed98670dbc4ad611200db42db8a0b73bf9.csv,54079,e2d1562a47bb6b78d9da5c55c383cc03352aface0ad6c954b4c371c9a17a4717,numeric,5263.0,Solar8000/NIBP_MBP,https://api.vitaldb.net/1f23b1ed98670dbc4ad611200db42db8a0b73bf9
1f474d1634034c42b62d7bfe6c4dbeb05de1363a.csv,280927,9e32870906af94f7ef31e1f37d7d2647db65748b04748f48f4aa6c45faa62c8e,numeric,6040.0,BIS/BIS,https://api.vitaldb.net/1f474d1634034c42b62d7bfe6c4dbeb05de1363a
1f513a3fad4430bc1d090104355cf8dbe5e2e51c.csv,70827,f19305d3648a71f641d47450f768c20971c65768010801c955a2cd2b4b0a4d0a,numeric,505.0,Solar8000/HR,https://api.vitaldb.net/1f513a3fad4430bc1d090104355cf8dbe5e2e51c
1f6d80fee5f8c0f214bf208c6292535ead8d184f.csv,599100,9974e98aabfabe172529a984aca0659c7b2d62b30c4e2351692b54307863988c,numeric,998.0,Orchestra/RFTN20_VOL,https://api.vitaldb.net/1f6d80fee5f8c0f214bf208c6292535ead8d184f
1f7c65689f596654b6c38de88cfe7804f8b04e2b.csv,44947,5240f7101dd6e171e5ad2d53ab5abf3f57da3a0045d2c9d9a1b0d233a4bb0c59,numeric,5949.0,Solar8000/HR,https://api.vitaldb.net/1f7c65689f596654b6c38de88cfe7804f8b04e2b
1fa9fc9facdb780339888154960113e6eef4925c.csv,45499,bffc94ae4e137c6914b54d94e5eac8a26fd7ea0d7dd3eb47e008b209237362d1,numeric,6107.0,Solar8000/NIBP_MBP,https://api.vitaldb.net/1fa9fc9facdb780339888154960113e6eef4925c
1fba958a8047a84699942e15b68b112dbcf7d5f9.csv,318132,540d4c89104f46b28e62c78994de89a782aa92a1e964b11e6204737a255a47f3,numeric,4330.0,Orchestra/RFTN20_VOL,https://api.vitaldb.net/1fba958a8047a84699942e15b68b112dbcf7d5f9
1fd510074d68b6c5f878539b4aaa5e9dcdd54214.csv,1171856,631739d6ccc38287aa266e10e57119a263342a11cf2920d9ba2b29700ea0ee1f,numeric,4757.0,Orchestra/RFTN20_CE,https://api.vitaldb.net/1fd510074d68b6c5f878539b4aaa5e9dcdd54214
1ff15c09999c43ffa13e5a487cd8d4394ee6ba01.csv,93277,ce14475dca62af74a7522c47fa916438d87a476d49ae6936db774c80420a9996,numeric,5966.0,Solar8000/ART_MBP,https://api.vitaldb.net/1ff15c09999c43ffa13e5a487cd8d4394ee6ba01
200ac0393bbc593d705d60c8009bbe0c51fe8607.csv,310944,d43b5907f60c737acb413603653151a4131549902a59bfce66e27cde83684843,numeric,2488.0,Orchestra/RFTN20_RATE,https://api.vitaldb.net/200ac0393bbc593d705d60c8009bbe0c51fe8607
202f963ecca4685f7daa6a9daea2369a1ea0e6c1.csv,464600,8cfa7d3f3110ca0d7ca8796560de8827c2c1e98529c5e61de23cef1ba4729403,numeric,5680.0,Orchestra/PPF20_RATE,https://api.vitaldb.net/202f963ecca4685f7daa6a9daea2369a1ea0e6c1
203e04d37c72bf83fe128df927657888b1746feb.csv,184344,c6e72f941b30956fd2f1b41d59ea3521622baa5d4a236224f3415386bf5d2453,numeric,5308.0,BIS/BIS,https://api.vitaldb.net/203e04d37c72bf83fe128df927657888b1746feb
205ff63a48e59e499fb1902f8760d976a950b57e.csv,298137,2c37c5e20dcba34ff9aea294dfc3a267570e05e672764188151e13b3be43ee47,numeric,1933.0,Orchestra/RFTN20_CE,https://api.vitaldb.net/205ff63a48e59e499fb1902f8760d976a950b57e
207afd52c6ee1fa13cf0bf6b190534f30c23e1c2.csv,358923,f8b45fe6abf9fc2e1991e8218d40ebd28ce1bc1a0c40813f4d720692aa75db57,numeric,416.0,Orchestra/PPF20_CE,https://api.vitaldb.net/207afd52c6ee1fa13cf0bf6b190534f30c23e1c2
207de66999f26ef391179054520ed4104d37e3ef.csv,473333,9a6ce4eec7ece6edbdfd6b0ff9d19de9246ec50cd3cc570cc9e39f57091f6880,numeric,4020.0,Orchestra/PPF20_CE,https://api.vitaldb.net/207de66999f26ef391179054520ed4104d37e3ef
209ba068119bbba88122ce6a6e296f2151c29062.csv,187611,352955a4db254f1659b153d52152fd8317fa00da98a7b88d2d18c69237f3b255,numeric,6170.0,BIS/BIS,https://api.vitaldb.net/209ba068119bbba88122ce6a6e296f2151c29062
20b6d50dae61e248810e3b988afd25711b336922.csv,389558,8875cfaf99a4998288ccb105103bff29c6a17ff98f179b05760e7c509e1bb79b,numeric,3874.0,Orchestra/PPF20_CE,https://api.vitaldb.net/20b6d50dae61e248810e3b988afd25711b336922
20b9ab24ace4eba30b6483b4bbdccbfc44d6d2c6.csv,749170,24fb273e56f45a5b9a27e6332af0eb5f20cf685fe9d4101fa679e7d8aa0efb1f,numeric,5109.0,Orchestra/RFTN20_RATE,https://api.vitaldb.net/20b9ab24ace4eba30b6483b4bbdccbfc44d6d2c6
20c0ad98e0b3dcdb87be6c1da5c6b25e492da5a6.csv,448730,896198c4034b66e4322224e80cfce10fcda824e8fdb95eecba1cdacf27b82238,numeric,1416.0,Orchestra/RFTN20_CE,https://api.vitaldb.net/20c0ad98e0b3dcdb87be6c1da5c6b25e492da5a6
20daa313d94989ff000d0b28e13fbf968d68d2ff.csv,100754,2fe5e78632b15d182202526c84cc880b2844945b7ed3112ac3a4adbf3d1391da,numeric,3499.0,Solar8000/HR,https://api.vitaldb.net/20daa313d94989ff000d0b28e13fbf968d68d2ff
21169ca9d3f15756d432895c7ab8a2ba537ee4a5.csv,878940,d415f9647456c5dd95c50e5fb1d76b72a917fab64d8a9a2341141fb87ee7333f,numeric,5314.0,Orchestra/PPF20_RATE,https://api.vitaldb.net/21169ca9d3f15756d432895c7ab8a2ba537ee4a5
213451af3b9f699877915614492a19ff32e58e7c.csv,36201,ce294ca0a1827a2db49bf286ccbd9148a256b28cf36a862c25096dcfb5d5c17b,numeric,1034.0,Solar8000/HR,https://api.vitaldb.net/213451af3b9f699877915614492a19ff32e58e7c
213ae63ee2ee1c8b80cdb7840a9a934760ebae18.csv,587768,e56d750a47ceb4cd56a055dc4a812e8d8299b6845c7a1019cce00f64a72b9f8f,numeric,1089.0,Orchestra/PPF20_RATE,https://api.vitaldb.net/213ae63ee2ee1c8b80cdb7840a9a934760ebae18
214a7270d7d398bf808a374b5b443fe8f789179e.csv,351655,c3230f4b141ff5cb59cfab4a82156ed8a79d5650604811c5e0e4661e82488513,numeric,4186.0,Orchestra/RFTN20_CE,https://api.vitaldb.net/214a7270d7d398bf808a374b5b443fe8f789179e
219fe4a05d88bda62073ff5985f87b08e1ab4303.csv,347071,3ce63a40396627f6030b9475ba21c26324af17a27cf115ac3a46e4925fb7142b,numeric,5662.0,Orchestra/PPF20_CE,https://api.vitaldb.net/219fe4a05d88bda62073ff5985f87b08e1ab4303
21a0b66a78287a67865ec494e334b83501ed91de.csv,246039,acdc989312fb0a234ac32c1cd6367b7998f9ac31475d57fe08f3bad3fd61d45a,numeric,2802.0,Orchestra/PPF20_RATE,https://api.vitaldb.net/21a0b66a78287a67865ec494e334b83501ed91de
21c5be81f3fa1e745cc57e8c23ff32f0a59bcf14.csv,56899,02ded9aab1b3889c5216f457f9bf2bf3d2ee9f80fa5a1b84c0cdb3b82b783460,numeric,4122.0,Solar8000/HR,https://api.vitaldb.net/21c5be81f3fa1e745cc57e8c23ff32f0a59bcf14
21ce54ac7169952552cffb644a73ae77aaf16e3f.csv,13046,0b688c4e1cb43d098e07962c0b123efb179e98cf87852038b2c2e85013705f97,numeric,4000.0,Solar8000/NIBP_MBP,https://api.vitaldb.net/21ce54ac7169952552cffb644a73ae77aaf16e3f
21d6c02d8f6b8f0f126b7f9e7f3d8b16568d7e16.csv,85667,fe9048ab2332fa96758953a9b872916fb6cedb2019469b37e25f8ade55da6f06,numeric,1193.0,Solar8000/HR,https://api.vitaldb.net/21d6c02d8f6b8f0f126b7f9e7f3d8b16568d7e16
21e4b447b035200e84105c2b34558475ded308b1.csv,868396,e9be7d7790ae5c515cf9febfbe9c711bd02d9f8805366b76bbc2f89429249aeb,numeric,3846.0,Orchestra/PPF20_CE,https://api.vitaldb.net/21e4b447b035200e84105c2b34558475ded308b1
21e674d30da619af9e4b3f7570f3413a22c72c60.csv,220836,693366cb39a8d29b397741d71ddb03aa0c3525b42d61e7ac4ee0273f9b7f748e,numeric,5966.0,BIS/BIS,https://api.vitaldb.net/21e674d30da619af9e4b3f7570f3413a22c72c60
21f9563ab4ab35aa559cf0098e7f35bfa3f4f270.csv,564067,37bd39d1176333567b4e5fcf361f7ced4666e9065baf3ff62c218cefd619fd9b,numeric,2353.0,Orchestra/PPF20_RATE,https://api.vitaldb.net/21f9563ab4ab35aa559cf0098e7f35bfa3f4f270
220d23872fcbf006292abda3c2cb651f961c4e70.csv,71939,3d810d67c46d43aa6b4ba3613e9f23aab4b36f714eecba21dcb42b10c537aab6,numeric,1044.0,Solar8000/HR,https://api.vitaldb.net/220d23872fcbf006292abda3c2cb651f961c4e70
2214709c770fe630763a867931eb8ce3441f186b.csv,86698,f74b94f874feb9b089613f5b69f75760b223cfde0dd9cff935c283f7fae9f003,numeric,405.0,BIS/BIS,https://api.vitaldb.net/2214709c770fe630763a867931eb8ce3441f186b
2218c42a5f89af58c11e2a571fd259c7c189fdb8.csv,66206,662fc3a93cce798450e3a107c1c98d9c4047298c3758b2b66ac4da1e5a34038b,numeric,1160.0,Solar8000/ART_MBP,https://api.vitaldb.net/2218c42a5f89af58c11e2a571fd259c7c189fdb8
221f286f01e83467e6b528e1abb7cce4cd59ec89.csv,138074,23b384daf4629a419dc0808c6f7a77f7fdec701f947e6649b44b6534c90825a6,numeric,5675.0,BIS/BIS,https://api.vitaldb.net/221f286f01e83467e6b528e1abb7cce4cd59ec89
222da942d23b3bbfe5f620f6ea1032b921b19d92.csv,767611,74f0782fd8638c62bef0ce475082a756d4b835519708deed3f08e140284c2d31,numeric,5344.0,Orchestra/RFTN20_CE,https://api.vitaldb.net/222da942d23b3bbfe5f620f6ea1032b921b19d92
22624e94a70aa10d954b22d1d3f3a93935807556.csv,104572,52451e8a0ed9bc040459a2304caaa6a207b0b8f51426e4ed1d21b5eff50735b8,numeric,3805.0,Solar8000/HR,https://api.vitaldb.net/22624e94a70aa10d954b22d1d3f3a93935807556
228ce993e442b69ecfc956401017b866119b93eb.csv,978980,a7e35413fde0ab22cdc1a3e47a61752cf2c00e168c6afd08fef903bbb394a625,numeric,3629.0,Orchestra/PPF20_RATE,https://api.vitaldb.net/228ce993e442b69ecfc956401017b866119b93eb
22a3fe031a559d7916b67fc821c2ba2636700ce6.csv,287069,4821821a61b32bfe1233de9e17640935dd98d0fd9785a50589980a4d34905bf5,numeric,3670.0,Orchestra/RFTN20_CE,https://api.vitaldb.net/22a3fe031a559d7916b67fc821c2ba2636700ce6
22c30daaf438959b24a212cefbb150cf92ca6ab5.csv,161474,3bd58b11ae7f46f3613082c2a1c4639b41d4ea9fc3ad8c1dec533663f7a3e7d5,numeric,5693.0,Solar8000/HR,https://api.vitaldb.net/22c30daaf438959b24a212cefbb150cf92ca6ab5
22ca129d44aa3b4e94e4e6197fe4e31c3d13c57a.csv,43932,4bb5a10dbdddf34d8b8aea3581125955a90745909e88e2f1a5555fcef1070781,numeric,3343.0,Solar8000/HR,https://api.vitaldb.net/22ca129d44aa3b4e94e4e6197fe4e31c3d13c57a
22f2e1e3cb6d3b55e00d5499b751f7875898216b.csv,1006563,956bf65e6fe60b86dbe5751c9b9b6405b132e58235f232e9d4ea7d305fe8cb0b,numeric,3074.0,Orchestra/PPF20_RATE,https://api.vitaldb.net/22f2e1e3cb6d3b55e00d5499b751f7875898216b
230036b4fc6b1ce5131e49e0d902291a27877151.csv,67991,4a5dd19e6088d489c5223751edf7bc8dfdcbc9f10b93ee24c49dc2eccc948908,numeric,3857.0,Solar8000/ART_MBP,https://api.vitaldb.net/230036b4fc6b1ce5131e49e0d902291a27877151
2326c7cf1cdf93ac4937600389ca1d59ccc150c8.csv,44201,c9f85121fbd1372050be603a3ae31e615ec153ff85165f9f30d8db0ba7f5f6ad,numeric,2503.0,Solar8000/HR,https://api.vitaldb.net/2326c7cf1cdf93ac4937600389ca1d59ccc150c8
232f185251367de00b8681a1b54b82113044ee05.csv,93624,090457a13f046dc966cf56ef6e9c4c887198bf06b2c6dc77692a7ff4ef62b51c,numeric,6024.0,Solar8000/NIBP_MBP,https://api.vitaldb.net/232f185251367de00b8681a1b54b82113044ee05
233fa0e87b65ca7b3d9095f43dc1f41a26ef1c1c.csv,464262,c4dcdb8c27a2dacddefb999b95555c89a44113e09d469985514dbe6dae86e1a7,numeric,1408.0,Orchestra/PPF20_CE,https://api.vitaldb.net/233fa0e87b65ca7b3d9095f43dc1f41a26ef1c1c
239acc0bf8b259c67b8f38c1c5f7127e2eb134ba.csv,296873,151d371d37499e0efab8fa36580e8971466ea61b52395f5591227f61180e8aaf,numeric,3093.0,BIS/BIS,https://api.vitaldb.net/239acc0bf8b259c67b8f38c1c5f7127e2eb134ba
23cb95e04e4ca93f10608ba37603fbee32c9bd35.csv,47825,555c9304cf6772ac960b49cf2ea857ef264f5c73e13c4fc446c3ecbb773896cf,numeric,3935.0,Solar8000/HR,https://api.vitaldb.net/23cb95e04e4ca93f10608ba37603fbee32c9bd35
23e8a1ba6af1708462eab2fbd0547be94bd07823.csv,603949,f7d4c8c114a7e4c966b65a54fc7fcd611a20bd87e7aa7957bf04f987d6bb568b,numeric,3972.0,Orchestra/RFTN20_RATE,https://api.vitaldb.net/23e8a1ba6af1708462eab2fbd0547be94bd07823
2407dd036ed9aee63cd0fa00dab8a5497c6b02f6.csv,66562,9f9133a24e950844b384999719d7fb1afe40055361b798c79e39ed32b335f212,numeric,2385.0,Solar8000/HR,https://api.vitaldb.net/2407dd036ed9aee63cd0fa00dab8a5497c6b02f6
2418e6c3a742cdc3b5b963bd9d4b68f44f406c50.csv,559705,e875bf914cc4f722b76c608eadef8cce3d60c4d4ddf57d55c5dc0361b82183d1,numeric,5751.0,Orchestra/PPF20_RATE,https://api.vitaldb.net/2418e6c3a742cdc3b5b963bd9d4b68f44f406c50
24248ed79d0470cd735d812b65cea0aa2bc40ee8.csv,91736,78f26d380f6d2883d580bbe1edc20deb2605dc0a16d68520b6e9b8894faa05c9,numeric,3407.0,BIS/BIS,https://api.vitaldb.net/24248ed79d0470cd735d812b65cea0aa2bc40ee8
243545b215f01f97a68e3944817f47f9545d67cb.csv,61225,8111089b61176de3798b3a042d13def916b638f20021fc8a4da96d57a365c6f3,numeric,5189.0,Solar8000/NIBP_MBP,https://api.vitaldb.net/243545b215f01f97a68e3944817f47f9545d67cb
245295115c833089ed598f78bf8a2543afed3f47.csv,607360,0e7bf09fd5f7eba260853f99b6729c8cb08366e75c344874ceab6d9489d4509a,numeric,2380.0,Orchestra/RFTN20_RATE,https://api.vitaldb.net/245295115c833089ed598f78bf8a2543afed3f47
2484e1f2f8fde21272048784d972309c221cf14c.csv,77246,d24c360cefe0adecdf8dc273f4a1e17a0a7574b3ebd09f163e48dd32c8a65020,numeric,1240.0,Solar8000/ART_MBP,https://api.vitaldb.net/2484e1f2f8fde21272048784d972309c221cf14c
248709b36e86c3fd3195c7bae5c17d4f2a03ebd5.csv,57059,2b4aaceb57035d8e6b504439acea49fa025387e4d835b349dbc97f0bd529b012,numeric,5948.0,Solar8000/HR,https://api.vitaldb.net/248709b36e86c3fd3195c7bae5c17d4f2a03ebd5
24a34043b507efd07919b117cf0aa80cbfb5ed66.csv,1454899,93e14e1b9c3bb1f87e38c8c24c7b7c677f4817f97b1f48b960bea17bbec1645f,numeric,5772.0,Orchestra/RFTN20_RATE,https://api.vitaldb.net/24a34043b507efd07919b117cf0aa80cbfb5ed66
24b9e16ba5214e9b03c808d65e108fdde7da78e7.csv,105010,4238697fc58aab1ee26b9a24348b448186007608b9a29d6866d114c1cde71ce5,numeric,405.0,Orchestra/PPF20_RATE,https://api.vitaldb.net/24b9e16ba5214e9b03c808d65e108fdde7da78e7
24c2cd91e6f42c3dcd6b1d04189865cdb1c8cff9.csv,94046,37dba76bc121f1cb1f45d65a27d346d3907b0528091b77caa710abe1954db804,numeric,4383.0,Solar8000/ART_MBP,https://api.vitaldb.net/24c2cd91e6f42c3dcd6b1d04189865cdb1c8cff9
24c9fad4e378fd36797201a5f8ce853dadb62214.csv,137543,b946e50ae4af43d51722505b770e9a5b4fb3983155a195680e397b2f2f7b2dbf,numeric,1730.0,Solar8000/HR,https://api.vitaldb.net/24c9fad4e378fd36797201a5f8ce853dadb62214
24f67e5b6aea479b150f697cb2d700b46bd9ece0.csv,94963,799a298f98af1041c473e46e50dc71f8e082058d6c1b76cdbbd13043077b1baf,numeric,708.0,Solar8000/HR,https://api.vitaldb.net/24f67e5b6aea479b150f697cb2d700b46bd9ece0
24f93a2ba26b9e2a1127f9a8ddc64031dd0cf15e.csv,673513,dd4d067a9fdb725be898a1478820b4ed0d9e7c9e323fd37a2ad5633e8895e7e1,numeric,1444.0,Orchestra/RFTN20_RATE,https://api.vitaldb.net/24f93a2ba26b9e2a1127f9a8ddc64031dd0cf15e
2501adf8912aa9df908eb1325aa4db062fba4b96.csv,302508,e540d300bd91a23b09e95d46807881d2a4d941cd87873d341720c18eb675927b,numeric,2794.0,Orchestra/RFTN20_RATE,https://api.vitaldb.net/2501adf8912aa9df908eb1325aa4db062fba4b96
250d6f92665e06bb66be385a91802b2c7245b401.csv,475078,b9b6a055a9f7409ef3c17eca4dbdee0eeddb0330aa2006e90830a6da09f93b2a,numeric,1500.0,Orchestra/PPF20_RATE,https://api.vitaldb.net/250d6f92665e06bb66be385a91802b2c7245b401
251893b92446a0d1b057e7a4507d668407bd29c3.csv,36585,371b1f2282b13bc648a2e36c8f512487c3a253cde7627eb580004817bb4b1e34,numeric,5048.0,Solar8000/NIBP_MBP,https://api.vitaldb.net/251893b92446a0d1b057e7a4507d668407bd29c3
2547c18527f981b99eb89062c5efeca942e13c1a.csv,921446,697adda1c89b334a6f057a4bbf17f7f63cf19fddb52d026dd499e2a16020e7a1,numeric,1160.0,Orchestra/RFTN20_RATE,https://api.vitaldb.net/2547c18527f981b99eb89062c5efeca942e13c1a
25570810e5687eeae9d883f1ed8ee51aa40bf41a.csv,736667,33cf15606938a632618a576f995faf028559acece0c85045c9b94c5838bb597f,numeric,1875.0,Orchestra/RFTN20_CE,https://api.vitaldb.net/25570810e5687eeae9d883f1ed8ee51aa40bf41a
25589535d2af2c1b0207345925fa1e54ef133485.csv,249912,102352d5e820d7de8aeb74feeb13bf18d97e7acbf674669e319480c1069719fb,numeric,3499.0,BIS/BIS,https://api.vitaldb.net/25589535d2af2c1b0207345925fa1e54ef133485
255d9a26b1078d6628e0b405e5827e43b35d3a01.csv,1209313,416b1acd1a9c2b71564ccf180a9adaeae7ba4376937020fc942c80457805c1b7,numeric,2185.0,Orchestra/RFTN20_CE,https://api.vitaldb.net/255d9a26b1078d6628e0b405e5827e43b35d3a01
257553c2b301ee154c81e97ae828df5c63adc147.csv,60384,2134cad425ae464ae2db7a1940ef207fc0c7d4f11f66c519b5188d6890d0af57,numeric,3352.0,Solar8000/HR,https://api.vitaldb.net/257553c2b301ee154c81e97ae828df5c63adc147
25ae46178196937b356769727e25508a462130bb.csv,42395,77355e9eca1e18f2d0c051a2bb2048259190f1e0ba5be7ff36012f78db455974,numeric,2678.0,Solar8000/HR,https://api.vitaldb.net/25ae46178196937b356769727e25508a462130bb
25e9b89487b5ad4ee280ee09552c38952993829c.csv,776435,5cd28730946878c1e0599271279cafac4ef2b42c516274ddb51f4b56c7982546,numeric,3325.0,Orchestra/PPF20_CE,https://api.vitaldb.net/25e9b89487b5ad4ee280ee09552c38952993829c
260e3b0b2e915c43957f9e1e9ca3f0947ca8cea5.csv,157879,ab8b03d5772fc98f386bc08776c678ce15fd553b958e36fe327ce6668ab88e53,numeric,1191.0,Solar8000/FEM_MBP,https://api.vitaldb.net/260e3b0b2e915c43957f9e1e9ca3f0947ca8cea5
261420cd3b4298b9cb923c1111138b87ac3f20cc.csv,41857,0f237c68c0be5028c8a26f4a6641604b1db90aaab3aead7c3b87d3ce6fb78feb,numeric,2573.0,Solar8000/HR,https://api.vitaldb.net/261420cd3b4298b9cb923c1111138b87ac3f20cc
2618a2472bb030d54a544f306093ddc77a368856.csv,289146,65031625940064def211df82d456eedfbd4beb2eadf6bad9f1ef3989718e456f,numeric,5824.0,Orchestra/RFTN20_RATE,https://api.vitaldb.net/2618a2472bb030d54a544f306093ddc77a368856
2624eb7f131418419de9c75170f0949cb5d82c71.csv,20975,202935d8ac71589bec81553024916bd24b2aa93c1e3675ffb4c9bf4910da965a,numeric,2837.0,Solar8000/NIBP_MBP,https://api.vitaldb.net/2624eb7f131418419de9c75170f0949cb5d82c71
262a0353bacd22b9d7af4f24c8865e26e8eab086.csv,242832,14b9246d3983fd6d9b07dd46487bfac2acce66dbf9e03e1735400f67f196f740,numeric,2708.0,BIS/BIS,https://api.vitaldb.net/262a0353bacd22b9d7af4f24c8865e26e8eab086
262afd8b801e44bbfa05e7d1ad35831c3de578e1.csv,631837,8cf6b7e3e870cd5c7973723d6bcb976be1281a1003ec1a65d9a3d391f2f45ea5,numeric,5333.0,Orchestra/PPF20_CE,https://api.vitaldb.net/262afd8b801e44bbfa05e7d1ad35831c3de578e1
2634e8c4324f7ce6d1306202d07baba0a91f5063.csv,717545,cfbd22bbcb228f8e54d53f392e9f1075b3415fdb2cb1135730a68023e55d13b0,numeric,17.0,Orchestra/PPF20_RATE,https://api.vitaldb.net/2634e8c4324f7ce6d1306202d07baba0a91f5063
26452fb7a8f8285242679080a51ddb83144c1834.csv,43623,bab73094f9c90b50bca190556712124e61424b645b221beb22966133279376d2,numeric,193.0,Solar8000/HR,https://api.vitaldb.net/26452fb7a8f8285242679080a51ddb83144c1834
265780122f5e3a9b538936d37b7b108793033dac.csv,357770,2cf9fe329ca2680f9fd250fb9be56663e281c3672127e577d4c020f048aec091,numeric,2503.0,Orchestra/PPF20_CE,https://api.vitaldb.net/265780122f5e3a9b538936d37b7b108793033dac
265bfeef4bd9b83826fcf84feba96898162c3b8e.csv,248511,d2057e88bedab86c4a3d29a213c36b7bc57d63e13bb5f1f65de90619b0e112ae,numeric,2530.0,Orchestra/RFTN20_CE,https://api.vitaldb.net/265bfeef4bd9b83826fcf84feba96898162c3b8e
2664116a62bc0e40fdc57d12d02e6adc837c68dc.csv,597416,e3bed6a0718f31534fd71ce3e591fee1432ff8937a236e00e37d4e9ff623eaa0,numeric,3621.0,Orchestra/RFTN20_RATE,https://api.vitaldb.net/2664116a62bc0e40fdc57d12d02e6adc837c68dc
26ae90633ea9b273055c946f1f2de4527703e935.csv,22571,b042b45304bb6056c59f10a8628791ca104d2ae78a4056384a040b96386db58c,numeric,4453.0,Solar8000/NIBP_MBP,https://api.vitaldb.net/26ae90633ea9b273055c946f1f2de4527703e935
26bb59922b5279302dc5a706eb0f65c5e4037963.csv,859120,b674ef2f7b1dc315781c27035b7a018cd9b4f36bf52b2e494462fdc03e84881f,numeric,3805.0,Orchestra/RFTN20_RATE,https://api.vitaldb.net/26bb59922b5279302dc5a706eb0f65c5e4037963
26bf16cb2a7333a23da4061c764d5a4076fb9ab9.csv,355831,bba8a1a6f4e2364753632a0e2790b3a51a30477a67c775b0f4fc5859be3a3301,numeric,3560.0,Orchestra/RFTN20_RATE,https://api.vitaldb.net/26bf16cb2a7333a23da4061c764d5a4076fb9ab9
26bfe7ef45f24b9a2d13be616a49e8a5e65f4f34.csv,890659,f979f39fd43fc63e29b7569780b1dc1fd18f6e8a8ece0c74ae6c8496a142b5ec,numeric,4098.0,Orchestra/RFTN20_RATE,https://api.vitaldb.net/26bfe7ef45f24b9a2d13be616a49e8a5e65f4f34
26d5ac2f16b7869de01e42d03e4074c173be5765.csv,787190,11617a4d3bd00ad4c03ab23964e065677c4a6627ca6b9ecf459efac771434ae0,numeric,5966.0,Orchestra/RFTN20_CE,https://api.vitaldb.net/26d5ac2f16b7869de01e42d03e4074c173be5765
26fcafd7f103c5cf1d5529accde537aaaff2ec23.csv,2299351,03604429c80b3df1f757ee5b6ec6c4894a67273377a473e804c6d64478da50c6,numeric,1936.0,Orchestra/RFTN20_CE,https://api.vitaldb.net/26fcafd7f103c5cf1d5529accde537aaaff2ec23
270a426bd705d22bb5fe3eaadd405e48f178f4ea.csv,129245,b4f20319c7eee18ecc511770e04645b2d3474ceaaa321d4cd01abc07c72a1943,numeric,5809.0,Solar8000/ART_MBP,https://api.vitaldb.net/270a426bd705d22bb5fe3eaadd405e48f178f4ea
271060d9a2e1cb9b1c6687242e15cfd036baff94.csv,38157,ffc4ff5f28d4a804ee3d4773689b9fef669486b9c103d592938ea19ed77c42d8,numeric,2650.0,Solar8000/HR,https://api.vitaldb.net/271060d9a2e1cb9b1c6687242e15cfd036baff94
2711e139311a2c98b872f18a30bb03413ab0c779.csv,172004,e26705e37b5e28d4d55b4d8b2e0ce02a4c645a9aeed60b78e77a4a0a22dde9a2,numeric,3279.0,BIS/BIS,https://api.vitaldb.net/2711e139311a2c98b872f18a30bb03413ab0c779
273498ca9a83e869896607d2ae97e57530d8ca51.csv,576052,0ef637ac6c975c9687cbe777f2d25a827f5a5d0c45abf8361aac155934ff989c,numeric,3857.0,Orchestra/PPF20_CE,https://api.vitaldb.net/273498ca9a83e869896607d2ae97e57530d8ca51
275848c4f15d4062a8d2bcbfdf9dbbb19c46c597.csv,113564,cb9cd3454f1fb807909845576a0c5e5f77676411b412ed5dc79edf8ce173586d,numeric,3579.0,BIS/BIS,https://api.vitaldb.net/275848c4f15d4062a8d2bcbfdf9dbbb19c46c597
277a31225639c6680f689b20b3f3c6100f27f9f7.csv,442976,2b0b43adf883bb1e8eb0a155b49c56c65fc4c3d6a54528f29f01738b8cc20b9b,numeric,6034.0,Orchestra/PPF20_CE,https://api.vitaldb.net/277a31225639c6680f689b20b3f3c6100f27f9f7
27c2d0ef7e488788743f9b5f3ac9d3f900b06bfa.csv,592286,0b076a31bf2cbbeb5eb73400162cf202f9bc4f01ae3f0ea3924c4e4e0ab51da6,numeric,6324.0,Orchestra/PPF20_RATE,https://api.vitaldb.net/27c2d0ef7e488788743f9b5f3ac9d3f900b06bfa
27de77eca7a132f687c7f960df9b37f305e72195.csv,291852,f0bfdaa088b75c7506c11b38a61d057911761c534cb6ee7ddd9bb16b328e4b63,numeric,3331.0,BIS/BIS,https://api.vitaldb.net/27de77eca7a132f687c7f960df9b37f305e72195
27eb74e227d401a57d9304398543b61c24a0dd0f.csv,58105,bddbea721421d9db5bebc938773d918dada16146f0a0d59070d34873faa9822a,numeric,2750.0,Solar8000/ART_MBP,https://api.vitaldb.net/27eb74e227d401a57d9304398543b61c24a0dd0f
27fad4d2ec5a6b5fa4b3ba0e2da3f22b90b0f1cb.csv,481826,34275452e269dd7d6e08199d0b974e5b918045990d76a03c1affd425b764495d,numeric,927.0,Orchestra/PPF20_RATE,https://api.vitaldb.net/27fad4d2ec5a6b5fa4b3ba0e2da3f22b90b0f1cb
27fe26efa5ccbe89936a5d23ab9788bd5164a2c4.csv,76302,3f517fc449953ffb81f492a0b687d4afad9680e27a7ffa4a187d88cbb754f376,numeric,6127.0,Solar8000/ART_MBP,https://api.vitaldb.net/27fe26efa5ccbe89936a5d23ab9788bd5164a2c4
281236f28a1861684a7be88dafebc89ff7049609.csv,161159,dc7a427023c60fac35f74279f641a1c57b23d6a403afc355031bc305e388f605,numeric,4143.0,Solar8000/HR,https://api.vitaldb.net/281236f28a1861684a7be88dafebc89ff7049609
282a73e4358a1930f1e07a1a3bddef36ed83fc99.csv,94152,241effd8081dbf057b34d4f191b6e9bcd7c07fff3aa91de67b7116f1e14112a8,numeric,3610.0,Solar8000/NIBP_MBP,https://api.vitaldb.net/282a73e4358a1930f1e07a1a3bddef36ed83fc99
282b47798c4fb11143ad112e153dfe20b7e86f4b.csv,618625,2044c9e61417e78a44896056a750adc2b4cb047b87dcbad97c929724e0989186,numeric,2380.0,Orchestra/PPF20_CE,https://api.vitaldb.net/282b47798c4fb11143ad112e153dfe20b7e86f4b
2839818027793b0543429d2d971e5a09209a7ae5.csv,599246,c78fe364fafa87dd40f0ab09936aae5bdffc7c37ddee3810bf5f4e11ba00ead3,numeric,5912.0,Orchestra/RFTN20_CE,https://api.vitaldb.net/2839818027793b0543429d2d971e5a09209a7ae5
2842ca82c551a73ce449aedf3505af26e00bf37e.csv,45766,b249e4cf076ca291f3530d1a890af3081ace004174625e03ec4aae815bb713a0,numeric,3170.0,Solar8000/ART_MBP,https://api.vitaldb.net/2842ca82c551a73ce449aedf3505af26e00bf37e
285a7e1666e8f84d4df6bba0caa35a8a17a1ef2a.csv,88197,2792b88f342d87fedcff6059ef1d3d9ab77edc408f5cfbbb901d874185f20fca,numeric,2000.0,Solar8000/ART_MBP,https://api.vitaldb.net/285a7e1666e8f84d4df6bba0caa35a8a17a1ef2a
285cadb1920c57c48c501e44c41ad1913f65ac99.csv,140335,aced4156a3dca44d44ba6a718b02eb6e51d80808ce70facf0cefd4f70666f1f9,numeric,3631.0,Solar8000/ART_MBP,https://api.vitaldb.net/285cadb1920c57c48c501e44c41ad1913f65ac99
28b1f9dd8ddb8146db94e734b1a06281039130ea.csv,292178,0474934b608f1aaa59e3a65dbc4c15cad3ba91df2d8e15b0f52a6d4a6343a8c4,numeric,3943.0,Orchestra/RFTN20_CE,https://api.vitaldb.net/28b1f9dd8ddb8146db94e734b1a06281039130ea
28e419485aa9f52bc937068e2b7de51845752c23.csv,317294,f13087e5f0f14c40e7e8d5d556ebd8fc0f6623115339cf1945f1a17a611d5130,numeric,4312.0,Orchestra/PPF20_CE,https://api.vitaldb.net/28e419485aa9f52bc937068e2b7de51845752c23
28fdce64830a7395de2e89d4ae769802ed52427b.csv,47048,d0f8ff8e67d97c1b2c55a6b693f180b3660e18f18a36c24723e118237497bff3,numeric,1398.0,Solar8000/HR,https://api.vitaldb.net/28fdce64830a7395de2e89d4ae769802ed52427b
290a4ce3bcf4cbb5eaf8c3f5b26ebb2f6c51bdd3.csv,73677,a517dbc56044c096d2aec61c34543cab98bb63084d4390dcc0a037db0a8c5947,numeric,4898.0,Solar8000/HR,https://api.vitaldb.net/290a4ce3bcf4cbb5eaf8c3f5b26ebb2f6c51bdd3
2925b646d158bb55d70632273f7f33c72dbb5f5c.csv,1187971,f1cc9b4c99bd377b38743e9d10ad57558486642d28bca397c1081381efeb416b,numeric,5618.0,Orchestra/PPF20_RATE,https://api.vitaldb.net/2925b646d158bb55d70632273f7f33c72dbb5f5c
29283d6b1023f881a8665de935af1fee17d5ae18.csv,982369,498b863fb7270fcb1d678715bfd6e58d614c93bf2325335fbd222558ffbd306e,numeric,3150.0,Orchestra/RFTN20_CE,https://api.vitaldb.net/29283d6b1023f881a8665de935af1fee17d5ae18
29506d93df29372f19f93fc101b363135c23e8f4.csv,587872,258fa2454480de8e761abc21f3c5ca0d9d678a8daec3d8b8c2bb9c7f465098db,numeric,5352.0,Orchestra/PPF20_CE,https://api.vitaldb.net/29506d93df29372f19f93fc101b363135c23e8f4
295297559bfd8dd8e64ff246474d88133fe2ab82.csv,67348,9ccd774824f9278fe656bb1a4ec8fef310895c2f2eebb1032a9ecfa215c9ce93,numeric,5463.0,Solar8000/ART_MBP,https://api.vitaldb.net/295297559bfd8dd8e64ff246474d88133fe2ab82
2961e9cfc6962c8ac9de532c6d4e957c39596e04.csv,741342,9f73e6189be49f51298eef73fa6146006763809cdd6360a33c99b76597752053,numeric,1920.0,Orchestra/RFTN20_RATE,https://api.vitaldb.net/2961e9cfc6962c8ac9de532c6d4e957c39596e04
297c11a3947b02fd8abb984d17e4727b6ffee566.csv,56984,bd6c7698ed19e8e6bed9d6b6785128a2fca2c48bff26182f24b0c0563aec637c,numeric,4087.0,Solar8000/HR,https://api.vitaldb.net/297c11a3947b02fd8abb984d17e4727b6ffee566
2993c625fb366b92b2919d037a56d47ff8a52bff.csv,111922,241bdc4795c776c211aa67e8ca71d342684561890ab3e17a05d349f8891d560d,numeric,5949.0,BIS/BIS,https://api.vitaldb.net/2993c625fb366b92b2919d037a56d47ff8a52bff
29a0fcd4806dcd8c738ab5bbfb0d9fab002924bc.csv,651065,210052978d71bdae15844f18224d052581880c87b2983ef09d32cd810cf78c32,numeric,976.0,Orchestra/PPF20_RATE,https://api.vitaldb.net/29a0fcd4806dcd8c738ab5bbfb0d9fab002924bc
29c49c443493de09c0d1d2859e93255f3de3fa54.csv,380923,72aa5fc090edbb0d128a2319e01e01b78b56141c68182c87e3cb65d8c7ec1518,numeric,3343.0,Orchestra/RFTN20_RATE,https://api.vitaldb.net/29c49c443493de09c0d1d2859e93255f3de3fa54
29f143e45fdf22d808ea68136a09c37234955491.csv,715258,0afb145904746203d0ddde4fe89eec94f0f54d6863a911a6c02354bcf1d7ee08,numeric,4991.0,Orchestra/PPF20_CE,https://api.vitaldb.net/29f143e45fdf22d808ea68136a09c37234955491
29f5b4f3f73c84925b79a965feda6ce4fc26be98.csv,205388,d330a4715ecd9d5e2f9819bdcef193e6b5fdc241491c13e86aa05b6c6b30681e,numeric,3118.0,BIS/BIS,https://api.vitaldb.net/29f5b4f3f73c84925b79a965feda6ce4fc26be98
29fb05ca60ede5dd654f2bdc03597a42c5165c46.csv,56977,5f6c32430bfd435117654adb0e927207f5ae6df3078ca014aab296894263d4aa,numeric,1102.0,Solar8000/HR,https://api.vitaldb.net/29fb05ca60ede5dd654f2bdc03597a42c5165c46
29fbc4c20b85a5be9a11c70f61a448e7c89a1335.csv,24178,5b3c70d8f24c9ffef9a03eecc3477538a0678e2efc8b11f49d4ae7a1016f0ef7,numeric,1944.0,Solar8000/NIBP_MBP,https://api.vitaldb.net/29fbc4c20b85a5be9a11c70f61a448e7c89a1335
29fce1722f9db59156c67585fda361f717be4279.csv,1007414,700592d5e1625eba80d3b58b1bb8a150e513b507dce0be477c84e6373bbf6c84,numeric,3113.0,Orchestra/PPF20_RATE,https://api.vitaldb.net/29fce1722f9db59156c67585fda361f717be4279
2a23768f891d903d77609872ba90a71bf20953ca.csv,175061,8e777034c9fbfa45f760b53db821686411027e45a6809d77c4aa77a9667c09eb,numeric,3256.0,BIS/BIS,https://api.vitaldb.net/2a23768f891d903d77609872ba90a71bf20953ca
2a2dbd91f32d7c94a57a9dffc5f60c1e7ca9f950.csv,62267,713851e967b6897ac6d76863ce09346d5aa19804dc6ea2f3baf8fab057c8d363,numeric,6225.0,Solar8000/HR,https://api.vitaldb.net/2a2dbd91f32d7c94a57a9dffc5f60c1e7ca9f950
2a2f1c8cf05ef364d8cad3f47cb1b4fea4dd3378.csv,223861,d3598edce6e4df9a1de7ac10deaa98287d27efff11da2f78b1ad1e5e659c8361,numeric,751.0,BIS/BIS,https://api.vitaldb.net/2a2f1c8cf05ef364d8cad3f47cb1b4fea4dd3378
2a40b62c96505b8d4fd1dd140a15f0fc99e60f91.csv,344854,a70775244fa2190d802e80d19f29e837d9c47fe2cd8cc3207e90d0bf069fb0da,numeric,5048.0,Orchestra/PPF20_CE,https://api.vitaldb.net/2a40b62c96505b8d4fd1dd140a15f0fc99e60f91
2a40f661f1f0ffc2c23e47ae69445b2412497a9a.csv,42326,7be2a5e0ebfb79ded5cf6b6e06a1b9b627b4dc9e61aa2abb59ca0f9a9d518a19,numeric,6105.0,Solar8000/HR,https://api.vitaldb.net/2a40f661f1f0ffc2c23e47ae69445b2412497a9a
2a5ea24ba22528c0c37d36a642c80bcff118bdd2.csv,121188,0eb8f40f01145f9815acba9691d85e0b78c9761254bd3956d584d9d2ab731eb1,numeric,4870.0,BIS/BIS,https://api.vitaldb.net/2a5ea24ba22528c0c37d36a642c80bcff118bdd2
2a89a520c6ce28aa651f2afc6267a026ca69d09a.csv,329845,1613cf3f3aea1fe3b401fdc3502348099d9f0fec60af78180d2f8b6c7d5db88f,numeric,4870.0,Orchestra/RFTN20_CE,https://api.vitaldb.net/2a89a520c6ce28aa651f2afc6267a026ca69d09a
2a91a291dbdeec03447204e755e2ecdf9e89c94e.csv,1017615,02935c88a055b75061707c8dbdc881ef27a48a8a8c09a54cbb4f2a728d98a87f,numeric,4032.0,Orchestra/RFTN20_RATE,https://api.vitaldb.net/2a91a291dbdeec03447204e755e2ecdf9e89c94e
2a9f009a9e978aa98b3f3b7d180e1a6a0213fbd1.csv,307409,370b080b1812ac97f0e70ab983352d37039a04ae5fcc1f411489fe1461e2c2e6,numeric,6061.0,BIS/BIS,https://api.vitaldb.net/2a9f009a9e978aa98b3f3b7d180e1a6a0213fbd1
2a9f64ed012249756eb6c65397db41bcb186c351.csv,199082,bfc03f46fc246946904bc7d77e6d427990eec6dd069ad924f5f6342045248b1c,numeric,2742.0,BIS/BIS,https://api.vitaldb.net/2a9f64ed012249756eb6c65397db41bcb186c351
2abb275fcb8f1877e9dc6aa8609bcfe7d8693607.csv,57629,0efa3dc3d161a31f2c1b192ee72fd6c982e10a654b41b1fe7a205da6a2fe4cb2,numeric,2805.0,Solar8000/HR,https://api.vitaldb.net/2abb275fcb8f1877e9dc6aa8609bcfe7d8693607
2ad154f7c0cb9549fdb54da72c16a81c86611662.csv,64989,d130d716947a711042e87a3cf6ce30ab31d7f08cb159066afed556d27b9f764c,numeric,1089.0,Solar8000/HR,https://api.vitaldb.net/2ad154f7c0cb9549fdb54da72c16a81c86611662
2b0d17a307dde337df48ac2d59ff816ea44582aa.csv,345279,f7efd83cb40edddbc88e4d2dca1bc88f7c34da1618b372dc2d43ba3f8546a45a,numeric,1707.0,Orchestra/PPF20_RATE,https://api.vitaldb.net/2b0d17a307dde337df48ac2d59ff816ea44582aa
2b31d685bb3375cbf027912ed8a35644503ce5e6.csv,492642,df4b2da0c64761be2a8fbd6bd98d79a8c1aa4ff1845ef1f8863fb6099b58122e,numeric,692.0,Orchestra/RFTN20_CE,https://api.vitaldb.net/2b31d685bb3375cbf027912ed8a35644503ce5e6
2b3cbff41c954807e51e48b822d4bd24ed5078eb.csv,38146,103d010330e6a2a1c3962a46e06a22cc55647fb1fd57af3b7950854b024e75e8,numeric,3501.0,Solar8000/HR,https://api.vitaldb.net/2b3cbff41c954807e51e48b822d4bd24ed5078eb
2b4a1afcd6c4aeaf98c316f6604e79f4fdddcc66.csv,119520,3a35872617d7a240933a597a47cabb5ec1d2b9e15c5b62319162053f68283163,numeric,5741.0,BIS/BIS,https://api.vitaldb.net/2b4a1afcd6c4aeaf98c316f6604e79f4fdddcc66
2b55c664e4b3652bd191022aa3cd639e2d390917.csv,41270,105d5c7b8e17ab840e5ee8f34e7119bfcafaa11e4910285be2f525c03013417c,numeric,1826.0,Solar8000/HR,https://api.vitaldb.net/2b55c664e4b3652bd191022aa3cd639e2d390917
2b5c9c40a4d6a058c7608c785f77e96b4cfee413.csv,38529,9cdd73cbb3d5b85c402f16d61fef885098189590f265b6567a91150e093bd963,numeric,3617.0,Solar8000/NIBP_MBP,https://api.vitaldb.net/2b5c9c40a4d6a058c7608c785f77e96b4cfee413
2b88abe5ad386ed9dbe2b9a04b7622701b584ca7.csv,140527,851686ca25185373e0d562ef2bcb185ca615532889669fd4ddb6c151a00bbc1a,numeric,1208.0,Solar8000/HR,https://api.vitaldb.net/2b88abe5ad386ed9dbe2b9a04b7622701b584ca7
2b9b72570977f549e07852bc4194cde502f08c93.csv,460618,2a868b155527b967e6fa954c9d6a91b73bdd6c13c4ec322f5b50cea048c76b18,numeric,4227.0,Orchestra/PPF20_CE,https://api.vitaldb.net/2b9b72570977f549e07852bc4194cde502f08c93
2bb7951d9f4f9dfc618dea16a908777a9559943b.csv,169213,7d694ae4bb9c7b0ac83c2413308fc9776116b0d5174cc58440a2974623900fac,numeric,809.0,BIS/BIS,https://api.vitaldb.net/2bb7951d9f4f9dfc618dea16a908777a9559943b
2bcf53c98d4b207f7bc0be635338168573d15643.csv,47063,7d3bc50c16ae352ca05aeba0fcb2ebb2930b98ae383bfab1ba06c6b155cd6a8e,numeric,6009.0,Solar8000/NIBP_MBP,https://api.vitaldb.net/2bcf53c98d4b207f7bc0be635338168573d15643
2bd167f9646bbe3fff4bc1b67c15232257321d2b.csv,118731,a98d8cf2479ade76561fe088fea7e6eef8abf66252287cc15850c1e45e02eccd,numeric,4646.0,Orchestra/RFTN20_RATE,https://api.vitaldb.net/2bd167f9646bbe3fff4bc1b67c15232257321d2b
2bd48b445e6efb9893b05abdefd1d5e8ff9117bf.csv,65985,bf5dd77ccf2831e2da8fca315780737bb1da358d3b46201b3f788080051fb7bc,numeric,3023.0,BIS/BIS,https://api.vitaldb.net/2bd48b445e6efb9893b05abdefd1d5e8ff9117bf
2bd51001a0f0603f0fb9d0b262b57d75583801e3.csv,476802,035988a4b58fbab119463004c8a3b860066c00c5d0ca7f1d7f59db87e68696f8,numeric,4087.0,Orchestra/PPF20_RATE,https://api.vitaldb.net/2bd51001a0f0603f0fb9d0b262b57d75583801e3
2bdc98775b6beb42e8534e5ff714e84e2a2f0c83.csv,39764,3c796434e66a7e35678368e03ba337dc3877de9a16361504a8139436e33554e0,numeric,1606.0,Solar8000/NIBP_MBP,https://api.vitaldb.net/2bdc98775b6beb42e8534e5ff714e84e2a2f0c83
2c0417ad594de5cd20de9c4a2e139fa5bb5fe4f7.csv,109856,8f3ceae224856dc5e0c667ee5da95152f0838ed1a6214ca03ed41ce6fdc51cc4,numeric,4181.0,BIS/BIS,https://api.vitaldb.net/2c0417ad594de5cd20de9c4a2e139fa5bb5fe4f7
2c4619179d76e74720e702c9485c93c258edee01.csv,859564,ad8fd90b0b387eb6b0911195539bbb9fe5c149c6087555f21c2caa3a335e5cd5,numeric,5777.0,Orchestra/RFTN20_RATE,https://api.vitaldb.net/2c4619179d76e74720e702c9485c93c258edee01
2c46ceb07826d863c565ad1d5f87e64d65bd2138.csv,7017,7e3da414a60c6bfe5fac037a17ee813480e3f33b365db68f5f03e8f7b81b434e,numeric,4462.0,Solar8000/NIBP_MBP,https://api.vitaldb.net/2c46ceb07826d863c565ad1d5f87e64d65bd2138
2c69111eb667912be121008809bb96062cb9c652.csv,249030,7f12e12bfadde386de7fa02031fb537de1bf9b506ed95072c6045f1ea2d5fd0b,numeric,4447.0,Orchestra/PPF20_CE,https://api.vitaldb.net/2c69111eb667912be121008809bb96062cb9c652
2c734f5d6fd44cbc5d37e7233b1be9c61946417d.csv,281517,92ac9270d61c5127a1d4c2b26678398cc18f6e1de7e5a6bdf30cf15cb669c311,numeric,3943.0,Orchestra/RFTN20_RATE,https://api.vitaldb.net/2c734f5d6fd44cbc5d37e7233b1be9c61946417d
2c8ee7a4ebb562608df3ec803a533cb38cf8243a.csv,39224,c81a2e1e2bd6db9d05c50cd9327854cf0ce9cc27a1e318193f67ff4b84680481,numeric,6210.0,Solar8000/HR,https://api.vitaldb.net/2c8ee7a4ebb562608df3ec803a533cb38cf8243a
2caa86691bd404e03122bbe3dac7cbeae8e2b828.csv,734670,3ae7ea1a7d04d3434f2b0d453bb47226a7d830d773c07b51a1280b85709ee23d,numeric,4677.0,Orchestra/PPF20_CE,https://api.vitaldb.net/2caa86691bd404e03122bbe3dac7cbeae8e2b828
2cb0e36184299780ce765c86a86f2635a239585a.csv,522028,2cfebfb4622d33e1226faf78cec0923734834dfec93b1113151a8f58b2d9244a,numeric,4453.0,Orchestra/PPF20_RATE,https://api.vitaldb.net/2cb0e36184299780ce765c86a86f2635a239585a
2cba4ca6af81a7900a257f29a20a66fea98aa52c.csv,517263,4d73bd6324f39b8f9d10fa4a449378a741916a7de0511ccda9fe9c306b7f2c3f,numeric,4011.0,Orchestra/PPF20_CE,https://api.vitaldb.net/2cba4ca6af81a7900a257f29a20a66fea98aa52c
2cc2ac2c66628b349811809593470fe82d48032d.csv,439234,92be820e0edc8f73d5a504ac730b27f42f1798c163406860f29face476effd56,numeric,5948.0,Orchestra/PPF20_RATE,https://api.vitaldb.net/2cc2ac2c66628b349811809593470fe82d48032d
2cd04386a4e234abd137e58c7e2d016c784f6df3.csv,1134783,764f38fd579942089c7d4deb1b9d004dbaceb73871a5f5c4d6e59e82f49166ec,numeric,3037.0,Orchestra/PPF20_CE,https://api.vitaldb.net/2cd04386a4e234abd137e58c7e2d016c784f6df3
2ce0a94c38d1c52c2feff561faedf0c9dd7416c3.csv,688819,c0c62b7f27dc21578bb506376344fa32c4b2335f03241868f413c3230df53e06,numeric,2837.0,Orchestra/PPF20_CE,https://api.vitaldb.net/2ce0a94c38d1c52c2feff561faedf0c9dd7416c3
2ce2f49c99011aeda3431824ebd3265a98c9f6fd.csv,302100,f143144057d0a2e39c4c97b8a09576853775c1dcabaecb0ad78ce8e41d5f28c8,numeric,1208.0,BIS/BIS,https://api.vitaldb.net/2ce2f49c99011aeda3431824ebd3265a98c9f6fd
2ceacad962925bb023251517c86bd78667de4ab2.csv,70919,d700e6495e16e5f640aa56ff492c6437d7692575a9877a83d57f5d29e9c5174f,numeric,2222.0,Solar8000/ART_MBP,https://api.vitaldb.net/2ceacad962925bb023251517c86bd78667de4ab2
2d0011713a8ff7f3d3d96907f7a2ace2219d2d50.csv,95543,5e7756e3b770f446a23120ea8adbf6d069aa83f1fccd32af62449cb6c566bfc1,numeric,1933.0,BIS/BIS,https://api.vitaldb.net/2d0011713a8ff7f3d3d96907f7a2ace2219d2d50
2d1a01fa7175177674cca728faa8ef7c3c5e4fb3.csv,761185,2b99af7ccb183e169e56531e4a9a907519ad4aad55e7977217de166e57e8df4c,numeric,4805.0,Orchestra/RFTN20_RATE,https://api.vitaldb.net/2d1a01fa7175177674cca728faa8ef7c3c5e4fb3
2d1e0fe657f5565a1619164121e4e3430cea9801.csv,180702,0692adfb37afcfade809c3a3a635a7d5a54db577419a7bd40196ebe8da1d30c6,numeric,1725.0,Orchestra/RFTN20_RATE,https://api.vitaldb.net/2d1e0fe657f5565a1619164121e4e3430cea9801
2d39019576bb8b71721a3b6af973f307f4cae0a6.csv,113279,28cb6e3acf04007eb3d98e72d0c835e392ca818b5ea529a826f15ebf184b1230,numeric,6114.0,Solar8000/ART_MBP,https://api.vitaldb.net/2d39019576bb8b71721a3b6af973f307f4cae0a6
2d44a6579f34e74072d2a8bc42e51a2bcdfa0ccf.csv,53015,04b86e5fe78ce792ad9ba39719a6480a9ae4f5836cf9769916cad3e1a839907e,numeric,3068.0,Solar8000/HR,https://api.vitaldb.net/2d44a6579f34e74072d2a8bc42e51a2bcdfa0ccf
2d44b2fb9fb8fdb3f2ff39ebe848bc2bf102870b.csv,451762,624ca9404a2fc3331d2e3aef7f04d708d94104802efd00bcf0919250c6d1ad42,numeric,2750.0,Orchestra/PPF20_CE,https://api.vitaldb.net/2d44b2fb9fb8fdb3f2ff39ebe848bc2bf102870b
2d50a87018d15f1ee567d7bd483f80632541fbc8.csv,704657,59243df7537daccd6347d4a092ba238d84ed6ba47e7e0dfaa013eefbf28ea94c,numeric,1875.0,Orchestra/PPF20_RATE,https://api.vitaldb.net/2d50a87018d15f1ee567d7bd483f80632541fbc8
2d6291df7a146de211100a928481ec6617134c69.csv,64626,869c018476938220b04983c3de9e879c064abbc15553392a92e53022d92d4aed,numeric,6345.0,Solar8000/ART_MBP,https://api.vitaldb.net/2d6291df7a146de211100a928481ec6617134c69
2d63d3d28c088dafeb898d321098150520a85851.csv,490652,c75e4459384c2aa25dfbf5c241d47e35a7a291e7604e2b4c5bb704298d4ae153,numeric,4011.0,Orchestra/RFTN20_RATE,https://api.vitaldb.net/2d63d3d28c088dafeb898d321098150520a85851
2d74f0d29949f48326401e3e269eb793f6daf913.csv,50270,58d988f53e380d2e5960ff1f21112a4ebc51aced94ed1041e0c156d1630689a5,numeric,4145.0,Solar8000/HR,https://api.vitaldb.net/2d74f0d29949f48326401e3e269eb793f6daf913
2d7e56379642454c29fe301a77003b69d21ebe08.csv,402250,20a429ca4fc63fde39c86299c2fef97bbb5dfca7a0fac56e9c3e192f96df9310,numeric,5197.0,Orchestra/PPF20_CE,https://api.vitaldb.net/2d7e56379642454c29fe301a77003b69d21ebe08
2d80d1bcc77cbba869fa7d62c687a17a9e933fd8.csv,47888,701b0acf6ff892fdeeda7d803de96a7e965c124e635a42620c8efa021f1e19a1,numeric,1871.0,Solar8000/NIBP_MBP,https://api.vitaldb.net/2d80d1bcc77cbba869fa7d62c687a17a9e933fd8
2db5f331eee0cafa61c84c6c8a90abf7fd7871e0.csv,110659,ab7bee29c2b83d018057e5e90fa5fe671a6addc435801c7737176dce81e9bcbd,numeric,3074.0,Solar8000/ART_MBP,https://api.vitaldb.net/2db5f331eee0cafa61c84c6c8a90abf7fd7871e0
2dbde5ab82c132f77965f01d9f05bac50f0f1d58.csv,201333,fd26d7e7196d8b9260581b8bbe1126f3b6a6dd4816df47931777a7bf2d2739cb,numeric,3237.0,Orchestra/PPF20_RATE,https://api.vitaldb.net/2dbde5ab82c132f77965f01d9f05bac50f0f1d58
2dd8543c9ee1b33f676ba5bb02c64ee99d0c43eb.csv,511598,4d5a82636c978c07735f2dec4bbc2ee513ff37a270869ce8fccf7c2f3790b71e,numeric,5434.0,Orchestra/RFTN20_RATE,https://api.vitaldb.net/2dd8543c9ee1b33f676ba5bb02c64ee99d0c43eb
2df168502fa04d0a1ca9c3bbe20762cce36e19d8.csv,1256353,e4980631de6495e76b6c93e7e037ab899dc495bf706f305a5f1b10aaa23bf08a,numeric,844.0,Orchestra/PPF20_RATE,https://api.vitaldb.net/2df168502fa04d0a1ca9c3bbe20762cce36e19d8
2e01df6acef5446a722b2362c74ceddae31f7a25.csv,776105,a3153be552cc826960d10f238aa72c3e99b107ee5072f8f4a4001ea016eaf9c5,numeric,2797.0,Orchestra/PPF20_CE,https://api.vitaldb.net/2e01df6acef5446a722b2362c74ceddae31f7a25
2e2a430982d340a2846ad5d399edc9570ac92c8e.csv,162833,4148df4b316f4bc0bb70cff65ef48c878260b0c330aec1baa50aa80a55d2cf82,numeric,1927.0,BIS/BIS,https://api.vitaldb.net/2e2a430982d340a2846ad5d399edc9570ac92c8e
2e38d8e5197418919530276a1a1b2bd248699dc7.csv,693301,c4c40b6816ead9ac7d907b2ca1d8d0284e961f13c8316150cf9ba83ad09352f3,numeric,795.0,Orchestra/RFTN20_CE,https://api.vitaldb.net/2e38d8e5197418919530276a1a1b2bd248699dc7
2e4d797785915cd3361f1cfb803f0aa0ca2c6f91.csv,668944,8a2bd6ab41a99bbb637511663df40ae8620198ad7fadf98da46a103b5903088d,numeric,1558.0,Orchestra/PPF20_CE,https://api.vitaldb.net/2e4d797785915cd3361f1cfb803f0aa0ca2c6f91
2e95942ca20b064d4ce04497788fff3746b14e1a.csv,81795,a7e7acde8f886513d0141d32d2afd3fe74362da9ccdc15fe58ce0a67241fb425,numeric,6356.0,Orchestra/PPF20_VOL,https://api.vitaldb.net/2e95942ca20b064d4ce04497788fff3746b14e1a
2e9abce9826fe6cdaae4583b753fd75767f8ebd0.csv,61773,5882e05262001c0ef371df6ed89a111b62f71ad320a4bdbdbb3b0e29ea168458,numeric,5407.0,Solar8000/NIBP_MBP,https://api.vitaldb.net/2e9abce9826fe6cdaae4583b753fd75767f8ebd0
2e9e29d282b2967e3d236af17c83d9a8952d58e2.csv,883147,b47618ce4a36a7dba71f6bd649f3b11ad9f0cc492e6c8c2c60207094c1fb493e,numeric,6280.0,Orchestra/PPF20_CE,https://api.vitaldb.net/2e9e29d282b2967e3d236af17c83d9a8952d58e2
2eb0fa031f11762ef5f470e4758388c539fa7c44.csv,315819,03f74d461072db367e9641fd06323a451a12247ef9274c065c2ce527289c16f3,numeric,4735.0,Orchestra/PPF20_CE,https://api.vitaldb.net/2eb0fa031f11762ef5f470e4758388c539fa7c44
2eb13b2835060382fef55f828df9e614bef2f924.csv,116719,88e3cb7c768e097f5e20b4074fb445401b110c6f951a93e92eb499b9dedf2d91,numeric,1785.0,Solar8000/HR,https://api.vitaldb.net/2eb13b2835060382fef55f828df9e614bef2f924
2eb9831869ee9631ec99d9ed8c99240a5f10db90.csv,372915,5653f09c3803e28c8a89925ac34d1ec6d17a929301fdf43bc530eeec9d06a1dd,numeric,2875.0,Orchestra/RFTN20_CE,https://api.vitaldb.net/2eb9831869ee9631ec99d9ed8c99240a5f10db90
2ebd2426b6aed45655c061e4341c8334a0d65579.csv,36853,9bdccc1d365082bb4fb82c11b150f632067738a38e575510a71f2f2da300c1a3,numeric,5824.0,Solar8000/NIBP_MBP,https://api.vitaldb.net/2ebd2426b6aed45655c061e4341c8334a0d65579
2ec063edc309f067cd85a0e9c59bb99285c07870.csv,73892,3a3a524a631744f86e9132288b541fa3c44d27ababc975eb253b7f9fd358d700,numeric,4769.0,Solar8000/HR,https://api.vitaldb.net/2ec063edc309f067cd85a0e9c59bb99285c07870
2f0961e751024b035999282fc38f7944b8a2fc17.csv,605456,b1622d72b4d66a7018f60fd258b662b18131cf76e8c8be24525d37a435622809,numeric,4042.0,Orchestra/RFTN20_CE,https://api.vitaldb.net/2f0961e751024b035999282fc38f7944b8a2fc17
2f2765f294041e479fe217bf7261caaf1fcd43f9.csv,389099,08d93550c01d1814a0a0ac462a8a250c03641adfa19979bb00729242fe39e527,numeric,4954.0,Orchestra/PPF20_RATE,https://api.vitaldb.net/2f2765f294041e479fe217bf7261caaf1fcd43f9
2f443f09c838acdb5d148023067c10f9facb8d3f.csv,444048,bb03f27b9d134eedfcdb86a511325f2787e390f58af1587fe080e874c01e5456,numeric,452.0,Orchestra/PPF20_CE,https://api.vitaldb.net/2f443f09c838acdb5d148023067c10f9facb8d3f
2f458337fc4932aebf329ae1a868b622f2d8cf11.csv,68025,56516c6ed3cb1805397ac5fcc2f7e86c490168fdee88cb9b28494933ef1bded5,numeric,3875.0,Solar8000/NIBP_MBP,https://api.vitaldb.net/2f458337fc4932aebf329ae1a868b622f2d8cf11
2f95a41f511b7c3673c02e2fa1aadb7a8d1eb30c.csv,420681,2bbc499959ee88b3d5bf37a77ac7409ef04e255261ae9bb1c439bc049bf2965d,numeric,1210.0,Orchestra/PPF20_CE,https://api.vitaldb.net/2f95a41f511b7c3673c02e2fa1aadb7a8d1eb30c
2fc53af7c73c56c0596133d31bcabc3105faca4f.csv,394527,5e892d75a4f03d77c85d8bf04d388cc8437588f99f603395995fffe86f5ac417,numeric,5189.0,Orchestra/PPF20_RATE,https://api.vitaldb.net/2fc53af7c73c56c0596133d31bcabc3105faca4f
2fe428eebb21e62e5cb905de15bdf97b9db50559.csv,505266,b4daa9bc08b84c8bf8b604792d43d77f3ebb8c1ba9cd5adfd2f3d9d82103a2fd,numeric,927.0,Orchestra/RFTN20_CE,https://api.vitaldb.net/2fe428eebb21e62e5cb905de15bdf97b9db50559
2ff02f40bfd6439dcf240bbe8d59677f5e8b84da.csv,261612,86c0cd71e334386010417dbe9aeb5df85707b8ad37053b4b8b2c5179ec427427,numeric,4589.0,BIS/BIS,https://api.vitaldb.net/2ff02f40bfd6439dcf240bbe8d59677f5e8b84da
2ff2720102f1de4d1291780a6ad8bb8ad096d86b.csv,374645,752493da0231c026425e842fe7ffdce6ea896967ea34b727b405a2e6cc8fc6d7,numeric,1191.0,BIS/BIS,https://api.vitaldb.net/2ff2720102f1de4d1291780a6ad8bb8ad096d86b
300b5116079ffd2463b3f229d0e44668baf2bf5f.csv,351020,eb6d46746feae4434781e3439a9cbff81f02a9b4448bb1ef45c9033ccf327425,numeric,1707.0,Orchestra/RFTN20_CE,https://api.vitaldb.net/300b5116079ffd2463b3f229d0e44668baf2bf5f
3018a68dd5b3370accaf8691d09bf1a482e56a2b.csv,1148697,f4377c7b2b34ef6d70a26c5e8609356594a9209c3d13defd83b699aecf346ef1,numeric,3037.0,Orchestra/RFTN20_RATE,https://api.vitaldb.net/3018a68dd5b3370accaf8691d09bf1a482e56a2b
301a4d78ad74b9626fbb043718b2ae71f25a63d5.csv,463326,133bc42277bdede6e557498b12558a749460f3fad93d9faad6fde20b21933c70,numeric,4145.0,Orchestra/RFTN20_CE,https://api.vitaldb.net/301a4d78ad74b9626fbb043718b2ae71f25a63d5
302d5ea41c62ff296b9ab8a154275e373cbb07e0.csv,32839,b4641056033f4ea5cdbb10f89d2fe2d192a7b12df1658afd3e908a05c2d76df5,numeric,5314.0,Solar8000/NIBP_MBP,https://api.vitaldb.net/302d5ea41c62ff296b9ab8a154275e373cbb07e0
3037f9b5c3731c3b0fbf317d863c4d4c4a2dc257.csv,1394214,f62309d28fc72fa3fb004367fba3b27af72d6838d96ca9b40aa59228f973e754,numeric,3287.0,Orchestra/PPF20_RATE,https://api.vitaldb.net/3037f9b5c3731c3b0fbf317d863c4d4c4a2dc257
30480f52e9296f9a3d0ea316e7387bb4e414b895.csv,358047,a2e099347a00d5a91ad2961b8485cf88bffc4eae5f247786d5d9e94906b10b55,numeric,6040.0,Orchestra/PPF20_CE,https://api.vitaldb.net/30480f52e9296f9a3d0ea316e7387bb4e414b895
30499849546283e5f93689a3d78591c713afa6de.csv,727400,b40b4af5eac0ab277adad466cb6207ace6b1e8adf6581c40ffd7742ec2f49884,numeric,5308.0,Orchestra/PPF20_CE,https://api.vitaldb.net/30499849546283e5f93689a3d78591c713afa6de
30509b680943482e638943e3b7c17f2dcfb4bb61.csv,956140,e070c9bda8428a0be9539985c5715115a2507e9d0fafded90d738c90e8b534f5,numeric,6296.0,Orchestra/PPF20_CE,https://api.vitaldb.net/30509b680943482e638943e3b7c17f2dcfb4bb61
305b0e065026c55b2eb8bf321482cb022a901afc.csv,72743,f93097ff9e43730f8405d4ce88685fe10c4fae851ac5d14e449c2dce4e618b1a,numeric,485.0,Solar8000/HR,https://api.vitaldb.net/305b0e065026c55b2eb8bf321482cb022a901afc
30766b7ce15d2b9dd6cd719cd3a8ec87e3cbedb4.csv,355883,312502b5d01b0b85dc0e3bb6a57e752a5169f33528c5683113262a513739bf3d,numeric,1255.0,Orchestra/RFTN20_RATE,https://api.vitaldb.net/30766b7ce15d2b9dd6cd719cd3a8ec87e3cbedb4
308fc06c50afb5bbf031f51829ac73efa3b4322d.csv,369345,643780e4d92aeedf895900a835ac58fec20949de1b103e159908463b1fea23eb,numeric,309.0,Orchestra/PPF20_CE,https://api.vitaldb.net/308fc06c50afb5bbf031f51829ac73efa3b4322d
309ca17036536ddc55f0c94e8a51b2d40c2a352c.csv,874460,01e2a74259e4fbb99f48ffd388fd62941e9d9c6d394d811a12063822302d4019,numeric,6280.0,Orchestra/PPF20_RATE,https://api.vitaldb.net/309ca17036536ddc55f0c94e8a51b2d40c2a352c
30aae25704b7a629b7eda48209abaf3f9a54cdc7.csv,199941,e0fb125fd0ae131bf97f59743ee525cf332eb7adabaa7ea14a8869ecedd26c65,numeric,2000.0,BIS/BIS,https://api.vitaldb.net/30aae25704b7a629b7eda48209abaf3f9a54cdc7
30ab46f8e58da7b874e5a85a298e3bbebbd9c8df.csv,255386,6f5c5b233b5eaa943f32fff0962cb698c543fed49577e8fcecd769b9caf5c4e9,numeric,505.0,Orchestra/PPF20_CE,https://api.vitaldb.net/30ab46f8e58da7b874e5a85a298e3bbebbd9c8df
30bc5bb04be5d4652485e02f1425ceb44a3ae534.csv,248464,1417bbbaa318d4b5e63fe0667f8a2c1bf3a9e4f4b518ecddc0c5006cdcbb62e5,numeric,3759.0,Orchestra/PPF20_CE,https://api.vitaldb.net/30bc5bb04be5d4652485e02f1425ceb44a3ae534
30d5998cb11067735f72b54f24c6c4cea952ae1b.csv,96478,4a6049378bdffe08e16260c7217229c82227a2e54ff98c363a9c032ff243d91d,numeric,2744.0,Solar8000/ART_MBP,https://api.vitaldb.net/30d5998cb11067735f72b54f24c6c4cea952ae1b
30db94f3e2005d64d28ec41fb79432da06bbe8ca.csv,425045,3db7fa6e772b76c520c1d306140c4e74c77a387cebbbe181c20c78d8842333ef,numeric,3579.0,Orchestra/RFTN20_RATE,https://api.vitaldb.net/30db94f3e2005d64d28ec41fb79432da06bbe8ca
30f2a9a6bd7305a5bd80f5d9abc7e503b1256175.csv,214646,004e1c4c2afe85fec0367fa40522c4687313ac36ae74ebfae96e532a0fecbf89,numeric,3545.0,BIS/BIS,https://api.vitaldb.net/30f2a9a6bd7305a5bd80f5d9abc7e503b1256175
30f6b6326ad7f1db98ca0976854dd3e8f015ce7f.csv,622648,bc407edaf703dd7b19f6ce3c461bbdecd958996304795cdb90c3520460a8cac2,numeric,5077.0,Orchestra/PPF20_CE,https://api.vitaldb.net/30f6b6326ad7f1db98ca0976854dd3e8f015ce7f
310e07fcc99787625921ce2f6b73f1bf9f7d99f1.csv,238935,a8e4446c900f2d1b320d870e70e114dde281b17b5179f639213112d2295b05a3,numeric,1709.0,Orchestra/RFTN20_RATE,https://api.vitaldb.net/310e07fcc99787625921ce2f6b73f1bf9f7d99f1
31156264093f2191215d5644666091966380586a.csv,396016,ab19c6705af6ebbc33afde4817d0d098c8a99e0201ce36580db3abc397bebc81,numeric,2426.0,Orchestra/PPF20_RATE,https://api.vitaldb.net/31156264093f2191215d5644666091966380586a
31232bc5a16087709a97a64975b7f930da54ffc3.csv,536517,b907b6d5422116d6f71ee89b53b870bc4849970dd8e406d0c9b5131bbf340931,numeric,138.0,Orchestra/PPF20_RATE,https://api.vitaldb.net/31232bc5a16087709a97a64975b7f930da54ffc3
3134eff82bb3db0635ed271eab7a3c2e2a6fcb1b.csv,677563,9c46c9c9b2605e470716887fbd5cdfe1dc000103f1d79f7dc55f5c94edb51e5c,numeric,83.0,Orchestra/PPF20_RATE,https://api.vitaldb.net/3134eff82bb3db0635ed271eab7a3c2e2a6fcb1b
3144972865081642a7c24d2aa742c34183b4411d.csv,670082,3b9b706c9f8489db54d677d6d2d78e19907f290337a6028507400e9081a5bef5,numeric,5322.0,Orchestra/PPF20_CE,https://api.vitaldb.net/3144972865081642a7c24d2aa742c34183b4411d
3150317827ac23763644d1e4cdc30542470bd727.csv,1045681,24ea725b8c8c558c30492d9cbf4ec1052da65a71aa6bfef55eb236c1e87a9fe1,numeric,4966.0,Orchestra/PPF20_RATE,https://api.vitaldb.net/3150317827ac23763644d1e4cdc30542470bd727
315301c5100b4f6b277aa109de60d65a9c3a82f4.csv,512728,060e45a3a0a77c15530a5bab7a14cf7dc867473b87ba7141691b28cb905b60f0,numeric,4287.0,Orchestra/RFTN20_RATE,https://api.vitaldb.net/315301c5100b4f6b277aa109de60d65a9c3a82f4
31552909c63482faef99c5c982321e1d9a4f25a0.csv,483686,89eaa5ad85a859cb77c4770c0a6f26f1c30e61e30beb0fe39f98c614d8d03266,numeric,3426.0,Orchestra/PPF20_CE,https://api.vitaldb.net/31552909c63482faef99c5c982321e1d9a4f25a0
31583a1cb9cca65cc4359956165279b5f2521b9e.csv,1454157,614b968115b42b42281108047cd8cc8ee554cedbc0f212c8792a58aa461daf4c,numeric,5772.0,Orchestra/PPF20_RATE,https://api.vitaldb.net/31583a1cb9cca65cc4359956165279b5f2521b9e
316b5912bdfe0a4e395ebb88a0b62e835f0db30d.csv,150752,90b426a0ad166171ab2ebda1a99a8c0ce31bc5ff0cb473e38fb2be4906fe6c0a,numeric,5189.0,BIS/BIS,https://api.vitaldb.net/316b5912bdfe0a4e395ebb88a0b62e835f0db30d
317375f7543dd4e14d340f9e6c5601f2bff3526c.csv,212389,44656a9184792f2bd4aa6513deea5bb0861f21757944309b14c47f8d0296d4a2,numeric,2243.0,BIS/BIS,https://api.vitaldb.net/317375f7543dd4e14d340f9e6c5601f2bff3526c
31816b81a06ba5cd267b1274377aed0a15adeea5.csv,502798,660e82a33eedcc97f0331a78cab8750d2d348a3ad7f788e2433e0c5e7aa925b4,numeric,1703.0,BIS/BIS,https://api.vitaldb.net/31816b81a06ba5cd267b1274377aed0a15adeea5
319052729d40dda18a948b3dcaf3425f9b285f65.csv,71971,ae6149ee57fd6c0010f4348704cdc87b46e0101efffb917df6c6b1863150b0f5,numeric,2879.0,Solar8000/NIBP_MBP,https://api.vitaldb.net/319052729d40dda18a948b3dcaf3425f9b285f65
31ae13d0b9d2c533728383730cddad685940fea6.csv,65840,8b5f4caa7039a7e9ca46068bc397232a8e1834965c24e28055264c535afd2804,numeric,4261.0,Solar8000/ART_MBP,https://api.vitaldb.net/31ae13d0b9d2c533728383730cddad685940fea6
31bf6c181a6d6903189e820ba8b809ddea1f7bfe.csv,117682,9f2b6ce72608609dc8f280cc9b21f6d69a4b71e7736c9ca7dde7162099537c08,numeric,4954.0,BIS/BIS,https://api.vitaldb.net/31bf6c181a6d6903189e820ba8b809ddea1f7bfe
31cdd1266a23a7ec75b3aa1029008b01215ef8e8.csv,155102,1f32b18c30ff53dade342651a54a8903a4328ed247b9b403c3f7b8b60301c8c2,numeric,3352.0,BIS/BIS,https://api.vitaldb.net/31cdd1266a23a7ec75b3aa1029008b01215ef8e8
32394351f29ce0ba050c9613e189ae58ab306f1e.csv,20046,cfb5d5246de29520ad3e2c265777e83d0ed28b9e545b43dee6d623a79aa94290,numeric,1172.0,Solar8000/NIBP_MBP,https://api.vitaldb.net/32394351f29ce0ba050c9613e189ae58ab306f1e
324457346ac0313a9ae556fe50187a83e136bc47.csv,1060372,d708f514cdfa98fea4d46f1f281e499c98cbc9b3335bf649db06fb44a7525392,numeric,1820.0,Orchestra/RFTN20_RATE,https://api.vitaldb.net/324457346ac0313a9ae556fe50187a83e136bc47
3256bf926ca139ce88abee25b7286e4215b6fcb1.csv,162958,4a2543f45350a42dc0e2b2792e96b24d987af697b75f82bdddd493f6341997f7,numeric,6009.0,Solar8000/FEM_MBP,https://api.vitaldb.net/3256bf926ca139ce88abee25b7286e4215b6fcb1
325f71a36af5537bf29ed5d4a71373143cc643d7.csv,172635,1f96d32d498b0eebe142c84caf956f6d63f65cc7f13804cee64aa1e7e6c8e0b5,numeric,1168.0,Orchestra/PPF20_CE,https://api.vitaldb.net/325f71a36af5537bf29ed5d4a71373143cc643d7
3275be469d188eaf84ce9d6da1455efe3937e571.csv,90240,4a23aebf46d6102ce578248e76941f25e1c199609b57bd9eb73d4bc68056a018,numeric,571.0,BIS/BIS,https://api.vitaldb.net/3275be469d188eaf84ce9d6da1455efe3937e571
3289b7e8f622015fc18121e626bf1380c2d901dd.csv,915586,587d374f3754aa687c458234f81529c2613678b763f741fd8f8ead6863f7e589,numeric,345.0,Orchestra/PPF20_CE,https://api.vitaldb.net/3289b7e8f622015fc18121e626bf1380c2d901dd
328b30a7491e23f0849f96749d940e7a3fb8aeab.csv,125778,c31305a5be224377cd0711df0f128c487a826db4009638439c6b49b7093aef45,numeric,3331.0,Solar8000/ART_MBP,https://api.vitaldb.net/328b30a7491e23f0849f96749d940e7a3fb8aeab
32a7e64f9d54dc54a5c14a8632dd63f5e99b5810.csv,154946,2c16d932bc470017ee0d6dcbd74a16e0b3661439ea2b2901cb4be2c9177d338a,numeric,3803.0,BIS/BIS,https://api.vitaldb.net/32a7e64f9d54dc54a5c14a8632dd63f5e99b5810
32a8d51cacbe9943b6e8fc7067405143e2a43ce1.csv,351779,7e6a6d921c037e360412987945178a97b3c8666e98856df12cad613da11f5eb0,numeric,1707.0,Orchestra/PPF20_CE,https://api.vitaldb.net/32a8d51cacbe9943b6e8fc7067405143e2a43ce1
32b639786ed77cf0dda85ab3139fb2aad950d7eb.csv,217334,364b2ef1d3480bf42e88fa36fe91d6eb02fafd3b6ffec0ddd2a8ffc7e8d01b0e,numeric,1703.0,Solar8000/ART_MBP,https://api.vitaldb.net/32b639786ed77cf0dda85ab3139fb2aad950d7eb
32bdeeb621c9324c230e41ab0ac00fbed88dd930.csv,242166,46d6e848fdd8c550a32f6b2bfff475f2a13831033ae025ad53c3bbdb2f159f02,numeric,4998.0,Orchestra/RFTN20_CE,https://api.vitaldb.net/32bdeeb621c9324c230e41ab0ac00fbed88dd930
32c116c192fb844b0b9b80e42f81ff864b28eb2f.csv,110302,9305c061cc1ce8d03805b0357378f6718cead47ef72cd4436061ea35bcc110ab,numeric,2503.0,BIS/BIS,https://api.vitaldb.net/32c116c192fb844b0b9b80e42f81ff864b28eb2f
32c7e2087c16d6fbad89b2121a0c607495f403e2.csv,35054,a4ce55914000c8c6d5a380e254f4579c93d16823627e9579a7d24fc3b28e4fec,numeric,4998.0,Solar8000/HR,https://api.vitaldb.net/32c7e2087c16d6fbad89b2121a0c607495f403e2
330f7ca897fb65f597f5586055febc997d222e2f.csv,418264,5985cb511b68f4452e34faeefa0b9abc84ad3acd2e80a6a7356649104e629c54,numeric,2805.0,Orchestra/PPF20_CE,https://api.vitaldb.net/330f7ca897fb65f597f5586055febc997d222e2f
334f60543efc398dc5d61103afceb17e0e9e2349.csv,461129,a66956bff5fbe150037475ec473f98a12c9fe23692dfac495b84d5c03ccb11f1,numeric,481.0,Orchestra/PPF20_CE,https://api.vitaldb.net/334f60543efc398dc5d61103afceb17e0e9e2349
3352be0965863a8f01f745dfb7cb89cb95c74048.csv,94431,bf24d124713ae17eb83c6b7a1b9eeef3c31b5562a3714b94dd8d247bbb4cb451,numeric,5777.0,Solar8000/ART_MBP,https://api.vitaldb.net/3352be0965863a8f01f745dfb7cb89cb95c74048
336755522e646398f6ac36ca423f9ac006160dfe.csv,39436,d573d5dc79c114e57e62501c623a10c543ed6d31c39af2fb757e87a9f8b9cc31,numeric,1606.0,Solar8000/HR,https://api.vitaldb.net/336755522e646398f6ac36ca423f9ac006160dfe
33761e238cb7c281ef0f3eafbb776551faf9f6f6.csv,457717,796baa969dff5b0e7020442ffe3a53acb48dd545845f21b8cf8515dc0066940d,numeric,281.0,Orchestra/RFTN20_RATE,https://api.vitaldb.net/33761e238cb7c281ef0f3eafbb776551faf9f6f6
3382f6b6ae9c59dce4de96760ae760f568b2b9a1.csv,209987,f4e21caea16d18fb8c4f32ae1ab535e69964f3bd1c09f21d141b10bf78e4bdc4,numeric,1489.0,BIS/BIS,https://api.vitaldb.net/3382f6b6ae9c59dce4de96760ae760f568b2b9a1
338cdd851e3b0ad1d7e6c5b8d929aebfbb9a4e51.csv,1014179,f8e63ec481621745aa4f58149e231a7ced3528f8b2c8abc82b752d5ef7bdb9b5,numeric,1648.0,Orchestra/RFTN20_CE,https://api.vitaldb.net/338cdd851e3b0ad1d7e6c5b8d929aebfbb9a4e51
33b4d6b81b1fc24e24f4677758a885e02cc60fc5.csv,1002797,4d67283b177cb6699b54b908495eca51dfe6602c324e657e217b3ce631939f47,numeric,5937.0,Orchestra/PPF20_RATE,https://api.vitaldb.net/33b4d6b81b1fc24e24f4677758a885e02cc60fc5
33c8a2dddfa79991e390400769d1c07acf6d5e62.csv,752195,a319edefed2d47c3339f10cb5a9ecedf087c7c52ef06254d7a68460178f7d978,numeric,3118.0,Orchestra/RFTN20_RATE,https://api.vitaldb.net/33c8a2dddfa79991e390400769d1c07acf6d5e62
33dcbf0cd0bc398842cf4ed0c0b0d40fb7ad0d86.csv,48614,c53df8a9cea6311f6d297176a53e25c57385d1f8834ec5a753c1159d56c4fe7f,numeric,3319.0,Solar8000/NIBP_MBP,https://api.vitaldb.net/33dcbf0cd0bc398842cf4ed0c0b0d40fb7ad0d86
33de4877350592760c7b584585ed1626153f4d14.csv,415114,3335b0a900c293c2018a4bfaf1969daccb1e8657aeebe17fdf7dc8c7c825fa3b,numeric,2834.0,Orchestra/PPF20_CE,https://api.vitaldb.net/33de4877350592760c7b584585ed1626153f4d14
3400f5d98b8653b7ea127d9c90ade26bd6d2566b.csv,48821,54f44dc0d75667a2ad7cf34552101f8e1588ff95dcc4a21672777e771558f24b,numeric,3851.0,Solar8000/NIBP_MBP,https://api.vitaldb.net/3400f5d98b8653b7ea127d9c90ade26bd6d2566b
34080b2d49094feb6a7defbcdccd02cba845d46a.csv,244400,c42bc10a850c8c4a544cddd947125a1b0f6adebf7390e717080c5fc2ed44bdfd,numeric,2078.0,Orchestra/PPF20_RATE,https://api.vitaldb.net/34080b2d49094feb6a7defbcdccd02cba845d46a
3414a9fcace2ea6f4e3999dafe7e1829916df7e2.csv,43672,9491350fff424d748cc20e2af10374cc0c2c24d6edfafea968c4accd4211f43f,numeric,5560.0,Solar8000/NIBP_MBP,https://api.vitaldb.net/3414a9fcace2ea6f4e3999dafe7e1829916df7e2
341b4dc28f0be3284ec778eaa58b0339ee4118b4.csv,200827,61ebdd6dac4fa274c50094d29df27257b51a11fe701c9db1b2a6d6a7b3ab29b0,numeric,6037.0,BIS/BIS,https://api.vitaldb.net/341b4dc28f0be3284ec778eaa58b0339ee4118b4
341dc1666057cfd5f9f884706ac9a998b6bcb63b.csv,591864,3c86ffe4e6c7e0c95a907573eb5e0ff15ce336efb774811c34f413857cb4437c,numeric,485.0,Orchestra/PPF20_RATE,https://api.vitaldb.net/341dc1666057cfd5f9f884706ac9a998b6bcb63b
343112cd8327fc0f32d3da42daf40504fca33fe8.csv,587851,aec170fe9794479ec7816d701b5cc07a50154043be316930614ff066b3360a40,numeric,4457.0,Orchestra/RFTN20_CE,https://api.vitaldb.net/343112cd8327fc0f32d3da42daf40504fca33fe8
3431859b622a229c9bbd752b6cdd511b9069ac1b.csv,425188,16b145a2e864f4648dd0605967b0c0478f0804787da3d53ce388828d5fadb093,numeric,2732.0,Orchestra/PPF20_CE,https://api.vitaldb.net/3431859b622a229c9bbd752b6cdd511b9069ac1b
3432445fc76df1d6013870c9d94aba42e042a105.csv,422147,00a139a3754f5aea8d1c31535a9967a71eb8b0612e602e4a26bc44de493fb96d,numeric,4858.0,Orchestra/PPF20_RATE,https://api.vitaldb.net/3432445fc76df1d6013870c9d94aba42e042a105
349772c9881031a03768a781c8608f7ca5b17f22.csv,971919,11ce31f9ca1a36afd445f03107fcc16dcf968ada9a1fc61643138ad1a05f6bd6,numeric,3629.0,Orchestra/RFTN20_RATE,https://api.vitaldb.net/349772c9881031a03768a781c8608f7ca5b17f22
34bf81dc729b6e75fb293c6812de99a9a5c22224.csv,599624,aa280b95441a2077b51f2b86c008175d99528c36c6e8232232fe7f37227c1e08,numeric,1809.0,Orchestra/RFTN20_RATE,https://api.vitaldb.net/34bf81dc729b6e75fb293c6812de99a9a5c22224
34d231652b86416e612fac1fe4d669c9b12816f3.csv,14241,7069c37b61f92663e562d4946dcef3ec83a0b2436484d75ce0cc43485364f137,numeric,5178.0,Solar8000/NIBP_MBP,https://api.vitaldb.net/34d231652b86416e612fac1fe4d669c9b12816f3
34dade16ea40806705f2deb4a08f7547c84c6b19.csv,100819,0c43d90c4ce6ef16c3e4906be76d9051aa271a34ae91aaffc27cfbfe7fa00631,numeric,2311.0,Solar8000/ART_MBP,https://api.vitaldb.net/34dade16ea40806705f2deb4a08f7547c84c6b19
34db31403775e7c566dafe780a2bcc2aa1a7a20f.csv,811770,0097790bd1a5bfb0efbbdba983bce98b5d6c32f450163104cb2a49facd511443,numeric,5137.0,Orchestra/PPF20_RATE,https://api.vitaldb.net/34db31403775e7c566dafe780a2bcc2aa1a7a20f
34e3de9bed1ee88aa7702420582e934a3e194fed.csv,55770,b3c1a8b5b1c75b3abb3e53345f86b7cf4515b9aff89fe50370c7ecec84734a17,numeric,2435.0,Solar8000/HR,https://api.vitaldb.net/34e3de9bed1ee88aa7702420582e934a3e194fed
3502c877e11946a852a3855e97df5b41ed4347ab.csv,83605,3fd5f419a643a6664312bf0fabda6303d8ef0c69ed1ec4546e27b719c5db6818,numeric,2392.0,Solar8000/HR,https://api.vitaldb.net/3502c877e11946a852a3855e97df5b41ed4347ab
350c48ea3d4d05fed171478f1ea3ddd4aa549950.csv,536519,2800859903d7534559d19393914fa3bafec319b4098139f8308b1ce22277d808,numeric,4122.0,Orchestra/PPF20_CE,https://api.vitaldb.net/350c48ea3d4d05fed171478f1ea3ddd4aa549950
3513f1d66677a5417715ae983a1a7707e1e80bb6.csv,295506,d3d00666b2edf27ae603ae4defeaffc7bd10837ce3b76325a29a2c055e5c237b,numeric,3631.0,BIS/BIS,https://api.vitaldb.net/3513f1d66677a5417715ae983a1a7707e1e80bb6
35143235d43fd1f5407d32dcd998b649c2b59cc1.csv,78220,68738d80c1357a2f86f5c10915263885bed82cbfed0430e2097d1c0414b71f37,numeric,2231.0,Solar8000/HR,https://api.vitaldb.net/35143235d43fd1f5407d32dcd998b649c2b59cc1
3514a3d4583963d7821dc3fdd9085a4b8d67ddee.csv,54772,b6cf505d10b9cc07bd71ba3ce6fcb7351adb2978b7481d95bf970d9948251aba,numeric,4954.0,Solar8000/ART_MBP,https://api.vitaldb.net/3514a3d4583963d7821dc3fdd9085a4b8d67ddee
35210b15a46d3b1604405352a169eb5cf63c1ee8.csv,882622,09dd75f2bf5cff75ed86115b09a5eb71525051e4ae6a8d9845887b6aaf1fbb39,numeric,6280.0,Orchestra/RFTN20_RATE,https://api.vitaldb.net/35210b15a46d3b1604405352a169eb5cf63c1ee8
35222623b9d16aa0583ff9c359f9391bf87c25fe.csv,497437,1f78c412801d64f4e08bb6a4c8165bb7149af0d45ba66db0c5b5dffb196bc5b7,numeric,4780.0,Orchestra/PPF20_RATE,https://api.vitaldb.net/35222623b9d16aa0583ff9c359f9391bf87c25fe
354572031ab71660cdb3274a8927bbc3f57733d5.csv,312208,5d09a7a8e989db2e6e0108300b4bee67d61b58c7e218b7c7798231cc6f4df002,numeric,2794.0,Orchestra/PPF20_CE,https://api.vitaldb.net/354572031ab71660cdb3274a8927bbc3f57733d5
35555f74b0beb1d888e0980d7b7238e8043d310e.csv,40055,25a86e6141691b293ec517d490915b388d5190b6a0b83111a3c60c00e2374fed,numeric,1709.0,Solar8000/HR,https://api.vitaldb.net/35555f74b0beb1d888e0980d7b7238e8043d310e
3563f6ca3694afad83a3f1f01fe2fa433d2cbee1.csv,363304,472532d8797325f63d1e9957568513100ccbce83a3f63e505805b3656dbda3a2,numeric,4113.0,Orchestra/RFTN20_RATE,https://api.vitaldb.net/3563f6ca3694afad83a3f1f01fe2fa433d2cbee1
357d516d6c80822f08c9218d388adf536136db30.csv,568911,af658155a0a808c1357367ef01c8388ca4dd476dedde025936ec2693eda914ac,numeric,6305.0,Orchestra/RFTN20_RATE,https://api.vitaldb.net/357d516d6c80822f08c9218d388adf536136db30
358b37ca1c584afe1831b3487bbc60f2845d862f.csv,135243,068d648ae1b23c732e12e859a6de4b277361a7d77410dc9c709ed8689105278d,numeric,3846.0,Solar8000/HR,https://api.vitaldb.net/358b37ca1c584afe1831b3487bbc60f2845d862f
35c58eb32f32e18190e527dd1403ffdeea6262d5.csv,1053242,dbc5cb1b6662510a7f7af8ced1d6ca9ee1ad69038fa593fb83670cfbc326847e,numeric,1026.0,Orchestra/RFTN20_RATE,https://api.vitaldb.net/35c58eb32f32e18190e527dd1403ffdeea6262d5
35d42a2a8307ed97ce7d4f3644fd4830cb6937ee.csv,375300,b4f71e910946a31a0a4538b00d615c52abe11214575e4da326967f1d4a3eb995,numeric,3449.0,Orchestra/RFTN20_CE,https://api.vitaldb.net/35d42a2a8307ed97ce7d4f3644fd4830cb6937ee
35dd6832a0c4ddf4e85017936904a3cd62b545d0.csv,36294,2204801122f5523081a661f653434e802f702d33645bb3e1de48c84325493a89,numeric,3641.0,Solar8000/HR,https://api.vitaldb.net/35dd6832a0c4ddf4e85017936904a3cd62b545d0
35e06911e7de9c94ee48b518d59e6784f00e1542.csv,124895,5e989716a43c4c42801e6403889422122f0ef01616fbe0d1ca6e12100b484879,numeric,5206.0,Orchestra/PPF20_CE,https://api.vitaldb.net/35e06911e7de9c94ee48b518d59e6784f00e1542
35e892668df42684f61d3dd8f089505dffffdf11.csv,703622,305bff33f148a15e00a10d0641cc96a50feb2810cf3533a4841ecafd0e47dd0e,numeric,4991.0,Orchestra/PPF20_RATE,https://api.vitaldb.net/35e892668df42684f61d3dd8f089505dffffdf11
35fbecb64a73d9223e225c44c486c2fa7de6dd15.csv,549464,5a3a7f9b2e3750a483bca24cca173bfdc95df478e2ee2524c69e83ce74c2fc6f,numeric,1936.0,BIS/BIS,https://api.vitaldb.net/35fbecb64a73d9223e225c44c486c2fa7de6dd15
361ec68b6e46fd006956ec902116f890ef158deb.csv,852495,0338a1a9259f247d7d4badb804577c4357a3339da21a5c8c6909faef4695b80b,numeric,671.0,Orchestra/PPF20_RATE,https://api.vitaldb.net/361ec68b6e46fd006956ec902116f890ef158deb
36240c767126a6103f59163d22fa5da07d62035d.csv,841253,90bc9234d1ad9a49864e14d45f57f657219ad34b59e3181a16a4e315302ff185,numeric,5335.0,Orchestra/RFTN20_CE,https://api.vitaldb.net/36240c767126a6103f59163d22fa5da07d62035d
3629a997c8c1a5a07c129e11bd29ca8b9f0cc507.csv,238145,fe3467076f9ce8285825621ebbdb421baba59d25a027c6f6d90fbfac2ca061f8,numeric,4095.0,Orchestra/RFTN20_RATE,https://api.vitaldb.net/3629a997c8c1a5a07c129e11bd29ca8b9f0cc507
3662a68f4ece0f7f4200d0fb31cb20945d73882b.csv,891564,a8fd68ccf3b66cf33861e26431738764170cc685b51e5df44b81abe3602b07dd,numeric,5388.0,Orchestra/RFTN20_CE,https://api.vitaldb.net/3662a68f4ece0f7f4200d0fb31cb20945d73882b
3673649a1cd2a79e46970c393b43f699438123b1.csv,170130,9414f6c69dc5fbab101e388887a81a2a68735fb4ae509c62329efdd2eab5f6d2,numeric,3851.0,Orchestra/RFTN20_RATE,https://api.vitaldb.net/3673649a1cd2a79e46970c393b43f699438123b1
368428ec1803291f0483b4db46479414de142093.csv,113129,33348337e46b36be4eff1f1a4bcafe98fc9bb2ecda3ca1ecc13a279e43e4622b,numeric,3150.0,Solar8000/ART_MBP,https://api.vitaldb.net/368428ec1803291f0483b4db46479414de142093
36ab4d487579e7bc36489dbcdf4ee47d5eefa537.csv,248449,3614823ac0ec0f2126988fb8dffc8f35148aab07d26938e18b9177d2fef4fb18,numeric,4447.0,Orchestra/RFTN20_CE,https://api.vitaldb.net/36ab4d487579e7bc36489dbcdf4ee47d5eefa537
36beea38ec9466be677bcd06473def84ef7620df.csv,535743,23afb5bbafcc29e3e98c625f8b175299b1c0a1ac10edc4243b76d15b4c9410c3,numeric,2617.0,Orchestra/PPF20_RATE,https://api.vitaldb.net/36beea38ec9466be677bcd06473def84ef7620df
36c0f0c8139505cb13d8a2b8d8dc8b6c6f56abbd.csv,644757,38747471685d7e0d4b3bc5a858092b66be6b32986244fd66deb1f6bff332b9ac,numeric,2949.0,Orchestra/RFTN20_CE,https://api.vitaldb.net/36c0f0c8139505cb13d8a2b8d8dc8b6c6f56abbd
36c845c7a7b788e7ecc930083d8d409a0509b5c4.csv,276957,fba4d5276ac52a21856e08913f731d3b325fb193b8322b4d470a780c981e7bae,numeric,1785.0,BIS/BIS,https://api.vitaldb.net/36c845c7a7b788e7ecc930083d8d409a0509b5c4
36d223fc83215a688f9fe942f64b7c3243d45b48.csv,91730,80f5521f0625f87e523d3bb927d4d86778faa22d39cbbe43ebd4b9631b9d2102,numeric,3468.0,Solar8000/ART_MBP,https://api.vitaldb.net/36d223fc83215a688f9fe942f64b7c3243d45b48
36eefa203c883c71c03e6670412ad79f18b1708e.csv,218331,dbeaa5f91b6b550fd7aea5577154f01815cc7f38bf0a0068ee3a7c3a58935058,numeric,3873.0,Orchestra/PPF20_RATE,https://api.vitaldb.net/36eefa203c883c71c03e6670412ad79f18b1708e
3741f0607d0083e65af5cab1e0aea61fd697da44.csv,490515,0737bff4030c65577980de93cdb314e328c41fb83d160789ba4f6e5c75e29fa3,numeric,4261.0,Orchestra/RFTN20_RATE,https://api.vitaldb.net/3741f0607d0083e65af5cab1e0aea61fd697da44
3756a7a6e2b296c1c3fafc99b48067f8ff21b982.csv,123128,6e0a2783a575160a03229038babd98d3a09d05adcfa099c4c444662c387e94f5,numeric,4646.0,Orchestra/PPF20_RATE,https://api.vitaldb.net/3756a7a6e2b296c1c3fafc99b48067f8ff21b982
3759b852885d93edfc19a6a49254cfb27105b5de.csv,49749,fb56f0e2d40dee6afdb6ae1e4a95aedb46893387af715d3d4019343b8e40819a,numeric,481.0,Solar8000/HR,https://api.vitaldb.net/3759b852885d93edfc19a6a49254cfb27105b5de
3762fe7d95ffa3774c5e3dccc3caa5d1ea11cb39.csv,414077,fe7001e5dcaacedec60bbbc5bd1d84cae92df476e7b66d8da89d6679d98b7146,numeric,5407.0,Orchestra/RFTN20_CE,https://api.vitaldb.net/3762fe7d95ffa3774c5e3dccc3caa5d1ea11cb39
376ae0c2c8026ab09788c270c59c6e5e10a4248d.csv,808329,051ff865beaef4ab5a4c0c9739c2f56b5128206ed86e763720971dbaf3faa475,numeric,353.0,Orchestra/RFTN20_RATE,https://api.vitaldb.net/376ae0c2c8026ab09788c270c59c6e5e10a4248d
376c60fc6c27849f04dc49aa1d4c53b3cac25094.csv,430731,a4e1905001866d846f7233cb94f69f35f4bb05e58208fa5ae0b3dd55eb9895df,numeric,124.0,Orchestra/RFTN20_CE,https://api.vitaldb.net/376c60fc6c27849f04dc49aa1d4c53b3cac25094
3773428dda5d595d97f63aa6076d1361261eac60.csv,39767,f6e769d1370cf2b78e0f3a8accb73176c08e6d8de5f2c1e1e96f723a33190435,numeric,3114.0,Solar8000/HR,https://api.vitaldb.net/3773428dda5d595d97f63aa6076d1361261eac60
37754f964fc68bf05c97054d63b57cc271f477d1.csv,548504,9dd6e7d4ff0117ddb7468580f6a1a81c51fa11b6a81b4ea6f9d904dac6daa1ca,numeric,2943.0,Orchestra/PPF20_RATE,https://api.vitaldb.net/37754f964fc68bf05c97054d63b57cc271f477d1
37852eae24fee446ce75b1a9f9d5d36158790a4f.csv,550831,caff620fa3584c63b3dc1a52f298f67f369e51218fdc6ac2a75ee3831e8fb9d3,numeric,6163.0,Orchestra/RFTN20_CE,https://api.vitaldb.net/37852eae24fee446ce75b1a9f9d5d36158790a4f
37895a626328a3f60b92061991d3e04f4551158d.csv,57368,1faccb3bf44576b404cf3e91363e712eec259098d26b15f0f5cd5461f71cdc16,numeric,3421.0,Solar8000/NIBP_MBP,https://api.vitaldb.net/37895a626328a3f60b92061991d3e04f4551158d
378a416fe1809174e776e42901b453609ac8dc81.csv,55756,381830f2e37b501351b7bd6bdc275eda13f601eaa7adcfbc45d3e6f276dbd4ac,numeric,5680.0,Solar8000/HR,https://api.vitaldb.net/378a416fe1809174e776e42901b453609ac8dc81
378dd18f6dad030bd48cb791551dcb84e5d75141.csv,234227,75b341deb64c819b732c76a713a4410b61eaf865c4dad888c1d2102470c9695f,numeric,4567.0,Orchestra/RFTN20_RATE,https://api.vitaldb.net/378dd18f6dad030bd48cb791551dcb84e5d75141
3799da15a95b4afd7d767e61ff4a93ae432192f0.csv,1853515,e613cf246b7d14feabf2ee515b1954b63bd9d7ee9dff4bb49d0cf9d94e217edf,numeric,1703.0,Orchestra/RFTN20_RATE,https://api.vitaldb.net/3799da15a95b4afd7d767e61ff4a93ae432192f0
37ba4b43282935ca8a0c86f1c349f2f5d2585a77.csv,328924,848e79fb795cf71bedd01573c1b521a276b3a67a5060621e4a51dc35ed614062,numeric,1659.0,Orchestra/RFTN20_CE,https://api.vitaldb.net/37ba4b43282935ca8a0c86f1c349f2f5d2585a77
37bcedb7c70be20c8aef0816358dfada1fcc135a.csv,513300,1ba8ab8d263dc8c21fb5e76af3bef8f077f82ffe51eb789c6d26448894415131,numeric,1408.0,Orchestra/RFTN20_VOL,https://api.vitaldb.net/37bcedb7c70be20c8aef0816358dfada1fcc135a
37bf5c2a9995bbc003d932313a34817bec1f026f.csv,912975,1837f57118426c2743d28d16da8df21815fafd1e119a2dc28b37c803d2c60470,numeric,382.0,Orchestra/RFTN20_CE,https://api.vitaldb.net/37bf5c2a9995bbc003d932313a34817bec1f026f
37dae71cf862dc871411ee6cd4f2aa8925f92687.csv,42485,4131de188f5d9d74ea64a65e91757e9f383802353331cd004728b87b86f1cd69,numeric,1813.0,Solar8000/NIBP_MBP,https://api.vitaldb.net/37dae71cf862dc871411ee6cd4f2aa8925f92687
37df769f3d5d72b8fc30fb3d352d7ddf2ab82770.csv,297933,37a4acb6bd8283dd649e2c6928459103e25cb199bad7499fb49600e5aa82851c,numeric,5345.0,Orchestra/PPF20_RATE,https://api.vitaldb.net/37df769f3d5d72b8fc30fb3d352d7ddf2ab82770
37ea4614fe68bfc21d00d58cc3d4d1ce194b065b.csv,37408,5abfe02f0294a784461e749050208e20ea60ed41dfb6fb1bd80a9ff020cc9efb,numeric,2488.0,Solar8000/NIBP_MBP,https://api.vitaldb.net/37ea4614fe68bfc21d00d58cc3d4d1ce194b065b
37f339842e90d0f8eda1790ac5a6ebbc00a2b6b8.csv,311758,e5fbce227e3e16dd3ae8667581a472fc5f37805b87b79bbf00a6516a0bba3139,numeric,4630.0,Orchestra/RFTN20_CE,https://api.vitaldb.net/37f339842e90d0f8eda1790ac5a6ebbc00a2b6b8
3811d01686a5ba238ddad0c600a2a667407505ce.csv,108158,489fdc85da486b6d13d5424c194e8d02539c25882dffce79372bcde4a4d94f24,numeric,822.0,Solar8000/ART_MBP,https://api.vitaldb.net/3811d01686a5ba238ddad0c600a2a667407505ce
381659746c67c24e1e6c537bbb747447d3e7a98c.csv,81028,bd05fda72556628eb8e4f4713103fbdde5504431be39c28aa9ace563bbd00989,numeric,795.0,Solar8000/HR,https://api.vitaldb.net/381659746c67c24e1e6c537bbb747447d3e7a98c
383cd822117f0742b87b0323128a95604c5e4ca0.csv,374495,6f25837d3a9b2a6de54f190d6f694e3a10ddba8348a47fb9a7ba7346c463f023,numeric,5469.0,Orchestra/RFTN20_CE,https://api.vitaldb.net/383cd822117f0742b87b0323128a95604c5e4ca0
38582f2b9a0e4b890a3ac567d27a9b24e49c978d.csv,308524,418b278e902983df849e4806e2f545a4158d3c0f07b03510c421b36cb0db20ec,numeric,1136.0,Orchestra/PPF20_CE,https://api.vitaldb.net/38582f2b9a0e4b890a3ac567d27a9b24e49c978d
3874b909b70752177af214629d2eca08c2f5cefd.csv,54942,944f3427636e0f83402a35129b1aaf0125746658c4dc584fca3bf1d420317266,numeric,3023.0,Solar8000/HR,https://api.vitaldb.net/3874b909b70752177af214629d2eca08c2f5cefd
38d5ea28db3e6a861ba7591733995071983c0271.csv,346855,ca72e30c775696bbc0dc79f67f3c46ba2db464cea3b675ba3357cd8503b6cdbd,numeric,5662.0,Orchestra/RFTN20_CE,https://api.vitaldb.net/38d5ea28db3e6a861ba7591733995071983c0271
38db8d59a08c0da1480e3c1a15fbc5c6aa29e8be.csv,382542,ebd790a75ab43b3befe46ef6a25d1a2e99578f20f54fd016250dbbbfe7e84807,numeric,3343.0,Orchestra/PPF20_RATE,https://api.vitaldb.net/38db8d59a08c0da1480e3c1a15fbc5c6aa29e8be
38dd1d646efbc3e5b76b4f195aa34b77c5c31905.csv,156681,f2939d33cb21e0290ad3686751b0006adcc9edc6de12d0f04c69fb498318f2d5,numeric,4920.0,BIS/BIS,https://api.vitaldb.net/38dd1d646efbc3e5b76b4f195aa34b77c5c31905
38df9474b1bad26d7ef3754b1cffb219b05adffe.csv,869256,11d624efe555a2b010ed19cb51fcbf08faea5505a65ed038ef60eb2106b33069,numeric,5777.0,Orchestra/RFTN20_CE,https://api.vitaldb.net/38df9474b1bad26d7ef3754b1cffb219b05adffe
38f8c32f6eb32b19c56f4794c7156969f2cf4c69.csv,173031,4e381bf7b760b9e8e4c59d4928f71457522552c70c963f07324aa4ee3397f572,numeric,3873.0,BIS/BIS,https://api.vitaldb.net/38f8c32f6eb32b19c56f4794c7156969f2cf4c69
3956863c5f3c681cf894a82d6370fbfcee6bb6ff.csv,468601,974a1d85ca35f8a0c2b84806e6d5e5cba0f30c8253dfaff141202b384a0d0217,numeric,3426.0,Orchestra/RFTN20_RATE,https://api.vitaldb.net/3956863c5f3c681cf894a82d6370fbfcee6bb6ff
3957ceb38fec63c75ed1b1b883db1a15f311c779.csv,494776,2f5c605ae7d04ad89cfcf1fdfa7ef9e97326f0229bccdfe2b5e07149d8404a22,numeric,3439.0,Orchestra/PPF20_CE,https://api.vitaldb.net/3957ceb38fec63c75ed1b1b883db1a15f311c779
3961fe12abaf82ee4fe57d2e5fe8f6ec6430d2d4.csv,798940,ce5327612bfc04e8016ef4dadc934591709553108727ffeed21b5b2b1eee0c91,numeric,1149.0,Orchestra/PPF20_CE,https://api.vitaldb.net/3961fe12abaf82ee4fe57d2e5fe8f6ec6430d2d4
396706b03276d7b807c07292d9ba52541cdc29c8.csv,67208,c0c7e90777bb9641b6519bb21711fa7b293e56fecbe30d7000fc5290f9265a37,numeric,4547.0,Solar8000/ART_MBP,https://api.vitaldb.net/396706b03276d7b807c07292d9ba52541cdc29c8
3968b2f4835e2ce8c393464e308c29844fdb5a2f.csv,258755,f37172c5cd78b0f40641fd0e838d1f220ffa1d6eb4dc049c024b022a4a7665cd,numeric,17.0,BIS/BIS,https://api.vitaldb.net/3968b2f4835e2ce8c393464e308c29844fdb5a2f
3980a28279ab4e96cf0b1a84c2dd08f131812064.csv,15732,85f1a87959bc00fc35ea5bbcf24174145e762438ff2c09f333be83c420ccff8e,numeric,1213.0,Solar8000/NIBP_MBP,https://api.vitaldb.net/3980a28279ab4e96cf0b1a84c2dd08f131812064
398f678b72c00013c6ab925e52ea75a923fcf08c.csv,91572,5e5166150134dc9bc10c224a7ce2fd94c1da47949f434f006470d0e584ed3143,numeric,3325.0,Solar8000/HR,https://api.vitaldb.net/398f678b72c00013c6ab925e52ea75a923fcf08c
3998d2563fd8c03b3172fd87c135b9c126a60646.csv,120207,b2f64dea9c4537f8228790fa27db2561ec6a40ca81c32b5f6c6ab79ff9114e00,numeric,4541.0,BIS/BIS,https://api.vitaldb.net/3998d2563fd8c03b3172fd87c135b9c126a60646
399c393c5553bb05e2cf0fd1e0e8e7d2feaf10fe.csv,85371,43a35ec6b82407d8cecf2e4eb9b9c1266d165b6d03c30cf582618fe267739ea8,numeric,6181.0,Solar8000/NIBP_MBP,https://api.vitaldb.net/399c393c5553bb05e2cf0fd1e0e8e7d2feaf10fe
39db8c6bd4cd6a8982616ff995cfc19d927e0253.csv,337834,20d76042f92222254ba4eb41b7ae0d2d55ab1d9ccc9bedc7cfb491a259cb848a,numeric,6210.0,Orchestra/PPF20_RATE,https://api.vitaldb.net/39db8c6bd4cd6a8982616ff995cfc19d927e0253
3a3f57fe66970466b97f6d4c8b5286af32c5e93f.csv,257218,24ef99830c9798bfb751f27646e4b5fc4efb0c56895c542b498debd8112f99b1,numeric,4868.0,Orchestra/RFTN20_CE,https://api.vitaldb.net/3a3f57fe66970466b97f6d4c8b5286af32c5e93f
3a79f83fdcee09f8e9b521a4311cf27c39b2fc7a.csv,223338,cc1a2b8fbd6b372cfee171d2bf8f3fa6c619141524fb53128a6ae67ab8e6805c,numeric,6170.0,Orchestra/PPF20_CE,https://api.vitaldb.net/3a79f83fdcee09f8e9b521a4311cf27c39b2fc7a
3a92152acb7198bebb6b688e63412843bfb718d4.csv,339782,697c625f1c102af117d79ec1b41c6f19d17a15269c7e8e0439e02d8faa55d5ee,numeric,309.0,Orchestra/RFTN20_RATE,https://api.vitaldb.net/3a92152acb7198bebb6b688e63412843bfb718d4
3aa0ed2b9b14ace2daee238f727003afb4bb4270.csv,98399,607b5a934fa63524e0c34810dc66d0776287cb73fe8cc2062f2a71cc4ea400ca,numeric,6280.0,Solar8000/HR,https://api.vitaldb.net/3aa0ed2b9b14ace2daee238f727003afb4bb4270
3abd23e64d2b72dca8c2b90e11b54e9b0e816b00.csv,206741,2364fd8ebace7689f3286caf3df2e02d7d778132f1a7529ad39c74c6cd690e50,numeric,3875.0,Orchestra/RFTN20_RATE,https://api.vitaldb.net/3abd23e64d2b72dca8c2b90e11b54e9b0e816b00
3acb7ca88789a29ec6bd2b30cc8c584d048b43b2.csv,176621,c514179d890ad10285657e6ce8fdfb59ad4823b40d05962643d398ccf750e137,numeric,6346.0,BIS/BIS,https://api.vitaldb.net/3acb7ca88789a29ec6bd2b30cc8c584d048b43b2
3aedced09178c48fa674dcad0f15ca927e87ce04.csv,157464,57e6be1a59deee5f5c6a7b18fc9db72736c18d8f2bf6bde74183b40741ec7b30,numeric,4547.0,BIS/BIS,https://api.vitaldb.net/3aedced09178c48fa674dcad0f15ca927e87ce04
3aee6c1c3c5bf4cfb45dfbbe2432468d42babca9.csv,65625,34281a42133fa6c142484f5d91248272dcade066f7884e2b0665032f6d98dd98,numeric,1408.0,Solar8000/ART_MBP,https://api.vitaldb.net/3aee6c1c3c5bf4cfb45dfbbe2432468d42babca9
3b0ac13612cbf4c0848a70427a28bb87127053ea.csv,620970,9c00673bfcec654fa3ee0cae35ba8142f29ca0b02cc1c2763c17c6fd920bfa22,numeric,5077.0,Orchestra/RFTN20_RATE,https://api.vitaldb.net/3b0ac13612cbf4c0848a70427a28bb87127053ea
3b2ec44f4ddc7c35e76c110925dc5b0bfc102657.csv,808826,3dff72cee051df496f5e017654d1c12f50df66408aff10f4a235e5738865c55b,numeric,2311.0,Orchestra/PPF20_CE,https://api.vitaldb.net/3b2ec44f4ddc7c35e76c110925dc5b0bfc102657
3b37024920c101a4b342696c07066bd585b35cd0.csv,481477,84ed62d4d0a11c6e0545d31c01592e013d3489a1ff61ef57d7469eef776637a0,numeric,1946.0,Orchestra/RFTN20_RATE,https://api.vitaldb.net/3b37024920c101a4b342696c07066bd585b35cd0
3b6ffe3a543e1c33b7c8d3f7e7c9a5fc63c47e62.csv,71844,4d00268681fe7283bffd683a314d66939810cf42246a3bc857b0ff3e6657aa51,numeric,1889.0,Solar8000/NIBP_MBP,https://api.vitaldb.net/3b6ffe3a543e1c33b7c8d3f7e7c9a5fc63c47e62
3b74533f8bce0ee31e1884ba60e6dd48c0135bac.csv,605705,5ab6f4f2ba84d804dd03e1a098b261684328d65f3daf717b2e683935d14ea8a0,numeric,1089.0,Orchestra/RFTN20_CE,https://api.vitaldb.net/3b74533f8bce0ee31e1884ba60e6dd48c0135bac
3bb0c61c56b10932c7ae66c64a4488b008c591c7.csv,615309,46b1b6915f3f11205048a5ce5d97caff4ff64580903767ba6508f270b33aaa0d,numeric,3352.0,Orchestra/RFTN20_CE,https://api.vitaldb.net/3bb0c61c56b10932c7ae66c64a4488b008c591c7
3bc7785cffceffa45ebdc2b0dc222440320666be.csv,891961,11ff7a19b59c7d48448b768974166f54558e191668eb60e7ffbe5bb7a8952f49,numeric,3348.0,Orchestra/PPF20_RATE,https://api.vitaldb.net/3bc7785cffceffa45ebdc2b0dc222440320666be
3bd7249adbf2e207a2c6bc9d3528478613867f6b.csv,379914,2479681ed08d098b24395ec9fe522546b737fcbf7b7ffc27cd67422cc9bc5d77,numeric,4145.0,Orchestra/PPF20_CE,https://api.vitaldb.net/3bd7249adbf2e207a2c6bc9d3528478613867f6b
3bf1b06900f41d5ffabd7e7edf33f8f48dae237f.csv,83701,f3b8974222dfaed1a2430061c34f9866a9c2c09f382c64e188ce58e9e40393df,numeric,5751.0,Solar8000/HR,https://api.vitaldb.net/3bf1b06900f41d5ffabd7e7edf33f8f48dae237f
3c091a31dd9367634fc6221d2756e11e2807b8ae.csv,783166,6cd9ee0f47a87758fa1a3c84470bd8acf76c837873a8020fef22d5db877ded94,numeric,1267.0,Orchestra/RFTN20_CE,https://api.vitaldb.net/3c091a31dd9367634fc6221d2756e11e2807b8ae
3c2f294d48be3223740d16bddf85d893124c3fc7.csv,37543,fa0baed3c397e3b6bef9128aaf37c91485e3564a27580f795d986cc07b08d362,numeric,3091.0,Solar8000/HR,https://api.vitaldb.net/3c2f294d48be3223740d16bddf85d893124c3fc7
3c33f7af0ceb60fd5520e093844db11f9544baa8.csv,238200,2aa5915d5c4e1fd16f83ba0ca13374a13a37e762eea47d7ce483aa7fc9df33f6,numeric,5004.0,BIS/BIS,https://api.vitaldb.net/3c33f7af0ceb60fd5520e093844db11f9544baa8
3c4532206aa88f368be65f25d73cec5eb893bfb2.csv,170709,b02a0d9d32e7c92301e68abab1fa318dbe9dd4c61ec66626a0df1e7382328d3e,numeric,3172.0,Orchestra/RFTN20_RATE,https://api.vitaldb.net/3c4532206aa88f368be65f25d73cec5eb893bfb2
3c483df746f4aa7f1d6c9e9652840b5e5fe125f6.csv,167483,d504be45c62aaa2e270169cef916b3c767f36d32f2510a22a7a65b46720c38da,numeric,5178.0,BIS/BIS,https://api.vitaldb.net/3c483df746f4aa7f1d6c9e9652840b5e5fe125f6
3c5b3007c247b598c31483891c3a5b45ffbf0ee2.csv,106403,5389c81b333d6ec7cb12ca3a19f6831b66d5d1ead680196dfc2fc70951266cb0,numeric,405.0,Orchestra/PPF20_CE,https://api.vitaldb.net/3c5b3007c247b598c31483891c3a5b45ffbf0ee2
3c776365201abc6c07c37c0558d7f4bd4c88f473.csv,302955,0a6e3bc97b3f24d54983b1a01b55a4e545e1ab8712dcb4c74b7e97389aed28c7,numeric,6210.0,Orchestra/PPF20_CE,https://api.vitaldb.net/3c776365201abc6c07c37c0558d7f4bd4c88f473
3c7d660ef77ccd3aa3339bb2cbbc3452c0fb5caa.csv,142433,f7375eeffdc52a52b3ed086dd856846b5b791df2be10211e864efc86493082d9,numeric,2805.0,BIS/BIS,https://api.vitaldb.net/3c7d660ef77ccd3aa3339bb2cbbc3452c0fb5caa
3c955543399058bbc0fd0ffb6b2e48cb8817d2eb.csv,55510,1aa025580becc8c1bf08274547d04206b0eed0a52e95fd7d53d50ea5cf0eb409,numeric,4913.0,Solar8000/HR,https://api.vitaldb.net/3c955543399058bbc0fd0ffb6b2e48cb8817d2eb
3c9b7b09213015c3f534680b07e0b3c3c18c7c4b.csv,827489,18a211c741326ab599bb515aa6c60d0b600a32f5758d05b4a01a8be6563e6f86,numeric,5180.0,Orchestra/PPF20_RATE,https://api.vitaldb.net/3c9b7b09213015c3f534680b07e0b3c3c18c7c4b
3ca4df42efb453f21c59f28623dd6edec293b0f2.csv,321678,1cd3871a0da35e443a539116c1f6de1cc3198b92b2076e785602a98aaa24ee07,numeric,2678.0,Orchestra/PPF20_CE,https://api.vitaldb.net/3ca4df42efb453f21c59f28623dd6edec293b0f2
3ca51dd954abd103cec1ce365937e315944bed77.csv,329815,6b7dfb4b5a78b87b7eaed08bb3b5c1e330a820e0cdd6a6838838e416631915d2,numeric,3343.0,Orchestra/PPF20_CE,https://api.vitaldb.net/3ca51dd954abd103cec1ce365937e315944bed77
3caf9e6e28aca1099493fd273d58601a2c2d4bb4.csv,456894,9659dbe559cd3313e7c2476c3cdc71c205a4278bcbc0ea6701b8bd2c16d28e78,numeric,4227.0,Orchestra/RFTN20_CE,https://api.vitaldb.net/3caf9e6e28aca1099493fd273d58601a2c2d4bb4
3cb84e2bcd72143c091d6711f31eb5f06ee5fea7.csv,117811,2ea2d59d068d1b51e9c522b16eb31508bd302c15a5398d035ab80a70a23b82d0,numeric,4179.0,Solar8000/HR,https://api.vitaldb.net/3cb84e2bcd72143c091d6711f31eb5f06ee5fea7
3cf34ec697543f25b972e9aab0b36c42a49f6f8a.csv,1177450,b465d0b2303842838b63470dfb1ed39844c5c8e81b65b53e730ef5c960686634,numeric,5360.0,Orchestra/RFTN20_CE,https://api.vitaldb.net/3cf34ec697543f25b972e9aab0b36c42a49f6f8a
3d0de8001f44cdf4bb30aa5db957e08e501de4c4.csv,60551,1927a9239da7238c2464ace4985c7cf43eb05e39dd8e4e48e0626521d2746824,numeric,5558.0,Solar8000/HR,https://api.vitaldb.net/3d0de8001f44cdf4bb30aa5db957e08e501de4c4
3d0efba081f2c892992ec29ffc30c4dbfebc2633.csv,52445,e4082c63f2f0152054fb322d3bc3d1e7b2d0df4a59987da9f1c9dec01d91e396,numeric,1784.0,Solar8000/HR,https://api.vitaldb.net/3d0efba081f2c892992ec29ffc30c4dbfebc2633
3d332273813ce2007a23f3fe56da984c813b8c82.csv,429919,c137b63e645bec0ceaf5e222fd13440521910f0d2fc0fc57029754a8ce8b278d,numeric,4658.0,Orchestra/RFTN20_CE,https://api.vitaldb.net/3d332273813ce2007a23f3fe56da984c813b8c82
3d34aa99ea6f763d2a0bf61991b2f090d3527efe.csv,399476,14fe95a8e076c3e1113baa2d8bfa9f6d4bcb4f3ec3aecc78da0aa4038c058b65,numeric,2834.0,Orchestra/PPF20_RATE,https://api.vitaldb.net/3d34aa99ea6f763d2a0bf61991b2f090d3527efe
3d85701ace6f8a5bd7035ff3aae06e8d22b50736.csv,502600,00da93c94c3189a208748063e32f8266c62d452301053669b12afbe6e0ceb517,numeric,2435.0,Orchestra/PPF20_CE,https://api.vitaldb.net/3d85701ace6f8a5bd7035ff3aae06e8d22b50736
3d8a04fd7177acb78a713f9485944137f2a75790.csv,317003,f84436354078e5852ce95ec14eeb337f02d7eb0fd4b56ce61e9b9b7d5cd930c7,numeric,4462.0,Orchestra/PPF20_CE,https://api.vitaldb.net/3d8a04fd7177acb78a713f9485944137f2a75790
3d90ca345dd099084eef9db6a0a7c94c137cf5d6.csv,581014,c047b32c1a103eac7b134076aa78dc9fba28ca27bcc976cd6fde34178f358838,numeric,5781.0,Orchestra/PPF20_RATE,https://api.vitaldb.net/3d90ca345dd099084eef9db6a0a7c94c137cf5d6
3d9c57ff2feb3fcfe8b7d80bbe6406de7c2663d2.csv,1510013,b15f16153ec5be6867153120b8777ba3a050f9d4537099680dc7321bfbf9df30,numeric,1191.0,Orchestra/RFTN20_CE,https://api.vitaldb.net/3d9c57ff2feb3fcfe8b7d80bbe6406de7c2663d2
3dae8943e6ca2b295315c79d7afaf3ee08f0c925.csv,71571,ad772719d6c08c6de489a8e47a425abdb9de071ee74149ce372feeb7d3056cce,numeric,5077.0,Solar8000/HR,https://api.vitaldb.net/3dae8943e6ca2b295315c79d7afaf3ee08f0c925
3db95b201b48492b8efa44b5a07e1339d128ce4b.csv,81083,14d94760901d5161867a21f256b70bc22d428a05fbad739a2072930c5dcdacb9,numeric,2617.0,Solar8000/NIBP_MBP,https://api.vitaldb.net/3db95b201b48492b8efa44b5a07e1339d128ce4b
3dd909b72dde2fef344c591b1393daf1a6ba7d7f.csv,835196,75509b92f18c84157507090803dc854cf8b020470053226e2b77da73d26a7ce0,numeric,5180.0,Orchestra/RFTN20_CE,https://api.vitaldb.net/3dd909b72dde2fef344c591b1393daf1a6ba7d7f
3ddeb05dc2c15be5c19910f46c58a4866e765fb5.csv,131828,b75c9879a9ef9da9b84ff950abfa0f43868a766d566148a62fe773d9b5dc030c,numeric,6061.0,Solar8000/ART_MBP,https://api.vitaldb.net/3ddeb05dc2c15be5c19910f46c58a4866e765fb5
3deb7c7ccf86aadd2f873928a1b665e2637d0ad0.csv,889145,f6e2d1fd88fea6f680fbba05e36e0613494d763c4ff06f79d75ee3dfb3b64a30,numeric,3737.0,Orchestra/RFTN20_CE,https://api.vitaldb.net/3deb7c7ccf86aadd2f873928a1b665e2637d0ad0
3df112a50c0b38dc5e1741c31f929526a389cd1e.csv,81136,486a59bc1f145c6ba8b060c87dfad33efecccbde98a10755444847c793f0e165,numeric,3759.0,Solar8000/NIBP_MBP,https://api.vitaldb.net/3df112a50c0b38dc5e1741c31f929526a389cd1e
3df4eaca3e8d80706a4e42effa7aa6b04fca50fa.csv,170405,f2f80a954d1f56d6fe67e68660ab4466d184885be7f9c351c6c56e7e58e56593,numeric,5142.0,BIS/BIS,https://api.vitaldb.net/3df4eaca3e8d80706a4e42effa7aa6b04fca50fa
3df68a05db2cc64b3ecf1b3eb008b22d4e151306.csv,262798,c0a7255734e5751e45e4b8fec80333bd9088f7bec37ccd2756ad91c9303e8d01,numeric,4709.0,Orchestra/RFTN20_RATE,https://api.vitaldb.net/3df68a05db2cc64b3ecf1b3eb008b22d4e151306
3e267299e2044450aac68abe7627297b4226ad65.csv,430331,77f01b3e9fe66c50208548771706734e23cc7dd32692eacf71e2409a8395d4ae,numeric,481.0,Orchestra/RFTN20_RATE,https://api.vitaldb.net/3e267299e2044450aac68abe7627297b4226ad65
3e34784ea4776c4748b0bffe69ba51a6a81a6d4c.csv,122632,3ad0767d79602e731f946ecb124280f6054e1ee2a5377829cc5e365c02ae70c2,numeric,3331.0,Solar8000/HR,https://api.vitaldb.net/3e34784ea4776c4748b0bffe69ba51a6a81a6d4c
3e4617acc5fb84724d3b9ec30a8e5420a4568099.csv,203635,916e6ecafb3744501b5f475bf9ac39fd924ef49d61a4c19fa9676332ed2f2c15,numeric,3875.0,Orchestra/PPF20_RATE,https://api.vitaldb.net/3e4617acc5fb84724d3b9ec30a8e5420a4568099
3e4b8337b2ebaeebf0aca06250d038b27ad30f4e.csv,140026,dce2c402d526ea04efdd5cfc8b1389f23571f21fad113dc1f854fd5a9e8a9bd3,numeric,4464.0,BIS/BIS,https://api.vitaldb.net/3e4b8337b2ebaeebf0aca06250d038b27ad30f4e
3e5cf9254cee87954dd18a97b6c97e398ae34e66.csv,720312,c3a492e4affedbcdceca3cf8ad0a645b56bf5611b2f37039b5b8f55f3df7fbde,numeric,4179.0,Orchestra/RFTN20_RATE,https://api.vitaldb.net/3e5cf9254cee87954dd18a97b6c97e398ae34e66
3e603d669c469e5b308cdd38fb99119954548fc8.csv,453924,39380585552666688c420e68bd51e97eecd8752ef1c3d2044adf2e8c5bdf05cf,numeric,2750.0,Orchestra/RFTN20_CE,https://api.vitaldb.net/3e603d669c469e5b308cdd38fb99119954548fc8
3e681830d74a515cb276f0168df2b0730f998224.csv,788625,45fd5c660497704bbd87b305639f27d00f24f3d079fc9b8daa8386674ed1a1e9,numeric,5966.0,Orchestra/RFTN20_RATE,https://api.vitaldb.net/3e681830d74a515cb276f0168df2b0730f998224
3e735a8290e2f0e62e08b4e88e72ed7b7a54e0d3.csv,81229,61d1119de1d2a37cbd793c1dbb4c578f0ecb66bf012692e98d12be2ec7c1c796,numeric,2078.0,Solar8000/NIBP_MBP,https://api.vitaldb.net/3e735a8290e2f0e62e08b4e88e72ed7b7a54e0d3
3e8f50de265a2835fd53c3d60ea891272f316fc8.csv,119266,595fc79085963be81a651198cb458f4d3ea36b42b7f620c9e88631e56aade7a8,numeric,1925.0,BIS/BIS,https://api.vitaldb.net/3e8f50de265a2835fd53c3d60ea891272f316fc8
3eaf219251e16ccbb1735298bab7cd20f6c50be5.csv,95034,738ce34f0c0e29d6d76179050ae9f719b6a52c75144c42357aff59792667b358,numeric,3737.0,Solar8000/ART_MBP,https://api.vitaldb.net/3eaf219251e16ccbb1735298bab7cd20f6c50be5
3eb7c20aadcdfe4da9fb41912342f1d71cf2ec6d.csv,648245,97b328cd0f8f18e445ad460ef0769997f39a6745c876e711913b4a8320d33c3b,numeric,1172.0,Orchestra/PPF20_CE,https://api.vitaldb.net/3eb7c20aadcdfe4da9fb41912342f1d71cf2ec6d
3ed4ddb21f8964498133981f0cdc2865a07bd171.csv,600594,db498c344a317c849c28f0757e3170328f144e523d123dbfd339366de4ffbb0e,numeric,284.0,Orchestra/RFTN20_CE,https://api.vitaldb.net/3ed4ddb21f8964498133981f0cdc2865a07bd171
3ef8b170517eafef0faaefd5fddf2704d400f17d.csv,725897,2dfe77aa9335ffbe0345f7b306d2d9c6c2fd82beae7a789921ef55af953817d3,numeric,5109.0,Orchestra/PPF20_CE,https://api.vitaldb.net/3ef8b170517eafef0faaefd5fddf2704d400f17d
3f1a7de7bdc4b87ca13cdc08a1d9bee0c2639311.csv,126272,e023cd321b6242ec4d475f2b353670bf2ea8e457173110544572e7f2ea9e42e9,numeric,4646.0,Orchestra/RFTN20_CE,https://api.vitaldb.net/3f1a7de7bdc4b87ca13cdc08a1d9bee0c2639311
3f2f8b5726f25cc2a79f3ef89266dfd8a91e893b.csv,92869,8c0038acc03f27a50d1717df1a5bc038e72dfc322cb320c551851e9b32c2a29c,numeric,5682.0,Solar8000/HR,https://api.vitaldb.net/3f2f8b5726f25cc2a79f3ef89266dfd8a91e893b
3f40c3bf6c70b7678dda9505d090c875548f4f62.csv,875358,16a345e43ced2290dffb15040824b7c083e87192aeb7bae61c75cc8cc6049a63,numeric,3737.0,Orchestra/PPF20_RATE,https://api.vitaldb.net/3f40c3bf6c70b7678dda9505d090c875548f4f62
3f7844f51818ac8bf9395461e06cc04ed832253f.csv,100104,e159eb6db3b1c67ed71055fbfc612a15f2469054d2515009da3ca27ada4f24e6,numeric,3729.0,Solar8000/ART_MBP,https://api.vitaldb.net/3f7844f51818ac8bf9395461e06cc04ed832253f
3f910ef976bc7d0d9a0b94f64b0b8bd31d371192.csv,42382,f0e391062b6e8af65cfc5a273d46f3d62db676025118deebf4ac5ba32f821f8c,numeric,4701.0,Solar8000/NIBP_MBP,https://api.vitaldb.net/3f910ef976bc7d0d9a0b94f64b0b8bd31d371192
3f9548fd771483d63d60651f7aa905d582963438.csv,1069888,ae958959f8e27ac4e04e5a8fa4824fb920f09eb1c45b609845f830ab93534e33,numeric,1820.0,Orchestra/PPF20_RATE,https://api.vitaldb.net/3f9548fd771483d63d60651f7aa905d582963438
3fb35f9420f4fdcc263da5c13a1ed3d76958a22a.csv,62025,48929adc11213696c4f742cf0ae931c08eddb1c27cdc14759225999b518853b7,numeric,2426.0,Solar8000/NIBP_MBP,https://api.vitaldb.net/3fb35f9420f4fdcc263da5c13a1ed3d76958a22a
3ffd21ffac0dd27588c6e102c9432ba3f0231540.csv,1123940,6ea01d85a6f01647c2da87e5ab3efb539df594655903bcf9d6d69dea921bb1ef,numeric,3093.0,Orchestra/PPF20_CE,https://api.vitaldb.net/3ffd21ffac0dd27588c6e102c9432ba3f0231540
4018d6d9465808bc4e56dc0b97497529eecaee34.csv,389975,60a5aeadacc6f81cc22a4a010335ef78a631af867b7af71ab6cca80e619e7b8b,numeric,4948.0,Orchestra/RFTN20_CE,https://api.vitaldb.net/4018d6d9465808bc4e56dc0b97497529eecaee34
402f9a3d18ed39b87ff22c967f6f824a1534e7f0.csv,291488,5560f40ce83191528c301de02cc53726c36de61dfe7b2ef26bfba6cff7c8d683,numeric,5824.0,Orchestra/PPF20_RATE,https://api.vitaldb.net/402f9a3d18ed39b87ff22c967f6f824a1534e7f0
403f4606e55cdabf2119b037a095d67250947d84.csv,149007,d3ff5793f14a1b0e1667983825ec307c5e38ee26d0098bbbc53a8ac80a22beaa,numeric,37.0,BIS/BIS,https://api.vitaldb.net/403f4606e55cdabf2119b037a095d67250947d84
404c12cc03071fcacf6d8409a777bed189300eac.csv,382877,46f2e9da1279bf11653f9c2aa8cdc4568b03dccf919ef9114ec2c415b0f528ff,numeric,6104.0,Orchestra/RFTN20_RATE,https://api.vitaldb.net/404c12cc03071fcacf6d8409a777bed189300eac
4077bacd46b6bc4972102546b8799479b1c42fd1.csv,731996,0d2fc6b4cf9f723f88f9fdc31e65a0e7bd875bebb7b88fc69440de5cad653391,numeric,2231.0,Orchestra/PPF20_RATE,https://api.vitaldb.net/4077bacd46b6bc4972102546b8799479b1c42fd1
40899c8ad37e5776ebaba979d6653e96a8f3ead3.csv,86707,255569902b1c72d46d81b20a3ce6920d4f8361c8dc58e50a9702dcb61dbebcf2,numeric,1027.0,Solar8000/ART_MBP,https://api.vitaldb.net/40899c8ad37e5776ebaba979d6653e96a8f3ead3
408d6484ad44cade77fc70259a25d165fade736d.csv,607831,4d1d730a3fda4518d18f7f86fc8778d7aecabeb23c73adb24b1e2a85d4269873,numeric,2222.0,Orchestra/PPF20_CE,https://api.vitaldb.net/408d6484ad44cade77fc70259a25d165fade736d
40aab73a14f3352c29d713c5dba3ba8a0d2aa375.csv,346677,dc85bdf0af5d5917b67121bbe4d237720402d79301732e4061753bde18419f8f,numeric,5867.0,Orchestra/RFTN20_RATE,https://api.vitaldb.net/40aab73a14f3352c29d713c5dba3ba8a0d2aa375
40e8aafea7049cc66e5af6b967243c7fe1189d9d.csv,682820,18c3b2eae1f0cecba80f5bb54da92dea511646cc414b62d7c4a8f14ed7f3f7ef,numeric,2044.0,Orchestra/RFTN20_RATE,https://api.vitaldb.net/40e8aafea7049cc66e5af6b967243c7fe1189d9d
40ed04d1d13288b485aeb7153036720749b3a1b9.csv,100992,50d33d0c4845f5f6d14aa43e2c3c4918805297187773c4eb3955d24c07f9b909,numeric,2708.0,Solar8000/NIBP_MBP,https://api.vitaldb.net/40ed04d1d13288b485aeb7153036720749b3a1b9
4106076e2042d45e724aedea0d834b541734beb2.csv,1017376,1c6a24f6626d5264d815bdca1da3d4615cce6bb164d139ae6b09a1d3e3fd8824,numeric,5070.0,Orchestra/PPF20_CE,https://api.vitaldb.net/4106076e2042d45e724aedea0d834b541734beb2
4108d034dc07f09b3bb6172ea331ad699caf4abe.csv,142675,1ce11d067279af7e8f1da2f7dbe2e733ab4c196914f465b18f7e51dbf9069538,numeric,3572.0,Solar8000/ART_MBP,https://api.vitaldb.net/4108d034dc07f09b3bb6172ea331ad699caf4abe
41129f475a4f7ad39a0357fa45e4ad83c9bf606f.csv,150890,7d98300f390446d138b762363766d0f72e4935b2be215f44000f08ceb9bbdff1,numeric,3287.0,Solar8000/HR,https://api.vitaldb.net/41129f475a4f7ad39a0357fa45e4ad83c9bf606f
412012c39c96254222eded89c1b31cd6a9337fe4.csv,67669,efbcda57de3d21c8ca5aa4b97fe5e8aeea8787bdf91799d74c0062f96b76d1f2,numeric,4920.0,Solar8000/HR,https://api.vitaldb.net/412012c39c96254222eded89c1b31cd6a9337fe4
41272f4c48acf97d4ea9269de6fbdc0acacd9105.csv,555002,8a6bc10d0b71cd160f3af89472806bb3cd73ae4a4fa061861b8a5719aa99c2c3,numeric,3175.0,Orchestra/RFTN20_RATE,https://api.vitaldb.net/41272f4c48acf97d4ea9269de6fbdc0acacd9105
412f56688faf570ac74dba7e51165cd6fa9aa45e.csv,126030,a92c9ef4fb4fc8a4127d3c298e6ada4eb8f281c3b382257c4642ef0b01a6fb5a,numeric,4616.0,BIS/BIS,https://api.vitaldb.net/412f56688faf570ac74dba7e51165cd6fa9aa45e
414d3bf0206b1d13e6936620aee073856959444a.csv,742255,00310e99a723c76bd3a1f0d4fc8dcbf3ada8ee54eb2fa1ce1b05057ba041b31e,numeric,17.0,Orchestra/RFTN20_CE,https://api.vitaldb.net/414d3bf0206b1d13e6936620aee073856959444a
4164b2189b1e74b05c45eebb589ebec98c79c42c.csv,42748,f8fcf1742aebc99cc0505ed5190e495b2796db8e0588674035bffd0600461af3,numeric,4948.0,Solar8000/HR,https://api.vitaldb.net/4164b2189b1e74b05c45eebb589ebec98c79c42c
4168a2e9eeab4cbf45662483d211e0d04bbae053.csv,571716,c33f72cbfbdcaebf9f3e3f117ffe13011f3499873768edc1f531d00c18b37ab9,numeric,3961.0,Orchestra/PPF20_RATE,https://api.vitaldb.net/4168a2e9eeab4cbf45662483d211e0d04bbae053
416f5a7722458c525e4d60dc50b1a657aa6573cf.csv,799535,47e83a99c7fd43bb698d5739949dc189cd4379d071fe145fb4d26618b3deb974,numeric,1558.0,Orchestra/PPF20_RATE,https://api.vitaldb.net/416f5a7722458c525e4d60dc50b1a657aa6573cf
4170d9f0aff039d705beaaa28f413d17f4894b4e.csv,79232,02f84b38433f54dfdcc1738f749dbf0cadfad058aa86feb18c51633e7ff7f632,numeric,1623.0,Solar8000/HR,https://api.vitaldb.net/4170d9f0aff039d705beaaa28f413d17f4894b4e
417167dcc4476d86ee11610c4e1b674c9a3fe06c.csv,484173,06ad3f92e258870bf9f442846f14ce227a7ac4b60eadb60afc6fceb30c38ff9a,numeric,2863.0,Orchestra/RFTN20_CE,https://api.vitaldb.net/417167dcc4476d86ee11610c4e1b674c9a3fe06c
417cb5f571074853a3f19a9b8c3dd3ff749a63c3.csv,71251,1172bbf6038ce4def07bf827e74ffadf25a8bb428da75f26232304f1b3bcacaa,numeric,5871.0,Solar8000/ART_MBP,https://api.vitaldb.net/417cb5f571074853a3f19a9b8c3dd3ff749a63c3
4180620285b39fdb1b2e8067cd9796dde057cc9e.csv,402772,cd87f0b505d5b5cd2ed9b60d413aae87bf33f6b3b29fdb6d4522de7fe62c88be,numeric,2909.0,Orchestra/RFTN20_CE,https://api.vitaldb.net/4180620285b39fdb1b2e8067cd9796dde057cc9e
419f7153233dc29785a088b892fe3f57ba05aa8b.csv,775522,63b23d61c83d839c0b57d44a93028a12e6d1ad414a1d9de3bae54b99c60c42d2,numeric,5966.0,Orchestra/PPF20_RATE,https://api.vitaldb.net/419f7153233dc29785a088b892fe3f57ba05aa8b
41a00c5e91d1b1f3c35482e08c68248759b34a86.csv,6920,c8dfa3cfc0f52ce7f16781dbf3674f176795b1ec4c437fd743048a476526127f,numeric,1240.0,Solar8000/NIBP_MBP,https://api.vitaldb.net/41a00c5e91d1b1f3c35482e08c68248759b34a86
41a23f4ef0dfffea42cb60a41e5d8ec5df18dfe2.csv,347465,a916dcc5bb17146c4b6841c1db9ab5bf5ac2242999acd0de43c8085eafc2afa4,numeric,1241.0,Orchestra/PPF20_RATE,https://api.vitaldb.net/41a23f4ef0dfffea42cb60a41e5d8ec5df18dfe2
41a5555363563a4b3a9c2fa6bf931007ba569b73.csv,52750,206bef327161280212762ab6b5da5139e7274673f2645aa94100ebd62f6e1180,numeric,3068.0,Solar8000/NIBP_MBP,https://api.vitaldb.net/41a5555363563a4b3a9c2fa6bf931007ba569b73
41ae555fa44df2d99103eb02a86e289607672c17.csv,726153,acb3babfc9982778adb44799d7b5a316c7930a6ad350f0e6b494c7486b34eba7,numeric,4788.0,Orchestra/RFTN20_RATE,https://api.vitaldb.net/41ae555fa44df2d99103eb02a86e289607672c17
41c57944d4844d90ac343de7146080c57ce6e68b.csv,643602,e8ee0aa88b5594698784066294634b099410fb73a48a08f640e4437be87adcac,numeric,4133.0,Orchestra/RFTN20_RATE,https://api.vitaldb.net/41c57944d4844d90ac343de7146080c57ce6e68b
41c7b1861990a549d9099bbd5bd89d5f615ad882.csv,350917,c6a7cfcacd9dc3ada99fc987f497946c489f8638f6cb41a95b07e93dc22024e8,numeric,2488.0,Orchestra/PPF20_CE,https://api.vitaldb.net/41c7b1861990a549d9099bbd5bd89d5f615ad882
41e2f3c8be67bb2397cc62341e8f361e0e654bb8.csv,112036,c6c00af86bcdf42baa6fa7b7b4481289ef3d227b88625f4b8277e0a785502a98,numeric,5109.0,Solar8000/ART_MBP,https://api.vitaldb.net/41e2f3c8be67bb2397cc62341e8f361e0e654bb8
41e945a78dbdc671fd3ebbf5532a9c5f5152315f.csv,194476,53fc5c05276f1ac1786e9aaa15c86ff498dca500668c295350c322ca54543562,numeric,2617.0,BIS/BIS,https://api.vitaldb.net/41e945a78dbdc671fd3ebbf5532a9c5f5152315f
41eeea1caceb9eae124f58df0f52704ef0f2b25d.csv,297310,ec68662508409adf0aa15ed90e71dcc40525c151b531e38bd0edd460af29ce0c,numeric,3091.0,Orchestra/PPF20_CE,https://api.vitaldb.net/41eeea1caceb9eae124f58df0f52704ef0f2b25d
41f7bac2ee88beca0fba97856809423016317b31.csv,1008285,0569f20e2e975d37854dd0f6aa2bc33db37acc5a015b7a0cc785e8d50e4c8950,numeric,6114.0,Orchestra/RFTN20_RATE,https://api.vitaldb.net/41f7bac2ee88beca0fba97856809423016317b31
41ff84907ab877d96b5bee34615f1fc5b07af687.csv,326554,3facee2d458cc2252571694b3270526090a6b8e31282c4d4827704867b774f08,numeric,301.0,Orchestra/RFTN20_RATE,https://api.vitaldb.net/41ff84907ab877d96b5bee34615f1fc5b07af687
420170226eec5c20846d776ba76d37c6a35c42f1.csv,455135,771ba92b4f4389c6a5d5423b66d32eae765be6ef21358f137cf8ed1d4afa4611,numeric,2642.0,Orchestra/RFTN20_CE,https://api.vitaldb.net/420170226eec5c20846d776ba76d37c6a35c42f1
42084c58008363f488988aa0c2dab6bec8541490.csv,83364,e6484991b7fb1a55c98079351e15f89483a550c21aa6444fbb5fe8f9e96a5dbf,numeric,5301.0,Solar8000/ART_MBP,https://api.vitaldb.net/42084c58008363f488988aa0c2dab6bec8541490
42224a46118a40b38a96a2c90ba414ee93d71da7.csv,411251,b252cc9644e36c6499b0cdf09d1d9284f5c2d7ebeb213ba9cc30b908d47a3582,numeric,5407.0,Orchestra/RFTN20_RATE,https://api.vitaldb.net/42224a46118a40b38a96a2c90ba414ee93d71da7
42411b5607953beed8eb2cf454af2846e9ee2166.csv,478606,dda992454de88503718508bda3af4e03767b8eb552c54f6017c84d9e0aadd08f,numeric,2435.0,Orchestra/PPF20_RATE,https://api.vitaldb.net/42411b5607953beed8eb2cf454af2846e9ee2166
424b6a75c7fc6e03332e865836959e2bd22ca771.csv,48915,602b2b9d91e605819c5d6ee1d34170d616945a41378547ad3c3a9483516ffd72,numeric,6330.0,Solar8000/ART_MBP,https://api.vitaldb.net/424b6a75c7fc6e03332e865836959e2bd22ca771
426e3cfc1a981d548e771aadc9d40b1ab8f59de7.csv,125494,7dadcfa5ea823806f4f55bc4232875e164e001d37155b2a92460ac6debe3554a,numeric,2955.0,BIS/BIS,https://api.vitaldb.net/426e3cfc1a981d548e771aadc9d40b1ab8f59de7
42709cf8e9c43f943c562135a1400f51e60e6d00.csv,984514,dd1f464355ec8cc1d9a887fd58f825344becb355870e30a6e69cad0ae1f7c2a0,numeric,2273.0,Orchestra/PPF20_RATE,https://api.vitaldb.net/42709cf8e9c43f943c562135a1400f51e60e6d00
4286e212d81a345a811a5244440347ca244c9fc6.csv,62590,02ce0b28c4248a0dace7b6c3da4ee5fd603dbb90b91ae9db3e6b047ba3405dae,numeric,4897.0,Solar8000/ART_MBP,https://api.vitaldb.net/4286e212d81a345a811a5244440347ca244c9fc6
428b874ee0a7edf8b2b7852bdc29064c3635feb7.csv,518283,9587f02864b6f2c7baa51b7bcaf909942d151446a133f0b628c3be7863ee41ab,numeric,1210.0,Orchestra/RFTN20_RATE,https://api.vitaldb.net/428b874ee0a7edf8b2b7852bdc29064c3635feb7
42a80aa5c07fca724acfc80396cf66f83c33a542.csv,63196,331a7b33a7e25758db3021a48a01ae4cb5c84c48cabce47cf2f37793abbd0317,numeric,4198.0,Solar8000/ART_MBP,https://api.vitaldb.net/42a80aa5c07fca724acfc80396cf66f83c33a542
42ab2dacd5e33b8b341553972e3dd50afc590d37.csv,599688,6807b730e1230cd2bf2683f863ad61b68c1e61a8bc5267c04e7a4c766c3d3761,numeric,4202.0,Orchestra/PPF20_RATE,https://api.vitaldb.net/42ab2dacd5e33b8b341553972e3dd50afc590d37
42af227e4a2a992df9013f52035777d27c1713d6.csv,93306,bcb238b6e0191dafe2b0cd3f816a4ed209f97fde4255276e5f9f4a27e14da46e,numeric,3501.0,BIS/BIS,https://api.vitaldb.net/42af227e4a2a992df9013f52035777d27c1713d6
42d5c4ee82bf284f7958fb88eed8bfdc42446702.csv,43239,dee2b93a409ef27819cbc673a3d893f094c6f63eed586568a756eb210d588872,numeric,5109.0,Solar8000/NIBP_MBP,https://api.vitaldb.net/42d5c4ee82bf284f7958fb88eed8bfdc42446702
42e7befab0a5de34d6ce2fd110fc3a5d62554f90.csv,187937,02a999d0a2cb8ee61403677d32901bbf8243355457c6ab1c5f83c9f3aa41c925,numeric,811.0,BIS/BIS,https://api.vitaldb.net/42e7befab0a5de34d6ce2fd110fc3a5d62554f90
43277788eca9b79bd4c42876ba671ad34f4763b1.csv,699722,715afbeeb4213497473064c2970917f6e87aa3790953f0664849b72625af11d6,numeric,795.0,Orchestra/PPF20_CE,https://api.vitaldb.net/43277788eca9b79bd4c42876ba671ad34f4763b1
4342d1a24e5208069ee15bde75255a6c2389f4c6.csv,565284,ccb3913661787c7b78fed1242bf38b19559a578adc498e834ed78eff1c55ec01,numeric,4042.0,Orchestra/RFTN20_RATE,https://api.vitaldb.net/4342d1a24e5208069ee15bde75255a6c2389f4c6
43593958ea40023027d98308121909f60bb1c02c.csv,1091898,1da6f8b19faf9e7616753d210cb16667454b85c698122bdd3bc3c4e749ab4d07,numeric,4966.0,Orchestra/RFTN20_CE,https://api.vitaldb.net/43593958ea40023027d98308121909f60bb1c02c
436d8dd15a6a0d9a7595db9787aba65bebc85e18.csv,1107246,989f1663ab7ead54002b2bb3161536516db42307bcc633ece92b60140203eb81,numeric,2185.0,Orchestra/PPF20_CE,https://api.vitaldb.net/436d8dd15a6a0d9a7595db9787aba65bebc85e18
43b96ebc013e2bede897befda6b73ab9a239a135.csv,735092,0589685be3ffd909c2bd7ded45cdcccae8d862025f1b347cd395ea5772b2c325,numeric,2231.0,Orchestra/RFTN20_RATE,https://api.vitaldb.net/43b96ebc013e2bede897befda6b73ab9a239a135
43c7d9d02346945dd04e3b13fd15f38f96a4c547.csv,266530,e9facac24b7b13fe645b6e0c0785e41d0f5a2ace97eda4343f10f5232487a52d,numeric,2273.0,BIS/BIS,https://api.vitaldb.net/43c7d9d02346945dd04e3b13fd15f38f96a4c547
43c911c54c00d2a32ee2feefc72d17f0aa668ae5.csv,87823,84a816f1a0776b7e05be42855c2c2175d2ec63f06608c0baa1002d1f850058fc,numeric,5578.0,Solar8000/HR,https://api.vitaldb.net/43c911c54c00d2a32ee2feefc72d17f0aa668ae5
43cec9b26476f4e265d186e0e6349aaf3833b30d.csv,260883,6251d8715e1f0a51cf8792fa80d5d40a84e720bff43a936b7fdfe90d83b19c55,numeric,4677.0,BIS/BIS,https://api.vitaldb.net/43cec9b26476f4e265d186e0e6349aaf3833b30d
43ec9c3cf8cc34872496055ea025bee9d4ceecd1.csv,222305,f1bd9d0c03c451db35e702efe52d32e0a1932a04a0a4a8339849dfa68e41b900,numeric,2879.0,Orchestra/PPF20_CE,https://api.vitaldb.net/43ec9c3cf8cc34872496055ea025bee9d4ceecd1
43fc214e4e6dff2bd8e0d57af155f8b813aa70b2.csv,106547,2572a9a7605d48990dc8b5fab3e92aa0ca60d3debf67a252fdbc95a4a246f4ed,numeric,3943.0,BIS/BIS,https://api.vitaldb.net/43fc214e4e6dff2bd8e0d57af155f8b813aa70b2
4400ce1ee212642cb964e9073dfc5901d31ed868.csv,112909,1156d39491d2d822337c8e3fc1e37ed5b2210eb27240349367817162cbd7a00f,numeric,3629.0,Solar8000/HR,https://api.vitaldb.net/4400ce1ee212642cb964e9073dfc5901d31ed868
441191f45aab21b96e6d625f8646c014cc653116.csv,86211,5c3b8e6ceb3656bd6d376d9ec9ab7aa1933f66eeb3754433314002e7313bb6d6,numeric,1398.0,BIS/BIS,https://api.vitaldb.net/441191f45aab21b96e6d625f8646c014cc653116
442875e903f431ea4407ae71386b7ed4f45ea4b1.csv,58717,9a83d9c2fc6d1721aad9dea1141942866e359fb9f27a86ddad7d7d550a210afe,numeric,3507.0,Solar8000/NIBP_MBP,https://api.vitaldb.net/442875e903f431ea4407ae71386b7ed4f45ea4b1
442a515ddac140a5b13e960fb6d66d5c913f8417.csv,214992,7b93e872bed99db630eb235a2dc14b3983d54084e5510a337c7113a0ed954a8a,numeric,1964.0,Orchestra/PPF20_CE,https://api.vitaldb.net/442a515ddac140a5b13e960fb6d66d5c913f8417
44310565d75f171cfdd983c73a348f2d86e77209.csv,580393,66bc04b27a82019bf26e6866ebb241865e18454924222d006357e34b6191d2b3,numeric,5352.0,Orchestra/PPF20_RATE,https://api.vitaldb.net/44310565d75f171cfdd983c73a348f2d86e77209
44409a8b62b344c0149d3cf6fbd16806c7ab3d57.csv,321795,3fc24b3f487d39a8268c7347f23fb519ff96d742cc2b34ba12b50c8cad339bd3,numeric,6297.0,BIS/BIS,https://api.vitaldb.net/44409a8b62b344c0149d3cf6fbd16806c7ab3d57
4448dc7d617648ac1e375fbd26a77595c87351fd.csv,237284,c689a2ff603d0866a2a717e84c88c179867ca5937b607d13d9f5e02d577675f0,numeric,785.0,Orchestra/RFTN20_CE,https://api.vitaldb.net/4448dc7d617648ac1e375fbd26a77595c87351fd
444a09f685d9bad7956a9980a257f3cbc464eec8.csv,801794,89361df221aeffe913b2c98fe8949a2e2dafa4e0809a858f7d1fd99dbe883105,numeric,5335.0,Orchestra/PPF20_CE,https://api.vitaldb.net/444a09f685d9bad7956a9980a257f3cbc464eec8
447738eb2058d0791ac374b5bf54bfe75f36c4b6.csv,451974,7e50142dd2e4cb5b02227ab0fbb13ac1fc30a56a59ad29a3bb74d6a8bbf1983b,numeric,5142.0,Orchestra/PPF20_RATE,https://api.vitaldb.net/447738eb2058d0791ac374b5bf54bfe75f36c4b6
44933a157931fae699ba2720ebd83323eb3a30dd.csv,119798,9353b95ce2239f9ade09806a612a8632ea7dffde550df2dfb88f59e872b974d4,numeric,6330.0,BIS/BIS,https://api.vitaldb.net/44933a157931fae699ba2720ebd83323eb3a30dd
449e8f068210de1cb1c4c89693f265de1c7122c0.csv,132942,7bddd224976825778a5c80d84f7cced00d8144ab44416f84d38a4d1a2f3c4c63,numeric,5618.0,Solar8000/ART_MBP,https://api.vitaldb.net/449e8f068210de1cb1c4c89693f265de1c7122c0
44b26b7772a2fce1b8e770c5d1807d2431d29b3c.csv,267527,556d434971d6ec4038b8fc6355211ff2f0204ec8e4a425f2b6cddc3cabfa0b5e,numeric,1034.0,Orchestra/PPF20_CE,https://api.vitaldb.net/44b26b7772a2fce1b8e770c5d1807d2431d29b3c
44b2ef5b778d5d5c2093aed80523ab7bbb7ca9c8.csv,43146,322d61e3223a04c3725e201ea7a74275776696207188b5fc29e0a238e6782968,numeric,5548.0,Solar8000/ART_MBP,https://api.vitaldb.net/44b2ef5b778d5d5c2093aed80523ab7bbb7ca9c8
44b504415e6aa761484558857fd627efe20ea19a.csv,339876,0c018750e9d2d0b25ea5016652447e4924a557c59c388e7cd4fc82675d815528,numeric,449.0,Orchestra/RFTN20_RATE,https://api.vitaldb.net/44b504415e6aa761484558857fd627efe20ea19a
44cee6383c56ee85316362f92027a9db0783a4a4.csv,90596,956e0f7534f4dda4e93e77da1096f29c333ee65acea9980e39fa2cd0b088fde4,numeric,671.0,Solar8000/HR,https://api.vitaldb.net/44cee6383c56ee85316362f92027a9db0783a4a4
44d2d20c114a30f4f6e5a3f1ccee637ecd84b1d9.csv,419078,6c86158dc979ab24e444dbb791574748988a7382fcb6052325263fd83cc1eb21,numeric,4658.0,Orchestra/PPF20_RATE,https://api.vitaldb.net/44d2d20c114a30f4f6e5a3f1ccee637ecd84b1d9
44ea33513c41b6b4a6bfe8fd73cfc600e0471f0a.csv,750297,a7dcf2bbb8c9f1d55b241be33f78d33ac0fca7b76cb94011d10f8e2d49f15ec6,numeric,5777.0,Orchestra/PPF20_CE,https://api.vitaldb.net/44ea33513c41b6b4a6bfe8fd73cfc600e0471f0a
44fbb82cd59851d1f7ae5b7e7ac0bfb2a5b6b5c7.csv,862845,a487ac2e975e671b3cfff883374fb768fc317aceab9013ecc9e0cec24c3e1399,numeric,671.0,Orchestra/RFTN20_RATE,https://api.vitaldb.net/44fbb82cd59851d1f7ae5b7e7ac0bfb2a5b6b5c7
44fc3b0e451813644ce40c423c7257d790103012.csv,471138,7c580638da8a097f8108680ed9a541257902b6a70481c6fa6e4397ebec142bc0,numeric,3874.0,Orchestra/RFTN20_RATE,https://api.vitaldb.net/44fc3b0e451813644ce40c423c7257d790103012
452d82131addae684590792acc312a4af02381b6.csv,279506,c4c7dc765befd0738b68c227408d8840b81d6111d50957abedf7669094b34ba7,numeric,3943.0,Orchestra/PPF20_RATE,https://api.vitaldb.net/452d82131addae684590792acc312a4af02381b6
452ef4710df1fb8f4a972768205cda7cd6b9ed42.csv,167300,a9fc6aa2433c412066a1e1e0260b5b49f5b1923ebd76f9f86b8a85151a29bfea,numeric,6190.0,BIS/BIS,https://api.vitaldb.net/452ef4710df1fb8f4a972768205cda7cd6b9ed42
455cf37281901049585f6c0cc8c021064dd2876a.csv,93584,8eb51b9ec17cb52d652f2de8136410e38b846e3c0a5d039405b62328f2b33095,numeric,3737.0,Solar8000/HR,https://api.vitaldb.net/455cf37281901049585f6c0cc8c021064dd2876a
4568392e8a8d955790d250bfa5e2dc95d7ab2680.csv,39651,53077ca1796c619037890300935f3f3c8a243ca7f2529638bd8c943756447471,numeric,1024.0,Solar8000/ART_MBP,https://api.vitaldb.net/4568392e8a8d955790d250bfa5e2dc95d7ab2680
45e49a836726d72e06458ab09e9969112ccf0510.csv,677699,ea12eee6a64a940ec061496345a9e5b55c65768f9e9dc566a52f7f75d55af4b0,numeric,1444.0,Orchestra/PPF20_RATE,https://api.vitaldb.net/45e49a836726d72e06458ab09e9969112ccf0510
45e6ef9735c5eefe1d8f464e523e179f449db8a7.csv,322534,aecaea01f20957acf7dc2e531a8b4550b4f897647933108c9315fbbf279ec654,numeric,2763.0,Orchestra/PPF20_CE,https://api.vitaldb.net/45e6ef9735c5eefe1d8f464e523e179f449db8a7
45ea0c40907d05427a553c0cbb6aba622823b3da.csv,455831,1f59555d995fcf496eab80e2fc6835d05dcb38225bb4f23a6bf7e7b91048ed40,numeric,3691.0,Orchestra/RFTN20_RATE,https://api.vitaldb.net/45ea0c40907d05427a553c0cbb6aba622823b3da
45ecf01ffa2972ae27a25caf260a0316ee5c8a24.csv,267211,d59ab0522dc3492924239f36c7c056c8b1a38b84a8d4ef76016ec9b4b3590a5e,numeric,193.0,Orchestra/PPF20_RATE,https://api.vitaldb.net/45ecf01ffa2972ae27a25caf260a0316ee5c8a24
46002701f1bbfec35cc66733a1c186aae0e8796b.csv,70805,d6398709fc1b38f0219cb20a6bdd12c035bccef9879996d5eaf3eb642efd28e7,numeric,1444.0,Solar8000/HR,https://api.vitaldb.net/46002701f1bbfec35cc66733a1c186aae0e8796b
461fe3bc31d7c3ca9cb34eb4ccb4de9e5fd7be64.csv,111584,145388bbeefde88c951e3a83cb43770c512c8aa07e392dd623b1a2be24930193,numeric,4258.0,Solar8000/ART_MBP,https://api.vitaldb.net/461fe3bc31d7c3ca9cb34eb4ccb4de9e5fd7be64
463054a34fd6486c4102ec6cd69e5bf840008756.csv,720494,86a6e1b8e7c3539fa29a413a73703bd877d088d98da230dc132a4729a80bd152,numeric,4991.0,Orchestra/RFTN20_CE,https://api.vitaldb.net/463054a34fd6486c4102ec6cd69e5bf840008756
4630fbc4fbda024b069a68900d0518be9317f949.csv,908028,51bd825eabbcd543dfc16c93fc4fcc49aa0a03131c4b40e3b0a6de74aa613dab,numeric,3846.0,Orchestra/PPF20_RATE,https://api.vitaldb.net/4630fbc4fbda024b069a68900d0518be9317f949
466a391c2bbac19244db6f0d457b81afe553a537.csv,51493,e1964ba18db486d303c117165260610951b31f0446faeedb5afb51f7eaa66dae,numeric,4541.0,Solar8000/ART_MBP,https://api.vitaldb.net/466a391c2bbac19244db6f0d457b81afe553a537
466f1ddfe9a55dfd0ded6d1379a856968fd538f7.csv,816629,a559bac3b3f342ebaaf8ce856bad84a6a756159d74136aeb4b2c8c704af882f9,numeric,2161.0,Orchestra/RFTN20_CE,https://api.vitaldb.net/466f1ddfe9a55dfd0ded6d1379a856968fd538f7
467a7a86448e8825a500293adf51fa236026681e.csv,140796,1a6dde2976336aa86b9ccc5f62e3e437f2580653d891fbdb61d594894d437b31,numeric,281.0,BIS/BIS,https://api.vitaldb.net/467a7a86448e8825a500293adf51fa236026681e
46a5f43b10955635b046163db9e50ee7de89ad94.csv,90319,e31d8f3e52a318c948d1db82401a61df71aba932df8780c463e1376c83b8b784,numeric,4805.0,Solar8000/ART_MBP,https://api.vitaldb.net/46a5f43b10955635b046163db9e50ee7de89ad94
46acb70ccb61e1bc960ca73dfe44fa37397be7d4.csv,293583,601e805f8f2a3e873a670d375eccffc9008342e517b5d94e365e2c1abd2b9492,numeric,5749.0,BIS/BIS,https://api.vitaldb.net/46acb70ccb61e1bc960ca73dfe44fa37397be7d4
46c56bcf99f45007d0d2892b8658fa14d7e0350b.csv,31763,7b0ee37df1b1ce670bed682ec4929357f6b7a362ef119a95e362fd23e6d017bb,numeric,5937.0,Solar8000/NIBP_MBP,https://api.vitaldb.net/46c56bcf99f45007d0d2892b8658fa14d7e0350b
46cbe2702db2e88507bcde1a260e338193a808dd.csv,53292,6dc0d530cbb996d4344e4a4054930d1824f63b28552ffe4264a57fc69eb19da6,numeric,4261.0,Solar8000/HR,https://api.vitaldb.net/46cbe2702db2e88507bcde1a260e338193a808dd
46f0ff4edf54a60a8809ab750564e0796a71fdf3.csv,308868,204f86d58df0149b895d32cbbc44b699c52f940dae7634161af279ec70bb7973,numeric,3610.0,Orchestra/RFTN20_RATE,https://api.vitaldb.net/46f0ff4edf54a60a8809ab750564e0796a71fdf3
46fb1966a92705a4efa8be4bd0496364a9513de0.csv,555419,2d7ea896082b9b836f0b517f6b350d3f98b3119a43ccd0aa2ce5ec8cc16411cf,numeric,2675.0,Orchestra/RFTN20_RATE,https://api.vitaldb.net/46fb1966a92705a4efa8be4bd0496364a9513de0
4702efb0490f880803080172a33ebd3e631529f3.csv,188091,8e213bf89ac200e3fb1bf016b531e73ff8d3e52656d2b1a06337e3d155825435,numeric,785.0,BIS/BIS,https://api.vitaldb.net/4702efb0490f880803080172a33ebd3e631529f3
472ec7f0d541b29521d4ebf94a29e2806789a9c5.csv,444802,44ec48e5a986a590dc99fedb49b18d67e7e8d1d6687768592f7b5d9b6d5377c9,numeric,4227.0,Orchestra/RFTN20_RATE,https://api.vitaldb.net/472ec7f0d541b29521d4ebf94a29e2806789a9c5
477d73386462cfeb6a7451e3981ee5aa0377449e.csv,1316,96116a751805ba1ec657a69a4b7dae4deca69c50f7aa13dac37fca4eed9decfa,numeric,3373.0,Solar8000/NIBP_MBP,https://api.vitaldb.net/477d73386462cfeb6a7451e3981ee5aa0377449e
4780c5fa0e9cf082680facc7dfe5e15c3733e56c.csv,1018684,5213ffb842a0d97dc222476170d265c76a4d252f894227eb64c3a4e7e2f0f5eb,numeric,6114.0,Orchestra/PPF20_RATE,https://api.vitaldb.net/4780c5fa0e9cf082680facc7dfe5e15c3733e56c
47ba32fc530256d9d0f26c464bbc8d8072caf60f.csv,821307,efd6181e846d5d9d0bcdc44a6e00f2c2f2cdafd31333897dd4685a67995a36ea,numeric,3325.0,Orchestra/PPF20_RATE,https://api.vitaldb.net/47ba32fc530256d9d0f26c464bbc8d8072caf60f
47ed9aa68b3410b8c08abe1247a2ee5c15bcc9aa.csv,66226,250d088f6a1a45448a69d73580e3148e9e15816ca516649b5aa7b1dd9ac028c8,numeric,6324.0,Solar8000/HR,https://api.vitaldb.net/47ed9aa68b3410b8c08abe1247a2ee5c15bcc9aa
480a360328ecc3bae4bd1984a97e0659129238f8.csv,656055,8e61cbba193f07dd8df63812d6926c9480c06408b296afdf03ac5a45f6713809,numeric,976.0,Orchestra/RFTN20_RATE,https://api.vitaldb.net/480a360328ecc3bae4bd1984a97e0659129238f8
480bdd1c0dfbae2ff3c7b3f0e8cdbe4fb6642945.csv,202792,ca18dcbcc7df9f6633d33c87af478f66bc42d5a952752184bfb93b47eda024ed,numeric,1944.0,BIS/BIS,https://api.vitaldb.net/480bdd1c0dfbae2ff3c7b3f0e8cdbe4fb6642945
4812cc3ef60844766b807b9abd4f2a652028b63f.csv,493040,c47ead3f9390a50928f470a9d9348e6b9ca2bdeb3beeda9f20a3206f669dfba6,numeric,4780.0,Orchestra/RFTN20_RATE,https://api.vitaldb.net/4812cc3ef60844766b807b9abd4f2a652028b63f
481d6a21b6449927c1edc9c3c01bf184c3ab9dc3.csv,1101493,c4c5120c18f113a3b2c30056a0c4de3c450e899ea24c503f6bac50227ecd4dc5,numeric,5070.0,Orchestra/RFTN20_CE,https://api.vitaldb.net/481d6a21b6449927c1edc9c3c01bf184c3ab9dc3
4837f4b46f50f4f06bebbb543bee0d36391f8cf1.csv,44808,418f0d66f5ba14e7967f0f3e50402eedec9c84f21866fff594dbb1ccdb0923a7,numeric,6233.0,Solar8000/HR,https://api.vitaldb.net/4837f4b46f50f4f06bebbb543bee0d36391f8cf1
486675bea7913c8df75778b927dede91b421abb1.csv,170528,dbbf4bfc1d8d3dabb47e916fb59670f4963cc2b680d0a8c94ebeff602f2c64ba,numeric,1168.0,Orchestra/PPF20_RATE,https://api.vitaldb.net/486675bea7913c8df75778b927dede91b421abb1
4871e9e6b73f68f2f168ba562bb40564bf6f1c91.csv,915155,33aa9c05561358126b0007af2be5e4857c26cddaf4f3d290198df26c7df6715f,numeric,4098.0,Orchestra/RFTN20_CE,https://api.vitaldb.net/4871e9e6b73f68f2f168ba562bb40564bf6f1c91
4873dc781362b5344421f16ea20086d0cffc2f15.csv,133667,549cb140f3f5ff0dbd8d903ee978a5b6a181573962f77b1876cce9aa8404ed3c,numeric,1241.0,BIS/BIS,https://api.vitaldb.net/4873dc781362b5344421f16ea20086d0cffc2f15
487781d0412488ff7105917983dda2bf46258576.csv,449801,f0fbe6e147001a0ced80f413b62ddefac84f9bfd0be89fa51d3265b66afd8859,numeric,1927.0,Orchestra/PPF20_RATE,https://api.vitaldb.net/487781d0412488ff7105917983dda2bf46258576
488a51952a57d1581e822f573a9e2f9e22e11a30.csv,338771,777ad7972e7ced41c7a28fced530ac4d60a7837c2e06edf5d53c586a56665a3f,numeric,5741.0,Orchestra/PPF20_CE,https://api.vitaldb.net/488a51952a57d1581e822f573a9e2f9e22e11a30
48aac2c744512403b41f14c983f08b03140975c7.csv,1292386,041b78f66a726f73710aa7fe68507c0ef7807abf25e40255f128b5a722bf84a9,numeric,1730.0,Orchestra/RFTN20_RATE,https://api.vitaldb.net/48aac2c744512403b41f14c983f08b03140975c7
48b07c3759e5cbd9480afd23364c79c3bcbb5d15.csv,46188,f6c7c3a6eb0dd465a4c1cca6cde0b2af2dc5ac3a8737128ba778abfd70ff0af0,numeric,6233.0,Solar8000/ART_MBP,https://api.vitaldb.net/48b07c3759e5cbd9480afd23364c79c3bcbb5d15
48b3ad846ca1d967e8bf6224227a3cc9fd328739.csv,537674,70a6c2b5e3599bfd8cec9a9de9720a702c8569654f9eafe097f9c0ae5f88e1ca,numeric,5274.0,Orchestra/PPF20_RATE,https://api.vitaldb.net/48b3ad846ca1d967e8bf6224227a3cc9fd328739
48bb79508d57ba945538c0cb09b11828ad0d7188.csv,260956,28043e929c922111ebcd6ddac33d31fb589f91a1cd7256e965e2b0d88c30ec9b,numeric,3629.0,BIS/BIS,https://api.vitaldb.net/48bb79508d57ba945538c0cb09b11828ad0d7188
48cc9256df8800bc9b4ae9a988b3caed19e2c609.csv,802489,ae271a6f2877a316ff178451475212d3bae5761efbf313efb0938c647fc1976d,numeric,2392.0,Orchestra/PPF20_CE,https://api.vitaldb.net/48cc9256df8800bc9b4ae9a988b3caed19e2c609
48f5fdc44636c5ec475dcc867e597d3c6bc58079.csv,100370,d285a6ddf84f39ee6cfb72425a2255685a1562dca015f5cedef05bbfb0ca1e62,numeric,1350.0,Solar8000/ART_MBP,https://api.vitaldb.net/48f5fdc44636c5ec475dcc867e597d3c6bc58079
491a2747b5aa5dff42329599472dc1ea52de8bbd.csv,802997,b0f841b86281197cf68979b547eb938281980dcc24f6b84deaad795a5eb09618,numeric,2653.0,Orchestra/PPF20_RATE,https://api.vitaldb.net/491a2747b5aa5dff42329599472dc1ea52de8bbd
491dfe291dc939a399c091f0966f3bda03d8a4e5.csv,41554,dacee31b54517db45a4ace9ad0c5f33317cf41ce6e315e4e7e9f850394e0fc42,numeric,613.0,Solar8000/HR,https://api.vitaldb.net/491dfe291dc939a399c091f0966f3bda03d8a4e5
496b3c5a63e3acdf83583fdcb2456b43134e228a.csv,52509,d728d4620b1f776d96521d05cfc8586fe6c4bef21c11547b2e1f8cedc8cc7f8f,numeric,645.0,Solar8000/HR,https://api.vitaldb.net/496b3c5a63e3acdf83583fdcb2456b43134e228a
49720cf98319d92d0ca75bb385ac2ecec878ff97.csv,224890,b5c1c0f7fc9edd2441270cf9154efc881e0f14b492d5137d104da543c277e575,numeric,1964.0,Orchestra/RFTN20_RATE,https://api.vitaldb.net/49720cf98319d92d0ca75bb385ac2ecec878ff97
4974ff3e03d7af25de5b6f760a359b3fa91abd34.csv,34188,f7c642371e1040b0e98683043f65b094a7dd8fda986d7a6ac8a3017863369552,numeric,1786.0,Solar8000/HR,https://api.vitaldb.net/4974ff3e03d7af25de5b6f760a359b3fa91abd34
49a884af4ada65ec0674c3b1cc416d2955afead2.csv,60867,e1741a691188248fedfc5dd52b6cdc048ddcdb0072091412777d97c0138af524,numeric,3812.0,Solar8000/HR,https://api.vitaldb.net/49a884af4ada65ec0674c3b1cc416d2955afead2
49b8e30e548f7c364ecd881306ce967c5da9aaab.csv,273172,5923d647ea9596c81ec0935a72877ddd25503139a19cd51b2301943962a48b79,numeric,6146.0,Orchestra/PPF20_CE,https://api.vitaldb.net/49b8e30e548f7c364ecd881306ce967c5da9aaab
49c9147c35fa510e52017162e6cbe7b8a3654621.csv,79104,d4a891673ad37d20024f9cd78543048db7a652f1fc3d4af4ce90955b6e2b077f,numeric,5322.0,Solar8000/HR,https://api.vitaldb.net/49c9147c35fa510e52017162e6cbe7b8a3654621
49c98d9382daa2e2e9d5ff92334656d8b9504350.csv,572041,be98f67c7489cc4d09b13a57942225148afe4278df3165db095b53086170812e,numeric,3023.0,Orchestra/RFTN20_CE,https://api.vitaldb.net/49c98d9382daa2e2e9d5ff92334656d8b9504350
49d4b5088cf99ff5fe79f7faf2d70f4b281e97c2.csv,72934,3869c3b1520bf182fd1fb30532fc18dcaa0e24bf4354ff7f7d6ef06bf29e1405,numeric,4133.0,Solar8000/HR,https://api.vitaldb.net/49d4b5088cf99ff5fe79f7faf2d70f4b281e97c2
49d726565ff5e7a0343cfb93358ee86c86acc464.csv,401388,f54f2336eb6541701c64b06311257db2b70f6466fcfd618ef65bccfc8ac8a663,numeric,5155.0,Orchestra/PPF20_RATE,https://api.vitaldb.net/49d726565ff5e7a0343cfb93358ee86c86acc464
49d7fc8ac19e3c0eef3cb52e3e8d4cf4b245bf70.csv,876887,8de1e44ae50584e99e1bace29f1f87987aaaac2d83ee56dfa3c993413743ebc8,numeric,4383.0,Orchestra/RFTN20_RATE,https://api.vitaldb.net/49d7fc8ac19e3c0eef3cb52e3e8d4cf4b245bf70
49e108efe553460c417e2e83114775b8bcdf7279.csv,138061,2f7c45d4767f3ee1ed0a4c553af605a13c94d50253ed1c8dd558764e9b8ae31d,numeric,2863.0,BIS/BIS,https://api.vitaldb.net/49e108efe553460c417e2e83114775b8bcdf7279
49f184c5b54e56f61ed0ef4fc2c6515ce06c6d53.csv,365055,e420639ddb1443770107101c1af374cfa43e289f1c3bafee03a9b9f2d2511859,numeric,3501.0,Orchestra/RFTN20_CE,https://api.vitaldb.net/49f184c5b54e56f61ed0ef4fc2c6515ce06c6d53
4a0cc12621fa615550f391cf32458b05ceb2edb0.csv,801302,033ebbeb240acbd498967b50c4ec8575ff94ec4ef32a55fb6ee38d711707e0e6,numeric,308.0,Orchestra/PPF20_CE,https://api.vitaldb.net/4a0cc12621fa615550f391cf32458b05ceb2edb0
4a1e723e0a69322bf16aa029f7a0610e69fa6374.csv,89594,5718a759ee7c0bdb4aa9939181873ed6b83b33c51ce712ea6e987c64e44baa95,numeric,284.0,Solar8000/HR,https://api.vitaldb.net/4a1e723e0a69322bf16aa029f7a0610e69fa6374
4a23747956126d6652a03a4250e066ed1034eab1.csv,419666,64732ae4f6e7d3e7f8bf43be73f7736bbd0cc2fa13562d4b4a41c497841f26fe,numeric,452.0,Orchestra/RFTN20_RATE,https://api.vitaldb.net/4a23747956126d6652a03a4250e066ed1034eab1
4a2ae800696c22ae044cbfd166c0dddb8ef70123.csv,23986,bb047d91e360a23717ba51fac31d2ff410c3cf439f339f88c1ecc0663a501ab4,numeric,4133.0,Solar8000/NIBP_MBP,https://api.vitaldb.net/4a2ae800696c22ae044cbfd166c0dddb8ef70123
4a37e66857f879d3b75908610f76a36c6fe0f18b.csv,68475,448956f36d8d0a0e1874df3bbb0ff2153510c28b1d3fd75df779add4578967d3,numeric,2642.0,Solar8000/HR,https://api.vitaldb.net/4a37e66857f879d3b75908610f76a36c6fe0f18b
4a5658a0c1914064c4afcc9c420fc605b463b98f.csv,256345,800e886d0be62885cfbdd0b186a10d892971a2f40a559568581cd278ab75277f,numeric,3150.0,BIS/BIS,https://api.vitaldb.net/4a5658a0c1914064c4afcc9c420fc605b463b98f
4a5b897e6bc3f9ebf00d51d3d5b3a06e4d1ed322.csv,759520,0414c135e6812adb40d6eb8623b7a627e5170d2b0dd2494ce59025a95f4f25f2,numeric,1025.0,Orchestra/RFTN20_CE,https://api.vitaldb.net/4a5b897e6bc3f9ebf00d51d3d5b3a06e4d1ed322
4a60ed6ac226526f1eea2e66e741b73971d61833.csv,60276,7128f0a6d2dc5c029cb0cf89e2320832747c1486d60ce496a5c120a500c48bf4,numeric,6174.0,Solar8000/ART_MBP,https://api.vitaldb.net/4a60ed6ac226526f1eea2e66e741b73971d61833
4a63e3d3b9e3fb480ccd8d8269722818385f718d.csv,457371,6e6c87a2d7360cc00faf360a150037ebb9d599f40afeb5bc020367e9e6eb6035,numeric,3351.0,Orchestra/RFTN20_CE,https://api.vitaldb.net/4a63e3d3b9e3fb480ccd8d8269722818385f718d
4a7ec6a9bba233ab10c097f620d132a8272429f8.csv,15501,ce73e682debd619c8649b609c79d0c29ac9ecaf93df9d1c3ac4c80696692a9ce,numeric,5511.0,Solar8000/NIBP_MBP,https://api.vitaldb.net/4a7ec6a9bba233ab10c097f620d132a8272429f8
4a97319a30b89769df52b07cd97a1686ecb3d3c0.csv,619313,7980a6a818316b21ec71e497432b0f95805bb42a781d86da12dcb5d162c988b8,numeric,6346.0,Orchestra/RFTN20_RATE,https://api.vitaldb.net/4a97319a30b89769df52b07cd97a1686ecb3d3c0
4aa495b335320d412c2c94a7d7eb7248f6c4a270.csv,55156,0ebe76392b354501f920b16e39dca8d430c5f2ead39f6b967e1e35afe478883b,numeric,1500.0,Solar8000/HR,https://api.vitaldb.net/4aa495b335320d412c2c94a7d7eb7248f6c4a270
4aaab652a04a1db857d008a74d58f795c7f8f3df.csv,588606,c58df77be028181b2f6bb2f23739d375d1570af6f319dbc93593b8fb934149b3,numeric,5333.0,Orchestra/RFTN20_RATE,https://api.vitaldb.net/4aaab652a04a1db857d008a74d58f795c7f8f3df
4aba7ad901cab0b9e8ea631fced3551b447bb86c.csv,1019202,e8db33a629a11b2d0acc468ace957334d0081f39f2644467edb526f9211da4c0,numeric,3537.0,Orchestra/PPF20_RATE,https://api.vitaldb.net/4aba7ad901cab0b9e8ea631fced3551b447bb86c
4ac677b0c94c247adff01f176a9081d7d1fb1a24.csv,310138,7d77cd17cf17a77092ef0dd47518f578d6824ef1c18b2741a8188d47f0fdf068,numeric,2488.0,Orchestra/PPF20_RATE,https://api.vitaldb.net/4ac677b0c94c247adff01f176a9081d7d1fb1a24
4aeac641f730d9abd5a0187414f518e529ccf888.csv,221923,2ab470f876da7884d7a18f9084913a778be51c00cbc58d2b61ce3bea54b48b4d,numeric,3325.0,BIS/BIS,https://api.vitaldb.net/4aeac641f730d9abd5a0187414f518e529ccf888
4aee68911ae71b46c4e145e44a14fa27b8f0ddd4.csv,44548,76f8f69082649354df4d90addde589ff1e311995fb8e11f00517a8c16e4710ae,numeric,4646.0,Solar8000/HR,https://api.vitaldb.net/4aee68911ae71b46c4e145e44a14fa27b8f0ddd4
4b046091c82935e6e3e4e1d036539c9da56c6816.csv,498409,73c55154793295407effccc7dee8b9626f16b7493a0f17c5cf23c8c8f475229c,numeric,1810.0,Orchestra/RFTN20_CE,https://api.vitaldb.net/4b046091c82935e6e3e4e1d036539c9da56c6816
4b2712f60f2aabe958af07eb82a124219c12f6df.csv,775228,ecbc65c4d066b9363d429a40a28ba1eff50aa11d4e2e3e831951fb1d982ada90,numeric,4805.0,Orchestra/PPF20_RATE,https://api.vitaldb.net/4b2712f60f2aabe958af07eb82a124219c12f6df
4b56a6f3d87e7ee9a221109b21eb1ae0dfa3bbf2.csv,529437,7529b941e6fb23f5bf1132b7b66de038e266220672117090e5dbc6ce6667239f,numeric,3507.0,Orchestra/RFTN20_RATE,https://api.vitaldb.net/4b56a6f3d87e7ee9a221109b21eb1ae0dfa3bbf2
4b67880241d5657e46e49aca83e6f0a577a73519.csv,135867,d37f3fd1f1be0037dde44c6582cbc8e53c85ad88f5f33bf095566887e1c22ffa,numeric,5680.0,BIS/BIS,https://api.vitaldb.net/4b67880241d5657e46e49aca83e6f0a577a73519
4b69bfbd98ac83917e3c20dd30c53e28f359dc83.csv,102213,5b83a23a56c7463241c7add92cde1eab272a58548dd261c8349dd16efd165f87,numeric,3348.0,Solar8000/HR,https://api.vitaldb.net/4b69bfbd98ac83917e3c20dd30c53e28f359dc83
4b756594cb6cdfb0e5a70acb003a01c3580bbaf8.csv,42259,6a63849f79229cc92605d0f49557b68d51c13c8ea276ee80ffd0e0b68d5dafa8,numeric,405.0,Solar8000/ART_MBP,https://api.vitaldb.net/4b756594cb6cdfb0e5a70acb003a01c3580bbaf8
4ba8b0daa520f8402c8bb84f6c8b063ecb5287bc.csv,59683,9e10a2b72c05751d35e907e482d3a4b7fe11832305cee65f5efb892632e49626,numeric,5669.0,Solar8000/ART_MBP,https://api.vitaldb.net/4ba8b0daa520f8402c8bb84f6c8b063ecb5287bc
4bacd78fc7243df0d6e614f32c5cc1245ca41135.csv,118236,677792beb56b1096c7dc37d512ee3c776eac24cf5c3e1b3ea417282568fc3593,numeric,2161.0,Solar8000/HR,https://api.vitaldb.net/4bacd78fc7243df0d6e614f32c5cc1245ca41135
4bbe952b4303ff4d08aa8ae758ac4f2c86a52cd3.csv,255550,37a75903c2d5ffcecda5413a5eb48dbc411df6d8df3670a8ea421f961dbcef38,numeric,811.0,Orchestra/PPF20_RATE,https://api.vitaldb.net/4bbe952b4303ff4d08aa8ae758ac4f2c86a52cd3
4bc153e17bbe4ba167244cdf8598c9c1fb9d1a81.csv,230872,a6f4f1bb3cb1c99aa2b13879fe26d37f1c60e03af1cb0f0bed32f77a1dfff771,numeric,5179.0,Orchestra/RFTN20_RATE,https://api.vitaldb.net/4bc153e17bbe4ba167244cdf8598c9c1fb9d1a81
4bcff04037f7fc0ab6f9fd91333386b142da94ef.csv,338577,19e7ceda7401e83e8f5719f2eda2bae8abd06f0d57aa066cf423407f97caedfa,numeric,505.0,Orchestra/PPF20_RATE,https://api.vitaldb.net/4bcff04037f7fc0ab6f9fd91333386b142da94ef
4bd125d5c39cc2ee93db194516d998786739b4d3.csv,363551,ea1e9edb09d4d4980d0eedc130660d1f002bd21bed2f70acc265b7ac64b25a11,numeric,449.0,Orchestra/RFTN20_CE,https://api.vitaldb.net/4bd125d5c39cc2ee93db194516d998786739b4d3
4bd7f8a6e3daab57348eaa9c6dc4b3648185ad78.csv,194719,47dda4ff07c92133206081ed9632b8fcda52bf6c050b04a41a9f17b66c11dbdb,numeric,2044.0,BIS/BIS,https://api.vitaldb.net/4bd7f8a6e3daab57348eaa9c6dc4b3648185ad78
4bd8fda5090aefca9eab206788b04ddde21b68db.csv,484066,e5f83aebd7997189c5a732f4f33c0172ff817c5649e9a8c8842f972e5df21799,numeric,1044.0,Orchestra/RFTN20_CE,https://api.vitaldb.net/4bd8fda5090aefca9eab206788b04ddde21b68db
4bdd13087a6c6b5eb49dbb8abf43050db07c0ed6.csv,124837,13fd03465015ece30fdae147288b3c28db85e8940726e173bbcc51b34cb3aeb0,numeric,3093.0,Solar8000/HR,https://api.vitaldb.net/4bdd13087a6c6b5eb49dbb8abf43050db07c0ed6
4bedac0101414064344ca51f8daa5d7ec3c89f27.csv,19988,e3cc85d8c130f09053c80a915198a40447cfbe9b47df30d0422dbf02a6997fa8,numeric,2503.0,Solar8000/NIBP_MBP,https://api.vitaldb.net/4bedac0101414064344ca51f8daa5d7ec3c89f27
4bf8f482c762f1e2dbf727d4abbabd9c3f3760d5.csv,123041,bbe63b8f7fd05e98a5c5789d8a7433a7eaba6cc98817913cff0fc784912f80b3,numeric,2797.0,Solar8000/HR,https://api.vitaldb.net/4bf8f482c762f1e2dbf727d4abbabd9c3f3760d5
4bfa95a7a5fee278792681a95197843a8679c87e.csv,187815,e5c5b4e94164756e347d4ce702397b2df4edadc60b8a6d2b2a80c024bea2881d,numeric,976.0,BIS/BIS,https://api.vitaldb.net/4bfa95a7a5fee278792681a95197843a8679c87e
4c2dfc78ea2d09702c6bc02f3eb6cfeab00e36cc.csv,1617197,395b5d95b03c5bcd28e3f25fa10b4cdbe49019511281cc99adb9594413b427ca,numeric,1157.0,Orchestra/RFTN20_RATE,https://api.vitaldb.net/4c2dfc78ea2d09702c6bc02f3eb6cfeab00e36cc
4c4bdbdb7d485aa00b4d511ebe6ce9d93b9100ea.csv,72813,b5714cc4f14057de29f830fbf987ada066b16ffd95b50a05225c5a8b1fcf574a,numeric,6305.0,Solar8000/ART_MBP,https://api.vitaldb.net/4c4bdbdb7d485aa00b4d511ebe6ce9d93b9100ea
4c54198c820dd11eea0d6e2c4fe09e977cedfa4b.csv,529275,81179ec7a4d8898473b9c260e15357f696c1064b37bc3d58e28734154aa2b25d,numeric,3368.0,Orchestra/RFTN20_RATE,https://api.vitaldb.net/4c54198c820dd11eea0d6e2c4fe09e977cedfa4b
4c9c79d7c280af644e28789badc545a7c13659ad.csv,737845,f5091daf6fb57b6a83383b662f696170ee02f9bad2315c7ba3b0cd348f0b1e5d,numeric,1025.0,Orchestra/RFTN20_RATE,https://api.vitaldb.net/4c9c79d7c280af644e28789badc545a7c13659ad
4ccdceb0d397915a5b0380fb662432d02655713f.csv,1256611,7b169596f924c9991d06a7cb2b240a9fa232d29210a04db56da5061e77692d84,numeric,3287.0,Orchestra/PPF20_CE,https://api.vitaldb.net/4ccdceb0d397915a5b0380fb662432d02655713f
4cd532600160636b3272ebb226d812bcd12a83bf.csv,92743,88558bfd932ce9be90ab6ab387dcc6dce5cd9d6e0fb1b6c6ee4ee43a81d3662b,numeric,353.0,Solar8000/ART_MBP,https://api.vitaldb.net/4cd532600160636b3272ebb226d812bcd12a83bf
4ce9ec0a06ae1f63580d0c13834bafe0d71ef42e.csv,277971,de304957f1bb2d43c699ba60f552862ccf28bfe8dff0aa52b8ad4612a227d7dc,numeric,2189.0,Orchestra/RFTN20_CE,https://api.vitaldb.net/4ce9ec0a06ae1f63580d0c13834bafe0d71ef42e
4d14c5d127f0e8e40ad33f931a770676f460f3f7.csv,191765,f3b3926d2a1c0413de270b7f2e826208bed0cd92a81c1bc5324304170b195276,numeric,3759.0,BIS/BIS,https://api.vitaldb.net/4d14c5d127f0e8e40ad33f931a770676f460f3f7
4d16b42e97e8950f8f4b06af8d8a43cf1166c6b8.csv,518642,961c55bd255967c50fbb41741932a77b2b9bf89e3e6c06729229abb2bd3d64eb,numeric,4803.0,Orchestra/PPF20_RATE,https://api.vitaldb.net/4d16b42e97e8950f8f4b06af8d8a43cf1166c6b8
4d184e6d38b49a1e5d211868039d7b0ca3a02a5f.csv,441653,a7bf38695b0aa4cb4cdbc86ab06caebd2cc21dd8f7443c39b56ad3aa5e9d90c1,numeric,4145.0,Orchestra/PPF20_RATE,https://api.vitaldb.net/4d184e6d38b49a1e5d211868039d7b0ca3a02a5f
4d1f8015aec096e61ea84120d288253f9cbdd21c.csv,140598,b59aa859d5596cecf0d427049a5e3c86d1b962dd505881ab1d5589002e290beb,numeric,1210.0,BIS/BIS,https://api.vitaldb.net/4d1f8015aec096e61ea84120d288253f9cbdd21c
4d30c763d17636cd5c3b5219448a7e94cce0afb7.csv,309118,0dd4e9184bf4b79d33becc34be7383743e21da01ad486111bd6bd97151e480cf,numeric,166.0,Orchestra/PPF20_RATE,https://api.vitaldb.net/4d30c763d17636cd5c3b5219448a7e94cce0afb7
4d31f6708bc6efec0ea363b1342d4264a2d45971.csv,602301,6fceba5cc421d3170a49155714043e7719d8e16fc78fc3f2b468abca9df1a28d,numeric,1566.0,Orchestra/RFTN20_CE,https://api.vitaldb.net/4d31f6708bc6efec0ea363b1342d4264a2d45971
4d4a0be2b6dadaf2fb5d6e280d74f5332a1f363c.csv,521336,52bb94f385bb3d0addd45d100c30b4ac04b46e74c8719f08d099f7f7bddb9e0b,numeric,297.0,Orchestra/PPF20_CE,https://api.vitaldb.net/4d4a0be2b6dadaf2fb5d6e280d74f5332a1f363c
4d4aa1a14053afa57ac5af1911f711601f8e5051.csv,16861,182c6af436b72c5c05506c0c3e51296f3a064d1882f079da3025b78f1502849d,numeric,4261.0,Solar8000/NIBP_MBP,https://api.vitaldb.net/4d4aa1a14053afa57ac5af1911f711601f8e5051
4d6327540c1eb3a681e4c4e9545872099b7f3a9c.csv,87388,74eceb15184a313e9ca0a156f8ba218e98e83151278ee1057259120c1d2acd92,numeric,2000.0,Solar8000/HR,https://api.vitaldb.net/4d6327540c1eb3a681e4c4e9545872099b7f3a9c
4d67ae2f510168223936278bf373249aa067aba4.csv,478756,54a5c4eeb90d50d377949601c03c3aa6e7c8028982b976bcda00c52f2c4bf792,numeric,986.0,Orchestra/PPF20_RATE,https://api.vitaldb.net/4d67ae2f510168223936278bf373249aa067aba4
4d924ca39aa6bdbdaba5442454e4f16e4a1256f7.csv,236133,ab962ed2fe56359c4fc16b9a94469f4c30877fac9fd19256f6a95d9379e4eb8d,numeric,4868.0,Orchestra/PPF20_RATE,https://api.vitaldb.net/4d924ca39aa6bdbdaba5442454e4f16e4a1256f7
4d954eeec57d396047bd01943084bb4e19fffd1a.csv,49038,c0d6736d171e281c11423eb675de73d078063454168e43a540628e20735bceeb,numeric,4870.0,Solar8000/NIBP_MBP,https://api.vitaldb.net/4d954eeec57d396047bd01943084bb4e19fffd1a
4d9f913de8c64ef1b54f6a39edbc916bebe49975.csv,1067494,15451e83f447dc1390f7388ac2624cd6e2bd3e55eb48eddbe62d936558a672f3,numeric,1785.0,Orchestra/RFTN20_RATE,https://api.vitaldb.net/4d9f913de8c64ef1b54f6a39edbc916bebe49975
4da0a89be2e0ae5dee6ef9d906500a8ab8aff60e.csv,225276,e09577e41767b8e6d417e1a65a443f343f1f6bad4e076e17a5d226bca6903a46,numeric,83.0,BIS/BIS,https://api.vitaldb.net/4da0a89be2e0ae5dee6ef9d906500a8ab8aff60e
4dab442c9774fd6f4f3546ccd78db083cce82e1e.csv,404386,ee3cf75b7203247d6b4017ea7182f032dfa905abc332bd651623c46183e66a63,numeric,6233.0,Orchestra/PPF20_CE,https://api.vitaldb.net/4dab442c9774fd6f4f3546ccd78db083cce82e1e
4db025d7dac7ac1ced6611f475157be34b2afb07.csv,25984,311a26bd2f89e1b68c62b8569959736b450880c7e31c04f6113995f4474e1e38,numeric,4658.0,Solar8000/NIBP_MBP,https://api.vitaldb.net/4db025d7dac7ac1ced6611f475157be34b2afb07
4dc4301ef46499c3da3016cf6e49127f757c0283.csv,71529,ee20afc59070d490d55be0f5958843f45c7bb735e1581bf701e58e3bb073a518,numeric,3988.0,Solar8000/HR,https://api.vitaldb.net/4dc4301ef46499c3da3016cf6e49127f757c0283
4dcac18310e13f12cffabd823eb2713a1796e283.csv,90183,9465e6d36381b208171a0aee44910a46188fd46add3ac6ce0fe3179fdad757d2,numeric,4447.0,BIS/BIS,https://api.vitaldb.net/4dcac18310e13f12cffabd823eb2713a1796e283
4dd9264f0cf629f7ce413657cad5d67274ffb9f8.csv,74960,745fe0976ef1f3d2354edcae7f5e8946f1247c141041e9c7b5db0e150b1d025b,numeric,3256.0,Solar8000/ART_MBP,https://api.vitaldb.net/4dd9264f0cf629f7ce413657cad5d67274ffb9f8
4ddba68d3233102f1d3f639b1a27cdbef3ef4ef1.csv,111814,b2b5b3a609f0bc1c9b00ef9c7dca309de9419bddfdd37971a44252713f177873,numeric,4677.0,Solar8000/NIBP_MBP,https://api.vitaldb.net/4ddba68d3233102f1d3f639b1a27cdbef3ef4ef1
4dfe494a5d9521319a9289e5dcab17598a9388df.csv,67161,970604be45a9cfa455d2dd9e28ed59120d0f4fc837dfae839d42e852884bbd3d,numeric,1927.0,Solar8000/NIBP_MBP,https://api.vitaldb.net/4dfe494a5d9521319a9289e5dcab17598a9388df
4e0662caa82e3346d4bd5c90489896cb6e472cf0.csv,305243,3b8f2aed3c4e4f057e701c5c15f07c48ac4263c631ffcde3d2d35d4b25336728,numeric,3846.0,BIS/BIS,https://api.vitaldb.net/4e0662caa82e3346d4bd5c90489896cb6e472cf0
4e0b75a298f247826bcc0c3fbfce72ba7a918938.csv,794885,1fadf14973836567484c02e6fd70dadaa536aba518f756bc4bed7e397e36dd5d,numeric,2356.0,Orchestra/PPF20_CE,https://api.vitaldb.net/4e0b75a298f247826bcc0c3fbfce72ba7a918938
4e0e03d69bbc8ad4469b428bd23e3badaa439fbd.csv,429692,8e144ada678d2f66a84de48bb90a435864503f775dab7586a808247a49bf1312,numeric,2350.0,Orchestra/PPF20_CE,https://api.vitaldb.net/4e0e03d69bbc8ad4469b428bd23e3badaa439fbd
4e0f0472f8ef110cae3f015d619114b4e2179e25.csv,1494192,be7fdeb5a0173a20431f97bf6d5a7a1dbe7160ced1e3038ab88f3eb6b585c732,numeric,6009.0,Orchestra/PPF20_CE,https://api.vitaldb.net/4e0f0472f8ef110cae3f015d619114b4e2179e25
4e39aa28c28bd96ccf3dd0aa8ecb7f5c71f0b2bf.csv,301280,e1523048b31bf0086a288dc979a5f9896d7e9500365a37f295e8d12cbc5a2a2d,numeric,1230.0,BIS/BIS,https://api.vitaldb.net/4e39aa28c28bd96ccf3dd0aa8ecb7f5c71f0b2bf
4e460d0063cee331745e677db7ccc11c91a7964a.csv,94969,00db8a247d3a460419997971136f24b178bdd06af7e555826d4a916ce8a2693a,numeric,3777.0,BIS/BIS,https://api.vitaldb.net/4e460d0063cee331745e677db7ccc11c91a7964a
4e5090f8fcf4d93da8d1abae2f72dbc1cd6ff45b.csv,96713,563f7df6894fc0b135531b7175285c1ca60e538b35603e8b5c68906aa5c79e05,numeric,382.0,Solar8000/HR,https://api.vitaldb.net/4e5090f8fcf4d93da8d1abae2f72dbc1cd6ff45b
4e6c8104001dfc9a6d7b414f1c489ef40afbceb7.csv,2295,e184867e7feb2a852fb49b5ec00b7ba0d9d3c73dca2687d53680646deee9db89,numeric,5407.0,Solar8000/ART_MBP,https://api.vitaldb.net/4e6c8104001dfc9a6d7b414f1c489ef40afbceb7
4e705addb021a2b1269e22121f73d6a5827e6c53.csv,56390,1afaec503321a786b4acc64e960753d1c919235158ef03dc0c48082d0a6e5159,numeric,309.0,Solar8000/ART_MBP,https://api.vitaldb.net/4e705addb021a2b1269e22121f73d6a5827e6c53
4e80c1eab5da106ff4bb0d9f51f5175719a675c8.csv,1040535,ee66d7f22d078440e08ba16b0e4628a1d0fd8c4f47f3fb5f7d01b03b375b4fdf,numeric,4966.0,Orchestra/RFTN20_RATE,https://api.vitaldb.net/4e80c1eab5da106ff4bb0d9f51f5175719a675c8
4eaef1ee6d871648910f97b08095d5cf7abc7894.csv,689605,991e3f992bb2abe598b992d2af7e758dada6badf3dc15466f4472bc383511193,numeric,1623.0,Orchestra/PPF20_RATE,https://api.vitaldb.net/4eaef1ee6d871648910f97b08095d5cf7abc7894
4eaf5c17043ffea3d111273bc4e48158859bd01e.csv,309507,9cef99ca5b044127c614c54421dd7bd682263549d4e8afcdc9781f45457d5f4d,numeric,3610.0,Orchestra/PPF20_RATE,https://api.vitaldb.net/4eaf5c17043ffea3d111273bc4e48158859bd01e
4ebec30eb1e4c333ef48b9d93419e35760cf1733.csv,354795,3a0d26b1199a7506d4cf55012f2bb190449ff4d21f3987585ee53ff05bdd1750,numeric,414.0,Orchestra/RFTN20_RATE,https://api.vitaldb.net/4ebec30eb1e4c333ef48b9d93419e35760cf1733
4ec6c50a150c27512339c1f90c0242baf41a42a1.csv,42717,e6dd567b5a8ed8607d106c70df3f2b889b37947328c4c5e7dd65ffa97f04b5ab,numeric,4433.0,Solar8000/ART_MBP,https://api.vitaldb.net/4ec6c50a150c27512339c1f90c0242baf41a42a1
4f1162cdc3bba485b2a40837a5c3361f3305966c.csv,657287,f1ab61cb0ea04ac2a48cc28df42e924fd97c060d79cfadd3affee258fbda0460,numeric,3256.0,Orchestra/PPF20_CE,https://api.vitaldb.net/4f1162cdc3bba485b2a40837a5c3361f3305966c
4f159ed1bad6e8d9fa72b132d96be0eee8d03c65.csv,123550,4781222c22d4f1bccaec2a7c0887f6d0612e52e9ad8cc89f6652f352a29f2407,numeric,2890.0,BIS/BIS,https://api.vitaldb.net/4f159ed1bad6e8d9fa72b132d96be0eee8d03c65
4f2c39096254d9425e6abf2ec2b8ff4779203c24.csv,1014923,a67dbb4c780775a2a98c8bbb1545700946a465283fb882a7ff452b6ee6459548,numeric,3074.0,Orchestra/RFTN20_RATE,https://api.vitaldb.net/4f2c39096254d9425e6abf2ec2b8ff4779203c24
4f2d8c29e27c725309feb6e39d06d09013c11391.csv,862807,c9d226adf0cc9f03448966fb27323c441f768ecd29a57886ae960d0aeae01e87,numeric,3785.0,Orchestra/PPF20_CE,https://api.vitaldb.net/4f2d8c29e27c725309feb6e39d06d09013c11391
4f3f5bc30323c3d672d3691214ac40db7326e39d.csv,573163,e5e4ad3cb5d71997a774f5b1d00664a8f224a95bb20ea571489537313f8c2162,numeric,5751.0,Orchestra/RFTN20_CE,https://api.vitaldb.net/4f3f5bc30323c3d672d3691214ac40db7326e39d
4f463be9466f4034bca0e3656146f41f389acdc4.csv,245383,a0c9fc0e31d146313a9b93185b8ffc4c901d676fc3f197bdf753a910052cab76,numeric,194.0,Orchestra/RFTN20_RATE,https://api.vitaldb.net/4f463be9466f4034bca0e3656146f41f389acdc4
4f76ce18b30dbf28cb646846515fc0e7b6d1e314.csv,519642,3cce5c10d3c501bde82ebf6370167a593ea870ab3c1e27f608bf7fe98bf3657a,numeric,297.0,Orchestra/PPF20_RATE,https://api.vitaldb.net/4f76ce18b30dbf28cb646846515fc0e7b6d1e314
4f772a25a90ed1b4bc13f9c6ca807a01b4655294.csv,784230,6ff8cc5e4aa96c2938e913582a312c65d3826d66fb157e2a5d57fba8c475a36d,numeric,1944.0,Orchestra/RFTN20_RATE,https://api.vitaldb.net/4f772a25a90ed1b4bc13f9c6ca807a01b4655294
4f7fb6cdeae83fa9da97a35fbef7718e4cb46d05.csv,439434,e572360281eb3650fd173fbf79ccd7ba9e478a0edd4fd85c2410036c3a43a778,numeric,200.0,Orchestra/RFTN20_CE,https://api.vitaldb.net/4f7fb6cdeae83fa9da97a35fbef7718e4cb46d05
4f996c6aa5e0311b9404fec07093909965f3dd19.csv,995366,74de6c11c7569e0db24394e7f9feb6d14cca08275f1656934295ad9652fc8880,numeric,5870.0,Orchestra/PPF20_RATE,https://api.vitaldb.net/4f996c6aa5e0311b9404fec07093909965f3dd19
4fa096a80baab0d23eca9ab838fa690ade4ff9e2.csv,692970,143110001e0d77e1efd71741d64e7eac78cae0ee8e8c0272715fc6f84f8a341d,numeric,4991.0,Orchestra/RFTN20_RATE,https://api.vitaldb.net/4fa096a80baab0d23eca9ab838fa690ade4ff9e2
4fac9bbfb97eae12338c8c15315d645e1f835354.csv,519664,89089a7ee4afc98c16e61bc5889056fd3fe9c07471871fd3bd535b7fabc2ebeb,numeric,4122.0,Orchestra/RFTN20_CE,https://api.vitaldb.net/4fac9bbfb97eae12338c8c15315d645e1f835354
4fcd090371564736818ed2401db12b3f868d2657.csv,576346,18f91601cc3550e4287f8fdd36a15df0de5ac49fd2447528bb8dc9bfedf08281,numeric,2943.0,Orchestra/RFTN20_CE,https://api.vitaldb.net/4fcd090371564736818ed2401db12b3f868d2657
4fce074de785647ced0a1ec14a74899de18c3fe2.csv,149243,6b4095923cea128cc816f2c0a539de15183bdaba0dac5f82a4f38c6cc5c4adae,numeric,3237.0,BIS/BIS,https://api.vitaldb.net/4fce074de785647ced0a1ec14a74899de18c3fe2
4fdf9a2cb650ccc6d8bdb234c26ff60eade6fe7b.csv,180699,a69ff85c7c33e1108384b667c5d5907ebe66b0cc9276c213c3f13d6a00f825fa,numeric,490.0,BIS/BIS,https://api.vitaldb.net/4fdf9a2cb650ccc6d8bdb234c26ff60eade6fe7b
4fea20ea76f145058205785020ba248904e392d0.csv,7446,a7aea99c31070c6aa9a152cedd164fe66e3f2e2a63efe7d0b49240d9f7c7ace3,numeric,416.0,Solar8000/NIBP_MBP,https://api.vitaldb.net/4fea20ea76f145058205785020ba248904e392d0
4ff00c880893c450aab60a2ec70ff70a37f2d4a8.csv,788224,f8daecbdc7bdee428e639c3e4983024e2c4fcfc29dcb297607dc1a4a2b51886c,numeric,5344.0,Orchestra/PPF20_CE,https://api.vitaldb.net/4ff00c880893c450aab60a2ec70ff70a37f2d4a8
4ff5122d2867ae74a1ef8efd91266e3b705bec67.csv,51596,596ab91425d4c8382d1524d9ee620d63abad4593f065d75190905e7e16a00992,numeric,4227.0,Solar8000/HR,https://api.vitaldb.net/4ff5122d2867ae74a1ef8efd91266e3b705bec67
501fda2f6a2a8c5f25f855a692f6c17f31544e80.csv,1018113,f541aed8bb41e5956f885ed00741c9c56154abe07e8c0f5aa3c43414b89650bc,numeric,2238.0,Orchestra/RFTN20_RATE,https://api.vitaldb.net/501fda2f6a2a8c5f25f855a692f6c17f31544e80
50247d173c6a7c860d062e8b6e20b78d814ae2f9.csv,84621,ad5406b0e5f50f9abbdeba786e3c7021fc673a5df965cde4ae645d2d2e9102ea,numeric,369.0,Solar8000/ART_MBP,https://api.vitaldb.net/50247d173c6a7c860d062e8b6e20b78d814ae2f9
5052f44b1ce1a3a6f569f3d866e04d02f031199e.csv,981819,c4d53bada7eb4d5ebad83c83dee6a0dae43af14bb286b9dd62f4980125a721c4,numeric,1648.0,Orchestra/RFTN20_RATE,https://api.vitaldb.net/5052f44b1ce1a3a6f569f3d866e04d02f031199e
50576bcb2830ef38cb3da75ead7a93efe1dd046b.csv,95633,5275ae51c07779af6d2ef8e8847ff135156fe6a922165bde603180d96d55b10e,numeric,218.0,Solar8000/HR,https://api.vitaldb.net/50576bcb2830ef38cb3da75ead7a93efe1dd046b
505e7f69a438183e3bc8a666e755ec0035e90527.csv,131656,bc80435d035b9c380db62fb4ccb7c9d5fa245d5de09d75fd9f1d3cc638e6e30c,numeric,6053.0,BIS/BIS,https://api.vitaldb.net/505e7f69a438183e3bc8a666e755ec0035e90527
50736c342bed2dbde389b333895f21360dcf28aa.csv,556303,075e1a62f7f40f4af3982dc34f24b8f1e5a5aaff9ba263b2fa31e9adcfbe16ca,numeric,4897.0,Orchestra/PPF20_RATE,https://api.vitaldb.net/50736c342bed2dbde389b333895f21360dcf28aa
509c7b3a3d84e1323865e6a6ae427a0dd0663e46.csv,69808,ba0347cb03b9c67cc6f5f5509b9f8629355fd36cbcfb20973442b98af36f2795,numeric,6088.0,Solar8000/HR,https://api.vitaldb.net/509c7b3a3d84e1323865e6a6ae427a0dd0663e46
50b9e36a2823e2a75dae9a5cf9543a1291efa764.csv,82990,5dfc1ea452a97dc4109410057270c2719cbf018f1e15d1c834c1625cadcc4f02,numeric,4275.0,Solar8000/HR,https://api.vitaldb.net/50b9e36a2823e2a75dae9a5cf9543a1291efa764
50bdfdf2713921edf3ea45b81134005f80b7976a.csv,72623,82bb78d33500589890143017ff877173574ad8217a42a58caf76ecc5ac528f4e,numeric,505.0,Solar8000/ART_MBP,https://api.vitaldb.net/50bdfdf2713921edf3ea45b81134005f80b7976a
50c5a718d1a194ad0248c9a944eaca8996c58e2a.csv,581301,c4fff61165fa98f9068317490f431197c4eabfa470cd7dee9567822508959e2b,numeric,4316.0,Orchestra/RFTN20_CE,https://api.vitaldb.net/50c5a718d1a194ad0248c9a944eaca8996c58e2a
50ee975bfa7ad75565f4e24fa8c1d2c53f3a4233.csv,547627,4ded1433e2998eb4a6cd8324099b65a293ea7f3bd3595a222c65018edd0f1eb4,numeric,3368.0,Orchestra/RFTN20_CE,https://api.vitaldb.net/50ee975bfa7ad75565f4e24fa8c1d2c53f3a4233
50f5f313e9132e1860feeb59b54a8ec5a7db6c87.csv,405326,028048e6bb891ec2730664433346ff0d15e20cc2f8ea932c9cd4dd135365ca56,numeric,6061.0,Orchestra/RFTN20_CE,https://api.vitaldb.net/50f5f313e9132e1860feeb59b54a8ec5a7db6c87
51053b1ffe6b3a1c8ff2e3e4fd83e4ea0efca998.csv,80673,553da1ef1948e9207a02790cf53706cf13c01e9b26bd1df5ef285f172787c257,numeric,2044.0,Solar8000/HR,https://api.vitaldb.net/51053b1ffe6b3a1c8ff2e3e4fd83e4ea0efca998
51221b490a5114df3803dd0d97ea0a992c478b7f.csv,476234,6190a95477071531ed3aeb8d2fb5dbe38d2296d241f34f3d135d9042eb4589c2,numeric,692.0,Orchestra/PPF20_RATE,https://api.vitaldb.net/51221b490a5114df3803dd0d97ea0a992c478b7f
512919ec42f94b7c842bb820e3cb15bfd687428b.csv,1013215,cded531cf4bd57ce56dcef15d442a819663d0ebbb6be27969497ab2bc5e665d9,numeric,1922.0,Orchestra/RFTN20_CE,https://api.vitaldb.net/512919ec42f94b7c842bb820e3cb15bfd687428b
512fd7edbead51ee1c018679d63dd37b15358692.csv,165590,1da8be611fcce0d6fac875145f77b705b28773e3991c1bf261cbae9d4af08d86,numeric,205.0,BIS/BIS,https://api.vitaldb.net/512fd7edbead51ee1c018679d63dd37b15358692
515608fc448fe03472fcaf64a502a3615239c90e.csv,751108,16b30f16b432646515f5fdb91c87156bbffaf8b568741f8ca8af3339837d0c09,numeric,2742.0,Orchestra/PPF20_CE,https://api.vitaldb.net/515608fc448fe03472fcaf64a502a3615239c90e
51710fe496c9fc80834d4c9c5302754892edd489.csv,748380,4a617a876ca383292ae04b9c274b08996583d7b5ccef3c2adfa705fbc825987a,numeric,1267.0,Orchestra/RFTN20_RATE,https://api.vitaldb.net/51710fe496c9fc80834d4c9c5302754892edd489
518489ec1132a45ad6ac24e071b7008a5dd2c7d5.csv,97220,ccfbd40b49ea93c43b0f73ee31d93cc2601216471fe58603b7e3fd6b9d5e4e94,numeric,1606.0,BIS/BIS,https://api.vitaldb.net/518489ec1132a45ad6ac24e071b7008a5dd2c7d5
5197f023bc4b7401bbf40a63539daad5e84c9ab6.csv,80300,dc43928fdf29b0554edfa54ce8d2656f43e9c6792a5c0cb5a792f87df14a871b,numeric,353.0,Solar8000/HR,https://api.vitaldb.net/5197f023bc4b7401bbf40a63539daad5e84c9ab6
51b1804c9bd6bc9ca673020af7fa3986cea88b23.csv,365028,af5015becf8edf1e443f6b881dd5cac18b20e70a90364e5dbf31ca38466b4fa3,numeric,2503.0,Orchestra/RFTN20_RATE,https://api.vitaldb.net/51b1804c9bd6bc9ca673020af7fa3986cea88b23
51b40c766ee8cea3070ef78af287a4f2d2ab4ab4.csv,604292,6f74e0f412350584455336eb35018675aeb3bfba2440b9f2b582f226144dcfb6,numeric,5669.0,Orchestra/RFTN20_RATE,https://api.vitaldb.net/51b40c766ee8cea3070ef78af287a4f2d2ab4ab4
51d69b93c70a07418d9e1b11dcf0b38ff6b3afb7.csv,124999,c6b62c22077b3af4434a099c9ae166f34cb357e036e278465bd73093b0a068bb,numeric,5070.0,Solar8000/ART_MBP,https://api.vitaldb.net/51d69b93c70a07418d9e1b11dcf0b38ff6b3afb7
51e2dd85517e763862543e1d1dce89cab5e68c77.csv,115033,e7a1aed8cbce84d4a487b59c654ec425c265f669df1c662af06683d659527d79,numeric,5731.0,BIS/BIS,https://api.vitaldb.net/51e2dd85517e763862543e1d1dce89cab5e68c77
51f032fbc3b1a281f7df24b1a0fe1dc5bb722136.csv,938402,7431bc886d45630d50b08c144cda1e933d76a739a2ef782ed6851ce5019b27ad,numeric,1160.0,Orchestra/RFTN20_CE,https://api.vitaldb.net/51f032fbc3b1a281f7df24b1a0fe1dc5bb722136
51f92a264797341c37c69a91e4a86a9f9bcc7a19.csv,102828,158f579b72f58e7fa9d49e3ec3e06f52cd0c62dfef64d80f383a4b6d68bb7979,numeric,6090.0,Solar8000/HR,https://api.vitaldb.net/51f92a264797341c37c69a91e4a86a9f9bcc7a19
51fa551320f1c4e14f4cd628b655d5c17c45f91e.csv,137061,7c74a6b65d0572321576c19a8cb0b2061f1391ec1baf64815071fe288a291316,numeric,4057.0,Orchestra/RFTN20_RATE,https://api.vitaldb.net/51fa551320f1c4e14f4cd628b655d5c17c45f91e
5228908cb0317acf1aab869eb283d473c0c8b4a2.csv,91991,6590614ed8448453391ddb2b073d8e4d89987c78d35ae902b6c04b5b922941ae,numeric,1011.0,BIS/BIS,https://api.vitaldb.net/5228908cb0317acf1aab869eb283d473c0c8b4a2
5229857e6741479cdce59a8a942502be7d9595c7.csv,48387,61a1881ff2d36d17328c35aa0c1a5fb7b4397cbc3f2326bd6e63ac1a04345d90,numeric,4695.0,Solar8000/HR,https://api.vitaldb.net/5229857e6741479cdce59a8a942502be7d9595c7
523502c4c3a21b7380c084f71a75f901922462c5.csv,330788,2def19c0be5ee329b78e2889e2f3b97f492cf38eab9d2ec20628f216279f25e9,numeric,1871.0,Orchestra/PPF20_CE,https://api.vitaldb.net/523502c4c3a21b7380c084f71a75f901922462c5
52433769fe66a49dcd4bb51205dfb65363c072a0.csv,102495,70cae3822626045134a357faf582cda22f3ea1ba83384a3774041c8790e85be7,numeric,3348.0,Solar8000/ART_MBP,https://api.vitaldb.net/52433769fe66a49dcd4bb51205dfb65363c072a0
524b42bac8e362bf7127b42c98c636d011f937cd.csv,245472,ba8f4664a3269681ea4b5a5f254dccdb4aceafc5f05b2ec80ea6eedf8b9fa886,numeric,4390.0,Orchestra/RFTN20_VOL,https://api.vitaldb.net/524b42bac8e362bf7127b42c98c636d011f937cd
52737cba2ab916b77dc46f61dba59cc14ba97dae.csv,774472,2768de23b81c3473a3cc600d85e0b6c1e87a38f0836af0e2954f11745552ea99,numeric,2392.0,Orchestra/RFTN20_RATE,https://api.vitaldb.net/52737cba2ab916b77dc46f61dba59cc14ba97dae
52869a6cf3088fdaf2b9b7748fab230c92aa3847.csv,199079,fdf60c9b4df64265148c421084968c6ecb854adfae79e59b330421ca1a80ef24,numeric,4275.0,Orchestra/PPF20_RATE,https://api.vitaldb.net/52869a6cf3088fdaf2b9b7748fab230c92aa3847
5289a8c385f8d48af5c3b551f7ef675dae664bda.csv,583126,256f5acc324aad62f58078f5ccf528541814bce663cc1b80d4be414bafd71a63,numeric,1082.0,Orchestra/RFTN20_CE,https://api.vitaldb.net/5289a8c385f8d48af5c3b551f7ef675dae664bda
528f13b9b20ab13bbe9a58ddeb300641d9d651fe.csv,691517,8a303d13d293d141c028f6ef6942651940cfc7b3f1c3d9775b64e85c6df5a18a,numeric,1240.0,Orchestra/RFTN20_CE,https://api.vitaldb.net/528f13b9b20ab13bbe9a58ddeb300641d9d651fe
52aa4aaf5ae3014e6ce830b40ccb5c36d81320fa.csv,132793,5eff44c54b99a7c370f0e8a5568bdbb454dba94495e9d750346dc7471249b858,numeric,2185.0,Solar8000/HR,https://api.vitaldb.net/52aa4aaf5ae3014e6ce830b40ccb5c36d81320fa
52b4d5f81b6cc2d6b66e034d9d8e7ee0f5253467.csv,266568,ce9aedd11e327937fae948df9197572fd361275b226557db0ebcd263fbd4f84d,numeric,789.0,Orchestra/PPF20_CE,https://api.vitaldb.net/52b4d5f81b6cc2d6b66e034d9d8e7ee0f5253467
52edd8e659a54030e1e419a97c5150bbc688b088.csv,120215,3eeee095a4d7859723bc248adfd49bf95482bcde1a070aaf1b879b8e1690835c,numeric,4695.0,BIS/BIS,https://api.vitaldb.net/52edd8e659a54030e1e419a97c5150bbc688b088
52f13865c56e6a4fdeccb21263e6332e32bc855d.csv,83684,c57f2fb5f90b90d1dd2d39546290041041a93bde48838b1958e10551c992211e,numeric,1630.0,Solar8000/ART_MBP,https://api.vitaldb.net/52f13865c56e6a4fdeccb21263e6332e32bc855d
52f8803d5d6e52221af2c963feced3b0188b24ce.csv,1293204,c4fe85d169550c54220c0a3c78b28e12c634f02ac45c05f17f471f42f58f5d50,numeric,1730.0,Orchestra/RFTN20_CE,https://api.vitaldb.net/52f8803d5d6e52221af2c963feced3b0188b24ce
52fdacaebd627c1edc5beaf00d9cfae8aec1c065.csv,64326,1357d91ef9e525048f3880a0151fd565950a95e8f32cf99004b681e96e466c48,numeric,5434.0,Solar8000/ART_MBP,https://api.vitaldb.net/52fdacaebd627c1edc5beaf00d9cfae8aec1c065
5305cabcb565befd108f6517d6d1d713d0ac2b17.csv,46650,9ec652f62c60afa7cd40c362bebcba357b72d119cb807466b6581a1cf6a01350,numeric,1323.0,Solar8000/HR,https://api.vitaldb.net/5305cabcb565befd108f6517d6d1d713d0ac2b17
5327dcad7a54f769f442ede7682dff82430257c4.csv,57121,ff099ec093942ab491c0e833dac2fb096ccbdac36fab6727d86148992f0b8d9e,numeric,5913.0,Solar8000/HR,https://api.vitaldb.net/5327dcad7a54f769f442ede7682dff82430257c4
5328b66aefd3b39b3e664a3e63ce07ce507b6c2d.csv,552405,890595b01865e95af33bdde2140a2507d74c4ff1095cf73c618329bfaf9c3288,numeric,2717.0,Orchestra/RFTN20_RATE,https://api.vitaldb.net/5328b66aefd3b39b3e664a3e63ce07ce507b6c2d
532d1bc40e614dfd9ac6671c3b1a432eb9b92085.csv,411244,80d687715445c80cbb348ae5327c3422cafcd722a452ebb96323a4ad00ab769d,numeric,3579.0,Orchestra/PPF20_CE,https://api.vitaldb.net/532d1bc40e614dfd9ac6671c3b1a432eb9b92085
533e2801b76ca51b8dbbe98884f4c516bc87a9e3.csv,727012,fbd7b2d79fd65087341a855a433bcd1011e05572aa757a11a81cec9117182542,numeric,5439.0,Orchestra/RFTN20_CE,https://api.vitaldb.net/533e2801b76ca51b8dbbe98884f4c516bc87a9e3
53440cf2d8777baea8e600249b7e40cf82fd6499.csv,828376,3001e2710824c00f2253500a387a7c81667053bb92e4bfb7fd5b9a25e208f714,numeric,5137.0,Orchestra/RFTN20_CE,https://api.vitaldb.net/53440cf2d8777baea8e600249b7e40cf82fd6499
53589c7f94aec437749e468161db354d38f6dcde.csv,138705,afea534c518fe6709fcd45412c6c9d9f2638f16dd08c07ebab7971a237fa48aa,numeric,4122.0,BIS/BIS,https://api.vitaldb.net/53589c7f94aec437749e468161db354d38f6dcde
5361fbe1c4d94228d5d3201d550a85b437c240da.csv,46630,0003a9a2908813a5fc6735568c9b5c309b4b3567a1f475a4e683e01c5a446c10,numeric,4630.0,Solar8000/HR,https://api.vitaldb.net/5361fbe1c4d94228d5d3201d550a85b437c240da
5365997e7404b65fcead6c2b222ae5264d20c060.csv,201580,96fe3247c9759fa01919aa5499f520dbd8d11c05462cf84a77839cd06b1eda65,numeric,3237.0,Orchestra/PPF20_CE,https://api.vitaldb.net/5365997e7404b65fcead6c2b222ae5264d20c060
536637585bdd94686c81804c3bed5d161d09d153.csv,85276,493008986c97e1b13b118323d77bde0af9c3a1a5ab07dcc5c783bf4968a101cc,numeric,2004.0,Solar8000/HR,https://api.vitaldb.net/536637585bdd94686c81804c3bed5d161d09d153
53790fe587e0cd5794de6d0325b9f407cc12cc2f.csv,66160,166318f812030bb508396e9e52a55d4509598ad686f42108c3aec8855c62da25,numeric,4202.0,Solar8000/HR,https://api.vitaldb.net/53790fe587e0cd5794de6d0325b9f407cc12cc2f
53805c7e56990c475572c257031fbd0c81e1badf.csv,279810,b155054817aab0c8c5726b2c130ec0f8d90770be15556baa2d15f3f5b58f85a3,numeric,4995.0,BIS/BIS,https://api.vitaldb.net/53805c7e56990c475572c257031fbd0c81e1badf
53adc98d9718b360ef096ef2a0346c87f2ac8b3d.csv,60217,ae9ffd99f6b88231642e27ce934c4b0775c869c105dd74239774e0e8334740e5,numeric,5558.0,Solar8000/NIBP_MBP,https://api.vitaldb.net/53adc98d9718b360ef096ef2a0346c87f2ac8b3d
53b5d8382cec7ea70a93e37319b2201fc07ddbc2.csv,98294,3c38c01787f5c58f2004748f9ab3c0902428e4a0e44843144115a7920d113f70,numeric,2492.0,Orchestra/PPF20_RATE,https://api.vitaldb.net/53b5d8382cec7ea70a93e37319b2201fc07ddbc2
53de9db1aeed0d4a78c9176d28de8ce41333f5ca.csv,60072,732d8c47606100421b93a6cbad28e1a158cc16908d333297622096d1faf1c8b0,numeric,1687.0,Solar8000/ART_MBP,https://api.vitaldb.net/53de9db1aeed0d4a78c9176d28de8ce41333f5ca
53e246f21cbee1d38d414756bb94e603c6bd9a3c.csv,61505,58d007bab8445c41d2699396cb6641971c0e5683f97ce8c220cca29526949e0d,numeric,1725.0,Solar8000/NIBP_MBP,https://api.vitaldb.net/53e246f21cbee1d38d414756bb94e603c6bd9a3c
53e8b7e8fe91ad29269773db982534cb8127843e.csv,115325,48e1a879e946a519297857252a1ac8442e0472584307f224cf75e58171940f8e,numeric,6326.0,BIS/BIS,https://api.vitaldb.net/53e8b7e8fe91ad29269773db982534cb8127843e
53f5732fdd80864b5cbb941c39f3c8916db24897.csv,260875,41db7fc8a8a7e0793eb647c213a4fccfd17cbe9906fd1b52d3e4316466504535,numeric,2056.0,Orchestra/PPF20_CE,https://api.vitaldb.net/53f5732fdd80864b5cbb941c39f3c8916db24897
53f7e5a9993606b37d32bf1c4c8578b6117aa86a.csv,54506,b5a7b9fa6ee325403e669cc664379e76ed354b61a9b771ffa1f6b9a22193c459,numeric,57.0,Solar8000/HR,https://api.vitaldb.net/53f7e5a9993606b37d32bf1c4c8578b6117aa86a
541025e0708f3446ed8ccd1502062d23271f454e.csv,177768,fdc80a8ce7ef0844ada423796d9f7190a806d0579e94da0e60f34abf642576fc,numeric,1172.0,BIS/BIS,https://api.vitaldb.net/541025e0708f3446ed8ccd1502062d23271f454e
542042a6fa40569a9cf3539ff3f88ae8219ff5bb.csv,282005,82933b388605c604d68df73c808ede6f990176d145a1f48fa522a21e39614d7c,numeric,193.0,Orchestra/RFTN20_CE,https://api.vitaldb.net/542042a6fa40569a9cf3539ff3f88ae8219ff5bb
54304420b020b01e7b8444e2b843c48bb6e1d731.csv,162720,f516df6df4d8641a1069b473f108c67d9c2748080e61d77baf35036739d7c731,numeric,1089.0,BIS/BIS,https://api.vitaldb.net/54304420b020b01e7b8444e2b843c48bb6e1d731
543f0b31b5931a0bb1ff60abe275a05a8c862ada.csv,505419,cb3e9d29ccd302386d8ea6a5c3672650111ab0020c32a2779e24e3b0dfc3b439,numeric,3517.0,Orchestra/PPF20_CE,https://api.vitaldb.net/543f0b31b5931a0bb1ff60abe275a05a8c862ada
543fcb2425a3cba65ace478cb190c5891f57a355.csv,48112,ff7ed47e040e4dc7dca1c598082bb5d92e9aadf019ebe29b648c9fd4c10c9250,numeric,4630.0,Solar8000/NIBP_MBP,https://api.vitaldb.net/543fcb2425a3cba65ace478cb190c5891f57a355
54427582ed0f4aa29694c11c16a201e116095e83.csv,72580,6639d48ed35b6cb914319756404bc136cbe13b43ef90efbb84f3f10825171475,numeric,1809.0,Solar8000/HR,https://api.vitaldb.net/54427582ed0f4aa29694c11c16a201e116095e83
544d19ac80ab54188e70171a64aacaf753d3071e.csv,41993,a21c27ea1b14cca7c6a69994da9b486fe2f2b7e13dd42f4a55efd8687ba4d7c4,numeric,6097.0,Solar8000/ART_MBP,https://api.vitaldb.net/544d19ac80ab54188e70171a64aacaf753d3071e
545c35f2416b5d230bf28aac8d8ec3dab542e2e0.csv,56814,660e2d4380fa20afa94c0ec6d55d93b511ece4d6d8e348ee67d8b02f1e78c425,numeric,5913.0,Solar8000/NIBP_MBP,https://api.vitaldb.net/545c35f2416b5d230bf28aac8d8ec3dab542e2e0
546975c018d75bc6dfcdb2ebc7adada9e114bd42.csv,639894,f2f117368e28e8fa3cdd4bb24c3f30a3e84cb9d0dd15ced415b0bd15539669c8,numeric,3256.0,Orchestra/PPF20_RATE,https://api.vitaldb.net/546975c018d75bc6dfcdb2ebc7adada9e114bd42
54729c372c5122e56ff6752ae29a5093945715f7.csv,353127,1da44b2d381520f50219b8170ca7530092fcbdf200d1ad212e0064d30b0ce218,numeric,6210.0,Orchestra/RFTN20_CE,https://api.vitaldb.net/54729c372c5122e56ff6752ae29a5093945715f7
54738044457442bb4d514dc7f08fef84ac3287a0.csv,773927,96e3d2ccbaa7875f696ffecc8999e2f8d2ac065ec79ce3138816eae288ac1759,numeric,1193.0,Orchestra/PPF20_RATE,https://api.vitaldb.net/54738044457442bb4d514dc7f08fef84ac3287a0
549a196a138d5231ab7c7cfce0b4bfb6dee91945.csv,370265,5143383f7ad89825bdf2623ab42b5015c3d31c66ba37c212de070d9434814850,numeric,4433.0,Orchestra/PPF20_RATE,https://api.vitaldb.net/549a196a138d5231ab7c7cfce0b4bfb6dee91945
54a747b1c3239853697840c0636df5b2d5ee7f07.csv,537518,048f71bf205d4229c88d1a22eeac32d5d3ab0a54388060a9b8d3fb2624887747,numeric,3468.0,Orchestra/RFTN20_CE,https://api.vitaldb.net/54a747b1c3239853697840c0636df5b2d5ee7f07
54bfdcd2875b87e69efef565105c5da986229cde.csv,107390,adb8297863a787a0bb566b91ac1f0b7677b61ef95c450f602c1ed4b651ff4912,numeric,3710.0,Solar8000/ART_MBP,https://api.vitaldb.net/54bfdcd2875b87e69efef565105c5da986229cde
54c70c691aa88ea14765731b29d66a1b094fc032.csv,39555,375f0816e2cb7d02d76f717a9ab61e3016fe1dccf5835ff5f122da365bf86b8a,numeric,3091.0,Solar8000/ART_MBP,https://api.vitaldb.net/54c70c691aa88ea14765731b29d66a1b094fc032
54ca3e95c8a2d463f0cb37d4647b0c1d954d9613.csv,591283,c3169c931ee2034cdb54f672327b1201504e3847bb5dbe87d7b99ba1d8777aee,numeric,5352.0,Orchestra/RFTN20_CE,https://api.vitaldb.net/54ca3e95c8a2d463f0cb37d4647b0c1d954d9613
54cf7a1f9c97d11ac47444031c61e9b4ee4632a7.csv,444330,b720e27ea3059a322d5ae4a974650260e0fd9fe80fe036fd31c2c510e5051d3d,numeric,452.0,Orchestra/RFTN20_CE,https://api.vitaldb.net/54cf7a1f9c97d11ac47444031c61e9b4ee4632a7
54dbae06446f232bc577095453b617e753612532.csv,237674,78c53da67c4106c5d48bc86162b14c4f243713e0fbd943dc06ec17d796e1359a,numeric,5787.0,Solar8000/HR,https://api.vitaldb.net/54dbae06446f232bc577095453b617e753612532
54eda6072c1b59a32e6526db4591848f92f79382.csv,463125,abea87a9a95a52df6ffe5f6809f9ecfe92cfc29ca10576e6245d4c2aa8da7616,numeric,6225.0,Orchestra/PPF20_CE,https://api.vitaldb.net/54eda6072c1b59a32e6526db4591848f92f79382
54ef5933b6f21fe94247cd1a7d765887052abcf4.csv,56188,72946aef820998ea50868dc09ac443e609a7294da701d11665e3e51e107927f0,numeric,309.0,Solar8000/HR,https://api.vitaldb.net/54ef5933b6f21fe94247cd1a7d765887052abcf4
54f03bf58e05e8ef19541eb1459019088ec2cfbb.csv,234499,f4ae693c3cca0afcfb4172c9037b89d2280e2f8c8fdb9103e3d3c35cd05cfc27,numeric,4447.0,Orchestra/PPF20_RATE,https://api.vitaldb.net/54f03bf58e05e8ef19541eb1459019088ec2cfbb
54f51ea98dc026acc3a2d921b446ba4194a6028f.csv,534198,231cf719fd5bca93294d5ac70c0a6360fabce7b488d7e80eaebc620665df38f1,numeric,4803.0,Orchestra/RFTN20_RATE,https://api.vitaldb.net/54f51ea98dc026acc3a2d921b446ba4194a6028f
54f584ca92c6bcf941ae0378c92a5a90a9c01df7.csv,44587,3b81d09c5c3acdb3fcfb44363495ac20c39878fd05461058cbc52807ab2f4e2d,numeric,5017.0,Solar8000/HR,https://api.vitaldb.net/54f584ca92c6bcf941ae0378c92a5a90a9c01df7
54f77224684aee666258113378fdf6027385d15c.csv,742417,33d491e87b441dae9a49c2d3d0eb713831b98c13e091977cd446bfa871d50a2e,numeric,566.0,Orchestra/RFTN20_RATE,https://api.vitaldb.net/54f77224684aee666258113378fdf6027385d15c
54f83ff683fd53604176c3420bebd319daa4e80b.csv,47744,0f252db8e427ef20a1c7e2a4e0ce5228455cfbd758a6636a62fc40323faede4c,numeric,1191.0,Solar8000/NIBP_MBP,https://api.vitaldb.net/54f83ff683fd53604176c3420bebd319daa4e80b
54feb12a8f98eda6f9c2ced84d4afbd448bd7fba.csv,53107,a4bd7120b62ce1b420e88a124ff13edd9e19801fcc43a181a2f390cfaf3a978e,numeric,1213.0,Solar8000/HR,https://api.vitaldb.net/54feb12a8f98eda6f9c2ced84d4afbd448bd7fba
550fa63c0db89b1d7d59b7f78a07f6209a683aa6.csv,338467,65d1309fa45254039e9f98ee66434224aebd81108a89cec33616d6ca1b22a940,numeric,6210.0,Orchestra/RFTN20_RATE,https://api.vitaldb.net/550fa63c0db89b1d7d59b7f78a07f6209a683aa6
551f508f80012b8f813ec40fda51c7924d9a0086.csv,583256,9d03e7e6c5c5b5754254621aeb146e1b3acdd931fe015f24f3eb818cfe8d8347,numeric,816.0,Orchestra/RFTN20_RATE,https://api.vitaldb.net/551f508f80012b8f813ec40fda51c7924d9a0086
553bbe01ac04cb8a2a090b10070590869927ee7a.csv,208369,603bcf26eaa4a31bf97d223809217078f5c10146a19fa137b1eac7c1e6ac862c,numeric,3875.0,Orchestra/PPF20_CE,https://api.vitaldb.net/553bbe01ac04cb8a2a090b10070590869927ee7a
553df9e0068cbfa6ed8e0396ea686d84be044495.csv,710072,544ea379bf96f23ab0018a1a72b0f5eb2ab2da9e6cd89828fa35750e34b57842,numeric,5140.0,Orchestra/PPF20_CE,https://api.vitaldb.net/553df9e0068cbfa6ed8e0396ea686d84be044495
5542d5c7ac1464f20f92a16321fab2425996e429.csv,131100,018ee95ab9c19249aa29035dc9583274d68cadd94908efee670bbdc14791bada,numeric,13.0,BIS/BIS,https://api.vitaldb.net/5542d5c7ac1464f20f92a16321fab2425996e429
5545609f03a5edfffbcd3b207d6b67b2c4aec4c6.csv,1331015,dc288eb09063a50c7180300d30796cdbb997bf17ef21126bcefc84bf81485b30,numeric,4143.0,Orchestra/PPF20_CE,https://api.vitaldb.net/5545609f03a5edfffbcd3b207d6b67b2c4aec4c6
5576d7783099963ff7e33bb531e59fd474b6effe.csv,769153,6e66fe5f57cefa27c041b64978cb6802e8fb906decc38253d3796b7f17a205e8,numeric,5566.0,Orchestra/RFTN20_CE,https://api.vitaldb.net/5576d7783099963ff7e33bb531e59fd474b6effe
558945606461f465d220b372de0236b7d65fe841.csv,669824,6deb8dc3e09a405ae6bf9ce71f75eb58885f9cd9ce3b949c45d825241892c3de,numeric,3988.0,Orchestra/PPF20_CE,https://api.vitaldb.net/558945606461f465d220b372de0236b7d65fe841
558d196eaa5b6b98430d56027eac791f430cf161.csv,102569,ac3ce9f5d37afccc52ae53d52ab5b11eed559562ac66574d6b41bbc3775dd5cc,numeric,194.0,BIS/BIS,https://api.vitaldb.net/558d196eaa5b6b98430d56027eac791f430cf161
55971eb58f6574d3317c0aeb3417ac979dee8add.csv,292071,1473725f928f758aa7871b6c2e11a235a9127e0ed1f1ece7c0527635113be9d6,numeric,3298.0,Orchestra/PPF20_CE,https://api.vitaldb.net/55971eb58f6574d3317c0aeb3417ac979dee8add
55ba84a12305c7426926ffc251424973b1fea7b2.csv,219067,6f06a9b5b967e03575d2aa727840376b2b5bf0299f75dc5e7f0bf275b26efa1b,numeric,2879.0,Orchestra/PPF20_RATE,https://api.vitaldb.net/55ba84a12305c7426926ffc251424973b1fea7b2
55ce139229afbc5dec9ebeb31ec862ba4e5f3a06.csv,299154,34eebf4ea18c5655cd9bc6f199c0025224fd64e3e8f1e6fe386c19d923ede7d7,numeric,5345.0,Orchestra/RFTN20_RATE,https://api.vitaldb.net/55ce139229afbc5dec9ebeb31ec862ba4e5f3a06
55dff5aeab7286fc72a8179600de1124c5b7fe9f.csv,9251,cf6b09decf3353f5a4069fe916220859a39f145eb3b56c917a9419cf1e1f7605,numeric,2238.0,Solar8000/NIBP_MBP,https://api.vitaldb.net/55dff5aeab7286fc72a8179600de1124c5b7fe9f
560caf9e528857b32e4cec1dc0537f7ccb751dbe.csv,255556,be1126c498984673f484836cc4507d5c5c5bd2197037f47f258e6acfa6a7edce,numeric,2189.0,Orchestra/PPF20_RATE,https://api.vitaldb.net/560caf9e528857b32e4cec1dc0537f7ccb751dbe
563ee42b04b50c72e32a78f4818902dbf654b558.csv,46665,612a5c9e239f682195b9a25ad5db619b56fad1bffa20bf0060bf47160a3ed215,numeric,6034.0,Solar8000/HR,https://api.vitaldb.net/563ee42b04b50c72e32a78f4818902dbf654b558
565a7fe0a40a9713f7b5aa07349c82c46c09974d.csv,52869,e0b36e3ed0816bc72ecfba62fbd6e36c3bddb3f237705894a70b89ecb4f5082d,numeric,4186.0,Solar8000/HR,https://api.vitaldb.net/565a7fe0a40a9713f7b5aa07349c82c46c09974d
565fc28c11d2715af47ebc0f6da69075d5b4e5ba.csv,75883,521f72f1b918abd8447e3edc400e07299eede7d15ec2fb90ea2a9d53ef853a82,numeric,3166.0,Solar8000/HR,https://api.vitaldb.net/565fc28c11d2715af47ebc0f6da69075d5b4e5ba
566c08c8df75d3db13f33f2667ba06c47ae8d05f.csv,413158,a77e7d3e32902d58a92963c27bc98b2fe51da7786140c996b192fc0bf5af01c5,numeric,1398.0,Orchestra/PPF20_CE,https://api.vitaldb.net/566c08c8df75d3db13f33f2667ba06c47ae8d05f
567d42a77287fffe4f07cacbc926cd0499b11fff.csv,270610,a81c66ac1703350b9b0b8c1b73c7d05cdd8602a4529d316cf2859f8ec7eff91b,numeric,3220.0,BIS/BIS,https://api.vitaldb.net/567d42a77287fffe4f07cacbc926cd0499b11fff
567eedf424c222d54b9686b5c83b509a963a3836.csv,341391,31df04311fe9eb6afce261aa4129b11e6e85f8cdaa628a85f3bfdb185d102699,numeric,505.0,Orchestra/RFTN20_CE,https://api.vitaldb.net/567eedf424c222d54b9686b5c83b509a963a3836
568ad702510cc1b9824481722c3e8c104459c40f.csv,59474,465650879828957c80db0d1ddc4c49e5cf31d3384d1203478bf3489e476715a4,numeric,2717.0,Solar8000/HR,https://api.vitaldb.net/568ad702510cc1b9824481722c3e8c104459c40f
568afea0c23c8767abc64b715423b7c25906ebdd.csv,954580,aab64760bb6b44eeb38875d8407084d540283b96870382215d33683ccc9cd5bb,numeric,5014.0,Orchestra/RFTN20_RATE,https://api.vitaldb.net/568afea0c23c8767abc64b715423b7c25906ebdd
56b5c8687a2b39872868a4d9c9dd181a45e9fec5.csv,403233,9969a07dea89880949dd4216461922f5a6e6d95fc41ab0c2b7a5bc292b1b86f5,numeric,3343.0,Orchestra/RFTN20_CE,https://api.vitaldb.net/56b5c8687a2b39872868a4d9c9dd181a45e9fec5
56b8fc88225bcf10aa301fefd23ffa1c377c1927.csv,279453,c1bb06f4e420923b74d2ff2f5828f7f34c64828710b760a2ca586eccb5aad387,numeric,2797.0,BIS/BIS,https://api.vitaldb.net/56b8fc88225bcf10aa301fefd23ffa1c377c1927
56be7b46bbc7116b702d975caec47d73dd68ee41.csv,636958,f044c24b49e15f9840297461ab871de84f1f877787756e467d3a790f8867ce72,numeric,1267.0,Orchestra/PPF20_CE,https://api.vitaldb.net/56be7b46bbc7116b702d975caec47d73dd68ee41
56cb8a2a69d65b46e7a2f33acb3865414e4520a0.csv,427605,b5c24ddd123c8c0580a5f6c7ecace1b44502d6172dfb63b758a7d38277cb1cc3,numeric,6034.0,Orchestra/RFTN20_CE,https://api.vitaldb.net/56cb8a2a69d65b46e7a2f33acb3865414e4520a0
56ddc5312bd65ce5003b73beabe5261b82f660fa.csv,83792,74bedcaa53a303d69220155b9bba933565a7cb6fc5b83f218ad45a8e196b7877,numeric,789.0,Solar8000/HR,https://api.vitaldb.net/56ddc5312bd65ce5003b73beabe5261b82f660fa
56ded66674addc14488b9f05980a78cb71bebdd9.csv,66962,daf5db2550b8a0ee1e482b788cc4ece741d353e2cb8469b4301059967f01abc9,numeric,5798.0,Solar8000/NIBP_MBP,https://api.vitaldb.net/56ded66674addc14488b9f05980a78cb71bebdd9
56e7904c57509e82737c80b1590d750fe9741ad6.csv,521883,eba5cf6b3cd01cc124b891cf285fa6593c614b93fd6af2493ed9f7ccfdc318e9,numeric,1489.0,Orchestra/PPF20_RATE,https://api.vitaldb.net/56e7904c57509e82737c80b1590d750fe9741ad6
5703b956bcb5d44eed5fbf1e16f148854b9ea2fa.csv,104981,43c79ad3c547cf0864cc206fe0e0f01e3eb2411b3e1a38f5a39197ef6a9af67c,numeric,1482.0,Solar8000/ART_MBP,https://api.vitaldb.net/5703b956bcb5d44eed5fbf1e16f148854b9ea2fa
573506c6b0aa3acb1bb8dd95203a3d8ddb5d2b9e.csv,160726,95a0ea7845acbd132f4e1e1c01aa588cc1fdb60e31385984d1636f6344542058,numeric,4481.0,Solar8000/HR,https://api.vitaldb.net/573506c6b0aa3acb1bb8dd95203a3d8ddb5d2b9e
5740b59d44a4f84b2a85c333fc1cfbdb488904a9.csv,199131,31313b6b210eadcbd21a4201c6c1ff1080a8f936534ac48334bcc3d000a19c0c,numeric,1045.0,BIS/BIS,https://api.vitaldb.net/5740b59d44a4f84b2a85c333fc1cfbdb488904a9
5751256005f43f3f4ac3f8cf0d44f062c9b0225a.csv,140772,7781cd932048c85c4a7632782e7cea0943c588099bb2a8222ef398f7c917b400,numeric,1786.0,Orchestra/RFTN20_RATE,https://api.vitaldb.net/5751256005f43f3f4ac3f8cf0d44f062c9b0225a
575a2614c318bd69ce3a9a47f77ffff7f7639f0c.csv,260912,b8481420332b92d95b48c9d41c334e9a75521cce3b010aa236c300dce1debfbc,numeric,1045.0,Orchestra/RFTN20_CE,https://api.vitaldb.net/575a2614c318bd69ce3a9a47f77ffff7f7639f0c
577e809bdc30a0835cce5669cab68f9866587e36.csv,776020,d881b71cf3cfeee8d608e86069596d37b27bbe52ee87569fcf7ef74c650b4184,numeric,4995.0,Orchestra/PPF20_RATE,https://api.vitaldb.net/577e809bdc30a0835cce5669cab68f9866587e36
5795849aabc4f1cb4673d52f1a6b8589eed0ea05.csv,24929,918b89d5edcc662d705c9470e5b594be5de338295786ec53bb5953c90925bcab,numeric,5871.0,Solar8000/NIBP_MBP,https://api.vitaldb.net/5795849aabc4f1cb4673d52f1a6b8589eed0ea05
57d2d813e41830698e830d138bb5b71b2b0a955c.csv,699169,0f909f14fd28e774e4f16508abe1229558d48ea5b984a33cf0708a060f6aed46,numeric,6181.0,Orchestra/RFTN20_RATE,https://api.vitaldb.net/57d2d813e41830698e830d138bb5b71b2b0a955c
57d3c431f6f14f576380617436c3db63a260250f.csv,51062,65a73a627dda7f6b4d9cdfc17f0e1c8b44a9312bd29ab31b92f503d35389b917,numeric,200.0,Solar8000/ART_MBP,https://api.vitaldb.net/57d3c431f6f14f576380617436c3db63a260250f
57d7fc7efe05e4f345824cd52e8f7bb20b638aa5.csv,46943,d72e89cbfa0c44472d214cb58cd5220c40dffce0e6fdd3bcdc6fa9dd1f1ee3b8,numeric,5662.0,Solar8000/ART_MBP,https://api.vitaldb.net/57d7fc7efe05e4f345824cd52e8f7bb20b638aa5
58057bb7e6b9def9fbd6f69248e55615164b7fa5.csv,90419,6cba381462cbc1db7e794011dbf7882dfc3695dd576c0a3698b6b2310782192f,numeric,5966.0,Solar8000/HR,https://api.vitaldb.net/58057bb7e6b9def9fbd6f69248e55615164b7fa5
58174bf2269d0e752da42cd7645cfffbfdcbccdf.csv,773487,26c333c225f545a1d4ee877503e5d581835c81d4cc03d3505c8b403fd6450677,numeric,2653.0,Orchestra/RFTN20_RATE,https://api.vitaldb.net/58174bf2269d0e752da42cd7645cfffbfdcbccdf
581880436ae52559696f6235019e319b44cbd5c4.csv,277965,068c6c240c74354223ddea29b33bcf9f2ebe8a61369ba5869ff467044a2fddc9,numeric,4709.0,Orchestra/PPF20_CE,https://api.vitaldb.net/581880436ae52559696f6235019e319b44cbd5c4
582c15612ecc5582d2f31c27639a3c9b2d36296e.csv,244289,fe53158e2f4da30435324a69cbdc057a40ee528a66cc265cd83fe2bcf0e5bf8d,numeric,1709.0,Orchestra/PPF20_RATE,https://api.vitaldb.net/582c15612ecc5582d2f31c27639a3c9b2d36296e
582dc0460438ab75dd7be3f44c87c3713e6cafb5.csv,640681,55695114f6572a91743ed7bdfe26a47957e76a7b33ebea0f25b0d2a22b85f368,numeric,149.0,Orchestra/PPF20_RATE,https://api.vitaldb.net/582dc0460438ab75dd7be3f44c87c3713e6cafb5
583002d30c7d9a9bb9e4e5d36658225203d4b149.csv,296994,563021abdc0af6b137f9bc1b36ddc64b59838facb80729329d1413c72b6c1586,numeric,1337.0,Orchestra/PPF20_RATE,https://api.vitaldb.net/583002d30c7d9a9bb9e4e5d36658225203d4b149
5840b4fd3f5f44d457f6f9aa1f415c8236bf0920.csv,137816,5eed037adb1e3ecc033dee2c05637d81c537004bef3d0d8301ae8e1363159ca0,numeric,5948.0,BIS/BIS,https://api.vitaldb.net/5840b4fd3f5f44d457f6f9aa1f415c8236bf0920
58421083ea9c15bcefbbd0c91bed46a0d48851a9.csv,56072,c46564518242556c3b25be5cc7877afce7b3e7627dc3ae4eb0909f2750b513bd,numeric,1687.0,Solar8000/HR,https://api.vitaldb.net/58421083ea9c15bcefbbd0c91bed46a0d48851a9
58546e366034bd23b8822267f3a2a2cfe6806984.csv,856897,b376e98e3d84ba780ac8797f86343319b24ccdd4f5fb33e343508cc00761d2e5,numeric,4999.0,Orchestra/PPF20_CE,https://api.vitaldb.net/58546e366034bd23b8822267f3a2a2cfe6806984
5878489bc79218e6a469d062e9c31be5a98ebf64.csv,785868,91c1238e3079f19a6b0cd0a7d185c2d5bc3670b1991ccdcaf237ffe386d0d6a5,numeric,2797.0,Orchestra/PPF20_RATE,https://api.vitaldb.net/5878489bc79218e6a469d062e9c31be5a98ebf64
587df5f3675e5dc45077c6362e57a0f183fcd956.csv,599428,6818521d44b77586ba24168278d3f8ec7f57825926ba2dcf5aa8f82ae8ae0b1a,numeric,3972.0,Orchestra/PPF20_RATE,https://api.vitaldb.net/587df5f3675e5dc45077c6362e57a0f183fcd956
58841423d72bbbd6754de7e5f10215bc4c423ec1.csv,129873,ad9b1e9bfd8e0df07a0703363fd6eae58590ebd8f49658a4a7b322c8a084d3ec,numeric,1230.0,Solar8000/ART_MBP,https://api.vitaldb.net/58841423d72bbbd6754de7e5f10215bc4c423ec1
58875a8fbfbd0ae34dbc972ac2c69b0ce3f00a8e.csv,662404,4811c2fac9264e275bdecc35d693fcf83633034175f87b9337aac40903a7489c,numeric,4179.0,Orchestra/PPF20_CE,https://api.vitaldb.net/58875a8fbfbd0ae34dbc972ac2c69b0ce3f00a8e
589e72f2807ee6327484a373ef0cdf2a79d189f4.csv,480563,2974336528aa74c8b5e8a733f56d5eadd59b5383250868bfbf9776d374adced5,numeric,3426.0,Orchestra/RFTN20_CE,https://api.vitaldb.net/589e72f2807ee6327484a373ef0cdf2a79d189f4
58a8a7c60a5f117e613104b8f56026ed0e30f341.csv,249135,74e9e88bd7beb704e94e111ea39c3fd8fbc004696759832d4f6d376c5a7c7bde,numeric,3759.0,Orchestra/PPF20_RATE,https://api.vitaldb.net/58a8a7c60a5f117e613104b8f56026ed0e30f341
58b811083ac6622d3a6e684f84715d455e362b5e.csv,456565,a99899101db96bfdcbf450f4ff163ea0435974b3f96f5358a2a525dd8dcfc455,numeric,3169.0,Orchestra/RFTN20_CE,https://api.vitaldb.net/58b811083ac6622d3a6e684f84715d455e362b5e
58ce5ad91a8462805aae1000e9d650464f03bc51.csv,58173,fa87218c86fd816a37deb9f7e1eb878a235efff73c2ed5d36eb19234d654c1a2,numeric,2863.0,Solar8000/HR,https://api.vitaldb.net/58ce5ad91a8462805aae1000e9d650464f03bc51
58cf7680a7b5af5cf30b89b3d10b29e18a9b038d.csv,98948,bce6a66e0cffe04d7cecc2f31f8ae47c1923ec466f31e7c576cc4a2039683568,numeric,6037.0,Solar8000/ART_MBP,https://api.vitaldb.net/58cf7680a7b5af5cf30b89b3d10b29e18a9b038d
58dd0f9a38aca26aa6d4371ac84c1ea863b7cc46.csv,382135,56e6ba8153e76da915b02d35512ad3767a60e4a8b2b86dfc63d6f0c7287e6a3c,numeric,2573.0,Orchestra/PPF20_CE,https://api.vitaldb.net/58dd0f9a38aca26aa6d4371ac84c1ea863b7cc46
5910fb35ba28a86cfc1fd2037d09216db32906bd.csv,503339,7a3852dcc7e8ff1f4e7f5e19c5fbde5ddaec2901ddb59aedcbad7dd996413f7e,numeric,57.0,Orchestra/RFTN20_CE,https://api.vitaldb.net/5910fb35ba28a86cfc1fd2037d09216db32906bd
5933cfbb2d735693d1d32ab5319abb2a925d6994.csv,25981,bf680db441b241ecb9b0679af6917e1dbbadcc810d868f16ba0dd4864d3b4255,numeric,1027.0,Solar8000/NIBP_MBP,https://api.vitaldb.net/5933cfbb2d735693d1d32ab5319abb2a925d6994
593e235226e29ca18dcc905b3adcd7c987323c3c.csv,187047,723dfee3f763a9bdd95ef2b7ea55759937eca7a34e2e7a7ee3e27574bfc19a94,numeric,1875.0,BIS/BIS,https://api.vitaldb.net/593e235226e29ca18dcc905b3adcd7c987323c3c
59665ef3f81adab9f6175fa18b770c47e2c605da.csv,61224,0084c23829d4b8df6914dcf015e8919e533592edd0522b5324135958276e1ec6,numeric,1210.0,Solar8000/HR,https://api.vitaldb.net/59665ef3f81adab9f6175fa18b770c47e2c605da
597479cd944d5a2c9215fec86d720ad4262b3867.csv,471165,d211f9b01af7ebb8c852dae8c81013f8246ae39cb21712bcfa4fdb5d498d62c8,numeric,5032.0,Orchestra/RFTN20_CE,https://api.vitaldb.net/597479cd944d5a2c9215fec86d720ad4262b3867
5978565f35aa7db59a69bd31e974665659b35a19.csv,140515,3718b8eea949dd93393963cd43b964f1c87f47eca310bf84ec93b2e8adbe6e59,numeric,4198.0,BIS/BIS,https://api.vitaldb.net/5978565f35aa7db59a69bd31e974665659b35a19
5990fc8dbb25a4437b43c4ce3a6b02f89fbcbbf4.csv,97680,45b4e255fd21ea797bc7ae0fa8343b1d6e2648d72401b268ba5de410f5e5d184,numeric,3617.0,BIS/BIS,https://api.vitaldb.net/5990fc8dbb25a4437b43c4ce3a6b02f89fbcbbf4
59d548d35e2cb109100447f9fa23e845f90be5e5.csv,88730,2e847a3ad7ff6f9604094f4cf6de6f9895026b9a9a57a0595ba9da106ee98081,numeric,2742.0,Solar8000/ART_MBP,https://api.vitaldb.net/59d548d35e2cb109100447f9fa23e845f90be5e5
59d59fb919e50dd5b2ea7290d297d7ecc3dc5206.csv,54501,a3bce82bd1c203f3179d190e4c598fd35f9ad3621f5f6f02913e6dce1288e472,numeric,5675.0,Solar8000/ART_MBP,https://api.vitaldb.net/59d59fb919e50dd5b2ea7290d297d7ecc3dc5206
59f5f971340d75516e2b0b391ec92b1c53cc7732.csv,356085,9a54ec036e4f62f3e6ce5d0df67506cda26b07ee68ce181a1de7a0038d7d70d7,numeric,416.0,Orchestra/RFTN20_CE,https://api.vitaldb.net/59f5f971340d75516e2b0b391ec92b1c53cc7732
5a198eb6da373970ddb432c9684789a2a964b6f6.csv,443871,163d1329cafaaed3000b46a3df929e97e08d16eb445672889b1fcdbcac9a3acb,numeric,4020.0,Orchestra/RFTN20_RATE,https://api.vitaldb.net/5a198eb6da373970ddb432c9684789a2a964b6f6
5a1d9edbd2c901020f6d71a51a514d09a6b88664.csv,242031,ddd9bae4cd15f831face9d80f0dc4eac88cdd62ab63664d057ba27caf7164215,numeric,2802.0,Orchestra/RFTN20_RATE,https://api.vitaldb.net/5a1d9edbd2c901020f6d71a51a514d09a6b88664
5a34a27bbf02608ba80210ba63c7b1581f709172.csv,446738,400039ac663ff94be220cb87345ddca85f469583e8fbfd5b040aaa4b19a1a81a,numeric,3319.0,Orchestra/PPF20_CE,https://api.vitaldb.net/5a34a27bbf02608ba80210ba63c7b1581f709172
5a56bc7c9f7f20f056eb00189887d7c6337a29f8.csv,772954,eda83d25f4e1ed9163cebc6c398645a914b44f3f4f89521844f9e334a0ce77cf,numeric,5578.0,Orchestra/PPF20_RATE,https://api.vitaldb.net/5a56bc7c9f7f20f056eb00189887d7c6337a29f8
5a737d267e0a5aa1421e10de9ab897ea1a8b83c7.csv,433113,01e68cd49108c0b3e3f32c1c16fd351ff677ceeb920fd7cdec3efc0572ecd80a,numeric,2955.0,Orchestra/RFTN20_CE,https://api.vitaldb.net/5a737d267e0a5aa1421e10de9ab897ea1a8b83c7
5a74163873954da817d3f1a0670afd9af2e7e8b8.csv,530165,44735f1029e6c39c962eb03eba5ea5ccc6be65e4145aad484af9e612b3c19d36,numeric,6163.0,Orchestra/RFTN20_RATE,https://api.vitaldb.net/5a74163873954da817d3f1a0670afd9af2e7e8b8
5a7d82c5e6aeee0a897eeb424fcad062701a7619.csv,607775,05e62234ca458aba129f6175b719f2338875d2553112da4683e337bc4d0a3640,numeric,1089.0,Orchestra/PPF20_CE,https://api.vitaldb.net/5a7d82c5e6aeee0a897eeb424fcad062701a7619
5a7ddf9d36dd9358a6ff0ee0ffc241a6c8c80aa8.csv,529157,e65021abd3a45b0ab98daadd0850d10f1608d3c26a31e99ca6f472d560cdfd14,numeric,4530.0,Orchestra/PPF20_CE,https://api.vitaldb.net/5a7ddf9d36dd9358a6ff0ee0ffc241a6c8c80aa8
5a80e97b6eb52e57b30245008b7e684e0b4e2255.csv,975726,d222b4718722db91ee170e83ca9381f0200bf7a8dc5050cad3b2ff2fba057b85,numeric,1026.0,Orchestra/PPF20_CE,https://api.vitaldb.net/5a80e97b6eb52e57b30245008b7e684e0b4e2255
5a8473582e49889355b538dfa753cee8d393f3ca.csv,996955,146c5e4d2a15ae64c5bf5f13d01fada22ed69aa8c2c55c9f5cfb85ff9e65694f,numeric,5014.0,Orchestra/PPF20_RATE,https://api.vitaldb.net/5a8473582e49889355b538dfa753cee8d393f3ca
5aac2da80be84fb27fcca7f6df7e1195c9c03b5b.csv,792498,fa3125e12c6cc285ef502e9feb83245e15abca117fa0810bd6c9c8d4541ad592,numeric,3223.0,Orchestra/RFTN20_CE,https://api.vitaldb.net/5aac2da80be84fb27fcca7f6df7e1195c9c03b5b
5acbad3dd4df92acfbc3e4dc957c2a591cdacb53.csv,313656,27d1d11713669805da5d0bbfb4b934e60b6413882f40916a6cc01049b9eff22d,numeric,4330.0,Orchestra/PPF20_CE,https://api.vitaldb.net/5acbad3dd4df92acfbc3e4dc957c2a591cdacb53
5ace9eed0a6b7331b74bef05e6581dc4fc83f628.csv,250698,71e6e3ec43e4a7b177cd2c904e3e3499a30588d3dd25292d3d52e3b13cc0630a,numeric,5998.0,BIS/BIS,https://api.vitaldb.net/5ace9eed0a6b7331b74bef05e6581dc4fc83f628
5ad128d59cd8ba424a2a98ae88707da463ec0e6f.csv,419631,24bee49b66999017845e70140c345a0aed2b8b6c3f0552a932616fdf2faad5c4,numeric,200.0,Orchestra/PPF20_RATE,https://api.vitaldb.net/5ad128d59cd8ba424a2a98ae88707da463ec0e6f
5ae736ca9f9216917f2b4cdccb12121efed7e25f.csv,21903,f10d94cc47a4760a43cbc1a6acc0ab2bd480e05cea79cb7331a4c381f4404eb1,numeric,1500.0,Solar8000/NIBP_MBP,https://api.vitaldb.net/5ae736ca9f9216917f2b4cdccb12121efed7e25f
5b037f29a10ca01491f9944f9b28f11ba35cb3e3.csv,585783,0b09506166457c6311251563e78e620486256d9073c86bd439f1bda168489bee,numeric,6190.0,Orchestra/RFTN20_CE,https://api.vitaldb.net/5b037f29a10ca01491f9944f9b28f11ba35cb3e3
5b119973440bc813d382d99bb684f6a515c8c20d.csv,289058,980649497db31c4ae4f1b14ad375c722a25af67f7fec1e66afe1fcf8d474e1bd,numeric,1826.0,Orchestra/RFTN20_CE,https://api.vitaldb.net/5b119973440bc813d382d99bb684f6a515c8c20d
5b292004e840e004c2bdc625bb2e45f853aa0b8f.csv,49104,66f03147cdee99577ee8a0fd461dcd2246fe0f6dbb094b9b4a19264537eb328b,numeric,4870.0,Solar8000/HR,https://api.vitaldb.net/5b292004e840e004c2bdc625bb2e45f853aa0b8f
5b295522f603e097f0750332b2596f03394533d7.csv,322180,f2561b34f2d61b4aebf0b4c9ca85ae98758797155616159baba5f1d886e8a052,numeric,3990.0,Orchestra/PPF20_RATE,https://api.vitaldb.net/5b295522f603e097f0750332b2596f03394533d7
5b5d75da8817bca1970b05ae34fd6952c8332820.csv,107500,fcc1b97d4a6a16353c4aa9a84a8d4dbb034aaa2c37c26be7351a1d0d1756d790,numeric,3150.0,Solar8000/HR,https://api.vitaldb.net/5b5d75da8817bca1970b05ae34fd6952c8332820
5b674295348af670c8ac07b70ae55188d591f588.csv,48445,6f739fc38c056dd7ade51d90011d7c8bc63981d543f4e7188f10c2984b078d38,numeric,5741.0,Solar8000/HR,https://api.vitaldb.net/5b674295348af670c8ac07b70ae55188d591f588
5b70599d6505150f9b9a0adc85df6d17bcc680fe.csv,551042,4d8c2eefe32d9866d5f36cf734cedd4bc42a312625ab9df9aee3fc6179e2fb58,numeric,3468.0,Orchestra/PPF20_RATE,https://api.vitaldb.net/5b70599d6505150f9b9a0adc85df6d17bcc680fe
5b756b7897d374c769872618fbc59ab34462da2b.csv,226337,fda636e55fe1e1961a981440ce05a9d288c491a1058b2e882b4c3e2aa97184ff,numeric,3196.0,BIS/BIS,https://api.vitaldb.net/5b756b7897d374c769872618fbc59ab34462da2b
5b8f44e2f989c38365d9342b0704755030059a0f.csv,45075,c78dd2122e2ab0abb7bd208b7b01f0dba92688ac849134a7338e3c06f8c817a5,numeric,193.0,Solar8000/NIBP_MBP,https://api.vitaldb.net/5b8f44e2f989c38365d9342b0704755030059a0f
5b958f9fb8b4d26a774f713b8c7c7be83f9219f3.csv,92982,8a9c9e329865174b67e87433e7dedd0d3255ece5c17c30614a8ca0bbadd010ba,numeric,5777.0,Solar8000/HR,https://api.vitaldb.net/5b958f9fb8b4d26a774f713b8c7c7be83f9219f3
5ba07dfb57839726ed05cd11ebad1b57a45408da.csv,845971,8407379b85a34e57df81ba42a0be6fbb225de0673c1a2f38c4756f13c7d33539,numeric,4899.0,Orchestra/PPF20_RATE,https://api.vitaldb.net/5ba07dfb57839726ed05cd11ebad1b57a45408da
5bad39b816310eb93967667e012a60907e82bc98.csv,1504338,48e37c522ceb3a1143aac31f4518a2294f4032b816e81503ab93c6c0e35a35d1,numeric,4481.0,Orchestra/RFTN20_CE,https://api.vitaldb.net/5bad39b816310eb93967667e012a60907e82bc98
5bb18e78de65c2d19df3a07e89f3e46d331751e3.csv,591568,f3cbf9f9f1b5d3a7c1e573ce7f70024a9c2a887bc7c8d3c761597caeeed487e3,numeric,5225.0,Orchestra/PPF20_RATE,https://api.vitaldb.net/5bb18e78de65c2d19df3a07e89f3e46d331751e3
5bb5da51d58e243445138bb407671e44dd4a6b95.csv,885028,7b66e21e79e7795eda36a06ecfc9dcfe5bc18a759bb4ec50df8ee6dfee70d97d,numeric,5014.0,Orchestra/PPF20_CE,https://api.vitaldb.net/5bb5da51d58e243445138bb407671e44dd4a6b95
5bd70cdbc5c9acf182bc2b52351b1aa9ba22c785.csv,41164,c6b8259d6973396dba7a5b514bfe66a23777a565ba25fab65d02a3cbde18b299,numeric,3298.0,Solar8000/NIBP_MBP,https://api.vitaldb.net/5bd70cdbc5c9acf182bc2b52351b1aa9ba22c785
5bd90d3a17c53022c3ed3687b4c683135199ffc7.csv,1028840,9858657d5e595157afa61094dc43c1e63cf63d39880913bf2472ba94b1b4aab0,numeric,3074.0,Orchestra/RFTN20_CE,https://api.vitaldb.net/5bd90d3a17c53022c3ed3687b4c683135199ffc7
5bdddcfdab11074471afca21b0f91341ad23aaa0.csv,121181,b760e49cf61e099a7ee208767c44402014f18ae5e79f112326a7059d0cf51bad,numeric,3319.0,BIS/BIS,https://api.vitaldb.net/5bdddcfdab11074471afca21b0f91341ad23aaa0
5be629abfa6f0877a5307669748930e0549485d6.csv,378593,e81a9ad2b82c279010a7644d1ea27aaafac4d52875ade63353688c9178d71225,numeric,1398.0,Orchestra/PPF20_RATE,https://api.vitaldb.net/5be629abfa6f0877a5307669748930e0549485d6
5bed0baccf3f47f567df8eed0871cb1e3a6f25c4.csv,79412,88f0283c755a41ae53f7fc65da4aa9de819c8ca8f569fcedcb2072ad7e9dd9dc,numeric,2530.0,Solar8000/HR,https://api.vitaldb.net/5bed0baccf3f47f567df8eed0871cb1e3a6f25c4
5bfb05922ed6df07a26d5175f682d2bcac6ededc.csv,93984,5a1aa6afb20ee6a29d2ad1b708bb871afb36ccbfa64ea30657d6b8b1821d95ca,numeric,708.0,Solar8000/NIBP_MBP,https://api.vitaldb.net/5bfb05922ed6df07a26d5175f682d2bcac6ededc
5c0e48079f0bca790f7a60d45dfa019dce68f76a.csv,558570,0ce9aeb19d37aefe997f247007deda6225871ee3bc5a9feb68715b1f39ddb524,numeric,1630.0,Orchestra/RFTN20_CE,https://api.vitaldb.net/5c0e48079f0bca790f7a60d45dfa019dce68f76a
5c455cb5492a31e1d60f3c2995acb3d13bef88ec.csv,51761,17f327692bd1d27b27513c3ac314d27f90bfedf2019fab7b7cbd5e5fa04a995b,numeric,1925.0,Solar8000/HR,https://api.vitaldb.net/5c455cb5492a31e1d60f3c2995acb3d13bef88ec
5c4aa66214c445abe17099155baf75c3137d8db9.csv,1077521,7dae50cdf7ec716a7aa9664aad4e0b66872709056348cf374dd024e8427d94b1,numeric,1785.0,Orchestra/PPF20_RATE,https://api.vitaldb.net/5c4aa66214c445abe17099155baf75c3137d8db9
5c5942531896728be07771db7450c43f2a624609.csv,45022,94ac4fe4d67221f8954a2febd7043cd7a7489559841914f92ed75cf4ff38805f,numeric,5949.0,Solar8000/NIBP_MBP,https://api.vitaldb.net/5c5942531896728be07771db7450c43f2a624609
5c64bca04f9e13fa203503fe019025022e3cb2f4.csv,765866,c5eebb07a8dee40bba3264734c7f3ceb6e398884a5a7d501def1699831fab24d,numeric,566.0,Orchestra/PPF20_CE,https://api.vitaldb.net/5c64bca04f9e13fa203503fe019025022e3cb2f4
5c6d87b8becc104fa31d463c0b24c2e2f7b7036e.csv,369550,364efaa2f4dca81cb1340604305a6a8c8367d73c9907bec3d5bcbb2e36f6f7f5,numeric,3560.0,Orchestra/PPF20_RATE,https://api.vitaldb.net/5c6d87b8becc104fa31d463c0b24c2e2f7b7036e
5c84d60f3b13dda77a86a42168155a1590b12239.csv,971601,8d8eadfeeb235a7ec69061791456da057aa1837b454f59589ed97d2128bd0b65,numeric,345.0,Orchestra/RFTN20_RATE,https://api.vitaldb.net/5c84d60f3b13dda77a86a42168155a1590b12239
5c8a7902ab2dcef2d3f2d60b36b5a62f95cde737.csv,57139,2f856f44f17c2f9fea3552159e118c0efd731ba82985a3bef013f13da9909533,numeric,4913.0,Solar8000/ART_MBP,https://api.vitaldb.net/5c8a7902ab2dcef2d3f2d60b36b5a62f95cde737
5c8a93c19880d09b1eb41d7ceb7021c1b54d074b.csv,82715,8d299c90e079fafa6d7ef190f11c414f09c2ac71b170863d92f8a68dd1a12f53,numeric,6346.0,Solar8000/NIBP_MBP,https://api.vitaldb.net/5c8a93c19880d09b1eb41d7ceb7021c1b54d074b
5c9c52a489592a5d8e52f2b348ecdb930203257c.csv,72515,5cfa136241321439c9be9bc23de15d04b700424d07ecb1ac983a2ac3ff305197,numeric,6127.0,Solar8000/HR,https://api.vitaldb.net/5c9c52a489592a5d8e52f2b348ecdb930203257c
5ca2d722410ba12cfde9ceb5554ae150dd1dae77.csv,209641,75adf1ee284ae345d435f71fbe17e9129ddc70cd32af76a60e37a8dd4e28b050,numeric,2353.0,BIS/BIS,https://api.vitaldb.net/5ca2d722410ba12cfde9ceb5554ae150dd1dae77
5ccacdd74f235a0dcdc5354d751236d79b26fbfc.csv,293813,77b4ba43a270a93afcaf55c17e4c2a688448e224aec483951874d3c5e5040df0,numeric,2794.0,Orchestra/PPF20_RATE,https://api.vitaldb.net/5ccacdd74f235a0dcdc5354d751236d79b26fbfc
5d19d94a40dedf0b2943064f0df1043122a6ad43.csv,815605,800661b399bee4b78a2e4954a9950f0d95da193de5e6c84bdeac5371d75af96d,numeric,5004.0,Orchestra/RFTN20_RATE,https://api.vitaldb.net/5d19d94a40dedf0b2943064f0df1043122a6ad43
5d1f6244fa36af73a999e0ca7e29a30ccf4ed08c.csv,824929,5b04b677fc742f8b350d17fa427cfdefea693dd1d7b8247595c51c4e814df7b2,numeric,3196.0,Orchestra/PPF20_RATE,https://api.vitaldb.net/5d1f6244fa36af73a999e0ca7e29a30ccf4ed08c
5d2c778d59cff57028393dcff71e3bb0bcba0939.csv,246388,85f876d970ce6cdcdfda07fdf1fd66ad4258fb5458b43cebc88571a25745a3d5,numeric,166.0,BIS/BIS,https://api.vitaldb.net/5d2c778d59cff57028393dcff71e3bb0bcba0939
5d2eaf129adea543aa3e438f7944aa3216e3367d.csv,778253,bba131251c5c4015e412d4e5bf9e3779c11a43d8861bf640a1edcab41af31cf3,numeric,4995.0,Orchestra/RFTN20_RATE,https://api.vitaldb.net/5d2eaf129adea543aa3e438f7944aa3216e3367d
5d4f9ec6035ed6522c80671d96e024b68ce0f61d.csv,43034,63f80a189635678416e9bc92510b3b6e2b8f456b2a24e921fc7e8b8379a9c829,numeric,5206.0,Solar8000/NIBP_MBP,https://api.vitaldb.net/5d4f9ec6035ed6522c80671d96e024b68ce0f61d
5d64d186b78c595f715d081a6a45fae2a8b466f2.csv,139363,0e85f98904a5dc7375ba0470c89827c44805e6721d64aab4fea5928133aa6a5a,numeric,1725.0,BIS/BIS,https://api.vitaldb.net/5d64d186b78c595f715d081a6a45fae2a8b466f2
5d92790935466a2edc77e29271e8451960b2b68c.csv,486151,c3c76631972184ae781081efa1f7f4dc0f53c248a7f1bebc3a9c357f4a143eb8,numeric,5142.0,Orchestra/RFTN20_CE,https://api.vitaldb.net/5d92790935466a2edc77e29271e8451960b2b68c
5db03f71c5026aa8c073dc8408b0dab030426aa3.csv,156548,85259221ff63b2e8c54a11248d546c5b622d93c5ce008073db6bb69942780ea1,numeric,5781.0,BIS/BIS,https://api.vitaldb.net/5db03f71c5026aa8c073dc8408b0dab030426aa3
5dc016b87a3e97dc3296241abc4dd74a683056b7.csv,192194,95d5da3f932f7609dd639352055fa0c8ae5429e29a09a5f4212ad9dc32b66d66,numeric,2078.0,BIS/BIS,https://api.vitaldb.net/5dc016b87a3e97dc3296241abc4dd74a683056b7
5dc530017aafa9815f9042be3eb2139f378128a3.csv,103023,2feb7ba4320969f1490b365f4ed3f10d86acfcbd2fee56c4dd523edea479712b,numeric,1826.0,BIS/BIS,https://api.vitaldb.net/5dc530017aafa9815f9042be3eb2139f378128a3
5de89b8328079e1bd71af905a74748e26e4515c9.csv,603140,3629f5f4a49942104efba18dd60d0e0184b68ec4e9711d1cbee54aa6eea3a00c,numeric,5669.0,Orchestra/PPF20_RATE,https://api.vitaldb.net/5de89b8328079e1bd71af905a74748e26e4515c9
5df6e8eb19f93ca2c357f003506ac4f9aa1b1956.csv,778450,a4648abcd83d697f3dec6084c327e1cd930ad081be28d8a87cf30472ffd8a249,numeric,5344.0,Orchestra/PPF20_RATE,https://api.vitaldb.net/5df6e8eb19f93ca2c357f003506ac4f9aa1b1956
5df870943aa2e06f265ffcdc539cab838dc09cb2.csv,44011,052d5a7da73a02d6a1153c9d28b94a33e5b8f0427c5e4be8cd14639bc2c4153c,numeric,4948.0,Solar8000/NIBP_MBP,https://api.vitaldb.net/5df870943aa2e06f265ffcdc539cab838dc09cb2
5e05f4d31940875b590888fcbf9db7314472c10c.csv,613034,3b00be0c55b80bd7fdcf2ee9f76876eb335db7e4c488cfb063273ff51a6998d1,numeric,6024.0,Orchestra/PPF20_CE,https://api.vitaldb.net/5e05f4d31940875b590888fcbf9db7314472c10c
5e0dd69b7c1dec38385928af0c140283015d64c9.csv,344720,b810efa8e8fd99a47165d17a73b783d1a65e4f39f8382334f66740835a260ffb,numeric,5048.0,Orchestra/RFTN20_CE,https://api.vitaldb.net/5e0dd69b7c1dec38385928af0c140283015d64c9
5e1c7f4fc9b819f8466fc116e13bf2781bd1da39.csv,499044,fc8d18b37d618b0375619a435d8b9d5f8eb8bf70c782b5422d63aad45584046f,numeric,1082.0,Orchestra/PPF20_CE,https://api.vitaldb.net/5e1c7f4fc9b819f8466fc116e13bf2781bd1da39
5e1f91449c7001751df862e22b0c78da69a6bca4.csv,52857,4e1af15747c09d5e1e18a90f13217ceb2314ece1d07ca5e245011192e9c23950,numeric,449.0,Solar8000/HR,https://api.vitaldb.net/5e1f91449c7001751df862e22b0c78da69a6bca4
5e27e7e79adcd6606419e411a97faba9ead64679.csv,54911,6509c1b1a104232340fab780c6fdca690d6e14cd582eb279bae4749d1d006eea,numeric,3691.0,Solar8000/ART_MBP,https://api.vitaldb.net/5e27e7e79adcd6606419e411a97faba9ead64679
5e32ac25003eb759c997d07236b2950f76c4878c.csv,942881,65de20b10c1b2db9e3f692d7f2ca7a4c1cd97ebf5565f2e8f37f3596f859f9c5,numeric,5388.0,Orchestra/PPF20_RATE,https://api.vitaldb.net/5e32ac25003eb759c997d07236b2950f76c4878c
5e39d508437089fdc5495f680caf17e86ecb36ba.csv,896826,3e0d90574237a0227e1c5be15a694b4615cc7a19dd6ffa0ec2c1584e1e4c876e,numeric,382.0,Orchestra/RFTN20_RATE,https://api.vitaldb.net/5e39d508437089fdc5495f680caf17e86ecb36ba
5e4f752afff98cc24f19ccbe71d78a4462e8de5d.csv,65943,db48a7b119c990d6c90c4c5ecfee0edf2c28cac6d5c198689eac7c5d1bdc6a4f,numeric,3166.0,Solar8000/NIBP_MBP,https://api.vitaldb.net/5e4f752afff98cc24f19ccbe71d78a4462e8de5d
5e61c096230e6d8efc21856a2e17189a463cb6c1.csv,806169,19f5d21dce642cc578c503f2481d354dd9a1f96274899367aabe1466f5ec2cbf,numeric,5004.0,Orchestra/PPF20_RATE,https://api.vitaldb.net/5e61c096230e6d8efc21856a2e17189a463cb6c1
5e6ea18cd7518099c44c4ed5aad012401ff2a1cb.csv,65687,a3fbd489e740aa976eee8be7273bf7363290c1f3ffc021bed2b387cdb4c3277a,numeric,6326.0,Orchestra/PPF20_CE,https://api.vitaldb.net/5e6ea18cd7518099c44c4ed5aad012401ff2a1cb
5e7b7791300295bdea9636acd681004c9ac8b6f8.csv,419130,1439fec2d8129f6c7dd8d8cadb2d44dcd21004d5045bb93e172c1bf809a0f5e5,numeric,6034.0,Orchestra/PPF20_RATE,https://api.vitaldb.net/5e7b7791300295bdea9636acd681004c9ac8b6f8
5e92d0817f3fb9f70cb97e7bb0e84fd2d7cba6df.csv,164284,a6de35b1ba1d7b7f880b88b5fa239ee1015f65f832421f2549bc5e8ca07130a4,numeric,4202.0,BIS/BIS,https://api.vitaldb.net/5e92d0817f3fb9f70cb97e7bb0e84fd2d7cba6df
5e96776a186f5a21c63627a08ca013ab969e5b60.csv,262773,e667af9f4063b4d9e58fd6c72310ed22e47055abf1cd0937566e86016936d163,numeric,1011.0,Orchestra/PPF20_CE,https://api.vitaldb.net/5e96776a186f5a21c63627a08ca013ab969e5b60
5eb4201e7e34d698ae2d4f13b0b29fec7fadfb8c.csv,79556,ad4dfdf235bcd8ebfca6c2ff2a7f679349e2cfa5fd740055ff08e93792b3cc5f,numeric,2078.0,Solar8000/HR,https://api.vitaldb.net/5eb4201e7e34d698ae2d4f13b0b29fec7fadfb8c
5ef0aafae08103753ecdc220c0b88c294b45bf2b.csv,394986,19c0d9c686b187a7151089997bd2fcbd0e58b76c5dfd0e39cff9c95cca1f7920,numeric,57.0,Orchestra/PPF20_CE,https://api.vitaldb.net/5ef0aafae08103753ecdc220c0b88c294b45bf2b
5efb80bbd17a45140bab7a8ad731d87ad1b5bab1.csv,720668,5c533b60e52ce0c6ca177decd0c75117f915476fd2c14b7f5a3e242fa22739a9,numeric,5308.0,Orchestra/RFTN20_CE,https://api.vitaldb.net/5efb80bbd17a45140bab7a8ad731d87ad1b5bab1
5f0a1a4643dffebabea59ed58b597aa80ffb0033.csv,907345,9b694632b830e2bef0ee1405cd0b88494133c07a5656fec5affc7f54ab4a12a2,numeric,4383.0,Orchestra/RFTN20_CE,https://api.vitaldb.net/5f0a1a4643dffebabea59ed58b597aa80ffb0033
5f2f71d6e9326b7a578e4c3a1931f2c7a610f16e.csv,356807,f9ef24e92a273b90efc63304815012b1450d132564a3a66c6ee72b9c49fe4cbb,numeric,449.0,Orchestra/PPF20_CE,https://api.vitaldb.net/5f2f71d6e9326b7a578e4c3a1931f2c7a610f16e
5f46f1f5e571e446ea8d621df8acf250f832dea0.csv,49935,6e818f2bbdf1403a140e9974efd2635ba5853d55ce08d91fac077c8fdcaa2f97,numeric,3319.0,Solar8000/HR,https://api.vitaldb.net/5f46f1f5e571e446ea8d621df8acf250f832dea0
5f4856d63ce137ca26b870bcdbd215dc063dc424.csv,110955,d902f6242ed0766350550f811f1eeb0889db943f8f5e1ba50742146c6f042141,numeric,1026.0,Solar8000/HR,https://api.vitaldb.net/5f4856d63ce137ca26b870bcdbd215dc063dc424
5f4d4203ba03ff5ed0b254a5433d07a8b0fc5822.csv,196481,14d53ab271270c2f6a9d8c7a907a24367011d2f21ecd5ae4110f90881f9ecc71,numeric,2837.0,BIS/BIS,https://api.vitaldb.net/5f4d4203ba03ff5ed0b254a5433d07a8b0fc5822
5f536a784736863d7f02d905cdec7bae2bbb30ce.csv,66706,eb16d322a7fa801a2481e203bdabe6996f5945943f7e80971a79002249335d40,numeric,3573.0,Solar8000/HR,https://api.vitaldb.net/5f536a784736863d7f02d905cdec7bae2bbb30ce
5f8c919b50158902ec57771747beda39088820b8.csv,121915,883792728ecae2716076098278ba2ec1586b4e3eb03a9ef74c7f56caadd48229,numeric,1002.0,BIS/BIS,https://api.vitaldb.net/5f8c919b50158902ec57771747beda39088820b8
5f92390099dd08dcc7b9048adeda4ca6d266081a.csv,187810,c03b3b799c49b5abcbc7d01e7bc0f909f33261b37bb15d84850e9ddc72362cc8,numeric,2281.0,BIS/BIS,https://api.vitaldb.net/5f92390099dd08dcc7b9048adeda4ca6d266081a
5fb1e0f554a0237bfcd186162e20759d01c84562.csv,159468,58f0256fa115539cf44f751fdf5c18fb35fddbf4ab4764216f2940fae4e628d7,numeric,1191.0,Solar8000/ART_MBP,https://api.vitaldb.net/5fb1e0f554a0237bfcd186162e20759d01c84562
5fba1bb4512a154ee30e784f8f69eea801dd209a.csv,62658,e9315dd2e6a6ed306b4fc6e077bd2002770dc3c7072d439e9bc75c3f0047b06b,numeric,3023.0,Solar8000/ART_MBP,https://api.vitaldb.net/5fba1bb4512a154ee30e784f8f69eea801dd209a
5fc492eec0add365290dc991c952abd95faf421f.csv,967440,4f64a3ab066e3c9ff66ac82230b6795a34d7ab5a46ba56f4d6f5b0e517aaf59f,numeric,6074.0,Orchestra/RFTN20_CE,https://api.vitaldb.net/5fc492eec0add365290dc991c952abd95faf421f
5fd03ac2dc281c04bf52b27d858f6daea22f7ef7.csv,117678,78742f78da22c5b62a8f30fe9973584d8c5c4f5a1924d499677f1a759e1e0fe9,numeric,1813.0,Orchestra/PPF20_CE,https://api.vitaldb.net/5fd03ac2dc281c04bf52b27d858f6daea22f7ef7
5fd30d962239e4f62902f6589620ddaeb58026dd.csv,368233,cf4014306417bdd181a462a99cd50aba8a548dff99aa84dfdd71cc6a053d0ad1,numeric,5469.0,Orchestra/PPF20_RATE,https://api.vitaldb.net/5fd30d962239e4f62902f6589620ddaeb58026dd
5fd6c14ad23273787b2c4d067ab928b8831baefa.csv,377462,333bf59f88165961570f886dfdf6b4473dc38e79d9df66d1a9bdeb3527fa00a4,numeric,4954.0,Orchestra/RFTN20_RATE,https://api.vitaldb.net/5fd6c14ad23273787b2c4d067ab928b8831baefa
5ff7f7e448cc889a8b3918c0fddf3d6992f01dfe.csv,385119,8df466978a5873e471a3196148a5cc2f6418ab5bf4afc90cf2ac1c0988338c8a,numeric,1323.0,Orchestra/PPF20_RATE,https://api.vitaldb.net/5ff7f7e448cc889a8b3918c0fddf3d6992f01dfe
600f73d5e5be485babe63bfc62f88fb554aad29f.csv,86740,95613d57a5d4602c31de7126d86f1610fee6a3d5460c47b8c7815ac3ab1f8d4d,numeric,2392.0,Solar8000/ART_MBP,https://api.vitaldb.net/600f73d5e5be485babe63bfc62f88fb554aad29f
60121ec33c4cfcdf83501b6c6410d02dfc44f734.csv,58111,01868f573478a9d5aebfb30d3b503bf54783509ecaea5caff9944df355cc0f4b,numeric,3498.0,Solar8000/ART_MBP,https://api.vitaldb.net/60121ec33c4cfcdf83501b6c6410d02dfc44f734
601db06030c45ec10fdeb91bbfeee18cefcd3c2a.csv,39944,0ad218127b01ed36ca901d8eced5c45c285f508c9265368786aa2d5508afe8d8,numeric,124.0,Solar8000/ART_MBP,https://api.vitaldb.net/601db06030c45ec10fdeb91bbfeee18cefcd3c2a
603374e77b0bf524c9907d0bbb5f8163b0e4f357.csv,156573,d1350bfcd91e749b9d4b885f2fa67ec3633dcdafa6b7dbba6c37710aa643577f,numeric,3573.0,BIS/BIS,https://api.vitaldb.net/603374e77b0bf524c9907d0bbb5f8163b0e4f357
6033c94f37f395c9805f980bf8cae413c116d0dd.csv,328074,e95d2a20a91c70f13cf3f1d243caab4d330f55b4846e29c9b55dc6622718068c,numeric,5345.0,Orchestra/PPF20_CE,https://api.vitaldb.net/6033c94f37f395c9805f980bf8cae413c116d0dd
603ea351c4f02802ef248516c190586ffcaad40b.csv,379294,857ecae6eaaedb68aa2a9eca48f39dc9b300cf22dfd232fe60ad13650eed8e75,numeric,6104.0,Orchestra/PPF20_RATE,https://api.vitaldb.net/603ea351c4f02802ef248516c190586ffcaad40b
607491fda917c7f7eb9dcdfbfd7253a9d39833e5.csv,1181185,74d5ca8ee29be31dbfd5a01bf7fe5b727c14381fce02f5696408e082f07eba7d,numeric,2185.0,Orchestra/PPF20_RATE,https://api.vitaldb.net/607491fda917c7f7eb9dcdfbfd7253a9d39833e5
6083dbe2bf673e50606140e8250483c238c6d62a.csv,2377,5f7585e0f3f50ab1f353a64bef683ad88aa42cad03db1f4dfe56c6810a567acd,numeric,2687.0,Solar8000/NIBP_MBP,https://api.vitaldb.net/6083dbe2bf673e50606140e8250483c238c6d62a
609dbeb200e8f7b32153007f77451fac014486e7.csv,75558,2994103ce298506fbbbde8f7a984a43684a21eff6b89962332816a6aaf1fb037,numeric,4991.0,Solar8000/HR,https://api.vitaldb.net/609dbeb200e8f7b32153007f77451fac014486e7
60ac53d6c2e815b634ff4207f893d00c500c9b13.csv,36629,a9fbd771705f45a2051a9c319b370f857d955727ac2449c9272f4121489a2508,numeric,3407.0,Solar8000/HR,https://api.vitaldb.net/60ac53d6c2e815b634ff4207f893d00c500c9b13
60bd0312297b3ad3d1ca3e68b3bd2ec447fa3f95.csv,1031146,e2f32912d2e665c964b888dfe637e91e91191c463a97a73793637b93832cb05c,numeric,4032.0,Orchestra/RFTN20_CE,https://api.vitaldb.net/60bd0312297b3ad3d1ca3e68b3bd2ec447fa3f95
60d58bf41d957762b322d7c6e26eb9522521340e.csv,16695,18c8974022e3717480108b5f455116efac5036a2febcedef2c0ae86f7802bd05,numeric,2732.0,Solar8000/NIBP_MBP,https://api.vitaldb.net/60d58bf41d957762b322d7c6e26eb9522521340e
60ed5f184d0541515f602336becbf22b551ebcd6.csv,97795,1bc3205786b8ed60cbdf1743937f33243f7f31b5c7533e34dad7f440582de167,numeric,751.0,Solar8000/HR,https://api.vitaldb.net/60ed5f184d0541515f602336becbf22b551ebcd6
60f1013a9cf7f71420df3332e71129c510dc8b16.csv,126725,6c2194816225a08176dc2f2afe050fdc5ab73fed90649bdb348f7191acb02c68,numeric,3037.0,Solar8000/ART_MBP,https://api.vitaldb.net/60f1013a9cf7f71420df3332e71129c510dc8b16
60fdb19f596c25549363858b44b5b45700afa53c.csv,97109,d5ecaca2181759d495557b97b8e3e344b108a958d87cfb54617607a821989c15,numeric,5179.0,BIS/BIS,https://api.vitaldb.net/60fdb19f596c25549363858b44b5b45700afa53c
6117ca45c542a72ae292068df17dd8d9581b1456.csv,1614268,c54c0d86b69be16194be7363386faa516a52695a601425934fad036aa714408a,numeric,1157.0,Orchestra/RFTN20_CE,https://api.vitaldb.net/6117ca45c542a72ae292068df17dd8d9581b1456
611e4696d72aca275b7757778e3db63eee5bc2ba.csv,111003,95ae149dd9b43bfae4117964c20e639db5f556e63c39b7029a111d23d8157238,numeric,5070.0,Solar8000/HR,https://api.vitaldb.net/611e4696d72aca275b7757778e3db63eee5bc2ba
613cb648d86d33e970eccc21222078c9cbf8ece4.csv,158525,ab7f5a78f714a6b34c8478fe7a224d81e27a9c8ebadb8c980a5556125afc5eaf,numeric,2222.0,BIS/BIS,https://api.vitaldb.net/613cb648d86d33e970eccc21222078c9cbf8ece4
615190bf0da32fe5ad3b4d795ad99a905ab6c5f2.csv,346392,2392ec567eb9faf0ca308183edae38b00e3e261009c7b7573353f79582e0c23a,numeric,6330.0,Orchestra/PPF20_CE,https://api.vitaldb.net/615190bf0da32fe5ad3b4d795ad99a905ab6c5f2
6176ddaaa491c86c45962d68c3f9b591027a8ad2.csv,514100,19802eb8a0b39233234ee30424e467d4ae0078b4fdc16a7bd76fcb94f7bbfccf,numeric,6127.0,Orchestra/RFTN20_CE,https://api.vitaldb.net/6176ddaaa491c86c45962d68c3f9b591027a8ad2
6187717692bfb214683050c686de55de586232f4.csv,112478,ec50e47bb1b678226ded714597749850c54c67c19e4470e94b8ebd699d524aff,numeric,4032.0,Solar8000/HR,https://api.vitaldb.net/6187717692bfb214683050c686de55de586232f4
618a2ce49824f76f8aefc6996491e5223bdb998a.csv,342974,713cf190caad262cc49d65be273195dd03b151c687eafd2d8c8096a2dc56a8be,numeric,2687.0,Orchestra/PPF20_CE,https://api.vitaldb.net/618a2ce49824f76f8aefc6996491e5223bdb998a
61ae42c79babd4d682957c7de4965d4ee1867516.csv,92695,569fbcee3304dffe658540f0a4ded54689628a21f24ddefec8c02859b17fec8b,numeric,3610.0,Solar8000/HR,https://api.vitaldb.net/61ae42c79babd4d682957c7de4965d4ee1867516
61b8d8e8abe227a59eb7ad034711ef1b5d7db693.csv,347966,a5575a0ce8030182b5746b8f23fc46af29b495939dfe6d2fb892dcbff7c6970e,numeric,6097.0,Orchestra/RFTN20_RATE,https://api.vitaldb.net/61b8d8e8abe227a59eb7ad034711ef1b5d7db693
61cbb6fd1b9669d1a98f2ffd6bf1da529ba57d24.csv,290949,afb1c10d67cbcc1d0d2d8e89bfad685af99d077be2abd56e12ca15034f023efa,numeric,4435.0,Orchestra/PPF20_RATE,https://api.vitaldb.net/61cbb6fd1b9669d1a98f2ffd6bf1da529ba57d24
61ccd1880b0a0b3c5ea7e3a01c295e73092f15fb.csv,372628,99a144aa2f2d6ec2a324a406204d2a776dd034e3338e244154e05717a65dbed1,numeric,37.0,Orchestra/PPF20_RATE,https://api.vitaldb.net/61ccd1880b0a0b3c5ea7e3a01c295e73092f15fb
61e7d821402554bef3e9261b2db9a78ef53eed3b.csv,58401,35687abc7cf1cc07b81f11ac40d84052a31d361f07e807bc2801f043e7febebd,numeric,1810.0,Solar8000/ART_MBP,https://api.vitaldb.net/61e7d821402554bef3e9261b2db9a78ef53eed3b
61ed4ce196caf0f83e9d01fa34fbf8ac55923919.csv,4548,c189b4e6cfb8920c3c9935667390fcefea5189b6ceca854feff7423060c6883c,numeric,5301.0,Solar8000/NIBP_MBP,https://api.vitaldb.net/61ed4ce196caf0f83e9d01fa34fbf8ac55923919
61f7e8ea3cef4642d888d9327d467ec995c9032e.csv,163292,66746e68377a8c28024f1318e95c5d7218bbbf4e4f07f4a7441b16ce6b7f85fd,numeric,5274.0,BIS/BIS,https://api.vitaldb.net/61f7e8ea3cef4642d888d9327d467ec995c9032e
62194fa4dfb0cc0a420eeaa21cf542ceb34f69e9.csv,420714,88e9bd0925f6717efe3ebfdebd7bb8249a08e9c5f194e75fd7a86ea0ca2c65bd,numeric,2732.0,Orchestra/PPF20_RATE,https://api.vitaldb.net/62194fa4dfb0cc0a420eeaa21cf542ceb34f69e9
62196f8097bf30e685c72bdf74ade824b4acb567.csv,495566,03e80cc98e1c339b3d8733f7bbe7702e9d5daabf7575b789697a3d728730160c,numeric,3439.0,Orchestra/RFTN20_CE,https://api.vitaldb.net/62196f8097bf30e685c72bdf74ade824b4acb567
6228beabc179ab545548d3f138133c540aab5091.csv,454625,0101c68337768b70e0a46d14286eaa39a34085f82602e35fb657d0c77479534a,numeric,3874.0,Orchestra/PPF20_RATE,https://api.vitaldb.net/6228beabc179ab545548d3f138133c540aab5091
623ad07f767514a645991896c6b7d06f42073aae.csv,240043,ab8e8ad4a9e859b6993fc31af58c909be7145498d20bcf31497fa385f623539f,numeric,4000.0,Orchestra/RFTN20_RATE,https://api.vitaldb.net/623ad07f767514a645991896c6b7d06f42073aae
624a8bb1b007e3652f1aae5ae0b6dba794467614.csv,69291,f6fc70f4b130ea15c1c0b637cc9b0042fe9c76a0d099aa0407a5eecbed365510,numeric,2586.0,Solar8000/NIBP_MBP,https://api.vitaldb.net/624a8bb1b007e3652f1aae5ae0b6dba794467614
624edc4d695120124ad97e7cbe810b5320ad0804.csv,86812,2c3a60611ab7973ee2af7cec33dd5dd6905169a8731f25d2c22ee42e93b22b0e,numeric,2056.0,Solar8000/HR,https://api.vitaldb.net/624edc4d695120124ad97e7cbe810b5320ad0804
6255ca54b10bc1e530c6bcada9aeece894d8d7e3.csv,391986,0489104753d718c0ac968c2d2aa4600b41aa4bc5b6783a801fad561155b8b550,numeric,3560.0,Orchestra/PPF20_CE,https://api.vitaldb.net/6255ca54b10bc1e530c6bcada9aeece894d8d7e3
6273cfe6148b183636c44d83c4be3253513499c5.csv,981998,dae536186b29945a7f25923f356a844753cd0fa6099379ac8d52834bf92dedd2,numeric,6071.0,Orchestra/PPF20_CE,https://api.vitaldb.net/6273cfe6148b183636c44d83c4be3253513499c5
6280683c19423d3147bc83fe99cf1e4f84580249.csv,38861,d6bb3e429e1ff04bacdd2a4ef68cdcc9c0f7089ce6f0904d1c8b82e30fa85210,numeric,4709.0,Solar8000/NIBP_MBP,https://api.vitaldb.net/6280683c19423d3147bc83fe99cf1e4f84580249
62b332476e2c47f62adcd32feac03bb24d0c0126.csv,155723,373debde380148a316634e2fbbcace673016d99efc066ca83a408db292a490ab,numeric,3961.0,BIS/BIS,https://api.vitaldb.net/62b332476e2c47f62adcd32feac03bb24d0c0126
62b93806be4687633837f0bd7f706e40f29af4cd.csv,163257,ca62d8148cbcd514cfb4ca364cae744064ac916eb5f4263eb412f37aca003c0e,numeric,5077.0,BIS/BIS,https://api.vitaldb.net/62b93806be4687633837f0bd7f706e40f29af4cd
62c704f2572debd612f48f8b97d097c1da88cd75.csv,114207,8168fa886f38eaf3cdedef8460581eb09450c71a8309225c4e0afefddb251aa7,numeric,4735.0,BIS/BIS,https://api.vitaldb.net/62c704f2572debd612f48f8b97d097c1da88cd75
62cbf763a5633f915197bcc43ec328bba08a8f97.csv,428697,d412d7754243e9a9792b298b6035fd90fdd48cd3fe6bc06e701e0d61a0c58669,numeric,4541.0,Orchestra/RFTN20_RATE,https://api.vitaldb.net/62cbf763a5633f915197bcc43ec328bba08a8f97
62d27a0fda1dbee26323b2cf208c26895a33c684.csv,37249,6b475cd79718b0f6290f5ae723bbe7ad0022f77e21298e5b712864cf354df1cb,numeric,5048.0,Solar8000/HR,https://api.vitaldb.net/62d27a0fda1dbee26323b2cf208c26895a33c684
62d75ae8150cde7852e829696217e0942a4fe3ed.csv,1035263,d89d82a209def648d7d3aeb992902d6704bc9bc5de0529096efda2931ae1b5e6,numeric,5983.0,Orchestra/PPF20_CE,https://api.vitaldb.net/62d75ae8150cde7852e829696217e0942a4fe3ed
632c5cd93b236a04c484e8d65fbc86661ee8ff6f.csv,385229,84862a64e4f900b8d07490cdcb1cdac44661658d739c75f2911f07e23d7c4ab9,numeric,1814.0,Orchestra/RFTN20_RATE,https://api.vitaldb.net/632c5cd93b236a04c484e8d65fbc86661ee8ff6f
6333e5c5cbdaa74ef239080b328920a17cade79c.csv,51900,2931740acdf2d7cc2f40ddb1f079d5520fa22e68875df074f54db7449dfea87b,numeric,4695.0,Solar8000/ART_MBP,https://api.vitaldb.net/6333e5c5cbdaa74ef239080b328920a17cade79c
6341a01f5080b6b3185357f9a6308574402f114c.csv,58668,26fe664a40d912956654f6090bcf243aecb0c56c495df0332866952118ac0a1f,numeric,5680.0,Solar8000/ART_MBP,https://api.vitaldb.net/6341a01f5080b6b3185357f9a6308574402f114c
6345d9340f8a0b475c8ccbb00f5b45df18ac9540.csv,972006,d63c5e2bc6357866046a374577e9639bda27d4e12e577db21fac7f753726bc3f,numeric,2280.0,Orchestra/RFTN20_RATE,https://api.vitaldb.net/6345d9340f8a0b475c8ccbb00f5b45df18ac9540
63472b893dfd40e28261286646aa3855d3ff0541.csv,38392,b7e8516f36b3e9eba6ecf79116deec3dd201c599ede25875a56c755fa3d0827c,numeric,3407.0,Solar8000/ART_MBP,https://api.vitaldb.net/63472b893dfd40e28261286646aa3855d3ff0541
6356f2b4483ccc797be97e748e1fb20331909a57.csv,761004,d8ecfb3d89c72cadc14ffd9e5426b3fd92f723ed2ba6eb65739a99fb5440fd76,numeric,2004.0,Orchestra/RFTN20_CE,https://api.vitaldb.net/6356f2b4483ccc797be97e748e1fb20331909a57
635e0d24ee2a66651cec1925412211132e07f0d9.csv,250329,eb2e23ea99a57dae2d7d4dbc550f4e87222d468d9513e02a166e5a23f08d5921,numeric,5870.0,BIS/BIS,https://api.vitaldb.net/635e0d24ee2a66651cec1925412211132e07f0d9
6360702a7dd6c2efcc08b16cdf9a56cc674cd2d7.csv,92245,d58e1f1342cb4b9dcc6fc9cc2bbbbb4acbf88066d234ed8aa25079ea2c52bbd8,numeric,3325.0,Solar8000/ART_MBP,https://api.vitaldb.net/6360702a7dd6c2efcc08b16cdf9a56cc674cd2d7
63b4f7ee41f2aefe2a1e0072cc358637f8879b42.csv,424457,2d1f04df45b893a8f5d07a417a6548ea826f5f57a17c52a7dda055c74fe1dd07,numeric,3169.0,Orchestra/PPF20_RATE,https://api.vitaldb.net/63b4f7ee41f2aefe2a1e0072cc358637f8879b42
63f296e4f484ce3c74f59545077d3b0e3a8550fd.csv,155033,45ecadcb40608f67e87148258072215db48f2b6de7898860e8e75e6344f2249d,numeric,5167.0,Orchestra/PPF20_CE,https://api.vitaldb.net/63f296e4f484ce3c74f59545077d3b0e3a8550fd
63f48d538084ec196fb15a2e2361810b514e065b.csv,1182647,04deb67635f4b4cd63daf2b58a92640268d2ad05bd55abf2d1d239633505c1bc,numeric,5983.0,Orchestra/PPF20_RATE,https://api.vitaldb.net/63f48d538084ec196fb15a2e2361810b514e065b
63ffe29928331c882bc3063274a5686e04faaff9.csv,74270,378de368994a45cd53bce70d54bd7a40ec5a74ecf1d3aad5408f042625cb088b,numeric,2243.0,Solar8000/ART_MBP,https://api.vitaldb.net/63ffe29928331c882bc3063274a5686e04faaff9
64060b6d8bb8daf211ce80ec4a1e518a702f7823.csv,348453,b4960a5b20dce346a58e9c3775bab02f6d0b430434602580243ec639b5cb1582,numeric,3617.0,Orchestra/PPF20_CE,https://api.vitaldb.net/64060b6d8bb8daf211ce80ec4a1e518a702f7823
642ce7cac366b39f0ffb76e528a234f5e00eb2a1.csv,78293,b6cd8599bda99faef8714b40865324cf0e86e2de09c49bb87936424aa1deb13b,numeric,795.0,Solar8000/ART_MBP,https://api.vitaldb.net/642ce7cac366b39f0ffb76e528a234f5e00eb2a1
64333ddd5ab169742ad1b6e26731ef0509067eef.csv,29965,b3f9cda5727c9fee779d9596fa1379da732296660524ad5240c70495f1237844,numeric,751.0,Solar8000/NIBP_MBP,https://api.vitaldb.net/64333ddd5ab169742ad1b6e26731ef0509067eef
64339e1aaae291001da5747c9819275ae9105611.csv,282629,3a1c24e643bbbfb86e0db9cef80d537560841db813da12c5d2b4e957558a8760,numeric,3537.0,BIS/BIS,https://api.vitaldb.net/64339e1aaae291001da5747c9819275ae9105611
6442c1b1c908993dedac27c0ae90f4fbcb86e85b.csv,173344,9408ac3e32536f7cf0e08de2973d9430eaac4ac3f53a4671bef93f0adee0771f,numeric,1168.0,Orchestra/RFTN20_RATE,https://api.vitaldb.net/6442c1b1c908993dedac27c0ae90f4fbcb86e85b
64559124c712dbf73b7353d9ce36124ba6490a28.csv,353422,cce3f78a575f21931423e64895b07bbffe9ee244ce72b69f6c6d0f577ea4f1b8,numeric,3449.0,Orchestra/RFTN20_RATE,https://api.vitaldb.net/64559124c712dbf73b7353d9ce36124ba6490a28
645bf895b114d43b13a3ef39b6b8adcb8176a415.csv,1381838,8b4748069a9fa03c36d7afa5b0d676bdbba0f17d2288d9512fd7834e46cd160a,numeric,5693.0,Orchestra/PPF20_CE,https://api.vitaldb.net/645bf895b114d43b13a3ef39b6b8adcb8176a415
649ca1828d7376545219daf997c9c50ca4873fe6.csv,421270,713e06e22acfd8297a363e29aa32354e9cf0d07bee6e42529ba34a6053b6ee7e,numeric,124.0,Orchestra/RFTN20_RATE,https://api.vitaldb.net/649ca1828d7376545219daf997c9c50ca4873fe6
649d03971e21c45c2a29bbed5d22136ef5d6a99e.csv,305740,902f88b6ed00ffd381c56664e43395fd8722bb1baca0c250e0def60083267286,numeric,3170.0,Orchestra/PPF20_CE,https://api.vitaldb.net/649d03971e21c45c2a29bbed5d22136ef5d6a99e
64acb814c96a193c4eec49012cad188dfc0bb0a7.csv,138723,5f3efba2ef6ab616d62867d4beaeff0e08b7a95492ddb0811b2ce5f8ecb74bae,numeric,4087.0,BIS/BIS,https://api.vitaldb.net/64acb814c96a193c4eec49012cad188dfc0bb0a7
64aefb14bf576959150006e0ed81121b95a6c2b7.csv,312488,42ee688635da4eb1506d20a2ef034165418d867dd5c7b83ab38e2f5e838ef705,numeric,1662.0,Orchestra/RFTN20_RATE,https://api.vitaldb.net/64aefb14bf576959150006e0ed81121b95a6c2b7
64b32e8915687b842589e1869ad8d3b22a82ad0e.csv,253565,5e1c99eb3b48074893eee831fcd0a0519e1e2740c6d1d3a84e959e2909a5175c,numeric,1648.0,BIS/BIS,https://api.vitaldb.net/64b32e8915687b842589e1869ad8d3b22a82ad0e
64be01d656f082d3fa58fa94a2fc876c14c63896.csv,59773,29ce9f8b4b5a4f4494842f32bc2424c52612a4a8e2d50ed8126b50bc8ce7cf68,numeric,1168.0,Solar8000/NIBP_MBP,https://api.vitaldb.net/64be01d656f082d3fa58fa94a2fc876c14c63896
64cd7d9bab42d723ba020ca2050b412497383751.csv,265117,54e8ed75b53702d71f2fcd13e2ee1743e546e069ef43196596af96cf7de2c557,numeric,5560.0,Orchestra/PPF20_CE,https://api.vitaldb.net/64cd7d9bab42d723ba020ca2050b412497383751
64f07c4ec2c48c736589655fc71f6bb81dc4ded8.csv,56418,da544097c1dc1908194ec852879016c416d3d281f03afc6b5ce92c4f4dc31683,numeric,281.0,Solar8000/HR,https://api.vitaldb.net/64f07c4ec2c48c736589655fc71f6bb81dc4ded8
64f09c7f4b56c19408f90535aac0e9fb8a2f6d6e.csv,76911,d00623431c306987481045b65fad888669c7e5b9ca63f58febe2140982a6bb87,numeric,4457.0,Solar8000/ART_MBP,https://api.vitaldb.net/64f09c7f4b56c19408f90535aac0e9fb8a2f6d6e
64fb19ae640960361af4a108def6676d3b32f142.csv,216835,a5413d1e814f253ae9c7f9698c80a4359e4694b39ca8cac945d1f6da518a2dfd,numeric,2879.0,Orchestra/RFTN20_RATE,https://api.vitaldb.net/64fb19ae640960361af4a108def6676d3b32f142
65030de55a50097a42be396f24c229943f4a9d76.csv,91947,ec92cc702a8209a467df52d7fc03ba1cffc540df2ca6bda7a55964ba412b609f,numeric,4567.0,BIS/BIS,https://api.vitaldb.net/65030de55a50097a42be396f24c229943f4a9d76
65080149e242e5262f2efba62dc3a96dbae035ce.csv,230570,87e3a89e227a63529db47ed06a9c5eaf21a11eac500c11998a921d9b6b8f46a2,numeric,3729.0,BIS/BIS,https://api.vitaldb.net/65080149e242e5262f2efba62dc3a96dbae035ce
6524a10d704ecc3b6e1625c4774fb41032732c80.csv,122848,7e5ec25d6f0bfb5c6ac8794e3df97e9332f72ab3adb6f4c6ff1b45e6d5ff3661,numeric,1974.0,BIS/BIS,https://api.vitaldb.net/6524a10d704ecc3b6e1625c4774fb41032732c80
653814067cedb900dab29ba4ee5755ffcacabf75.csv,301079,16c09c1b2eeddade0cf7268cd6e9bd4a3be16343c62c0e7ee448505da6847a15,numeric,1918.0,BIS/BIS,https://api.vitaldb.net/653814067cedb900dab29ba4ee5755ffcacabf75
654263ed0d0ea3178091640e95718bde302ea39b.csv,238390,7473dbf702d3c7e3c450a081864b5fc0047877cb0fbb4b5a3001c202b2251ed0,numeric,350.0,Orchestra/RFTN20_CE,https://api.vitaldb.net/654263ed0d0ea3178091640e95718bde302ea39b
65887ab04f4a8d16c5e0478278680c521635d0c8.csv,383185,cc0c6b5fffc3b5cbc9247e437565905fd67820f9688909f47261e476c0d00b55,numeric,6233.0,Orchestra/PPF20_RATE,https://api.vitaldb.net/65887ab04f4a8d16c5e0478278680c521635d0c8
65ad8b264335830a1589b7815674ed27c73571a3.csv,54885,5470b78c941831013e7f7a25530defd1dfabef900f285c75a6a6a09bf0124d80,numeric,1241.0,Solar8000/HR,https://api.vitaldb.net/65ad8b264335830a1589b7815674ed27c73571a3
65d1a950c6b267b04b76e274ed739ecdbab94894.csv,531392,b09d54448100e4277441982b77e27e78750ce653ca90c3bd78ece87b3effe581,numeric,4530.0,Orchestra/RFTN20_CE,https://api.vitaldb.net/65d1a950c6b267b04b76e274ed739ecdbab94894
65d2dd7cf70b66998f69f5f76b579a7c71d17bc4.csv,116259,593528de8f52641274bb069dd3439d2960e6da35effc78d1a452e842cfdc4585,numeric,1820.0,Solar8000/HR,https://api.vitaldb.net/65d2dd7cf70b66998f69f5f76b579a7c71d17bc4
65d37c5f2cb8ef3b00b039304a84f9320a0339a2.csv,970915,18d5a7ed4c94587bd13f53180bec82a5f7650ee436124a158bb975d2058f76db,numeric,1922.0,Orchestra/PPF20_RATE,https://api.vitaldb.net/65d37c5f2cb8ef3b00b039304a84f9320a0339a2
65ef697ee3cb5e33d59282294990ecd37fafee5d.csv,892453,6a48d6b6d45659d07128c5ed6285ea99f2a75423eb227e92f6b731667350d513,numeric,4383.0,Orchestra/PPF20_RATE,https://api.vitaldb.net/65ef697ee3cb5e33d59282294990ecd37fafee5d
65f175a52829ad8eac02e68e4a5e0a79ebb4682e.csv,140764,efee3c9eb5a2ef59e766894d92a4d7e87dfad4410678183e40e2abdfcfa0800b,numeric,844.0,Solar8000/FEM_MBP,https://api.vitaldb.net/65f175a52829ad8eac02e68e4a5e0a79ebb4682e
65f8dfaaf18a265ec7656df6125f85f661792eef.csv,37218,7b4d31db0a292c307bbc26e7b537b2e8340cc6e6db6b43dca1fe7e781fc7f026,numeric,3829.0,Solar8000/NIBP_MBP,https://api.vitaldb.net/65f8dfaaf18a265ec7656df6125f85f661792eef
65f950c93b6f9f5c9f3d4407850824680dda94ff.csv,259700,0ece7396a098d4c65a1fec48c6895e66e81b536925af22a3dadaa2629f823ed5,numeric,1834.0,Orchestra/PPF20_CE,https://api.vitaldb.net/65f950c93b6f9f5c9f3d4407850824680dda94ff
65f9d1c9dc9acf7df19058081d3c4b8b9eb10dc7.csv,380143,dcf48ce35d39fcb09d6f7d1ec9b1e10d22f8b3ecf3471f9f9e7dd037150bcd59,numeric,2678.0,Orchestra/RFTN20_RATE,https://api.vitaldb.net/65f9d1c9dc9acf7df19058081d3c4b8b9eb10dc7
660c24152e0be035c330250184ba937ee7526cb2.csv,215339,fcdf21ac374afe803fcea335257f416d04f10686601d908bd031708b9032a5c6,numeric,5335.0,BIS/BIS,https://api.vitaldb.net/660c24152e0be035c330250184ba937ee7526cb2
662c115588389c7c8a001dce2bf593634717f74d.csv,8267,21be9200ab09cfd117e47d7ae3273b283882fbffead11fe54e697494da9348e0,numeric,3988.0,Solar8000/NIBP_MBP,https://api.vitaldb.net/662c115588389c7c8a001dce2bf593634717f74d
66401aee136812a131d2475dccc02bc8ac90cfb2.csv,60379,0c202513cc76a06fe4cad7ded064fcb06e92424fe2153a24cbea975caa7edd85,numeric,4032.0,Solar8000/NIBP_MBP,https://api.vitaldb.net/66401aee136812a131d2475dccc02bc8ac90cfb2
6640a87fa7ba9303621e67ac4bcf0504c3c4948b.csv,128454,c497f9148860073fda59817fbf5774d4e12097c253c5c6bb08477b4c60e45bea,numeric,449.0,BIS/BIS,https://api.vitaldb.net/6640a87fa7ba9303621e67ac4bcf0504c3c4948b
665311cfb3b07b1c78186753c4a30c51df9dafdf.csv,759586,2780fefaf29248adae81e75e70451d5210218d9fd0173d8b27aff0970240a5ca,numeric,3223.0,Orchestra/PPF20_RATE,https://api.vitaldb.net/665311cfb3b07b1c78186753c4a30c51df9dafdf
668325dca9659c47356a9cff708b8f11682178cb.csv,48472,1d4716f82fa893a80fdd6030027745a505fdc65f73d706555922750f1eec26ef,numeric,200.0,Solar8000/HR,https://api.vitaldb.net/668325dca9659c47356a9cff708b8f11682178cb
669ccf562cea085c85699fe9cb616dd9627c1953.csv,627470,d0344e375852d2243453e7cbb39efc4f4195dd1c5f3c766a554160271ace3d58,numeric,3972.0,Orchestra/RFTN20_CE,https://api.vitaldb.net/669ccf562cea085c85699fe9cb616dd9627c1953
66bd4559a36e1ea23ecfc00774a25fe6d0722fe9.csv,670803,f7cbd448ab1f85ff5a459a099913ddf82efffedcf421ed9bad4c6ca82930fa76,numeric,2281.0,Orchestra/RFTN20_CE,https://api.vitaldb.net/66bd4559a36e1ea23ecfc00774a25fe6d0722fe9
66c060307ab7af44eef99994c0d137ec1d547764.csv,50061,3d7a9dfa45110492f4e4721cff95c90450bbe9f3f1298e3558df3840b0df2026,numeric,1904.0,Solar8000/NIBP_MBP,https://api.vitaldb.net/66c060307ab7af44eef99994c0d137ec1d547764
66ce3c83397e61dfe140fc11b666628c94ea6572.csv,173124,69ac122bb5255d8ac85bf7a25526036e39ec938292d4db3e58658f0bb9085759,numeric,5225.0,BIS/BIS,https://api.vitaldb.net/66ce3c83397e61dfe140fc11b666628c94ea6572
66fbdb8bb1057bb6b1566fb414eb796aa1d2f156.csv,103692,274889f498c1742254e17b1fcc219d811c3bab262f9c5f5ee1dc9a80bb80e11a,numeric,2573.0,BIS/BIS,https://api.vitaldb.net/66fbdb8bb1057bb6b1566fb414eb796aa1d2f156
67063f63a81264a436f230c4ee81d17bcf03dbc9.csv,1159265,817a7bc8fb7f2df8708b93104e08d8804d73c7f6635978ac7aa9422274c9848d,numeric,4757.0,Orchestra/PPF20_RATE,https://api.vitaldb.net/67063f63a81264a436f230c4ee81d17bcf03dbc9
6720af7a86eb3b9a21a682e128cd28aa2d94dda3.csv,41269,d008854bac73fd0878fb02c9c125375b336752f892eaf63cedb5bb1757e0105b,numeric,2875.0,Solar8000/NIBP_MBP,https://api.vitaldb.net/6720af7a86eb3b9a21a682e128cd28aa2d94dda3
6733cb9a07170cca50def5387cf08d40075e9535.csv,310063,f75bd7328bdd6f413bdd54ea9abb2f404e39b99c1c183071fb01ca156290ad56,numeric,5824.0,Orchestra/PPF20_CE,https://api.vitaldb.net/6733cb9a07170cca50def5387cf08d40075e9535
6746740aa97c228bac7d2327accb6526b7e26a3c.csv,47275,a13352b9c9fe8ef25c27ec465c998e2b9cb3b69075073a39bbb0f1217e70a5b5,numeric,2794.0,Solar8000/HR,https://api.vitaldb.net/6746740aa97c228bac7d2327accb6526b7e26a3c
67553989060a608e398ac53bdfa537ba6c272b62.csv,172940,3354c82a527a16dc63801df67afcbc59c252d4b9478af9bd8ee22fa465854683,numeric,3421.0,Orchestra/RFTN20_RATE,https://api.vitaldb.net/67553989060a608e398ac53bdfa537ba6c272b62
67638f0accfb238ebd2b981b82fbd32557929be8.csv,354293,dc87a2be8755823e77b9c025586dcd5f887518135ccb71074b62e954106b422f,numeric,6330.0,Orchestra/RFTN20_CE,https://api.vitaldb.net/67638f0accfb238ebd2b981b82fbd32557929be8
6763ab11512da86f809d371330766577f65d4d3a.csv,151247,8842677e743cfc3e8479af2456b8f605fdeec1fdfc7ca46df8b9913eedba1211,numeric,6225.0,BIS/BIS,https://api.vitaldb.net/6763ab11512da86f809d371330766577f65d4d3a
677cf80205e41fd3173964978aba7441a6a0afb2.csv,32587,5f1da4c900778d23214a6ef6aff1a17c8cb496ed72a5891745f8e2bd25fafc3c,numeric,2353.0,Solar8000/NIBP_MBP,https://api.vitaldb.net/677cf80205e41fd3173964978aba7441a6a0afb2
678f4033377b33f254a2f7fc06f9ba1c229fbf11.csv,716073,7bf52065ee19be775d76a994256a8ac2133e8193099f7152e52fb411bf9b1d89,numeric,4788.0,Orchestra/RFTN20_CE,https://api.vitaldb.net/678f4033377b33f254a2f7fc06f9ba1c229fbf11
67daf7cd6717dd8b3fe65d016fa64c88916905f9.csv,247876,1d6c35b0e073fa364cc7f76789bdf80259e78a3338986bd81a71cf5c9ce2874c,numeric,2530.0,Orchestra/PPF20_CE,https://api.vitaldb.net/67daf7cd6717dd8b3fe65d016fa64c88916905f9
67db299136c04f0e077ca93a03ff7a1df03fbefd.csv,810795,c7a570c5e80055b2731402b6d2762054d1120bbedb2114b089679f56b4ca8dc9,numeric,2161.0,Orchestra/PPF20_RATE,https://api.vitaldb.net/67db299136c04f0e077ca93a03ff7a1df03fbefd
67e71a821e70d28f1082a4ada11c3772cf041ee8.csv,121268,5dd7dca2fd598f2a61e829a68a6469648982a2d39289d57fc590216c9b12cd74,numeric,6074.0,Solar8000/HR,https://api.vitaldb.net/67e71a821e70d28f1082a4ada11c3772cf041ee8
67ff26c9101d7e4221664f8848eb6b1fae35fc4c.csv,991583,eb9092e188d3b59d675288d4ab6a5ec9bbcc77eae0d6c528911bb3ccf9ebadff,numeric,5870.0,Orchestra/RFTN20_RATE,https://api.vitaldb.net/67ff26c9101d7e4221664f8848eb6b1fae35fc4c
6801a88f634390c503ca82b8bfdb06c282521aa0.csv,608606,f29d55523d1000141efc750e1f647024873c52e1d38322ae72324e02def8307b,numeric,6037.0,Orchestra/RFTN20_CE,https://api.vitaldb.net/6801a88f634390c503ca82b8bfdb06c282521aa0
68025863b639aff0f2490db44ec3a7d6a155590b.csv,105536,b2084cc66f2de636bee6e17ebd046554d3e6652a7e1a171f304624314ab5cc00,numeric,2678.0,BIS/BIS,https://api.vitaldb.net/68025863b639aff0f2490db44ec3a7d6a155590b
681b12908ecf7564374a782e2466d75fb4b55cf3.csv,254516,b3bf6dc0b3225449130667ce02589ee72465ab2344a37c92795f7c5992666e0a,numeric,5937.0,BIS/BIS,https://api.vitaldb.net/681b12908ecf7564374a782e2466d75fb4b55cf3
6826b1393348dd39764b6be5d67b86e5bf50ac5e.csv,119808,824c15741dec89d5811ec9aabd821e8e4dd5c3b7fd724a8db9b03b3c83754103,numeric,3037.0,Solar8000/HR,https://api.vitaldb.net/6826b1393348dd39764b6be5d67b86e5bf50ac5e
682dffc29093c065504bad32ec140d19bb53ed55.csv,209292,fd0a79a0d3d95cce2f0dd128c1de105ef451cf624445886b6de617726768beff,numeric,1024.0,Orchestra/PPF20_CE,https://api.vitaldb.net/682dffc29093c065504bad32ec140d19bb53ed55
68470e38814dcb392466233784c9129e766d278b.csv,723406,49d9298b078d4081909ebb0206301052d216f721992145b3396c045163cb7b82,numeric,4677.0,Orchestra/RFTN20_RATE,https://api.vitaldb.net/68470e38814dcb392466233784c9129e766d278b
68476f8ac926df518d9357f17687fb9c109e6467.csv,77044,0a1cdbd90b668228dfb409265ae2984aa8350d09fb16c60bef1c0b6702b6c949,numeric,4788.0,Solar8000/HR,https://api.vitaldb.net/68476f8ac926df518d9357f17687fb9c109e6467
68491aeb8f64bbf0ef2ddaf4e3276ba8473f7312.csv,2306490,3975a2fac9f76ac0ffa5f60283c6ec39900539a44598ecd5f489af12990bc488,numeric,5787.0,Orchestra/RFTN20_RATE,https://api.vitaldb.net/68491aeb8f64bbf0ef2ddaf4e3276ba8473f7312
684ad89273e992d6291addd7c96ae39abb192c1b.csv,827169,fddd7d04b118dc126930463b1acb4aa68fd932e04840882b8b5e0c125fd898bc,numeric,2797.0,Orchestra/RFTN20_CE,https://api.vitaldb.net/684ad89273e992d6291addd7c96ae39abb192c1b
6851a06049b341023755049d8b4107a422269f36.csv,57191,305453414fc6282f1078b193b69f9c2b51d3682e5438f046f6826a5af75a005e,numeric,5469.0,Solar8000/HR,https://api.vitaldb.net/6851a06049b341023755049d8b4107a422269f36
685d1f3fc04b50998f9bede3b02395020e812553.csv,173305,b897fe146e575626eea1f55c62382eee11c2c1860a0224124f1574faba723738,numeric,1157.0,Solar8000/FEM_MBP,https://api.vitaldb.net/685d1f3fc04b50998f9bede3b02395020e812553
6865a38c54caf4045684149962896b6bc6fb5bb3.csv,61236,0599a0b79c8b602a96c20476ad112757af5db7cf92c4745c6339e668a287a318,numeric,3507.0,Solar8000/HR,https://api.vitaldb.net/6865a38c54caf4045684149962896b6bc6fb5bb3
6865e879d142742c9c4aa6f1029dd73e140343b9.csv,104453,7f106f15c59b4e57f3cc3c8140a751ebc5de493c4f2734478e05cd5eca2e2eec,numeric,4589.0,Solar8000/HR,https://api.vitaldb.net/6865e879d142742c9c4aa6f1029dd73e140343b9
689c12bd1d495d1f5a18aec7e77a35fa3bc6dd18.csv,951765,f812cbe626ad6576d5429e6829c630e60a34b0748c86486ce4c17fa3c8953cee,numeric,1208.0,Orchestra/PPF20_CE,https://api.vitaldb.net/689c12bd1d495d1f5a18aec7e77a35fa3bc6dd18
68a1599ba39a18cc8fb58f7946282bb706c04f89.csv,66540,584546667c99e164f0f1c7d957f7abbea026f9b64e23de6ee7a252cfada3272e,numeric,3351.0,Solar8000/HR,https://api.vitaldb.net/68a1599ba39a18cc8fb58f7946282bb706c04f89
68abc521ec84fb80c840d2c7990c8400178b7e59.csv,242875,cfac1ce96fe892303a062b33b05ebb8281eba401a6317520bdf12aa32baf3cb6,numeric,1011.0,Orchestra/RFTN20_RATE,https://api.vitaldb.net/68abc521ec84fb80c840d2c7990c8400178b7e59
68ae9f79b1d4c21ed6bb9ae0312fcfa02dfaff28.csv,261888,94d8cf3ade9b7b4e564558ce029cb2a5f88be08352faa9b78ce56eb3f90280c4,numeric,1709.0,Orchestra/PPF20_CE,https://api.vitaldb.net/68ae9f79b1d4c21ed6bb9ae0312fcfa02dfaff28
68cacd9872bf97c8f252ee3f976953545f558107.csv,544230,a222e404fd309438acd4020a3dcf5fb0e65c46e1f1e9f5eb368d64ab8cdaf3b9,numeric,3498.0,Orchestra/PPF20_CE,https://api.vitaldb.net/68cacd9872bf97c8f252ee3f976953545f558107
68d061cb0c93afe9ed93e6b376f10a16a7623f9b.csv,40901,c8fb31d16a70f568b2869ffa884dd7540b4825617b0befae5599ff136f3804f5,numeric,3114.0,Solar8000/ART_MBP,https://api.vitaldb.net/68d061cb0c93afe9ed93e6b376f10a16a7623f9b
68d598658abff6cda9ed2aa549dff1811818451b.csv,543328,b9c6bf5870a6bf7052c1a6f44b44e9f73495c70d950a4e82316137899ae51a15,numeric,2498.0,Orchestra/RFTN20_RATE,https://api.vitaldb.net/68d598658abff6cda9ed2aa549dff1811818451b
68ea077de80b14e669b1bb1c7145e92393660d45.csv,161246,93628af2c5c75a2bab1a6559648966c4e3732e8e359092af43c8a30d9bebabc8,numeric,4042.0,BIS/BIS,https://api.vitaldb.net/68ea077de80b14e669b1bb1c7145e92393660d45
68f832cfeccbc85ab5375c9375d35863f4680b56.csv,132659,93d7f5420b7f5299f407e19231ade12e9013fc520f0ccba61b9c84c82377108b,numeric,5949.0,Orchestra/PPF20_RATE,https://api.vitaldb.net/68f832cfeccbc85ab5375c9375d35863f4680b56
68fcba5d2e695de90258d0cb8d5028a812511a07.csv,112595,4f0efb0678522d258031952dba2c4cd43b895111f1f634135856a4b83c79f685,numeric,5017.0,BIS/BIS,https://api.vitaldb.net/68fcba5d2e695de90258d0cb8d5028a812511a07
68fffec149f1db2cec8438af60caf91a04a7f67d.csv,151585,bfd7f5225a965296f87e1c9e60c098634a5c40aa8bbed7dbb730801fa6045f42,numeric,5167.0,Orchestra/RFTN20_RATE,https://api.vitaldb.net/68fffec149f1db2cec8438af60caf91a04a7f67d
690a9b5b6737f12be566bc1b4b9c6e43e181bac8.csv,138609,ffdff3c9c222bf4d58ff3bc4aa9765f5e849ec24b70f9ab08ccbacb32ec32fb4,numeric,3421.0,BIS/BIS,https://api.vitaldb.net/690a9b5b6737f12be566bc1b4b9c6e43e181bac8
690d0175e279ce32d8d98dfcce0364172f945db7.csv,402336,d8ea85ab41418206eb2cd4f34f77351c3c047e71930e624101d54ab96788b3d9,numeric,4181.0,Orchestra/PPF20_CE,https://api.vitaldb.net/690d0175e279ce32d8d98dfcce0364172f945db7
690e82e495ce809cb13a468664060352865236c1.csv,633617,2fe14806e63df1db1c1a93043b37f708e9926e6d427f0e9f21d3fb0ae3b78d33,numeric,708.0,Orchestra/RFTN20_RATE,https://api.vitaldb.net/690e82e495ce809cb13a468664060352865236c1
69106387c6cedf16b4714903654168f7a1e69a03.csv,186649,69b8a68276ebe7a8d0c89bf1d53c11f41a9d8d91b790bfe1b2f36f93c8eb165b,numeric,1920.0,BIS/BIS,https://api.vitaldb.net/69106387c6cedf16b4714903654168f7a1e69a03
69696070f6331646fc73c982896244df82648321.csv,514149,598fb3f765e3e723c651cb6d74a2aef3d04ac825ab76599fef4dd395636c0055,numeric,3517.0,Orchestra/PPF20_RATE,https://api.vitaldb.net/69696070f6331646fc73c982896244df82648321
69774fc573b9adb52c86e6fa877ba24e5313b02e.csv,752745,935ebd9a05631be7ed98fcb6e9a04f6b77fd4f8b42d00f579973c66347f64da1,numeric,3118.0,Orchestra/PPF20_RATE,https://api.vitaldb.net/69774fc573b9adb52c86e6fa877ba24e5313b02e
697758f49390975720836661adb7b4f1f9ee28c3.csv,70163,f901dbd9e753b149d8bc069969c1d027e3d65534cf043af8b5e5773f0a79f9f9,numeric,1802.0,Solar8000/HR,https://api.vitaldb.net/697758f49390975720836661adb7b4f1f9ee28c3
6984c8781d917d4fd8ee94ebb9d7140bc5dd7b97.csv,80276,1964d9f07e798c882103c67b95780b3b41bdda05497e4651c85186844a8a32f0,numeric,1045.0,Solar8000/HR,https://api.vitaldb.net/6984c8781d917d4fd8ee94ebb9d7140bc5dd7b97
69971f6a4ebaf5e6717e2d2845afc9b6a158c21d.csv,38573,23690785df6d3c4b9049ef6cfb78114b84463c6116d6fbf3c2a8f61726466ec3,numeric,3777.0,Solar8000/ART_MBP,https://api.vitaldb.net/69971f6a4ebaf5e6717e2d2845afc9b6a158c21d
69a50adb9a69a0dfa085d59e9d01b090b53ccc2c.csv,185277,dc4f09fc74d1be1bb9c5dfd9f7e4f60f82cee8403b52376d99a63ba9a07af52c,numeric,1240.0,BIS/BIS,https://api.vitaldb.net/69a50adb9a69a0dfa085d59e9d01b090b53ccc2c
69a7bb0b809c6f5f79f6f010b1467864d7400e75.csv,99792,3b9103a2383ec2f5bbf790ba054dbf1500a68e704981128c80c78d90c3d9aea8,numeric,2492.0,Orchestra/RFTN20_CE,https://api.vitaldb.net/69a7bb0b809c6f5f79f6f010b1467864d7400e75
69ae2fd530ab462ae863e07e2eb7e8215f0bf4e0.csv,555431,444522aa64c0a2e4f7659c0e133197046b21efac24d58fa34623f87460a5064d,numeric,6190.0,Orchestra/PPF20_RATE,https://api.vitaldb.net/69ae2fd530ab462ae863e07e2eb7e8215f0bf4e0
69b41bf5eeef04dd5423a8b5dc00c541a987624a.csv,1599055,29cdbd9adafca2ceb1763c12dabcb096401e9e6d58ea689596e9a5c92d87a16d,numeric,1703.0,Orchestra/PPF20_CE,https://api.vitaldb.net/69b41bf5eeef04dd5423a8b5dc00c541a987624a
69b705a112228847715c5674ee05827523980b48.csv,740249,8f6bf421bf137fe4e367cebf9d2e0aa6cd32efe7a895ac6a2c8e73a148adc14d,numeric,1267.0,Orchestra/PPF20_RATE,https://api.vitaldb.net/69b705a112228847715c5674ee05827523980b48
69d0e2b75bc671b6d7b731f9b15d8769e8718ef7.csv,142038,e2d3417871858776cef85c2d5fcb800cbdc2e3d605416914e6ddb28641a648b4,numeric,1102.0,BIS/BIS,https://api.vitaldb.net/69d0e2b75bc671b6d7b731f9b15d8769e8718ef7
69dd8ecb053bd99a696209ddce3959c0b31ae86a.csv,60762,3eedc29203a7897af9fea8c28222f5bf9657cc70481ce2c57e6be5dd82990a97,numeric,2944.0,Solar8000/ART_MBP,https://api.vitaldb.net/69dd8ecb053bd99a696209ddce3959c0b31ae86a
69e465b83bb717a4a074561b68533508656482b4.csv,244349,e8eb4a4f95f7556b739313f88204c103ca609ae230a8e31cc1105fde5292972d,numeric,1350.0,BIS/BIS,https://api.vitaldb.net/69e465b83bb717a4a074561b68533508656482b4
69ecfd1adb5170d66753e19fa978271791831a88.csv,775628,fd67ceacd22064b3bc4f6299fa5db685e5ed9e585065b83bdfbb506b41ee8494,numeric,566.0,Orchestra/RFTN20_CE,https://api.vitaldb.net/69ecfd1adb5170d66753e19fa978271791831a88
6a1d0f9c006542db3479110596d15d8e0486c221.csv,388376,1077c3aa0f86dde1ad0f6114a57442d8826adfbd77082c79fba7ff07fcecfc9b,numeric,6009.0,BIS/BIS,https://api.vitaldb.net/6a1d0f9c006542db3479110596d15d8e0486c221
6a252272891ea1486ca2ea88844767290acda4f3.csv,1510955,9b2db53e0d0e2bfa355bab84ebe8fa85dbf5dfb4261d965bcaabceb411f50017,numeric,1191.0,Orchestra/RFTN20_RATE,https://api.vitaldb.net/6a252272891ea1486ca2ea88844767290acda4f3
6a50b2abfb18e54e877cc041cf20367c55c69921.csv,17978,b8c6d8e91d5a76584b8fcaec723e1de90bc5a9b4ab9a5eb0719e1f2e074bd634,numeric,2890.0,Solar8000/NIBP_MBP,https://api.vitaldb.net/6a50b2abfb18e54e877cc041cf20367c55c69921
6a60eb0d38c40d064b025a396e9a2ff3d0ad85a1.csv,747936,e05b92b6b9d48dee47ee483ace32deb10d944ae5c453e494b63728a8b7f4b118,numeric,5109.0,Orchestra/RFTN20_CE,https://api.vitaldb.net/6a60eb0d38c40d064b025a396e9a2ff3d0ad85a1
6a728df0817572463e7caa4046978d3a94674ae6.csv,46478,8aacccd1dafa3d80c330e71fd80dbd2e8289945a57ccaf092746e76c278f8f55,numeric,194.0,Solar8000/HR,https://api.vitaldb.net/6a728df0817572463e7caa4046978d3a94674ae6
6a768860fbc447913b4ebf09c7ed7ac3db49caa0.csv,727416,517d7ce8f6955b040750bfc141e9995f79192ad376c0433b4337d380522a9815,numeric,4788.0,Orchestra/PPF20_RATE,https://api.vitaldb.net/6a768860fbc447913b4ebf09c7ed7ac3db49caa0
6a8d48c175c4f8cd1642c416d9423fb428018868.csv,681378,2dcf0520b93b71f8daa72ed6783a72ef52cda73f33487f31a7c6cfaf05fb2a01,numeric,3279.0,Orchestra/RFTN20_RATE,https://api.vitaldb.net/6a8d48c175c4f8cd1642c416d9423fb428018868
6a8f97132b810846ad684eda4f8ccab5748efac6.csv,899501,5f023c7b054998a2b96921a0659550dfb059176b13b65df961766641846ead56,numeric,4999.0,Orchestra/PPF20_RATE,https://api.vitaldb.net/6a8f97132b810846ad684eda4f8ccab5748efac6
6ab3009fbd8376b3d8d1fc03e3621492029b3598.csv,489750,c262e42fc3cbc325f7f94ea6088b9c731f12c4ed6c6e21b03bf254081a300bed,numeric,6174.0,Orchestra/RFTN20_CE,https://api.vitaldb.net/6ab3009fbd8376b3d8d1fc03e3621492029b3598
6ada394ac4b574513d1f7dd9d536d5ba7d30959d.csv,504156,9fb391354b3945e8de8959f109f5d4117addb457e05eee6b6506bcda39148611,numeric,1946.0,Orchestra/RFTN20_CE,https://api.vitaldb.net/6ada394ac4b574513d1f7dd9d536d5ba7d30959d
6b0b48a54f366a0ad7ea1e464e8cee338f700683.csv,54267,ac93a66dc187f12a2457c51ec9b7d12657748d2803a4d6779af4e16cb22467cb,numeric,13.0,Solar8000/HR,https://api.vitaldb.net/6b0b48a54f366a0ad7ea1e464e8cee338f700683
6b11469494a4ba47c476336d97c3ad8012f94d4f.csv,859859,fb47cff279ec212fa30d13afa233270daae4b987cdd04a8218dc1797134d93c1,numeric,3196.0,Orchestra/RFTN20_CE,https://api.vitaldb.net/6b11469494a4ba47c476336d97c3ad8012f94d4f
6b125a65384cb85845afa602d6fa4a90190f613e.csv,538869,d04929b4f7ba8d2c1f0656561e79cb99d8db304a6122386ba7b6ca9f1c88f31a,numeric,2617.0,Orchestra/RFTN20_CE,https://api.vitaldb.net/6b125a65384cb85845afa602d6fa4a90190f613e
6b142b79d11201fbfe51c6baa0a104799e1e9aba.csv,140730,9373f5ece06a907bdcd7123ea29a3e8bafaabb8e126b99edf7319d0358ef9415,numeric,1687.0,BIS/BIS,https://api.vitaldb.net/6b142b79d11201fbfe51c6baa0a104799e1e9aba
6b5a56892387a5bd74c65d3b2403b9c119bf0196.csv,71534,5bba0740279f3168eee0585fcc61b81911c45a33e8eea880fa84613d17156ed0,numeric,5608.0,Solar8000/HR,https://api.vitaldb.net/6b5a56892387a5bd74c65d3b2403b9c119bf0196
6b60b0ca4b60169d3a0d7fd9b4dad72be72427a2.csv,492893,045188881861538e16e4f43914bc94964475c98f726baa11216d647d9afc7aa4,numeric,1810.0,Orchestra/PPF20_CE,https://api.vitaldb.net/6b60b0ca4b60169d3a0d7fd9b4dad72be72427a2
6b62b496c63d0bfb75a750dd7575b545ad4767e1.csv,310122,b40b8edf956d7d30ce1c6e5ab6629b4681c68a37f0056811e13087b1ba70074a,numeric,3610.0,Orchestra/RFTN20_CE,https://api.vitaldb.net/6b62b496c63d0bfb75a750dd7575b545ad4767e1
6b6883fd22d96a82d0b9ede1d6581e0f87a11dab.csv,186163,b17805322c2474dc748e11995d2df16c91bd83002fec07b6f3ddf8241418eb44,numeric,4457.0,BIS/BIS,https://api.vitaldb.net/6b6883fd22d96a82d0b9ede1d6581e0f87a11dab
6b835fee265fdf00f9c975dc52ec72cd4e28c30b.csv,86894,8efc1df8a8b1ddfa5be25f12ec2160dba0968cfd97e12eb7dc20513965fb7b8a,numeric,2353.0,Solar8000/HR,https://api.vitaldb.net/6b835fee265fdf00f9c975dc52ec72cd4e28c30b
6b95711214c9da3755f3fcdc5345ba7a3de0c9e0.csv,220555,ba2bdf5794d7febf1d7f3448e01c4739d8ad8c4889192eb080c8d68f8f200cab,numeric,1964.0,Orchestra/RFTN20_CE,https://api.vitaldb.net/6b95711214c9da3755f3fcdc5345ba7a3de0c9e0
6ba4024c2916b268746b5ef6e6862567576d6830.csv,234345,31c2541998f85e735c1de6cf7fd014752fd740ad05d1574544c1bad9741f08b4,numeric,382.0,BIS/BIS,https://api.vitaldb.net/6ba4024c2916b268746b5ef6e6862567576d6830
6ba4e9c8181fab16988e6767950b372e7a1e1d32.csv,493455,b4ec5e915bd068493f918ea7ea485fa894b9a1d6a53e6c18e42023da1ef04851,numeric,4913.0,Orchestra/PPF20_RATE,https://api.vitaldb.net/6ba4e9c8181fab16988e6767950b372e7a1e1d32
6bbb762e8d0c9fbe3bd43fa6dd988f268381bb74.csv,77636,84a11f2114ec5657d00ccd0ce3ffdde3e5b9af90e63293fbac38b251438b2df2,numeric,1964.0,Solar8000/NIBP_MBP,https://api.vitaldb.net/6bbb762e8d0c9fbe3bd43fa6dd988f268381bb74
6bce9b6c68b9f4adaebed3221826d2b77ae039ac.csv,116885,9b564e790a002eb583be499fe7deb94900addee5a074901f831574a7967e881d,numeric,124.0,BIS/BIS,https://api.vitaldb.net/6bce9b6c68b9f4adaebed3221826d2b77ae039ac
6bd411ec9f5836ed7d2e4c6a6d96d14f15091f83.csv,437664,7985e58a0369343b5ee785bf1dfcdc936b02236116ef0c8d0d86ae33b1aaa87a,numeric,3351.0,Orchestra/RFTN20_RATE,https://api.vitaldb.net/6bd411ec9f5836ed7d2e4c6a6d96d14f15091f83
6bda53cfa3ab7ab8ba80d07dea75d508f512e704.csv,191185,d33e47716f19653205bcb5809954d0c1046fb0f78a872616391fe3e65e3a5187,numeric,6181.0,BIS/BIS,https://api.vitaldb.net/6bda53cfa3ab7ab8ba80d07dea75d508f512e704
6be6cc3fff6ded633623a2e6b2a6f591147ce316.csv,297545,21718f5d1854df1317da42f319f257209a3d94506f61f3c628e18e1918b5ddf4,numeric,5070.0,BIS/BIS,https://api.vitaldb.net/6be6cc3fff6ded633623a2e6b2a6f591147ce316
6bf8887721fe65911df0ed52f606854339340738.csv,135357,8081e06c01b74f573307be29827d7003f2b209c5e5e4b328ab6585f8487601a3,numeric,927.0,BIS/BIS,https://api.vitaldb.net/6bf8887721fe65911df0ed52f606854339340738
6c0b440756bcec17165c20ae0fa654170dca652a.csv,43819,34a1f03369d7753c7f254f849d92b353efb6c24b912febe862a2998e82ca6a78,numeric,3943.0,Solar8000/NIBP_MBP,https://api.vitaldb.net/6c0b440756bcec17165c20ae0fa654170dca652a
6c0b5ae3e32a724cfd838dc3db8ffd85ac716a4e.csv,75353,be68a807529a632350e209fec55f2af8590cd31e18736f2fd4fff0409bf7972f,numeric,1240.0,Solar8000/HR,https://api.vitaldb.net/6c0b5ae3e32a724cfd838dc3db8ffd85ac716a4e
6c42fcf1113fd1c4d2e77dc218e3abcd772e146a.csv,28568,79ba6550a205a77e7216e19d73eaa61c97afe3a8dc05f5f792b7f6ded9daecad,numeric,4383.0,Solar8000/NIBP_MBP,https://api.vitaldb.net/6c42fcf1113fd1c4d2e77dc218e3abcd772e146a
6c665140031d0345f1e96a6d9639699fe35a9bc5.csv,41953,254115b4fde64a525d31df5c39f1254e4816290bde9c0ee261ea6b5151dc476e,numeric,2687.0,Solar8000/ART_MBP,https://api.vitaldb.net/6c665140031d0345f1e96a6d9639699fe35a9bc5
6c7507456501d677a87b556b7b700ac21091d9cb.csv,435728,74588ebe7849a5f797c46c13b89907c74fcb48832e37e8ccefbb994508b174a4,numeric,2732.0,Orchestra/RFTN20_CE,https://api.vitaldb.net/6c7507456501d677a87b556b7b700ac21091d9cb
6c82dcea89bef5af02ac38d9a0fc46f7d51a2d78.csv,788789,d7ec435991ac6f8d6332e6f6bf55737e14459d4764e278cbad1a48624a6617d1,numeric,2797.0,Orchestra/RFTN20_RATE,https://api.vitaldb.net/6c82dcea89bef5af02ac38d9a0fc46f7d51a2d78
6cafaaf57e2b89e72836f987241808e2253a5b6d.csv,110934,68cfc227f2b5c238c1da96c224c547221e461d653d1db00f81281fa9b0bf9108,numeric,3029.0,BIS/BIS,https://api.vitaldb.net/6cafaaf57e2b89e72836f987241808e2253a5b6d
6cb09a480cfab778813282ec467a2f001985f7a9.csv,39303,d694d336781b48b3eb4930a848304167dc6ffa027b725b7c2f39215cf080e543,numeric,3990.0,Solar8000/HR,https://api.vitaldb.net/6cb09a480cfab778813282ec467a2f001985f7a9
6cc8592e3aa8f8add6b110288ba3ca8ab796cbde.csv,313874,51190a8984dd86a08877ca3ae054e27c6aa0841286b086bd637248eec584dd7b,numeric,4435.0,Orchestra/PPF20_CE,https://api.vitaldb.net/6cc8592e3aa8f8add6b110288ba3ca8ab796cbde
6cd6e1fa78d1d67e978658d5c2443e804cc76c06.csv,260267,71b490729e58def27edbddb0d05a9753dcd51f3d9c56824ef526d8300247fa08,numeric,4868.0,Orchestra/PPF20_CE,https://api.vitaldb.net/6cd6e1fa78d1d67e978658d5c2443e804cc76c06
6cf1f1f22c2f284e75eea7eb1f90df847537478f.csv,284625,4bd8357472abe073e769b9e6dc918b5881ba45422422b4699a86f5e953c4b618,numeric,5390.0,Orchestra/PPF20_CE,https://api.vitaldb.net/6cf1f1f22c2f284e75eea7eb1f90df847537478f
6d0ab0c8fed8e3d7747cd4b71f296a030cfb5bcc.csv,1072786,48f5ed6711cc1f2dfaed4afc3b2770115ac115eccdeb7f1f863bb7dd09e5c9f5,numeric,1785.0,Orchestra/RFTN20_CE,https://api.vitaldb.net/6d0ab0c8fed8e3d7747cd4b71f296a030cfb5bcc
6d1ae6693404b45bf78a52372a0fab65d1f312b4.csv,508111,6d5800774da2e64355fe9e411dde745cb27c016ea4b017643ab04065adc772f7,numeric,4530.0,Orchestra/RFTN20_RATE,https://api.vitaldb.net/6d1ae6693404b45bf78a52372a0fab65d1f312b4
6d239abf182ce31946f0b56ebc922319d0a257e8.csv,443442,1e4e5741aba6d9a01d007e1d867d07b9d9bf55a87c366a7ade5814d777cf0b45,numeric,5178.0,Orchestra/RFTN20_RATE,https://api.vitaldb.net/6d239abf182ce31946f0b56ebc922319d0a257e8
6d4bd713bacbfe3762463f7a37b6b7015a800521.csv,470177,701a407b059f4045f324b10e1d752b3f7946de9d16310fb282b344f023a2fc96,numeric,2931.0,Orchestra/PPF20_RATE,https://api.vitaldb.net/6d4bd713bacbfe3762463f7a37b6b7015a800521
6d57150b94a23ce81692c97df1dcdf301ec8b722.csv,65774,52e187532a0af356d80200532777bcb0776fc3d2100dd2619345574fb0adbb31,numeric,3961.0,Solar8000/NIBP_MBP,https://api.vitaldb.net/6d57150b94a23ce81692c97df1dcdf301ec8b722
6d969ab049f7299cd3ca8194a500818e9c7a753d.csv,815109,0eb4bd2d8f40c5934ecc4844a07cb13076a09335abb9fb8aa732c3235dd9e14d,numeric,3545.0,Orchestra/PPF20_CE,https://api.vitaldb.net/6d969ab049f7299cd3ca8194a500818e9c7a753d
6d9bc69ab1991538b45b48b272728c53cb1d1ec6.csv,268001,bebf72bbb78c26e399ffef05edabaa76593dcf64181f947e61c99bae81c90da7,numeric,613.0,Orchestra/RFTN20_RATE,https://api.vitaldb.net/6d9bc69ab1991538b45b48b272728c53cb1d1ec6
6da7ae9955d882f9055a15947c4a6015c7dcb8c1.csv,724464,d903ac4a5609395127a835e0037556dd865f341c4ddb59c1676b67ec44b236ac,numeric,2004.0,Orchestra/RFTN20_RATE,https://api.vitaldb.net/6da7ae9955d882f9055a15947c4a6015c7dcb8c1
6db029635c006b2f9ea83d5f06c796acb43771d9.csv,5537,fc54e7214133959d09b543e0dec4bd972e9ace5498e73bfc45e500a3e9ea34cf,numeric,6233.0,Solar8000/NIBP_MBP,https://api.vitaldb.net/6db029635c006b2f9ea83d5f06c796acb43771d9
6dc2aa6243eb2e601e2a453cf8713445e1f77238.csv,406350,b9848895d1ccb9e2921e27c8b81b50903562aea1251e4512e636a36dd7fec5e7,numeric,2834.0,Orchestra/RFTN20_RATE,https://api.vitaldb.net/6dc2aa6243eb2e601e2a453cf8713445e1f77238
6dde7d3612cb5f0442e6782d2893e8613b577416.csv,602654,72774036be4eb22120ed021215ca68e71a66040408e64aa1cab92ff0aaa5265d,numeric,6037.0,Orchestra/PPF20_CE,https://api.vitaldb.net/6dde7d3612cb5f0442e6782d2893e8613b577416
6dfd1daea76246dcb835e3ced5317aefa51f193a.csv,76564,ff53e2a33dc7bbc77a51b3372b0c062c8320773acb96a6a6b5e80d5b02809cfe,numeric,5352.0,Solar8000/ART_MBP,https://api.vitaldb.net/6dfd1daea76246dcb835e3ced5317aefa51f193a
6e15fd7d06763854eee6aa63eec667121524e046.csv,49257,7fdb3539f4d66a64289581d1ae3d7971326a16953283547fcac1bf0f93fcd092,numeric,2909.0,Solar8000/ART_MBP,https://api.vitaldb.net/6e15fd7d06763854eee6aa63eec667121524e046
6e28431e8bdf608cc07c1cb52727745ffcf63478.csv,464664,ae945f120094d1785445bae8e2beb057c2b9eee0a20098e946dc2780967db385,numeric,4616.0,Orchestra/PPF20_CE,https://api.vitaldb.net/6e28431e8bdf608cc07c1cb52727745ffcf63478
6e2a607cdfaf3804900fe3569de8cb121e6677bb.csv,1309710,df0d639723c5336dd40574265c6d7bf4d3797597482878dabad6c7f366bc5a6e,numeric,3631.0,Orchestra/PPF20_RATE,https://api.vitaldb.net/6e2a607cdfaf3804900fe3569de8cb121e6677bb
6e304eda6ba16c836d21b9a6f5e9884d1ff622fd.csv,250449,2688d516456208d0c5dcb04aaee33a5b3e2e2ac51382f7eff5bf6fdefb8e30e4,numeric,2078.0,Orchestra/RFTN20_CE,https://api.vitaldb.net/6e304eda6ba16c836d21b9a6f5e9884d1ff622fd
6e3224676f9d90af625e4319f786ff904cd21a26.csv,822218,9e71abd847dd40ba95432c0b3a5019d9da1df463fda11bc445d665eacb1a2cc2,numeric,5164.0,Orchestra/RFTN20_CE,https://api.vitaldb.net/6e3224676f9d90af625e4319f786ff904cd21a26
6e37e5a6dac41212daf08fee42b82947382ab35d.csv,143320,59221d5eb61b8a8711451631b9c4e89947b1756cefd478d90de187cdb3049955,numeric,2426.0,BIS/BIS,https://api.vitaldb.net/6e37e5a6dac41212daf08fee42b82947382ab35d
6e4012d3338038e9e70befcf0f5848c5b2a1fa6a.csv,40875,5ff14d24e541fef81b5e66ae4a58bd9542594a8cc727ec4aab0c7addc6a7b7bd,numeric,4113.0,Solar8000/HR,https://api.vitaldb.net/6e4012d3338038e9e70befcf0f5848c5b2a1fa6a
6e46b1c97b07a2404716befb7538a403e6c51da1.csv,655719,ea12700043aca5515d58a78950ac3f9c0b83b00935daa2855473f19b98f6d060,numeric,3988.0,Orchestra/RFTN20_RATE,https://api.vitaldb.net/6e46b1c97b07a2404716befb7538a403e6c51da1
6e4ea2453cfb481c324abe60f8e5261e99da1d5b.csv,65144,833c20858e85c0799c354b085dd8cd4ee6cf2a1ece35c3d44242c74aca1594da,numeric,295.0,Solar8000/ART_MBP,https://api.vitaldb.net/6e4ea2453cfb481c324abe60f8e5261e99da1d5b
6e53302734d8430022255e38d1c7b7fc82a14fe1.csv,36428,2a9d32e96dce2fc5daf5df49da1a8479aef3d0f60ed86bad793c83828b927ab0,numeric,4462.0,Solar8000/ART_MBP,https://api.vitaldb.net/6e53302734d8430022255e38d1c7b7fc82a14fe1
6e58209eb9ea7c61676a31d6534ad0e5a257fa15.csv,426480,6607d80218356489502e6d300f9560db53a37780e8a4aae90bc7d4021b92edca,numeric,2863.0,Orchestra/PPF20_CE,https://api.vitaldb.net/6e58209eb9ea7c61676a31d6534ad0e5a257fa15
6e5e514892bc4d78c17c0ea8519c595b929a0816.csv,11280,89b93089479ef94103392f8084791beb363487709496d3436f916e4401b2f9cc,numeric,3517.0,Solar8000/NIBP_MBP,https://api.vitaldb.net/6e5e514892bc4d78c17c0ea8519c595b929a0816
6e69f778f9f21e9b4c45ca1c9088f6e01da061d8.csv,1064885,511ade765f1a4111076b030f3618bec6bb5470ae75aa7ea9ce8a2e7a26b4ca2a,numeric,3373.0,Orchestra/PPF20_RATE,https://api.vitaldb.net/6e69f778f9f21e9b4c45ca1c9088f6e01da061d8
6e868558761a75cb3edcd0ee6eb915d8e5a44b0a.csv,264269,383c8712a04919b6382e92bb6dbd8efe549504705a0ff70ee28c570dbdc6d230,numeric,5560.0,Orchestra/RFTN20_CE,https://api.vitaldb.net/6e868558761a75cb3edcd0ee6eb915d8e5a44b0a
6e94132ae73a643ea77dd142c2a029d000665d17.csv,97944,2fc5f61fefdd06bb249855a7583689869dda9d6a0b52ea0eba9eb22d44c5c031,numeric,2779.0,BIS/BIS,https://api.vitaldb.net/6e94132ae73a643ea77dd142c2a029d000665d17
6e9dd0dd0d3446412f08658ecdf0307e219fd105.csv,613025,2978895e884819bd1b89df7fe683bde7d2288a934d738b832cf507cf8be1a05b,numeric,6346.0,Orchestra/PPF20_RATE,https://api.vitaldb.net/6e9dd0dd0d3446412f08658ecdf0307e219fd105
6eacf24aa04e26da17bfa8f421036e1bc4bcc52c.csv,36645,9bbc14ab9bfd71572971e697f7c6bb4fde024971f2177671d51436222d9ec716,numeric,579.0,Solar8000/ART_MBP,https://api.vitaldb.net/6eacf24aa04e26da17bfa8f421036e1bc4bcc52c
6eaef11172beac95ba6ccf3354e3130b834d8ad3.csv,250414,d5f23eb7f95e4dde89536354a7e858399e8ad45d02a085875e78f9afac19b07c,numeric,369.0,Orchestra/RFTN20_CE,https://api.vitaldb.net/6eaef11172beac95ba6ccf3354e3130b834d8ad3
6ec05c898c1bc691d257757a23830ad5c48056c6.csv,295947,b4d3d77e43f7e2a84129274a2ff8b478bf2d426bc0f39e7cb27c58c6e339295b,numeric,3943.0,Orchestra/PPF20_CE,https://api.vitaldb.net/6ec05c898c1bc691d257757a23830ad5c48056c6
6ec42dc38ba377a5cac19ae8529df0b3c8bb2c4a.csv,75480,da9e2cdb07e04085d0c31b27a7026caa1c8074dcc83a4dcdace1caebce7130cb,numeric,4769.0,Solar8000/ART_MBP,https://api.vitaldb.net/6ec42dc38ba377a5cac19ae8529df0b3c8bb2c4a
6ecf44a8a0594c2bfb7f0fba13e99703d05ec862.csv,408881,bb0cd5f804dcb849bbfcd354690eb4714b5448b4a899b29c8d981c14fc5d89db,numeric,4658.0,Orchestra/RFTN20_RATE,https://api.vitaldb.net/6ecf44a8a0594c2bfb7f0fba13e99703d05ec862
6efce8d3b6d74b091a56b756dc9db31e1c1bf1ca.csv,417398,a17b1afc09e895c49aafb3bb2f79400e28ec1f76d3cc7b8fc379fd465dd9f4fa,numeric,1925.0,Orchestra/PPF20_CE,https://api.vitaldb.net/6efce8d3b6d74b091a56b756dc9db31e1c1bf1ca
6efefe41a71ca8ba54d420af8f269f404022dc4c.csv,765170,d5b8f187580e787ad383405cd99992109faabf7492b206294bd08b1ecd200c6b,numeric,5749.0,Orchestra/RFTN20_RATE,https://api.vitaldb.net/6efefe41a71ca8ba54d420af8f269f404022dc4c
6f07b63203fbf0105883b9d7ac6f078e49bf5686.csv,94068,a1db1ba06d9e8473f964cfb510388670ab9dfc4b6d01a12e949ab133f3c3a254,numeric,3091.0,BIS/BIS,https://api.vitaldb.net/6f07b63203fbf0105883b9d7ac6f078e49bf5686
6f0adbea982fd132ab7fd464b5ae34650e24c87c.csv,1407160,6fbebb11c0e50995d575993eefa75a6c0643cb98f9f5edc132ee4bca248f9e0d,numeric,3287.0,Orchestra/RFTN20_CE,https://api.vitaldb.net/6f0adbea982fd132ab7fd464b5ae34650e24c87c
6f14c5bc31d494d726433807d6d5bb6368837ed2.csv,46271,529b71b1aef3e3c37a50b30990f4fde14b0809b6623d0ddd3f9a4da665643bb4,numeric,5731.0,Solar8000/HR,https://api.vitaldb.net/6f14c5bc31d494d726433807d6d5bb6368837ed2
6f27cffd5d2ff840d6d57866161dd362ec3ef5d0.csv,968201,09381ec19a6dc5d4f8cab73b2312473559109f491dccfadc2733a5b8f7b4653f,numeric,3113.0,Orchestra/PPF20_CE,https://api.vitaldb.net/6f27cffd5d2ff840d6d57866161dd362ec3ef5d0
6f30e446dab010e247dbbb2546f535bed42ec3a4.csv,422124,3b23b82926dd64b2dd50ea2865f8c705e1f4ab9726301140db183e1ff8176c62,numeric,2931.0,Orchestra/PPF20_CE,https://api.vitaldb.net/6f30e446dab010e247dbbb2546f535bed42ec3a4
6f35eb402fbcc6b81a9546a67ebd6260a8d39913.csv,348407,06cee32d8cbf84995ece331d963c6bb1c84d5441e159fd37901de9e0914f90b5,numeric,3617.0,Orchestra/RFTN20_CE,https://api.vitaldb.net/6f35eb402fbcc6b81a9546a67ebd6260a8d39913
6f458bf7ee6b48c0e350f3f8d1ff22dd39010e45.csv,39048,a2768e6fbd812e3bc85c8170da92acc57db68f983d5c692b9f3d9214725c8008,numeric,4102.0,Solar8000/NIBP_MBP,https://api.vitaldb.net/6f458bf7ee6b48c0e350f3f8d1ff22dd39010e45
6f5080f0d5d55a988a09787d235b70339850efd5.csv,124538,4f1588130771bcda2412170a336adb3a0f2451915abf3a2b16c925d202d10f99,numeric,4646.0,Orchestra/PPF20_CE,https://api.vitaldb.net/6f5080f0d5d55a988a09787d235b70339850efd5
6f7571e6e0fbb292f3a568d6859f062b9a1b0b2b.csv,108459,1440c723cf97f2a8f3c5be8a8fd6ac96ba35d1f8c3edd03870ee3f10fe984cce,numeric,3407.0,Orchestra/PPF20_CE,https://api.vitaldb.net/6f7571e6e0fbb292f3a568d6859f062b9a1b0b2b
6f94194d7571df23555339a3a42e231f217e500d.csv,141318,4fa1ec4d6e45aed275206c07151e94adf65c2485307757dbb7c878723b230856,numeric,1918.0,Solar8000/HR,https://api.vitaldb.net/6f94194d7571df23555339a3a42e231f217e500d
6fc7dd73200364c4bedaffa4946e4b67e8e9aa0f.csv,149831,ef04b51b51660d3e926d271f2b6ccabd62b67ab30a74755da3e5ac81a03239da,numeric,3507.0,BIS/BIS,https://api.vitaldb.net/6fc7dd73200364c4bedaffa4946e4b67e8e9aa0f
6fd193ba834faeacf260eab7a156932c4dd71d58.csv,61764,77c87be610701810309290eb433e135051d99305fa25e48ec9d696e5ebcb6d7e,numeric,5189.0,Solar8000/HR,https://api.vitaldb.net/6fd193ba834faeacf260eab7a156932c4dd71d58
6fd2f2efeaa73e7722894bb7dd88de61872e9ee4.csv,359405,c42f2041937b5e210782d643978b43383051672380692295c8874a09bfa73c85,numeric,3449.0,Orchestra/PPF20_RATE,https://api.vitaldb.net/6fd2f2efeaa73e7722894bb7dd88de61872e9ee4
6fd73c06dca5905e42bb03ee9abef48e65d2e38f.csv,93918,08cbf812c76a8941a6e9dc497008e1e7c8360b9457dce2cd3ceb731723f15747,numeric,3196.0,Solar8000/HR,https://api.vitaldb.net/6fd73c06dca5905e42bb03ee9abef48e65d2e38f
6fdb5c660960848e0ba354a47b0f5c2ed09a7ae7.csv,383268,d69746626eca0d5263493cf2558142797fc6df5c7cfe35477567adbf49c75252,numeric,5558.0,Orchestra/RFTN20_CE,https://api.vitaldb.net/6fdb5c660960848e0ba354a47b0f5c2ed09a7ae7
6ffed62b9bbee1b065f72a5cfbe68d0c42e173e5.csv,908696,33d47f65cd4b5dd0fc60022a30b5a937e60a574300c0fe3ec324c1ff36a333b9,numeric,2356.0,Orchestra/RFTN20_CE,https://api.vitaldb.net/6ffed62b9bbee1b065f72a5cfbe68d0c42e173e5
703e2daac13517b82648291e620030ef84ded210.csv,510430,b1a32c64623b410dbfc8dadaafe8c18fe55385907fe71caff4d130afa3424195,numeric,4287.0,Orchestra/PPF20_RATE,https://api.vitaldb.net/703e2daac13517b82648291e620030ef84ded210
704dbad762de05ed1840f0b2092ac7577f0cd561.csv,427906,d648b8a71426dcdf0070867ac4b4ef645e5fd8dfec6a885c0c2bd55f5efff58b,numeric,5155.0,Orchestra/PPF20_VOL,https://api.vitaldb.net/704dbad762de05ed1840f0b2092ac7577f0cd561
704f7b93c15c6a09a2dce66c38f7054b84788723.csv,373408,cf1ade7c8380a703569060fca055054e5e9b520c6073ae746608420513fe6f81,numeric,6241.0,Orchestra/RFTN20_RATE,https://api.vitaldb.net/704f7b93c15c6a09a2dce66c38f7054b84788723
705f97ba499f03ff0027bd8e4e4d532b7ed50c81.csv,46007,6d44b5830fe6a79c9256305deeb05d2c7931cfbac39515248a34eb4ac582246b,numeric,1323.0,Solar8000/ART_MBP,https://api.vitaldb.net/705f97ba499f03ff0027bd8e4e4d532b7ed50c81
70681110f51097be62279681ce352b45f653aa2d.csv,66547,d24ea4d7900d40acab2246cb66b8816dc4d7d507b7d60b37c2d0a163286f0d85,numeric,6104.0,Solar8000/HR,https://api.vitaldb.net/70681110f51097be62279681ce352b45f653aa2d
707081a3a10d9febb0c9ff3d912c2eeeb174f05d.csv,404643,32b923a3fa708cd58a54b4727ea87a6bd92fee1175f98e9189c0df0be0dc7fce,numeric,2909.0,Orchestra/PPF20_CE,https://api.vitaldb.net/707081a3a10d9febb0c9ff3d912c2eeeb174f05d
707bfbbd63b04b5be7b462007b7f6cf9b415bfd2.csv,395628,a5cb8a8ca46cb06484653acc641fd6ca607781846d67df9f4c34bfab073eba4c,numeric,3029.0,Orchestra/PPF20_CE,https://api.vitaldb.net/707bfbbd63b04b5be7b462007b7f6cf9b415bfd2
70b205b424d5b83039713ee0de10041b44193ea8.csv,46104,5f2b77bd323d2fd77614b974c9c95023839554081947c8808b7976367638c143,numeric,2997.0,Solar8000/NIBP_MBP,https://api.vitaldb.net/70b205b424d5b83039713ee0de10041b44193ea8
70d55ddbc571dcbd0cfd9b47ca8c65357563b25d.csv,64199,9725fd4c83602a65a96f71b6d79074587d255c48cea87c3098f50d5943301d0d,numeric,4390.0,Solar8000/HR,https://api.vitaldb.net/70d55ddbc571dcbd0cfd9b47ca8c65357563b25d
710150e6fcda5a6c7ebbc5eaef43cd5cc94324e2.csv,85916,35f2acda5bf6397caf8c981e00d81eda2575462828646854123722db39f860e3,numeric,1267.0,Solar8000/HR,https://api.vitaldb.net/710150e6fcda5a6c7ebbc5eaef43cd5cc94324e2
711dd56ffdaa880ca7506b4863ccfadf402bffae.csv,462249,adb746ee9adca1337ac0e55861c94ea69655d5e9fb576fd2ea8cf0a021fb6f6c,numeric,3573.0,Orchestra/PPF20_CE,https://api.vitaldb.net/711dd56ffdaa880ca7506b4863ccfadf402bffae
7128950d6e4a0e6b2128c3148b44a73a2dbdca96.csv,274597,3b17431180b5a0dbfcf621b1e0a1971ad9cabf7a4cde0460ba55dcb64dc9c8eb,numeric,5731.0,Orchestra/PPF20_RATE,https://api.vitaldb.net/7128950d6e4a0e6b2128c3148b44a73a2dbdca96
712c96f9cdb20cc88f5be9db7381efb08de5117a.csv,44102,37c420dfd0d9cb34357de4a17eec116f9b081e999eee45cf51651d9e0c72fb7d,numeric,5390.0,Solar8000/ART_MBP,https://api.vitaldb.net/712c96f9cdb20cc88f5be9db7381efb08de5117a
7152356eedb1f96b155466021d6bbf74672bf935.csv,435839,97a1272d4c1256c117dcc642348b45647882c55da57d1a4aed62812dac16b6db,numeric,3573.0,Orchestra/RFTN20_RATE,https://api.vitaldb.net/7152356eedb1f96b155466021d6bbf74672bf935
7165fe6ef12929e7c904deff6caf19a8ce38c4ba.csv,291801,13b4c7dc1d04a9dac248fcdee31e667e7d3c914f1bd11837a343dd8c4d257bb9,numeric,5809.0,BIS/BIS,https://api.vitaldb.net/7165fe6ef12929e7c904deff6caf19a8ce38c4ba
716ec680530799092f4a382450b9dd514998c8dc.csv,606324,36820d1b7eef10cfb24f536eb87e5c0562fbe85eff089542d2e982a8f2198316,numeric,3431.0,Orchestra/RFTN20_RATE,https://api.vitaldb.net/716ec680530799092f4a382450b9dd514998c8dc
717bba68cddc6fd64137ee9cc51945b9e1b9269a.csv,242187,5264fd9cdc0d1791c24974ebe8725248ad275401166e26cc76e34c245bfff3a9,numeric,4998.0,Orchestra/PPF20_CE,https://api.vitaldb.net/717bba68cddc6fd64137ee9cc51945b9e1b9269a
717c18849bad486118a3bf018a386aa164737ff7.csv,170859,87cbd7a75683dc18ac3aff4f995c6a92cfa479bfb36b3575b9be1b72fb991500,numeric,3851.0,Orchestra/PPF20_CE,https://api.vitaldb.net/717c18849bad486118a3bf018a386aa164737ff7
71807e3f4f3294c34698bb0e3a1730c4fa96a3ab.csv,591971,ab324950ced0356f25724e9aa571c555ed461b84a2f4d45be52b3996fe2a2c5d,numeric,4547.0,Orchestra/RFTN20_CE,https://api.vitaldb.net/71807e3f4f3294c34698bb0e3a1730c4fa96a3ab
71bdee2d26676f2c4a780d63b8a4782a0c4857b8.csv,202575,14cd432c78522e63dc466eb5dce3d93dea1a51e6d18c3250e9e39d2e554e11ce,numeric,4920.0,Orchestra/PPF20_CE,https://api.vitaldb.net/71bdee2d26676f2c4a780d63b8a4782a0c4857b8
71d19a76b85ac149371035b80b2fa35a3319d383.csv,864672,32b9322cbc7fa7a18567aa15511e546050c920f287578bb6db6464ef9e528a6c,numeric,5140.0,Orchestra/RFTN20_CE,https://api.vitaldb.net/71d19a76b85ac149371035b80b2fa35a3319d383
71d2693c80a0f980bcf4abbed0020a32f90c9fd2.csv,756490,118c0b9ea67876258425b5fbccda292057a60c61c3621e113f69f80e0dbc061b,numeric,4179.0,Orchestra/RFTN20_CE,https://api.vitaldb.net/71d2693c80a0f980bcf4abbed0020a32f90c9fd2
71d6123af8c5269cb05c06c855762ee4a5c246e7.csv,1055902,07c51d3e56f0eef5dbd6794c4a3fd1afdc075a4a8eb480c188ea1ea86921f93e,numeric,2349.0,Orchestra/PPF20_RATE,https://api.vitaldb.net/71d6123af8c5269cb05c06c855762ee4a5c246e7
71de9f163a8a2f79732a41bcfa6d676089ce557f.csv,623316,15cb21b4468221bf0737da841989c89465042ad59837304f386424b97d4958b8,numeric,1035.0,Orchestra/RFTN20_CE,https://api.vitaldb.net/71de9f163a8a2f79732a41bcfa6d676089ce557f
71fd6a78915ed21717f01f0f09c1a4d3f15b5c43.csv,141997,4a6ff7f45cc40c623eba27bc426a1062b186d8deb1fcf3ba27147baedccac6a2,numeric,3572.0,Solar8000/HR,https://api.vitaldb.net/71fd6a78915ed21717f01f0f09c1a4d3f15b5c43
722aeed2bf7186485d3a820a5e6af3c13b592182.csv,620954,543e3e60a96a4a336abb8bc977d5dd38870bcca71f96f2435eddde9799faae1d,numeric,1802.0,Orchestra/RFTN20_CE,https://api.vitaldb.net/722aeed2bf7186485d3a820a5e6af3c13b592182
7258f22fb6078f9357e0f3771792aee2cb8ac334.csv,57309,34cf3fc4152c8ec86c395d566e7ac613f76be66f4c79c5c273d4a785b3d61bb9,numeric,4464.0,Solar8000/HR,https://api.vitaldb.net/7258f22fb6078f9357e0f3771792aee2cb8ac334
7262c0a498defbf154366156269cada7d4077bb4.csv,71292,39e92ce293da30a820bf395bad7fe189d9bda885717c470fcb4d25b3fc5e0bff,numeric,1889.0,Solar8000/HR,https://api.vitaldb.net/7262c0a498defbf154366156269cada7d4077bb4
72a6c81747000314111d45dc43e8bd367b1c5f8f.csv,1165117,2a58cb2218a1e8fcc1f59afd962218364cf2fd02de2de45f2e25b93b85362df4,numeric,5983.0,Orchestra/RFTN20_RATE,https://api.vitaldb.net/72a6c81747000314111d45dc43e8bd367b1c5f8f
72b677d9cdb77fc35f51d98144db422f51a49230.csv,463472,bd74bed42b960dc683ff6f52b805c45d35dea777c599d1ea529abd2813940801,numeric,205.0,Orchestra/PPF20_CE,https://api.vitaldb.net/72b677d9cdb77fc35f51d98144db422f51a49230
72e935297a22a11bb70363e719462668dd75bd52.csv,178405,84153190ff0465cc161e347d7baacdb5b7280bbfd2d3eea4fafada9f12daec2e,numeric,5352.0,BIS/BIS,https://api.vitaldb.net/72e935297a22a11bb70363e719462668dd75bd52
73050285b5e70ced839418f436d6fb4530cd2724.csv,171147,aaf58f61f58ac2029c8dad7be82857d6ee92dee832134f198bfe6dddde0ffce0,numeric,1131.0,BIS/BIS,https://api.vitaldb.net/73050285b5e70ced839418f436d6fb4530cd2724
735906c8f9c86162b13646705e3ca04038d2e513.csv,662545,2da05247082e8e82bc39ac8bb0b19d39bd64d31deba8969958d9e1e880f554f1,numeric,3431.0,Orchestra/RFTN20_CE,https://api.vitaldb.net/735906c8f9c86162b13646705e3ca04038d2e513
73607d74fd3ee6526f0b7f4698abba3e6878f6f0.csv,138839,48ca2f635024f1045d00f97be128e554438f1aa35a83e0e8bdfa4938b61c78ba,numeric,1810.0,BIS/BIS,https://api.vitaldb.net/73607d74fd3ee6526f0b7f4698abba3e6878f6f0
7363bc1f13fcae81256de9b3deea7182d1dc317c.csv,460728,f034cdf38aacc91c4b47250272e5221dc407d4891c93e1bf408c5e7875acf3c2,numeric,1784.0,Orchestra/PPF20_CE,https://api.vitaldb.net/7363bc1f13fcae81256de9b3deea7182d1dc317c
736906e71c9eb76a3c8ea7478326cbca7848b830.csv,618478,fdb6abaf011f604bcfee374e6a22f88cd51457923c34a7934853a7b2ac498dc3,numeric,5798.0,Orchestra/PPF20_RATE,https://api.vitaldb.net/736906e71c9eb76a3c8ea7478326cbca7848b830
736d4faeb2c9774d21eca57bb768d13c1b468ace.csv,75933,332d43e07725dc00481dcb1686b4de5d5875fc930dd9b3ed8f820eed6091019d,numeric,2802.0,Solar8000/HR,https://api.vitaldb.net/736d4faeb2c9774d21eca57bb768d13c1b468ace
739f3d71c98c2191df1ae7914708f2c49db37ded.csv,186866,66169e1b562d154854b0183d8f76806aebdf7e7c42567bb4e7bf53f81d2feeab,numeric,5202.0,BIS/BIS,https://api.vitaldb.net/739f3d71c98c2191df1ae7914708f2c49db37ded
73e9312f1f18e008e163e33209023698064097cd.csv,370886,1b6a2866d58a6a2a24c6ae158ec9a3d4ef550668160ea591cf70c419fe34075d,numeric,1606.0,Orchestra/RFTN20_CE,https://api.vitaldb.net/73e9312f1f18e008e163e33209023698064097cd
7407904f21663eaf2cefbd2e2bc3da7c8e774eff.csv,138775,d1094b0a2ae0788e33b95b155bfa6a6fa184d96b333e6e3027ef928057d101d6,numeric,4057.0,Orchestra/PPF20_CE,https://api.vitaldb.net/7407904f21663eaf2cefbd2e2bc3da7c8e774eff
740a14f9919b6accde7caf269bb9067c12dd5b16.csv,508586,dc5ec7a34e1e39f6e25407972d569ee8b76df47700112590f18bd3d54ce01593,numeric,3498.0,Orchestra/PPF20_RATE,https://api.vitaldb.net/740a14f9919b6accde7caf269bb9067c12dd5b16
741644f19596d8ae73fe12dd349bf6c25419070d.csv,417487,9d6e92be862073a08768165255b3d04447215ce1407c373db130bdb324649994,numeric,1925.0,Orchestra/RFTN20_CE,https://api.vitaldb.net/741644f19596d8ae73fe12dd349bf6c25419070d
741b19ddd66c279ccdcd4ff3eaea5c08017ed990.csv,64275,4e11c71799ba985800db64d8356d35562e2a5f43a89d31e74b26abaa583e6e31,numeric,998.0,Solar8000/HR,https://api.vitaldb.net/741b19ddd66c279ccdcd4ff3eaea5c08017ed990
74549588443c18009c733e434029849721859fce.csv,528713,98b5aa76beec2c35fef272cfe8b3e61da98c482109bcf0c3337b92b80108e988,numeric,3507.0,Orchestra/RFTN20_CE,https://api.vitaldb.net/74549588443c18009c733e434029849721859fce
7469e858d74b0319e39492f01d627f3d84fba58b.csv,687306,a539b4d37e56068683f1d081ae526cf5605163fdf04e8f759510254ca5853483,numeric,2632.0,Orchestra/RFTN20_CE,https://api.vitaldb.net/7469e858d74b0319e39492f01d627f3d84fba58b
746c616b7786b43c877912d03f6040733e23f214.csv,224119,026ecdc514aea25e1644b6db0d7b6dd86f64e3c85fdf24b9c11eea9cebf86d37,numeric,1936.0,Solar8000/HR,https://api.vitaldb.net/746c616b7786b43c877912d03f6040733e23f214
747750fe261ee253fc7102fa418368a51a30a426.csv,302636,43c736494c475a40c4d92bb856f3ea03e73a3c5fab127d5149525edbc683aefe,numeric,3170.0,Orchestra/RFTN20_CE,https://api.vitaldb.net/747750fe261ee253fc7102fa418368a51a30a426
7478fae4593f99079670b02cda83f69d04716ceb.csv,331061,f67a60ca49fc4b11d40c6652d527e5f1cb008bea1759ba7ca63972b8f5bc9a94,numeric,6330.0,Orchestra/RFTN20_RATE,https://api.vitaldb.net/7478fae4593f99079670b02cda83f69d04716ceb
74a1e3083cc09e021ce5372e597ca173858f8097.csv,269843,57b34b9e4cb0d3c28aad9451b9f3060974699ecfadd7d194c2f34f77860eeeff,numeric,6241.0,BIS/BIS,https://api.vitaldb.net/74a1e3083cc09e021ce5372e597ca173858f8097
74dbfbb1a29c776c48e536d17c8afb64fdc5cf96.csv,451583,f1df4b5e6fb8e426e5e626ebebd0ea08fb20cb18ba2e5d79f904605e445456f8,numeric,2750.0,Orchestra/RFTN20_RATE,https://api.vitaldb.net/74dbfbb1a29c776c48e536d17c8afb64fdc5cf96
74dd58002e631da3aa4e551f57c2748a93ba10a5.csv,223353,bc5ca2a69628d3f8e28805a76f25183d13878a867334e2947131b6b50778cfdf,numeric,3621.0,BIS/BIS,https://api.vitaldb.net/74dd58002e631da3aa4e551f57c2748a93ba10a5
74e0ab69ccdf12abfbbb2f5ac4e534111155d699.csv,551889,70c9550782263619aaf495856ce712fbebc9029fa1c52f9bb36d4578d60aac08,numeric,4803.0,Orchestra/RFTN20_CE,https://api.vitaldb.net/74e0ab69ccdf12abfbbb2f5ac4e534111155d699
74e42ab406ce9ca5d7ab66b970a7fcabeb778679.csv,95366,0791227c357c52314dcbc454cc305ff4c8aa0b108624ee9dfb119292ad10a10a,numeric,2650.0,BIS/BIS,https://api.vitaldb.net/74e42ab406ce9ca5d7ab66b970a7fcabeb778679
74e59531e9f9335817a043d25855b2512fc077fa.csv,566149,ba76ef664279cf08e56aeade0f4e016ecbbf417fad8d2eaefa10f24fb7f48493,numeric,4547.0,Orchestra/RFTN20_RATE,https://api.vitaldb.net/74e59531e9f9335817a043d25855b2512fc077fa
74fdd8cc9dcfc5cc3f6145bdd65bbddd09fce19b.csv,39102,46177d6281d26688d72d8fd225e6c712e27101c6aade7a9b2600b8fc9ca6d5e1,numeric,4858.0,BIS/BIS,https://api.vitaldb.net/74fdd8cc9dcfc5cc3f6145bdd65bbddd09fce19b
753b96055ce7ee555a8dca5673bd7ecb3708d2e2.csv,309642,cdddf36d2506862c6af31efff93829ff599ea20f7f2c40556da3721800ebdea7,numeric,4330.0,Orchestra/RFTN20_CE,https://api.vitaldb.net/753b96055ce7ee555a8dca5673bd7ecb3708d2e2
75410b86c327da40a94f18a32f69f48b12cd99e1.csv,983512,21ff39625437e40dcf929ad2a1597989f443bfee50d5dc5f70959a77c0e9cba5,numeric,2273.0,Orchestra/RFTN20_RATE,https://api.vitaldb.net/75410b86c327da40a94f18a32f69f48b12cd99e1
754b25fce8063eaa11fa6baa80f77337bfdb2b83.csv,53404,1a74c1637d56c3807c75fff6024e510d4ff1adfc8e141d315d07baf6ad139790,numeric,1925.0,Solar8000/ART_MBP,https://api.vitaldb.net/754b25fce8063eaa11fa6baa80f77337bfdb2b83
75774ede2405bc265cc447099af295e01ef6019c.csv,182570,ab3609a280afc34c4abe81b1437a562b4d55fec73c980a5822c443c272a3b929,numeric,5490.0,BIS/BIS,https://api.vitaldb.net/75774ede2405bc265cc447099af295e01ef6019c
75a9635faa0750ff07737f0f66c97416793310f5.csv,648832,c3c113524d2f964ef027904f37edf4860d190748441a648bb234ac8cdde8854b,numeric,6346.0,Orchestra/RFTN20_CE,https://api.vitaldb.net/75a9635faa0750ff07737f0f66c97416793310f5
75e9f25c6e9e758675244acf725ea973e9ac990d.csv,200994,8261cbdd02d2997d551426274a3de759e8a9bc6c257d47457205f5c84dcd3d3f,numeric,4920.0,Orchestra/RFTN20_CE,https://api.vitaldb.net/75e9f25c6e9e758675244acf725ea973e9ac990d
75f5419618fcf2ebf2429b169f61b6424b3a47fe.csv,823736,f6b2c2bea19be66801f83c9dc3593f6cda73156efab974b1a45fdf420dee224e,numeric,1149.0,Orchestra/RFTN20_RATE,https://api.vitaldb.net/75f5419618fcf2ebf2429b169f61b6424b3a47fe
760e143d1db710042df35cf4255942c6ecdeede7.csv,567814,966ce15b4a668b86efad8683a54e7299dd2a881b44764b231ba8b399c57d6c60,numeric,624.0,Orchestra/RFTN20_CE,https://api.vitaldb.net/760e143d1db710042df35cf4255942c6ecdeede7
761986d5845afc6aaf010a49ee08385b15ffc36a.csv,60249,4d1402a6e0555dd1b373cb9b4f5589489cb8cbc0185a697d2abc156ee1b8bd5e,numeric,2717.0,Solar8000/ART_MBP,https://api.vitaldb.net/761986d5845afc6aaf010a49ee08385b15ffc36a
76435d4de8bfa6d85ef5461a39165c96d5070828.csv,623655,3b6d52eac550ad5b9abb6b3f6b4937b1a30cca707278c10801547bf6b7965498,numeric,5301.0,Orchestra/RFTN20_RATE,https://api.vitaldb.net/76435d4de8bfa6d85ef5461a39165c96d5070828
766cb2d198b61a27c9a5c3e3c455cfca70d1fdfb.csv,40971,0ab739a58119a24db607155d7d5525529cb9084b07c66a98344ea1b95d3f7761,numeric,1579.0,Solar8000/HR,https://api.vitaldb.net/766cb2d198b61a27c9a5c3e3c455cfca70d1fdfb
766e110fae7491167efe6ee254bfe95b35254747.csv,62254,d99e0bf7c140f37f3e8ae645013bc20b8e5f876f8539f7e5ba1f36a552d4287e,numeric,2426.0,Solar8000/HR,https://api.vitaldb.net/766e110fae7491167efe6ee254bfe95b35254747
767ac876b32b65bcb40fb92a1b472bf130cc0d1a.csv,564170,a2ea20f423eeb1c2d0a851a8669a7d12122fe3739431a691ed79407ef82ba7d7,numeric,1027.0,Orchestra/PPF20_CE,https://api.vitaldb.net/767ac876b32b65bcb40fb92a1b472bf130cc0d1a
768624976bba8b5514b8b19e1a2b59614757dfac.csv,183584,8660e4077e0cfe7c2e5bc4e43f5c11bdd48de89b6b9453cb09d4176a47f6f1df,numeric,1035.0,BIS/BIS,https://api.vitaldb.net/768624976bba8b5514b8b19e1a2b59614757dfac
768c98738008ab62bff24c98d8bf5b3b0928fcdf.csv,25223,6d42c0030eb9bab70f7f750fdf0faf35b572d1adb0ea6a56c6bc2dd35b57c1b1,numeric,5912.0,Solar8000/NIBP_MBP,https://api.vitaldb.net/768c98738008ab62bff24c98d8bf5b3b0928fcdf
7695ce07e0c8dcab68a17f0ee114fb64639bc62f.csv,210496,1cb08c45ed6bb03c67a1929565f49f45e6b83aad7ff9b6958a5013f3a4eceaac,numeric,6333.0,Orchestra/RFTN20_RATE,https://api.vitaldb.net/7695ce07e0c8dcab68a17f0ee114fb64639bc62f
76b1bf1354eb73c3d97e45011c43d49b35a00716.csv,456375,b84c874c071e3476ddf25dac2439147c3e3ddb5b57aa8165f27cd4d867226c02,numeric,481.0,Orchestra/RFTN20_CE,https://api.vitaldb.net/76b1bf1354eb73c3d97e45011c43d49b35a00716
76c1f757c69bf5ebcf841e062c711678e3c38669.csv,71875,051489ca59f587c185c8a1b6b8f810b9f038a4745ea417dd79c2c96dfa2272f2,numeric,5142.0,Solar8000/ART_MBP,https://api.vitaldb.net/76c1f757c69bf5ebcf841e062c711678e3c38669
76d82f54410c3df2115e9c29b3d736c25f9cb2ac.csv,618086,2de01ab479616ff98bca895f004e15c8abe3bbd267c1f5b5474e09f0740b98fa,numeric,809.0,Orchestra/PPF20_RATE,https://api.vitaldb.net/76d82f54410c3df2115e9c29b3d736c25f9cb2ac
76d98dd33a2e68b93585fb72940847f7e1778bce.csv,1515732,44f3ef70530aa321523e8b5e6b86255d4bebd73378d274f950d0764cce9a200e,numeric,6009.0,Orchestra/RFTN20_CE,https://api.vitaldb.net/76d98dd33a2e68b93585fb72940847f7e1778bce
76e90c7419224e953308b1139ac716c853da2747.csv,675563,ceae917185047e24740181cf03d47c84b11e501e0f8fc6d01cef17ce3c833cee,numeric,3663.0,Orchestra/RFTN20_RATE,https://api.vitaldb.net/76e90c7419224e953308b1139ac716c853da2747
76eb4420c9b1b04d7da5f0ac9a7ec13e9a25eae2.csv,724993,5f6860340465235589ec071a52215fcad7f651109c7b42728f4842a8b7475030,numeric,1025.0,Orchestra/PPF20_CE,https://api.vitaldb.net/76eb4420c9b1b04d7da5f0ac9a7ec13e9a25eae2
770343222c8ad1254acb3620d1753cb18efe69af.csv,40686,e63b7db098556f1b75d88bc28b907018234dda2f77aca6dff74f87b5cb919c04,numeric,4113.0,Solar8000/NIBP_MBP,https://api.vitaldb.net/770343222c8ad1254acb3620d1753cb18efe69af
770aaa68e9aaffb51958730b64f80d339fc8c33b.csv,405997,a60c4cad97f0034a3f911b1fe7218308248ffc3a25b149496bd7025d61ad679e,numeric,2426.0,Orchestra/RFTN20_RATE,https://api.vitaldb.net/770aaa68e9aaffb51958730b64f80d339fc8c33b
771a7dd4507656f2b32e8cfffbfb26ce7ba8eaaa.csv,737870,f81768ffa9488c41b80093a7f9a300d0cbae3fdbcfc051b472480511646e11f2,numeric,1025.0,Orchestra/PPF20_RATE,https://api.vitaldb.net/771a7dd4507656f2b32e8cfffbfb26ce7ba8eaaa
772531d33c61bb80885347335ec72b081e1d6126.csv,273237,943b89963444eac945104c8e1a4d06598aeeb086aa3eb6f7a5ec61e27358aaa1,numeric,5017.0,Orchestra/RFTN20_CE,https://api.vitaldb.net/772531d33c61bb80885347335ec72b081e1d6126
77290157d939dc7c65485a9b438ffce85a18ff4a.csv,216152,c269fad92430b5593b9009792f039645adf78a937a1083395cf40eccce4123a7,numeric,1115.0,BIS/BIS,https://api.vitaldb.net/77290157d939dc7c65485a9b438ffce85a18ff4a
775846f4933bf66c8da803531909cbec6bd01062.csv,68310,ff10bf7dd75a2cb220acd9af6fa95012454fdcbd55f15a2d0961bd260ce8c10d,numeric,3439.0,Solar8000/NIBP_MBP,https://api.vitaldb.net/775846f4933bf66c8da803531909cbec6bd01062
77641ebcf37518f4c83e815ef1bc849eecd21c10.csv,458735,7c13529fca7fa910e61e74651f9d69cf97bc55dc1a852f78526f0dad8044a75d,numeric,5032.0,Orchestra/PPF20_CE,https://api.vitaldb.net/77641ebcf37518f4c83e815ef1bc849eecd21c10
7765b2a0bb71dc177127584f2fa98f1cbb7f08f4.csv,509081,8dc11525df66fc23d4024043fce771edd48984766f4c3816368d6137978eac08,numeric,5675.0,Orchestra/PPF20_CE,https://api.vitaldb.net/7765b2a0bb71dc177127584f2fa98f1cbb7f08f4
776909eb6f0efb22ed324925f3558cf24a0f758a.csv,681451,65a690b1f538532d6faa2a310824c0823710647f6b55149e12a4a8cf35481691,numeric,5490.0,Orchestra/PPF20_CE,https://api.vitaldb.net/776909eb6f0efb22ed324925f3558cf24a0f758a
778210ac4683b07fe4253a2afb51133fa318047c.csv,656814,da3c963b02809e1a094a24389302afe7b1272ad6aed0fcfd57fa9885fa55d268,numeric,4133.0,Orchestra/PPF20_RATE,https://api.vitaldb.net/778210ac4683b07fe4253a2afb51133fa318047c
779a463ceb6f50712df657265d293668eed0623b.csv,380569,f39f963635da9fe01472b7b21c25b369fa8e881d5725098a452106d6f4871067,numeric,3029.0,Orchestra/PPF20_RATE,https://api.vitaldb.net/779a463ceb6f50712df657265d293668eed0623b
779c906113f92daab744edb401b00855456f4ea4.csv,67894,b5895475165698c4d1d317ba14a20f0bbb2472ebe15996b488d1a79dba23b0d4,numeric,3875.0,Solar8000/HR,https://api.vitaldb.net/779c906113f92daab744edb401b00855456f4ea4
77b6ebc72768ef3e01e3a7585284cd183b554cbe.csv,359514,8b465205b07b2c9d5ddffca50c7568766d7d977ee205a0174a9a9b1b13d76e7c,numeric,6097.0,Orchestra/PPF20_CE,https://api.vitaldb.net/77b6ebc72768ef3e01e3a7585284cd183b554cbe
77bc6dfcdef35bbc283119867f3bb0f06db95d51.csv,218470,3d553ff0ef681f4f7667071781a83e867e31185e341cde2c09c15995d9ccc793,numeric,218.0,BIS/BIS,https://api.vitaldb.net/77bc6dfcdef35bbc283119867f3bb0f06db95d51
77ecb5442af7e6446fdce5ceefc8591b39fe2e33.csv,857045,ee0b79191f43774b93838b2f8d032bc59e14655051cc4ce797049737ad370808,numeric,822.0,Orchestra/PPF20_CE,https://api.vitaldb.net/77ecb5442af7e6446fdce5ceefc8591b39fe2e33
7804dd6c04685b2a50b22d7352283121d6a619f5.csv,73149,b9f0bddb463ce03b39e6c4ae606f8c96caf68e09c579b74f2b33410180b27702,numeric,1131.0,Solar8000/ART_MBP,https://api.vitaldb.net/7804dd6c04685b2a50b22d7352283121d6a619f5
7820afaa23cf1bfc658e1881f8e2ebed4cc22c88.csv,53459,175a8be3ae441e75ff1d762e80f0de936910e317b2861badcca6fb1cce27802c,numeric,2955.0,Solar8000/ART_MBP,https://api.vitaldb.net/7820afaa23cf1bfc658e1881f8e2ebed4cc22c88
783ed169aec8135193d7265272f64789dd85791f.csv,138034,332014931d4030bcdca2b09b2c6b92c6aa6a5c60fce031d938b677cffc6a07e6,numeric,1500.0,BIS/BIS,https://api.vitaldb.net/783ed169aec8135193d7265272f64789dd85791f
784450d7dd62de6e0bd7a770e101c87d3ed2873b.csv,124422,74f3d18d435dd1c63e43883bad738f22d536367cd25f399ca14ef2b7c0f67bf0,numeric,4020.0,BIS/BIS,https://api.vitaldb.net/784450d7dd62de6e0bd7a770e101c87d3ed2873b
785b6d5d5adfe1df026e5e8929a7f83b3c2db51f.csv,261782,95fa86821e14555a54d8d1e5e335b4f93c909ea31671366e050ccb2698665038,numeric,789.0,Orchestra/RFTN20_CE,https://api.vitaldb.net/785b6d5d5adfe1df026e5e8929a7f83b3c2db51f
78677d29210c9a59e25899884801d2573b9c4d3d.csv,484586,3ff984c0d99c029b6898f9506e7b3d514dab5850bfc8753a45d18ff16ceed68f,numeric,6174.0,Orchestra/RFTN20_RATE,https://api.vitaldb.net/78677d29210c9a59e25899884801d2573b9c4d3d
78700dc1ea4b519b3624a040881bd54b8f23f872.csv,944838,39915035e66a2d2f65e1a414c37cc88d04922bca44faff131b8d6dffff34b513,numeric,3220.0,Orchestra/PPF20_CE,https://api.vitaldb.net/78700dc1ea4b519b3624a040881bd54b8f23f872
7875c9eead7a7f45fffcf885d7b550f37b3c99fe.csv,816976,cf5a0c9b2b82e5f105486a844840ac8673cf39ceb9a72efa0e28688567ba8d10,numeric,218.0,Orchestra/PPF20_CE,https://api.vitaldb.net/7875c9eead7a7f45fffcf885d7b550f37b3c99fe
78911cb72f8480ef04be7d144cad35a5357ba079.csv,387753,e80af9c8e8b7e8670f752cacaf0f8b27b3f4d8e6bb810a752896d69602992534,numeric,3029.0,Orchestra/RFTN20_RATE,https://api.vitaldb.net/78911cb72f8480ef04be7d144cad35a5357ba079
789ccb37119448114c30925d8c66ce914c8ef344.csv,366762,f432f392e6f98851a60c852e338f26c89ebe90f63fadc6789b995b1a6bfeb09c,numeric,1184.0,Orchestra/PPF20_RATE,https://api.vitaldb.net/789ccb37119448114c30925d8c66ce914c8ef344
78a4ac12ea45afa37df21b93b4f7643eba05906b.csv,1485287,8fa5107039eee9bd4ac056f386e88bda857b7062defd4656a6217bbc69cfc44b,numeric,4481.0,Orchestra/PPF20_RATE,https://api.vitaldb.net/78a4ac12ea45afa37df21b93b4f7643eba05906b
78b765e4d902c3ec233fa1c917a25ee383d941e8.csv,613974,f7e6143080df5b7ca261d58b3c12c83a0ee8ee7df99d49b1e869def94d80f3d3,numeric,1802.0,Orchestra/PPF20_RATE,https://api.vitaldb.net/78b765e4d902c3ec233fa1c917a25ee383d941e8
78b79cef66640110294a8214cf7f6dc1f615f52a.csv,380585,668bda1de0c36d61d0a85c878ee77e282a59296c2441f7f5ea9ea275dc9c6162,numeric,6241.0,Orchestra/RFTN20_CE,https://api.vitaldb.net/78b79cef66640110294a8214cf7f6dc1f615f52a
78bccf0f05bd9e43e5e1d2f40036bd2d174f776a.csv,203896,327e60d8c7bc90502e68aebb310f006877b66007db3a0daa6311ac96d4982358,numeric,1027.0,BIS/BIS,https://api.vitaldb.net/78bccf0f05bd9e43e5e1d2f40036bd2d174f776a
78cd2203b56f43d131b07a76d32640c64442f3cd.csv,72077,e0b3cf836745ec7f2334cefcb5ade28886f724b8da1ef85894375f509cc1825c,numeric,3873.0,Solar8000/NIBP_MBP,https://api.vitaldb.net/78cd2203b56f43d131b07a76d32640c64442f3cd
78da3ff96b0199783ed099a8a343d10c76357809.csv,421769,7ed0d17ac36ad52fa616b11052537fe129587e234e0fea8ed17664da30aa3fde,numeric,5407.0,Orchestra/PPF20_CE,https://api.vitaldb.net/78da3ff96b0199783ed099a8a343d10c76357809
78f06dc34f926233348020ef07334099aa971ff4.csv,48510,fcc88eb48d079873dd56f5d44f8d8a1a4d49087cc0396df441feabacd6f06345,numeric,4330.0,Solar8000/NIBP_MBP,https://api.vitaldb.net/78f06dc34f926233348020ef07334099aa971ff4
78f61c8cbea93067878a0fb7d6e4ec00b9abd901.csv,618900,63f168fbb624b2f239c0e04a42fc00974810e84fcd87f8b809a536d11aa57a12,numeric,708.0,Orchestra/PPF20_CE,https://api.vitaldb.net/78f61c8cbea93067878a0fb7d6e4ec00b9abd901
790e149c66d376ca9d300ae378cf3e23c1f5514a.csv,128686,afec38c77d43925d98e8a9d94b3d366af862a021de62db62309a03e71711e5da,numeric,5809.0,Solar8000/HR,https://api.vitaldb.net/790e149c66d376ca9d300ae378cf3e23c1f5514a
79118c218378ae32cda52fcbd538cf6c40d3d654.csv,124220,42575bdd6a47503733f8b6565f5f28ac3b48bbbe09d9990e56697955d476a3bf,numeric,4695.0,Orchestra/RFTN20_CE,https://api.vitaldb.net/79118c218378ae32cda52fcbd538cf6c40d3d654
79275dbb4fe184e97c5f7a8926274128358b76ee.csv,955664,bfc9f30f0da2082bb629ca6a4b9daa822c8961a1e8e20645e7d607d0f6ba4963,numeric,6074.0,Orchestra/RFTN20_RATE,https://api.vitaldb.net/79275dbb4fe184e97c5f7a8926274128358b76ee
79376861c5df7a4092043717c7cabda2e08480b1.csv,94871,2e80d4f7240e5099c2e122e0fae7d79fbd19f61f825ec2163ab18173ad683821,numeric,566.0,Solar8000/ART_MBP,https://api.vitaldb.net/79376861c5df7a4092043717c7cabda2e08480b1
793a03833a7be852a95c6ea34b1a5f4e608cc5b9.csv,550575,73b04ba610a450d863eadd412a0a62ba01f91a43c84378d40d15b79f6d9d7580,numeric,5301.0,Orchestra/PPF20_CE,https://api.vitaldb.net/793a03833a7be852a95c6ea34b1a5f4e608cc5b9
7951eabb714647e261bd3a568a01325ceaef182d.csv,80302,a32b35a93bb876cbb3577d0dd8f492bcecdce199a8fbff371295ef358e7eeffe,numeric,2231.0,Solar8000/ART_MBP,https://api.vitaldb.net/7951eabb714647e261bd3a568a01325ceaef182d
795625e25606482a1e42f0e6fe9128cd0e54f92d.csv,260310,09d42b10d2cfbbe562f28599fb124cc8a803a04fb80f2c78927124b39ded0b7e,numeric,1709.0,Orchestra/RFTN20_CE,https://api.vitaldb.net/795625e25606482a1e42f0e6fe9128cd0e54f92d
7959dc609295a1df35392c63082fec637b7ffb13.csv,134947,adae3378494d915985129af2bdc51af492bd32321327e5461edc482adcea10bf,numeric,6088.0,BIS/BIS,https://api.vitaldb.net/7959dc609295a1df35392c63082fec637b7ffb13
7969f43f6de70a4c04fe5b292b8cbc0c1df601ac.csv,479699,5916b1a03c16a4c36a361c6d03a0a60e348762f9d557cabd4d0a6aa569c6d89a,numeric,4011.0,Orchestra/PPF20_RATE,https://api.vitaldb.net/7969f43f6de70a4c04fe5b292b8cbc0c1df601ac
79769ed281851f542b281d3a7f73eb7d5a996834.csv,859185,ad1dd9b4f83aca0690f3e1c4968da1b0035690bb268076cabc6ad3b8a443b9ee,numeric,671.0,Orchestra/RFTN20_CE,https://api.vitaldb.net/79769ed281851f542b281d3a7f73eb7d5a996834
797a8a42b708cd53691241a2aef4caaf2063d7e3.csv,81408,44fb2bafefec4300af54bdae168c408c50135c216f2ebd8487262a4d84c1cac7,numeric,1920.0,Solar8000/HR,https://api.vitaldb.net/797a8a42b708cd53691241a2aef4caaf2063d7e3
7981b06db4f7cadf6239ac07b6d3b5de6e74f962.csv,457060,3b6f7d91268a57704d6bdca0f685a1e85f7c73921080f1bc356169274f1ceefe,numeric,645.0,Orchestra/RFTN20_RATE,https://api.vitaldb.net/7981b06db4f7cadf6239ac07b6d3b5de6e74f962
7982f292ff8ea79468797aea0e3464646cacf595.csv,50384,be69b34a6731761aec4d65129137993ff66b96751e2cd23e7267d67c950f6e27,numeric,3935.0,Solar8000/ART_MBP,https://api.vitaldb.net/7982f292ff8ea79468797aea0e3464646cacf595
798469d305719c18b6ae0e669ea0ce165c6b7af8.csv,312298,0172e0957332b271a2a51d5f2fceaa72414fb987f09f8588d030d5ecdd8c81c9,numeric,6090.0,Orchestra/PPF20_RATE,https://api.vitaldb.net/798469d305719c18b6ae0e669ea0ce165c6b7af8
79b11e9ae9a16a05818dfd5e8eb7c28cc349b5b7.csv,302473,140c39ba66a293168204f42ff2ccb5f5ebc5bfa2a6b7b1acf794990d235f5ed9,numeric,1904.0,Orchestra/RFTN20_CE,https://api.vitaldb.net/79b11e9ae9a16a05818dfd5e8eb7c28cc349b5b7
79b56fe05c504f128598a380ebd3761f466c23d5.csv,523711,e6c9c01777ebeef89bde0902a5c82ba9beb8bcacd0e5f9e18db31d59fd16413d,numeric,5434.0,Orchestra/PPF20_CE,https://api.vitaldb.net/79b56fe05c504f128598a380ebd3761f466c23d5
79d3b583174d7bb9962ef7f955442668e23aa1cb.csv,509545,1e366161423db3ce41b3eadc1a34ab86ad847ca017535521901e222744768594,numeric,1687.0,Orchestra/PPF20_RATE,https://api.vitaldb.net/79d3b583174d7bb9962ef7f955442668e23aa1cb
7a10651938ed1c1d0c115771c5870c5f44f4aa3e.csv,224043,c4f659de3149564afb34265f8ee03b51c50d73997431ad9283a69c3f9de323b6,numeric,1964.0,Orchestra/PPF20_RATE,https://api.vitaldb.net/7a10651938ed1c1d0c115771c5870c5f44f4aa3e
7a19e081b7d2d4628c2df21de6fa20d825a27a08.csv,287408,f47923c967007f2627c2ab4489dfe4f66f31319d0acb9656e07e5e656f8a271f,numeric,5137.0,BIS/BIS,https://api.vitaldb.net/7a19e081b7d2d4628c2df21de6fa20d825a27a08
7a378d5580c7b8f0c729ebed23cfae0b1098e39d.csv,123766,a267b851bb421193cc58cd51618a2e19e7e736529b682cf2ad22dfb9184db12c,numeric,301.0,BIS/BIS,https://api.vitaldb.net/7a378d5580c7b8f0c729ebed23cfae0b1098e39d
7a3953a7365f3a77198bbf195eb350146a5562fe.csv,67801,027f25008a712ec3bdcdeb5e472a4261757e630249e084e189e9bff50e81df3d,numeric,1089.0,Solar8000/ART_MBP,https://api.vitaldb.net/7a3953a7365f3a77198bbf195eb350146a5562fe
7a4935ea8206699e4d91989b7b333aac7e641124.csv,271829,81fcd6aaac0d03aba5b97930069a21ca68928c7fc932fd185a54be6d9567e826,numeric,3298.0,Orchestra/RFTN20_RATE,https://api.vitaldb.net/7a4935ea8206699e4d91989b7b333aac7e641124
7a52fd8ac03b1e2dd798f2f98cc3b87448f2a60f.csv,623904,c236c55ea65551d4868c9091eee9bb38bc11304fcee4177a790efcf17e7ddda8,numeric,5301.0,Orchestra/RFTN20_CE,https://api.vitaldb.net/7a52fd8ac03b1e2dd798f2f98cc3b87448f2a60f
7a5586a6e5e05c6467d22319a032b5be86360540.csv,1024527,cbe5306e8ad2c5e3c85769a74d0e2d4097e396e8e2bbc765e4b55fe8101e4eda,numeric,4258.0,Orchestra/PPF20_CE,https://api.vitaldb.net/7a5586a6e5e05c6467d22319a032b5be86360540
7a63a9815b9d0e7a4fa6170c5111d2eee1a246c7.csv,37468,3d9ce49013e28cb01e957243d53be5c4b454c04ae2cedf7ddf7cbdbec7d45498,numeric,5345.0,Solar8000/NIBP_MBP,https://api.vitaldb.net/7a63a9815b9d0e7a4fa6170c5111d2eee1a246c7
7a8141975535a4743fa345bec306383c2984eb9a.csv,695068,dd58ab514bdce3903e3031b9873357b68c1849630f5e6af8ace7a2af328065b3,numeric,1875.0,Orchestra/RFTN20_RATE,https://api.vitaldb.net/7a8141975535a4743fa345bec306383c2984eb9a
7a8c9b5970208ad9ca1477a545407cccccbce1db.csv,354416,1708b4392af9f19ef2633502079c6545c71f09056f4a63e0c893a06ad86fb538,numeric,4701.0,Orchestra/RFTN20_CE,https://api.vitaldb.net/7a8c9b5970208ad9ca1477a545407cccccbce1db
7aa472f8fc866119ca3434572bf65677fd299e3b.csv,451546,29fb857ff12eb799440675b69d557ee9c3f3dff5f4b648cfb46c2e3747487df3,numeric,3221.0,Orchestra/PPF20_CE,https://api.vitaldb.net/7aa472f8fc866119ca3434572bf65677fd299e3b
7ac2fae8b49c25416d791ef4d21ad48646e7542a.csv,447393,f593778f74c446794980a23e6c877e769bfe1036b8c8c2624b9d6e0c0229137e,numeric,1927.0,Orchestra/RFTN20_RATE,https://api.vitaldb.net/7ac2fae8b49c25416d791ef4d21ad48646e7542a
7ac8058bc1cd8e55f6330bdf9634c5fd0e232589.csv,79800,f1eaed62b5e7ae19dfdc3181027e35d4dd51d715745866d3d481761e22776551,numeric,1875.0,Solar8000/ART_MBP,https://api.vitaldb.net/7ac8058bc1cd8e55f6330bdf9634c5fd0e232589
7acf6d1b01677a7d56e2aeb6935b1d03d508a93c.csv,668532,89704bf44023a9f80dc9819cec1162d2da767bc6c51558f3f8e853814fb4dd46,numeric,3988.0,Orchestra/PPF20_RATE,https://api.vitaldb.net/7acf6d1b01677a7d56e2aeb6935b1d03d508a93c
7ad16dd43aa3e024c40483e247fba30e49dae53c.csv,492485,bb805537e88f86d9b2eb26b843e1fd95bf256f662e426124c0a7b8f64f09a4df,numeric,692.0,Orchestra/PPF20_CE,https://api.vitaldb.net/7ad16dd43aa3e024c40483e247fba30e49dae53c
7adc30cec5fd99d6b35aa895c878de6fd6607646.csv,893567,f0169e5f23efcdbc366e4b63142337b3dd61ca07f1cdf0488107a1ef2f00d48d,numeric,4999.0,Orchestra/RFTN20_RATE,https://api.vitaldb.net/7adc30cec5fd99d6b35aa895c878de6fd6607646
7ae49409a099f219c13cca1abee1de2ab4cd96f0.csv,653999,1929a43ce9b46ba82d48591d5ceef9ae24ea3470834adbce24176ecac32dd275,numeric,2837.0,Orchestra/PPF20_RATE,https://api.vitaldb.net/7ae49409a099f219c13cca1abee1de2ab4cd96f0
7af182f6e491f9359bd4fc3020fb41ce4dd52618.csv,194221,82274f3468fa11ca6d7f729c4c3bf90ddb21461d4cbaccfac742a85fd91ccc55,numeric,795.0,BIS/BIS,https://api.vitaldb.net/7af182f6e491f9359bd4fc3020fb41ce4dd52618
7b06ccae47560e0864d1f299baa951d586ed5af0.csv,78628,839f7c6415d4b8111b1fbb33dbdfab7b35c2b4ff4f7d57d6f36495b1db2b695a,numeric,3988.0,Solar8000/ART_MBP,https://api.vitaldb.net/7b06ccae47560e0864d1f299baa951d586ed5af0
7b13a4dfb7482ed3f17f0639a3e6c32a04e949df.csv,886340,7ba6ba9c9618d9a69d4b1ba566f1172f46c5e02bf7fea7e18125c0a42b22d623,numeric,3737.0,Orchestra/PPF20_CE,https://api.vitaldb.net/7b13a4dfb7482ed3f17f0639a3e6c32a04e949df
7b2d273b358e29b85c067e6b9532a4142f84b36c.csv,1145859,9aefbc48d332cf832a6e679073c2d0242cd3e7b294541bc9ca958cf4aa8e9625,numeric,3093.0,Orchestra/RFTN20_RATE,https://api.vitaldb.net/7b2d273b358e29b85c067e6b9532a4142f84b36c
7b375876c7dc76e5e1a087a1bdafd446e29cecfc.csv,473946,4a3528cd991e5e9b4ec605c7ec5e7e5c7962e430d2393620f36165195228f2cf,numeric,6174.0,Orchestra/PPF20_RATE,https://api.vitaldb.net/7b375876c7dc76e5e1a087a1bdafd446e29cecfc
7b5fd034766f8f0efb70b62846e882b9a0458458.csv,51504,12f1d092ab05964cfb9ec349e9cc2f6e66fe73f7b11dd3c0dec616f3e280db75,numeric,1184.0,Solar8000/HR,https://api.vitaldb.net/7b5fd034766f8f0efb70b62846e882b9a0458458
7b807634cde86450b2f388ed5a4f1bc6da662c55.csv,859202,6828512a329e37b411b40cc26130b29d7a1997fa5766dfdc65995d6808019f2a,numeric,1350.0,Orchestra/PPF20_RATE,https://api.vitaldb.net/7b807634cde86450b2f388ed5a4f1bc6da662c55
7b9515a49ebb477376f5a09944f78cadebfc2a1f.csv,102970,a2115d69ed372e538081dc9ceea2172f5a30d153f643fcefb859c4fd318412e4,numeric,83.0,Solar8000/ART_MBP,https://api.vitaldb.net/7b9515a49ebb477376f5a09944f78cadebfc2a1f
7b95fd86a28efd1d3c0469656db1ee19771c9249.csv,313702,d4ed3b15728481ea4f32c295ea50db70f7a89249cd44e43084b74a49ea9f9001,numeric,2997.0,Orchestra/PPF20_CE,https://api.vitaldb.net/7b95fd86a28efd1d3c0469656db1ee19771c9249
7b96f920039bbc152bbb4b9daa0161301281fb78.csv,527786,9a4c26e364e4690180f2fe676d0029997630b50067fc56cfdb2d0f24e4711557,numeric,4287.0,Orchestra/PPF20_CE,https://api.vitaldb.net/7b96f920039bbc152bbb4b9daa0161301281fb78
7b9cbd3ec2647f47f0486bb680e260df7f4188ef.csv,62275,9c15acb47e88133640c3f332ad9701812c98034022e5e6147902e8ee3b851ca8,numeric,3175.0,Solar8000/HR,https://api.vitaldb.net/7b9cbd3ec2647f47f0486bb680e260df7f4188ef
7bb412fc6ee3967b5ac0153a0f745b60d733901b.csv,92143,6cbcf444b122aeb970eab91e8901a69cdb857b4dd60b02985cf95ada4438fb67,numeric,6346.0,Solar8000/HR,https://api.vitaldb.net/7bb412fc6ee3967b5ac0153a0f745b60d733901b
7bddea3cfeecd0611e15df7233bc07ea8aefe7d2.csv,974416,a73f2f248e281bbbaf8cb631d10c78cb10b8f27e8810e4f4b836778afca950b3,numeric,1208.0,Orchestra/RFTN20_CE,https://api.vitaldb.net/7bddea3cfeecd0611e15df7233bc07ea8aefe7d2
7bfe2a335fb988699ad5189d479f36b9ae6063a4.csv,526904,1f7526ec14434a698ef645ed4330550018acb9a0f6ff6e47a865bd63fa336cea,numeric,5913.0,Orchestra/RFTN20_CE,https://api.vitaldb.net/7bfe2a335fb988699ad5189d479f36b9ae6063a4
7c1592f1396f83caa7201d3f0cfb7a9eace944e2.csv,451673,57409e548acab2b4ac3308e89f1f8b10515ae25d68b7d257e2fa70d86360d460,numeric,2642.0,Orchestra/RFTN20_RATE,https://api.vitaldb.net/7c1592f1396f83caa7201d3f0cfb7a9eace944e2
7c19d6fe4529e444016341061a902c182286166e.csv,289165,e60cac9ac9e582343745fb84dae28e48aa17085254b5f6d1e03f82b03868a52f,numeric,3037.0,BIS/BIS,https://api.vitaldb.net/7c19d6fe4529e444016341061a902c182286166e
7c2df1c108211acd1c5d8b056ecdc800ef7f4d7e.csv,39071,df53ffb26d895101f463729bb63bfa1e9fca88b3100caa965e6efa1dacf87a26,numeric,591.0,Solar8000/NIBP_MBP,https://api.vitaldb.net/7c2df1c108211acd1c5d8b056ecdc800ef7f4d7e
7c87c7f162d1c0edc9f3451966205d22bf5c1420.csv,876137,0a15fd1bf6a07f774f9c5108a9c76426e384f957d756cc216ba16e2b230eeca4,numeric,3150.0,Orchestra/PPF20_CE,https://api.vitaldb.net/7c87c7f162d1c0edc9f3451966205d22bf5c1420
7c8ae57726f3da0c6b1768e17adea40c7d203734.csv,63356,e0e860b1251c60f57bdd2d8cb4ac04bfc4d55316f5f9931896234349ae2a21d8,numeric,1082.0,Solar8000/HR,https://api.vitaldb.net/7c8ae57726f3da0c6b1768e17adea40c7d203734
7c8d9ce100bb66ee9c07643e978fa28f2b9f3b32.csv,583331,f1ea9ba2ef2b7b2b5ff4aa82d63918699d4fce08d1fc176b865ad5d97652969e,numeric,6190.0,Orchestra/PPF20_CE,https://api.vitaldb.net/7c8d9ce100bb66ee9c07643e978fa28f2b9f3b32
7ca1a3525bf35d40c6a9506aa8a9deceba088ab8.csv,55413,6ca759f785f0500433620165e21f5b64de59021fd8c1a7e57c2b714213573915,numeric,5167.0,Solar8000/HR,https://api.vitaldb.net/7ca1a3525bf35d40c6a9506aa8a9deceba088ab8
7cb8ec3d749897718e6cc64c04cfc9a76d6fca81.csv,771643,30dde81b42c688e7f3f15e7e4090d40fae4c7941f6964e38d5dff74f17fb4c49,numeric,1193.0,Orchestra/RFTN20_RATE,https://api.vitaldb.net/7cb8ec3d749897718e6cc64c04cfc9a76d6fca81
7cecdeb24a3006b47cf1accf6d1f8aa353afb792.csv,569974,8b3d960ad6f20a33a259c89d7e92a720d86d1222652a098a19c919fe69c4cf35,numeric,6305.0,Orchestra/PPF20_RATE,https://api.vitaldb.net/7cecdeb24a3006b47cf1accf6d1f8aa353afb792
7cf31575597fa853c3187168598a8c346fd03c6d.csv,64247,2af591d834408e9f99a22864f528d0ec21b6b94b974b6f064167e83f1cf9f4dd,numeric,3972.0,Solar8000/HR,https://api.vitaldb.net/7cf31575597fa853c3187168598a8c346fd03c6d
7d157efb6c5fcbcc00d8f4bda0bd3c136e40ad19.csv,281634,affb2c06c3fee31eff2cd2fc91a336d000550adf5a9090a46317ced1aeb8feca,numeric,5017.0,Orchestra/PPF20_CE,https://api.vitaldb.net/7d157efb6c5fcbcc00d8f4bda0bd3c136e40ad19
7d241c14d10e3ae4b3ee8a89adbf16ae68208d4b.csv,138014,6652bd40014208e8e9aeeff5972f59e31fe012c851e5ac1269ad7113e293c3bb,numeric,138.0,BIS/BIS,https://api.vitaldb.net/7d241c14d10e3ae4b3ee8a89adbf16ae68208d4b
7d34c249178f6b952e7255992226051f6b7f78f5.csv,894095,d3398a6b76680305f25989ca6aeedd25281d2359d2ff60d0a47503e6c8907d9f,numeric,382.0,Orchestra/PPF20_RATE,https://api.vitaldb.net/7d34c249178f6b952e7255992226051f6b7f78f5
7d3721a2cd9a16bde5a79ef713cda1c4db3fbd8a.csv,513838,c6b5254be44f693bc84092f6841ee99c52f31f32685e256c488b21c3b332988f,numeric,5434.0,Orchestra/RFTN20_CE,https://api.vitaldb.net/7d3721a2cd9a16bde5a79ef713cda1c4db3fbd8a
7d635750c743a083b63da182179f085a9d461d65.csv,73977,d96acd970e8b47ac258ef2d53af73e862d1d59b018496dc32f14d76c77606a7b,numeric,1964.0,Solar8000/HR,https://api.vitaldb.net/7d635750c743a083b63da182179f085a9d461d65
7db627cd4f41b1f4c53897f1014849f5b2c143a3.csv,102501,0089d0d0bfa350cb57eb6523b1fb526f7a3a7905eb169497f7ac6f1c5eb280ca,numeric,166.0,Solar8000/HR,https://api.vitaldb.net/7db627cd4f41b1f4c53897f1014849f5b2c143a3
7dc071fc3fe133be1a527cf910da149d2828449c.csv,250073,fa7b6078da676b8e64cd5791227edc7a47341d51c0af14ab05047f9ea6c9bbd4,numeric,1482.0,BIS/BIS,https://api.vitaldb.net/7dc071fc3fe133be1a527cf910da149d2828449c
7dde0aec8e8ecd0abf9780fcb7a1a64342df8772.csv,513759,4a53aa330286838254f45009d9fa43bdf74011fc2bc2c03f01473cf1e6a165f0,numeric,3507.0,Orchestra/PPF20_CE,https://api.vitaldb.net/7dde0aec8e8ecd0abf9780fcb7a1a64342df8772
7e5ac583d9d061182b8c380ad76bdc08bf7963bb.csv,550195,9b952986186f01f19a831f0e11ccf220f23c83a6c6c6f1b0770ccc5e310acc33,numeric,4547.0,Orchestra/PPF20_CE,https://api.vitaldb.net/7e5ac583d9d061182b8c380ad76bdc08bf7963bb
7e6737d824efcd65f4732f9b92b1aea531bca23b.csv,339368,7f65f391b2d836cb298648ffff4010f306c8d052efc87389f396a847e217bce6,numeric,505.0,Orchestra/RFTN20_RATE,https://api.vitaldb.net/7e6737d824efcd65f4732f9b92b1aea531bca23b
7e7fda2ad269c0dcaf51ba8043910ba5bbbd7332.csv,40935,c700137b013bad128e5a1dea0508db876aa2fc5744bf5634cbc5d26220ce553a,numeric,416.0,Solar8000/HR,https://api.vitaldb.net/7e7fda2ad269c0dcaf51ba8043910ba5bbbd7332
7e8e67dba4f67a1ced2072cfd0354ef3e5c3382a.csv,581214,97f6082d03e29c8cd0140b11aac9bc0ffe45f1954d8ad1132853393eeb6f1f74,numeric,4316.0,Orchestra/PPF20_RATE,https://api.vitaldb.net/7e8e67dba4f67a1ced2072cfd0354ef3e5c3382a
7ef81cba9b40a49f5ed578603d4414892f5a4a45.csv,1054484,9d19ad2daf5ac4b280c6790dab8c3a3ffdedaa69da6d3fd26775cbdbf0aa7361,numeric,3537.0,Orchestra/RFTN20_RATE,https://api.vitaldb.net/7ef81cba9b40a49f5ed578603d4414892f5a4a45
7efb54842a7e43d98ceee52e36c9d4ef737fffa0.csv,118330,b91b3939c7d3d5d78d8cdff40245c707c16a904ccdce342e26c7a52930ab272a,numeric,1136.0,BIS/BIS,https://api.vitaldb.net/7efb54842a7e43d98ceee52e36c9d4ef737fffa0
7efdd3af77bf8af35952f57d18cce939f90e1415.csv,326003,ef2acc481b0e9178e93b664337b2800d4e61952ab573e4a63f7c28a32512e8aa,numeric,1730.0,BIS/BIS,https://api.vitaldb.net/7efdd3af77bf8af35952f57d18cce939f90e1415
7efe7baa57cc2e7406d37e28af4458efecaf290c.csv,53108,c6cef7029391fd74f2c17693c1d927ecefe5636756ad973607ca208f1b6cd083,numeric,1969.0,Solar8000/HR,https://api.vitaldb.net/7efe7baa57cc2e7406d37e28af4458efecaf290c
7f0b56d9755425c54cf38fd7ee5993126ef91785.csv,668785,e0ba9a3c730395b27f317c90f2d070c97b6dabc5974f81075e94c5dcf21c2544,numeric,5114.0,Orchestra/RFTN20_RATE,https://api.vitaldb.net/7f0b56d9755425c54cf38fd7ee5993126ef91785
7f13da838b73ca23913a361d4b4953fa13629a0e.csv,116979,8363754270c462d09b91bff18ef92987f84829c98a477956a65a0d1db2ba34c3,numeric,6040.0,Solar8000/HR,https://api.vitaldb.net/7f13da838b73ca23913a361d4b4953fa13629a0e
7f32e31fd2fb8536e8ff43eaff1082d6fd1ad1fd.csv,130214,c5b72920b210c8452c1cd7ba42ea7278e732b994c64040ea986e9b98be8ed7af,numeric,3449.0,BIS/BIS,https://api.vitaldb.net/7f32e31fd2fb8536e8ff43eaff1082d6fd1ad1fd
7f34ecd0926b1f755affdc1485dc60a07d025412.csv,340551,865efdac1fff0a167f39d0041c27549d0370de3ca1b96a1c7860d99326137220,numeric,416.0,Orchestra/RFTN20_RATE,https://api.vitaldb.net/7f34ecd0926b1f755affdc1485dc60a07d025412
7f3be3e90d92b86d0993c289205daf274e9c5921.csv,443841,2ea1ffbc8f88afcc88b79e86d9d58a1e9db24cc267a53cb447e2043319b4da77,numeric,3068.0,Orchestra/PPF20_RATE,https://api.vitaldb.net/7f3be3e90d92b86d0993c289205daf274e9c5921
7f3e5cb3122763bc71eebab4066d0a70af4a0bf3.csv,517234,0c8432c7030f1637ff3e211bacbb75af65be14bdfaf4874be68b79fa9840c8ee,numeric,3368.0,Orchestra/PPF20_RATE,https://api.vitaldb.net/7f3e5cb3122763bc71eebab4066d0a70af4a0bf3
7f7689100be0c9f208facbf335eab1450406979a.csv,548635,a740a189f1ec551d5b5a39f2e2a29a4e23a056cd4bcf33deaa41e5075afa4bb5,numeric,3812.0,Orchestra/RFTN20_RATE,https://api.vitaldb.net/7f7689100be0c9f208facbf335eab1450406979a
7f931d577e77416e6a67a0caf43ed640e4431c8f.csv,319837,08fa097c8ec58e3ed84c9f5e01eda8cc59366b6fbc7f3b0c93c5c32c8af39180,numeric,2890.0,Orchestra/RFTN20_RATE,https://api.vitaldb.net/7f931d577e77416e6a67a0caf43ed640e4431c8f
7f93229dc8a28f9bf3651993272b7cdb8ddfab2f.csv,648957,b41bc032c064b270917ee79590390e17b33037f71f5a76e1d98a59d538990188,numeric,1889.0,Orchestra/RFTN20_RATE,https://api.vitaldb.net/7f93229dc8a28f9bf3651993272b7cdb8ddfab2f
7f99c644fd1f93d96693d283fcf6ab21ba206e88.csv,75763,9beff333483034d23ec4d22b35f5e5cf859e820cd859205d2f2c1835c031aabb,numeric,4780.0,Solar8000/ART_MBP,https://api.vitaldb.net/7f99c644fd1f93d96693d283fcf6ab21ba206e88
7fac2f375eca2f4c02f165d64cf7f590200f7968.csv,313865,865e452edf132a7e878cde29e3d0757fa9d8319152b37e3fd29351b30c04d89a,numeric,6107.0,Orchestra/RFTN20_CE,https://api.vitaldb.net/7fac2f375eca2f4c02f165d64cf7f590200f7968
7faf6f5128ad313190d5e7f94af407e94ed06873.csv,199462,faa899b01237e735638f7887e56bc358dd85e89c59906bcd39cb0a0090c756f7,numeric,369.0,BIS/BIS,https://api.vitaldb.net/7faf6f5128ad313190d5e7f94af407e94ed06873
7fc51795b9b89095c1c8fe28892ed3a5c1fb2653.csv,477395,fd22a48b2f590aeac7cebe855b1405293bb451d6bcc73c956f67c6131b53a81c,numeric,2435.0,Orchestra/RFTN20_RATE,https://api.vitaldb.net/7fc51795b9b89095c1c8fe28892ed3a5c1fb2653
7fc6be68942312075ed7509856e914db60c0acdf.csv,206978,15c1b2f2eeee4b2b62465c47c2eddebdf7bedae8d47517e330d9a97a19988dc0,numeric,6146.0,BIS/BIS,https://api.vitaldb.net/7fc6be68942312075ed7509856e914db60c0acdf
80301b9788df2e4c5cfe88ff360d1b8a842355a7.csv,80223,ce709d06e34276ef449767fd2912c04dca15089a841cbd02e1b1f82242b4f11d,numeric,4991.0,Solar8000/ART_MBP,https://api.vitaldb.net/80301b9788df2e4c5cfe88ff360d1b8a842355a7
8044386c9a8c549333d698e7e763af9c8d1fd271.csv,459237,61f53a7b8e1b597389ffa48bf501d5b7f47f3e1413ad0650910a168554aba66f,numeric,5486.0,Orchestra/PPF20_CE,https://api.vitaldb.net/8044386c9a8c549333d698e7e763af9c8d1fd271
804d63bcb4ae71fe311a000ce9d38c63a4c60799.csv,366849,f8ed7f8e0e5354f7af71905b0485d41c8391e7a37d19d6b83a8144f4d5f16a22,numeric,1606.0,Orchestra/PPF20_CE,https://api.vitaldb.net/804d63bcb4ae71fe311a000ce9d38c63a4c60799
80590848c75bed820d1117a3f8870f9313dce756.csv,799580,eaac3f9324ca037152b1d29304d14ef561f86cdf2fe0fbf5d1b537d066e179fb,numeric,1944.0,Orchestra/PPF20_CE,https://api.vitaldb.net/80590848c75bed820d1117a3f8870f9313dce756
806f82c660c697bc5284e2a6a330dec16cbc1c57.csv,354274,29c3c23a19dccf82b532d72fd8143135e106c54e9f194a123bb06a1c09510343,numeric,4312.0,Orchestra/RFTN20_CE,https://api.vitaldb.net/806f82c660c697bc5284e2a6a330dec16cbc1c57
807ab148d388a3f45d92dccada0b9e2b55b7e09b.csv,524869,2676ff818a01317280ed836670a735a85e1254bd03eea953fb13b1ae5c0ca8da,numeric,4198.0,Orchestra/RFTN20_RATE,https://api.vitaldb.net/807ab148d388a3f45d92dccada0b9e2b55b7e09b
80855bc2a211fe33e12883d9b109eaa8edc2888f.csv,453786,1e3a7345a1f2cf3e3f5e9ac81d014de7336bfe67624f13a4c1d1ab26aa80e5a7,numeric,4497.0,Orchestra/PPF20_CE,https://api.vitaldb.net/80855bc2a211fe33e12883d9b109eaa8edc2888f
809f2d6b82b9d72d733f1e6b41aa6df01632ec3f.csv,47321,881912f953e66bd21c747ae572d4e2aae4532759340c99340168213f7a4657cc,numeric,1337.0,Solar8000/HR,https://api.vitaldb.net/809f2d6b82b9d72d733f1e6b41aa6df01632ec3f
80adc856865b2b55fe201f267d53bd9eee9ded21.csv,244314,17d421924466d735345b14e40ba4e35e38611feff1a854e6094957689cd074f6,numeric,6090.0,BIS/BIS,https://api.vitaldb.net/80adc856865b2b55fe201f267d53bd9eee9ded21
80c1655cc1a2ea710d3e903e34b012a41e97b6d1.csv,148813,95fd88a52b72737b0975e1adcb7eebf1376823cfedeae5b0bf6164adf55bddf7,numeric,624.0,BIS/BIS,https://api.vitaldb.net/80c1655cc1a2ea710d3e903e34b012a41e97b6d1
80c39afd6ad3f15c559c291ca49ea36ab254edc0.csv,82117,d54ff34adee4833e1ac71e295307479b6f7ce6c589d35ba8f731ffb399ec3224,numeric,811.0,Solar8000/HR,https://api.vitaldb.net/80c39afd6ad3f15c559c291ca49ea36ab254edc0
80df3a38d1e85e05ae7400d7867aa5b0f65bb081.csv,62270,236e2d80a8077af38b90176765ddc498e2a8e1f882bfdb255a20733ce977fd88,numeric,6225.0,Solar8000/NIBP_MBP,https://api.vitaldb.net/80df3a38d1e85e05ae7400d7867aa5b0f65bb081
810d54fd2fb732772f83cb9204b6b6382e26a933.csv,396656,d7af347b10e4c7922d60bf4d19daf783e286acf63c12fd8d2231beb9ac6722a7,numeric,5360.0,BIS/BIS,https://api.vitaldb.net/810d54fd2fb732772f83cb9204b6b6382e26a933
8111e667a7523f1eb11620d8713cc01a9b8c2139.csv,68692,c42d7bf15943be4a0d63ce87319ab1d56f6c3f76d1bb03a23bcca9fb448e5bc3,numeric,6324.0,Solar8000/ART_MBP,https://api.vitaldb.net/8111e667a7523f1eb11620d8713cc01a9b8c2139
811bba43e9380254168f7c934344ee292e2dbd2e.csv,37129,b96242d284567171762865a26357929342cb3415506ec15bdc10ceba788dae1f,numeric,4462.0,Solar8000/HR,https://api.vitaldb.net/811bba43e9380254168f7c934344ee292e2dbd2e
81324e1cfd28d30a4ea80e56a7d55e179f434cd8.csv,59844,64cfd2544bfde0e31cebf74cbfcf60e51cfb66324b62192b1eb15a50e1514c7d,numeric,1946.0,Solar8000/HR,https://api.vitaldb.net/81324e1cfd28d30a4ea80e56a7d55e179f434cd8
8138a168d3864821f5989287dad6674fd51a7423.csv,810739,4aad9d6813c7179921c35d10c933ba98f8cd84924ad1e05570b67ff7a2ea011f,numeric,353.0,Orchestra/PPF20_RATE,https://api.vitaldb.net/8138a168d3864821f5989287dad6674fd51a7423
813f03e74e239841877da3fa632e26ded970a3fc.csv,115933,de2399573854d50d485e01127c82364b12b378cf06b5ea720a8f8f5c933b1147,numeric,4032.0,Solar8000/ART_MBP,https://api.vitaldb.net/813f03e74e239841877da3fa632e26ded970a3fc
8156dc000ffa0d4704daf4c8e7f503ea00d0a96f.csv,343455,b2bc34044b2759099adfd2c3b403e2e99af43303d88b9f8c4772317b451eca52,numeric,3990.0,Orchestra/PPF20_CE,https://api.vitaldb.net/8156dc000ffa0d4704daf4c8e7f503ea00d0a96f
81606a8d043171715d6d74404346299ac899feab.csv,576547,67a8eb74034b39085eb554441412ae1224250e32ebdedd8ea18ea68c9b5df2ad,numeric,6225.0,Orchestra/RFTN20_CE,https://api.vitaldb.net/81606a8d043171715d6d74404346299ac899feab
8175ea2b5300409e0db6bf148d6ebfd3cdd9cce8.csv,68582,e09c7b40c5de48e5e8ff375a1775abe86bdbb5eb5b6ee4854ab80b3a7b77d6d9,numeric,4316.0,Solar8000/HR,https://api.vitaldb.net/8175ea2b5300409e0db6bf148d6ebfd3cdd9cce8
817883d1b30d64882a472251a8f27d71fa9c8fc9.csv,177763,c499e226b148d40c0234837c236069ba980cc9c8d4bbaca836fa540a8e4a219f,numeric,1444.0,BIS/BIS,https://api.vitaldb.net/817883d1b30d64882a472251a8f27d71fa9c8fc9
818d8bbd5aec0cf2ee0cf2748ff232bdcb2a4522.csv,49778,55cc91b5be265f17c3de3c097838db340528bce492121a959ac2e5d8d21ed097,numeric,5741.0,Solar8000/NIBP_MBP,https://api.vitaldb.net/818d8bbd5aec0cf2ee0cf2748ff232bdcb2a4522
81907a2aea70f5f67156e2fbf71c37dff40b9a57.csv,273870,e0a920633256b232dacc57933aa5619f861afb65cd0fd9a6e9428a0513592a54,numeric,5014.0,BIS/BIS,https://api.vitaldb.net/81907a2aea70f5f67156e2fbf71c37dff40b9a57
81ac64111a18e420b211b9477ad5ef963e953982.csv,322829,3714f6765d0bb8a937ede3d4e6017cc0f5852dd50c904b8c2feaaf1344f1f81a,numeric,6107.0,Orchestra/PPF20_CE,https://api.vitaldb.net/81ac64111a18e420b211b9477ad5ef963e953982
81ae1878b1bc9e39bd744d3f408b45751a4c9f5d.csv,468130,6045ce9ca939abda23c6d91de98bc1a411fffd2bef3bd41eb026b1698bf83c1c,numeric,1044.0,Orchestra/RFTN20_RATE,https://api.vitaldb.net/81ae1878b1bc9e39bd744d3f408b45751a4c9f5d
81ae6bbbc4ed4da3d2a31537d06906166e62b8aa.csv,91753,62f4b6cb60c46af7730db9e5698e2b849febae74a0324d50ec880e04f737fe57,numeric,3545.0,Solar8000/HR,https://api.vitaldb.net/81ae6bbbc4ed4da3d2a31537d06906166e62b8aa
81b0bbdf5ed1a3cd0c0e749939f4fb6db5e7fc2e.csv,88278,5a119734988a05d03e952d22635c27fef0ec6d02533d3385c3d56921fe2ae86e,numeric,5333.0,Solar8000/HR,https://api.vitaldb.net/81b0bbdf5ed1a3cd0c0e749939f4fb6db5e7fc2e
81d88a41c624b4bc25bcd316a43852e85405f0d3.csv,631084,6f4681fb47e957027deac8949207ccf35303e345744f3ce77e07b9f2b1fd0df1,numeric,5225.0,Orchestra/PPF20_CE,https://api.vitaldb.net/81d88a41c624b4bc25bcd316a43852e85405f0d3
81dd1b033ab5d83d3be63b66dc5a96b1d33637bc.csv,229453,985d3b98245cf51f98de01e8e4cf8226b5e318efa9ea74cf41577db606cbaad4,numeric,708.0,BIS/BIS,https://api.vitaldb.net/81dd1b033ab5d83d3be63b66dc5a96b1d33637bc
8200438eb2f1a5be35456fbf1351ae37f88c38cc.csv,643791,06789007fb7915300ae6420b898345a81ebe78ca81795fa5b426dfdb2345fba5,numeric,5202.0,Orchestra/RFTN20_RATE,https://api.vitaldb.net/8200438eb2f1a5be35456fbf1351ae37f88c38cc
8206b6f80b2e9ba3ff05065e0f0c4c63e61e0f22.csv,77270,442331d0344e7d0b92533abc6f64c5ec19dd29331ff4b19bb436046c65d258c1,numeric,1875.0,Solar8000/HR,https://api.vitaldb.net/8206b6f80b2e9ba3ff05065e0f0c4c63e61e0f22
820eb29f4c34f2d79a21d0ff54a468e93c0ca4a4.csv,453946,3c203c1aad6390e06dcae36162fcde8712aaf90ab7f4b6b229d5a6454b2f3471,numeric,2586.0,Orchestra/PPF20_CE,https://api.vitaldb.net/820eb29f4c34f2d79a21d0ff54a468e93c0ca4a4
82328c2ef02a0140c7d0ba57f4cc9cfc54e446c4.csv,119702,324dc7f955333d26f2cb4e0a73d6f20cd28a353980f741139bc9f785b756656b,numeric,5004.0,Solar8000/ART_MBP,https://api.vitaldb.net/82328c2ef02a0140c7d0ba57f4cc9cfc54e446c4
82584d6cd3aa05a1ddcfbc2e90284703cf2be592.csv,75710,aad4b7f3758ab3a12f805242453bc0b02646d6e70ccacfb13e0059e1eb8af38e,numeric,5114.0,Solar8000/HR,https://api.vitaldb.net/82584d6cd3aa05a1ddcfbc2e90284703cf2be592
8272abef6bc06c04f61620583f244dbe6c62707f.csv,289539,c1ff80c89af005565ac5426acaf6fd491416518f6c44121ac6c5817368eeca1e,numeric,1826.0,Orchestra/PPF20_CE,https://api.vitaldb.net/8272abef6bc06c04f61620583f244dbe6c62707f
8286c82be1fdb6e823fe4129b6aff3ff5b5f8ca8.csv,38413,e41eb5dd75446d0f1fb997973c22a748564672465d3e0ee87974283a37fd86af,numeric,4868.0,Solar8000/HR,https://api.vitaldb.net/8286c82be1fdb6e823fe4129b6aff3ff5b5f8ca8
82883123e9f672e91adc2eb729d2cbf0b35579ae.csv,366721,33bc6baf09686d7283a73c8f39f752d547b5beb95441a558606422ba93a430b9,numeric,6061.0,Orchestra/PPF20_CE,https://api.vitaldb.net/82883123e9f672e91adc2eb729d2cbf0b35579ae
829c0d0cd0111860a127612228f6b3a6f1c3221d.csv,294136,d5d6951f4e8cdb060d0c620cc1b1c1ef2c57949891e674e02ef909d2d4213d83,numeric,4462.0,Orchestra/RFTN20_RATE,https://api.vitaldb.net/829c0d0cd0111860a127612228f6b3a6f1c3221d
82b636e4c10f2eb0eb2a3ea22cea2655887cde4b.csv,169630,39824bf386008bc1bd4e9b2722f1ffb1fb59c91b7a66a778dd025686d93f9fa9,numeric,3421.0,Orchestra/PPF20_RATE,https://api.vitaldb.net/82b636e4c10f2eb0eb2a3ea22cea2655887cde4b
82c51db8375e5f4ec859da8068998d740846772f.csv,89745,801e9d329775253edbd4b886a2b125598028849584b9172382629a14069020b7,numeric,3118.0,Solar8000/ART_MBP,https://api.vitaldb.net/82c51db8375e5f4ec859da8068998d740846772f
82e73617ee5037128148a669e7a24da2641beff4.csv,554157,2bcca3611baa9f9e7a5861fa3e0962ed9bb4c31454f14e906bebc24edfed9fe1,numeric,2353.0,Orchestra/RFTN20_CE,https://api.vitaldb.net/82e73617ee5037128148a669e7a24da2641beff4
83023a42864a09e7983865e5b9e83c861116f7ea.csv,172965,dca801246aa5ecae70e9e950a1d7b791e862597a74a904c92e39b8b533a6db01,numeric,1168.0,Orchestra/RFTN20_CE,https://api.vitaldb.net/83023a42864a09e7983865e5b9e83c861116f7ea
830814b72350d1b90a66027052432213338630ea.csv,228921,8615547bddc040e0e59f3c760a45402d7c8134a9ad29fb97e4a95a0b0d957a2f,numeric,4275.0,Orchestra/PPF20_CE,https://api.vitaldb.net/830814b72350d1b90a66027052432213338630ea
830eea76fd03c35fc09a2340a34de3edc1485c79.csv,326455,510dc35ea797f6d9320d78a11b2935caea0c931d3598ca473dcb81ae70852080,numeric,5048.0,Orchestra/PPF20_RATE,https://api.vitaldb.net/830eea76fd03c35fc09a2340a34de3edc1485c79
831500f303f05eb8903892d5736fab0de39c7c70.csv,576580,e00e18552565c25a959e978a006cea71a685010d99cd57061db46f14dc716868,numeric,2385.0,Orchestra/RFTN20_RATE,https://api.vitaldb.net/831500f303f05eb8903892d5736fab0de39c7c70
8338171a51c60e6f285f25b0d6268c080a89e20e.csv,134522,837259fe3db90d1e0410241b4e2ca793c4fffe8bd5ba3937304f3db7266c6ce5,numeric,5913.0,BIS/BIS,https://api.vitaldb.net/8338171a51c60e6f285f25b0d6268c080a89e20e
8340fadfe8bfe162a0e5dcfa629281477ea2b645.csv,340703,4375968d57ac6c64d65cb1edd12d0f939dcba3b25ebe79cc0562c92bb1bcf4fc,numeric,309.0,Orchestra/PPF20_RATE,https://api.vitaldb.net/8340fadfe8bfe162a0e5dcfa629281477ea2b645
836a8b6ba042364c4e60c95128bd99744577d97b.csv,753678,0d30d54632f8a813fc644ca0f8ec1f2381e8b73dcf6a2e47efeac9f303c659e7,numeric,2744.0,Orchestra/PPF20_CE,https://api.vitaldb.net/836a8b6ba042364c4e60c95128bd99744577d97b
836ed8fbd79c70f21c6fe062543717782565d08f.csv,327344,8173014c73da6a6beffdb9f697522d2950aa087b39c3434c5f85652c2ed5d151,numeric,3617.0,Orchestra/PPF20_RATE,https://api.vitaldb.net/836ed8fbd79c70f21c6fe062543717782565d08f
837058a4f37f1b106df02233660ef3016fcb6ca5.csv,332870,b9f3364456420bc9263c78ea35c32f432d0d3d875452c1d59fd28d4451c18bb4,numeric,3829.0,Orchestra/RFTN20_CE,https://api.vitaldb.net/837058a4f37f1b106df02233660ef3016fcb6ca5
8373c107a128fdf2a7e37a1f3b0d2d1f3866652d.csv,319263,053e01974805024add1da84ed5094dab916e22959556a014551d0952c9001f42,numeric,1974.0,Orchestra/PPF20_RATE,https://api.vitaldb.net/8373c107a128fdf2a7e37a1f3b0d2d1f3866652d
8390ef2315730671879c0599a12065af9011dabc.csv,281261,47566450cf0ee1f15a773fa28fdc1c1f3176b8fd312a2bf82083f48d91f1c6e4,numeric,1579.0,Orchestra/PPF20_CE,https://api.vitaldb.net/8390ef2315730671879c0599a12065af9011dabc
83aa3ddeff69ef02d0279032694bef376c708563.csv,525013,37671c9feee788c8c7455a3c282c327470e9f026159e8d77e97a6add00a898d2,numeric,3023.0,Orchestra/RFTN20_RATE,https://api.vitaldb.net/83aa3ddeff69ef02d0279032694bef376c708563
83eebda98e8ecacb4ee1a8fbae5e695574bf32ee.csv,808086,6d4c04a5e8f2b4d15c38543e20e7f17dc64e196adcef0d44c96e1f2a9a2f8794,numeric,2311.0,Orchestra/RFTN20_CE,https://api.vitaldb.net/83eebda98e8ecacb4ee1a8fbae5e695574bf32ee
83f38a966958463d40928a938322a775c53b8fbc.csv,339893,60a3f50ef7f2f1956a4804ea58a8ab5bcadf3b5926f13e5040507b35d4a4c60e,numeric,5741.0,Orchestra/RFTN20_CE,https://api.vitaldb.net/83f38a966958463d40928a938322a775c53b8fbc
840c3d639b7c9bc2808e2edd4bd70e503d29eaf7.csv,306910,f04b6616a7b49108b5cc1c6a0c142468f2711408d9dfd944afc4ff3fa62d7999,numeric,2997.0,Orchestra/RFTN20_CE,https://api.vitaldb.net/840c3d639b7c9bc2808e2edd4bd70e503d29eaf7
8413d8143ca7367e47cb8d5152fe4b8fb29b0394.csv,488538,77eb4701d918e053aaf5a3a68620dabc66e9765bbd248102b9d5bd4ded0930d6,numeric,5142.0,Orchestra/PPF20_CE,https://api.vitaldb.net/8413d8143ca7367e47cb8d5152fe4b8fb29b0394
841ae6f61c636e2e5294234fd5710c006e468ec8.csv,116855,097313a5feb1cd750db6b778cd142e57ddd038acb70b8dcc28332d2e35901e91,numeric,1786.0,BIS/BIS,https://api.vitaldb.net/841ae6f61c636e2e5294234fd5710c006e468ec8
8431fc3813d856ba1564e2cd434fb66ead3f0877.csv,1029476,3247361932e92b5729aaa1d6012e519fa56e4605ad594def4c250d3b41482af0,numeric,3220.0,Orchestra/PPF20_RATE,https://api.vitaldb.net/8431fc3813d856ba1564e2cd434fb66ead3f0877
846ebc05491894039ff7d4b5b0d912bb7924bec6.csv,827182,a9d58e4daf78c42f095cbdb14c1911a6805e9897ba6663efdd395ae09325aa21,numeric,5180.0,Orchestra/PPF20_CE,https://api.vitaldb.net/846ebc05491894039ff7d4b5b0d912bb7924bec6
84b345e29973ab1f166ccce97ac53209fa726f9c.csv,516407,162bbd6e62098cc68aa2d180f2368158f8823ad22d4732717e6e3147193fcccc,numeric,1102.0,Orchestra/RFTN20_CE,https://api.vitaldb.net/84b345e29973ab1f166ccce97ac53209fa726f9c
84bdb082ba64b0790dc906d6959691db90faf24a.csv,494583,ecfd01974a57dcbcd6edfb9e252630da294f9af5167127160664b5057f5b8db4,numeric,927.0,Orchestra/RFTN20_RATE,https://api.vitaldb.net/84bdb082ba64b0790dc906d6959691db90faf24a
84cc89ac0ec3bff84a3a3d05ef554de6a814ce09.csv,366509,5eb02bcf314b49a4ababea00fc0e03ba2411f16f80396ec83675f82d7a897518,numeric,6053.0,Orchestra/RFTN20_CE,https://api.vitaldb.net/84cc89ac0ec3bff84a3a3d05ef554de6a814ce09
84e74e2044af1afaeaa8c1f6f9740825d07770f9.csv,376693,ae6cefda067f2f66179a9b8e5b4689984382c116620c45b7ee025ddb4a57e81f,numeric,37.0,Orchestra/RFTN20_RATE,https://api.vitaldb.net/84e74e2044af1afaeaa8c1f6f9740825d07770f9
85374c9029b94e38968fa0979f440abc7d473895.csv,598592,6529a2d8ec3174cc22e8e2cd91166fcffc43655634d1cee7431890b47a46d739,numeric,6324.0,Orchestra/RFTN20_RATE,https://api.vitaldb.net/85374c9029b94e38968fa0979f440abc7d473895
854353bc3ac523c275d1f811317898fb2f6ee7c8.csv,1035400,9ce5a92042366c83e83b732bdd5c9c54512e6b87b3fe7e2aaeff0de008c8bc0f,numeric,3629.0,Orchestra/RFTN20_CE,https://api.vitaldb.net/854353bc3ac523c275d1f811317898fb2f6ee7c8
857812c5b12202310d611122fa0a1d1e36ea8a22.csv,78074,3cf8885d4e1f962a49d8c02b2526e052e3684e393ffafb01501740c5ca5e1120,numeric,6170.0,Solar8000/HR,https://api.vitaldb.net/857812c5b12202310d611122fa0a1d1e36ea8a22
85a9fc098b42d63c00948f51a4a07f32fa29d86a.csv,59336,0c14ff9dc48ef07f5060589eaf65bd40edadf83d2a00d44db72f6779401f4d44,numeric,1566.0,Solar8000/HR,https://api.vitaldb.net/85a9fc098b42d63c00948f51a4a07f32fa29d86a
85aefb5e313d697af60b27f663b0807be6fe2cc4.csv,132171,6b369fc5031a24671b67ac2461701eccba8922bfb4d48acb10eef4258dc963f5,numeric,414.0,BIS/BIS,https://api.vitaldb.net/85aefb5e313d697af60b27f663b0807be6fe2cc4
85bad9f0b4a969dc6fbbf6c339a57ca29363db28.csv,40235,af8a478c97f41657d977edded204003089d9411086e809507ab56dae10aadda3,numeric,1579.0,Solar8000/NIBP_MBP,https://api.vitaldb.net/85bad9f0b4a969dc6fbbf6c339a57ca29363db28
85c6ce196e8639f7025fb9b86b1df3e88965ffcc.csv,48522,70c86a5aefe0f78e6d2a684b854d8cf41201b5cc4138936840b0917702409e2a,numeric,1002.0,Solar8000/HR,https://api.vitaldb.net/85c6ce196e8639f7025fb9b86b1df3e88965ffcc
85c802ce6d463e718c9f9dfede550a2d67f0795b.csv,537063,4e4e9ac00ed6706ce056492826c149b64710968274c260189238ac247fd2f0aa,numeric,1630.0,Orchestra/PPF20_RATE,https://api.vitaldb.net/85c802ce6d463e718c9f9dfede550a2d67f0795b
85dcb508bf8954649e2e301997b3faa1f08be3a9.csv,69159,8d424ce161790836f29bce0c2230056ee1580c0a0c03ef0356807364efb1e8a5,numeric,1249.0,Solar8000/ART_MBP,https://api.vitaldb.net/85dcb508bf8954649e2e301997b3faa1f08be3a9
85df3668f68341bb852301b1cda04a93e6d46914.csv,351566,173484bfd22882fbb0db87f7a243ae2aa0b4d3408b7905e726df844d9a7f50b2,numeric,1213.0,Orchestra/RFTN20_RATE,https://api.vitaldb.net/85df3668f68341bb852301b1cda04a93e6d46914
86152ee9158811fd730d2052e2891d2391724994.csv,176262,79511b8d4d86f4ef849887c0d90384eb8957ba0dcea438d4cbaf889d633eec2a,numeric,1725.0,Orchestra/RFTN20_CE,https://api.vitaldb.net/86152ee9158811fd730d2052e2891d2391724994
86307c089cfc799e1e5d10e7c3204a215cbdef5d.csv,384393,3a17f6eab3a3215f46eae1800c2bf95063520d0373fdf43da82604c15ce7fee6,numeric,6104.0,Orchestra/RFTN20_CE,https://api.vitaldb.net/86307c089cfc799e1e5d10e7c3204a215cbdef5d
863899db210a113038d7af2bea481789c4b643a7.csv,573620,f1cfa262769398fb4a3f29b3eab4bf1f669fbb7e1f9f64581364562653c90058,numeric,5352.0,Orchestra/RFTN20_RATE,https://api.vitaldb.net/863899db210a113038d7af2bea481789c4b643a7
863e4aab84c58cf730d6d5e0901ae047ab46a6b6.csv,179175,0ca024b3b164aebe20a5130858ba200373fa1ca74a5d3ef3c94222f619aa8710,numeric,3439.0,BIS/BIS,https://api.vitaldb.net/863e4aab84c58cf730d6d5e0901ae047ab46a6b6
864b2cd7ec70867bab1b849ce6579bd74bdcf94c.csv,373822,d740adf5094542ffbf172a692898b515c03574d477bbf5e75c960c66671b0332,numeric,1241.0,Orchestra/RFTN20_CE,https://api.vitaldb.net/864b2cd7ec70867bab1b849ce6579bd74bdcf94c
864bf8142eeed21e50e8e32b6fe891912f90eb55.csv,515097,8026297618365be047644c6f406ff6281693ea727e8e951f0b1c8482300ecdf4,numeric,5913.0,Orchestra/RFTN20_RATE,https://api.vitaldb.net/864bf8142eeed21e50e8e32b6fe891912f90eb55
86581ccaf6749a6905e1a56d56cf303f20e42124.csv,293454,fd88d18e3a4655d0398b1ce8e62114d445b86e128eb8ae8a660663d5b354ddd4,numeric,1904.0,Orchestra/PPF20_RATE,https://api.vitaldb.net/86581ccaf6749a6905e1a56d56cf303f20e42124
865fc4a4b30b9b4e26c8cb8abb3e096b8181ed73.csv,287978,4c818a633d3a818eafb713498e13f6ddd21e860faa53f8d154af759efdc4f08b,numeric,579.0,Orchestra/RFTN20_CE,https://api.vitaldb.net/865fc4a4b30b9b4e26c8cb8abb3e096b8181ed73
86a1c559f652462dbfd850454e2055e13997ebd0.csv,768205,2e6bad48906613cba5c743fcfbe19920141b1e0319562366e42c71d7e4da4a1c,numeric,3196.0,Orchestra/PPF20_CE,https://api.vitaldb.net/86a1c559f652462dbfd850454e2055e13997ebd0
86a9e818c45eeee55149f9c97cca4142c68b33e2.csv,501862,831fe13577954434de37c6e446989ca4e8d0cbed7aaa6c5121f418c062464468,numeric,4087.0,Orchestra/RFTN20_CE,https://api.vitaldb.net/86a9e818c45eeee55149f9c97cca4142c68b33e2
86afeaabc2da9abce8286edded1535fb0f05e448.csv,873964,65630c1c567b2a92024fa149fb00cb3e598163f74d7201bf7ca664f08673c7a6,numeric,5870.0,Orchestra/PPF20_CE,https://api.vitaldb.net/86afeaabc2da9abce8286edded1535fb0f05e448
86bb10e2fae785b784f7acc599609a8b75503ebe.csv,171234,a6f58eebb0c9a21615d8640964168b2cffd45fe7c21c23bedb26d2bc84a2e053,numeric,1249.0,BIS/BIS,https://api.vitaldb.net/86bb10e2fae785b784f7acc599609a8b75503ebe
86cc9ea95fe0036b5930efcd9209bfc194486113.csv,320040,bb23973b676d48ce3d1053ee7e3e83cb14930e8edd688d13502304286ce20c9b,numeric,5511.0,Orchestra/PPF20_CE,https://api.vitaldb.net/86cc9ea95fe0036b5930efcd9209bfc194486113
86ceb04da76c1cb399169f89a36bd3a157652179.csv,67877,ad8c19e9c2ba1288b0af7da841288fec658982fd2b13e0fcc1cc00c6e9837acc,numeric,5463.0,Solar8000/HR,https://api.vitaldb.net/86ceb04da76c1cb399169f89a36bd3a157652179
86df11888a7dddfe16abff99e080e841c6003618.csv,321289,5806cc33f5d160b30f607ad900350df9f46d223e02559150abb345589264cd1c,numeric,5511.0,Orchestra/RFTN20_CE,https://api.vitaldb.net/86df11888a7dddfe16abff99e080e841c6003618
86f5e79ff11b2e18569743a08586055beb8817a2.csv,978994,073fea1f1d3091ef3a63cdca83476b8bea7176bf1bbe3ce09b9490363bccef03,numeric,1482.0,Orchestra/PPF20_CE,https://api.vitaldb.net/86f5e79ff11b2e18569743a08586055beb8817a2
8721ebab250377251553b71f6b37741bbb98a9c5.csv,793702,c8b3f6a3e670c3630017f7207bb8614ed7e0289ca16b1cea7ed0ab66288d5163,numeric,5749.0,Orchestra/PPF20_CE,https://api.vitaldb.net/8721ebab250377251553b71f6b37741bbb98a9c5
87381ec1f4251597f9cbc559e34133a627c13da9.csv,455914,e758efb59bc0f72234398ef7d14cc73f083821764808eb718ee0cbd7950acb37,numeric,4616.0,Orchestra/RFTN20_RATE,https://api.vitaldb.net/87381ec1f4251597f9cbc559e34133a627c13da9
874a6fcc6dfddeee6f3fdf13a9faff61881b82c7.csv,67874,7eda0008608b45d398659fb1a53e09c4bc1d9d23be856b39bf178b0118030402,numeric,1927.0,Solar8000/HR,https://api.vitaldb.net/874a6fcc6dfddeee6f3fdf13a9faff61881b82c7
874b54e5a04999e088f031b3b62de79372e12106.csv,800190,526cc7271954c0153042bb6b70afc69e87558cbd66f873644c411e1b2094c0bb,numeric,4383.0,Orchestra/PPF20_CE,https://api.vitaldb.net/874b54e5a04999e088f031b3b62de79372e12106
876b98cb91ad8e57b56491ba7bb6a5e442571aa5.csv,1125188,8944f4f4d2d7e5134ffed7e35ac6f2e0248401b742f59d976ed53900662cd5da,numeric,3860.0,Orchestra/PPF20_RATE,https://api.vitaldb.net/876b98cb91ad8e57b56491ba7bb6a5e442571aa5
877a0662aaa0dc9eb60844ca6e5dde3c6c439a18.csv,65424,f071075e217d86baf674c2a4e9f34b41b5a3a4bae10c37baba53e3f155aa28d0,numeric,816.0,Solar8000/HR,https://api.vitaldb.net/877a0662aaa0dc9eb60844ca6e5dde3c6c439a18
8788f2061dfe44cb0e0c6996aa4fcfec80846186.csv,2298342,5b00d1daa53317febc82114de1f52d5aa9dc56f1e498761c56f1a1f8a9169a61,numeric,1936.0,Orchestra/RFTN20_RATE,https://api.vitaldb.net/8788f2061dfe44cb0e0c6996aa4fcfec80846186
878b068afd04ef9893e07378a7b4bb0380b56c86.csv,155787,aaa8be395d429b8770a8138cb9005bcd8bdddd5f035e3c1ceca5ee1558f66c4a,numeric,1191.0,Solar8000/HR,https://api.vitaldb.net/878b068afd04ef9893e07378a7b4bb0380b56c86
879f52dd9938de83467d9d88d87607b8bd7687ec.csv,248320,3094f6ed9a79d6378f76c92e2f752482d2282def9ee7f58a5549b9329021dc19,numeric,4567.0,Orchestra/RFTN20_CE,https://api.vitaldb.net/879f52dd9938de83467d9d88d87607b8bd7687ec
87aa80ce75483650f9648b3bb7a47cc6b429d9bf.csv,51085,0fb2e480722cbc58cf8c9276d88e464cd30ae91b2f199766c7a1e981607f1b0e,numeric,3221.0,Solar8000/HR,https://api.vitaldb.net/87aa80ce75483650f9648b3bb7a47cc6b429d9bf
87b78ea28bf27c43a7c745854ed9fe1afe76ebb9.csv,792303,3e01133264dc3ee493d6713864eea09b816773eac59982bfab13cd0a35547d0e,numeric,2000.0,Orchestra/RFTN20_CE,https://api.vitaldb.net/87b78ea28bf27c43a7c745854ed9fe1afe76ebb9
87be10df2e6df2d1371143fb76abd40a3b29bb83.csv,562680,8c37f0742c74fa3b120af773cc0245bdc79d47201c17c888ba71beb6db4a852d,numeric,1027.0,Orchestra/RFTN20_CE,https://api.vitaldb.net/87be10df2e6df2d1371143fb76abd40a3b29bb83
87f7da2d2d6e12200ecc2d961e7266f18d2dc56b.csv,174951,25137ef9d11340a7cb7ce592a4a140ac9d6311e1a5604168fa214bdabf4b7850,numeric,4133.0,BIS/BIS,https://api.vitaldb.net/87f7da2d2d6e12200ecc2d961e7266f18d2dc56b
87fd4bf56e037a7999c4093b3ca2a3801d9cd3bb.csv,312860,d91dff147fa2b4fd381211a7c22d50745756c570c0f90545c63be89934a8ec73,numeric,4435.0,Orchestra/RFTN20_CE,https://api.vitaldb.net/87fd4bf56e037a7999c4093b3ca2a3801d9cd3bb
880022f4134d2afd153f5950000613e8580e03a6.csv,577696,79e2a0c10148520a3ad6061fb3591336430b975e450a90e7328f717e616fb391,numeric,5616.0,Orchestra/PPF20_CE,https://api.vitaldb.net/880022f4134d2afd153f5950000613e8580e03a6
880fcb0e348d461a047fed2982564387afe9f525.csv,452847,97ee3253b359defe90f7d1340caccca7c7979c44a0b850086632a68d4e136eba,numeric,4616.0,Orchestra/PPF20_RATE,https://api.vitaldb.net/880fcb0e348d461a047fed2982564387afe9f525
8814b7f45348913fc40533260da95b26672c0421.csv,184563,50975b695021e62f0f30bb41d95f608300c6a619bd2b7762c1c78bf65f2bdae5,numeric,4027.0,BIS/BIS,https://api.vitaldb.net/8814b7f45348913fc40533260da95b26672c0421
887b9404ead6822ac554a914060efb38e3fcb845.csv,486609,2488cb6eda0c74b654fa52ce2ee7e019e13ab840cdf0788f9e487f40c9f0593c,numeric,57.0,Orchestra/PPF20_RATE,https://api.vitaldb.net/887b9404ead6822ac554a914060efb38e3fcb845
887fee2daf8e8096a1b8f0fb5d793c7056215a81.csv,937117,9bb6a91598d46335b7deb5f5737d187326ba827439410ddebcafedb45744e3fd,numeric,4032.0,Orchestra/PPF20_CE,https://api.vitaldb.net/887fee2daf8e8096a1b8f0fb5d793c7056215a81
8891a744dad3ed4b1bb6337a4ff5a1ee276a2979.csv,560693,0c9e1b50784c6240013da419cbad271ea580ab789a558e091b3fa4c191fa2f4e,numeric,4277.0,Orchestra/RFTN20_CE,https://api.vitaldb.net/8891a744dad3ed4b1bb6337a4ff5a1ee276a2979
8897165150f6920a1643c03451a9fb959098cabb.csv,431367,437f33a5ecc7f89b41174010aff67fcfa1d386e5022fe498444704ded08e762c,numeric,481.0,Orchestra/PPF20_RATE,https://api.vitaldb.net/8897165150f6920a1643c03451a9fb959098cabb
889c6f78b212ee4cd2dea7eb7d94dcbd99a43ddb.csv,611596,78a7972855e50bb177dd4c7060a988a1197eb4873f538ca3b84449c74a46f905,numeric,6088.0,Orchestra/RFTN20_RATE,https://api.vitaldb.net/889c6f78b212ee4cd2dea7eb7d94dcbd99a43ddb
88a34da0e785aa5999f37f7d6b433a44547fad75.csv,98056,34415a5a62dfb1a7b396d58378d81b1b6c5b0b06aff40a9424e31654b0246534,numeric,5314.0,Solar8000/ART_MBP,https://api.vitaldb.net/88a34da0e785aa5999f37f7d6b433a44547fad75
88cc9d78e5e7a7a52c17e896815cbd423e9bc5e9.csv,289164,2f46e1c820e6d0bfacb6db17e394390fc7174c79958032c4d4909f8d2db59177,numeric,4651.0,Orchestra/PPF20_CE,https://api.vitaldb.net/88cc9d78e5e7a7a52c17e896815cbd423e9bc5e9
88cca7f34e1c2b082c6f16e34849d66d195d1153.csv,634118,ca1cc0f08936993b0b56d46bad3ead1b30c3b7305d9858bc088abaa2d9589a23,numeric,1035.0,Orchestra/PPF20_RATE,https://api.vitaldb.net/88cca7f34e1c2b082c6f16e34849d66d195d1153
88cf15f75f9f2e8f9a51a54eec9587d770d527fb.csv,326224,61b065919d8170e1cab228ca5db2e8b613fccb38940966b939fe6f6edea0b63a,numeric,5548.0,Orchestra/RFTN20_RATE,https://api.vitaldb.net/88cf15f75f9f2e8f9a51a54eec9587d770d527fb
890d7ddf156d6631f0f8802e0a32b64d761b254e.csv,142496,86de4cc9ec73875da35b80bff5632fb5d546b5d156471ce9b3e4614d916ca3b6,numeric,1946.0,BIS/BIS,https://api.vitaldb.net/890d7ddf156d6631f0f8802e0a32b64d761b254e
890ebee773cc20d79471db8ab96567190a1a4501.csv,472745,873fe8cebf6664d28dbb7e6b3519c4f04e5e60bd0c4b2ee8eaf7bcbc7864e1b0,numeric,692.0,Orchestra/RFTN20_RATE,https://api.vitaldb.net/890ebee773cc20d79471db8ab96567190a1a4501
8910e22026f405fba2491bb05a1157f5da6bc7a4.csv,278582,4cc6df93590e60a25c7ced69cab71a77a22b79e85d8268d1a1a55881baa79d79,numeric,1820.0,BIS/BIS,https://api.vitaldb.net/8910e22026f405fba2491bb05a1157f5da6bc7a4
8914e5f6424de38aede9995d423de6726f9b22b4.csv,226559,c327e2452a526e1693202f8c090fccd67856cfff1cbba849f6772f95496385a0,numeric,3737.0,BIS/BIS,https://api.vitaldb.net/8914e5f6424de38aede9995d423de6726f9b22b4
8933b2f7db188d29ae8b05e3c5d7b931ae8c9059.csv,140847,c40a859e92392c54d5e14a5c9ecf708893059e1c1f9b1fabd4b385a532524cc7,numeric,4261.0,BIS/BIS,https://api.vitaldb.net/8933b2f7db188d29ae8b05e3c5d7b931ae8c9059
8937d70e374fa837179dedd7150c3fc13bbc3b34.csv,795318,8f468aaafb81b64fe15de3f4fc4d15198786ee7142ac5e317e6275f0f33be49b,numeric,1944.0,Orchestra/PPF20_RATE,https://api.vitaldb.net/8937d70e374fa837179dedd7150c3fc13bbc3b34
893bb4382148d6bd91d457e59a9743267b187acb.csv,1521352,512c4f3ba591846227f585e266771eb409f2977d971b9cacc7e81b19592f7b53,numeric,1191.0,Orchestra/PPF20_RATE,https://api.vitaldb.net/893bb4382148d6bd91d457e59a9743267b187acb
89563f26b1ecaaf4a8ccbfc73ade018591041e30.csv,98943,d92af7eceddf1268e214d7f6125d6b0a5b39807c81fbfb773f028d7a17e4461b,numeric,2687.0,BIS/BIS,https://api.vitaldb.net/89563f26b1ecaaf4a8ccbfc73ade018591041e30
896611dc709369ae020302c933ebdcca6c18141c.csv,379820,965ac345d3ae072602766c1e741889761214134b747d4a99c58216400f9b819d,numeric,1184.0,Orchestra/RFTN20_RATE,https://api.vitaldb.net/896611dc709369ae020302c933ebdcca6c18141c
8970e38e1a7f1007529eb8e9658b1b1a6756edcd.csv,37242,79d6c7d13e33ba3ca577b753edcab9470651d2272c21d469065b1110a9540669,numeric,2488.0,Solar8000/HR,https://api.vitaldb.net/8970e38e1a7f1007529eb8e9658b1b1a6756edcd
897da2ec0275d83ef3b1e3ea461a425ce654221f.csv,64340,6b5bffce5ab7a4096fe70a2f3aacfdde5f62dc0213c2002075a1a2d1b3ada715,numeric,4858.0,Solar8000/ART_MBP,https://api.vitaldb.net/897da2ec0275d83ef3b1e3ea461a425ce654221f
89b4c833cacdb74af2b10d087b4426b4c4426a51.csv,38679,3f3c4f848dbbac18fb07e2bf1149a699d70079a3b436a97a6cebc8aa8d464584,numeric,571.0,Solar8000/NIBP_MBP,https://api.vitaldb.net/89b4c833cacdb74af2b10d087b4426b4c4426a51
89be7adf7ef6beed7b21437f2dde28c03cdbd655.csv,362342,db6d905356b051f25bb22cafe00692b803d5d875cd683b1c38c831f063a57844,numeric,3287.0,BIS/BIS,https://api.vitaldb.net/89be7adf7ef6beed7b21437f2dde28c03cdbd655
89e0b677bd926e411fb4e7fba3f5368554fe0961.csv,612827,aade4011a8186a50dba4558d7d50de50365d647054e65bf6b8021c7ae775e7ac,numeric,2222.0,Orchestra/PPF20_RATE,https://api.vitaldb.net/89e0b677bd926e411fb4e7fba3f5368554fe0961
8a06398f30d19c7efb4b9aa71f7714b986cb1ea1.csv,105876,506ce4fb2a1801c7f0b562f8d2d5d64e1fed2183c86d0ce4387d58559bdd9a5f,numeric,4589.0,Solar8000/ART_MBP,https://api.vitaldb.net/8a06398f30d19c7efb4b9aa71f7714b986cb1ea1
8a0ee2fb97b3adfedbcd68d63e84a109fdbc9661.csv,134010,b799de98a573243a45511d53e14bf9ae7769424e76951a2ceab26b7b0b4c1c13,numeric,5949.0,Orchestra/PPF20_CE,https://api.vitaldb.net/8a0ee2fb97b3adfedbcd68d63e84a109fdbc9661
8a1465f03fa26077442e5724c971467745e8f431.csv,314598,6b7518dab64ee5b2caa098482a939dbd8cab84d781fbd5116bbf2184dd8b3f53,numeric,4870.0,Orchestra/PPF20_RATE,https://api.vitaldb.net/8a1465f03fa26077442e5724c971467745e8f431
8a1f32b5d0aa0344f1f46690c150bd5641ce7be2.csv,257909,c98072e314f0b7655e03f70da72ba96732acfce16fc08dad4e9a999a9d2c70e2,numeric,822.0,BIS/BIS,https://api.vitaldb.net/8a1f32b5d0aa0344f1f46690c150bd5641ce7be2
8a200f82e23c5ee252f929d0ead7f434d1cb0956.csv,127623,a7bb6edaef2c86d4e4e7887e382f0785debe115da089d307e6b13ed7e1830da9,numeric,4186.0,BIS/BIS,https://api.vitaldb.net/8a200f82e23c5ee252f929d0ead7f434d1cb0956
8a288e5aad5174c9400101b0ac6f90012b3a639c.csv,449471,1e26ccb515d05d98176d2ff8220d07d2b6a2e1dc0d2600df4a074446b0de30ff,numeric,2586.0,Orchestra/RFTN20_CE,https://api.vitaldb.net/8a288e5aad5174c9400101b0ac6f90012b3a639c
8a2a41a2986747d976c9c92a8e1433d85968b72b.csv,62742,29d5974767e621d1e4c0e1a57a2f82618023519919bfd6c5d15a6cf98a6d2f73,numeric,1623.0,Solar8000/NIBP_MBP,https://api.vitaldb.net/8a2a41a2986747d976c9c92a8e1433d85968b72b
8a2d411fac38c1a99344f477616f34344cf2abc7.csv,124009,fab0ca94785f97972bb9939b0b3365ab05ad6ec42804478c64b79c45d2c533cf,numeric,3935.0,Orchestra/RFTN20_CE,https://api.vitaldb.net/8a2d411fac38c1a99344f477616f34344cf2abc7
8a3ddb6769653068f85eff75d3dca8df1c6a5225.csv,942084,62b59e2093166e36871d2b7015166ae6237e0093b9119f36a54bba8d420a9ce4,numeric,3331.0,Orchestra/PPF20_CE,https://api.vitaldb.net/8a3ddb6769653068f85eff75d3dca8df1c6a5225
8a482463926f708094a877c44ac37764ba8b4485.csv,114980,cd52d12d4b690e212c135be65c854383b790b7cb3b700a13bdd4ef4f8f3b2d6e,numeric,2273.0,Solar8000/ART_MBP,https://api.vitaldb.net/8a482463926f708094a877c44ac37764ba8b4485
8a7d74d01af7680466bc6b8228c4b7a72013918f.csv,152265,6e6dbf79c4f21a05d4dad3651e745538a4b15df4c35c018b42803d3fb4c15153,numeric,1566.0,BIS/BIS,https://api.vitaldb.net/8a7d74d01af7680466bc6b8228c4b7a72013918f
8a8604ef45336d8616aadb5a1f0dbeb252c102f2.csv,57537,778abccf7a0edf97a07e99ed23571e781e204b3593a7ac1a4c58464f50562712,numeric,5675.0,Solar8000/HR,https://api.vitaldb.net/8a8604ef45336d8616aadb5a1f0dbeb252c102f2
8a8a542e483924b8f4ab58e30a92aecc971c3ce7.csv,744762,bb8ab652f8dada6edfd7867c6b34a76bf4fc5cf9ef21884335b6e5815b9bf012,numeric,2004.0,Orchestra/PPF20_RATE,https://api.vitaldb.net/8a8a542e483924b8f4ab58e30a92aecc971c3ce7
8aa07d22e55ef71fe5666833203d38aa8d132800.csv,727693,c0f9bae344a01449ea89d7e714704e22c59b42f5fa1c3cfead94934bb5b4dabc,numeric,2231.0,Orchestra/PPF20_CE,https://api.vitaldb.net/8aa07d22e55ef71fe5666833203d38aa8d132800
8abfd545ab427689b0d44b804c36e2da6ee8a9f5.csv,552323,3d032ee98a8413db140f684a4a33761d70fe771c2a6ff7090bd2b6ca07b72633,numeric,4897.0,Orchestra/RFTN20_RATE,https://api.vitaldb.net/8abfd545ab427689b0d44b804c36e2da6ee8a9f5
8ad9cc9696dc17a96ceed53baf9c35c6fc61ea9f.csv,355372,8be300037ec39cc150e8077e0e1d40eba2d35b96040837c538a5f1dfbd6f344c,numeric,5867.0,Orchestra/PPF20_CE,https://api.vitaldb.net/8ad9cc9696dc17a96ceed53baf9c35c6fc61ea9f
8ae27e29ab66c164456cf5ad00463397285e8b18.csv,65959,22b61904c1d382918f5d711ad9f956dc93adb3cebc157228b80d7fd0baf1be85,numeric,3352.0,Solar8000/ART_MBP,https://api.vitaldb.net/8ae27e29ab66c164456cf5ad00463397285e8b18
8ae83fa66cf3bdfe9fe9afcb0c41374d6a8b9d8e.csv,1022633,5ba971f30838e9879ac25487ea729e8a8d8624d7570a601150cadc05f2276818,numeric,5937.0,Orchestra/PPF20_CE,https://api.vitaldb.net/8ae83fa66cf3bdfe9fe9afcb0c41374d6a8b9d8e
8aeaed81f4f7217c6e5b8a9af0993790882c8a7b.csv,41047,d9ed4e6c0b1f95e1cec2aa73f8472204e392c344fb0b24b41ed2fba07d79f142,numeric,1026.0,Solar8000/NIBP_MBP,https://api.vitaldb.net/8aeaed81f4f7217c6e5b8a9af0993790882c8a7b
8b0427866be66f7918f68c35d389dbe91f57c481.csv,226931,ee33f3e134dbe74f68770b5571ad626e3e0f66f124b7a52759aa397555da7e87,numeric,350.0,Orchestra/RFTN20_RATE,https://api.vitaldb.net/8b0427866be66f7918f68c35d389dbe91f57c481
8b2c53f4ff0678d5ab11b3c6d500802df94f2036.csv,544352,0584b56a16265aedf1184b7c30e5bd7c67bf613304a481a2718d841a9ffa268a,numeric,4277.0,Orchestra/RFTN20_RATE,https://api.vitaldb.net/8b2c53f4ff0678d5ab11b3c6d500802df94f2036
8b2d26206f48d0f4ff6d6c086cd1917241a897df.csv,122142,aed74c47a8dcdd119f54eab0ec6d059c659efb574d33567ed2474963c723557f,numeric,5137.0,Solar8000/HR,https://api.vitaldb.net/8b2d26206f48d0f4ff6d6c086cd1917241a897df
8b4ee4ff28705111db211552468381d5caf4b5da.csv,220619,1ca138a4ba4b23d69430ba28bae257588e8757bbcaf2a6580b8474e6d2050fe8,numeric,6170.0,Orchestra/PPF20_RATE,https://api.vitaldb.net/8b4ee4ff28705111db211552468381d5caf4b5da
8b66e05083ff11a828c9ff23be4f136f78d5bf5a.csv,93607,0f6d59c4753069f8ff532e92516183fa72b6cc7f80397deae99a90beda3ee53b,numeric,2763.0,BIS/BIS,https://api.vitaldb.net/8b66e05083ff11a828c9ff23be4f136f78d5bf5a
8b832ca7e3b6a7c7d648e6b6f1eabdd919179acc.csv,958352,2d0805ed38a3d405172c1f428393e7be4cbf3a50871f5974393b4d250802a97b,numeric,6296.0,Orchestra/RFTN20_RATE,https://api.vitaldb.net/8b832ca7e3b6a7c7d648e6b6f1eabdd919179acc
8b84421195454a11ec79df8cf579fe8cd1f851c4.csv,117223,9b777e9780d70cf52ab318fa399865611035a9764376ee112669dd0c2d2cbddf,numeric,1820.0,Solar8000/ART_MBP,https://api.vitaldb.net/8b84421195454a11ec79df8cf579fe8cd1f851c4
8bb05057052d70765283038eed2a25ad8945102c.csv,11809,b49d5c98d52feca37a2d42cbb41a7ab8398e50da876abd1ed6306fc9622ad085,numeric,2931.0,Solar8000/NIBP_MBP,https://api.vitaldb.net/8bb05057052d70765283038eed2a25ad8945102c
8bbd07595597d2e87863a9702f79059b4c7f8034.csv,306535,714954325d00fd0d9244789ca51cc7e5c7397a95760ec56565fd7e8bc29d4dfc,numeric,2763.0,Orchestra/PPF20_RATE,https://api.vitaldb.net/8bbd07595597d2e87863a9702f79059b4c7f8034
8bd8e352a15b2789542fd5a49cfeab98bc387526.csv,491835,73ff394d233fe189cbed925f746a917b689391ed58a23bd46b18d721c72161ca,numeric,2350.0,Orchestra/PPF20_RATE,https://api.vitaldb.net/8bd8e352a15b2789542fd5a49cfeab98bc387526
8bfdb1811f2d95ab2653aac4b2fb73a11648a0d1.csv,612085,873019e10e46ae24d72ff60d4fec46544cc6dcd58d4b64e45346d06fac99ca43,numeric,5682.0,Orchestra/PPF20_RATE,https://api.vitaldb.net/8bfdb1811f2d95ab2653aac4b2fb73a11648a0d1
8c0d1809608f27de6b6742ca1731c833ac54ef42.csv,1125836,f330eac95442293c73e49fb9b07250bcfb5f17c6118136b2e0e4e5392e58aeb2,numeric,3860.0,Orchestra/RFTN20_CE,https://api.vitaldb.net/8c0d1809608f27de6b6742ca1731c833ac54ef42
8c1a341a970511aa64fecab4c2dab1625c90628e.csv,295871,dc4cce7081e48254685a6ecf431995cd787ff1dd9953781ee82c4c118ff43406,numeric,1034.0,Orchestra/RFTN20_CE,https://api.vitaldb.net/8c1a341a970511aa64fecab4c2dab1625c90628e
8c28cda8cd75444126e174a29ae61c50ffb1df62.csv,34332,a7693d903a010be9a2ec2a4ff9646e172602b45fa531bfa87ba702d40dbc5d74,numeric,3710.0,Solar8000/NIBP_MBP,https://api.vitaldb.net/8c28cda8cd75444126e174a29ae61c50ffb1df62
8c2eed51cca4ca046903de5ec40cc776fd647efb.csv,239595,7d6e786ec0082f84516f048ab400fb804cd444f0a43b88a9c8c021f52ef6f9ba,numeric,2238.0,BIS/BIS,https://api.vitaldb.net/8c2eed51cca4ca046903de5ec40cc776fd647efb
8c3a638aff2e219145866a64fe7bfdd8b31ded8b.csv,107371,07d454e6a5656f7d0800f646724e79f0aaae12a69dd205888a27b8cb92309ccf,numeric,17.0,Solar8000/HR,https://api.vitaldb.net/8c3a638aff2e219145866a64fe7bfdd8b31ded8b
8c5788bc2d31683c4b24014cc1353fdb4b408be3.csv,670815,ec3d3e54cd997c03ca5454a04b525f3ff7219122ee49914f0532942818850328,numeric,2837.0,Orchestra/RFTN20_CE,https://api.vitaldb.net/8c5788bc2d31683c4b24014cc1353fdb4b408be3
8cf0729239d3eae88c143e1ba488f6cdc600b3ea.csv,77065,5ed4238a73ae14227af182d81e57f325caeefd582421075c9100622f73cf2dde,numeric,5490.0,Solar8000/ART_MBP,https://api.vitaldb.net/8cf0729239d3eae88c143e1ba488f6cdc600b3ea
8cf1e9be8eb6875211a910f26be3970932cc72e4.csv,329048,26f1b4c750fcb2f41d0ebada4e2ed9040777d928d893bcf4bc00cddfaa97ac53,numeric,5048.0,Orchestra/RFTN20_RATE,https://api.vitaldb.net/8cf1e9be8eb6875211a910f26be3970932cc72e4
8d0f198896c49a03176c39c3a91d9df8e8755877.csv,40112,bd4d78431a853c3d28f96d26e55515b1f1e3be80ce1bb72ab69d60ba0482e986,numeric,3095.0,Solar8000/ART_MBP,https://api.vitaldb.net/8d0f198896c49a03176c39c3a91d9df8e8755877
8d2a07ce3f9509b0ff05d9d99c4a1ea15db57a83.csv,892692,f12304d6d52d6fb8625627fca6e4ed382b8efc0cd19cc39db88925ffa5bbbb30,numeric,6280.0,Orchestra/RFTN20_CE,https://api.vitaldb.net/8d2a07ce3f9509b0ff05d9d99c4a1ea15db57a83
8d3b005d236b5d2ad869e9b32f11ae10d4726b86.csv,575587,4a6bbd2d1672fbe2e3562ee7843c538a5d2874a0882885123be0613ece8e3633,numeric,4897.0,Orchestra/PPF20_CE,https://api.vitaldb.net/8d3b005d236b5d2ad869e9b32f11ae10d4726b86
8d6b83427e66dd08e2bd7ae0cf8ddc21fbdd92ff.csv,1158836,4bbf40562b158c7048f62228685eb2d35fa50aeaff0474cdb112fc79535c058c,numeric,5360.0,Orchestra/PPF20_RATE,https://api.vitaldb.net/8d6b83427e66dd08e2bd7ae0cf8ddc21fbdd92ff
8db3729ba24fc1655fc0bcef9e926d11d9a3ab11.csv,19796,9c1aab2d1abc2454f03b50b469b487d440db719ef519725f3873354e5e7386c4,numeric,1925.0,Solar8000/NIBP_MBP,https://api.vitaldb.net/8db3729ba24fc1655fc0bcef9e926d11d9a3ab11
8dbbc5c05dc97a771675bdf300291327b084149d.csv,394525,e4c17def01e9ff55a60c2919f9445342db3d77d22fa21ac8820773f7802892b8,numeric,1814.0,Orchestra/RFTN20_CE,https://api.vitaldb.net/8dbbc5c05dc97a771675bdf300291327b084149d
8dbc713464ba4285e551869ad09efa4b6e3585dc.csv,54700,9f168b0f833211e848df48a171aa90fe9aa4ae07f512067a1357297f8e98e22b,numeric,6053.0,Solar8000/ART_MBP,https://api.vitaldb.net/8dbc713464ba4285e551869ad09efa4b6e3585dc
8dfc5c0d32d976866b881af5820129096ff9e3df.csv,56193,7c5c3560380febbecd8b4aacf6b307d2578fb591299390dc1ae43f5bee8dbd4e,numeric,5469.0,Solar8000/NIBP_MBP,https://api.vitaldb.net/8dfc5c0d32d976866b881af5820129096ff9e3df
8e043b4a67f0ddd9dd844425b61ab0afb6f0bc03.csv,503842,59a0c2b350965f25526cef989cf137fd0c5efed6c92036c51c022ff68ed988ee,numeric,5675.0,Orchestra/RFTN20_CE,https://api.vitaldb.net/8e043b4a67f0ddd9dd844425b61ab0afb6f0bc03
8e0b68946c2432af5fd1a9344b38aef56b1add23.csv,968113,061d06001353abb57bebccbffc1cd0d77e4e2237f1e4e3edea6a89d64ecb3a25,numeric,4589.0,Orchestra/PPF20_CE,https://api.vitaldb.net/8e0b68946c2432af5fd1a9344b38aef56b1add23
8e10b7265005de0084cba0dde0701d60864e5a81.csv,106818,257f2d50485a2618d5fd1a8719d0621e743e392f2eafb45ed8366fc49b39066d,numeric,3407.0,Orchestra/PPF20_RATE,https://api.vitaldb.net/8e10b7265005de0084cba0dde0701d60864e5a81
8e241a22099a75a5b603a0d73d4d0eb6e214114d.csv,165780,211ae8f9c9635450d6fd7f95a21824354b2f447c67355e316883482801c25cfb,numeric,5486.0,BIS/BIS,https://api.vitaldb.net/8e241a22099a75a5b603a0d73d4d0eb6e214114d
8e295c3fc3f79a0a0fabd9152207b864d430fdcc.csv,386758,7ae3a24c446f1587125679043540297b45b30ee70af7899f51915aa971c93e5f,numeric,5693.0,BIS/BIS,https://api.vitaldb.net/8e295c3fc3f79a0a0fabd9152207b864d430fdcc
8e350713434335f18be4a3dac06e4c234169435d.csv,5489,89c1853c3005e2979de1562889419f04d2557b93a9f5954b85a403fe5e852a1a,numeric,2380.0,Solar8000/NIBP_MBP,https://api.vitaldb.net/8e350713434335f18be4a3dac06e4c234169435d
8e44a1f9855cb8b8959e276b51e87615115a6ec4.csv,419293,6cb38877e43ec915fba4f0e9e122433c29c25940941d8fb223d8c8a13060065e,numeric,2426.0,Orchestra/RFTN20_CE,https://api.vitaldb.net/8e44a1f9855cb8b8959e276b51e87615115a6ec4
8e4e32883d2b14d31b97a91dd65cbd4f4c27d10a.csv,437259,3d78c3e086e40c7581c3e08b2016c0ab54a468e309f80e74ac6e32bda8ad9daa,numeric,3691.0,Orchestra/PPF20_CE,https://api.vitaldb.net/8e4e32883d2b14d31b97a91dd65cbd4f4c27d10a
8e52e5cc3ddb24a152da6fb51cd32ee0ada0d858.csv,871765,2339a0a1ca35e96a79ed97e6fb5e1eb56c1d290b635643a1d8c0666bea09f212,numeric,5314.0,Orchestra/RFTN20_RATE,https://api.vitaldb.net/8e52e5cc3ddb24a152da6fb51cd32ee0ada0d858
8e537a9daf003c8ee49d6aafd22d667f07ebda23.csv,878132,2c48678e144fd0db997b0773050547ccdff24e71acda70a1d334e07f1218d93e,numeric,3729.0,Orchestra/RFTN20_CE,https://api.vitaldb.net/8e537a9daf003c8ee49d6aafd22d667f07ebda23
8e5d9d444f19168c1f3126aa589490e7a998e0c5.csv,204519,ae146ffc825429c247307b20761040fa193cd38a4ed97fed4aaf2e172a10a455,numeric,4390.0,Orchestra/RFTN20_RATE,https://api.vitaldb.net/8e5d9d444f19168c1f3126aa589490e7a998e0c5
8e653386c4bf7e595237622b7bd62ed4e38a662d.csv,72533,f2f10f68d68e6107b53aeade0ac90a703b1dc6349613cc33a604d89b4cb3eb30,numeric,3431.0,Solar8000/HR,https://api.vitaldb.net/8e653386c4bf7e595237622b7bd62ed4e38a662d
8e7b84e507f5d2256e48e65bd59c87ef0f12ab76.csv,915206,78ae824ee1266711acb5a568a0163f52af4ca02d429b69f69a7fc198534e9c7a,numeric,1785.0,Orchestra/PPF20_CE,https://api.vitaldb.net/8e7b84e507f5d2256e48e65bd59c87ef0f12ab76
8eaa5c1bc5ea1d7fb36d986607cf01f93e794309.csv,102679,81349bb32562df040d1a968dfee4667d212079a98bac9e2e53e6f9d09fd37b7a,numeric,3560.0,BIS/BIS,https://api.vitaldb.net/8eaa5c1bc5ea1d7fb36d986607cf01f93e794309
8eabf839315232b6bc2ba04f7d2e3ed260da751c.csv,373485,a7f5f3f0cef54542023c4227460da6394eced1b7c757fa34918b0b977038b209,numeric,414.0,Orchestra/PPF20_CE,https://api.vitaldb.net/8eabf839315232b6bc2ba04f7d2e3ed260da751c
8eb1eb35cb66d6ee08c02048a3d3d15058685d40.csv,855347,173b36d222931b75e7d5471e3811c38d3bc93bbd7b0f898b5d4e4a60c8700201,numeric,751.0,Orchestra/RFTN20_RATE,https://api.vitaldb.net/8eb1eb35cb66d6ee08c02048a3d3d15058685d40
8ec8a187e6158521457e9dd2d3608ce1a6e37910.csv,1059737,79d255585b627e61fca4cf1987230d4855b3da56f0e43272c06b5b13f89385a8,numeric,5360.0,Orchestra/PPF20_CE,https://api.vitaldb.net/8ec8a187e6158521457e9dd2d3608ce1a6e37910
8efce2192c6b078f481a8e11f960c063a7ac93c8.csv,1480195,f009887b5170ebe9a27ff8dc0018a13e67039285bede3d6ea2519f8a39e06c74,numeric,5693.0,Orchestra/RFTN20_RATE,https://api.vitaldb.net/8efce2192c6b078f481a8e11f960c063a7ac93c8
8efeb9e7d7d804baa4b2c54a6ae74e6ac6022679.csv,566479,444b1be17408634b1fa8850d1b3b128524f98ecc889a19044ace8f903a0b9a88,numeric,2498.0,Orchestra/RFTN20_CE,https://api.vitaldb.net/8efeb9e7d7d804baa4b2c54a6ae74e6ac6022679
8eff6c83e5977e5f30b0ebad68dd462d290465ff.csv,68790,fa50dd3bcca95328aec55ee8267f6cd0d7e82e73c4a1a945b5da9dae19182b7d,numeric,809.0,Solar8000/HR,https://api.vitaldb.net/8eff6c83e5977e5f30b0ebad68dd462d290465ff
8f1df649eed7927d0da006873f634809da216871.csv,604124,7245f12739de76985dac1a320f4369c1434f3ed6402d2739be80caeb80e369cf,numeric,2243.0,Orchestra/PPF20_RATE,https://api.vitaldb.net/8f1df649eed7927d0da006873f634809da216871
8f29262d1d912f9c24ea56a9a5c528ccdd7c2cff.csv,613438,30d91aed90c9a6c5cd23bacba8c6c1bf924a1db72ae9c7c993659f935bdba8d6,numeric,816.0,Orchestra/PPF20_CE,https://api.vitaldb.net/8f29262d1d912f9c24ea56a9a5c528ccdd7c2cff
8f347699f0cd12e20a7d32f9bfdcd1d0a93948a5.csv,767853,7cfe4567339e360df704c76a90ec4a83fa6d66ed3d56ce0a9ac2a537f6bdf3a8,numeric,2000.0,Orchestra/RFTN20_RATE,https://api.vitaldb.net/8f347699f0cd12e20a7d32f9bfdcd1d0a93948a5
8f5a3327a30e25197a1feb4bd87fef304f07de47.csv,158122,be019b9f9abcc2b39feae938c61ee5942a7141c23024c45f06cfc122368160e0,numeric,2943.0,BIS/BIS,https://api.vitaldb.net/8f5a3327a30e25197a1feb4bd87fef304f07de47
8f6a93277e671e36a6c1a8a63140810830bc9d8a.csv,847016,62b71da4f92b3ab9ff5f71750fb4c001c1276a01b2fc91a955af8ff7125a4a93,numeric,5140.0,Orchestra/RFTN20_RATE,https://api.vitaldb.net/8f6a93277e671e36a6c1a8a63140810830bc9d8a
8f766407b45a7971f0c0d3219feaed7ceed09a8c.csv,171584,b494db043ca417bb0d74d2f52223a714236c5d8cf759bfdf69add7a57440ba70,numeric,4780.0,BIS/BIS,https://api.vitaldb.net/8f766407b45a7971f0c0d3219feaed7ceed09a8c
8f84420e0026b95f2e010addf8c6d6958d17f1f8.csv,831731,e9fd071f02fda435266d2cc7faddee7d59117cd182e157df5c3a025c41fbacc1,numeric,5749.0,Orchestra/PPF20_RATE,https://api.vitaldb.net/8f84420e0026b95f2e010addf8c6d6958d17f1f8
8f9ce88e4a7a45ed31077a68f7fb7b1dc9b30bed.csv,967661,82634e11b52082c748a372b26adbdb21b569cbc49560dddfb74233025b9cea19,numeric,3785.0,Orchestra/RFTN20_CE,https://api.vitaldb.net/8f9ce88e4a7a45ed31077a68f7fb7b1dc9b30bed
8fc33018b4c1319a22b759366bc0d2655c65b8a6.csv,127203,bd60be9137fbfa3b539f0604a1479e9ba9468e62d1d9fc4d84f94cc524c15b43,numeric,3068.0,BIS/BIS,https://api.vitaldb.net/8fc33018b4c1319a22b759366bc0d2655c65b8a6
8fcd6e2b6d09337f07e68dc4fbf4b32ab144fcc1.csv,541888,5200e88aa3c4e531d74160fa71934db116ad4a018f4e6c194601cd55033ceedb,numeric,2353.0,Orchestra/PPF20_CE,https://api.vitaldb.net/8fcd6e2b6d09337f07e68dc4fbf4b32ab144fcc1
8fdbe4dd8315e4e7198153890d4beef5689e9683.csv,502691,8222e813663761b68005a9624cfa01ce877286b81695d03ef95f8c29aafcb11a,numeric,4898.0,Orchestra/RFTN20_RATE,https://api.vitaldb.net/8fdbe4dd8315e4e7198153890d4beef5689e9683
8fe970faf0a83d86097a6ddf9bc7b2b349eb38f7.csv,710457,983b0f7a086d215b4bedb5cf71af1566cd4d7b4300361fa384cf092d5f8255d6,numeric,17.0,Orchestra/RFTN20_RATE,https://api.vitaldb.net/8fe970faf0a83d86097a6ddf9bc7b2b349eb38f7
8ff4482a69c19575e4faad011f74a44a25f1716c.csv,256923,2ad7fae1a465d6e6a0a7672231d25adf814a4177d5724bd77ffc542365d7de0d,numeric,1045.0,Orchestra/RFTN20_RATE,https://api.vitaldb.net/8ff4482a69c19575e4faad011f74a44a25f1716c
8ffb9804e27044a93d40767b7c574054870eea44.csv,39151,c3a13ffe43811cb32ba6327ab7085509939fc596fd760950934f1295759247e4,numeric,6097.0,Solar8000/HR,https://api.vitaldb.net/8ffb9804e27044a93d40767b7c574054870eea44
9005c7d6888bb3c9561b1d6541ae88a133298983.csv,400216,976014477168b7896c7bf03fdb56dcbbd5d04e012987b88f54d9b1237289134c,numeric,1002.0,Orchestra/RFTN20_RATE,https://api.vitaldb.net/9005c7d6888bb3c9561b1d6541ae88a133298983
9020a8614031ebf7658b4752653bc6216ac45b90.csv,447495,bb63ec1227892b33cf7d0a5877673f3275018d28f6aec80ed1a8e9451594e99b,numeric,295.0,Orchestra/PPF20_CE,https://api.vitaldb.net/9020a8614031ebf7658b4752653bc6216ac45b90
9040a9fd625d26487eeeb119019e17e364d5fe1c.csv,791005,024357167376636023392256fd3c107ff30ac41aa13264a4a4fc67d1e0e3bb68,numeric,3805.0,Orchestra/PPF20_CE,https://api.vitaldb.net/9040a9fd625d26487eeeb119019e17e364d5fe1c
9041c9a0b9777e8fcb0c6fc23e2a12ceb44c44cf.csv,884769,283aaffd3d5f22b45fb46e1aca72c3f19156824b2367affb6ad5bf3a7c2ad41b,numeric,1922.0,Orchestra/PPF20_CE,https://api.vitaldb.net/9041c9a0b9777e8fcb0c6fc23e2a12ceb44c44cf
9061f15516b14a8b7504fe022b15c187a8622fa3.csv,2977,213f41cc9cfed666903ba25e863232ec23462e7702c3487d05cbd26f42eb29ea,numeric,4122.0,Solar8000/NIBP_MBP,https://api.vitaldb.net/9061f15516b14a8b7504fe022b15c187a8622fa3
9086613d62dc90c407111271d2cdbb943add588f.csv,242401,0fa53ccfbc977273f6c1de3046c363a3b67ef140bd3a7e3dbd66ab154a94385f,numeric,4868.0,Orchestra/RFTN20_RATE,https://api.vitaldb.net/9086613d62dc90c407111271d2cdbb943add588f
90966183bc3d53ecab36b80c1ea9c03026a7ad00.csv,40934,a53aff38d62f501c836ea77284fa1e4d87a2c550c9a9f9a0906ee892bee82e63,numeric,416.0,Solar8000/ART_MBP,https://api.vitaldb.net/90966183bc3d53ecab36b80c1ea9c03026a7ad00
90beac006256add437983fd8deb4dbe24ea493d1.csv,406992,a160c3831a2502dc7ee76bbb79b7d055d8345138ab293e00ebb33712f5a72551,numeric,1323.0,Orchestra/RFTN20_CE,https://api.vitaldb.net/90beac006256add437983fd8deb4dbe24ea493d1
90d09f353e43b5da0ff060745301c99bcb92dd54.csv,198716,a805264113907005251925e2af7482acd0edaeaf6fa06921c5ad56722bdde5ed,numeric,4920.0,Orchestra/PPF20_RATE,https://api.vitaldb.net/90d09f353e43b5da0ff060745301c99bcb92dd54
90d8d2950f1c788ba683d1d489771d63336791b0.csv,1006412,899a6ff552d2277e81e960ca0dd9dfef78d08226eb8644e5c7a44a9df16c95d2,numeric,3113.0,Orchestra/RFTN20_RATE,https://api.vitaldb.net/90d8d2950f1c788ba683d1d489771d63336791b0
90e1ec3cc4e2a0b65170e1f6e31adb898654c838.csv,172673,d2322b027585872bef85e41f8976262241b902d463ec340d101e6140b81f3650,numeric,2949.0,BIS/BIS,https://api.vitaldb.net/90e1ec3cc4e2a0b65170e1f6e31adb898654c838
910f5fb0ab635e94da665db023e0f2c8b6ac4a0e.csv,70368,3f6b4cdb195ac916f19e07fcfa92403a752fe4034bd041ec754456a3793b1f5e,numeric,5142.0,Solar8000/HR,https://api.vitaldb.net/910f5fb0ab635e94da665db023e0f2c8b6ac4a0e
911575bf8b1c7a029e2466934c80aa4735827805.csv,696396,bb78c2acde526da99853a2ad7fda77538c54d7f6db5951a803a3c6904c86a15a,numeric,3279.0,Orchestra/RFTN20_CE,https://api.vitaldb.net/911575bf8b1c7a029e2466934c80aa4735827805
91192dd6873db5b402e3644d0f8309f86769ed82.csv,98145,a41a9ffd0c810ee5b0f0cf7cbf51110d1e9016a3735ddfcaa5ae7ee847deee1f,numeric,3670.0,BIS/BIS,https://api.vitaldb.net/91192dd6873db5b402e3644d0f8309f86769ed82
9132c8fbea3d13944f6989361829d5aa50a681c1.csv,674701,74459e22c83166e227fd3904acea390a0658b13d0548d9245384761a742696c1,numeric,2632.0,Orchestra/PPF20_CE,https://api.vitaldb.net/9132c8fbea3d13944f6989361829d5aa50a681c1
9134c6ebb993640abbd0b1806e8308b4957820c2.csv,519424,cfbc34e68bf96a6c56bd08b911341468be9604a6087965bb99089fee44b8c2d6,numeric,1687.0,Orchestra/PPF20_CE,https://api.vitaldb.net/9134c6ebb993640abbd0b1806e8308b4957820c2
91366555767a1b726d9e2ac7b54c1e00488a672d.csv,93813,3b5e0ba8eb9c68aa8bae6db864d6d5c3614e78d556d470b6046149fe2e1dbf1f,numeric,5511.0,BIS/BIS,https://api.vitaldb.net/91366555767a1b726d9e2ac7b54c1e00488a672d
914865e33de861ae153e56fb28315573841d45ba.csv,177088,7708d8c52719af98466a917d792f6f61e230f42d269ae6a017158c33345c37fa,numeric,485.0,BIS/BIS,https://api.vitaldb.net/914865e33de861ae153e56fb28315573841d45ba
915381ef54608b735bf2c2877e477817930deadf.csv,969626,b8bb3a500981f799e31adf50e180acaefbe83202e85d6615a5cefa4128fae518,numeric,3785.0,Orchestra/PPF20_RATE,https://api.vitaldb.net/915381ef54608b735bf2c2877e477817930deadf
9171b43b12c2a41313996f5efff6e31ae8bd98fd.csv,1039136,e64f8e83abd026318309c94f4fd349cc4bcd91b56a1ef56ed46b51fae7209a5d,numeric,1026.0,Orchestra/PPF20_RATE,https://api.vitaldb.net/9171b43b12c2a41313996f5efff6e31ae8bd98fd
919fff74d6d3b898c1c3d3cd97228691751218b5.csv,345214,6ac5928110ca837c42a762f7cb3266d3817451ffe8df8df680be156690ac0385,numeric,5998.0,Orchestra/PPF20_CE,https://api.vitaldb.net/919fff74d6d3b898c1c3d3cd97228691751218b5
91c3b602313c487e8f67f7ccc9b1686babe011d9.csv,461134,7dff5d65940c2e6870fcd09bddf1f50367932ded7fc4bf79332383f154f920d1,numeric,3351.0,Orchestra/PPF20_CE,https://api.vitaldb.net/91c3b602313c487e8f67f7ccc9b1686babe011d9
91fb713da2c4e0dbf021426b739e5c3a6f25448b.csv,549282,74af4bcd317cd88d4926454d223e02a898df3c4361cd86a46c5e7a8b131d6c2d,numeric,4277.0,Orchestra/PPF20_CE,https://api.vitaldb.net/91fb713da2c4e0dbf021426b739e5c3a6f25448b
921960a6b51ef290b1392844ae97ae375ec33a2c.csv,425153,6ef8b81187567b795ed74eb040bf5facc91814f181b4eab3dcfc35b49eb2749a,numeric,124.0,Orchestra/PPF20_RATE,https://api.vitaldb.net/921960a6b51ef290b1392844ae97ae375ec33a2c
925d88f3eb02c6e4f32e57b3840bd6e29f2f6f7d.csv,160198,090302315dba5bfdfff4ebd78963c54e065d733d9e480a7877d3ad8166afed5f,numeric,4287.0,BIS/BIS,https://api.vitaldb.net/925d88f3eb02c6e4f32e57b3840bd6e29f2f6f7d
9271917d33117a3ea70453f3600463f5900d3ee1.csv,119685,28a3f004cf48a2a246f706ed182f83dfa7aa1838a2127771f689d7306672c9ba,numeric,490.0,Solar8000/ART_MBP,https://api.vitaldb.net/9271917d33117a3ea70453f3600463f5900d3ee1
929c66a654770126323f72c67e166708c33279f8.csv,46239,6e98cec7ef03ed3a0ee13b7e43aaf852b82a5245ab5b2d6354cbc9bfcb4e4c99,numeric,6034.0,Solar8000/NIBP_MBP,https://api.vitaldb.net/929c66a654770126323f72c67e166708c33279f8
92addc636f5e59b106146d4e310f0f5591a7d986.csv,53007,26860bb19c1e945daf4382907041d29806f4b164e50bdae6050ecfaecc584cea,numeric,3221.0,Solar8000/ART_MBP,https://api.vitaldb.net/92addc636f5e59b106146d4e310f0f5591a7d986
92bdf573ce1d2de38f6a90c1e47ceed76c65bae1.csv,182721,e0d4d56723b337cd3d14436a9ad4896da43e4ea6052b272301b71bcdd45d28e1,numeric,1157.0,Solar8000/HR,https://api.vitaldb.net/92bdf573ce1d2de38f6a90c1e47ceed76c65bae1
92ff08d5526c2ae788b75aeaf22c3e840b7628ff.csv,83487,6186a88e1df8ae334f5b31bc90b7cab087d89ffa45ec7a1a65a1062cd8f2ac3a,numeric,5180.0,Solar8000/HR,https://api.vitaldb.net/92ff08d5526c2ae788b75aeaf22c3e840b7628ff
9323db736e2f72c8dc727f8eb35cb4d317613bb2.csv,80205,13aaea143814cd64ad620eeb1d68bd20988b66fefbe378fcb356a79ae977a67b,numeric,1172.0,Solar8000/HR,https://api.vitaldb.net/9323db736e2f72c8dc727f8eb35cb4d317613bb2
93673c6ec4bcd601114c507fe1c6c011e0e882cc.csv,60784,d1f481d5f5b7bf3bb34b1a725489fa861f47bbdb49d933fe5958efdb94a8e588,numeric,6163.0,Solar8000/HR,https://api.vitaldb.net/93673c6ec4bcd601114c507fe1c6c011e0e882cc
93691cda7e27c79922dbad3cc0ad1e7b4825c24c.csv,358360,1625dfe349bfab48fea7bc87ddaabd858610208c19dcbdd07959fc3cdcf23f59,numeric,571.0,Orchestra/RFTN20_RATE,https://api.vitaldb.net/93691cda7e27c79922dbad3cc0ad1e7b4825c24c
9380f7aaeb788275a277ce7cf2f36d4ded88c643.csv,42393,9284198a3812b62aaa883e49b038dfe582d8297bbfea71136645e3c3d0ddaf3f,numeric,4701.0,Solar8000/HR,https://api.vitaldb.net/9380f7aaeb788275a277ce7cf2f36d4ded88c643
93e7b64478f20138625525765b9f5bc25bf364b7.csv,400613,1f37e28eeb06b4de25c5d95b52b5fe63a3cc556d386f777f72843d49fa600cc3,numeric,1398.0,Orchestra/RFTN20_CE,https://api.vitaldb.net/93e7b64478f20138625525765b9f5bc25bf364b7
93e9062299313dc8e17d6fdaf0070fed5bc2ccd3.csv,157063,79f75a806037f7904f791a5fc9ecb00a46cf9e26dd7a528dae66ab63aab68204,numeric,1416.0,BIS/BIS,https://api.vitaldb.net/93e9062299313dc8e17d6fdaf0070fed5bc2ccd3
93ec2b05489c5dc9eec408acac7d6afe503a33f5.csv,66404,04943897e08938731b3627ba9629026332d99fd34531ff4cbc64e3a91051b9d3,numeric,205.0,Solar8000/NIBP_MBP,https://api.vitaldb.net/93ec2b05489c5dc9eec408acac7d6afe503a33f5
9433bfb069dd8380b995ee2b0485c2c8a93dda1e.csv,39375,e679376e57c63838e720789f8a54bb6923d7a6a0aef448128ea5348fb0501848,numeric,3501.0,Solar8000/ART_MBP,https://api.vitaldb.net/9433bfb069dd8380b995ee2b0485c2c8a93dda1e
94449b276bec4e38190548bdddf2f0d48e4c6d39.csv,37357,4341f6cf9135424f7e08efc7fb7fca2ae02b93d2bda923995ccf6510a09bbf94,numeric,5511.0,Solar8000/HR,https://api.vitaldb.net/94449b276bec4e38190548bdddf2f0d48e4c6d39
9451330b065cdac769af314970ce7e57ae49fac4.csv,303831,940287eb87b76863e0ba27722888e2a8e16fecf4f51cc954670a77fd0a8f0615,numeric,6107.0,Orchestra/PPF20_RATE,https://api.vitaldb.net/9451330b065cdac769af314970ce7e57ae49fac4
945e35b7ff1f2655b5102ef5eec27cbf4601e817.csv,70774,24a03c15504f9850bf5dd981e301d07478be02fa4bf53497441890dff3646708,numeric,1802.0,Solar8000/ART_MBP,https://api.vitaldb.net/945e35b7ff1f2655b5102ef5eec27cbf4601e817
94652a9c33eeda1ba543f149c9465ffcbb3b71f7.csv,479223,7d64622a2468c192a9556e9d8ae5aa6604410a127762a87eec372d15a8473479,numeric,13.0,Orchestra/PPF20_RATE,https://api.vitaldb.net/94652a9c33eeda1ba543f149c9465ffcbb3b71f7
9467b2d3b22f583d6ebd819c5aa20784eb630822.csv,120826,7cb91c9c122367e8f5edc100061a2b7a158a3be37256ac730947e8e83c5ca7ff,numeric,3537.0,Solar8000/HR,https://api.vitaldb.net/9467b2d3b22f583d6ebd819c5aa20784eb630822
948ec80f1af77f40089dfc1b360367302a589384.csv,260100,4f4dbe107746035539e48acefcf0eff1908f1fcc2dd977631304e9905ca5151d,numeric,4032.0,BIS/BIS,https://api.vitaldb.net/948ec80f1af77f40089dfc1b360367302a589384
9495c143fcfd328200f2d31bebb9df875082e7a9.csv,853619,3f8080fcd55895816397e2a93814d2e65b2d91d200b80e4396bc19d124cbd2ed,numeric,218.0,Orchestra/PPF20_RATE,https://api.vitaldb.net/9495c143fcfd328200f2d31bebb9df875082e7a9
949b314bac84738029b4292f294fef49eb362ceb.csv,384449,955ea3d0883b46b6f02335b2f6d7597f2aa406e2b9132119763657095d9cb55f,numeric,2573.0,Orchestra/RFTN20_CE,https://api.vitaldb.net/949b314bac84738029b4292f294fef49eb362ceb
94a8d52d95201c8bf39dd67f034a8b14133f8766.csv,164730,6bab38270ff1d613463181bdf0a4faedf9bf2a99c4082e37db6ff1f0eb97218d,numeric,5463.0,BIS/BIS,https://api.vitaldb.net/94a8d52d95201c8bf39dd67f034a8b14133f8766
94ada7130f11d2373ea871f0b1e5d6f42f55966c.csv,371368,c85eb302c489ccbadb45f3757055072a870c93cd30642273ea95e418c71ca74d,numeric,4433.0,Orchestra/RFTN20_RATE,https://api.vitaldb.net/94ada7130f11d2373ea871f0b1e5d6f42f55966c
94c6c165fe7cff2041726604549d15d0a3c3ce52.csv,46700,ed4c9cf05660a8f891448278813635935a5727d2bf3b2b02d3d6cf3aa979a282,numeric,1730.0,Solar8000/NIBP_MBP,https://api.vitaldb.net/94c6c165fe7cff2041726604549d15d0a3c3ce52
94e1ae6f1a1d020cbd87ee3fbf8d19e4fac5ddd9.csv,117948,904e92944cc9805ec5a398c57c00202e163f41a5387e10d3633ffd89af159847,numeric,1323.0,BIS/BIS,https://api.vitaldb.net/94e1ae6f1a1d020cbd87ee3fbf8d19e4fac5ddd9
94f6dc0160733cf98b74a749594e1f00865f9896.csv,387034,5ccc2283bef61e84b8c88056c9233e656ee6e25b87e048da0bfc37b9371525f4,numeric,37.0,Orchestra/RFTN20_CE,https://api.vitaldb.net/94f6dc0160733cf98b74a749594e1f00865f9896
94f874143634be8a56903ec37e0c8a8c63399302.csv,63771,178d75aa6780ed1ec228cc75360899e03b2e89e36b5c9f307e7ea2bf7df08200,numeric,4858.0,Solar8000/HR,https://api.vitaldb.net/94f874143634be8a56903ec37e0c8a8c63399302
94ff31b5c4d926f457ee31c8ef5e154bc4205444.csv,225158,0a0236ad25a793116ad48af4f43d14659e65a16c13a0eac641b00363bdc2dd7b,numeric,2311.0,BIS/BIS,https://api.vitaldb.net/94ff31b5c4d926f457ee31c8ef5e154bc4205444
952bcbd6a17c998c75402cdd476b83ef66e3773d.csv,627856,3872f980d9bb992924be7533cc2c54b1832c9389cf4d7a90f0806317086c413f,numeric,6024.0,Orchestra/RFTN20_CE,https://api.vitaldb.net/952bcbd6a17c998c75402cdd476b83ef66e3773d
954042f70760b71b0352293fe2763d30e2463bd5.csv,903725,7efa8cbbace277f3d976bb97280919370235e789d181c77f4561d5447ee16a24,numeric,3348.0,Orchestra/RFTN20_RATE,https://api.vitaldb.net/954042f70760b71b0352293fe2763d30e2463bd5
954c12ada97f34d36196c0a93919b51596ba58e8.csv,508759,cb3b6d6f5b0c88674c20e66c568e865bee8ace89fbb52549a0b8c1e28d16d697,numeric,4898.0,Orchestra/PPF20_RATE,https://api.vitaldb.net/954c12ada97f34d36196c0a93919b51596ba58e8
9552f2babed845f8443b3875de914c50c10ef8b6.csv,104952,7894296d740dec03c2a682eba278f9f993f33211ad999b6cfc7146f79abed4f8,numeric,166.0,Solar8000/ART_MBP,https://api.vitaldb.net/9552f2babed845f8443b3875de914c50c10ef8b6
955d0e0bcdd97079f2b8f66daa79cb8e290dd787.csv,77078,c0717c88b3589c04ecdce9a76c3034688f2053d7c6dfc9a5e20b8717d5b2f5e0,numeric,976.0,Solar8000/HR,https://api.vitaldb.net/955d0e0bcdd97079f2b8f66daa79cb8e290dd787
956a3aa084feb480d95bfcf78c37960cf074dd89.csv,39245,b8cca69c3c106009e2be38a9e11627b654315801e476dfe9547d71e1d461be8b,numeric,3617.0,Solar8000/HR,https://api.vitaldb.net/956a3aa084feb480d95bfcf78c37960cf074dd89
95cdc7cf6a718da9abc583306f0af4644fb8b392.csv,674081,d425ac494cc77ddca25e9023e860acc56174609e9cb50472fe083602decdd878,numeric,795.0,Orchestra/PPF20_RATE,https://api.vitaldb.net/95cdc7cf6a718da9abc583306f0af4644fb8b392
95d3a2496b7e77bb8361df5a886bf3a18f589eb9.csv,693703,e4e2942b83f664ac990919c36acdc7d77ea79b777bb62ffeaedcac346f2e50a3,numeric,5578.0,Orchestra/PPF20_CE,https://api.vitaldb.net/95d3a2496b7e77bb8361df5a886bf3a18f589eb9
95d404d76cf56600342e41c2ca23b782b77ab85c.csv,54553,b7736aa32274869f21146c9dde3a3545d96bca51b5fd0dbdf24890bead450c38,numeric,414.0,Solar8000/NIBP_MBP,https://api.vitaldb.net/95d404d76cf56600342e41c2ca23b782b77ab85c
95d6f4c2918af803dccdc2a62f8c533e9f4f67fa.csv,69349,0c284e3aac0b0a86b8943d89deff1c71fe271a8d9c9dfdeae613c10a646f36b8,numeric,6190.0,Solar8000/HR,https://api.vitaldb.net/95d6f4c2918af803dccdc2a62f8c533e9f4f67fa
95ded2c381f201b041150d64337c57978659eb3d.csv,40323,b8e2b4421cc527f49ee2853d19fe9f2f2d7d70387798c1ef7b6a5a146da977ff,numeric,1933.0,Solar8000/HR,https://api.vitaldb.net/95ded2c381f201b041150d64337c57978659eb3d
95e414c9765969bba546e3166f04888785a5feaf.csv,587658,ebe75d4e4cfafa1c8b06a00cfd87e986f10d924650fa43a0650c6711a79f895d,numeric,1089.0,Orchestra/RFTN20_RATE,https://api.vitaldb.net/95e414c9765969bba546e3166f04888785a5feaf
95ebf8a217437172fb1c24006fff040aef308fbb.csv,39536,1ea2daba9b2bc0f6ebc89be32095ace8ef3519158abb5bb9f4cbe065c9ef69f0,numeric,1834.0,Solar8000/HR,https://api.vitaldb.net/95ebf8a217437172fb1c24006fff040aef308fbb
95efcac8a4109bc50a07dde4848a340c25ae79de.csv,51498,04ec4d7985335e8d23ba6d8bb18348b9b883d8d0c8dcc49dfd155e08fe71a1c1,numeric,4616.0,Solar8000/HR,https://api.vitaldb.net/95efcac8a4109bc50a07dde4848a340c25ae79de
95fe92d848d9551cde07f222e33b65bd4dacae90.csv,1054298,16e4f7f53529c376bbf9354e0aeccfb54e21b809cc55d74c1b1b6ab9f957797e,numeric,3537.0,Orchestra/RFTN20_CE,https://api.vitaldb.net/95fe92d848d9551cde07f222e33b65bd4dacae90
96078721037fbde61b88ffadb80699f5a14fa884.csv,815455,8bea7f4a11f88f4ad01ed6a838847b7904eba6c0f827542cbae02bf9d757e951,numeric,2161.0,Orchestra/RFTN20_RATE,https://api.vitaldb.net/96078721037fbde61b88ffadb80699f5a14fa884
96110657c1f856cf6af77d8f135fd58b08d0c08e.csv,451305,b0bf6658d6ce324775c37a33885ef55ec746b3ba0e03c1719100baee6ac6978b,numeric,2123.0,Orchestra/RFTN20_RATE,https://api.vitaldb.net/96110657c1f856cf6af77d8f135fd58b08d0c08e
9635cf2fa7d15b7af0c07baa9dc7ddc82a87dfe0.csv,465936,881e9e047703bf2e58de32ae7d1c18475dcff95577352bc9b0ea65d9d6a77b8e,numeric,205.0,Orchestra/RFTN20_CE,https://api.vitaldb.net/9635cf2fa7d15b7af0c07baa9dc7ddc82a87dfe0
964d8c5683822a57648a296213ecb90ec3c8970d.csv,68915,aa102a7551e38899cf5a7848037d4eb4dc1bda82357422ef7e73b94ecba032f8,numeric,2586.0,Solar8000/HR,https://api.vitaldb.net/964d8c5683822a57648a296213ecb90ec3c8970d
9680e1143450dd7aa0da3729f52578e72282975b.csv,339776,95d1ab630cd016dcda98c3333b0fbd7009a749ecc38f866976b980270c552bd9,numeric,4630.0,Orchestra/PPF20_CE,https://api.vitaldb.net/9680e1143450dd7aa0da3729f52578e72282975b
96a2caba72bdab3eabbfcf90601dd9cc998ec101.csv,547064,d9ea92091da7a58b2ba59d509e319f7a343515aee958948b903471013199acb5,numeric,3368.0,Orchestra/PPF20_CE,https://api.vitaldb.net/96a2caba72bdab3eabbfcf90601dd9cc998ec101
96a858aaff1e780511408cf9c403928c7201d61d.csv,1076745,02182eccca26857851f479a974c80cd07595cdb357f6cff1fcb84d7447fccb0f,numeric,1820.0,Orchestra/RFTN20_CE,https://api.vitaldb.net/96a858aaff1e780511408cf9c403928c7201d61d
96b04b3a81ae32004d081273abfb5552a364d0bf.csv,63755,9d3ddcd6c9d033458ce41cd764dea9e1b2be77fddc4945251a8a3fc3af27acdd,numeric,4316.0,Solar8000/ART_MBP,https://api.vitaldb.net/96b04b3a81ae32004d081273abfb5552a364d0bf
96bbaf8c25b213081f5799c400896e9c3483eed0.csv,103956,aa59ae3559abce51eef483482fd045142dd9721760bf837b3e297740742e2fb0,numeric,1255.0,BIS/BIS,https://api.vitaldb.net/96bbaf8c25b213081f5799c400896e9c3483eed0
96c45b0c3762d27dcefb3d3a1425fa35a75b6add.csv,36172,823de46100dcfa0f10bfdaf12191d1a49e1ade558a2a37501e1eeb8022430fcf,numeric,4095.0,Solar8000/HR,https://api.vitaldb.net/96c45b0c3762d27dcefb3d3a1425fa35a75b6add
96e832d966e29688f7668d07cef975fb75f2cbe1.csv,529603,9b58c6b16e89b4aac48c945f5fb73a8c775adce8b6174e1a37119cb440d553b6,numeric,1630.0,Orchestra/RFTN20_RATE,https://api.vitaldb.net/96e832d966e29688f7668d07cef975fb75f2cbe1
970e2347bfd29643f0e5ed4c046754555879c63d.csv,22831,5f7d32562485ce969abaeac408307b72429f35f5dde81f9dcd520c445a921e30,numeric,976.0,Solar8000/NIBP_MBP,https://api.vitaldb.net/970e2347bfd29643f0e5ed4c046754555879c63d
970e557dcb7f3401b1e4159bb26669d40b4e7ef3.csv,798754,2da9209ee0fd9416d519191fbe452c32ddb65224a8c334e90e264d632173bd9f,numeric,4995.0,Orchestra/PPF20_CE,https://api.vitaldb.net/970e557dcb7f3401b1e4159bb26669d40b4e7ef3
9719255ef12e6133675a7281463a188456e7d26d.csv,1325743,f51f6f58a5fc4226e3490c7f6bc0fb1bce5b4e231b9356070857d8bbc37da139,numeric,4481.0,Orchestra/PPF20_CE,https://api.vitaldb.net/9719255ef12e6133675a7281463a188456e7d26d
971f8b8ca7a63878b6369d3d3346f550ba26797d.csv,587392,7f421de9e65d2bb58494afdd99203ce0146b8be60c5c5c33cb64933e83d3a58d,numeric,3166.0,Orchestra/PPF20_RATE,https://api.vitaldb.net/971f8b8ca7a63878b6369d3d3346f550ba26797d
972518e742b841766a786e4ce9820a159f120d84.csv,356123,98d9afeeae760e60e9a8afa700686eeabf0c2d7cf24134cabc465243ff4918ac,numeric,1213.0,Orchestra/PPF20_RATE,https://api.vitaldb.net/972518e742b841766a786e4ce9820a159f120d84
9731e11373770c3acdce2183b22fdf7a0542d667.csv,494854,55684b8ce85b09b4f95ae4822d5b492c1355953e23af78b0bc83dc279fdb406c,numeric,1810.0,Orchestra/PPF20_RATE,https://api.vitaldb.net/9731e11373770c3acdce2183b22fdf7a0542d667
973ced849bcca2cc576468a2da854ca71f17a398.csv,66018,329a0d93c3112da7a8193a414c590eecf86fef0285e043eaa008acda8ffb3cf3,numeric,6326.0,Orchestra/PPF20_VOL,https://api.vitaldb.net/973ced849bcca2cc576468a2da854ca71f17a398
973d8c9bf5a7439da436f877f60f98875d4468fc.csv,122618,5d62accf90183b54047d9889a9ae2962691c77add1bc090db22b2fef685364eb,numeric,3691.0,BIS/BIS,https://api.vitaldb.net/973d8c9bf5a7439da436f877f60f98875d4468fc
9768411680f8d32726df4198a0c91058434f9ff7.csv,622558,389be489ca0291655578e338a7962cadcbd5119298f287776494b6d371dbdd92,numeric,5798.0,Orchestra/RFTN20_RATE,https://api.vitaldb.net/9768411680f8d32726df4198a0c91058434f9ff7
978a697939f17ca05a202ae76226ccf122696622.csv,206578,578e995ca4d17a4422c9faa86f0d523713c379b1cf3577bbeaaaeb8ac8b84850,numeric,1267.0,BIS/BIS,https://api.vitaldb.net/978a697939f17ca05a202ae76226ccf122696622
978dc7525b38c6fc40c980d358ca6786406da270.csv,250892,6d1e60b48d44316981484d1591770f858ffb1e891e67e72f3cbf732468620e42,numeric,5560.0,Orchestra/RFTN20_RATE,https://api.vitaldb.net/978dc7525b38c6fc40c980d358ca6786406da270
97b5c98ad455e9165047f6a79caa3969285ace12.csv,830929,c5f82b058723bcc856b5e4880ddd2eb8604c5178b01a57cceab1af724d92b518,numeric,353.0,Orchestra/RFTN20_CE,https://api.vitaldb.net/97b5c98ad455e9165047f6a79caa3969285ace12
97c03f35efd25fa38413c917e4d9c6a313476cb9.csv,69698,9439805adf6765a3a5272475ba4134e6773d1b2bb693e13a1629a39593eae03c,numeric,2380.0,Solar8000/HR,https://api.vitaldb.net/97c03f35efd25fa38413c917e4d9c6a313476cb9
97c07fbde3ebdf79ffed94d5fa4c1de72aa27b8e.csv,358365,eda8451ed1815fc4c5336536ca2ce7a335fb44f25c28fcf61b8b164f3cdee512,numeric,3095.0,Orchestra/RFTN20_CE,https://api.vitaldb.net/97c07fbde3ebdf79ffed94d5fa4c1de72aa27b8e
97cb719762edddcaa41148763f6217ab3b8ce861.csv,1475015,ef6baf51c29c8c53fd7f8496ac733345598dc9169d5e366e9aec22bff9748715,numeric,6009.0,Orchestra/RFTN20_RATE,https://api.vitaldb.net/97cb719762edddcaa41148763f6217ab3b8ce861
97d1c0a5efdbac15e506fdb293c470925ba9c6e3.csv,974786,2a627e375644b44c6debc61b71a2f9ca84ec3e74799ea464340dcecd9e112546,numeric,3150.0,Orchestra/PPF20_RATE,https://api.vitaldb.net/97d1c0a5efdbac15e506fdb293c470925ba9c6e3
98097c2a5ea482e94177e501cf434cdef65e5300.csv,549349,e5de8afff99f7ba59c97fc27f0b5806c5a036153feaf2682aa97646d176bc308,numeric,2617.0,Orchestra/PPF20_CE,https://api.vitaldb.net/98097c2a5ea482e94177e501cf434cdef65e5300
980e6d48a78b1bdb36a00d7490d91fae80e04cf0.csv,458963,ef5e707c18b011dff37708b60d7106abb02ab78655237f3078e2b56076994fd6,numeric,3068.0,Orchestra/PPF20_CE,https://api.vitaldb.net/980e6d48a78b1bdb36a00d7490d91fae80e04cf0
9842aefae911e0f383de9ea6f45044afaf6fce6d.csv,102036,c113d89ec5022cd9140fe000c04717a3f57fd9dc7f79ec0e8072135fa9753f29,numeric,308.0,Solar8000/HR,https://api.vitaldb.net/9842aefae911e0f383de9ea6f45044afaf6fce6d
9856ad275f4e18ea69231aa1a72e0762c3f7bf18.csv,133897,1a7640d8399ae3a5617b09185c8a5da59320a61628b967c0e0bb343ad90e2d05,numeric,2944.0,BIS/BIS,https://api.vitaldb.net/9856ad275f4e18ea69231aa1a72e0762c3f7bf18
9890e192f8e381044b9c7afe14be29ed4ef51493.csv,469622,6ceec7afa9a9f54bcab62116144c6343e4f722a6c7fa9eca544596c7d5a327ad,numeric,5486.0,Orchestra/RFTN20_CE,https://api.vitaldb.net/9890e192f8e381044b9c7afe14be29ed4ef51493
98ab4dd9897c228274ce575a8664d018a456b08f.csv,637621,dcdff9793562094458af628beb6b37f188d67fffa150cf96c6b3cb9deb4f7f6a,numeric,1240.0,Orchestra/PPF20_CE,https://api.vitaldb.net/98ab4dd9897c228274ce575a8664d018a456b08f
98c7b1a0eed357dbf80a15dfb0af8e1afea42094.csv,526439,9948c6789bd47d861db10e2c045c929d53c4862df2697a48568a547dbe11071c,numeric,4287.0,Orchestra/RFTN20_CE,https://api.vitaldb.net/98c7b1a0eed357dbf80a15dfb0af8e1afea42094
98d64aa3ac4414fd46de38fe9f3841c1e26349f0.csv,101864,5a420a4bef50d3a7ae3ccf3e7e2a064082ede0c7a2d2dda127ae30a74cbb7d87,numeric,2875.0,BIS/BIS,https://api.vitaldb.net/98d64aa3ac4414fd46de38fe9f3841c1e26349f0
98d831daed81b00362895f224b6c66ae02cd80ea.csv,71343,7738e47a9205556380bc76f4be16759d01d902aece21f0c55c86351ed9e235b5,numeric,2879.0,Solar8000/HR,https://api.vitaldb.net/98d831daed81b00362895f224b6c66ae02cd80ea
98e5117a32bc2751fd86d93d16e810ad49ca784e.csv,487868,885c34d07b60997f0aa9d0085d127d65a2e9ba07906bf544ac8d8bcedcee134c,numeric,5680.0,Orchestra/RFTN20_CE,https://api.vitaldb.net/98e5117a32bc2751fd86d93d16e810ad49ca784e
98f5888804e5825c6f3adebb741967a161720248.csv,715612,7e8c510ea569e44f8a949ba6051ffadb1cce05adef9217868ea0ce0afa2fc324,numeric,5439.0,Orchestra/RFTN20_RATE,https://api.vitaldb.net/98f5888804e5825c6f3adebb741967a161720248
991f2cc63006c71a0e045dd82c37958b00e61530.csv,69218,6571a2385bbec847eede8d7d85a2c6d36c6af0659fe6a8ff580707962f3c78b1,numeric,5486.0,Solar8000/HR,https://api.vitaldb.net/991f2cc63006c71a0e045dd82c37958b00e61530
991feb21d7fe93e16125eb2db8c1ce1a306d309e.csv,829701,363063baed1e17c84d45d96a45cb17ed112df635f13fabd1ede42d338292ceb0,numeric,2161.0,Orchestra/PPF20_CE,https://api.vitaldb.net/991feb21d7fe93e16125eb2db8c1ce1a306d309e
992096630444f001daaa0379a00c707e46ccf72a.csv,300316,9147c77c71010ae6b65bece44b2bc438c805ec484924e6aae968e6e94586d6ba,numeric,3777.0,Orchestra/RFTN20_RATE,https://api.vitaldb.net/992096630444f001daaa0379a00c707e46ccf72a
992b4cd394822061b0851ade453d3b5cd20f75ef.csv,29465,fafe9d807fb6b7e1ebdf0925d4e775a458abd509b552bc4855a868fb31ed651f,numeric,5966.0,Solar8000/NIBP_MBP,https://api.vitaldb.net/992b4cd394822061b0851ade453d3b5cd20f75ef
994658e63b7e5bf11ed147b51396e5885cda6d97.csv,111174,06a0f2009d0fefa99751bc0f5801fb2a5711e563e19de133a49bb481a9cef595,numeric,3074.0,Solar8000/HR,https://api.vitaldb.net/994658e63b7e5bf11ed147b51396e5885cda6d97
995d45c8fc27b59677b6e4e8a492d060fb707e58.csv,1086594,994d57aed0d877cca498ceeff52f2e7c67859603d6164efca60e68e7b8be6162,numeric,3373.0,Orchestra/RFTN20_CE,https://api.vitaldb.net/995d45c8fc27b59677b6e4e8a492d060fb707e58
995f1c73159cb3a07b3669c60e28c06577e3b9f0.csv,838466,2058f21a53c30b795ffe23ab43dcd5fa44f4a77703887a7a912dfb80ebe6a1ff,numeric,1149.0,Orchestra/RFTN20_CE,https://api.vitaldb.net/995f1c73159cb3a07b3669c60e28c06577e3b9f0
997cdf8ca68d591fb6431354e24cf1efba6f40b3.csv,252587,37c578316f020c832ac35ea54f8a4512e880d4dfcfa74a774ca37412b0a8f06b,numeric,4567.0,Orchestra/PPF20_VOL,https://api.vitaldb.net/997cdf8ca68d591fb6431354e24cf1efba6f40b3
9990e1967022fe9fbe46d0f9e64e801a304dc176.csv,453015,253f5d5aca49986d9c92ed8767b8c97f884249ccc6d3d0e4f7555ee3025caaa8,numeric,4464.0,Orchestra/RFTN20_CE,https://api.vitaldb.net/9990e1967022fe9fbe46d0f9e64e801a304dc176
99b20e63617244bd7b6fcd8967ceacea35e07ec2.csv,118730,dd8a8056368d6181b62a72cfffb066d40ac59c481920d08431217c3d5be31914,numeric,345.0,Solar8000/ART_MBP,https://api.vitaldb.net/99b20e63617244bd7b6fcd8967ceacea35e07ec2
99b37d544cb80dc3866c28d288f78aea636ede40.csv,69388,2026d9398511965a3d85a93b5188573e0db550b59f87a2755c7795802bab1c98,numeric,1623.0,Solar8000/ART_MBP,https://api.vitaldb.net/99b37d544cb80dc3866c28d288f78aea636ede40
99be990fa6785e50435fee3cac6db49be27aded9.csv,107171,65d4d89d6bf6072201d2c36c75f737e328c3e27b2612ad80cc16a86e44defa46,numeric,193.0,BIS/BIS,https://api.vitaldb.net/99be990fa6785e50435fee3cac6db49be27aded9
99d01eb1105c4513fc8fdfc4204fb8a52dbc6fda.csv,217785,801da9a5f2a00574aee525e04617ff745e15dac5ae3672a6e0ca19272f724b23,numeric,3873.0,Orchestra/RFTN20_RATE,https://api.vitaldb.net/99d01eb1105c4513fc8fdfc4204fb8a52dbc6fda
99dbd6e153eb7214212c1be361f1bb082969e9d1.csv,874188,e1b2ded693b6bef21b6557fa72122e9eca330fac0ec07d323cf0f645a7f01549,numeric,5809.0,Orchestra/PPF20_RATE,https://api.vitaldb.net/99dbd6e153eb7214212c1be361f1bb082969e9d1
99dd85472640916e538a567566b082fb0c92d26b.csv,283764,babcc21969d8195a95d3664f6b4c37ccdfb61ed16a6d3235d81134e10cd2ffd6,numeric,1136.0,Orchestra/PPF20_RATE,https://api.vitaldb.net/99dd85472640916e538a567566b082fb0c92d26b
99e3ccf087856f32d6937b016d9ddfd337695da0.csv,532242,be5fb2efd0adc581c8ce9f8188090b917744ab69cfe10e27e986b8a1dd9ad138,numeric,3803.0,Orchestra/PPF20_CE,https://api.vitaldb.net/99e3ccf087856f32d6937b016d9ddfd337695da0
99ef07337304722f64dd8d58c9ff11d70bb09943.csv,39414,b7e5aac7ec49ff4397e7d088ba45a570a491991999a85fd40045dc651e961474,numeric,1662.0,Solar8000/HR,https://api.vitaldb.net/99ef07337304722f64dd8d58c9ff11d70bb09943
99f3be3ac203680ef2e87aa9b50711afc2ca57cc.csv,81106,3e73c43fa226beb3431212844592d3e08e331768a082db39cf085cb12a7546b7,numeric,6356.0,Orchestra/PPF20_CE,https://api.vitaldb.net/99f3be3ac203680ef2e87aa9b50711afc2ca57cc
9a0325a1aa7a69c499bdd5cec61181860f53298c.csv,314932,ea0be687e341299a5c1767be33b7fbba9f8a39c859caa89bc61e9066c5182e61,numeric,6090.0,Orchestra/RFTN20_CE,https://api.vitaldb.net/9a0325a1aa7a69c499bdd5cec61181860f53298c
9a04156ef14c33a128ad075c417739fd7340ca54.csv,892353,6c1df5e3177d4e1b3b1a71e4a1082a7ce9faed647cb72d729292d8162bc8249e,numeric,4098.0,Orchestra/PPF20_RATE,https://api.vitaldb.net/9a04156ef14c33a128ad075c417739fd7340ca54
9a05b1c7e40cef8825f6b5c6c9c5d129e196441d.csv,824775,ae618e4a6df7e0e2ad109f6bf2171c4683fc9db657edd9e8b2288ec0df55cd95,numeric,1149.0,Orchestra/PPF20_RATE,https://api.vitaldb.net/9a05b1c7e40cef8825f6b5c6c9c5d129e196441d
9a0d00538dd96bf19223d8896df8ece7375d7053.csv,151643,aa9d2ffa7805931f5b1db024272eddc2da86da665634d786d4cdc69a7239f558,numeric,5155.0,BIS/BIS,https://api.vitaldb.net/9a0d00538dd96bf19223d8896df8ece7375d7053
9a22c85f25df5af39b6146d02ec4a38005d19a90.csv,925968,05eb018758af639d5f23013f5970aeace5ed39cd97cf0dbf1c5732db2face11a,numeric,3150.0,Orchestra/RFTN20_RATE,https://api.vitaldb.net/9a22c85f25df5af39b6146d02ec4a38005d19a90
9a246d1cc2528119e45d147f22991a92d7bd6d26.csv,316230,46968e4426b18a3789857138937a75ae7787bd189dbb33f1d843373782203e74,numeric,4312.0,Orchestra/PPF20_RATE,https://api.vitaldb.net/9a246d1cc2528119e45d147f22991a92d7bd6d26
9a3529b91e60d5894120b0516bca6d39bec03432.csv,257478,8782cfe13ce9364e075af2ed09a62c3dc8334c2df0636d693e8cb5706c72f14e,numeric,1579.0,Orchestra/PPF20_RATE,https://api.vitaldb.net/9a3529b91e60d5894120b0516bca6d39bec03432
9a63c2770b8ad9f6e2eb9cb6e75a1bf9ff411e22.csv,658288,65362f820686ac45d94acddc4098604b5f8ebf9586592ff28788c4bd20337fec,numeric,4027.0,Orchestra/PPF20_RATE,https://api.vitaldb.net/9a63c2770b8ad9f6e2eb9cb6e75a1bf9ff411e22
9a759720ebcef3fe1e8cfeaf0011893493e7d712.csv,1342100,b48fbe93f379dc00ef8f7bf302000729244d5dda91a84ac4b3b67b9c56b8bafa,numeric,6297.0,Orchestra/RFTN20_CE,https://api.vitaldb.net/9a759720ebcef3fe1e8cfeaf0011893493e7d712
9a922e6d6ee563b7cfbcf5db34662f0aa4fd69ff.csv,150752,42a2e78a18289166b6222d2bd5d7764c6374594f6a41f27435d019c6bc658794,numeric,2834.0,BIS/BIS,https://api.vitaldb.net/9a922e6d6ee563b7cfbcf5db34662f0aa4fd69ff
9ac9bcefb0a43cd19c7b5446036da6056594c3f1.csv,148525,9c6a19e2fa1b2447a088b030981f43d1f33e0d0e8276cbccbde7916cd41aba47,numeric,1918.0,Solar8000/ART_MBP,https://api.vitaldb.net/9ac9bcefb0a43cd19c7b5446036da6056594c3f1
9acfcc450f4875d316c8756d36ac55059c8f0028.csv,547140,a0f2ac8b3abd447bd62489ac43074b0bbfb62e4900a34b674b0acfe36702419c,numeric,3468.0,Orchestra/RFTN20_RATE,https://api.vitaldb.net/9acfcc450f4875d316c8756d36ac55059c8f0028
9adac293a71d677e7cb9513894c9c2f1a2f835ce.csv,395979,07b7eea90263dcf95a7e94c22e695b46d1cfd94e62237226632a4876c8bd305b,numeric,3560.0,Orchestra/RFTN20_CE,https://api.vitaldb.net/9adac293a71d677e7cb9513894c9c2f1a2f835ce
9af05c134d194bff4d4f5674b3852ecfd39b2ca7.csv,111888,95cda0545639c8a205c25345a0bd9633959114e55c2e670a9a85d0787bc56786,numeric,6071.0,Solar8000/HR,https://api.vitaldb.net/9af05c134d194bff4d4f5674b3852ecfd39b2ca7
9afc1f1b43f745f216ca04c11d740c2b8a37e64a.csv,615836,c7f62d6bea1fc1ef168f31c80724d6fc65fc311665dc9467fbe1f50666b1e432,numeric,5871.0,Orchestra/RFTN20_CE,https://api.vitaldb.net/9afc1f1b43f745f216ca04c11d740c2b8a37e64a
9b12eeb2f6ea0dd77e6c2081afcb5ed9924ce9da.csv,138991,526d0c90fb248acd1b2b258c8cd91a5f96bd411f85dd7e41904612b710ecc0ca,numeric,4999.0,Solar8000/HR,https://api.vitaldb.net/9b12eeb2f6ea0dd77e6c2081afcb5ed9924ce9da
9b1efaf23fa8a5074b27ae46bfeb2bdb8e637e83.csv,722523,be2f07af6296e572cf4634bd91c66e3b7552b9f3a1ef77af37a4fde24ed31d98,numeric,5308.0,Orchestra/RFTN20_RATE,https://api.vitaldb.net/9b1efaf23fa8a5074b27ae46bfeb2bdb8e637e83
9b28870ab36faf5cb92a9d84e0c9f34d43bf1da2.csv,427818,701dd6a8251f6bc331d4bb87c527c16908c78dd9037dd8a5c9aaa66ee7ea959a,numeric,452.0,Orchestra/PPF20_RATE,https://api.vitaldb.net/9b28870ab36faf5cb92a9d84e0c9f34d43bf1da2
9b54a03a3738c73ec83bab91fab4473585f2bbe3.csv,117810,1428a1c60fffa36a19dc7787941a569c56363a428a606669694afde7226f7b0b,numeric,4717.0,BIS/BIS,https://api.vitaldb.net/9b54a03a3738c73ec83bab91fab4473585f2bbe3
9b54ac68cd1f59fcc38cae2f3bbdc14af661f615.csv,592760,87f02da164800f895cb1eab3e0988e449c0f0feb7d56d266c0aa5b67d068ab86,numeric,5871.0,Orchestra/PPF20_RATE,https://api.vitaldb.net/9b54ac68cd1f59fcc38cae2f3bbdc14af661f615
9b718d5153d65216a63ecfe92700d6cd0c92f2c3.csv,621887,31b5cd1544d30efad5d74dbbeda7f9a64a49bd1ed4e53432dee198d4b87aed23,numeric,1809.0,Orchestra/PPF20_RATE,https://api.vitaldb.net/9b718d5153d65216a63ecfe92700d6cd0c92f2c3
9b795ee200be8f475c8c9a75a71a62ce20f4e167.csv,85823,2c29c4982d2669e82e161562f24ad0fb35b5db46ce7afb76ca022e5c85525264,numeric,5322.0,Solar8000/ART_MBP,https://api.vitaldb.net/9b795ee200be8f475c8c9a75a71a62ce20f4e167
9b7ee7d434a4013b8cd33e1fccfb077dd397f3df.csv,450178,0ece22b6295cdb2bc4ff693f7d3930a3e672fa8121748d0409c94f8451092f1b,numeric,3068.0,Orchestra/RFTN20_RATE,https://api.vitaldb.net/9b7ee7d434a4013b8cd33e1fccfb077dd397f3df
9b833b2df45b6a0e4f51c9f282461024aadb8cd1.csv,134636,a4cf6d5f6a639182bb57ec9a4a5cf8ecd07abecb7408c5df987312d4ed1b409a,numeric,4999.0,Solar8000/ART_MBP,https://api.vitaldb.net/9b833b2df45b6a0e4f51c9f282461024aadb8cd1
9b867cb46217f27e6688369cb1427efc5511afad.csv,403505,6c6254180c2ad914554fd3eb7da0be9babd4ee3461e7f0d0ed77c973a7e7a874,numeric,6233.0,Orchestra/RFTN20_CE,https://api.vitaldb.net/9b867cb46217f27e6688369cb1427efc5511afad
9b939ab44dfae8d5b1ef240a71664879044de720.csv,471773,b366e30095bf32f917b160061b1a20c77f4bf3c02dcfaccb6c9584c54292feb5,numeric,1500.0,Orchestra/RFTN20_RATE,https://api.vitaldb.net/9b939ab44dfae8d5b1ef240a71664879044de720
9badeadb45d7dc3cdfd90b7b3ffef34b32cbf408.csv,365849,c04e27b5c3cad3dbb348c84f5a45531d4c31f7fcea292b60b49d40bb5b211dc1,numeric,3501.0,Orchestra/PPF20_CE,https://api.vitaldb.net/9badeadb45d7dc3cdfd90b7b3ffef34b32cbf408
9bdc0023107a8375f8bb60dd155e0d352c76757f.csv,552455,d42f1aba8d40093c01de13d6f16639934804855a2f25ad734f4b32f4f698e971,numeric,3352.0,Orchestra/PPF20_CE,https://api.vitaldb.net/9bdc0023107a8375f8bb60dd155e0d352c76757f
9bdff76c2d94cb63910c1849b48aa620ec137c1c.csv,998687,b82e8b1eac00fba235ae790899ae6423294911a5a8382776724a66995cf49a18,numeric,5870.0,Orchestra/RFTN20_CE,https://api.vitaldb.net/9bdff76c2d94cb63910c1849b48aa620ec137c1c
9bf0eaa7ab0d917a9b9b3d519fc85626de229f51.csv,62102,fa352fcfa59a006ec9674d46ce39067e1ea14c027fb4b612d479bc7185fe6114,numeric,2834.0,Solar8000/HR,https://api.vitaldb.net/9bf0eaa7ab0d917a9b9b3d519fc85626de229f51
9bf427d0157809f4a84b7958df04ed3901a116cb.csv,84730,ebd87fc56a94b1a893ef41eb2e52a0a26815d0e2b112b218d3aca3176039e614,numeric,976.0,Solar8000/ART_MBP,https://api.vitaldb.net/9bf427d0157809f4a84b7958df04ed3901a116cb
9bfed507f1731ff0820f7693c2347e3d5f92d3fc.csv,1005234,0c440bb9e143e236e3c844e2588577430533a18f4452c79721ddcab69c391b7e,numeric,2273.0,Orchestra/RFTN20_CE,https://api.vitaldb.net/9bfed507f1731ff0820f7693c2347e3d5f92d3fc
9c0cbb4f9befeaa1d56284ebc9f759171a0da43e.csv,47802,3c85347299cb475bf0019fe6ba8943286a425196c4f5592dfa059c1762ae9420,numeric,1024.0,Solar8000/NIBP_MBP,https://api.vitaldb.net/9c0cbb4f9befeaa1d56284ebc9f759171a0da43e
9c17bc742e4cd72619aa6c9a36e829b8808020cf.csv,94891,8b187f185881cf978a7d587ed386828073d0c5939da97dc0c2c484058283bdf1,numeric,3223.0,Solar8000/ART_MBP,https://api.vitaldb.net/9c17bc742e4cd72619aa6c9a36e829b8808020cf
9c28df267de93dcc3992f38deaadef7137fdf745.csv,306282,5c0128b518ea7113ab1ef8fd011ed8dda14fe4c00b9d78fe01464d75cfa051d1,numeric,5824.0,Orchestra/RFTN20_CE,https://api.vitaldb.net/9c28df267de93dcc3992f38deaadef7137fdf745
9c3f30d0c7eb7a60dd7202c26d8142a3228d6bbf.csv,8092,32972ca06a9f363ea24afcaeb9fadcef1167f5c04274de1fcdc34733723c3d4e,numeric,5675.0,Solar8000/NIBP_MBP,https://api.vitaldb.net/9c3f30d0c7eb7a60dd7202c26d8142a3228d6bbf
9c5845b0d4452bfcdcd2d0d1171b008e5cdbe498.csv,612533,0c3a5de8cb08c42401a0d1202298a86a10252a4f4b3ef82be85d41d0f607e2b1,numeric,1131.0,Orchestra/PPF20_CE,https://api.vitaldb.net/9c5845b0d4452bfcdcd2d0d1171b008e5cdbe498
9c615721f72be9547beded965022082b599a3389.csv,429466,3f17f66eb10c7d5234cf40194c8d464a23b9e675f69da547bbd78bb5141714de,numeric,3351.0,Orchestra/PPF20_RATE,https://api.vitaldb.net/9c615721f72be9547beded965022082b599a3389
9c6dc9d34d1ff52081e3adbb130bdead7adf2c31.csv,1165327,eb7f8d4945917cf8c9647863a2da9cf962a423d6bd2d1fe2ab12b5adb20219a8,numeric,844.0,Orchestra/PPF20_CE,https://api.vitaldb.net/9c6dc9d34d1ff52081e3adbb130bdead7adf2c31
9c9da2d0d0e4f31b28bdac19d1381555a68f44db.csv,471427,a664d0de0d22856b7283d0fd9bf1d4d9065e62b761fbdff7541c162c2cc8fd59,numeric,5913.0,Orchestra/PPF20_CE,https://api.vitaldb.net/9c9da2d0d0e4f31b28bdac19d1381555a68f44db
9ca53a21d47b25e6a89656e1394b9211f16cc25e.csv,55151,f880bf61397b336d1aff87a7bb81fcdf2b51df6fef1f556da83242e78a0c0702,numeric,5167.0,Solar8000/NIBP_MBP,https://api.vitaldb.net/9ca53a21d47b25e6a89656e1394b9211f16cc25e
9cb19c57c32468477a5c67460f44f13efa630d02.csv,65240,12cea031422259da4c468035f6b489fc6986f5665980ffe67a6f298192c6ffd7,numeric,3517.0,Solar8000/ART_MBP,https://api.vitaldb.net/9cb19c57c32468477a5c67460f44f13efa630d02
9cbcf228e2cee29df708cbdd76e15113525bb3fd.csv,647577,a6a184fd312731d8ee9a2a309c137d267fb38db5f71c49d8b3808264e6ee8176,numeric,1131.0,Orchestra/PPF20_RATE,https://api.vitaldb.net/9cbcf228e2cee29df708cbdd76e15113525bb3fd
9cbfa524c00c1f16cffe848b69887ce32d929982.csv,78178,d82346ab7d17eb6ff4d5f5f079d15440ad5657615678fdf27aed3f3f771ee156,numeric,692.0,Solar8000/NIBP_MBP,https://api.vitaldb.net/9cbfa524c00c1f16cffe848b69887ce32d929982
9cc8bf9d232ceb3712e5cc820ab9fc5300dbf035.csv,214573,fad6ac4d4982cc910474258a33b83fc08070992812955a83ba7a80a465625263,numeric,1703.0,Solar8000/HR,https://api.vitaldb.net/9cc8bf9d232ceb3712e5cc820ab9fc5300dbf035
9ce8a90587e920d37fab50d4c89af36207b9e837.csv,493010,b6b78b1a82dd8d4deee8174e57c29ad996471231ad2b1615d0dff22d0b1c923d,numeric,1500.0,Orchestra/RFTN20_CE,https://api.vitaldb.net/9ce8a90587e920d37fab50d4c89af36207b9e837
9ceae3b6dce06231f89d0791544f8899b2167592.csv,75492,5ea015ac9521264f0843160489c7549f7119e543ea84838a5ba90a50a3b0a523,numeric,4027.0,Solar8000/HR,https://api.vitaldb.net/9ceae3b6dce06231f89d0791544f8899b2167592
9cef3a7128ad4ec541656c4592df1fac4e8a0916.csv,771221,4b7bf7a397ef8b9b17e335d63eaa9c045cad3896c4f061b53caeb359d9214be5,numeric,2000.0,Orchestra/PPF20_RATE,https://api.vitaldb.net/9cef3a7128ad4ec541656c4592df1fac4e8a0916
9cfc5512f96eefd6b2b2ee6e8c200118350ba91b.csv,549046,4b096d106d55b71180777e996fff4c1e186ad1e510757eadecb07603c1a8b25b,numeric,1082.0,Orchestra/PPF20_RATE,https://api.vitaldb.net/9cfc5512f96eefd6b2b2ee6e8c200118350ba91b
9cfdf5107573d1f5b9c164d70c786b6fbaacf199.csv,569971,426b2c4028afb959dfd5955b59f41482125104de35b8c2a98c5b0f98c1049954,numeric,4547.0,Orchestra/PPF20_RATE,https://api.vitaldb.net/9cfdf5107573d1f5b9c164d70c786b6fbaacf199
9cff7cfa0b11bec50baefa76bec2cecd05a53ebf.csv,246221,9b44073ed08a123d6851fd5bc56028263fa5e3d5cb483fd10cca45b4d81d084f,numeric,3348.0,BIS/BIS,https://api.vitaldb.net/9cff7cfa0b11bec50baefa76bec2cecd05a53ebf
9d0edf40bab684d6675c440148f07de0b66cf285.csv,101836,2ec7ade1118106311d7c9b45af913de3e1d54876c029620b78756022c4d9a3b6,numeric,6090.0,Solar8000/NIBP_MBP,https://api.vitaldb.net/9d0edf40bab684d6675c440148f07de0b66cf285
9d17aefcc6ff8f556e9020eefbf837bdd83341c0.csv,363991,c23fa9237b88bf24934a9e8d6cc3e14f9f918bcd89819112db66f8d089fe3713,numeric,571.0,Orchestra/RFTN20_CE,https://api.vitaldb.net/9d17aefcc6ff8f556e9020eefbf837bdd83341c0
9d1a61ecc091c38eb7d39ee1e3f8cbdb36b8037b.csv,41204,83e4cac22d7fcd10cb3e0be6abfa930277ff4454862deb19886fa30dcbb71eb4,numeric,4709.0,Solar8000/HR,https://api.vitaldb.net/9d1a61ecc091c38eb7d39ee1e3f8cbdb36b8037b
9d6f7a7e6fa895b16d79592ee6e3cdd57cedc40b.csv,42918,aa74d7c67495002f1d8594b4b0f69c490c2a32b1fd53c9cd15d664ef1a34384a,numeric,5197.0,Solar8000/NIBP_MBP,https://api.vitaldb.net/9d6f7a7e6fa895b16d79592ee6e3cdd57cedc40b
9d7f17335f5bde0c349600f60f5b90e5b1e15c36.csv,66650,f40d0901705475b0d2e9df68e414eb48bd4501b8b9fac804fb6d2a17f562b679,numeric,5155.0,Solar8000/ART_MBP,https://api.vitaldb.net/9d7f17335f5bde0c349600f60f5b90e5b1e15c36
9d8858d9a6349e27839eb94462ee83fa10ae048f.csv,489347,14cf12da8caa25f0ebe90e20d327e36d4cf113d38751811be480ae6db91e0d4b,numeric,5680.0,Orchestra/PPF20_CE,https://api.vitaldb.net/9d8858d9a6349e27839eb94462ee83fa10ae048f
9d8b13a9153d97e17dcdc3013383d35128a14f12.csv,682878,5fda0e3aaebb30a6252be02e8c8702fcb19fbeb0b25ebae216787138785caee7,numeric,3710.0,Orchestra/PPF20_CE,https://api.vitaldb.net/9d8b13a9153d97e17dcdc3013383d35128a14f12
9d8f6076b00554c30cd18edb4df40de433db49d8.csv,604748,ee4046c0a748d1171a44edda5235399454c04ba3cdef467a71fbf9207a5a454f,numeric,5463.0,Orchestra/RFTN20_RATE,https://api.vitaldb.net/9d8f6076b00554c30cd18edb4df40de433db49d8
9d906f857443d4e929c8688fb1e5799faad4b66e.csv,127720,1ad72b36ea1804e19c1dd78d275ee2dffaceb53763e05f9561893e26a421f2bb,numeric,309.0,BIS/BIS,https://api.vitaldb.net/9d906f857443d4e929c8688fb1e5799faad4b66e
9d910f599e8d137fdb1d7f37f04bbf333d725f72.csv,392124,9fd583caf79e9e15f54e7bbd4b83036d42e2694e09f263f742e9b3a2597051c0,numeric,5558.0,Orchestra/PPF20_CE,https://api.vitaldb.net/9d910f599e8d137fdb1d7f37f04bbf333d725f72
9da1072ae1673f553c897cd192bb9c226e95c03a.csv,855798,bf5c03b698ed4feaf3e1dab54a853d3058ca5fd7a604fc3f8cb04ea1dbef215e,numeric,5809.0,Orchestra/RFTN20_RATE,https://api.vitaldb.net/9da1072ae1673f553c897cd192bb9c226e95c03a
9dac08dc6231044b578caf53f446aab2133daaa8.csv,154713,fee4dbc1924566d6ada7a0d2b067f3a4254b00f034a9a4e8eb602a852555369f,numeric,5167.0,Orchestra/RFTN20_CE,https://api.vitaldb.net/9dac08dc6231044b578caf53f446aab2133daaa8
9dac1c35e7b1b5df3fa6b3309fdaea9c4f55dd63.csv,121528,8c3ae95d19a8ef1fc6cac327d4b9f0c93805c269ae5ed6fb988e8b4efd366219,numeric,5206.0,Orchestra/RFTN20_CE,https://api.vitaldb.net/9dac1c35e7b1b5df3fa6b3309fdaea9c4f55dd63
9db1ca293e0ba5abb731d6e1cec9fcf18a5dc6da.csv,78317,0c35d444578047d1f8d7ad30ae0d46c5f66487c35fe4e961974d5a8180d07b25,numeric,785.0,Solar8000/HR,https://api.vitaldb.net/9db1ca293e0ba5abb731d6e1cec9fcf18a5dc6da
9dd3b5e301995a601f1cb44e492f8d58ff58865d.csv,70802,441e588264326bbab0f561cb1bbf4f6bd82d227d0b04a3a2952c088f2a11c98f,numeric,5274.0,Solar8000/ART_MBP,https://api.vitaldb.net/9dd3b5e301995a601f1cb44e492f8d58ff58865d
9e183d06722f6605d1268bc77ebf9787d21dcea8.csv,553468,57fb26a0920063bc60cbd1cf95bef27368d708470c4de62cfebb0650569abfe8,numeric,6345.0,Orchestra/RFTN20_CE,https://api.vitaldb.net/9e183d06722f6605d1268bc77ebf9787d21dcea8
9e1d53b784f4894e0c7c79775b74483b1b8d61e3.csv,48189,ce7e5e08d2499254a8d846d90913e8a325b00b800a0a4e466acd222c0f837627,numeric,2732.0,Solar8000/ART_MBP,https://api.vitaldb.net/9e1d53b784f4894e0c7c79775b74483b1b8d61e3
9e5cd0354e2b0b301c089b97e739bf8df9537e48.csv,259917,ca53e12c3f92e113c4699112313866e24dd4df5b9ec76e791c995c672954336d,numeric,5017.0,Orchestra/PPF20_RATE,https://api.vitaldb.net/9e5cd0354e2b0b301c089b97e739bf8df9537e48
9e71237bfe6fba0beff20feebb73f9aadffd1355.csv,344277,b606756fe0d548eb502561a730100201b84018a3203f2dc29ce4e19ecd18f014,numeric,5998.0,Orchestra/RFTN20_RATE,https://api.vitaldb.net/9e71237bfe6fba0beff20feebb73f9aadffd1355
9e8410b09e0bde4294fbd92750b852eac586e514.csv,19875,bb6795b4c5a8dd59da03df9fe2b3d3fa4b86ca554318673fcd2536476349a35e,numeric,5983.0,Solar8000/NIBP_MBP,https://api.vitaldb.net/9e8410b09e0bde4294fbd92750b852eac586e514
9e90572ef792815809bdff9b3ed274a9c403ebd8.csv,640168,42bd90c12f473e52b09913bdeb53cb438398f747d509834fbfb139c1a15861e3,numeric,2708.0,Orchestra/RFTN20_RATE,https://api.vitaldb.net/9e90572ef792815809bdff9b3ed274a9c403ebd8
9e90e307ca2d49eed96d03f94cb16d39087a90c8.csv,289217,994bb58fd265692d504bfe13ff187d9d19f10968c1301f614f5d1af56a34fb1b,numeric,3298.0,Orchestra/RFTN20_CE,https://api.vitaldb.net/9e90e307ca2d49eed96d03f94cb16d39087a90c8
9ec167c6b7c02e7311d78308c01bc38210380fe3.csv,610978,11b9114b49d40de6eaff075fe88f20eb8a251d747005c796f5696013349cbcf9,numeric,3352.0,Orchestra/PPF20_RATE,https://api.vitaldb.net/9ec167c6b7c02e7311d78308c01bc38210380fe3
9ec306aacea61fe21143ecfcc52b1184738a074a.csv,584506,c30b4db499a5ca0d72432a04feff424759f855c5eb06756f3f60cb299a117cee,numeric,3961.0,Orchestra/RFTN20_RATE,https://api.vitaldb.net/9ec306aacea61fe21143ecfcc52b1184738a074a
9ec78b34dd6ba63f80e93aa699df60852fb7194a.csv,357439,d88b40e87f5f29e5a933a5f8e71cf5d8208c9ce239c38accd0fddb232ca6c7e4,numeric,4102.0,Orchestra/RFTN20_CE,https://api.vitaldb.net/9ec78b34dd6ba63f80e93aa699df60852fb7194a
9ee60f8463bb00a89c9599dab958116f05593d68.csv,341677,9ac94d75bc7207ca2e557f0e469f15d9d13fa75bc0ad529dc08db4e4cfd0cba2,numeric,3785.0,BIS/BIS,https://api.vitaldb.net/9ee60f8463bb00a89c9599dab958116f05593d68
9ee7deadb23d6d30db0bdaba6e82cac7bcc9a069.csv,646830,75f847dd7fb777ee00945dae2e0d780c37361a47819178421562100b3f775be9,numeric,1889.0,Orchestra/PPF20_RATE,https://api.vitaldb.net/9ee7deadb23d6d30db0bdaba6e82cac7bcc9a069
9f17cc99e3a844bb3016d889b62c08d0bd407d6c.csv,88804,2ae92be1d6b441f1483e32c966ba8830b69e1d35dbeac45cb98573949e43d94c,numeric,5335.0,Solar8000/HR,https://api.vitaldb.net/9f17cc99e3a844bb3016d889b62c08d0bd407d6c
9f54e2bf82629ece8ba2656a916b2d2b1920374a.csv,302968,ab5bdd739b59d0a5888ee094704b4b9412e3c42643b8956fa55b29ce65cfed35,numeric,166.0,Orchestra/RFTN20_RATE,https://api.vitaldb.net/9f54e2bf82629ece8ba2656a916b2d2b1920374a
9f5b9ffc07e4d8d425c9267394d054edc18f8955.csv,602821,64a7bb2b5cd0ff740f930c21c52f59c17bffadead045c499c39414bb7214365e,numeric,6037.0,Orchestra/RFTN20_RATE,https://api.vitaldb.net/9f5b9ffc07e4d8d425c9267394d054edc18f8955
9f6721d876c48c949a5546589ffd60ad7b1f22e4.csv,376650,84f86f53303a1c87edb85274e624bf1acc1924e62981db0ed3aa2fd1a52f7f67,numeric,3449.0,Orchestra/PPF20_CE,https://api.vitaldb.net/9f6721d876c48c949a5546589ffd60ad7b1f22e4
9f6c735dba3790b2cc422dac5c75ff548d7a25e8.csv,54761,8259e534ec182b0e99b1f756e6a32e338736b8ee20e816f0d8b6c20ac9137e72,numeric,6053.0,Solar8000/HR,https://api.vitaldb.net/9f6c735dba3790b2cc422dac5c75ff548d7a25e8
9f74189f854e8966074c9bd2c38af2b333cb3b90.csv,959914,05d6002510a9ac33b3525d74defb9cdb564e8e185be950eb79abccd5da23a5cc,numeric,822.0,Orchestra/RFTN20_RATE,https://api.vitaldb.net/9f74189f854e8966074c9bd2c38af2b333cb3b90
9fa58b6ade9e122e20076cc433bffd97056f6f5c.csv,461345,e6247e658fa7d6e8f4274e430794c48a5e1902ca1b6e2bbac6fec158227f9951,numeric,5142.0,Orchestra/RFTN20_RATE,https://api.vitaldb.net/9fa58b6ade9e122e20076cc433bffd97056f6f5c
9fbdaed9213627dc48f321f620681ddc91671b0b.csv,254402,363b349c03d16e4a4364b6f2fe493523c4de3d2b0303fa3af7fedd35b34770d4,numeric,4709.0,Orchestra/PPF20_RATE,https://api.vitaldb.net/9fbdaed9213627dc48f321f620681ddc91671b0b
9fbe9d62233a6c47210644afaf8a74eb1f51b2d1.csv,95259,3b47b986f51ab53bceda8418f13726429637da1627911e060e45518e7a622e2f,numeric,5314.0,Solar8000/HR,https://api.vitaldb.net/9fbe9d62233a6c47210644afaf8a74eb1f51b2d1
9fcc987a5ced140cb03e0f85dd465660cb2cf7b6.csv,312352,24cedb1470f4155c56a94fc2920b5dd426253ee336859f55b278b2be44f53d2c,numeric,3641.0,Orchestra/PPF20_RATE,https://api.vitaldb.net/9fcc987a5ced140cb03e0f85dd465660cb2cf7b6
9fd0188a638e794c37526502beec655f8cdf6caf.csv,91100,a45df4ffc0f6dc2d620be26de3a59b14d4fedc8eadceab7442325cf016db09a1,numeric,671.0,Solar8000/ART_MBP,https://api.vitaldb.net/9fd0188a638e794c37526502beec655f8cdf6caf
9fd954cb5b0b394195dcf4f941436102d425cf7e.csv,558824,b9947a4f05383949817d362b64044c559249fa13d1b66d59d5873147ceaa2806,numeric,2717.0,Orchestra/RFTN20_CE,https://api.vitaldb.net/9fd954cb5b0b394195dcf4f941436102d425cf7e
9fddafa2dd4c37adf23856b8972ea8d944439608.csv,526087,260ff144989241159923af0f1d9cb0123311f6f85bff81de42a7cbbe50f48ac7,numeric,3961.0,Orchestra/PPF20_CE,https://api.vitaldb.net/9fddafa2dd4c37adf23856b8972ea8d944439608
9fe216fcc8eaa2cff84bbd715a63045f894625e8.csv,67608,66bf23ccf147ecca4f93f7bb72c2c7057131afae45ad188216749cf326021e78,numeric,5616.0,Solar8000/ART_MBP,https://api.vitaldb.net/9fe216fcc8eaa2cff84bbd715a63045f894625e8
9ff1434cef058e6dab498f56363ab84bf7e5f246.csv,630742,44163d0891c1f31ea9d9ebdbefead9e0d789c61fb814b39e8e372d9c0808a13a,numeric,2708.0,Orchestra/PPF20_RATE,https://api.vitaldb.net/9ff1434cef058e6dab498f56363ab84bf7e5f246
9ff52852b7bdb59c3cce69eaa9463d70e653a455.csv,16208,b94b8ed13c9c09bd6422ee678c8444f9bd8873430f6837c8043eedb9db8024ff,numeric,6163.0,Solar8000/NIBP_MBP,https://api.vitaldb.net/9ff52852b7bdb59c3cce69eaa9463d70e653a455
a00a48d9a85cc6c0dbcc868141e65393fb332ccb.csv,385195,08faad10928bd73549b7a4228982061f27bc85cd4f92c6b0b9f16d9a0324bc73,numeric,5197.0,Orchestra/RFTN20_RATE,https://api.vitaldb.net/a00a48d9a85cc6c0dbcc868141e65393fb332ccb
a035442de010afc08bee5c9d4802245c707e00e4.csv,137113,b5e7376b18cca6055cc41ab6c6ae440a7c84e945c6a372df18ca5b9f904b1b80,numeric,4913.0,BIS/BIS,https://api.vitaldb.net/a035442de010afc08bee5c9d4802245c707e00e4
a041af679063e4602b9e29da7e6991d1ee0375b3.csv,181209,cd1157f39e36b0ae0f2d37786ac4717a69f81a87c2883ed21bcba6540387ef6b,numeric,1964.0,BIS/BIS,https://api.vitaldb.net/a041af679063e4602b9e29da7e6991d1ee0375b3
a0455f53ce7463f49f192f1649edb0750d055960.csv,31741,65ffe4bf54fb297b7da0c25c672b57edb1dd0fa2e795592a1ea6696dfe27d5c0,numeric,4258.0,Solar8000/NIBP_MBP,https://api.vitaldb.net/a0455f53ce7463f49f192f1649edb0750d055960
a0481c140a54be7f828431e9f17903239e4db790.csv,416888,4db130f3a39c5460b69cebc9599340b0e696911902d728861b650834d7af4ae9,numeric,2805.0,Orchestra/RFTN20_CE,https://api.vitaldb.net/a0481c140a54be7f828431e9f17903239e4db790
a05dc1c8db1a585094d5b7849d214592eacd8f9d.csv,727832,144afd0b36a14200643f7cabb3510a513c7068f564efcbd584ebd8b617cb04e2,numeric,1920.0,Orchestra/PPF20_RATE,https://api.vitaldb.net/a05dc1c8db1a585094d5b7849d214592eacd8f9d
a061cdc7b19f50212c1c93e751a16612ea825d77.csv,449594,baec62ee8651b5ee3db0f170951b012fcec48f2b37e78b65f073d21bd0f46896,numeric,1784.0,Orchestra/PPF20_RATE,https://api.vitaldb.net/a061cdc7b19f50212c1c93e751a16612ea825d77
a06bc4b252c0dae878f175772f448a0013ed0402.csv,92944,5712c50f7a66e832eb21c8e4cc0670d7a134055e7783abf13250a098666c8dd5,numeric,3223.0,Solar8000/HR,https://api.vitaldb.net/a06bc4b252c0dae878f175772f448a0013ed0402
a0862f278e20de7e77caf8574b16bb434ca3709f.csv,38178,263f52aee2fdd43653c84af431a18f4cf93e139428f3575b1aa12dbd39789b1b,numeric,2687.0,Solar8000/HR,https://api.vitaldb.net/a0862f278e20de7e77caf8574b16bb434ca3709f
a08c9c11f54a8831dfd8de0b2745ad319199ecb1.csv,69171,9aa5e806061e583231e6674a16eede1e5f3a322c187fb5c52533f4f1e2cab226,numeric,3573.0,Solar8000/ART_MBP,https://api.vitaldb.net/a08c9c11f54a8831dfd8de0b2745ad319199ecb1
a08df8f360493209b7f3e81caeaebcdb408fb3cd.csv,455728,ac29e9e70e1b727d2a919a2a5ebf5cd8ee32483052544104366c9f0127109cd7,numeric,4464.0,Orchestra/PPF20_CE,https://api.vitaldb.net/a08df8f360493209b7f3e81caeaebcdb408fb3cd
a09c3f759f8ebb76d444481aee5542e303af93bf.csv,347747,52973419212db9c93f2ed3813d5a29014f7f1aa821b8706b2dd209ae5a576902,numeric,2779.0,Orchestra/RFTN20_CE,https://api.vitaldb.net/a09c3f759f8ebb76d444481aee5542e303af93bf
a0b04210230129f708ea64b726fa005aa7ec1858.csv,136381,7e4392ba0d62e15627607dd6f71947e214fcc127162881d7e165b0a6b04adc95,numeric,4011.0,BIS/BIS,https://api.vitaldb.net/a0b04210230129f708ea64b726fa005aa7ec1858
a0bba88a578da0f0edfae156a61b5d3ab3d38083.csv,713194,e01086988f69d82eadbe571d2d2eca889a24630ec33127426dfed13dc5e29703,numeric,1172.0,Orchestra/RFTN20_RATE,https://api.vitaldb.net/a0bba88a578da0f0edfae156a61b5d3ab3d38083
a0dde18f5cb42ff721f16aa97a2c320f8e259e1e.csv,499942,5f8de73b522966527aedb6db5c9e6b9c8db14dbee704f3d0cf408d8b86fc2f03,numeric,4453.0,Orchestra/RFTN20_RATE,https://api.vitaldb.net/a0dde18f5cb42ff721f16aa97a2c320f8e259e1e
a0e40335efa000211345d942038e118347d61bfb.csv,235851,757c192c4ebf2629ddf50d49931748f0a5cbc08d212bedc63fc4fe4c9fad9d6d,numeric,4567.0,Orchestra/PPF20_RATE,https://api.vitaldb.net/a0e40335efa000211345d942038e118347d61bfb
a0e92d248e87e071d301f941ad75e84a39dcc881.csv,617549,e017381c994f500bc4d31601df3b5c6b455ad9c6801d329057dcf88c05940dc3,numeric,5871.0,Orchestra/PPF20_CE,https://api.vitaldb.net/a0e92d248e87e071d301f941ad75e84a39dcc881
a0ef8147664e8318e6a816c6ffeee1c24bbe1aa1.csv,5849,61b78078bf874eeecdbb9f25c5a8590ff240a19631ce0633f3ffbb57eefadd61,numeric,4027.0,Solar8000/NIBP_MBP,https://api.vitaldb.net/a0ef8147664e8318e6a816c6ffeee1c24bbe1aa1
a10b0f1624f130c1220e1d2a4a93129889edc712.csv,218205,ee176ce8fa4d184f9ddbdacfb780a66b20841559974aca5b871d8149632432d1,numeric,5140.0,BIS/BIS,https://api.vitaldb.net/a10b0f1624f130c1220e1d2a4a93129889edc712
a10e97e54a2d73a8c558879ec662e4210be6a7e3.csv,623944,0b480d6a731e0588a97736012c8a016506ba6fe134b103d9bab10eb68d3fa8a1,numeric,2243.0,Orchestra/RFTN20_CE,https://api.vitaldb.net/a10e97e54a2d73a8c558879ec662e4210be6a7e3
a111cc3eb9b347a94657f42d0d4e2aa725e1ba08.csv,861653,fdf0236ef31013809d47483ea0b65f149015164d9eb11429d255c2d4187cefda,numeric,4899.0,Orchestra/RFTN20_RATE,https://api.vitaldb.net/a111cc3eb9b347a94657f42d0d4e2aa725e1ba08
a1143d2af7656671a8ee2feae266023e98a7d661.csv,854611,ba3e896fb24938421d62b59167fc527e04e7de723af7a03178ab5d905f7387b2,numeric,3545.0,Orchestra/RFTN20_CE,https://api.vitaldb.net/a1143d2af7656671a8ee2feae266023e98a7d661
a128bd2df758ca25a5a05d58560e7d82dc987110.csv,72184,5aa46d94e3d321dd52c6dd111c1e605dd8be428a4a3feecb07418810470936f7,numeric,5225.0,Solar8000/HR,https://api.vitaldb.net/a128bd2df758ca25a5a05d58560e7d82dc987110
a12dc15a9ca2d2102b7670ad6a5b3697d3439133.csv,406669,f9afc89cc36d10054ea686ecb00cd1fe9de9c7fc1958acbb96353d7082b1a42d,numeric,1925.0,Orchestra/PPF20_RATE,https://api.vitaldb.net/a12dc15a9ca2d2102b7670ad6a5b3697d3439133
a133a124ae306bf3b2811da39777f8d78da36034.csv,49849,4ea65bf0a30a7a8f13d54729fffac369edcebc365bc0f52f03d751c9eaaf176b,numeric,3579.0,Solar8000/NIBP_MBP,https://api.vitaldb.net/a133a124ae306bf3b2811da39777f8d78da36034
a1340f1db092476d790a1caed6924f0bee62a670.csv,314000,35fbf7d69423962a9d96065030a427329cb035c7102b12217d8bfb867c576bd9,numeric,4330.0,Orchestra/RFTN20_RATE,https://api.vitaldb.net/a1340f1db092476d790a1caed6924f0bee62a670
a13fd7f6e0a9226ec1f6773c7aca156196e2ae9d.csv,491323,a8f9ce1d2d79f535be0bae457af68a299bf6d8db9a2fb657f44180bc01162dad,numeric,5675.0,Orchestra/PPF20_RATE,https://api.vitaldb.net/a13fd7f6e0a9226ec1f6773c7aca156196e2ae9d
a1536cb186b0445085c894f7f90f7a30dff8b6f0.csv,84688,aa7528d09baddab27aad220a60c4aee8bf6d2d86599dace03696b16239ced6c2,numeric,4275.0,Solar8000/NIBP_MBP,https://api.vitaldb.net/a1536cb186b0445085c894f7f90f7a30dff8b6f0
a1706d6aed38570cfbdb6c75296793871821d957.csv,318113,3cb3d6291015a2bd54bca4745471154b6f505e936fc954d6eea78057a02b341f,numeric,1662.0,Orchestra/PPF20_RATE,https://api.vitaldb.net/a1706d6aed38570cfbdb6c75296793871821d957
a19d36cfa25313475050264a1d517d11064b30af.csv,340294,f05d5fa7763cd908c7586c4765956dbb3e367be73cc5cbaa08df151a02ad528b,numeric,5867.0,Orchestra/PPF20_RATE,https://api.vitaldb.net/a19d36cfa25313475050264a1d517d11064b30af
a1a56d4dc4bba4be72a88d529bd8077112075d59.csv,83299,441fa25d2f125b26a20385d61b213fa5fe178a66d72298ba26a0632de38d9c88,numeric,5566.0,Solar8000/HR,https://api.vitaldb.net/a1a56d4dc4bba4be72a88d529bd8077112075d59
a1b0c97c7c2b66e3741420485932b6f5e925ebea.csv,162071,db03f339d16888e7acba0637e62a450ddbcf507da690422bb9f9a17cb8033e19,numeric,2385.0,BIS/BIS,https://api.vitaldb.net/a1b0c97c7c2b66e3741420485932b6f5e925ebea
a1c6385a3b821cf2672701f3ab5fdec4c89e32c3.csv,246729,8dbaf2e336a0fd8b4d7c15307bd0b3f9c4c380a684f8f1454eb6abc2a33eeed5,numeric,4095.0,Orchestra/PPF20_CE,https://api.vitaldb.net/a1c6385a3b821cf2672701f3ab5fdec4c89e32c3
a1d6f595f7da39e5a6758cb31555d9e69d959d30.csv,580798,542c5ed1609ac7addc1e19a84c54e5aab8d7f36574b62d239ba3ce2b2ed0f8bc,numeric,3857.0,Orchestra/PPF20_RATE,https://api.vitaldb.net/a1d6f595f7da39e5a6758cb31555d9e69d959d30
a1dda273670a166d4bf64eccbc036197f5e57f24.csv,88161,bee76100810328feaf9c670eac4ad507df9e3ed6d7feea4fc25d73a99a8fc1c8,numeric,2243.0,Solar8000/HR,https://api.vitaldb.net/a1dda273670a166d4bf64eccbc036197f5e57f24
a1fa869f41c960177c32551d574215fb8f90b2c2.csv,540839,fe8809b0dfaab264ec9f5f188df6472f0e97703a71992d74a093c737c90ff911,numeric,4453.0,Orchestra/PPF20_CE,https://api.vitaldb.net/a1fa869f41c960177c32551d574215fb8f90b2c2
a20ba6b874b3f2abc6692fe7e5c603c08fc62bb5.csv,181915,8f4dd0555cfe1e40d0757601905337cd5cb92223f496b12f3da781680a2e656e,numeric,5114.0,BIS/BIS,https://api.vitaldb.net/a20ba6b874b3f2abc6692fe7e5c603c08fc62bb5
a211cc000295608e854ac0a35d444574bbc525c4.csv,60642,c9608a91ee3f9ace0cf19f4199c85693e48df8935839682aab22ddd75fe0a6f2,numeric,5434.0,Solar8000/HR,https://api.vitaldb.net/a211cc000295608e854ac0a35d444574bbc525c4
a22477fd5365b995d662e6d8d30d827553a887be.csv,1333924,901f605af37448d69bcb657bd01b537483ee6a65b1f1c909e3efe5eb07cfc250,numeric,6297.0,Orchestra/PPF20_RATE,https://api.vitaldb.net/a22477fd5365b995d662e6d8d30d827553a887be
a237b8dbb2a56b931ca1933797a8717f8eb0ddad.csv,210870,8e4a38d2cd4e4669a8ae456a801fb7105b318d3a19938d731839294da17ad3cd,numeric,3873.0,Orchestra/PPF20_CE,https://api.vitaldb.net/a237b8dbb2a56b931ca1933797a8717f8eb0ddad
a237ef10f0b251d4081a2dbeafc9a1df37f39b4d.csv,619530,33a786e9e374084f451e4e3242e9b879545337e22bf24ec4f522d8b3a623fe11,numeric,816.0,Orchestra/RFTN20_CE,https://api.vitaldb.net/a237ef10f0b251d4081a2dbeafc9a1df37f39b4d
a23d3c6cbffd564612e4b6edd60a456d0331d877.csv,1379002,4037f2bbd1944590caf4c6d58aa3b9bdc6574959b53cdff1eecf13fca9d91c62,numeric,3287.0,Orchestra/RFTN20_RATE,https://api.vitaldb.net/a23d3c6cbffd564612e4b6edd60a456d0331d877
a25bf896849b4df0b70e39b20feeca721b66ac61.csv,342693,29c695dbe8feb656208c730d136c1daf63f4ca428126a52ec580e3d148c52fde,numeric,1707.0,Orchestra/RFTN20_RATE,https://api.vitaldb.net/a25bf896849b4df0b70e39b20feeca721b66ac61
a2662285eb744c41ed70b1f3fba710eb307606e2.csv,622891,f783e21829be45a09f46acd7c6894ecfacf74680f126fad0d66d8ae187cdcedb,numeric,5333.0,Orchestra/RFTN20_CE,https://api.vitaldb.net/a2662285eb744c41ed70b1f3fba710eb307606e2
a2895bedd3306d5b27d4547f5a5c2aab472d8a51.csv,54854,14c8e4e226d9fe4a99a50bd8593544bc97ffe1e73c646bfb8ffa603a752a0532,numeric,1784.0,Solar8000/ART_MBP,https://api.vitaldb.net/a2895bedd3306d5b27d4547f5a5c2aab472d8a51
a2984747d96198d171b5bf82ff01d1a7085cf1ca.csv,131179,2543fd8b302e9beb9b20d783ea90a75299a1394d6b9a6bb313ee76fcc6cf9da3,numeric,645.0,BIS/BIS,https://api.vitaldb.net/a2984747d96198d171b5bf82ff01d1a7085cf1ca
a2a56dfa5d7a2b6bae93e9a91b2de81d24cbcbdb.csv,107355,b16325e017bab698448a19b39d154d4a4b3fd6322dc29d95586bf41b4c7c066b,numeric,822.0,Solar8000/HR,https://api.vitaldb.net/a2a56dfa5d7a2b6bae93e9a91b2de81d24cbcbdb
a2abfc9075bdad0c4245d4de61f340887835b01d.csv,89054,6c008642c3821c092fd8790a9c63662106c2465b9b216fb6b612347bc4d91dc4,numeric,579.0,BIS/BIS,https://api.vitaldb.net/a2abfc9075bdad0c4245d4de61f340887835b01d
a2c935d95849513594408ea8035d17d8b2d1ebc7.csv,139307,5af81d2224bc52067367a5d31078d2d3f81f8d82a920f1300ecbbea356bc7ef3,numeric,3631.0,Solar8000/HR,https://api.vitaldb.net/a2c935d95849513594408ea8035d17d8b2d1ebc7
a2e4c539284f4a00f5d8f4eda9116e9f634b8e1e.csv,728001,21f2f2f91172ef92243dee667ae47c0f1b0027b67c14508a2e95905b22b45bec,numeric,2653.0,Orchestra/PPF20_CE,https://api.vitaldb.net/a2e4c539284f4a00f5d8f4eda9116e9f634b8e1e
a2ea0c720cfb79f2be3b07ad7ddd7d85f04f8c9e.csv,353775,4b3c931d8a17965bf45b5cab382a627b59ef7bb053b6fa1e87146900d3ee36fa,numeric,414.0,Orchestra/PPF20_RATE,https://api.vitaldb.net/a2ea0c720cfb79f2be3b07ad7ddd7d85f04f8c9e
a2f5dbfc63eb956683604f84c17e9fa15c011ee9.csv,212642,add418e2df591271e05a3cd292db91f4054ac05888fa9b0ae244fc435e9ee99e,numeric,1558.0,BIS/BIS,https://api.vitaldb.net/a2f5dbfc63eb956683604f84c17e9fa15c011ee9
a322ccf72f23661ee7678535ffc96ab02b848a5c.csv,643695,9981e89efa55d2b0568c745fcee245dec6ceec85b57e144ded9f22b2f192d613,numeric,149.0,Orchestra/RFTN20_RATE,https://api.vitaldb.net/a322ccf72f23661ee7678535ffc96ab02b848a5c
a34b84ac724560b40f895bcb6cf9eda6a7196a29.csv,258789,b36155e05c7e959fa25e58ba8a318f33b27d503e74bf4e79fcc8f3a9ed20e2a4,numeric,1922.0,BIS/BIS,https://api.vitaldb.net/a34b84ac724560b40f895bcb6cf9eda6a7196a29
a3871e86106b04572afe390e7a3077226ffcb831.csv,95566,ecdaf587cac52eb00b2decb74dc4faf5c6bd384522e53594a89470f948161323,numeric,6024.0,Solar8000/HR,https://api.vitaldb.net/a3871e86106b04572afe390e7a3077226ffcb831
a3a257849c75c14e563702e95255100e13f6988a.csv,173433,482ce67139999d7cf135432b5963b593e4112c11d48d4a969bb6fdec744d3597,numeric,4383.0,BIS/BIS,https://api.vitaldb.net/a3a257849c75c14e563702e95255100e13f6988a
a3a8a05a82f95797e74c724a95d46280149ff765.csv,334466,67eac14fc92f8b0832ecbc70a1ea7f0764407498555cf519f3017100e305b25d,numeric,2503.0,Orchestra/PPF20_RATE,https://api.vitaldb.net/a3a8a05a82f95797e74c724a95d46280149ff765
a3b51a36b489fc8fd3254bbaddf0512dadb23fd4.csv,101808,38b8b9c9e040a90b204d52b312795faa2ed4c907aab639f2400cec3d74dc4f86,numeric,4433.0,BIS/BIS,https://api.vitaldb.net/a3b51a36b489fc8fd3254bbaddf0512dadb23fd4
a3c871b63133a2d2691fec77209f37ef98007bc4.csv,706266,86d0b513b5a04fe9fbcef230645f56073a485e789031e73473ca58d2fe277c54,numeric,3710.0,Orchestra/RFTN20_RATE,https://api.vitaldb.net/a3c871b63133a2d2691fec77209f37ef98007bc4
a3eb0c27808a1b3b2ca3d95d127c83702ae2fb3e.csv,404745,c540b3832de451bd7c0e602efce153e5dde6c133a7e8d6695adfdc4caafb4b63,numeric,5407.0,Orchestra/PPF20_RATE,https://api.vitaldb.net/a3eb0c27808a1b3b2ca3d95d127c83702ae2fb3e
a3eb1db22b980232a78e8f9c9f2a8f47dcc1b1a2.csv,110598,58e04dff6682ec08c11b5dd4dbfa0d0e4065b1c25d540b90b47f6b66ec7abc0f,numeric,1707.0,Solar8000/NIBP_MBP,https://api.vitaldb.net/a3eb1db22b980232a78e8f9c9f2a8f47dcc1b1a2
a3f2e0f2bd283e1d3e166b2d49083650d986823b.csv,142160,81166728c35c4501e3683e315950bff4d041f8b5a3f488754e8d357235cecccf,numeric,3785.0,Solar8000/HR,https://api.vitaldb.net/a3f2e0f2bd283e1d3e166b2d49083650d986823b
a3fe13b88f5114730352feab14742d1b1734d382.csv,96825,00d76de664b49bdaaa9ee0bfe185e0455a8d595767bc1fbefdabdc10f32713e7,numeric,4709.0,BIS/BIS,https://api.vitaldb.net/a3fe13b88f5114730352feab14742d1b1734d382
a40d4f85d21f1d6183ddf52afcac168936cc9f88.csv,228426,daa765aaa43a9e038b5c81fb209d84379ac8241d149be4acd3b830a89d1a1f78,numeric,1834.0,Orchestra/RFTN20_RATE,https://api.vitaldb.net/a40d4f85d21f1d6183ddf52afcac168936cc9f88
a42b13f3df53d686d2b80219acf4dc0fe227e5cb.csv,46820,40cc408bdf7cbc9445a5f3e15ccfae65aa6c923475b43e0f6982abe43dcec7eb,numeric,1814.0,Solar8000/ART_MBP,https://api.vitaldb.net/a42b13f3df53d686d2b80219acf4dc0fe227e5cb
a43c642f484e86d835f93c8241940405743dfdb2.csv,644934,773483b67bf349bff4bb21c2a949e1f44fc8a9c912baf39f301651f45c337ec9,numeric,708.0,Orchestra/RFTN20_CE,https://api.vitaldb.net/a43c642f484e86d835f93c8241940405743dfdb2
a464541e8612d0e0706ae25d021eca8637797e08.csv,240137,337bc09d7c891413c0f446f1e49111fa7d2912157a9083d196aec78b75c6bc68,numeric,1025.0,BIS/BIS,https://api.vitaldb.net/a464541e8612d0e0706ae25d021eca8637797e08
a48d68d67b9883c94e0a37842fc2f314cb5d3925.csv,218604,34f9a431747775b7ab5527fe9d8a93265f872acf7eb847b15b85548fc5e08bae,numeric,1024.0,Orchestra/PPF20_RATE,https://api.vitaldb.net/a48d68d67b9883c94e0a37842fc2f314cb5d3925
a4a2484fe0712d04ed4e81485a79a5a4f6f9168f.csv,59785,7459a71ba5e417a1c48b9ad119004e071fffbfde6e9d964bd51889cc97360d63,numeric,4122.0,Solar8000/ART_MBP,https://api.vitaldb.net/a4a2484fe0712d04ed4e81485a79a5a4f6f9168f
a4bd51482ab535e68fee5280d5ac109f5fd0c434.csv,119152,10be1f0b8af676478448bf58cafc6022148cdc7bf961bcf1bb4b66ba49b0ca81,numeric,2349.0,Solar8000/ART_MBP,https://api.vitaldb.net/a4bd51482ab535e68fee5280d5ac109f5fd0c434
a4c0d11007ba2964599b23031302a2f2019eb438.csv,3653,d773f78da21105893e5fa6f1442a7afcc03e97f7c2fd79e3373fad75a1c765f0,numeric,4497.0,Solar8000/NIBP_MBP,https://api.vitaldb.net/a4c0d11007ba2964599b23031302a2f2019eb438
a4caf2e953627bc7a9ca33d70b4b880988f18bd6.csv,124197,5d6de9d358b57a40e8aec17f265a570609cf86a9d25a5e330feb7f7498c6d2db,numeric,3426.0,BIS/BIS,https://api.vitaldb.net/a4caf2e953627bc7a9ca33d70b4b880988f18bd6
a4ce9dc4960070e93adedf98262a4ec5e688a4cc.csv,437136,10210270d2157fe328fbd49980479bb31292dbbc7fc9c5639cc45a1336adff62,numeric,4658.0,Orchestra/PPF20_CE,https://api.vitaldb.net/a4ce9dc4960070e93adedf98262a4ec5e688a4cc
a4d78b523143866473faeb50ec545fb0737aa8f8.csv,556757,cc21d5f3ad1ab0230bf090a2d2aab307ac6a9d8d31f6060ec2af165be0f0956a,numeric,5301.0,Orchestra/PPF20_RATE,https://api.vitaldb.net/a4d78b523143866473faeb50ec545fb0737aa8f8
a4f0104d28631b27586eb53010aa820672e9be94.csv,512788,f2f3bbb0663b8ac2c4fda3fce9a06cf788d4642b06364a09d3b93de5eb1cb6dc,numeric,4122.0,Orchestra/RFTN20_RATE,https://api.vitaldb.net/a4f0104d28631b27586eb53010aa820672e9be94
a51344c342cc4c8fa15f7038eae26eb32d52d7bd.csv,36129,aca37181a0a0cba015b80f2c784b6df1c9c29980dadae99c48d339ddada742da,numeric,1834.0,Solar8000/ART_MBP,https://api.vitaldb.net/a51344c342cc4c8fa15f7038eae26eb32d52d7bd
a51755f3a20603f86c6a6ec73f094d436c25209b.csv,213064,f37191c9fbc304103d379351df8bf3d2e13db70d10fbb56686f1fea180945664,numeric,1249.0,Orchestra/PPF20_CE,https://api.vitaldb.net/a51755f3a20603f86c6a6ec73f094d436c25209b
a518d864e974f518c45587b255e140723e460a80.csv,819968,bedcff42d1e573d04f29b9dd689aa03471f3832e5d68ba539765a9777008222f,numeric,5335.0,Orchestra/PPF20_RATE,https://api.vitaldb.net/a518d864e974f518c45587b255e140723e460a80
a519dd3a4394b3f2a3e174930f5b2dce3ced964a.csv,749755,3337c9759aa2d89c0cde200e03f63b962090b59b803f9956c1d720bfc4240940,numeric,4677.0,Orchestra/RFTN20_CE,https://api.vitaldb.net/a519dd3a4394b3f2a3e174930f5b2dce3ced964a
a5265944487ea52d1e2991dc76b6c68d5a1b4073.csv,78151,66fb9eefe62736c93b1b23cd0fe81fffbe77174aefe2564d76b5c015d30542e7,numeric,6170.0,Solar8000/NIBP_MBP,https://api.vitaldb.net/a5265944487ea52d1e2991dc76b6c68d5a1b4073
a526c956d6076808eff6d638b91a4bfd0ac00172.csv,534657,8c8a0ee280707999542622c90a88317f2864463780711955cc2ec59f9179d974,numeric,1687.0,Orchestra/RFTN20_CE,https://api.vitaldb.net/a526c956d6076808eff6d638b91a4bfd0ac00172
a52a19f8072c4846e49280ada96ecddd300e97da.csv,585872,9f7adab76a7a8f1209a5456a7e780158ef7db3c524582e96d186fbddf2af70f7,numeric,5114.0,Orchestra/PPF20_CE,https://api.vitaldb.net/a52a19f8072c4846e49280ada96ecddd300e97da
a52f592e75b054909bbaaba295dcc258f21141fa.csv,72889,54cb3789d35711557735e8da4cf26383b94e8c63a3ba6025a682119be31b2f7b,numeric,3256.0,Solar8000/HR,https://api.vitaldb.net/a52f592e75b054909bbaaba295dcc258f21141fa
a5312697cd0eb56708fe018bb03afeb18f77b549.csv,114490,9cb72b9a00deb464851170a9f12efab12188bbc488e8c059e8ec564eeb62b51d,numeric,1813.0,BIS/BIS,https://api.vitaldb.net/a5312697cd0eb56708fe018bb03afeb18f77b549
a53a867df013dde6083d07d84b1adfdec45ff68e.csv,327076,64a04381734e781f801c926738049f78c9e8b59cad96071ad5421a8aec35081d,numeric,5741.0,Orchestra/RFTN20_RATE,https://api.vitaldb.net/a53a867df013dde6083d07d84b1adfdec45ff68e
a5495228e6429031d9e7dfed476b7a28e8aee0f4.csv,304087,96ee361e42ae544b1b0dc66c2b53ba58f0351b63619942044735f7fe96f1818a,numeric,4651.0,Orchestra/RFTN20_CE,https://api.vitaldb.net/a5495228e6429031d9e7dfed476b7a28e8aee0f4
a56467ddad1b0ba6733372e7eddc607a8f4412e3.csv,337921,a63a742b7828483d95e8e90a0f959c570d44769f9dad3a5acaa51d4a0d81804d,numeric,5548.0,Orchestra/PPF20_RATE,https://api.vitaldb.net/a56467ddad1b0ba6733372e7eddc607a8f4412e3
a5703e3906b66826126a42c76cd3c4ca4d908d1c.csv,271985,6d2836555ae7eadf7af7721713c98fcffd0bc173cbd15046dbe0d046019bc9ee,numeric,4709.0,Orchestra/RFTN20_CE,https://api.vitaldb.net/a5703e3906b66826126a42c76cd3c4ca4d908d1c
a57eba0fed368ca540c065103806db6678aefe83.csv,208917,2575dae92fd3171d7d569fb6601446837082dad4878c8408d9f891136ca002a3,numeric,5164.0,BIS/BIS,https://api.vitaldb.net/a57eba0fed368ca540c065103806db6678aefe83
a592d1ba0e114201c6e45b58f136af5720fce45b.csv,102989,cd08f24faace48e48f0ff110bb83c49eb5e61d6e3158884ec7bb00bb419f0a17,numeric,6346.0,Solar8000/ART_MBP,https://api.vitaldb.net/a592d1ba0e114201c6e45b58f136af5720fce45b
a597de5182920953f087caaea3c962209523a077.csv,514284,115083b062328ff87bceb6b10edaecccc0522ab2e7bb762961590a56325f6d92,numeric,809.0,Orchestra/PPF20_CE,https://api.vitaldb.net/a597de5182920953f087caaea3c962209523a077
a5aaa6ff1860420e1cd9321f6eb3e37f495ca74c.csv,164292,f5f739f9a94e82182b9b4d9c29db6698a9ba8e031446eec4c2a27884e50f5975,numeric,3172.0,BIS/BIS,https://api.vitaldb.net/a5aaa6ff1860420e1cd9321f6eb3e37f495ca74c
a5dadf98ce621274fa37b1fa8ac0c5ea67bf75e2.csv,759175,1724f83adec92905139f5373376e116c5ce52f917c00e6fb0db9d8f43a09ff33,numeric,353.0,Orchestra/PPF20_CE,https://api.vitaldb.net/a5dadf98ce621274fa37b1fa8ac0c5ea67bf75e2
a5e59086aa879758d388e8ae25db8b64515ea2c3.csv,411618,d4af99f1fec38bd779e740194b78acb9ef9b7a1c6855622926f4a480715128d4,numeric,4858.0,Orchestra/RFTN20_RATE,https://api.vitaldb.net/a5e59086aa879758d388e8ae25db8b64515ea2c3
a5f513110dc8cf720f3967663c58700f7db4d623.csv,475615,9dd041de4e8aeeae7348cb1b52d64d2181dc8704226116efd290f845fd2bf016,numeric,4042.0,Orchestra/PPF20_CE,https://api.vitaldb.net/a5f513110dc8cf720f3967663c58700f7db4d623
a61d997283a3d3734b103080c7922837d187f1f5.csv,118223,0a9b3b648a724cc501c18970cd79009e7d221d9c2743c7e8c50851b5b4b7ebb8,numeric,1221.0,Solar8000/ART_MBP,https://api.vitaldb.net/a61d997283a3d3734b103080c7922837d187f1f5
a626e540f26725a58fc5d92f4b92403e67491e63.csv,259201,70568f49720c8a620d1188e150d6e106074d0c3649934c06cd561496b18d96e1,numeric,3693.0,Orchestra/PPF20_RATE,https://api.vitaldb.net/a626e540f26725a58fc5d92f4b92403e67491e63
a65a17b6705e7090610d6fa38ccf7122c43bfcc3.csv,745248,26bbbab709a5a6280e9625263f8803ae777cc80e985e8da0cc23809731db16ae,numeric,5109.0,Orchestra/PPF20_RATE,https://api.vitaldb.net/a65a17b6705e7090610d6fa38ccf7122c43bfcc3
a66631c0c4f66d8f90996115653d47ee9c5ec8e7.csv,1170322,f6a8f5870017a41e3ddeb9d301fc44eecd84d254155efad228fd1d7017632758,numeric,3093.0,Orchestra/RFTN20_CE,https://api.vitaldb.net/a66631c0c4f66d8f90996115653d47ee9c5ec8e7
a66cc0166b4645d57716203d5782e7617c9ac77c.csv,855138,2f2e4e3d4dcaafd2b399c2d64b9a969f814b893b7fb45ac010c019f7edadd94a,numeric,5140.0,Orchestra/PPF20_RATE,https://api.vitaldb.net/a66cc0166b4645d57716203d5782e7617c9ac77c
a6701503761bc7ebaf015c054d3546eb63afb735.csv,85380,b14d2ed46078ec1e91097027c8a52a1a94866391481a367cc6ee97b4f6e49e08,numeric,1665.0,Solar8000/ART_MBP,https://api.vitaldb.net/a6701503761bc7ebaf015c054d3546eb63afb735
a67908b50e0749a5c758d64b002864667476b9f0.csv,39246,db3c8010f4ee5048dba5e21fb774e0c7571a6c02434913e8c968a7fce7f4c8e4,numeric,2779.0,Solar8000/HR,https://api.vitaldb.net/a67908b50e0749a5c758d64b002864667476b9f0
a688c89cd89f96ca36e91bf0b7bbaffe30d99265.csv,360136,5d0bfc7f794a3b130e62dc683b178e4fce15f712cb3b357bef307c1fb7772039,numeric,3114.0,Orchestra/RFTN20_RATE,https://api.vitaldb.net/a688c89cd89f96ca36e91bf0b7bbaffe30d99265
a69a2326d145468c62346daa1a02dc454c3814d1.csv,156366,0d3cf2965310c657c9f4fa70c971e7181891f1367633d29dfa291d04aa2aaa8c,numeric,4803.0,BIS/BIS,https://api.vitaldb.net/a69a2326d145468c62346daa1a02dc454c3814d1
a6a7278461cf0a4bdcc040a1fa56e30e01de828e.csv,89432,9d7e862f9faae928763dc5c56992aa6f928f7c5913a9346abafdd7243b78187d,numeric,350.0,BIS/BIS,https://api.vitaldb.net/a6a7278461cf0a4bdcc040a1fa56e30e01de828e
a6bb28140c6a19b7580d3f5bd647b109470d7f0c.csv,552210,9c64bc03436aa474ffe311b87571bf6aa365dc1c0de7b9f962e71dc3b11100fb,numeric,1027.0,Orchestra/RFTN20_RATE,https://api.vitaldb.net/a6bb28140c6a19b7580d3f5bd647b109470d7f0c
a6c0564e272b5ff5a5f9c397d56471ab56cb7ea2.csv,283878,79334e648f1be28ccc139463a11adaa24268054a706d26e641b40624fad413e5,numeric,579.0,Orchestra/PPF20_RATE,https://api.vitaldb.net/a6c0564e272b5ff5a5f9c397d56471ab56cb7ea2
a6dc206786dc13e70d27c1035e3ec96a045f64af.csv,84762,c1d8fd2c6bf184b3897742c25e72fe67396728fc466d1f5c70b01317fc8173e3,numeric,2742.0,Solar8000/HR,https://api.vitaldb.net/a6dc206786dc13e70d27c1035e3ec96a045f64af
a6fe47d43c049a65315c9848fb47a396733bbdf4.csv,757725,7dc1cd29f8932deefbbc695ab3c2e3cd2ff73ce7d3c21e5a444293a974371c50,numeric,1665.0,Orchestra/PPF20_RATE,https://api.vitaldb.net/a6fe47d43c049a65315c9848fb47a396733bbdf4
a710e29493533bfb147e00a1b570a4fe5c8ceefa.csv,129064,c3c1092d7693798dc6adb2ce7ef2759b887f5e32baf0db7d3efa2c9c82526a77,numeric,1213.0,BIS/BIS,https://api.vitaldb.net/a710e29493533bfb147e00a1b570a4fe5c8ceefa
a71b057eb6483ee72179ab852af0fc2efba0c4d1.csv,596265,618311446bbfddf16f28ee6e74d0439c74936f3c68634240c7b54a54880d1f71,numeric,998.0,Orchestra/RFTN20_CE,https://api.vitaldb.net/a71b057eb6483ee72179ab852af0fc2efba0c4d1
a72069f6d3726b4419fb187c9db7face42a5a046.csv,324419,302a19325ab4578f5a5291464214bcb5f993d56ad964b6094633bef6acbef894,numeric,4330.0,Orchestra/PPF20_VOL,https://api.vitaldb.net/a72069f6d3726b4419fb187c9db7face42a5a046
a74586103878b4a72b2124317717d2ff42141608.csv,89498,ee66eac31ee517e5cc07a1a795d4d1b46f29b0b451a0e9d7f12c883d3f4e9859,numeric,5335.0,Solar8000/NIBP_MBP,https://api.vitaldb.net/a74586103878b4a72b2124317717d2ff42141608
a759fb77b4f0eb22327f9dfe4368af504f1308d1.csv,683295,f2dcf90cf346b4519001a569c48a5bafb23e464bde8a458b37b9ceb638c36da9,numeric,3988.0,Orchestra/RFTN20_CE,https://api.vitaldb.net/a759fb77b4f0eb22327f9dfe4368af504f1308d1
a75dd9e8d9e9ef1efad82bb0d45e8054bdc5e1e1.csv,123057,d0af2a690e51e31eb5907d639241f22b211d8546c489e1573613bcc60e2aec02,numeric,3093.0,Solar8000/ART_MBP,https://api.vitaldb.net/a75dd9e8d9e9ef1efad82bb0d45e8054bdc5e1e1
a771bd0b140b7dfe18e4d8db88ef9fc9ab0ed61c.csv,125614,946ccc88561977085fbf19ebfe34dad1d5fd036f86a47bc377f834cfa3ec5924,numeric,3851.0,BIS/BIS,https://api.vitaldb.net/a771bd0b140b7dfe18e4d8db88ef9fc9ab0ed61c
a77724e5c045940422e565cf16d8820b9f3e5601.csv,792857,3f0f306fbb13af2acc17131ba3a3848818bd5421c4373276068b512df84c8130,numeric,5578.0,Orchestra/RFTN20_CE,https://api.vitaldb.net/a77724e5c045940422e565cf16d8820b9f3e5601
a7774046ad6cddd084879d8b758a2bc4be597380.csv,63898,6c64534f416ff0d97f24445906d4066d50ae9519139b543bd67effe6f199e3bb,numeric,5407.0,Solar8000/HR,https://api.vitaldb.net/a7774046ad6cddd084879d8b758a2bc4be597380
a78cdd9965b9ae72a47776456ae93c031e3e7fb8.csv,3676,f4671f763e0e2f9e4a1a1b319789fa070588188c1521f7176802f98d41bbf44c,numeric,3091.0,Solar8000/NIBP_MBP,https://api.vitaldb.net/a78cdd9965b9ae72a47776456ae93c031e3e7fb8
a79f6ce590e12ba53fb8fb4762473d74fd4f03f0.csv,248369,76520eaf42e0fb4a07bc89cc7906391fbb51f6a228c62fa87255fcce96ccb7f8,numeric,962.0,Orchestra/PPF20_CE,https://api.vitaldb.net/a79f6ce590e12ba53fb8fb4762473d74fd4f03f0
a7b753c94f395278cdc07483a59b39f521be6d5f.csv,194274,503b49496d96a74152616f5b291462ca7e6b07ae2deaffc54b1801d5637c3250,numeric,2004.0,BIS/BIS,https://api.vitaldb.net/a7b753c94f395278cdc07483a59b39f521be6d5f
a7bbc9485cbaf386730c55a474b8cb5a1b193b77.csv,379808,a5aae8654f741ca97a0d13259ff4ffa02c6df05b7259a9f212ef7afd1971f8f2,numeric,3114.0,Orchestra/PPF20_CE,https://api.vitaldb.net/a7bbc9485cbaf386730c55a474b8cb5a1b193b77
a7ecc4f1cefc5e1921efbd193e45afb9c014d7fd.csv,561405,2580bb789d1f1bcfe108d1c3456382d6375bc74bd5da36f7a12e32dd03cb198a,numeric,3857.0,Orchestra/RFTN20_RATE,https://api.vitaldb.net/a7ecc4f1cefc5e1921efbd193e45afb9c014d7fd
a7f36e48814f2d9247bb57f5ee06b7acf912aa85.csv,135852,b2430f97d1ac2536660af1e0f611000e2519d4650c32a12b640e936f6b98afcf,numeric,6324.0,BIS/BIS,https://api.vitaldb.net/a7f36e48814f2d9247bb57f5ee06b7acf912aa85
a7fa7a21d549244b9a46d862239738976fd70431.csv,229581,05fd091eba57f9dc02da232424919ccb69397af3edc64311bacfef1af3f1282e,numeric,2650.0,Orchestra/PPF20_RATE,https://api.vitaldb.net/a7fa7a21d549244b9a46d862239738976fd70431
a802d1612812ed0ee9d2206214b881145ab0cc75.csv,225019,1f53591f1eac7d6b1195fa753042c171bd7468aa1f779890e7945bc31532cf77,numeric,1249.0,Orchestra/RFTN20_RATE,https://api.vitaldb.net/a802d1612812ed0ee9d2206214b881145ab0cc75
a830174a26eb913c73e1b06860fd096ab8ac0cff.csv,619234,97bceed145d17a9b9578dfd5c7181c9711323badc25d49e33e75a26108d355c7,numeric,4202.0,Orchestra/PPF20_CE,https://api.vitaldb.net/a830174a26eb913c73e1b06860fd096ab8ac0cff
a8346e2a1acbda5f8be1ac38129c7c9062fbf7fa.csv,63067,df8b2d5ac3c3e85d3adc065baeb7d6258c85581b3c2adc017d42e61489f90526,numeric,1566.0,Solar8000/ART_MBP,https://api.vitaldb.net/a8346e2a1acbda5f8be1ac38129c7c9062fbf7fa
a8364515a4717b8e2d34f63963250b88cd903743.csv,126740,02fe7bfba14ad6824f3e6952f7e6942dc400eb4208a7f09f11fd814933d61c41,numeric,5983.0,Solar8000/HR,https://api.vitaldb.net/a8364515a4717b8e2d34f63963250b88cd903743
a8664883d9aaa988e0fe33884964f810cbff1989.csv,919340,1f83d7ddbf72a2595ec18c6441208a33d8aaffbd546ee16a712d3c0d71e6ba10,numeric,3805.0,Orchestra/RFTN20_CE,https://api.vitaldb.net/a8664883d9aaa988e0fe33884964f810cbff1989
a870f63e08f95ab1fcda75205042ef8b4abd36eb.csv,51620,d6114a4d505bed376fe7654febafe34c247579a6439ecb8013fa56f153f2e589,numeric,5032.0,Solar8000/NIBP_MBP,https://api.vitaldb.net/a870f63e08f95ab1fcda75205042ef8b4abd36eb
a88ee55662e276593faefa98c1a19aa0d84dd37f.csv,823997,64129ab18fdc42d82f8e5dc9ad8b0285d791c96c83933cb436761d3c6cc2545c,numeric,1558.0,Orchestra/RFTN20_CE,https://api.vitaldb.net/a88ee55662e276593faefa98c1a19aa0d84dd37f
a8930aad591d30b29d184b24023f10c8d7742a0c.csv,62186,fc827b066addcccee9baf67b71a3e50061271790c6dbe736c12376820c2e65f8,numeric,6345.0,Solar8000/HR,https://api.vitaldb.net/a8930aad591d30b29d184b24023f10c8d7742a0c
a8a59cfad28fba6ebae3ab357ab3ae6b960303d3.csv,44576,06af80b4590f19a448474cc0061a74691c7d184fc537603e6851f7683f1ad5b1,numeric,6107.0,Solar8000/HR,https://api.vitaldb.net/a8a59cfad28fba6ebae3ab357ab3ae6b960303d3
a8b9a3ee7412ba7d05ce20a179e197dcc6806839.csv,156879,fe67d45dfca239e46352194762f7ca7ddb1f2dc8387a900b0e695e89976c0aa3,numeric,3373.0,Solar8000/ART_MBP,https://api.vitaldb.net/a8b9a3ee7412ba7d05ce20a179e197dcc6806839
a8e46f217cb318952bcbaf4f12d49da865ccdf22.csv,950011,9952f038676249c52264e3a96b20e968db401fdf47b3fc69db65793b697576df,numeric,3572.0,Orchestra/RFTN20_RATE,https://api.vitaldb.net/a8e46f217cb318952bcbaf4f12d49da865ccdf22
a8eaaebba6d52bb8c869cd3b175a7a60d576cb9f.csv,602834,d02e8e196c150e17e18abf2d215e8f6b67dc2010d2b5e23c8628931c7c99980e,numeric,485.0,Orchestra/RFTN20_CE,https://api.vitaldb.net/a8eaaebba6d52bb8c869cd3b175a7a60d576cb9f
a8f808befbc808262a8c2b90cb5220f921e212f8.csv,89918,1ccbd338af7dff164e9c29df8de8d96ed501ad4175f2110f55d50cf23a394108,numeric,789.0,Solar8000/NIBP_MBP,https://api.vitaldb.net/a8f808befbc808262a8c2b90cb5220f921e212f8
a912d6ba11a6fe0da30e5716d47b9c6ec7c97b20.csv,14061,f2cc0e21ad78917a502e05760236ba8a121818bfbcff23dbefff9aba1d988789,numeric,1482.0,Solar8000/NIBP_MBP,https://api.vitaldb.net/a912d6ba11a6fe0da30e5716d47b9c6ec7c97b20
a914b26907c9d41f6cf23646c3ef28699ca6b776.csv,699700,e8cbaff9629505bc07b3caa255011e58ff55ff6afbe5dc8852fd53ed911074ce,numeric,3710.0,Orchestra/RFTN20_CE,https://api.vitaldb.net/a914b26907c9d41f6cf23646c3ef28699ca6b776
a940e984bcf2dcdedc9d7b822bb72de0b20e3670.csv,451856,b93b22f07c62bd001d3213765f700e321fe02d48585628467c6be5ce814c8f22,numeric,2642.0,Orchestra/PPF20_RATE,https://api.vitaldb.net/a940e984bcf2dcdedc9d7b822bb72de0b20e3670
a961e0aa4675e4a7636d98a4fcdcb734c662299d.csv,364249,3ee7479862b0f43d3637ac2ba64af9862f7936eed6cfd76c7a477725afbd741a,numeric,6040.0,Orchestra/PPF20_RATE,https://api.vitaldb.net/a961e0aa4675e4a7636d98a4fcdcb734c662299d
a966ab2f59d2e7d72974e5a1d0eb8d05991fc146.csv,310259,37f87e894ac9f4b75eff81ce9490b7c392869a75b5d17b9aba938430fccb80d8,numeric,5511.0,Orchestra/PPF20_RATE,https://api.vitaldb.net/a966ab2f59d2e7d72974e5a1d0eb8d05991fc146
a9918ce26dc577eb00a0008ff07208166e08de65.csv,447138,c993f3a97473a5699860fd66b329624aa5dcc02f3a2b15dae57db4699654163b,numeric,5178.0,Orchestra/PPF20_RATE,https://api.vitaldb.net/a9918ce26dc577eb00a0008ff07208166e08de65
a99fd2f547aad325aac7e10f25edc6521585195d.csv,352229,3796fc8eb8b227c67befed13d19c447378aee0e8ea5e9de0ed79024bc5c04f48,numeric,1606.0,Orchestra/PPF20_RATE,https://api.vitaldb.net/a99fd2f547aad325aac7e10f25edc6521585195d
a9ac99f418ad019a8c699c96059cd703530df5d4.csv,380920,8e7351660bafe99543c4db6ca5b0561b7fdd884500650f6a22ddb687076fede9,numeric,6241.0,Orchestra/PPF20_RATE,https://api.vitaldb.net/a9ac99f418ad019a8c699c96059cd703530df5d4
a9d5cd0997e2370f0b5dce326ea7469650eaacee.csv,262450,bbb0711304a0bcd8dc05666590aa6f2155ef55580f5d9e29a7469b0a64cd1459,numeric,1045.0,Orchestra/PPF20_CE,https://api.vitaldb.net/a9d5cd0997e2370f0b5dce326ea7469650eaacee
a9f1ebc170c99abe45dbf3180a041bf5fceece38.csv,1033937,5ee2ec5f2b7b2ba286ed203fbe38bc6d01aaa8278e5ff94a3580457505549832,numeric,6071.0,Orchestra/PPF20_RATE,https://api.vitaldb.net/a9f1ebc170c99abe45dbf3180a041bf5fceece38
a9f404c016b26e0bb02799b577018fadc83df0cd.csv,68749,dc53acae3bed0da0af5f2507844ba502fbb1223191cb7e18a9d3220b434cd5a5,numeric,6333.0,Solar8000/HR,https://api.vitaldb.net/a9f404c016b26e0bb02799b577018fadc83df0cd
aa01ef7a5480a44b416a8dda030dd4f02da3f90e.csv,59965,b4c0de9d4f8773c4979e12053121e7aa5062e26569853d02252e8c4de9688740,numeric,3368.0,Solar8000/NIBP_MBP,https://api.vitaldb.net/aa01ef7a5480a44b416a8dda030dd4f02da3f90e
aa06d595b3386b0f9bf4583f810b9beacfa32475.csv,158642,05be392d57aab3d2343683cf7aacd58b69963468c5e4e237a017345b75f009b0,numeric,4316.0,BIS/BIS,https://api.vitaldb.net/aa06d595b3386b0f9bf4583f810b9beacfa32475
aa5938c2594b16457d8fcc3fbf5084baae56adbb.csv,465717,2dbba0848d2925ba69ab624ef76488ef2b590321981185795bfc3a90bdfcc471,numeric,3426.0,Orchestra/PPF20_RATE,https://api.vitaldb.net/aa5938c2594b16457d8fcc3fbf5084baae56adbb
aa8000fc5264a2328ae088c571b730e423a76ea0.csv,511734,cebb843a409eb7fb9a10b312cd8166c8be9ee75b6dd4f7323b5edec1d38383ca,numeric,5155.0,Orchestra/RFTN20_CE,https://api.vitaldb.net/aa8000fc5264a2328ae088c571b730e423a76ea0
aa94ae225c5b15e36f17f7be51d226e59d856cba.csv,605022,c88f524e7a4dafb9a3d386bd699f1a0e93191cd8decee6e84e221daf75ef4772,numeric,3621.0,Orchestra/RFTN20_CE,https://api.vitaldb.net/aa94ae225c5b15e36f17f7be51d226e59d856cba
aab13a615131a480c570b240cb2861f8d599b38a.csv,477608,53932413509adde31bffbf20edcdee8649ca2160f13f6890a824371524060053,numeric,3972.0,Orchestra/PPF20_CE,https://api.vitaldb.net/aab13a615131a480c570b240cb2861f8d599b38a
aab5af5e9c1be392ea89438e3e8f1707eac20ce3.csv,587501,27fab9e2ba4f8c54bd8ddc5482cf6bef47d0ea0dda317d6ad27e25012e268440,numeric,3621.0,Orchestra/PPF20_RATE,https://api.vitaldb.net/aab5af5e9c1be392ea89438e3e8f1707eac20ce3
aad42c823c10ed7917311df08ee55c5437461b75.csv,260951,6ceaf6f6c5532791644d9f67c8be139a845fc7865533435edbb43c353e4ee544,numeric,613.0,Orchestra/PPF20_RATE,https://api.vitaldb.net/aad42c823c10ed7917311df08ee55c5437461b75
aadbe732823d7caa2151c2abb53fc1cfe6db15bf.csv,220737,4c5e3e02c0c92bdb07b2de939b91eff9143a356cb34aa977eee9da27047db644,numeric,659.0,Orchestra/RFTN20_CE,https://api.vitaldb.net/aadbe732823d7caa2151c2abb53fc1cfe6db15bf
aadd02193406d74bab1d3f64a6ea695a87a0265f.csv,496164,9c92fa49e42fc5069d6da00bca5878ffa5086435a03ca673b826775041f8b389,numeric,4087.0,Orchestra/RFTN20_RATE,https://api.vitaldb.net/aadd02193406d74bab1d3f64a6ea695a87a0265f
aae9f278d93744adbffcc134745f63ce6bb6c39f.csv,320661,d5837c69a00bf5face62ee05bd43960425d2842503431eff74ebd90e7274ca74,numeric,2356.0,BIS/BIS,https://api.vitaldb.net/aae9f278d93744adbffcc134745f63ce6bb6c39f
aaf7bf0b45d5a6c965284adbe32efbc5b422e7e0.csv,74435,3e625b880b245d54dab57d52265f4d0d19d9d68fc2fb78640cb29de0308945da,numeric,5114.0,Solar8000/NIBP_MBP,https://api.vitaldb.net/aaf7bf0b45d5a6c965284adbe32efbc5b422e7e0
aafa45875ccab5d05dd5ef2a02757064c72f3cf3.csv,111025,cb3b5b47f0291c2fd8c10141d30b1f0d4458cbd9d362173a53f07679d32c0016,numeric,4258.0,Solar8000/FEM_MBP,https://api.vitaldb.net/aafa45875ccab5d05dd5ef2a02757064c72f3cf3
ab269eb3984c96407945d4dad6be5213266e4bb3.csv,336449,447305f903a5cce95427b0c2802afb84a0d0952e32fbeca8affb4165c1e8c7c0,numeric,2779.0,Orchestra/RFTN20_RATE,https://api.vitaldb.net/ab269eb3984c96407945d4dad6be5213266e4bb3
ab5350820f4bb121ca3d92a24e9bb4de9d342343.csv,417386,21005e09c897dc774a404579d1126dd45a6dad1a39df4e37854b118e3a68df77,numeric,2834.0,Orchestra/RFTN20_CE,https://api.vitaldb.net/ab5350820f4bb121ca3d92a24e9bb4de9d342343
ab60208d20307a3d86cf5e2474099eeec2c4c717.csv,1520147,d4e88f0ebfea686488aa48e886744da3611886fad91de35f117efb9660c4e14a,numeric,1157.0,Orchestra/PPF20_CE,https://api.vitaldb.net/ab60208d20307a3d86cf5e2474099eeec2c4c717
ab7293f4a8ce2bf67e1d0e6d19893f6fe16ced1a.csv,318954,8b6fae93dd3f7651a7643964baa4248fbd92ac698a8bd9d8e03d6f0a66681a49,numeric,4999.0,BIS/BIS,https://api.vitaldb.net/ab7293f4a8ce2bf67e1d0e6d19893f6fe16ced1a
ab7393601d21f6052f780089e5fe89352f501fd0.csv,99343,3697c9182c4ccc86756e9603260c71e5f37310590543ab4f1981f8adcd5b9bb2,numeric,416.0,BIS/BIS,https://api.vitaldb.net/ab7393601d21f6052f780089e5fe89352f501fd0
ab7817056fa54f78652330437a4690181d999e36.csv,49939,d48664f6f56a4e42ac0e814a903974e86d94e5934e7151982018b16b30ea7e5e,numeric,4145.0,Solar8000/NIBP_MBP,https://api.vitaldb.net/ab7817056fa54f78652330437a4690181d999e36
ab909192a1490aa3b61313f3d2bffa2b07e608bd.csv,81912,569c9830c856d276eb03e54357518a4b3f3a1e0435f379c2e6fe5219e8ce0311,numeric,811.0,Solar8000/NIBP_MBP,https://api.vitaldb.net/ab909192a1490aa3b61313f3d2bffa2b07e608bd
aba48220004b9ab8355518c5ecb20fa972aa3e51.csv,105237,2493785b16e1190e21064dcb9da469edeacdb35d37b17529cb3768fc437282d3,numeric,6105.0,BIS/BIS,https://api.vitaldb.net/aba48220004b9ab8355518c5ecb20fa972aa3e51
abaab2000cd56fae4c712ed3b87655cc6cf075ad.csv,432710,93ad30a1f1fe92309ca4905b0021f22ce9ef2edc8c970e64c10c70e55390c88d,numeric,2586.0,Orchestra/PPF20_RATE,https://api.vitaldb.net/abaab2000cd56fae4c712ed3b87655cc6cf075ad
abbbe65da904499bf224db147cc88db14c1e9a25.csv,251187,46ce84770cbe75728dd45a0a51f6d6d80f14ca6d54cba7778f94ca51a370750b,numeric,5560.0,Orchestra/PPF20_RATE,https://api.vitaldb.net/abbbe65da904499bf224db147cc88db14c1e9a25
abe48671565f08b609de0c0177886dfd20259712.csv,363561,c23d6ec90dd03ea6c2cdd5236b6664670626c23b2dfcaef18c7b40ceafefd7f1,numeric,6040.0,Orchestra/RFTN20_RATE,https://api.vitaldb.net/abe48671565f08b609de0c0177886dfd20259712
abfef68ef477b5899623357317692caf9723affa.csv,626584,71add5ea75c1649cdf16288a401005d57a633ab0ecc0966400d97665bc31e7bc,numeric,485.0,Orchestra/PPF20_CE,https://api.vitaldb.net/abfef68ef477b5899623357317692caf9723affa
ac17a1b179936a23b81a2536da4dc0b85755c77d.csv,283190,f6dda4446414081e7b7af5f13aa77d2452de67066feeffabc2da39240a0164db,numeric,5390.0,Orchestra/RFTN20_CE,https://api.vitaldb.net/ac17a1b179936a23b81a2536da4dc0b85755c77d
ac2a548d86b5b72046f271a4d5758ce466745ee9.csv,434581,0bf98867c89011314e2842c24a4b3000c7dbd873cf2c69285da10e37745ae3e5,numeric,4858.0,Orchestra/PPF20_CE,https://api.vitaldb.net/ac2a548d86b5b72046f271a4d5758ce466745ee9
ac352881b8610e3e16d02f24bb3edd457a48efc4.csv,331331,68fa28ab3066e541701600c2fdef9f063522742f9506cead1dd59085096be910,numeric,1871.0,Orchestra/RFTN20_CE,https://api.vitaldb.net/ac352881b8610e3e16d02f24bb3edd457a48efc4
ac3a3a3d2087f18a8d0acae94e60518d47d5347f.csv,677547,d13222d34b3e3ee25c874d0dac20d16a6f06063889630525de50d78d9dc3dc5a,numeric,4133.0,Orchestra/RFTN20_CE,https://api.vitaldb.net/ac3a3a3d2087f18a8d0acae94e60518d47d5347f
ac5203a3b1881a7b680cf8af61c6c9061fb128a9.csv,122407,c2995bbf055d87f2d3ef891de539cfb93ba1d4403b1761d13f2b556e5a8d1c6a,numeric,3935.0,Orchestra/PPF20_RATE,https://api.vitaldb.net/ac5203a3b1881a7b680cf8af61c6c9061fb128a9
ac59739087fef3baba2b02bd96200d1d110e8a5a.csv,68448,e50c210f12ec1043ece1b380061442e8d91ea75a2ba168ef7001eeb0fb9a0589,numeric,5871.0,Solar8000/HR,https://api.vitaldb.net/ac59739087fef3baba2b02bd96200d1d110e8a5a
ac67daadd5f86de2f1105af2fe3479336db9b83c.csv,764530,ed89a427c5b5701c6b363c56e589d7f6712a6ff54e520e0ac24ebbe595a1af2a,numeric,3805.0,Orchestra/PPF20_RATE,https://api.vitaldb.net/ac67daadd5f86de2f1105af2fe3479336db9b83c
ac73f866f34bc917806d47b068a1da679ca68bd8.csv,116298,56313f79b8ab63b40d88abc0bfc66c4e2910ea04610dee4c175ff2cff2782074,numeric,6356.0,Solar8000/NIBP_MBP,https://api.vitaldb.net/ac73f866f34bc917806d47b068a1da679ca68bd8
ac784e93bbe4c24e2f723835f753efc71f2456a1.csv,60258,ad2918e6133205a2a37372dbaed96f1e6bab04556d77482abd52b8b0ef4df5bb,numeric,4277.0,Solar8000/HR,https://api.vitaldb.net/ac784e93bbe4c24e2f723835f753efc71f2456a1
ac79203565d6e04b18a77cc7dae4a8b9fcfaf7a9.csv,89753,7e44f183cc28845f8b828c290969e4ed4808e118b9d63fe3015ab6b42faf8386,numeric,3468.0,Solar8000/HR,https://api.vitaldb.net/ac79203565d6e04b18a77cc7dae4a8b9fcfaf7a9
ac7d08f37e84833130b0eb072304f1d37661080a.csv,113782,741496110fcdabcd24d5ead93d3d8d53ae7a05df238ef3ffa1e4c0ae62e1e822,numeric,345.0,Solar8000/HR,https://api.vitaldb.net/ac7d08f37e84833130b0eb072304f1d37661080a
ac94b4b262286b05a624a9c3fb965794a0d10cdb.csv,362848,83bbacc48e0d4b05d69e2380e9acdfb222ce4b4fcc7a373e7c8b0cd04d85f67c,numeric,2573.0,Orchestra/RFTN20_RATE,https://api.vitaldb.net/ac94b4b262286b05a624a9c3fb965794a0d10cdb
ac9ae795340964f46c4034c1cf59afa5a6746819.csv,266341,aab07f08e14f156e3b205cf39945cdd6f60d86e7f9b740ccc1d1aa9442850520,numeric,3693.0,Orchestra/RFTN20_CE,https://api.vitaldb.net/ac9ae795340964f46c4034c1cf59afa5a6746819
ac9f6894ff4be15e93473e1dfc7c5c485a8b837a.csv,732625,1aa04d035c02434e04a9cb6c16af7f27a970267bb72ad903c57f589b1e89f19b,numeric,1920.0,Orchestra/RFTN20_CE,https://api.vitaldb.net/ac9f6894ff4be15e93473e1dfc7c5c485a8b837a
accdf2e670b46da0e3d184ae97323fed8a769b7b.csv,53500,2aaba780624b5ee56fa5fdd4f183dbf3bfec94bc756e8116f9bf8aed947e6346,numeric,1160.0,Solar8000/NIBP_MBP,https://api.vitaldb.net/accdf2e670b46da0e3d184ae97323fed8a769b7b
ace92a2a8f146378c13f0e913e5089023cc178c8.csv,276959,15a80e64dc698cd8205b48056c274b89edeb57f64e7b6ce4f60d61020791a013,numeric,6146.0,Orchestra/RFTN20_RATE,https://api.vitaldb.net/ace92a2a8f146378c13f0e913e5089023cc178c8
acf5f7aed6b187985df3c179321e25512eae7686.csv,212707,bd006895637e5086a4494745ec314656e08f6d0838f405abc7f8e36e47c30b90,numeric,5333.0,BIS/BIS,https://api.vitaldb.net/acf5f7aed6b187985df3c179321e25512eae7686
acf9170389eab16f48c7f6bab66f4ea17153efad.csv,42576,35f9b0eb0bb592ad2127016672d8f2fe2e9b5317a9eb6a3c29869d329ebb27f6,numeric,5662.0,Solar8000/HR,https://api.vitaldb.net/acf9170389eab16f48c7f6bab66f4ea17153efad
acfd08c0e376ce1e125401f1df427ee3e036fd7d.csv,152330,3cecf84f3eff96344e427ab2a27f273d05eb4b156644e5e645e411299caaf8ad,numeric,2350.0,Solar8000/HR,https://api.vitaldb.net/acfd08c0e376ce1e125401f1df427ee3e036fd7d
ad00bc4dd1348cb2b2072ff8ab09e01e67f220e2.csv,783345,5096dab5fd815f66d610eaca1e53ec9c9e9d2368cfd24c255b2c952c60828459,numeric,2744.0,Orchestra/RFTN20_CE,https://api.vitaldb.net/ad00bc4dd1348cb2b2072ff8ab09e01e67f220e2
ad062a9165ad543dce4193475d48ec13727fe90c.csv,56725,7d19808be5652ae146ae9bf2b13b25f88bd1418c09b911b74fe73d6c8e1fffaa,numeric,4658.0,Solar8000/ART_MBP,https://api.vitaldb.net/ad062a9165ad543dce4193475d48ec13727fe90c
ad1314a4fed158642be3fd95523bbc6e18ff67f3.csv,615726,57b0a137de5aa9dc2c55f17f0140a5977e9fc3fa0b30957edd69a8ba0b5fff6e,numeric,2222.0,Orchestra/RFTN20_RATE,https://api.vitaldb.net/ad1314a4fed158642be3fd95523bbc6e18ff67f3
ad22fc76233b07d973e7ed68f97eac3bc3fe613f.csv,104051,13229365b0d4f8d0b551eb2356404332265de67e16524bd7edf4dc2c74acfa22,numeric,405.0,Orchestra/RFTN20_RATE,https://api.vitaldb.net/ad22fc76233b07d973e7ed68f97eac3bc3fe613f
ad45ce1bf56778bbc92bf6c555898eacc7be9b02.csv,110514,670647842ebf3488623c9e530afb400af1af178b673c59b061525bfcd0923d18,numeric,6296.0,Solar8000/ART_MBP,https://api.vitaldb.net/ad45ce1bf56778bbc92bf6c555898eacc7be9b02
ad567d12424b15c4a4b0c9b908a04bb565e690dc.csv,805771,85342e8b9d93d358e1791fd05b3addf6fab8a207be16889d5526e12800796836,numeric,5137.0,Orchestra/RFTN20_RATE,https://api.vitaldb.net/ad567d12424b15c4a4b0c9b908a04bb565e690dc
ad5b3fd91a541e01fc432ef12e3f3d3e624010fb.csv,118223,49a8974e1f8a4c7cda5cfacb79bc2b6a57b3b78aaf8768ee9f8c01401c14e54c,numeric,200.0,BIS/BIS,https://api.vitaldb.net/ad5b3fd91a541e01fc432ef12e3f3d3e624010fb
ad6b2288e36231c21ba5b1cdf1e53f3ed308c17c.csv,47076,cb154e94ab86ff5c1fcae178982a0993de5a5b34a78fdbf6c0acfef04e3079f0,numeric,1786.0,Solar8000/NIBP_MBP,https://api.vitaldb.net/ad6b2288e36231c21ba5b1cdf1e53f3ed308c17c
ad82d1bd18137af26a230993270d30e08de304a6.csv,339501,267d2e4477b24859925c1e9b81d48d04f1433d83ccd08f52b266fd0cace726f5,numeric,591.0,Orchestra/PPF20_RATE,https://api.vitaldb.net/ad82d1bd18137af26a230993270d30e08de304a6
adac92cc6edc5177fc13c90eef62f0bcd61436b1.csv,64283,a15b8ef8c6d6a72e2634a750caa102dc6bf58d053a7c04a00322d6b4fc8ac777,numeric,3812.0,Solar8000/ART_MBP,https://api.vitaldb.net/adac92cc6edc5177fc13c90eef62f0bcd61436b1
adbf180327d12e0da8e1af6eac5089704d66292e.csv,335861,e519c09fc2ae1ded04489e21e15a18f888ac37776c33b4b4363f4fd20a8b4498,numeric,5662.0,Orchestra/PPF20_RATE,https://api.vitaldb.net/adbf180327d12e0da8e1af6eac5089704d66292e
ae0014732d9466a0b1b52f540d748419d8c79ed1.csv,654822,74c8f492588b6df71b766ede84fc35859aea7f0110387bcbcb59b0fb47741dbc,numeric,6346.0,Orchestra/PPF20_CE,https://api.vitaldb.net/ae0014732d9466a0b1b52f540d748419d8c79ed1
ae0beed523a7e3895dd401addadbebeb3dd0dd4d.csv,43585,3468fdd6a3000349c6f00f3f66839789d814c514f6b9ae59594cda8a654e388c,numeric,3560.0,Solar8000/ART_MBP,https://api.vitaldb.net/ae0beed523a7e3895dd401addadbebeb3dd0dd4d
ae190b7524bc60e2f193aaebdccc789809b8ab3a.csv,282475,a11dbc44d26e9ee5650ae1beed3b867c1a25b54d0dd3b0cd55364f56a1422d3e,numeric,194.0,Orchestra/PPF20_CE,https://api.vitaldb.net/ae190b7524bc60e2f193aaebdccc789809b8ab3a
ae52472c238d6c724a6bff173d4c494823c23a21.csv,58375,2f8cd143382369c01c19ea86d4bcdfec764b58728fd8348936edd19f83ed7ce3,numeric,281.0,Solar8000/ART_MBP,https://api.vitaldb.net/ae52472c238d6c724a6bff173d4c494823c23a21
ae5ad1d84a1ee0ffe852f9f747675003f14356e5.csv,988407,79dfa35840c1e739417ad0e2f2b9b3ac29792a220bc1fe32b772ecf71e05025b,numeric,3860.0,Orchestra/PPF20_CE,https://api.vitaldb.net/ae5ad1d84a1ee0ffe852f9f747675003f14356e5
ae66fc68c1e8a1e0b857c86f7023a4b1ed51ce26.csv,113155,96b1ed23ffab038c7c94c675ce1331a6fd7569e7b07ee5e86b443145d6fb104e,numeric,6114.0,Solar8000/HR,https://api.vitaldb.net/ae66fc68c1e8a1e0b857c86f7023a4b1ed51ce26
ae6a74262a4b4eccbfaf8d30ad574a1ad1c02370.csv,341655,e378e424cb2c36786099705f1086e262174b71ea3ff8de675671695da11a4257,numeric,6097.0,Orchestra/PPF20_RATE,https://api.vitaldb.net/ae6a74262a4b4eccbfaf8d30ad574a1ad1c02370
ae6d3d54da6f3069d9129a630a182502931a30c5.csv,521017,1396f0112477ed84f52e38ca0683d75052dc718fd71cdb627204459d549f6772,numeric,1489.0,Orchestra/PPF20_CE,https://api.vitaldb.net/ae6d3d54da6f3069d9129a630a182502931a30c5
ae8e8ef206df73aeffcea2b766513fc8598645a7.csv,566302,ecd6c1f3326cc5e008669aa5cee6a82673829438c0c8c3261b20b8933b418c52,numeric,284.0,Orchestra/RFTN20_RATE,https://api.vitaldb.net/ae8e8ef206df73aeffcea2b766513fc8598645a7
aedcdf266e5aa0c48eec119f6cab002f5eef0389.csv,480736,5762eed0699846c974d1ba878f02fda0b5cd89f85ace3278bad18ae471e02a24,numeric,1969.0,Orchestra/PPF20_RATE,https://api.vitaldb.net/aedcdf266e5aa0c48eec119f6cab002f5eef0389
aee29874008a441edfa92a829778e38e6c953fb3.csv,538488,a73883a013a07b8d28f6acc41f834c7e3db970271809ac5de2c88f1c4f45505d,numeric,1210.0,Orchestra/RFTN20_CE,https://api.vitaldb.net/aee29874008a441edfa92a829778e38e6c953fb3
aefbe5f7082a7289a84f6c484277c41cbcd48eb0.csv,58210,d34ee4577f9c4c9553e07e4b383a17f4ba922bf918046c16e62ae484f4aad2f5,numeric,4087.0,Solar8000/NIBP_MBP,https://api.vitaldb.net/aefbe5f7082a7289a84f6c484277c41cbcd48eb0
af0dc555df0d7c6914f9440be997c2aa124d6ada.csv,85631,0aedc7f1d672d7c52539589bba74b854e6a13e77dacaeefb9080787e3bc89d23,numeric,1027.0,Solar8000/HR,https://api.vitaldb.net/af0dc555df0d7c6914f9440be997c2aa124d6ada
af3793e06d6c3ca6d51864dbb4aa027ebc13952a.csv,66066,c0b601f6011dc3856d50f146186ca463764b6b0c8df2bcf4775bd8c66dea9e3f,numeric,5912.0,Solar8000/HR,https://api.vitaldb.net/af3793e06d6c3ca6d51864dbb4aa027ebc13952a
af3cf56ea46821a6e079d0f93ec3aa16fcf75981.csv,58659,2b07b2552b34a5988b8c7f6fdf296ec8d17ff68f27f02c45a7a79591dcfb40b3,numeric,1241.0,Solar8000/NIBP_MBP,https://api.vitaldb.net/af3cf56ea46821a6e079d0f93ec3aa16fcf75981
af5e9e21e1860d85e5e4f26ebd399c9fa3646b98.csv,293784,8f57d64686d8167872a8d4d804ae8ee68ff37e7a438c876c400af417e761db25,numeric,6074.0,BIS/BIS,https://api.vitaldb.net/af5e9e21e1860d85e5e4f26ebd399c9fa3646b98
af74616dc89d701798751dccd72c84a05359cb99.csv,129883,bbef6227d53c75d1882b868986ba7d8a19102d376f5212d5c16e3f7243bea233,numeric,1784.0,BIS/BIS,https://api.vitaldb.net/af74616dc89d701798751dccd72c84a05359cb99
af75de28e5b677640fdd43a47f1d18cd01950314.csv,113159,17c0c9ba6b2a5284180b6fd4e85be74711f5a4e3606b25bab79293dd57a74c02,numeric,1648.0,Solar8000/ART_MBP,https://api.vitaldb.net/af75de28e5b677640fdd43a47f1d18cd01950314
afd052831089df052692a9d7404d4c02f61923e8.csv,117661,9dda1a533085e90f6764155f8e3e7b0e5cf52829481747d1aef8b02d07eabf9f,numeric,2794.0,BIS/BIS,https://api.vitaldb.net/afd052831089df052692a9d7404d4c02f61923e8
afd0d32a37a329129abb5059d5908668b4a37b50.csv,39592,896c578e136c094eedaeac975c73edaceb0629b6cb56950827dcaea92919a4b6,numeric,5390.0,Solar8000/HR,https://api.vitaldb.net/afd0d32a37a329129abb5059d5908668b4a37b50
afd6c230930f197b4924e1b203918133185d14c1.csv,423913,ab3ca4a30042941948e7302d5d6872958be3c0fe50da4f3e2642c632ee27cd0c,numeric,2426.0,Orchestra/PPF20_CE,https://api.vitaldb.net/afd6c230930f197b4924e1b203918133185d14c1
afdd7aef3943f1ac2ffc77a5aaff67ee2eb02067.csv,92901,9490fd5f6440e59e82d4c5d0c1d4b4c6eb1650cd84ca2eb9598fe9a811b9d6df,numeric,6037.0,Solar8000/HR,https://api.vitaldb.net/afdd7aef3943f1ac2ffc77a5aaff67ee2eb02067
afe52f20a9e7dfb46fcdc5a7aa9a298057f00a96.csv,155940,386e9c2805116937ac40ce185f79aa5910febd6c71d1d7b0954a5396b651cb9d,numeric,5616.0,BIS/BIS,https://api.vitaldb.net/afe52f20a9e7dfb46fcdc5a7aa9a298057f00a96
aff75a7df7f3a094505243172b9aca5f9266f742.csv,2035692,6770a266ff57aae79dfa2247b6ad4f5f8384da47b6d8e772a207e7c5230beb20,numeric,1936.0,Orchestra/PPF20_CE,https://api.vitaldb.net/aff75a7df7f3a094505243172b9aca5f9266f742
b0165dc7a7d058114941a47c285f76dfb3dfcfef.csv,75166,8e25dbaffc08d867b7e7f6c4c84d20059f135dfde9db1b6bcb9b064167e7a268,numeric,1172.0,Solar8000/ART_MBP,https://api.vitaldb.net/b0165dc7a7d058114941a47c285f76dfb3dfcfef
b01faf9faf49f8bb241cf61706e4465595b5ead9.csv,598529,ae60c6e9e7ab8b352c7a3980f20c59e4eed6fecb0c627c3bfe2ab1caf6daffb8,numeric,485.0,Orchestra/RFTN20_RATE,https://api.vitaldb.net/b01faf9faf49f8bb241cf61706e4465595b5ead9
b023a0e9c7400ae914e29ff23a93f58e6f3cf7d3.csv,109638,1924ae88fb6a7eee3e63d45862468c46d42f03a0595fb7c57fdd64d1d542b71b,numeric,1814.0,BIS/BIS,https://api.vitaldb.net/b023a0e9c7400ae914e29ff23a93f58e6f3cf7d3
b024fe7942bc3ae12a54a0c0cb55001c28083d19.csv,874625,9934f19f4d501502f09dee308fc0e413ba118b97419900d7563f28af697d12c5,numeric,3729.0,Orchestra/RFTN20_RATE,https://api.vitaldb.net/b024fe7942bc3ae12a54a0c0cb55001c28083d19
b03f569877a15b816d76c9fd0c0f4b1f37a6ecbc.csv,513567,54a27340128dc4394140ad4e4ae504d6861e0169f5d6aefcf133ce14b9a53c25,numeric,1408.0,Orchestra/RFTN20_CE,https://api.vitaldb.net/b03f569877a15b816d76c9fd0c0f4b1f37a6ecbc
b050982224a787e46d45c1ba8e01658ef2b779f0.csv,915704,37f4b17edb072b8d774c523460fec9ade4c92d91803c3092a06bc588dc119767,numeric,3499.0,Orchestra/RFTN20_CE,https://api.vitaldb.net/b050982224a787e46d45c1ba8e01658ef2b779f0
b052437fda7cc25fbea92e4261ab0cf9da4164f0.csv,543019,4f2c02475adb9fec16039990cdad99822fbd30a6229ea3aa5ddfbc1ea2e13da5,numeric,1489.0,Orchestra/RFTN20_RATE,https://api.vitaldb.net/b052437fda7cc25fbea92e4261ab0cf9da4164f0
b09e754ae81c89861940d7df2da06ed9827a249e.csv,61828,e12e44f9c3b27aff983e7b598a1de38bfc02f570758bc5407239ae1440aa9d8f,numeric,1408.0,Solar8000/HR,https://api.vitaldb.net/b09e754ae81c89861940d7df2da06ed9827a249e
b0c8ae92c6c8cf3ac986cc5d9db3dc00ec8e707e.csv,433298,f6575ee953bfccb0bca523d434bae555a09660e13298cd53322de28da47c7d29,numeric,4145.0,Orchestra/RFTN20_RATE,https://api.vitaldb.net/b0c8ae92c6c8cf3ac986cc5d9db3dc00ec8e707e
b0e20e6f3ba46ba1973b10cb1427f15e46dac110.csv,98428,6f422ae4c0bffbb721ddb2d0ea8efeeeacfceb923abd601e2eb78d933ca3b1f0,numeric,4098.0,Solar8000/ART_MBP,https://api.vitaldb.net/b0e20e6f3ba46ba1973b10cb1427f15e46dac110
b0fccc0e8e704914913b686cccb3520ba8f0dabf.csv,719195,8d033c47a7ac93de14c331599727b3d6036983eecf2d8c4fce476d72fb3c89cf,numeric,1920.0,Orchestra/PPF20_CE,https://api.vitaldb.net/b0fccc0e8e704914913b686cccb3520ba8f0dabf
b10439b909a87c452f1fb16ed5657f6892455b95.csv,508711,98949628479b528b53a1bb2aa6b8d310b054c489c8555f86bc4b05eefa33073b,numeric,5913.0,Orchestra/PPF20_RATE,https://api.vitaldb.net/b10439b909a87c452f1fb16ed5657f6892455b95
b106ee6a558d2858c651d242c32c9067ee8ce82b.csv,908141,aa190bfc40e8cbe22940f3fe66a9bdccba1c1c1cfd00eea5ee5526378d644a0e,numeric,308.0,Orchestra/PPF20_RATE,https://api.vitaldb.net/b106ee6a558d2858c651d242c32c9067ee8ce82b
b11ff8ec14f1394fd597f5c2c20538bf1f6fb212.csv,56310,1e24398d483a9fc98614945b846a7b5096771d92f27b3b7153488370cb54bd3d,numeric,1946.0,Solar8000/NIBP_MBP,https://api.vitaldb.net/b11ff8ec14f1394fd597f5c2c20538bf1f6fb212
b12c246fb090cb5601b5edd865ce4f305024071b.csv,165785,a7e5656c37adcba19a1e9f27418d32f3fca68680f289f07b459f6dde081c5f55,numeric,2879.0,BIS/BIS,https://api.vitaldb.net/b12c246fb090cb5601b5edd865ce4f305024071b
b134b864b264ab7ec85fa42c714a1b063b064a99.csv,101316,bb7678236eab17432f9393a6e5e2cfe56c60c08442f4b9c336e0f2a85c53decb,numeric,1350.0,Solar8000/HR,https://api.vitaldb.net/b134b864b264ab7ec85fa42c714a1b063b064a99
b1380fa816a9ac9646f89ca6826749dfad248381.csv,232601,fd9463a59532d86c99918f8d87a4d7759627908ca14357026a44775cb98a15fd,numeric,962.0,Orchestra/PPF20_RATE,https://api.vitaldb.net/b1380fa816a9ac9646f89ca6826749dfad248381
b1542599eb407b26ffdcc3e5f8999ecf93a4434e.csv,936987,725eb5ff0ac9690c6dffc7879d5357cde24d4ac26bbe4ee6cf0c7ad4fdbe7dae,numeric,3846.0,Orchestra/RFTN20_CE,https://api.vitaldb.net/b1542599eb407b26ffdcc3e5f8999ecf93a4434e
b1570b79e19669ae14f56716bcdb62351efbaa18.csv,230239,1c211b0ec1010f553890a298274405f57d8d087e5184d5045e75da2390e1065e,numeric,5314.0,BIS/BIS,https://api.vitaldb.net/b1570b79e19669ae14f56716bcdb62351efbaa18
b164e4c3d209bb52f75d409f34ecff4f6574d839.csv,310320,867089d7cd53b0ddd1b44456ca9ef5787063eb6313c5ebcbb62cd73052cd2097,numeric,3777.0,Orchestra/RFTN20_CE,https://api.vitaldb.net/b164e4c3d209bb52f75d409f34ecff4f6574d839
b16d20f1b184f729f69fb8aa3660d56b5cb290bc.csv,1026429,a07047b04e9dd28714f332bc6c94413a2d01a2dcc22cdb1498e634ef6ac557d9,numeric,6074.0,Orchestra/PPF20_RATE,https://api.vitaldb.net/b16d20f1b184f729f69fb8aa3660d56b5cb290bc
b18222cefa29f702bab145cd6d009ca7a8137225.csv,645641,c262f87f60dff7bb727a915bf1860d16d617a0672cfa1578451c584ffe7bc94e,numeric,2708.0,Orchestra/RFTN20_CE,https://api.vitaldb.net/b18222cefa29f702bab145cd6d009ca7a8137225
b183d6aaa4af5983a5b1ab881cbdfa720b3971b1.csv,57200,0102e389ae92039a1cb4070b3de62ede0a2a2d431496c62ee330a07db74128fb,numeric,4198.0,Solar8000/HR,https://api.vitaldb.net/b183d6aaa4af5983a5b1ab881cbdfa720b3971b1
b185b718c9bf04a834539f11728bbd30502ae582.csv,634602,be9f68a354b0bbd5b7385c8a93e7a60c587f2aea9bdea9acc6606b4bd35a174a,numeric,5463.0,Orchestra/RFTN20_CE,https://api.vitaldb.net/b185b718c9bf04a834539f11728bbd30502ae582
b188a18150041fa232fff6d2856218ab47ea40fc.csv,630527,8c2c22ea36f8666cee7095164914036e5ecc321b7b291d4a43e093f98f7e3c7c,numeric,3256.0,Orchestra/RFTN20_RATE,https://api.vitaldb.net/b188a18150041fa232fff6d2856218ab47ea40fc
b1a9de32465239caf6dbe019ad44bf8888c8ddcb.csv,63261,0e17e5f0e067fe29ffd95e9182642a520381040c1d70b5363ee3ce580a9b6070,numeric,4803.0,Solar8000/HR,https://api.vitaldb.net/b1a9de32465239caf6dbe019ad44bf8888c8ddcb
b1af8f568d19453186f5bfa9fa8436f5b7b9ab09.csv,173949,f0e12a35fb3aa80a0ac3d47e8142689353a331e720d03a1670d7aba3c51eb471,numeric,3421.0,Orchestra/RFTN20_CE,https://api.vitaldb.net/b1af8f568d19453186f5bfa9fa8436f5b7b9ab09
b1e04f94938252d7dd0f49503ee43140743b4622.csv,86733,748c72c5e9f4b784254832dae7e48ade9c4487a72780051d531dd048ae83c6b3,numeric,1489.0,Solar8000/HR,https://api.vitaldb.net/b1e04f94938252d7dd0f49503ee43140743b4622
b1f4d1977cc036e5b65a597bbe95ac920fb74af5.csv,40284,497fb97e77c49ac0b1cfd52731ec7f903f60607a82d13cf3a5a03753f100d94c,numeric,3560.0,Solar8000/HR,https://api.vitaldb.net/b1f4d1977cc036e5b65a597bbe95ac920fb74af5
b1f9ef634ed325cf3c45ae8341d54d74ca5d3110.csv,247444,f8d0205009c64137a67cfd70d80f7f2d5c999eff2fa0af9436ec0939deaca623,numeric,2078.0,Orchestra/RFTN20_RATE,https://api.vitaldb.net/b1f9ef634ed325cf3c45ae8341d54d74ca5d3110
b218d0706963dda1737156aea3653b4958a4b0a6.csv,149507,238f55a10ae4d63ce375dc1c333815324792d86fcd46957fd3c983f0d0ef44e3,numeric,1623.0,BIS/BIS,https://api.vitaldb.net/b218d0706963dda1737156aea3653b4958a4b0a6
b227db63f9d7d9504179f7722276876cd26ad429.csv,163062,04a278666dc3ddf3cd9df2802aa53a08f85f27bccf4c604c43768ae6e99406c5,numeric,4658.0,BIS/BIS,https://api.vitaldb.net/b227db63f9d7d9504179f7722276876cd26ad429
b231f76e2f14e2c1d642b4f2b860bb6c6d066ba9.csv,276910,2110fb8f6187b7dd60800996ce8b4aa98136526b152c7b0e62ca4f7e1af8e109,numeric,2056.0,Orchestra/RFTN20_CE,https://api.vitaldb.net/b231f76e2f14e2c1d642b4f2b860bb6c6d066ba9
b23474cd01e5ca29d216673cf840646ff9cff436.csv,152216,52b1042aa4e1e655ccd6aea7ec8abcd201e431d77775ed3a993c51f0078e7086,numeric,6345.0,BIS/BIS,https://api.vitaldb.net/b23474cd01e5ca29d216673cf840646ff9cff436
b24184e32f95d95e05a3cbb67e605074d5e5643b.csv,42216,eb13dca75df5fed97977ac417a3ddf0f68b0dd294f9f46e280edae6074246b3a,numeric,3670.0,Solar8000/NIBP_MBP,https://api.vitaldb.net/b24184e32f95d95e05a3cbb67e605074d5e5643b
b25597f6a6aececead50668dcbdaef941e9056e5.csv,75290,67d4ad3df34704bfb0426d3d1daa33de2ba1a36ebb3bf92303166356b0273cf7,numeric,4457.0,Solar8000/HR,https://api.vitaldb.net/b25597f6a6aececead50668dcbdaef941e9056e5
b256fa0e05d62a0d97ee50ac2a03e903a99f98ef.csv,429484,89536c2dc1ca2549d1f772b178a074957df43c1f49943e9da90122dc0d109c58,numeric,3579.0,Orchestra/RFTN20_CE,https://api.vitaldb.net/b256fa0e05d62a0d97ee50ac2a03e903a99f98ef
b260106f6dee1010de624a2e25729cdd3f5341d2.csv,95754,2644e3452bb4f813cc33b9b28d229b19956849b3aef28feb342b0bfbf6cdff04,numeric,4868.0,BIS/BIS,https://api.vitaldb.net/b260106f6dee1010de624a2e25729cdd3f5341d2
b26cd0a803af1a25fb277643cb5ef066fe5a0d80.csv,44530,4c9f0fab0641723ad40ae3c9a45af58151167d886bddddacc47a819b27c398d3,numeric,4181.0,Solar8000/HR,https://api.vitaldb.net/b26cd0a803af1a25fb277643cb5ef066fe5a0d80
b26d8dd4ed15f1a196b233d02cd6d8789dc5635e.csv,427381,44ab726b7e3a572ea31d8065592f6c7bd9b3daba136d7bb726012e136a2ce797,numeric,295.0,Orchestra/PPF20_RATE,https://api.vitaldb.net/b26d8dd4ed15f1a196b233d02cd6d8789dc5635e
b26f3613ce5956c71202fa39854d7bbd4fe4395f.csv,39126,c82a26eb2fe7104df8cc066ff20b2eee32d11e943329ae43baeb51331e0f0e8f,numeric,5179.0,Solar8000/ART_MBP,https://api.vitaldb.net/b26f3613ce5956c71202fa39854d7bbd4fe4395f
b27066090c15c5efebe8bb7e04201e9f8e415090.csv,109594,2a9b3c6caa6ec4df386bacfa1340556e38ab59e2c12866a08cb4c6b46b1ba2c0,numeric,2273.0,Solar8000/HR,https://api.vitaldb.net/b27066090c15c5efebe8bb7e04201e9f8e415090
b2895ebeae2852f56ced96369ed070f107db5027.csv,60272,4eceb9faf1fb7885444841b658a483bb9350567363b0db18de0c9e00934ef797,numeric,2732.0,BIS/BIS,https://api.vitaldb.net/b2895ebeae2852f56ced96369ed070f107db5027
b29e2a526d07e507484f4ebd36e6487b70cbf035.csv,87423,972715c1dc1f21d66f04abd49af220cae79637f895beccf58ef8d7aea5b97d5d,numeric,6146.0,Solar8000/NIBP_MBP,https://api.vitaldb.net/b29e2a526d07e507484f4ebd36e6487b70cbf035
b2ac36b391267ce33233eb288ac603d5ae05e9c0.csv,81785,72d648042ac00d21a1ec79aa5f87bef608e1421cf195cbf57b2fc620de7675af,numeric,6356.0,Orchestra/PPF20_RATE,https://api.vitaldb.net/b2ac36b391267ce33233eb288ac603d5ae05e9c0
b2b80307be52fefe9088471e617059903c888708.csv,27961,b9dcb8f34030104709474adbb2d799a29d5a5c95190ab837040c7454ad957457,numeric,17.0,Solar8000/NIBP_MBP,https://api.vitaldb.net/b2b80307be52fefe9088471e617059903c888708
b2bbd9fba17a67d49e18048eda22fee29d173e58.csv,238963,788e7bb7879bc570bdc0c42a5255b6b93a8e24801147e53be046c1c8bacc5a5c,numeric,1834.0,Orchestra/PPF20_RATE,https://api.vitaldb.net/b2bbd9fba17a67d49e18048eda22fee29d173e58
b2c298ed0a883674387e44f8ecdfcd3e6d77ee41.csv,247639,1317eee5dd9afa478a421aec01376b836f40a319c1fec8b2eea3c3485a2780a2,numeric,4899.0,BIS/BIS,https://api.vitaldb.net/b2c298ed0a883674387e44f8ecdfcd3e6d77ee41
b2e642caeac4ef4dcc4bbba172e320d7d692ba51.csv,261782,b32e5bbc8f0ef35c28d42f219199966ebc075ccc2e4a6ccd0a77f6f12ab6de54,numeric,1834.0,Orchestra/RFTN20_CE,https://api.vitaldb.net/b2e642caeac4ef4dcc4bbba172e320d7d692ba51
b2f47dda19987b7127ac4627897718266536af8e.csv,155206,7b4fe07664c21b7898992ac78ea3b3d11d6344dc231136917f5c66b33f6bb3be,numeric,1082.0,BIS/BIS,https://api.vitaldb.net/b2f47dda19987b7127ac4627897718266536af8e
b2f594fb9b2646b6040384eb0477e93250631e3e.csv,96969,12872d8bc3c511feccb0989b63ddb560ff27ef853cda38815a75cdbd4145e4c9,numeric,218.0,Solar8000/ART_MBP,https://api.vitaldb.net/b2f594fb9b2646b6040384eb0477e93250631e3e
b3086f836bc4bbcde3fd66ff48f3505e16c19927.csv,101206,ed6b35e1a66a9dbec2f1f70104122c40cbdda1f00e01b8dae31a965a9c3a9fab,numeric,2492.0,BIS/BIS,https://api.vitaldb.net/b3086f836bc4bbcde3fd66ff48f3505e16c19927
b309a9b1ee18725f4e35fe1f56517ee2d21820f6.csv,1306460,017ae0edbc47f5fa9450280ca144c1375f397c601899d29ac81a6d5b12ada9d3,numeric,1730.0,Orchestra/PPF20_RATE,https://api.vitaldb.net/b309a9b1ee18725f4e35fe1f56517ee2d21820f6
b311f2fc23646a86ad655cfb30656761fb028424.csv,559346,7b814a9c921ff8e62ea2fc3efff6f4552eca2bb9a85cd47e616d0974d3e65a63,numeric,5301.0,Orchestra/PPF20_VOL,https://api.vitaldb.net/b311f2fc23646a86ad655cfb30656761fb028424
b322d5054e7bc603cbe17e9a73c9f12a6dfabf04.csv,61391,ebf412821c17e63b96b76d51d6337e4f82318c9ff2d4688e944eb69e23786566,numeric,1725.0,Solar8000/HR,https://api.vitaldb.net/b322d5054e7bc603cbe17e9a73c9f12a6dfabf04
b331bcd62ec09f1c165271ba9e0c6319a0e3bf91.csv,1154569,f0b655d85fa6f7fa21fa4374ad4de763aa2538f3e4ac30670ec61868ee4c1f16,numeric,4757.0,Orchestra/RFTN20_RATE,https://api.vitaldb.net/b331bcd62ec09f1c165271ba9e0c6319a0e3bf91
b33fb8110c720789b4c4185c58ec69a378ba568b.csv,248378,81cc33cefd9a8814e7e7d3225789ac3bc11a7b99e001b1a25f979b44327145f0,numeric,3759.0,Orchestra/RFTN20_RATE,https://api.vitaldb.net/b33fb8110c720789b4c4185c58ec69a378ba568b
b34c91f30a0bb7088f07a6810f697a985429e167.csv,98216,959867770228b646d461f4abd0c95072bb0f185caf2b8f2130c346f9bd056135,numeric,4098.0,Solar8000/HR,https://api.vitaldb.net/b34c91f30a0bb7088f07a6810f697a985429e167
b35683d618ab288be4d60cbb300792f20fb49bc7.csv,246412,5516b0b1e682ee17086c96eede8cd35cbbfe5a4712495cbd02d392fe8819b55f,numeric,1011.0,Orchestra/PPF20_RATE,https://api.vitaldb.net/b35683d618ab288be4d60cbb300792f20fb49bc7
b35a43790103f372362106788866ebe767435cb3.csv,36960,df388bedf250418c95a1bd38c51c62ffbf3c7bda5439e960f0d2589c0161d6bc,numeric,1011.0,Solar8000/HR,https://api.vitaldb.net/b35a43790103f372362106788866ebe767435cb3
b367460609cc23745e8b42c410bc80df046170a6.csv,1278520,19efd5626eefa34f91085485ca6e368c47849a05b7f2cc1926efac9103c14110,numeric,3631.0,Orchestra/PPF20_CE,https://api.vitaldb.net/b367460609cc23745e8b42c410bc80df046170a6
b3687f30f493d3993e8e608b7d3ad42875449128.csv,614103,430a0e4c726a9f591e3cb58bf0422ad3914330c922017f6be785bd522b038538,numeric,809.0,Orchestra/RFTN20_RATE,https://api.vitaldb.net/b3687f30f493d3993e8e608b7d3ad42875449128
b36a4ac69c9ef5a9b828019d31bc7c047218c174.csv,516753,b28762d967f77fea081e0b642913ef3dba8e96f5054b5e68e0b0e6a2f6d34ea3,numeric,4898.0,Orchestra/RFTN20_CE,https://api.vitaldb.net/b36a4ac69c9ef5a9b828019d31bc7c047218c174
b393fc2bf29d66e947a7db37cbce87093560ecd7.csv,634969,5cffb9561411a62534a6fa151a91445fbc8594556c955b8f7ef4944512449d31,numeric,4769.0,Orchestra/RFTN20_CE,https://api.vitaldb.net/b393fc2bf29d66e947a7db37cbce87093560ecd7
b39a70dbcb86e7feb9f7cb15f3264b45473c7253.csv,1423210,2e177b7e2171f370f3f1b2f355831e8970392f5298d1bcd5559968e6941524fa,numeric,1918.0,Orchestra/RFTN20_RATE,https://api.vitaldb.net/b39a70dbcb86e7feb9f7cb15f3264b45473c7253
b3a94f68d7d206ebcffaed11cde752eb5cb03325.csv,569318,e98da7116d898f934f66e8c56269f8d2aac3a9728b83d16569165df17f4642ac,numeric,5912.0,Orchestra/RFTN20_RATE,https://api.vitaldb.net/b3a94f68d7d206ebcffaed11cde752eb5cb03325
b3b131cbffca86634db256ae319970e36c390fa1.csv,118036,d53edd133a3f93f999062cf0ab18fb1dad3cf9305baf6b880a671b90336e003d,numeric,1904.0,BIS/BIS,https://api.vitaldb.net/b3b131cbffca86634db256ae319970e36c390fa1
b3b4b505f315411ccbf6dc7a5d2122a1db8d4877.csv,105161,d3191014f6029c76ff4cbdd17f48d37f6b60113741fde0380dfdb4ee160569c4,numeric,1026.0,Solar8000/ART_MBP,https://api.vitaldb.net/b3b4b505f315411ccbf6dc7a5d2122a1db8d4877
b3cc18ac856f609bfc820cbc8f35d9ff4947905d.csv,153501,f4da8dccd2bfe36c694ab3dc87b41d9eb9a072d194b8089ad72a3aefaa172ce5,numeric,998.0,BIS/BIS,https://api.vitaldb.net/b3cc18ac856f609bfc820cbc8f35d9ff4947905d
b3da712ca294eb6d3fa9d40419d73ec79556ef71.csv,755993,14bce800d7b6699b481230696cd693d0323ebd1902a84b94cd36666d06da96e1,numeric,5608.0,Orchestra/RFTN20_CE,https://api.vitaldb.net/b3da712ca294eb6d3fa9d40419d73ec79556ef71
b3ea151e25ed206a7437a5ec6a4833876b01d3e1.csv,163293,8de157f4b7b407300526f617314b6142ffcc4e97a02b119a413cf43425140059,numeric,2586.0,BIS/BIS,https://api.vitaldb.net/b3ea151e25ed206a7437a5ec6a4833876b01d3e1
b3f01bd45bcae1edddc6cb6481b9dac536a7e0fc.csv,1488846,9371b845df5fc8f237db40227bc209d630d5e5709c2285d6f3c9ffd599cca0ec,numeric,4481.0,Orchestra/RFTN20_RATE,https://api.vitaldb.net/b3f01bd45bcae1edddc6cb6481b9dac536a7e0fc
b3f4f4af512b432b10f61d578aca92bc875af745.csv,550450,c0bb9ee208ed87cd01ba7c3c67276c785c4b43a9a62f776c3d4d8ce2d785a6b9,numeric,6190.0,Orchestra/RFTN20_RATE,https://api.vitaldb.net/b3f4f4af512b432b10f61d578aca92bc875af745
b3fd511423d38bb9820bdc770d7166184a61060a.csv,121653,8fe9d5f11ce91a6cb89b02c5a5b6d76d606322154075401a1dd029cc4680a873,numeric,3860.0,Solar8000/NIBP_MBP,https://api.vitaldb.net/b3fd511423d38bb9820bdc770d7166184a61060a
b41afcc5fd5c877d27e5a6eecfaf693988efc535.csv,114871,877f1c94cc3914c308481d7a1783e2c6b441ad2b459c2564425fee33747e4413,numeric,4057.0,BIS/BIS,https://api.vitaldb.net/b41afcc5fd5c877d27e5a6eecfaf693988efc535
b41b92984f2f75055cf135d1b4c0b4b4b00d020d.csv,146952,467d22f7bd9b37f580bf9d130459b8c9dc6675c876b9938ed723e64baa55119a,numeric,3812.0,BIS/BIS,https://api.vitaldb.net/b41b92984f2f75055cf135d1b4c0b4b4b00d020d
b46f0b54fd48ceface1a91d44437cb9ce5331678.csv,527828,99668b7980910c2001753d076ea95bca98d874b8184b25d83dd30c8a90e72a11,numeric,4453.0,Orchestra/RFTN20_CE,https://api.vitaldb.net/b46f0b54fd48ceface1a91d44437cb9ce5331678
b48dbf1444e0e5947b3196d45be1d2dcb3c678a3.csv,861676,78c6093668ccf42abd6f76fa981a7d314db7463b2328c6ab298a50c963e613df,numeric,2273.0,Orchestra/PPF20_CE,https://api.vitaldb.net/b48dbf1444e0e5947b3196d45be1d2dcb3c678a3
b4922909b60a7359a985c39850d17bd31f2fd162.csv,333446,e01642d2bad1aea02f94b73a389c41d250c64ae72e93fc74150c075200db1ec3,numeric,844.0,BIS/BIS,https://api.vitaldb.net/b4922909b60a7359a985c39850d17bd31f2fd162
b4adda94ee1e87421278b5920b05a0ccc469dfd4.csv,557621,04b6b1a80eb056fd5139478fbf9f72c6312a79461f31c928ce36ed9820572cc2,numeric,1566.0,Orchestra/RFTN20_RATE,https://api.vitaldb.net/b4adda94ee1e87421278b5920b05a0ccc469dfd4
b4b4da4ac5ba4561d85f94a10b24f58e9bb2da16.csv,116857,80ecdf5dab4052b1a7bc8ce7468dbebec8bd10e1a45314b2dfd6ed909eb67041,numeric,6071.0,Solar8000/ART_MBP,https://api.vitaldb.net/b4b4da4ac5ba4561d85f94a10b24f58e9bb2da16
b4ca8c3090269dd3a61149269aa2fac4eeee247a.csv,247054,a65826a4103cfec539da270492dbe91aa1a01c7ec81286dfc7f3b2b276727718,numeric,308.0,BIS/BIS,https://api.vitaldb.net/b4ca8c3090269dd3a61149269aa2fac4eeee247a
b4ce210d7f4549dd587fca2e0a898cd494770eee.csv,64832,1ebb4111aac4c6f45cd099d9f968ae90a0e3acfa6f6f2c81b4eadcc347669fd9,numeric,295.0,Solar8000/HR,https://api.vitaldb.net/b4ce210d7f4549dd587fca2e0a898cd494770eee
b4f292ab47a2315b7649503d756e75442d554af4.csv,277413,d52a5b5d8e0f64488d6a7de1229c9e12342678c9e3f4ea7804c5d977f637c9a2,numeric,1579.0,Orchestra/RFTN20_CE,https://api.vitaldb.net/b4f292ab47a2315b7649503d756e75442d554af4
b52e14ab5653c0e21cef7aa74178d6ab9292712c.csv,48974,ef9107aefedd5e5fa8dd0460df4fd2040f1793dbae30f27c630d6968424e3ae3,numeric,4181.0,Solar8000/ART_MBP,https://api.vitaldb.net/b52e14ab5653c0e21cef7aa74178d6ab9292712c
b538ff29a8c337e7a9c51e072316786c71b51928.csv,50355,2fda58880b4e92d3123440c2688835f594c89f6d10c3d0ddbe38232b798e17b3,numeric,1002.0,Solar8000/ART_MBP,https://api.vitaldb.net/b538ff29a8c337e7a9c51e072316786c71b51928
b5548d5537c892e1e2b322acea80aa6085a14143.csv,425654,3ff1bb1690688270c34465f33f13e84fa15d1fe7d8b53a6817d413810bb726d8,numeric,4497.0,Orchestra/RFTN20_RATE,https://api.vitaldb.net/b5548d5537c892e1e2b322acea80aa6085a14143
b559718f87059bb5b60905db24f1970ab5d36e52.csv,1516393,e3d4a4a2ad7f884e29a7fc9204016ddb55cf6a0e9a714954ac3be05ce117976d,numeric,4143.0,Orchestra/RFTN20_CE,https://api.vitaldb.net/b559718f87059bb5b60905db24f1970ab5d36e52
b55cb22389dc88cbaff2bd30eb09c20e3ef9534e.csv,1026907,e33f91274e2fd5fa8933cc04eb6af68f87de0d4ba1aca1e34e029c385998b0dd,numeric,4258.0,Orchestra/RFTN20_RATE,https://api.vitaldb.net/b55cb22389dc88cbaff2bd30eb09c20e3ef9534e
b57934aee9cee8765a93b90277508038419f4dc2.csv,96401,9e009e25f32992fcbe385def588faf9f3f1fdf5ecb1c1c4e82704e8cbd21ba72,numeric,5180.0,Solar8000/ART_MBP,https://api.vitaldb.net/b57934aee9cee8765a93b90277508038419f4dc2
b58264dc40b5027353b68da4696c2f81d9335f50.csv,135380,823c00912686e3591370100ac32009b60bc2aff479a53c5226a80fe19b3b004f,numeric,2435.0,BIS/BIS,https://api.vitaldb.net/b58264dc40b5027353b68da4696c2f81d9335f50
b593dd4e71f084a67cd8e5ca6b2a17ec5dcf5fd1.csv,487379,c7678fb92d7570757f024291ad9e0152a2d7ed3f533a68786a5b8d520549e6ab,numeric,998.0,Orchestra/PPF20_CE,https://api.vitaldb.net/b593dd4e71f084a67cd8e5ca6b2a17ec5dcf5fd1
b596e3a77a79d1dcc5959bfdd01a2e1eb45099db.csv,418115,4494961809e6b7992353b6e8a6de0ac557ec6d6b0738678a6168c660685a5bec,numeric,3319.0,Orchestra/RFTN20_RATE,https://api.vitaldb.net/b596e3a77a79d1dcc5959bfdd01a2e1eb45099db
b5a3e13529a6b7ebefbf52e68cb49ca7805f0e84.csv,127038,7e2129c47dbc467681f38a83df84056e4d6a63d59ba98fab9707029aa2603482,numeric,1230.0,Solar8000/HR,https://api.vitaldb.net/b5a3e13529a6b7ebefbf52e68cb49ca7805f0e84
b5a4e6ac7268a5e5d6604666286c004946d527c4.csv,273995,8a19ebba96a40939bbbed57bb8b08573683a057a607567be7da4e545bf332678,numeric,6114.0,BIS/BIS,https://api.vitaldb.net/b5a4e6ac7268a5e5d6604666286c004946d527c4
b5a75d043e26ba37b7a6015c3107f9c2d8a40dc4.csv,201685,f101e5b5e9237241ca22a5a63842da91db9a7fc9651aac76b4fed97fde2884e6,numeric,3237.0,Orchestra/RFTN20_RATE,https://api.vitaldb.net/b5a75d043e26ba37b7a6015c3107f9c2d8a40dc4
b5af06b8c2817e35d9093d1166b1f5db5224edf3.csv,65353,fb73e4c51fe2b6baa0dba0094b362151c483d929bb4f28630586ddf8cb7641a8,numeric,4453.0,Solar8000/HR,https://api.vitaldb.net/b5af06b8c2817e35d9093d1166b1f5db5224edf3
b5f10efb584bc0b296f0970c2f5e552e1ad04699.csv,40642,1d65ab81af2dc878dcc643937e161c0c1c671fc3109bc93661c6159466dd5675,numeric,3777.0,Solar8000/HR,https://api.vitaldb.net/b5f10efb584bc0b296f0970c2f5e552e1ad04699
b61c2a8021169fbf264c39d29c6d0031eddf1b0f.csv,298379,0cd57c8efa0f32b1b02cb2b3350b8cc3d46a002926045ee60100b7405d82b6af,numeric,2997.0,Orchestra/PPF20_RATE,https://api.vitaldb.net/b61c2a8021169fbf264c39d29c6d0031eddf1b0f
b64bfb744117dadc20f6a6fc2a6511ab86986997.csv,76651,38af1170685b54cfcd26e1185c16d15c468d1b7d98af726670c5b79133d7ebc7,numeric,692.0,Solar8000/HR,https://api.vitaldb.net/b64bfb744117dadc20f6a6fc2a6511ab86986997
b6580f687f2c091977a5e7eab12a32b4e3f6c267.csv,1059853,bf5e480ef0573211e50e3d68f7b9839e036541d9715ed1b7047c26e271ae8cfe,numeric,2349.0,Orchestra/PPF20_CE,https://api.vitaldb.net/b6580f687f2c091977a5e7eab12a32b4e3f6c267
b65bb9a60d4d7b05dd1e5ff52d37c57a9d06db85.csv,516607,fc77039140be96abf9803253c482ba29ad511465bdcbac12d9438f65846c2446,numeric,6127.0,Orchestra/PPF20_CE,https://api.vitaldb.net/b65bb9a60d4d7b05dd1e5ff52d37c57a9d06db85
b66cf01fa1962a3aa1b773524b4b937dc699637f.csv,534880,6e786f43d251fef0acd9b5ba540e7993f4f4f70328ff02ee38d1ccae14c7abc8,numeric,5274.0,Orchestra/RFTN20_CE,https://api.vitaldb.net/b66cf01fa1962a3aa1b773524b4b937dc699637f
b68a3f0bccc25b2ab6574663e773a9bd38c3f40d.csv,523270,6f7da8cc95961c5ed338c1f2d65043494db25485b7c3b002773dcebb0314c0b6,numeric,5274.0,Orchestra/RFTN20_RATE,https://api.vitaldb.net/b68a3f0bccc25b2ab6574663e773a9bd38c3f40d
b68b8acc01960778888252f14ba08b36ccbef9eb.csv,249183,89840dd893db9294999e88236694f9fda4674bf7df79e40ed74bbc7d8c99b15f,numeric,3074.0,BIS/BIS,https://api.vitaldb.net/b68b8acc01960778888252f14ba08b36ccbef9eb
b6c4e4075e110731caddb761e642b4d31b489497.csv,162636,5094f30e25a62b9318c13b3db4675fd605fba826c93988c89f719376bac9cad5,numeric,6009.0,Solar8000/HR,https://api.vitaldb.net/b6c4e4075e110731caddb761e642b4d31b489497
b6e6bd320aeb1914caf916850bc5ef0713f94081.csv,69181,6f64461e14a66f8e9dea3e94f0c224309633a8e8f91a67a179e5219ad3d3b78e,numeric,2385.0,Solar8000/NIBP_MBP,https://api.vitaldb.net/b6e6bd320aeb1914caf916850bc5ef0713f94081
b6e764ba2256efd80eae7b80a8b1e881f6a40f32.csv,66072,9db5b194201b57412923b26970bda62b0acde3fc8041896c7d30b7b664cd865a,numeric,816.0,Solar8000/ART_MBP,https://api.vitaldb.net/b6e764ba2256efd80eae7b80a8b1e881f6a40f32
b6fb4d9597ade549251d6d2b6f4adcd5ac2f236c.csv,111927,49ae8aee9868869e95908d47ed34794208ad6731643a1929756d24dcd15de16c,numeric,1221.0,Solar8000/HR,https://api.vitaldb.net/b6fb4d9597ade549251d6d2b6f4adcd5ac2f236c
b709cd7c691d0a63f7cf2e349ee18ec5b8ec435b.csv,434890,098bdf672da595717ed8b462284435ff8d4b29301803e5a2a5e3519e398da41c,numeric,4020.0,Orchestra/PPF20_RATE,https://api.vitaldb.net/b709cd7c691d0a63f7cf2e349ee18ec5b8ec435b
b73410e96cb6d27401daa6a0073e939182a41d9c.csv,122850,541b7bed90414c8f63d9d8b9da4c503060084f7a1e3d01e8b1bbab54ff97f056,numeric,5137.0,Solar8000/ART_MBP,https://api.vitaldb.net/b73410e96cb6d27401daa6a0073e939182a41d9c
b74b7a3e1da778789b16a3676f491e54ae0cb31d.csv,884223,77d9212c14ed3f80962bda34a410f210d1f14a5b15675f07db3524ca04654dfc,numeric,1350.0,Orchestra/RFTN20_RATE,https://api.vitaldb.net/b74b7a3e1da778789b16a3676f491e54ae0cb31d
b74be07b01de21837dbc6b291efc771cf9968709.csv,333516,baab2e1a2a1fcebed2d972f58937b9ff56a395f1ac2074460b66600a34d9ff4c,numeric,4186.0,Orchestra/RFTN20_RATE,https://api.vitaldb.net/b74be07b01de21837dbc6b291efc771cf9968709
b75b24d1cb7146f10e3f27c3a7513c04c9a9d0d1.csv,1226086,1b641a82afff6adfdf6fe6596b791821ea7c114deead46cffaf55f9115f57038,numeric,2185.0,Orchestra/RFTN20_RATE,https://api.vitaldb.net/b75b24d1cb7146f10e3f27c3a7513c04c9a9d0d1
b77b01843b3e10b66380b7b403ed3c2b3b3b4915.csv,249966,7f8452d68b1cfbfcd04d330c93ee27f2d326031daeabac417eb4250ca28baef2,numeric,6296.0,BIS/BIS,https://api.vitaldb.net/b77b01843b3e10b66380b7b403ed3c2b3b3b4915
b784b79c5d2700d91f28c91d772e57079a42f27d.csv,304466,9c36d8a176161f4ace44047d67af68cb88aac163fd4972ed99f6f2afbc7328ae,numeric,2687.0,Orchestra/PPF20_RATE,https://api.vitaldb.net/b784b79c5d2700d91f28c91d772e57079a42f27d
b790ee9e8973c0e936abf5dd39c285d72514f486.csv,900561,0e4397d04e453f5f7af8a8ecff3f92821b169aa454821957ddcdb861e812db6d,numeric,751.0,Orchestra/PPF20_RATE,https://api.vitaldb.net/b790ee9e8973c0e936abf5dd39c285d72514f486
b7943482e76d2223e4cb586695cb348941574016.csv,869020,bdaa68636e2f9f30ce9a150df7bbb5eb47970af84567686af5b7cfcdc01dbb23,numeric,751.0,Orchestra/RFTN20_CE,https://api.vitaldb.net/b7943482e76d2223e4cb586695cb348941574016
b79c157312abc9cb4ec9ea0b7da98c2c22efa97d.csv,1214403,21458e0d07ebbc609b66e3fea96c180fa98b4e12054a503c422f9d56d9f61528,numeric,5618.0,Orchestra/RFTN20_CE,https://api.vitaldb.net/b79c157312abc9cb4ec9ea0b7da98c2c22efa97d
b7e724d798e788aa0cca415278cf99dc81d31887.csv,395147,88bbd024d9c058e7ac606ff6158a61c389b15b3f587e24760af6030c39254f86,numeric,4433.0,Orchestra/RFTN20_CE,https://api.vitaldb.net/b7e724d798e788aa0cca415278cf99dc81d31887
b7ebbccac534a3683b7eed9ef4681aedc4c1730e.csv,710298,2ea32907ddc5b75b332007c3b74b5204016d81b4bad3584f7444afdb9d04225f,numeric,1172.0,Orchestra/PPF20_RATE,https://api.vitaldb.net/b7ebbccac534a3683b7eed9ef4681aedc4c1730e
b7ed24a280f7933d12294b2a530da6c73b74ddba.csv,776627,aba73a23f5ed04d0bced30f954b66371ae6f84390191f631db2b04407722d928,numeric,5004.0,Orchestra/PPF20_CE,https://api.vitaldb.net/b7ed24a280f7933d12294b2a530da6c73b74ddba
b7efa3c99af24455fd6059df3cd7e8199b03d983.csv,577481,b9867b715c0c505f839249eac26da200ab6711ee2d4452a036a9f3469dca4e98,numeric,284.0,Orchestra/PPF20_CE,https://api.vitaldb.net/b7efa3c99af24455fd6059df3cd7e8199b03d983
b7fdde331ea2ddb1ba5350c8b9c26a7ae507f908.csv,278633,ac0fefdf0c8f0cc810f2a46d0611c01309bbf8efc511a6bafe448934a60ff4bf,numeric,2189.0,Orchestra/PPF20_CE,https://api.vitaldb.net/b7fdde331ea2ddb1ba5350c8b9c26a7ae507f908
b82fa75e975fb86d1f24c81555635b0e861bb96b.csv,1031697,d96c9c46a0fa712cb3e12cf2c8cae22d447455074c94e28217aa62d673380193,numeric,345.0,Orchestra/RFTN20_CE,https://api.vitaldb.net/b82fa75e975fb86d1f24c81555635b0e861bb96b
b8606ea7eac32706cc78ba660ff9b3b21c8e312b.csv,116123,6262fb3d4d6fc4e3a22ed4cb671f9560044eadd681e69d7f2075a522695f6784,numeric,6356.0,Solar8000/HR,https://api.vitaldb.net/b8606ea7eac32706cc78ba660ff9b3b21c8e312b
b86b8c9daa6c6e14783f9ff3d8e1aad7a6bd43c6.csv,686455,ebc4442def7470bc05938f99bcfaa84fbe1eaeae81ede9bf9e09a0625d858e6b,numeric,3710.0,Orchestra/PPF20_RATE,https://api.vitaldb.net/b86b8c9daa6c6e14783f9ff3d8e1aad7a6bd43c6
b86cc4ec447282142ddf9b9bd223e02f7f8cc19a.csv,51645,359fc2cfc2f88964d541b5773542268698e6a8cf2c9a4df963f739483a8e222c,numeric,2955.0,Solar8000/HR,https://api.vitaldb.net/b86cc4ec447282142ddf9b9bd223e02f7f8cc19a
b893c8c8494567a6c53b5f4e8444414efe4f91d4.csv,544218,0e055c84f376da4f14518f9a32c11d1d9e6b391701715f12fd4e255f3d6daa53,numeric,624.0,Orchestra/PPF20_RATE,https://api.vitaldb.net/b893c8c8494567a6c53b5f4e8444414efe4f91d4
b8a96e8fb68cd4f864c8e99f6c42097d4383f8f8.csv,447603,3d8c27be5e9b93929be7f3786f1ac02066aaaf006ad6f957a31f1c1678df8351,numeric,1416.0,Orchestra/PPF20_CE,https://api.vitaldb.net/b8a96e8fb68cd4f864c8e99f6c42097d4383f8f8
b8ad8ef4de66c8a3a591a3ae8c38b3098d54054d.csv,1511748,dbd58dec0ca88affb150ebf672a4ff9fc12fb37c799c04429099b9dff29b659b,numeric,5693.0,Orchestra/RFTN20_CE,https://api.vitaldb.net/b8ad8ef4de66c8a3a591a3ae8c38b3098d54054d
b8ae35e5df01db9b8fc117a59be5605bf38c6775.csv,321844,2da0a37dc092e76fa2dd5b453bb64ea94fd896cb3c617b8694872bf7d38de6d5,numeric,2763.0,Orchestra/RFTN20_CE,https://api.vitaldb.net/b8ae35e5df01db9b8fc117a59be5605bf38c6775
b8c74781ec0219f205df5d7f44ddd6bdda23016a.csv,66287,1f9b8d9c9b5c8bf7e544d6662b3ffba399ed0ad7b8b5074f16624c7d586d0bc6,numeric,5274.0,Solar8000/HR,https://api.vitaldb.net/b8c74781ec0219f205df5d7f44ddd6bdda23016a
b8cd2ff74303a2c9429559a8d5132d102fad748f.csv,108652,f8ed9e0be6b1a3fc97d2e6b45f996cdb45ec1781e6a218c9666f1efb9c75cf84,numeric,3517.0,BIS/BIS,https://api.vitaldb.net/b8cd2ff74303a2c9429559a8d5132d102fad748f
b8e484affd0bd27e0613999ae6abe5eece7f219a.csv,95331,3efc7420dd5cfa1caa51fa265ad2d91c4035b60944cc3b47b57e78a58000ca08,numeric,3170.0,BIS/BIS,https://api.vitaldb.net/b8e484affd0bd27e0613999ae6abe5eece7f219a
b9061c4fe4f5e265cd7677786edc55d6883bb28b.csv,53630,bb54cd4df180b5e7640058c9f7f704c01887bb3b616036e18d93584f948d6524,numeric,2123.0,Solar8000/HR,https://api.vitaldb.net/b9061c4fe4f5e265cd7677786edc55d6883bb28b
b90f8c2c9627a47a610dd77584a221097acc093b.csv,449118,7114b242d342fcfb3ddc44eb4a06345508eaf0917e7bd6ae76f5a1ba15b1df3f,numeric,205.0,Orchestra/RFTN20_RATE,https://api.vitaldb.net/b90f8c2c9627a47a610dd77584a221097acc093b
b91f91c506adc79cd99ce89a961c347dcb96ff1d.csv,1074486,9630ae35687b441fcf6ef9103dc776127dde4f7359101709c397270d65727e17,numeric,5070.0,Orchestra/RFTN20_RATE,https://api.vitaldb.net/b91f91c506adc79cd99ce89a961c347dcb96ff1d
b923561de34a54cfd00025f90efedeea8b1f0881.csv,60120,22557e7e225aaa8989b3ab92c645c73172445d2c4023ee7d1cb1f9d3a64f68d6,numeric,2675.0,Solar8000/HR,https://api.vitaldb.net/b923561de34a54cfd00025f90efedeea8b1f0881
b93bbf54b9b7165fe1131133905cb3e15a8f5e4b.csv,47152,13281f29b0fd1ff65589cfc77c17762d1f4c6d588b91c219e9978bb8f8ce7250,numeric,4954.0,Solar8000/HR,https://api.vitaldb.net/b93bbf54b9b7165fe1131133905cb3e15a8f5e4b
b93fa5d6a7ce0857f37101c0c846be34a9d268a4.csv,318457,177ca53fbaa39564de534dce07a1fc4555c532540fc8a13c1d8cb1b8e53f7aaf,numeric,3091.0,Orchestra/RFTN20_RATE,https://api.vitaldb.net/b93fa5d6a7ce0857f37101c0c846be34a9d268a4
b94c9be2b575675c5f7b73fe2b4aca064290177e.csv,50686,b1ead8c732e89baacb3563d925fcf11b048c502e5a50bef870305f6debe1faa6,numeric,4717.0,Solar8000/ART_MBP,https://api.vitaldb.net/b94c9be2b575675c5f7b73fe2b4aca064290177e
b95848a6a1a3a755cbd7556f01d0c382453bd2bf.csv,174732,4d96f6f4849f4dce334a01fb752d7e4cac8a0e39e34077a8f0a50f6434638851,numeric,3172.0,Orchestra/PPF20_CE,https://api.vitaldb.net/b95848a6a1a3a755cbd7556f01d0c382453bd2bf
b977b0a5ebbaa80394e8fb6c8d4dd01e65e9316e.csv,77274,e51897e3ee70bf2d5dc85857c4e709caa35a4f66801c9e441450aa07aceaac43,numeric,3279.0,Solar8000/ART_MBP,https://api.vitaldb.net/b977b0a5ebbaa80394e8fb6c8d4dd01e65e9316e
b97f20f728bab5b475b599a3fa00e8551ebe57d4.csv,136638,171e12dc6f5026da51489bf6a273d8eeb50b4e281fda7187e6609a59189a740a,numeric,5949.0,Orchestra/RFTN20_CE,https://api.vitaldb.net/b97f20f728bab5b475b599a3fa00e8551ebe57d4
b988208e14348fba92926c96c7ff81f7c64604f7.csv,338211,8ca8f8b2c314936f6e5141aa96bae9aa16a6feacd2ad9fd9338089bd9d07a52b,numeric,449.0,Orchestra/PPF20_RATE,https://api.vitaldb.net/b988208e14348fba92926c96c7ff81f7c64604f7
b98d7338152a1c626dcc35ca0070d9000c1336c0.csv,175045,96a9c3d604b1e07eac7e600947f4a4aa7138f2c699b236588a6426274c7c95e7,numeric,3172.0,Orchestra/PPF20_RATE,https://api.vitaldb.net/b98d7338152a1c626dcc35ca0070d9000c1336c0
b98e1e24d6dff4cbd60072c50ede2fa706532591.csv,465175,72f7b79726227591cd79136d99128e295b1bfa98c44e1d0e1d4f50d4805563ab,numeric,3068.0,Orchestra/RFTN20_CE,https://api.vitaldb.net/b98e1e24d6dff4cbd60072c50ede2fa706532591
b98eb26e745c2d27ffb1efa8b0f1007312981b36.csv,853520,175f653006f810a85c55406166e0b2408cdde90fc9191053ec1bb66c776bbe81,numeric,3729.0,Orchestra/PPF20_RATE,https://api.vitaldb.net/b98eb26e745c2d27ffb1efa8b0f1007312981b36
b992afb5cef0288c532b7dce367ca3aee04bc2cc.csv,1161918,7ba1c8c46054aad1bb440a7386b186b3b1c1f9c6a21e0195c48e0a6cab76af79,numeric,5360.0,Orchestra/RFTN20_RATE,https://api.vitaldb.net/b992afb5cef0288c532b7dce367ca3aee04bc2cc
b9cc739112748f2c74751d2952f0f8c2eb93751e.csv,235882,38f728b9d55de418e834598162c36d1208b628f3fdc25e595b1ca34f06c6b495,numeric,962.0,Orchestra/RFTN20_RATE,https://api.vitaldb.net/b9cc739112748f2c74751d2952f0f8c2eb93751e
b9cc93ad6a7131c939a7a400afecdb17d5116d9a.csv,538153,666ec1620ed28de748852db6059629ce9604992d1cba154f22bf378ae131fe67,numeric,624.0,Orchestra/RFTN20_RATE,https://api.vitaldb.net/b9cc93ad6a7131c939a7a400afecdb17d5116d9a
b9ce0917b31a01f6f1e7c6493f934ead082a2d7b.csv,564627,b08e7401666ffe457a44fdbce102063f0b202ca2c455c5d94f9bab01c2490c39,numeric,4316.0,Orchestra/RFTN20_RATE,https://api.vitaldb.net/b9ce0917b31a01f6f1e7c6493f934ead082a2d7b
b9db386ff8fda03e43b3361143e23cb699efdcb0.csv,534055,aa9811607a1760c3509e7422055899294e687889e00e03ed3eb0089e85cc617a,numeric,5274.0,Orchestra/PPF20_CE,https://api.vitaldb.net/b9db386ff8fda03e43b3361143e23cb699efdcb0
b9e7d10e526586a2c07dcd8178d24427abe61610.csv,603178,e84abcb4e81005653f566e7442806c5c9b46e57113a4e4d1eeb4701afc30be55,numeric,3166.0,Orchestra/PPF20_CE,https://api.vitaldb.net/b9e7d10e526586a2c07dcd8178d24427abe61610
b9f5ece49231468b06f1b33d8991dd1d52ee505c.csv,973730,2fad704fd621e694cae077fb4db76707ece274684364d11456e51e5937bd4dfa,numeric,5014.0,Orchestra/RFTN20_CE,https://api.vitaldb.net/b9f5ece49231468b06f1b33d8991dd1d52ee505c
b9f79363e9397e758a4d90e8f7b0616caca85430.csv,389542,0bfbb5ccbb85c6377908ff0943578f49b1269ee1d0b52e13de4da1bcac528865,numeric,6104.0,Orchestra/PPF20_CE,https://api.vitaldb.net/b9f79363e9397e758a4d90e8f7b0616caca85430
b9fbe0a5abc42f948cf4e639d5dd037b8ca80f4e.csv,370863,9aaa2ee9bedbd7a3400e93ca245b6ad8986d9e55999f6369100f5d1cad99c381,numeric,414.0,Orchestra/RFTN20_CE,https://api.vitaldb.net/b9fbe0a5abc42f948cf4e639d5dd037b8ca80f4e
b9fc18eeb8f0c73008ed1decb81d9247f9323610.csv,596535,5d148d40b55c78023e605d11b03571cefd4244e25727547a42881d8d31b66874,numeric,5871.0,Orchestra/RFTN20_RATE,https://api.vitaldb.net/b9fc18eeb8f0c73008ed1decb81d9247f9323610
ba1175ad5a666abd40c03ceb399f151322e2046b.csv,63970,69f42871d0155ef735cd6904677304b53512c5f11cf7d4744786bec69b8d3277,numeric,1210.0,Solar8000/NIBP_MBP,https://api.vitaldb.net/ba1175ad5a666abd40c03ceb399f151322e2046b
ba18fb89c44f6f3d62b9ea6263e62ea7129705b2.csv,142600,c78288c25be0af43e908c7979f52b8b4e12d3f70030cb626c9d9b92499bdfb88,numeric,1786.0,Orchestra/RFTN20_CE,https://api.vitaldb.net/ba18fb89c44f6f3d62b9ea6263e62ea7129705b2
ba223876364055da2076442c027aafa1b7b681fa.csv,52835,27b90e944ee39bc62e2768eba92e992dd5ec3294cf9b6b895c32ac3aa0ba9601,numeric,3169.0,Solar8000/ART_MBP,https://api.vitaldb.net/ba223876364055da2076442c027aafa1b7b681fa
ba2facf686249b5bc527793b420b0e21f64e446b.csv,130201,dfd45c7b3d321fff0d39d28ece3d664c78e671d25d65a86ca1afd3e39bf90ac6,numeric,5558.0,BIS/BIS,https://api.vitaldb.net/ba2facf686249b5bc527793b420b0e21f64e446b
ba350fdb72b1a5701f66b839b4e2ac89d893fbf4.csv,37052,29851138b9232d22cc28a4039f9661c2cebcc08721751e5d34fb5563b5cae387,numeric,1659.0,Solar8000/HR,https://api.vitaldb.net/ba350fdb72b1a5701f66b839b4e2ac89d893fbf4
ba797f1cba346992a560030d69efd18e67cc08d5.csv,80229,819e100a4c5435b54869728908aa36cf766cf19ca20b4c5ae769923004e26cda,numeric,2617.0,Solar8000/HR,https://api.vitaldb.net/ba797f1cba346992a560030d69efd18e67cc08d5
ba7e164eda50c4f09d679440dc533a262e5de7d2.csv,339664,4fc73578152402d8348087f5217f51b2e891d8ad7f62835495625b5304a1cd69,numeric,3617.0,Orchestra/RFTN20_RATE,https://api.vitaldb.net/ba7e164eda50c4f09d679440dc533a262e5de7d2
ba810613c97bd55ec317e0c8780fcce9d872b9f1.csv,1561650,7fa45ef599a6b1cbf2909da5fef0cfe79099202f545c547c0a9966e70b94888b,numeric,1157.0,Orchestra/PPF20_RATE,https://api.vitaldb.net/ba810613c97bd55ec317e0c8780fcce9d872b9f1
babaad417d56286dba547f752b940b7a61cf4e8d.csv,415684,39ede37c4da56c3cee42bd03c20ae0c7720d0a62b50dfdfff92b9aec5ee51eff,numeric,5189.0,Orchestra/RFTN20_CE,https://api.vitaldb.net/babaad417d56286dba547f752b940b7a61cf4e8d
bac96ab775475c6031e79259c696babcba06c872.csv,308986,eaa14bae25fa5ec12b8474e78c0c605f5d79237aa1f95eb4714ec970eac39097,numeric,1337.0,Orchestra/PPF20_CE,https://api.vitaldb.net/bac96ab775475c6031e79259c696babcba06c872
bacc4107ef2c93c43c1e4b410e5d5ecd8b84cd99.csv,441451,59be3aa39755f80a9ba2fb6e044f31e86091abbae875e6b30e2d79115db4f3ad,numeric,4227.0,Orchestra/PPF20_RATE,https://api.vitaldb.net/bacc4107ef2c93c43c1e4b410e5d5ecd8b84cd99
bad6ec8a670f2c63f3b1df3a22c85e187868d62e.csv,139015,3423245623a94e0fc8721073eef8d8f6dd26e03952c81cb5439ccdd9989a722c,numeric,6297.0,Solar8000/HR,https://api.vitaldb.net/bad6ec8a670f2c63f3b1df3a22c85e187868d62e
bad9b8310a5065a5f481fa86618d05eb03622025.csv,799758,56268d0abe947f175b042a5c3d02b3da9f8f520b65adfe70d0aa9df5a61595ea,numeric,2311.0,Orchestra/RFTN20_RATE,https://api.vitaldb.net/bad9b8310a5065a5f481fa86618d05eb03622025
baec2fd11d8202fefbc612860df3d5fcdf98be8e.csv,577372,f41c84d12f4d18e5cb8c430235688b658ad33eaedbe33229dbb6bde29f265229,numeric,6305.0,Orchestra/RFTN20_CE,https://api.vitaldb.net/baec2fd11d8202fefbc612860df3d5fcdf98be8e
baee514e573aa57ed005920a1ad330e62e88b60c.csv,150672,96376e3804295d135a6021b233e91177153570b76d653df584dda3d79c5010e3,numeric,3287.0,Solar8000/ART_MBP,https://api.vitaldb.net/baee514e573aa57ed005920a1ad330e62e88b60c
bb1e90492e34a3a5138e2502a2fa0a034abb2ed8.csv,691915,7ad03b5283f826ec12b29fdc321eb79c85d1804e54ac7e291d929b317d8968aa,numeric,83.0,Orchestra/RFTN20_CE,https://api.vitaldb.net/bb1e90492e34a3a5138e2502a2fa0a034abb2ed8
bb2ccbefca63e428767779d6f5572bec9c7c21a2.csv,38745,0540218fc759794173ba7e7592a74fa0da523e1103305947ec6744405e4f3090,numeric,4868.0,Solar8000/NIBP_MBP,https://api.vitaldb.net/bb2ccbefca63e428767779d6f5572bec9c7c21a2
bb2dce4c32f826165fd298a57aeca11afd35a729.csv,81958,064903de9827afe97798ed0223205c2f006b2d118e17ff5cc6d24ca17a02f8af,numeric,369.0,Solar8000/HR,https://api.vitaldb.net/bb2dce4c32f826165fd298a57aeca11afd35a729
bb4091777a094e3cf40277756578c5c958d97e1d.csv,577512,4eb3bbd3243c15bee3fdab93e37c3d1f813cf6c5db9fc86419a9b04d72a17728,numeric,5787.0,BIS/BIS,https://api.vitaldb.net/bb4091777a094e3cf40277756578c5c958d97e1d
bb49d906cbea43ed6b9a313a9498f12c5c1a3fa8.csv,38043,7122431969c18f439d2f9bd462b5c93f897768ac6dd3a9301aaa92bf2a861ef1,numeric,3095.0,Solar8000/HR,https://api.vitaldb.net/bb49d906cbea43ed6b9a313a9498f12c5c1a3fa8
bb51b3ca91b645ec17fd880b3c173c5327b2c5f0.csv,803800,4076a8de785d7830a9d32b35ca4acb87ebe0d34015703fd2dffbd446bc080b3c,numeric,2392.0,Orchestra/RFTN20_CE,https://api.vitaldb.net/bb51b3ca91b645ec17fd880b3c173c5327b2c5f0
bb718ddd55066ae2423370f7edf87fb863393ed3.csv,52583,d1ba4b069f725396476d701d2e28f1416c73691c3a11048535ded224697d0d64,numeric,481.0,Solar8000/ART_MBP,https://api.vitaldb.net/bb718ddd55066ae2423370f7edf87fb863393ed3
bb9c99bc97ebc18bef2a77197255ec1b435dbfbd.csv,106625,d464e498684ae05febedf2e6bc0a131def5ab66683757525cb92fdfeccf48f81,numeric,751.0,Solar8000/ART_MBP,https://api.vitaldb.net/bb9c99bc97ebc18bef2a77197255ec1b435dbfbd
bba1a3def3d51420a57af95440751257fa9e45b6.csv,718005,749549368ca1114344c2ef3369d062098b1d618b344d59361645036ba30f7a43,numeric,1623.0,Orchestra/RFTN20_CE,https://api.vitaldb.net/bba1a3def3d51420a57af95440751257fa9e45b6
bba250182c487ca6599f5d70e005055368055ff3.csv,122738,9d01b5e43431e6947f045bdc0b470637620075796408281e09a269349f772af4,numeric,4757.0,Solar8000/ART_MBP,https://api.vitaldb.net/bba250182c487ca6599f5d70e005055368055ff3
bbac7567adbd37aee527cd5959fb6c6d3e8fba8c.csv,1384,a4b1d52c3796992bd9d48308de69895af6b5b175d0ccb05853e565d88864ea0c,numeric,5867.0,Solar8000/ART_MBP,https://api.vitaldb.net/bbac7567adbd37aee527cd5959fb6c6d3e8fba8c
bbc4c021b8a05504ed33654553020689abcb8415.csv,551594,7ce8805c84b814430f3a38b10f64dd2b23b2f82456d376bd12f4bc9f2073f335,numeric,624.0,Orchestra/PPF20_CE,https://api.vitaldb.net/bbc4c021b8a05504ed33654553020689abcb8415
bbd31cd895a8729807f5b441eb1cc4de371c1450.csv,419496,633daaa1cd99e59e7a2d00a2430333d2064cecbf1b08bd7aad8a8da2aaa33251,numeric,3579.0,Orchestra/PPF20_RATE,https://api.vitaldb.net/bbd31cd895a8729807f5b441eb1cc4de371c1450
bbef548fbee9044e75b06d7472cc7a39f61a40fa.csv,115136,18fd57acd20102df77091bce55fac5e7e9cbdd6df84017f1119e861f791a4598,numeric,3629.0,Solar8000/ART_MBP,https://api.vitaldb.net/bbef548fbee9044e75b06d7472cc7a39f61a40fa
bc1cfb89a3a8162286a541289712ea7f49f8cfa4.csv,197265,9866bbcabd03bbc2e0060d1d7bbbdbc728348e60e829d50615e81861c9a970c4,numeric,2056.0,BIS/BIS,https://api.vitaldb.net/bc1cfb89a3a8162286a541289712ea7f49f8cfa4
bc2956ba611debf8e16ffbb9de292e0b0b23a06d.csv,478599,54a603d86ad97adc68df68b07223644683b3a612aebce5c8dff9f0a1c558824b,numeric,1044.0,Orchestra/PPF20_CE,https://api.vitaldb.net/bc2956ba611debf8e16ffbb9de292e0b0b23a06d
bc38dfc42ce4f882e1555aaa79497d67b40d9f36.csv,245462,e26485cc2f308959314661234931a039bf8461ede8f4bffab9a04d89a12567d9,numeric,2802.0,Orchestra/RFTN20_CE,https://api.vitaldb.net/bc38dfc42ce4f882e1555aaa79497d67b40d9f36
bc396c464a0e58424bedd936bf5117faef756da9.csv,64025,618600128fb8d11b54610004c92fc7e89a5f667681ea57111a1c5fdd96d6a5fb,numeric,2943.0,Solar8000/HR,https://api.vitaldb.net/bc396c464a0e58424bedd936bf5117faef756da9
bc6982ec76fc324034fd896cc38967c9aee5ddad.csv,633808,e80c50d76210b6d79037b8127a1e0761d52d972d64ca3843fee131a27e17814a,numeric,809.0,Orchestra/RFTN20_CE,https://api.vitaldb.net/bc6982ec76fc324034fd896cc38967c9aee5ddad
bc7b60ec8f6c7dc9d9fd9c3d48567e39524e01fe.csv,659933,ac53aab025045abba0e40287d190f858b536d3d2cca1a7057a13baedbfc4a001,numeric,5566.0,Orchestra/PPF20_CE,https://api.vitaldb.net/bc7b60ec8f6c7dc9d9fd9c3d48567e39524e01fe
bc9ccabee51ceecd2d118b08b54625c77bb1c673.csv,750492,d74a3e29346ab3dc3911a24e1b28137ebf6064e7229be719aecb4fd363827c49,numeric,2004.0,Orchestra/PPF20_CE,https://api.vitaldb.net/bc9ccabee51ceecd2d118b08b54625c77bb1c673
bcab2aee9dd8146454b52d78a714eeedb211bf11.csv,80261,569686b6fc796d9e15575ccfeb409fb2d0f78bc237fbc787cd1c55b520335b6c,numeric,4027.0,Solar8000/ART_MBP,https://api.vitaldb.net/bcab2aee9dd8146454b52d78a714eeedb211bf11
bcb216127fcd9a6a2f4327b593b1efab3f5bbc62.csv,286616,6f3b809a0bf7847dba3edb0937cd0a386f97b4178446585944fa14be3e5567f1,numeric,5731.0,Orchestra/PPF20_CE,https://api.vitaldb.net/bcb216127fcd9a6a2f4327b593b1efab3f5bbc62
bce4ab7da9f99992f7a72abcd40528800410564e.csv,87719,35efa2c7d9291ebb446a57e0235da3b648560fb0eddc1654fa6c2d4c7572b00b,numeric,4435.0,BIS/BIS,https://api.vitaldb.net/bce4ab7da9f99992f7a72abcd40528800410564e
bd28ceb61dfa134c3a029cbec5ddbfc7deff2682.csv,656073,c219e0e5de1997b4d3051645f023f1b0f7b3c5e53fc539f4178f66848fe566b4,numeric,2000.0,Orchestra/PPF20_CE,https://api.vitaldb.net/bd28ceb61dfa134c3a029cbec5ddbfc7deff2682
bd4791a8fdf702efb787c5b1375c084f513b36b0.csv,975658,8369b467752c6af95b2bd180d67f566f090ad7a6cc2c16e69e9454a5f00d7f4c,numeric,3331.0,Orchestra/RFTN20_CE,https://api.vitaldb.net/bd4791a8fdf702efb787c5b1375c084f513b36b0
bd48fe937c33bd94c472206f3b008b8b63226932.csv,507962,bf4fb942a55d520f6284d7abccdc6f618ff54c30cc610e1692f5382ca5287102,numeric,1946.0,Orchestra/PPF20_VOL,https://api.vitaldb.net/bd48fe937c33bd94c472206f3b008b8b63226932
bd513eb62d74638f310e1d004a209383cf4352e5.csv,805849,5e6b08184a3c0ea3ddcc27a7664bce5a2ce8c7470eed63ada50a087dbab4a42a,numeric,490.0,Orchestra/PPF20_CE,https://api.vitaldb.net/bd513eb62d74638f310e1d004a209383cf4352e5
bd59476992acc4d5cdfc3a6cfbbc5ddf2f11a652.csv,52333,3b700ec1b6f35367c3dbe5b985878df8679736d68fe93842f03dcdc897c74ac6,numeric,5867.0,Solar8000/NIBP_MBP,https://api.vitaldb.net/bd59476992acc4d5cdfc3a6cfbbc5ddf2f11a652
bd83b832cb1b891083ce8274fe073e3a741d07a9.csv,680841,09b9e3a7f0eb111a2b6df1cca6d2e03a04cd9c638d8fe3c9f0938a3254c090e8,numeric,1623.0,Orchestra/RFTN20_RATE,https://api.vitaldb.net/bd83b832cb1b891083ce8274fe073e3a741d07a9
bda85fbb3c024d01bd4c6cbc5dbfe429b0b767d5.csv,106856,807f53e759d5e7603ee5279e54a9041caff555660c526349dfd23913f8813646,numeric,4677.0,Solar8000/HR,https://api.vitaldb.net/bda85fbb3c024d01bd4c6cbc5dbfe429b0b767d5
bda9462694fa35d28230b65f8748db8f0875cdf9.csv,97651,06bd600b5c45c6eb97fb1f5bbd6bbbb3ddfdca0b5bbd2b3f885e71d7d6abc351,numeric,3196.0,Solar8000/ART_MBP,https://api.vitaldb.net/bda9462694fa35d28230b65f8748db8f0875cdf9
bda9b63c3051d1de872905e8db21e4a6e6661149.csv,82425,15e55a3ae40c904732aa35ac8dd9b0668b5561bb7781311fa83eff3171cde7dd,numeric,5608.0,Solar8000/ART_MBP,https://api.vitaldb.net/bda9b63c3051d1de872905e8db21e4a6e6661149
bdb77b3f04c8555fa8b0d4cf3b8e629e14d2af3c.csv,104442,b8783637202182e91efec20b3fbdba7a4cad9f515445481ea3a85072fbc4ce40,numeric,4899.0,Solar8000/HR,https://api.vitaldb.net/bdb77b3f04c8555fa8b0d4cf3b8e629e14d2af3c
bdda13d3f5455e7fadf7b36517168274fd40a030.csv,272951,8d8ba693b78dbdfea5bd8dea641f53cd2645cd887df774e65ac89495ad93563c,numeric,193.0,Orchestra/RFTN20_RATE,https://api.vitaldb.net/bdda13d3f5455e7fadf7b36517168274fd40a030
bde5aa188ef20d2add32d70c34fc45d2c90c6e57.csv,346351,61078eea0e161d751616d331c41eb910c83a36ad3aad4acaf4dbb3a4dfd98cc5,numeric,3095.0,Orchestra/PPF20_RATE,https://api.vitaldb.net/bde5aa188ef20d2add32d70c34fc45d2c90c6e57
bdf34b321cba2f3405e93f7caf28d76cf8f5085a.csv,471695,b150ecb39bad30efa9a360cf97c324202cd70216e0d7d7589df92822c21ef7a0,numeric,4616.0,Orchestra/RFTN20_CE,https://api.vitaldb.net/bdf34b321cba2f3405e93f7caf28d76cf8f5085a
bdff5be66347507ed39d8139597772851287c11b.csv,565845,d7c051a542f12248043557cee9fa4aefeb2c1828090721eafc68cf9adb342d1c,numeric,5781.0,Orchestra/RFTN20_RATE,https://api.vitaldb.net/bdff5be66347507ed39d8139597772851287c11b
be03e59dcde950971320da6284de3ba1f721fc25.csv,64017,1311327c0368230c0cccfdf073aeb179ce117d3546c35081da57d40c9a96db6f,numeric,4920.0,Solar8000/NIBP_MBP,https://api.vitaldb.net/be03e59dcde950971320da6284de3ba1f721fc25
be054786beb20a53dd1cbc1ab481458a696c2537.csv,803869,99d3a0c8d6ad484db2fff8a296d16ddfb899adfc9e831fa0591df877497e006a,numeric,382.0,Orchestra/PPF20_CE,https://api.vitaldb.net/be054786beb20a53dd1cbc1ab481458a696c2537
be1434ccd9c0c15bf9916281bcb8536658d08364.csv,47382,81a158df92eb5a77b3f037417337b8da3b718c204bf4ea573947f490d6320e73,numeric,4057.0,Solar8000/HR,https://api.vitaldb.net/be1434ccd9c0c15bf9916281bcb8536658d08364
be27b91107857054a041b059b7aa303034b9abf2.csv,58403,43ef4717d08fc75c76d9c97851417db705619004496065a65914099e0eca4623,numeric,6174.0,Solar8000/HR,https://api.vitaldb.net/be27b91107857054a041b059b7aa303034b9abf2
be438742ada2d2bff0f9d7c377be81ad3d73d7ab.csv,383277,449d675dbfca70a2b06c0e9546e398a6023a26fc4fd710951cb0a0a944ba9480,numeric,1221.0,Orchestra/RFTN20_CE,https://api.vitaldb.net/be438742ada2d2bff0f9d7c377be81ad3d73d7ab
be43e7298848143e24401e753a396e985c56d72a.csv,527995,0ac77ab7949098262849dbab67bc9ee8d6e84db80d79cc5b8db011f0c5b30784,numeric,4198.0,Orchestra/PPF20_CE,https://api.vitaldb.net/be43e7298848143e24401e753a396e985c56d72a
be454b176f2c0d1acef0e9b8b0b6fb4e5f4b7498.csv,383410,3beb65886006e742f77033cc6938bfcfa507640d3b7cf2f6692cfbe0ceda788b,numeric,4481.0,BIS/BIS,https://api.vitaldb.net/be454b176f2c0d1acef0e9b8b0b6fb4e5f4b7498
be53699acea2c4e82a36185b627638d306bcc9db.csv,147571,13722372ac6234591a75b91b809291d1f7f0a35613ed3ff58be192d53e5bda76,numeric,3368.0,BIS/BIS,https://api.vitaldb.net/be53699acea2c4e82a36185b627638d306bcc9db
be54e87b1333db9d94dea3515175ad4dcc2073e2.csv,318427,f9c34f161fa7a02b4d032574ed1ce6e7818de82515381b5572a0771845c8c0b3,numeric,2185.0,BIS/BIS,https://api.vitaldb.net/be54e87b1333db9d94dea3515175ad4dcc2073e2
be62a696f5d10c110ca57495d05a06281a068c41.csv,93621,37d6c9ec5c70f0fa83a8c99e91ac9a38356e9bdaf07b566a9c351b522da0ee3c,numeric,2311.0,Solar8000/HR,https://api.vitaldb.net/be62a696f5d10c110ca57495d05a06281a068c41
be6d716fa98200f02a7bd2e80cfa500348448231.csv,408876,b15ce392a729d37675cf1d2d99a0699bb8a99ca4346425a0c2d6c6b04c40aeb1,numeric,6061.0,Orchestra/PPF20_RATE,https://api.vitaldb.net/be6d716fa98200f02a7bd2e80cfa500348448231
be75e19ffb154c1c6a82926230de0a3f89ce67f2.csv,729043,2944549b106241016b2b289c7c7761abc002c981a9f0f611f1c305b04ffa18d8,numeric,5608.0,Orchestra/RFTN20_RATE,https://api.vitaldb.net/be75e19ffb154c1c6a82926230de0a3f89ce67f2
be7605b9595bb6bbe89ecec96ce8d617f76eeaa8.csv,376848,049842091d12657c08f43b9f32415f5f73f2b4eea474928935464d05d42ef541,numeric,5772.0,BIS/BIS,https://api.vitaldb.net/be7605b9595bb6bbe89ecec96ce8d617f76eeaa8
be843974866e3dd7651a5843707f7f344aef7dfe.csv,169140,f4932cb6816d147936e1796cdcc64782539184d311d5c3b17c707634620179ee,numeric,3851.0,Orchestra/RFTN20_CE,https://api.vitaldb.net/be843974866e3dd7651a5843707f7f344aef7dfe
be9b70dd064b90b72d684759d65159b1ee1755fa.csv,480248,bd953df1b2ed62015575a6ecd75d44e4e7a38fdc451469d6abc365b401e96650,numeric,13.0,Orchestra/RFTN20_RATE,https://api.vitaldb.net/be9b70dd064b90b72d684759d65159b1ee1755fa
bea87fb148f0a518d798504b80059b66fbad1ecc.csv,137353,f52c30759c1737cb064e553cd2488eb848f83bb4587d099b98be508085505d03,numeric,3498.0,BIS/BIS,https://api.vitaldb.net/bea87fb148f0a518d798504b80059b66fbad1ecc
beac73783cabd3fcb45ca6a51891fb5a4d553c04.csv,814330,9f471b8c610ba59de155e9b93b983083892e6995591f43b9b308a8efd8a85058,numeric,3545.0,Orchestra/PPF20_RATE,https://api.vitaldb.net/beac73783cabd3fcb45ca6a51891fb5a4d553c04
beba346597b954133cfb65f4be9c30d1bee2e654.csv,229408,7e7dedcf47101d69ba6930207c49504df29dac90704ca1b42ad5d6541c10d5c1,numeric,6280.0,BIS/BIS,https://api.vitaldb.net/beba346597b954133cfb65f4be9c30d1bee2e654
bebafbf91d6bc97f904cccf8b618420a9ea17065.csv,88868,462c21f65fe5d8f2c2c6fcd4d5f0c20d18f81384f88cd8f4c88cc74f895ccaa5,numeric,3621.0,Solar8000/ART_MBP,https://api.vitaldb.net/bebafbf91d6bc97f904cccf8b618420a9ea17065
bebecab05f97a9ac5ced033ca6ac1b43c1281e9e.csv,108556,f148223015be9bdde3da3afdbf1732bfe7c8118659bda906edd4f37107441120,numeric,3407.0,Orchestra/RFTN20_CE,https://api.vitaldb.net/bebecab05f97a9ac5ced033ca6ac1b43c1281e9e
bed0eb6249b5c59ab5ef9a32f4092d260a1f312d.csv,640825,585073a3bd6ab08e83bf80b190030e22bf0dfa236f65f765f3ea9a0a84074141,numeric,5077.0,Orchestra/RFTN20_CE,https://api.vitaldb.net/bed0eb6249b5c59ab5ef9a32f4092d260a1f312d
bee73774c64125e1a7a30292abaf7e3d2e366454.csv,448664,a1473c2a7cb4b0d0af1cd98555a06c8bfadd8ae571c94773ef4f71e258db8dbd,numeric,2123.0,Orchestra/PPF20_RATE,https://api.vitaldb.net/bee73774c64125e1a7a30292abaf7e3d2e366454
bef22f148380fe86597d7df13e86e80d5dd412bf.csv,118731,8439c3796e552001782ecba4160731c07a99573eafdf3431c95539252e411709,numeric,3169.0,BIS/BIS,https://api.vitaldb.net/bef22f148380fe86597d7df13e86e80d5dd412bf
bef495bde4dae6c0170740bfd6d9d8fea5143e86.csv,815962,e2b0e5df5d91e0955ad294c04d321effe27bd21ebb526f10d930804abfab61cb,numeric,490.0,Orchestra/PPF20_RATE,https://api.vitaldb.net/bef495bde4dae6c0170740bfd6d9d8fea5143e86
bef5d3ecc856adc54b1310f12a91fb2b6dcf5adf.csv,672652,b2e9749b1cafa2b702884dbcb8a4366df6899a9d1da8c76af1463041119c3526,numeric,5490.0,Orchestra/PPF20_RATE,https://api.vitaldb.net/bef5d3ecc856adc54b1310f12a91fb2b6dcf5adf
befd8a23a6965655aad170578306d9238d0a7e29.csv,529282,a7b0c6495ad74b213c01a000894cc1edde639d5e48474874a413a1b9466d6326,numeric,3507.0,Orchestra/PPF20_RATE,https://api.vitaldb.net/befd8a23a6965655aad170578306d9238d0a7e29
bf0d9c0665c90198ff07b23c627b75a4ea435298.csv,374436,60b3f07ba7319c4ba7256d2bbb1a518c601692cc2a1db2b071fffe291b705c59,numeric,2805.0,Orchestra/PPF20_RATE,https://api.vitaldb.net/bf0d9c0665c90198ff07b23c627b75a4ea435298
bf18049fb186b2d50298565145e5d456781112f3.csv,442733,a8a1474d23db01270914e0b9604576878af2248454131bedb7d44dee1cdf38a3,numeric,5486.0,Orchestra/PPF20_RATE,https://api.vitaldb.net/bf18049fb186b2d50298565145e5d456781112f3
bf1a751545927aa6078229689b0abfa2192bfcd6.csv,817714,b9789f700f4e512f9741856cd592fb18feb88acfffdd5185655e0b8ef8f1dec2,numeric,5004.0,Orchestra/RFTN20_CE,https://api.vitaldb.net/bf1a751545927aa6078229689b0abfa2192bfcd6
bf1bf0c3f2eb7ac35fd7bb5c1562c74e7b716669.csv,565188,917b1880bceecab81f7e50b607eacd0f7207bfeaf13ffd8e49889d466eb4a4bf,numeric,5616.0,Orchestra/RFTN20_RATE,https://api.vitaldb.net/bf1bf0c3f2eb7ac35fd7bb5c1562c74e7b716669
bf24e16de3c35f8bb0c57ca51065cb58ded4d7b6.csv,279955,e674b9acb749644a6bc63bd3a9151ad05cf65e0a9de8558471f6b8d453e37ff5,numeric,194.0,Orchestra/RFTN20_CE,https://api.vitaldb.net/bf24e16de3c35f8bb0c57ca51065cb58ded4d7b6
bf3582d173fb9f049a6069eb9a6aca4d4dc47362.csv,69355,a2654acddad21602ee4b5973c3510d348626e9cf55106bd4eca770b3f13bc15f,numeric,2222.0,Solar8000/HR,https://api.vitaldb.net/bf3582d173fb9f049a6069eb9a6aca4d4dc47362
bf662b09d202b5449d29ef0cf547be6936417e48.csv,73474,b352b95f6bb7dee02f99f60ca38906d0c5d60a94064b3894a16f68d4909b277f,numeric,5490.0,Solar8000/HR,https://api.vitaldb.net/bf662b09d202b5449d29ef0cf547be6936417e48
bf683c52abfce1756b754bba332ac24d90832ae4.csv,613040,793945a71a36b6719322d4b96dafe4af9b7ccd1e1c295feb8c7ba3b5a7bc790d,numeric,6037.0,Orchestra/PPF20_RATE,https://api.vitaldb.net/bf683c52abfce1756b754bba332ac24d90832ae4
bf6b0900c3c3b60cc3e84af6bce49785ad1c386b.csv,225984,25499e868c89f5b8624f5e82f0ab0cc6317e850180dd0ae5df6400e3bb783153,numeric,4275.0,Orchestra/RFTN20_RATE,https://api.vitaldb.net/bf6b0900c3c3b60cc3e84af6bce49785ad1c386b
bf8cfda13cf3cfc9aa086b643370fa5e803b28ae.csv,404271,4d27af4f7d2a8a0259c26113411b39d8d5ac6fa972f57a3f5c9745d8c6568e14,numeric,1002.0,Orchestra/PPF20_RATE,https://api.vitaldb.net/bf8cfda13cf3cfc9aa086b643370fa5e803b28ae
bfa0a8b4be0a75d8dcf8e677e13be1508ae683a8.csv,90982,6a6e9a0408a633a294bce00d21743cc4d10be67a34dcf5ced251cbd077159377,numeric,1944.0,Solar8000/HR,https://api.vitaldb.net/bfa0a8b4be0a75d8dcf8e677e13be1508ae683a8
bfc9c8068112d197fcc235fbdcdc407f51e8ea95.csv,1047072,d01e79d8ecf9cff3e216f5df44345cefc782226d3194de02bf06bacb08de88be,numeric,4258.0,Orchestra/RFTN20_CE,https://api.vitaldb.net/bfc9c8068112d197fcc235fbdcdc407f51e8ea95
bfd8439e2d3b0dd3ed8bbb46a0d846f56a7b0d0a.csv,377075,700393351cf9a26e75bbb5a8296e9c9c6805b77e1c657b9fc1778be98e42c16b,numeric,4948.0,Orchestra/RFTN20_RATE,https://api.vitaldb.net/bfd8439e2d3b0dd3ed8bbb46a0d846f56a7b0d0a
c002df829a00fd349d8f303a5d6f3178a3631388.csv,486477,d7fbcfe684d3b9087a19fd99209a0ef9dbea29b5d11ae0def1428e93d7355934,numeric,2944.0,Orchestra/RFTN20_CE,https://api.vitaldb.net/c002df829a00fd349d8f303a5d6f3178a3631388
c01efac1f66160aff962f7e60b85532b239b9322.csv,758942,9ea2ed284049ac0e9249ec0b7ca0a8b278f45de6efdcbe12c8f17404e09373de,numeric,3118.0,Orchestra/RFTN20_CE,https://api.vitaldb.net/c01efac1f66160aff962f7e60b85532b239b9322
c0268b913f6f12ec6b249e9d371f71241dc8a080.csv,299378,f3f04e6ad80b7395cba2634ae4d69479f8d173c25b5f4f71bb9fb028afea5e0b,numeric,5511.0,Orchestra/RFTN20_RATE,https://api.vitaldb.net/c0268b913f6f12ec6b249e9d371f71241dc8a080
c02f014c056be425b7c52775c03d8e72366723e6.csv,255403,c69547edd6f5b7733be8d4de7164fdb433a73211b5252bbede451cc2bff67f65,numeric,5388.0,BIS/BIS,https://api.vitaldb.net/c02f014c056be425b7c52775c03d8e72366723e6
c039af1ccda49de05dd1f75f35dddc2d84ab58bf.csv,811250,8d322cd4df8da1c30a6f189724039482eddf0f4c5167048d920561bbae7a1fb7,numeric,3348.0,Orchestra/PPF20_CE,https://api.vitaldb.net/c039af1ccda49de05dd1f75f35dddc2d84ab58bf
c040a433454e67d9bc07b0b5f43742cd1d31786f.csv,80461,644f8f8d80ef6f6fabf77b7665aedc1ec3b341e1a5595b01a59c32b0c579038d,numeric,2802.0,Solar8000/NIBP_MBP,https://api.vitaldb.net/c040a433454e67d9bc07b0b5f43742cd1d31786f
c042594dac3dd69c1ad5105d952c4b598dd01268.csv,485030,38cdcf7e298ba0948f6f896b307d56a764a4c949ea547ce9664f318142253170,numeric,6174.0,Orchestra/PPF20_CE,https://api.vitaldb.net/c042594dac3dd69c1ad5105d952c4b598dd01268
c044120930b1f1040bf4ddda0ca45326605f60fb.csv,83752,b66392c62a82a66bb9794b4cb9985a594f05a580449e5491c3b2e37f0a26c8d2,numeric,1193.0,Solar8000/ART_MBP,https://api.vitaldb.net/c044120930b1f1040bf4ddda0ca45326605f60fb
c055689253d7979635cdda60e021ef15030c8aee.csv,88234,f315b7781c18803753f4101d9b5c1b2f0409e0c30155470f394a3e1033605a9d,numeric,2353.0,Solar8000/ART_MBP,https://api.vitaldb.net/c055689253d7979635cdda60e021ef15030c8aee
c05f0552d9a1914e7ada7d9cfa18e624307f95f3.csv,743910,65d9790bd191be7b72f1226eb99d40b892b73524b4470e97f0106b34c3413f95,numeric,17.0,Orchestra/PPF20_CE,https://api.vitaldb.net/c05f0552d9a1914e7ada7d9cfa18e624307f95f3
c06eab015d224e6bcc88d6c21d615c72b30e3568.csv,45848,75328c84360b99ffc4ec1ebadaa34f173645996d6126bb59dd39f7ba09835f18,numeric,3029.0,Solar8000/NIBP_MBP,https://api.vitaldb.net/c06eab015d224e6bcc88d6c21d615c72b30e3568
c083a195637e2dc8b84404846820dd18fa0bf58f.csv,91632,709f8bf0a759945a5db693aa4ea01a42f6f9ee6f1fd096836ff4984e59d8d4de,numeric,5998.0,Solar8000/HR,https://api.vitaldb.net/c083a195637e2dc8b84404846820dd18fa0bf58f
c095b3d817f094f27df73ac82f53495c27152545.csv,52062,641c33bc05aa532e470e4e354c3cfd3adeeee88e78443c04651a017bf6ad7d4d,numeric,1974.0,Solar8000/NIBP_MBP,https://api.vitaldb.net/c095b3d817f094f27df73ac82f53495c27152545
c09ca44377275b91c4849259f558c0f87939bda8.csv,291488,3e5d7312acf143da3b4e121ec5211b04cfdf7115c7da4b5cf54a3b079005c32d,numeric,4717.0,Orchestra/PPF20_RATE,https://api.vitaldb.net/c09ca44377275b91c4849259f558c0f87939bda8
c0a081f668be86a390c4bb5be169ebd83624f771.csv,201482,86084479bd4f1498657e45413b42e273a911483911ccc448cdae6f5bc09c69f6,numeric,5566.0,BIS/BIS,https://api.vitaldb.net/c0a081f668be86a390c4bb5be169ebd83624f771
c0adba28e9eb35d2c081841352c48ee1a1e0e668.csv,53974,855ad4aaeb7dc7e5745c3071d3020a8696559600427a2be80307256620f4a560,numeric,1184.0,Solar8000/ART_MBP,https://api.vitaldb.net/c0adba28e9eb35d2c081841352c48ee1a1e0e668
c0d45b49a576911a5814b332890a5855f69934e3.csv,96988,21981ef9e93c341593d06572edb95733a693dd3c2235ec5fab7ae5d4b59dc108,numeric,2492.0,Orchestra/RFTN20_RATE,https://api.vitaldb.net/c0d45b49a576911a5814b332890a5855f69934e3
c0e6d2ba7165c3dc3ac56a053e3c01b4e780b632.csv,65902,3f030b337ae32be4db4d58ae5802a3bffd994ba812376453be982b90fd9cbddc,numeric,4287.0,Solar8000/HR,https://api.vitaldb.net/c0e6d2ba7165c3dc3ac56a053e3c01b4e780b632
c101d614db23ace4ac8a7a214412009a1904fbc3.csv,224710,435d6f2667a44677c3a951a3766e6234d6a8a011a1886005759ab537682f0b55,numeric,1249.0,Orchestra/RFTN20_CE,https://api.vitaldb.net/c101d614db23ace4ac8a7a214412009a1904fbc3
c102935ab772f874e5e2a36feae910c2706d8e0f.csv,61198,4791134443f77952efb43e86dd6d18884bd9c8fbeffc6c4f7a30fbbee1cf679b,numeric,6163.0,Solar8000/ART_MBP,https://api.vitaldb.net/c102935ab772f874e5e2a36feae910c2706d8e0f
c1067e90fb1cec72a0a2c06660052876221d41b0.csv,90791,2f009d56072944e5ba016902753ef93fac0837aaa384d23e57bdaac81d9b6de7,numeric,5140.0,Solar8000/HR,https://api.vitaldb.net/c1067e90fb1cec72a0a2c06660052876221d41b0
c10b36006344db0fafa4a1e63ac0931624f32dfd.csv,26588,58bf4e005b2b5c2df8925d5434f3c521da745160cfc845a7bceacdeef9d79b1c,numeric,4547.0,Solar8000/NIBP_MBP,https://api.vitaldb.net/c10b36006344db0fafa4a1e63ac0931624f32dfd
c11d6fa52ff704f8df251cc33488b72e3b37badd.csv,411972,b76bd3ae29324060128c19bc989d6b754d5542714b2d115c13873e24d3d9303b,numeric,1323.0,Orchestra/PPF20_CE,https://api.vitaldb.net/c11d6fa52ff704f8df251cc33488b72e3b37badd
c138d43329e93e962197e69c373320c2d797ff1e.csv,53947,9a38ecd7f72c5d3fa6e93fb1c5012a2022b73c4f15c9ac192fb0f7a3ab94aa3c,numeric,57.0,Solar8000/NIBP_MBP,https://api.vitaldb.net/c138d43329e93e962197e69c373320c2d797ff1e
c14061c155ace463a6480a0da66bedaae0e5c830.csv,494920,b30853da30dfac7fb867441345ef00abb9dba8fd8adbf1ee5ee31e357b9c22e6,numeric,2350.0,Orchestra/RFTN20_CE,https://api.vitaldb.net/c14061c155ace463a6480a0da66bedaae0e5c830
c143ccd7175133c5826d469bb02f6b7550b55e29.csv,39748,02a0de4262a04c1046f544e6a83ce1228f90ec65a6474daa49328b6355f84f87,numeric,3693.0,Solar8000/HR,https://api.vitaldb.net/c143ccd7175133c5826d469bb02f6b7550b55e29
c15f85a0b6e1b452ba9cdc184a8f2618fed1ab76.csv,1042633,6de73a6105b3db3e32b3b96bdf8471302e89930b4a13e2a178f1d16dc55e5482,numeric,5937.0,Orchestra/RFTN20_CE,https://api.vitaldb.net/c15f85a0b6e1b452ba9cdc184a8f2618fed1ab76
c16b4787a3b393428b9c57dcf480fdbd578473e1.csv,211870,7ed5002a6f3bb7f387e00d98aabc58320710421216030dfb57620bc3ef76fe0f,numeric,659.0,Orchestra/RFTN20_RATE,https://api.vitaldb.net/c16b4787a3b393428b9c57dcf480fdbd578473e1
c16e12e1da4b5fe0ce46c5e304a98f45ad5b2949.csv,305832,e1fdda5a05bef87ab0a1c10eff56ff80ccf86323c5ecf4f5df2f0cac85aafcd4,numeric,4462.0,Orchestra/RFTN20_CE,https://api.vitaldb.net/c16e12e1da4b5fe0ce46c5e304a98f45ad5b2949
c1850ab44c0a139838699b3d7beff73337d3dd93.csv,606611,e117c6488f65b25071e234c708cf3daa03ed1df17f83371bb4994df586a81585,numeric,2385.0,Orchestra/RFTN20_CE,https://api.vitaldb.net/c1850ab44c0a139838699b3d7beff73337d3dd93
c185f3baf6354219bac7cdf69235268ec63ba2f6.csv,137193,2c7ad16898a9cca84068edb55e79a1342fee4065e198923029f9cade2ec4b0fc,numeric,2931.0,BIS/BIS,https://api.vitaldb.net/c185f3baf6354219bac7cdf69235268ec63ba2f6
c1a1d25d242f13ecc8f2ef745c529cfa672f8503.csv,344578,5708d424fabea48993683773cee93fcccf117278c71686de91a00d08b689b363,numeric,3501.0,Orchestra/PPF20_RATE,https://api.vitaldb.net/c1a1d25d242f13ecc8f2ef745c529cfa672f8503
c1b1068a9a054bbe328f81724428db17f41956cf.csv,38711,1a051ce1384330fbee46ab990bf4f0b4905c34c33d38d6ef4609248614b110c2,numeric,194.0,Solar8000/NIBP_MBP,https://api.vitaldb.net/c1b1068a9a054bbe328f81724428db17f41956cf
c1be4458d67a9af751e0cdf0a6390c4b419dbde1.csv,108872,40f023d153b063b3ccde19ea5f5fe7dd87fd82d9523d09d9a208d77c6de21c98,numeric,1922.0,Solar8000/ART_MBP,https://api.vitaldb.net/c1be4458d67a9af751e0cdf0a6390c4b419dbde1
c1c27382894a6d8684221b15e4b00a3a26311a4e.csv,1032239,3b6fdc4ca0f6e8a5a7bf1c8959bdd7b754d109807da0e760558ef5365ddab661,numeric,3220.0,Orchestra/RFTN20_RATE,https://api.vitaldb.net/c1c27382894a6d8684221b15e4b00a3a26311a4e
c1d480819a71c60c21a003d2034f9a9a79f0e015.csv,243908,7308a6cdc90343fa753fec90f431527f74b39f4f8105b9dfd6924554f783d091,numeric,2530.0,Orchestra/RFTN20_RATE,https://api.vitaldb.net/c1d480819a71c60c21a003d2034f9a9a79f0e015
c1dac7250aa97e95098d83d776282836aebafea3.csv,257053,f8a6e6cd416e0891986964f9c87a2b4d44f0a829f83378c24ba18fb2efed193e,numeric,369.0,Orchestra/PPF20_CE,https://api.vitaldb.net/c1dac7250aa97e95098d83d776282836aebafea3
c1db50d87c291d1d69128b8bd087c67f5f2091fa.csv,97863,b5ce25b5db950da10aedfb00f4a54e7377bec4cc3f55b138f68f52eb9e35a33b,numeric,4145.0,BIS/BIS,https://api.vitaldb.net/c1db50d87c291d1d69128b8bd087c67f5f2091fa
c1ecbc78b7c2562fef53cade93a352b3d751f8e9.csv,246102,64f17c9ca911ad4383493c3a8e5ca14467783d37954e944550509a274f32ddde,numeric,5787.0,Solar8000/ART_MBP,https://api.vitaldb.net/c1ecbc78b7c2562fef53cade93a352b3d751f8e9
c1f4db093f5f23726e7469fb1be22e3c16eee135.csv,377638,6dc34b672cac89589478f6e39ac1b512457fd41d1009f38c8f181bea597b020c,numeric,1814.0,Orchestra/PPF20_RATE,https://api.vitaldb.net/c1f4db093f5f23726e7469fb1be22e3c16eee135
c200df2ffc9ef159574c16087912daa28a277119.csv,95603,2e74ce617e89b1eea0ed314db66978f8d742c9fb3f238d9bc9f984949b51545f,numeric,3095.0,BIS/BIS,https://api.vitaldb.net/c200df2ffc9ef159574c16087912daa28a277119
c231718bd3ca8aea7c5dba15788f71437e505a0f.csv,55732,41e0fb0cd00c6be0aa96e75303a9d44a6384c4f3fdabdec1ecb47684fc626d76,numeric,5263.0,Solar8000/HR,https://api.vitaldb.net/c231718bd3ca8aea7c5dba15788f71437e505a0f
c23971840d8ab20d5cc93369884cef8070bf9529.csv,388155,758d6c1b2198db4c7ca6d5911a76428552838608424849665685c6d55c81e3c3,numeric,1323.0,Orchestra/RFTN20_RATE,https://api.vitaldb.net/c23971840d8ab20d5cc93369884cef8070bf9529
c23c7ac0cf42d2f86fc0de4ff53e4fea62bd3a38.csv,125283,513f39ef2d545a7e83aeedc067047cf2eb627faa56ae01b2fd7bec9432302b1b,numeric,6241.0,Solar8000/ART_MBP,https://api.vitaldb.net/c23c7ac0cf42d2f86fc0de4ff53e4fea62bd3a38
c249b753eb58987c0c753bc5c6d38054e22d4a3c.csv,723492,3c9275b4fe1191fa4de6e4be92fb37725ad322db9287d68ba83969382143022a,numeric,1623.0,Orchestra/PPF20_CE,https://api.vitaldb.net/c249b753eb58987c0c753bc5c6d38054e22d4a3c
c274931ece1dfc04b74b4c1919a26bc64126f59e.csv,123562,f942d8fb5e1a1a9d28116d43d6b6f18551afe5d309ac4c2d509512bd70bae9c4,numeric,4695.0,Orchestra/PPF20_CE,https://api.vitaldb.net/c274931ece1dfc04b74b4c1919a26bc64126f59e
c2894f31788bf1a0be2a03bd36d106f104bb02fa.csv,347118,077e670969ad46a535742fd9e50f23d4e5ddea11a28d453bc7a71a7742392454,numeric,3501.0,Orchestra/RFTN20_RATE,https://api.vitaldb.net/c2894f31788bf1a0be2a03bd36d106f104bb02fa
c29ff11c0c6773c3150f35beaf0a11e0b2a6fc19.csv,90551,ad26e4a7717749da3b9cfddcc3b9f6a54058555f958652704da6f45d17fdb2ba,numeric,5140.0,Solar8000/ART_MBP,https://api.vitaldb.net/c29ff11c0c6773c3150f35beaf0a11e0b2a6fc19
c2b003cfac5a0be5b5110e4f082bf0a192d589fb.csv,544870,2be539426c1e697d66e5237f7b98dfefe2b0b6c8e333896a87d8dffac732729a,numeric,6024.0,Orchestra/RFTN20_RATE,https://api.vitaldb.net/c2b003cfac5a0be5b5110e4f082bf0a192d589fb
c31549f72abaccfeff5638cbcddd36c22ce5270d.csv,141806,11e57f3581dcf8f1c9e2f61c93aa3dce20a69e9fdf0857a1b91334a69396a03d,numeric,3785.0,Solar8000/ART_MBP,https://api.vitaldb.net/c31549f72abaccfeff5638cbcddd36c22ce5270d
c3204efa5f314db495310f3c39e782d1919ce4ef.csv,661016,bc61ddebd44aec1d0ffd1815e245f3e6daafc3e5ad24a57d6321da40bd591be7,numeric,5202.0,Orchestra/PPF20_CE,https://api.vitaldb.net/c3204efa5f314db495310f3c39e782d1919ce4ef
c33490261359683503400abc5a55dc9ed466a92b.csv,397353,ce6a005658de21faa26269c19dc4c498b1044316fd424ab947ca1a522c3b302e,numeric,4954.0,Orchestra/RFTN20_CE,https://api.vitaldb.net/c33490261359683503400abc5a55dc9ed466a92b
c33a5a5d1589dfa3b35e13d61ca065b6fb3c107e.csv,215027,cf3a56a1e4bf5670c187c07c2bc634bfbf72529b4f539ada9186bbcae251718d,numeric,6024.0,BIS/BIS,https://api.vitaldb.net/c33a5a5d1589dfa3b35e13d61ca065b6fb3c107e
c342bfdde8a61e3e22d70b2654e5fd3d2f61973c.csv,206703,fc2808c8d803fc05c2738af4c507441358af2425b63d722726fd07b12956bfaf,numeric,5344.0,BIS/BIS,https://api.vitaldb.net/c342bfdde8a61e3e22d70b2654e5fd3d2f61973c
c349f45c37c17579605d0ef11cdfa87af8d375cd.csv,288029,d56c141d232f9f034fa09c81b95588271c068fbbe2be8e7f4c96b882201ef240,numeric,1933.0,Orchestra/RFTN20_RATE,https://api.vitaldb.net/c349f45c37c17579605d0ef11cdfa87af8d375cd
c358e39ce7a4a336ab0def0c36ed39adda0bcc56.csv,620191,a986a707b090868f886aad7832fac93a98dd65abc9271634b49f93372f970a9d,numeric,1035.0,Orchestra/PPF20_CE,https://api.vitaldb.net/c358e39ce7a4a336ab0def0c36ed39adda0bcc56
c3685a10e06617427997518d493b948546c44595.csv,251199,caa7d4bf939da9e9f45d5384f7acfc68112cd2edb09aff46abb8533c99b4a86c,numeric,2650.0,Orchestra/RFTN20_CE,https://api.vitaldb.net/c3685a10e06617427997518d493b948546c44595
c36b3165fd1b09edab75b9fcf3408caea298c373.csv,60299,f1b383af4760ee1c81e2984bb954cc967cba0f338049ebe283e86908386f5dd8,numeric,3368.0,Solar8000/HR,https://api.vitaldb.net/c36b3165fd1b09edab75b9fcf3408caea298c373
c394ebcc84cc24638f91101e359e5a0ab8c0254a.csv,36148,5f284a7619f2d616f36866805e7f71bb701f0a75387bf8243ff598b3226a7435,numeric,4447.0,Solar8000/HR,https://api.vitaldb.net/c394ebcc84cc24638f91101e359e5a0ab8c0254a
c3988110eaad62a8123654a4f4df6dccd40cfbec.csv,332874,f674b32d2240d4484e3703a0965f60d1d97de0f29e1457b2fafb44591d6e3edc,numeric,591.0,Orchestra/PPF20_CE,https://api.vitaldb.net/c3988110eaad62a8123654a4f4df6dccd40cfbec
c39a22662832844cb89f5fc2400c88b1f69241e7.csv,79475,b501fc1a151b25dca84f35b59c9242c1e6b9be0fba328053b2790dd06b77cb66,numeric,2632.0,Solar8000/HR,https://api.vitaldb.net/c39a22662832844cb89f5fc2400c88b1f69241e7
c3afc6d4d4cfd5f04dffd651371783a833601ac7.csv,659954,b2c708416a24380f38d21ccca85349745181ce8f00bc0d74581fdb5ac8d44b46,numeric,2281.0,Orchestra/RFTN20_RATE,https://api.vitaldb.net/c3afc6d4d4cfd5f04dffd651371783a833601ac7
c40b1664fc46641686bc3195fe13093c6f9cc56d.csv,370175,fba7eb28f6601f9c9abbe5f4b719ec7853446ebbde7e04e26d530daa479c1f0d,numeric,6040.0,Orchestra/RFTN20_CE,https://api.vitaldb.net/c40b1664fc46641686bc3195fe13093c6f9cc56d
c414afb522d8ad0942aae9837f20a04ad24bb54e.csv,270920,768773c085d475f38a8bbada52083fa18429dc734c1deefb09e29aadb3f08e27,numeric,4717.0,Orchestra/RFTN20_RATE,https://api.vitaldb.net/c414afb522d8ad0942aae9837f20a04ad24bb54e
c42d80b7e2acfda38cf63dd9fbf5155a62be3781.csv,385513,da99b8b7fa0f69ba5cce9f5e0f93a6ef7b774c895e76db866db25c294f9cdd75,numeric,5469.0,Orchestra/PPF20_CE,https://api.vitaldb.net/c42d80b7e2acfda38cf63dd9fbf5155a62be3781
c43361b950b4ab1ade23316d36845c507672bae4.csv,672466,230fc321b32aba50b0f5014b959a5b429173260386fbc43db9401b4f58873725,numeric,2837.0,Orchestra/RFTN20_RATE,https://api.vitaldb.net/c43361b950b4ab1ade23316d36845c507672bae4
c4429353447250d2307a64789d6d9743ed75db45.csv,58506,4ebfff16db45549b313bb9c2102dde1c7d9bf69b3add3acee9ac39ece4c13ab7,numeric,5948.0,Solar8000/ART_MBP,https://api.vitaldb.net/c4429353447250d2307a64789d6d9743ed75db45
c45020c8d1d4e1c4244bd3ffe78ea9d208aa63fe.csv,676933,9c42a473c8dad193369064b0da78fe50667a208a2d3074a93fbd9f411d2dd8de,numeric,3279.0,Orchestra/PPF20_RATE,https://api.vitaldb.net/c45020c8d1d4e1c4244bd3ffe78ea9d208aa63fe
c454f8859ee3cc95e5cfe14498e99785997e4e70.csv,920182,c27ad4ce7bf654bd8acd12929a9583c7c096f9c3f25f15edef28866e34ec1623,numeric,3348.0,Orchestra/RFTN20_CE,https://api.vitaldb.net/c454f8859ee3cc95e5cfe14498e99785997e4e70
c4741fcfb8fafa24bb83fd720cf1dc6069b9a83b.csv,273524,085bce1e6f9fa928d176762f30956b7fbd7935875b7508c0fbc6366e34ea47c6,numeric,1826.0,Orchestra/PPF20_RATE,https://api.vitaldb.net/c4741fcfb8fafa24bb83fd720cf1dc6069b9a83b
c47f86e9d85294341e16c47ae808d0c66fe94029.csv,448101,a7eeef27c09742aa45caaf1b8979ce33bad7f91c77a62be38a8679e9178b0a8c,numeric,3221.0,Orchestra/RFTN20_CE,https://api.vitaldb.net/c47f86e9d85294341e16c47ae808d0c66fe94029
c4868bf22bbf7b2a8fcb2eaddbe1a21dd78c9f37.csv,41903,a9413f2039471c605402552c3be6070d622ab3d9ad7d4da51ad242ac135171ce,numeric,2875.0,Solar8000/HR,https://api.vitaldb.net/c4868bf22bbf7b2a8fcb2eaddbe1a21dd78c9f37
c495bb7f1ad9b081d725e0004e2633b537630914.csv,590326,4880dd489de7718621d6accffab0420828a0c76afb1a3f0e77661a53ea320d09,numeric,4042.0,Orchestra/PPF20_RATE,https://api.vitaldb.net/c495bb7f1ad9b081d725e0004e2633b537630914
c49d9b4b52d9660d959ad29fa4b3fd7e5dec8267.csv,249654,177867615a3cf83269fc6868989838e2035c9e54e97ce2415ba8a6819f2be3f2,numeric,3759.0,Orchestra/RFTN20_CE,https://api.vitaldb.net/c49d9b4b52d9660d959ad29fa4b3fd7e5dec8267
c4a2026e2712fd4893583cdebd071e521abe483c.csv,365411,6bf9e442add628b478140ad61273ed9f0cb28814cdb6c1d478e01ded0c9a6100,numeric,3114.0,Orchestra/RFTN20_CE,https://api.vitaldb.net/c4a2026e2712fd4893583cdebd071e521abe483c
c4a2e4c966475ba6d2fd1f5c915354fcac7ed934.csv,792924,c1d0c5c4db5fdab8e8a0928a3edf1c96de3275339dbf6854091d8fcfc724123a,numeric,5164.0,Orchestra/PPF20_RATE,https://api.vitaldb.net/c4a2e4c966475ba6d2fd1f5c915354fcac7ed934
c4a77c9980aca06437bb66f42320939709d67e56.csv,135423,a5553315bb270152d1d8b2391e431d359d97ff0a07a3e46de4f2ff59832f20b4,numeric,6297.0,Solar8000/ART_MBP,https://api.vitaldb.net/c4a77c9980aca06437bb66f42320939709d67e56
c4b508b43fd42b34b438d7db507071abc5102e9d.csv,64510,cec2536807fa4b7e118f56e4f3fa4475658bfbfb276be2791f1d356bef74da44,numeric,998.0,Solar8000/NIBP_MBP,https://api.vitaldb.net/c4b508b43fd42b34b438d7db507071abc5102e9d
c4c3fed5236b662d04c0bd2812ad851958d9ae8d.csv,40954,e62ba808389f12641dc6c9aeed4d8b114d2e3d009baee3789738c638ed6fe48c,numeric,2492.0,Solar8000/HR,https://api.vitaldb.net/c4c3fed5236b662d04c0bd2812ad851958d9ae8d
c4d8b4a84cb2b5a4e300c848cec313325c55b16d.csv,568016,66a654b1f186ffd5eaffb0ad78d62d5ffcf50278b8b7defb44cb05a2f2509320,numeric,5225.0,Orchestra/RFTN20_RATE,https://api.vitaldb.net/c4d8b4a84cb2b5a4e300c848cec313325c55b16d
c4e796f40cf5d534b729b70bbaa5f0dcd8f0781d.csv,66673,0dd32e4ce342a3651148e6b7efc90555b14592b64c90ce80c680d859aa2f17b2,numeric,1416.0,Solar8000/HR,https://api.vitaldb.net/c4e796f40cf5d534b729b70bbaa5f0dcd8f0781d
c50109a6454a6be80a4bda16b1c2fc3b9963e18c.csv,303752,a672a884c0cb6a7b53376c437517831d6f8a032c6f3d7507fadc78e25a6a462f,numeric,4717.0,Orchestra/PPF20_VOL,https://api.vitaldb.net/c50109a6454a6be80a4bda16b1c2fc3b9963e18c
c51cc6663fe78f7e18360b4ced57b0269565c36a.csv,1876063,38789cf64a8cb5de0a2f2de91b65f25060135f51921386d91815073280ea377b,numeric,1703.0,Orchestra/RFTN20_CE,https://api.vitaldb.net/c51cc6663fe78f7e18360b4ced57b0269565c36a
c51d09aaeb4c75264c422a2ec109d6ca45965fb9.csv,19663,43fe5d3acc044444308187f24f7bd35ae3bb85d1afbd6da1ac4e50433ce5b397,numeric,295.0,Solar8000/NIBP_MBP,https://api.vitaldb.net/c51d09aaeb4c75264c422a2ec109d6ca45965fb9
c52343b797fc6116b5574c2fafd7fd239ea9b102.csv,521889,da625e017de140c239c02380a526c8beaa162f7c2f08f0473ca21c9d7bdc760e,numeric,4198.0,Orchestra/RFTN20_CE,https://api.vitaldb.net/c52343b797fc6116b5574c2fafd7fd239ea9b102
c56174a92cb6e36d728a5978ede8e0f0a5ea4966.csv,32996,022fc7d0645fc7831e17af90a077cda17f38c58a2480f87e16e3bdcd0a8b4e2f,numeric,579.0,Solar8000/HR,https://api.vitaldb.net/c56174a92cb6e36d728a5978ede8e0f0a5ea4966
c565b4072bd41b90f9633b6b1f3de53f4c06c6cb.csv,380754,43f915ec20ebcb37eb8b4051becd132065fc9e697315c5b69d8f289ae6ceed2f,numeric,2503.0,Orchestra/RFTN20_CE,https://api.vitaldb.net/c565b4072bd41b90f9633b6b1f3de53f4c06c6cb
c56c3b4997acbee2b54a51f43569d281e935c698.csv,115681,1eee139f5fc7a670b30e06fd5df4c4b275ed6301aef562fc01dc4f1ff9aff735,numeric,3935.0,BIS/BIS,https://api.vitaldb.net/c56c3b4997acbee2b54a51f43569d281e935c698
c57a4cba9eecddffd743171fa693ec70e927f572.csv,79734,c22f5daf012a416cbe71bfd402cb7d1072860a010acdbb07a8171c05002f26c9,numeric,3759.0,Solar8000/HR,https://api.vitaldb.net/c57a4cba9eecddffd743171fa693ec70e927f572
c594873e1c0e30cab99a3a73f5039cb03fb6c9d5.csv,479813,55cff748b9d4361fa166577a681f3ea87de4b65aae8c343a96afa1c3fe391c89,numeric,3439.0,Orchestra/RFTN20_RATE,https://api.vitaldb.net/c594873e1c0e30cab99a3a73f5039cb03fb6c9d5
c5ac77d1e89f39664bc3a128ccccf31af2e719cd.csv,1185336,9e74ca6adf85f0e08641fe5480177633da77f99f2bbd3e59e59364e33c2fbb14,numeric,5618.0,Orchestra/RFTN20_RATE,https://api.vitaldb.net/c5ac77d1e89f39664bc3a128ccccf31af2e719cd
c5bf6ae5ab89d0d01a5670348fc426bbe79073dc.csv,43042,03656a16fc38d183da2b090edeea66c2ecd0fb42e95d399a2562e33c180fd1dd,numeric,2503.0,Solar8000/ART_MBP,https://api.vitaldb.net/c5bf6ae5ab89d0d01a5670348fc426bbe79073dc
c5d70c21b4649e9bc1decd26fc3529bc44b62e19.csv,623984,666684bcebee126317262a68c14025d7f39fc01bdc9014d390a977e334014344,numeric,2380.0,Orchestra/RFTN20_CE,https://api.vitaldb.net/c5d70c21b4649e9bc1decd26fc3529bc44b62e19
c6093d5f08d32d5fd4d1158f826525089429ca03.csv,502104,3ee2fbdbaef43472c9aae701275f9439abeea4190115b3afcff1a2a138d3ccd7,numeric,4780.0,Orchestra/PPF20_CE,https://api.vitaldb.net/c6093d5f08d32d5fd4d1158f826525089429ca03
c62dc2d20725a488c2f805459e2a8dd22ca123bb.csv,42550,c6fa557909c11da2ce55bab0cb52ce952e12c6263879371a7bb6f757cb3c5764,numeric,3343.0,Solar8000/NIBP_MBP,https://api.vitaldb.net/c62dc2d20725a488c2f805459e2a8dd22ca123bb
c631cf198c5c7dac1e8faba991c6e80d3bf2e907.csv,161874,73469d33ddd3ba24e665025aa194425d3e0c88d1350958b12172eeffe4255b8a,numeric,6104.0,BIS/BIS,https://api.vitaldb.net/c631cf198c5c7dac1e8faba991c6e80d3bf2e907
c639f6e2c921593d52d2cab7baecbb31f37960b7.csv,71886,6753f460e04c315a1d0d0ede37733cb1f2a6575a9f0f03e8f02ad03c42f09ef3,numeric,6088.0,Solar8000/ART_MBP,https://api.vitaldb.net/c639f6e2c921593d52d2cab7baecbb31f37960b7
c6591646b5840689822700ea498e43160cd694b2.csv,134005,cd7e9f3174fed22045d0b74a74186cda4b7f3ab7437919cf010b639feb4d303b,numeric,2750.0,BIS/BIS,https://api.vitaldb.net/c6591646b5840689822700ea498e43160cd694b2
c65cf5a6142b9eaa7d406494f2bc33276a5b0356.csv,48500,5af851ea38648c99aa3be845511b73b7d7a7e37b6efea633a86168c516100a14,numeric,4330.0,Solar8000/HR,https://api.vitaldb.net/c65cf5a6142b9eaa7d406494f2bc33276a5b0356
c6a43348fa98df0719b97f0c749847e72b8c95c2.csv,100398,24f64a6bb555ddf5c41ec6d006d7c68465006ad868a7a325d26f403b690cb256,numeric,2189.0,BIS/BIS,https://api.vitaldb.net/c6a43348fa98df0719b97f0c749847e72b8c95c2
c6ae751f19523a056190c923b5b90fa218eef4d5.csv,93614,5887d618d6c1458dbe479d9e762cb778bde4c33af6ba369e7d1fcf220282acf0,numeric,4000.0,BIS/BIS,https://api.vitaldb.net/c6ae751f19523a056190c923b5b90fa218eef4d5
c6af4928895dcbeb66be20889c6346dc32a84ba7.csv,204131,d9b59ce41cbde2dfa7b0f41afde4bb247cfd118e541d9bf792b034bfe5147a98,numeric,3777.0,Orchestra/PPF20_RATE,https://api.vitaldb.net/c6af4928895dcbeb66be20889c6346dc32a84ba7
c6afb63b0d8340b70f655b50c29a575eace3f2a6.csv,495666,b6aa2adf9e1d1ec304935db8d2945d3976ef70d10278749eea0f09354804780f,numeric,5155.0,Orchestra/RFTN20_RATE,https://api.vitaldb.net/c6afb63b0d8340b70f655b50c29a575eace3f2a6
c6b657fd000c7a7fba0e77416cbf09ae03a1c46e.csv,138436,aa4fea1a17e097a1a1a0ed91edb9dfd653ff0123c6da519a348859aff0389e5d,numeric,4057.0,Orchestra/PPF20_RATE,https://api.vitaldb.net/c6b657fd000c7a7fba0e77416cbf09ae03a1c46e
c6bf2dcd47043bc992ca51fb0b3c95b4776b4447.csv,373579,d7d8524c59dc5de4402d50f2021d97329231ba10faf13b2b4bf604065dde8744,numeric,1213.0,Orchestra/RFTN20_CE,https://api.vitaldb.net/c6bf2dcd47043bc992ca51fb0b3c95b4776b4447
c6e22014444ac71f172dac23e89d656e19b5f3fa.csv,212828,79b332e44dfd024fe45715277f0cde00058c7afae0df41f178580c802069d24f,numeric,4805.0,BIS/BIS,https://api.vitaldb.net/c6e22014444ac71f172dac23e89d656e19b5f3fa
c6f79ea0c97c21979c9cd6d1f32895c0cb7aa932.csv,85127,99fcb4bd137efe4ae94900c6ee4e52ec6f06f5bf581362031e16c9e84b073179,numeric,3118.0,Solar8000/HR,https://api.vitaldb.net/c6f79ea0c97c21979c9cd6d1f32895c0cb7aa932
c6f7b6968b0b3048d7bd9248e191525042249d59.csv,124062,f8c11c48fa81470a00a40158f38e2174b668e337c8a6d1dff4c8dcc48c9f0592,numeric,4227.0,BIS/BIS,https://api.vitaldb.net/c6f7b6968b0b3048d7bd9248e191525042249d59
c6fb1090f2f754c422a2ecc1cea83e1edd438a05.csv,75727,ab4058994b69ff4f110be5413689b3b6187ff6cf0f9412efd443b0c389c7a464,numeric,2380.0,Solar8000/ART_MBP,https://api.vitaldb.net/c6fb1090f2f754c422a2ecc1cea83e1edd438a05
c6fe09be2b9b498f56144fb6aecadc7abc648ffd.csv,750226,b53f57afb28ec9cdeefce1066b35b6903b7db99174b043a3bff503ab80dfe37a,numeric,5566.0,Orchestra/PPF20_RATE,https://api.vitaldb.net/c6fe09be2b9b498f56144fb6aecadc7abc648ffd
c722062ca8f9c0492e677a0b031197a9dcae7b05.csv,426321,5ba2d4dd5b628f45f131376fe5d4c25588ad256964101e00561137ebd60697e1,numeric,124.0,Orchestra/PPF20_CE,https://api.vitaldb.net/c722062ca8f9c0492e677a0b031197a9dcae7b05
c733cc78d4248660a7f9b3d2dd9dc5dad5236d92.csv,222971,5d12d37b1173fddd9f01e906b3fb1e82f2e49a460bd739e7772855d76ebbab0a,numeric,6170.0,Orchestra/RFTN20_CE,https://api.vitaldb.net/c733cc78d4248660a7f9b3d2dd9dc5dad5236d92
c734146d2f2995c12e4e2fc767e1bb705c2654bd.csv,11257,7eec761a03a8be92e8706dc71b6d07623cb363611b2e859cafc9685b47b7b0ec,numeric,2763.0,Solar8000/NIBP_MBP,https://api.vitaldb.net/c734146d2f2995c12e4e2fc767e1bb705c2654bd
c737f79d95e43e9fcfe9b548b751e67298d41bb1.csv,310994,905efb642a5b85d156d9184f0eb3098741e2dbbe2b55274912904bc15f218d91,numeric,4735.0,Orchestra/RFTN20_CE,https://api.vitaldb.net/c737f79d95e43e9fcfe9b548b751e67298d41bb1
c75a324bfe21f492026313ff6683ac697ffbc591.csv,68567,5637ba228a138a27ebdeef479ecf536a85162da9fca07bd60e9a4c184de09524,numeric,1131.0,Solar8000/HR,https://api.vitaldb.net/c75a324bfe21f492026313ff6683ac697ffbc591
c766c5a5c37679ca07ba0b877a811650fd676156.csv,52287,c2009a5dd947947a16e764c34559a6353327997ebc0abdeab7fd9d4ea4a46801,numeric,3874.0,Solar8000/HR,https://api.vitaldb.net/c766c5a5c37679ca07ba0b877a811650fd676156
c76c6c89349afe44072c3ea2e18fc2730c659ade.csv,506867,4861a9a8262960a45dca3acf9f0b54f0400cda9ade3af8c9a3d622d5ea03af8e,numeric,986.0,Orchestra/RFTN20_CE,https://api.vitaldb.net/c76c6c89349afe44072c3ea2e18fc2730c659ade
c772a5b658e54de650229ddf266fa831924ef6fa.csv,768619,9782bdcf10494169a1b5bf480280eb3872a7564f1ea88459c6d4b795bab8c57c,numeric,1115.0,Orchestra/RFTN20_RATE,https://api.vitaldb.net/c772a5b658e54de650229ddf266fa831924ef6fa
c773b576dea93f41a579543efa3f08ac397dcec2.csv,572599,463be33ce1720987f9add1e1f8373d8362b5ed4757c6573177513f379c0e5bd2,numeric,5616.0,Orchestra/RFTN20_CE,https://api.vitaldb.net/c773b576dea93f41a579543efa3f08ac397dcec2
c783c0366bd658da732b70ae20abc8b07869d3c4.csv,133371,a1ffa51b1b0a008d840a3cf1f3fd5615b1ea46c1ed228d7ed4140817c2388418,numeric,57.0,BIS/BIS,https://api.vitaldb.net/c783c0366bd658da732b70ae20abc8b07869d3c4
c7849b87235904dbf816fdeeca711fb99db44958.csv,67021,00e67d579bda11699530a34fd56e0d4d05f1b258c7cfc1f5226aa4621f86c5b0,numeric,4453.0,Solar8000/ART_MBP,https://api.vitaldb.net/c7849b87235904dbf816fdeeca711fb99db44958
c7b469b17c089f5db4a1068c2bd0da5b44c968a4.csv,46001,61355411ac6fc674c8b4f81706dbefa0fb9034bc7c9f11c2b72f51a3a0b665f5,numeric,4735.0,Solar8000/NIBP_MBP,https://api.vitaldb.net/c7b469b17c089f5db4a1068c2bd0da5b44c968a4
c7b5de677b9e2a3676b8f9ceeacee25bfe5c6a40.csv,385441,7faf260279e49ebe842c2ef1c227cc60ae6ef60b1b44261a4a36a2d553f4601d,numeric,1221.0,Orchestra/RFTN20_RATE,https://api.vitaldb.net/c7b5de677b9e2a3676b8f9ceeacee25bfe5c6a40
c7c336e81a771fdd224a62a08d4f8471804e6502.csv,99409,e35e7ac2233e2bf2c0f00be2ac70a41692b0d065ee9da75487a73bb08daf25bf,numeric,3972.0,BIS/BIS,https://api.vitaldb.net/c7c336e81a771fdd224a62a08d4f8471804e6502
c7d0b2a71a8ed85fcb28e604002d3304c7563b2a.csv,778859,a13cf8b5616e7147bd5db34a14883780abb95d77947d7d0293c1c140c0352132,numeric,2392.0,Orchestra/PPF20_RATE,https://api.vitaldb.net/c7d0b2a71a8ed85fcb28e604002d3304c7563b2a
c7d190fb4ab8e0c76185ca7d12c475bc1a3e2a48.csv,405244,de18c1648fb35e13e8e02b5cebee167c5a71c6435f88d651f75ce6f3bb2d42ad,numeric,1416.0,Orchestra/RFTN20_RATE,https://api.vitaldb.net/c7d190fb4ab8e0c76185ca7d12c475bc1a3e2a48
c7f2bd4b3ad2ea49b7c073632e91a89f5855bef7.csv,253656,8b9fcbe0e85870757322a628cdc4d40d53a236554e20a24ef0622f14841d0b2f,numeric,122.0,Orchestra/PPF20_CE,https://api.vitaldb.net/c7f2bd4b3ad2ea49b7c073632e91a89f5855bef7
c7f2e5a2a042839b2ce1bdcb77f7b1aa4636b67c.csv,82288,163a547d98b178c00ee746daf55f8f48bd6bac6f2a64428b37010baf5cd49d95,numeric,1267.0,Solar8000/ART_MBP,https://api.vitaldb.net/c7f2e5a2a042839b2ce1bdcb77f7b1aa4636b67c
c81cc09a90df04d3590f21487402708720638824.csv,1039570,aa61b9f0fe0493ae29563ddd980817978a7a01be0221cd0babd1a8682e4a808e,numeric,6071.0,Orchestra/RFTN20_RATE,https://api.vitaldb.net/c81cc09a90df04d3590f21487402708720638824
c858888fda233e49cd9ea836f066cd6105bb86cf.csv,87742,32e4141c1af354c884b85665a1d41fdb477b3c1f3839b8c046d623f15a06bfcc,numeric,4998.0,BIS/BIS,https://api.vitaldb.net/c858888fda233e49cd9ea836f066cd6105bb86cf
c8811116e45ac99302838fca65d1c99b9eac5349.csv,880439,aec387d0a565ab09362962e6f09ceaf3deb46ff3984fc80e8a2b1f73f41bc8ec,numeric,3499.0,Orchestra/PPF20_RATE,https://api.vitaldb.net/c8811116e45ac99302838fca65d1c99b9eac5349
c8bca9c57a3936b18cff1c6fe62e3506e9d91381.csv,104036,67e0e8bab0800cb171f0837705fb5769efbfdd1ae2525dcf9284f3041796624c,numeric,2671.0,BIS/BIS,https://api.vitaldb.net/c8bca9c57a3936b18cff1c6fe62e3506e9d91381
c8c565d3effa5b8f26bd4d300ef6b02f387fe17e.csv,339246,78fba9ebcdbadbdc4df4ae02268ef8392ce10fe4b5d45b3c4647c230d7de968e,numeric,5998.0,Orchestra/PPF20_RATE,https://api.vitaldb.net/c8c565d3effa5b8f26bd4d300ef6b02f387fe17e
c8dbf777fd02b916d04b1079bfb7fa431a5c8890.csv,456298,66b082aae8cd7163f503928bf8bb2ddcdaf4f3256d2f8234c621669896376147,numeric,5948.0,Orchestra/RFTN20_CE,https://api.vitaldb.net/c8dbf777fd02b916d04b1079bfb7fa431a5c8890
c8de93a257d5b004e4afe9310e3a85f82fae80f1.csv,176253,0945e2a4be2dd86fab641c000e229b50d6ed880c6dafa0ddbb3c3a7c3f9216dc,numeric,4769.0,BIS/BIS,https://api.vitaldb.net/c8de93a257d5b004e4afe9310e3a85f82fae80f1
c8e0ba34e1c4af57aa241a02104d828713326fd0.csv,43975,588914a8bfa5430edae90ac5e2f0c07db1c5fee0d161fe9e4065f24ab1a8188a,numeric,5197.0,Solar8000/HR,https://api.vitaldb.net/c8e0ba34e1c4af57aa241a02104d828713326fd0
c8e7b705f70fd4ac1dddf248991120af2eb8b326.csv,561864,d1412b26a107e5e6d125e201a9cfedbde7be049ba181268ad08753731288f022,numeric,5912.0,Orchestra/PPF20_RATE,https://api.vitaldb.net/c8e7b705f70fd4ac1dddf248991120af2eb8b326
c8ebdffed6e364826c1594637abc2294fdae52d8.csv,311110,f78eea7befa491413947a7c5dd3ec920e0f2185f601e79d3ca17f3bbefbfdd3c,numeric,166.0,Orchestra/PPF20_CE,https://api.vitaldb.net/c8ebdffed6e364826c1594637abc2294fdae52d8
c9006172facebba629aa3ba2c53caf48839db1d3.csv,1017513,d51fac27af80031b1f9079f385fad2e03cb6d6505606fdab7c398c2cb1605a83,numeric,2280.0,Orchestra/RFTN20_CE,https://api.vitaldb.net/c9006172facebba629aa3ba2c53caf48839db1d3
c910613df99e05fab016d8eb03dd24a30aef04a1.csv,219799,44a1feb7b4bb1adfe100e55ca16ff2ee17baef95bf6946c71a322803ab2e8066,numeric,3873.0,Orchestra/RFTN20_CE,https://api.vitaldb.net/c910613df99e05fab016d8eb03dd24a30aef04a1
c9299a9d53ee7386f60a302d87e22b70c8d2858f.csv,592389,454567d39ade4ad773d5d8e82d67e9b890d9865fa77923496336040d9dc6d97b,numeric,5682.0,Orchestra/RFTN20_CE,https://api.vitaldb.net/c9299a9d53ee7386f60a302d87e22b70c8d2858f
c92b98b275d436b41ca5366ff0edb2bc9ee484cc.csv,332648,48e3a353d486519c6de0059fbb38f2bee6bc6454d96ab967a1b71f27af887271,numeric,1659.0,Orchestra/PPF20_CE,https://api.vitaldb.net/c92b98b275d436b41ca5366ff0edb2bc9ee484cc
c9412bda55842b009d0731c9fdacb823674c7279.csv,640243,76996422ba18a9a81a2e7444c019ccebecfc9674adfcb333692dd95c4d6715f1,numeric,708.0,Orchestra/PPF20_RATE,https://api.vitaldb.net/c9412bda55842b009d0731c9fdacb823674c7279
c9540c3b83e095546756d9049c87824a915b8a3d.csv,620915,6dbad3754ea21d0c4707b3212342eef434ff877e6193651f0f13fda306ba05ff,numeric,4769.0,Orchestra/PPF20_RATE,https://api.vitaldb.net/c9540c3b83e095546756d9049c87824a915b8a3d
c962211524330017782c14f9b46949a7681b01c5.csv,189959,6ccf18011d65a8ad167e14ed30bf99160a7bfc778fe917d0f994e2f0d7b1cbbf,numeric,2632.0,BIS/BIS,https://api.vitaldb.net/c962211524330017782c14f9b46949a7681b01c5
c964e56e7dd0b1471a97384a7ca90bf65fd46306.csv,245016,6796c7497dbf9ca870ee7ae9d38dfe60bebbff6fca1560ff1834ff2e6c011602,numeric,4390.0,Orchestra/PPF20_CE,https://api.vitaldb.net/c964e56e7dd0b1471a97384a7ca90bf65fd46306
c97379ae183f16a87f0ecc6d1c04534efe71d81f.csv,785233,2258f7fd794b5a2234b1e8838bfb3a0b81b3c10df43b400f2dff4bc10bbeada5,numeric,1115.0,Orchestra/PPF20_CE,https://api.vitaldb.net/c97379ae183f16a87f0ecc6d1c04534efe71d81f
c997d294bfb5fb457ea36dae6057cd5298ae5636.csv,619183,0b9df4558b341adccb3c6958d62f110eb9a2bbcf287d7a5530261f6ea1d5f37c,numeric,6088.0,Orchestra/RFTN20_CE,https://api.vitaldb.net/c997d294bfb5fb457ea36dae6057cd5298ae5636
c9a0c07527b1b713d02d471e175d4d1563811b2f.csv,113978,d7863ef89f9521ae21861370e14e440918ff6257bf333dbf9b0aa1340e7fd8d4,numeric,5937.0,Solar8000/HR,https://api.vitaldb.net/c9a0c07527b1b713d02d471e175d4d1563811b2f
c9a5afd34874ebf01c98f906e08f27f553b5ac8d.csv,292096,aca8da36e1c41d87c49d61e79a3587fbb684de4ad12ec4b33d069b10f0c8d298,numeric,3670.0,Orchestra/PPF20_CE,https://api.vitaldb.net/c9a5afd34874ebf01c98f906e08f27f553b5ac8d
c9a79bca0e870c3bf9be864a2fedd756b094f397.csv,230878,0f55c2336969c0bf8be698fbacae7f90aaa2a971d622432be4dd3c92d0e5fe21,numeric,5179.0,Orchestra/PPF20_RATE,https://api.vitaldb.net/c9a79bca0e870c3bf9be864a2fedd756b094f397
c9c74e7616c29be0db0ef8bf7ce92171aae76205.csv,159296,f0560241bddfd46c88cad3f67962d788ec81305c513c25556e2a4d5da852da68,numeric,816.0,BIS/BIS,https://api.vitaldb.net/c9c74e7616c29be0db0ef8bf7ce92171aae76205
c9c92d8155bbf0f031415e78e0c34b5af2c18749.csv,285646,49773bc6fc4405dddba9272050b6fb340da26d156750db45edf9f8603f44e81c,numeric,6105.0,Orchestra/PPF20_RATE,https://api.vitaldb.net/c9c92d8155bbf0f031415e78e0c34b5af2c18749
c9db48bd68b2ed619658e58f1b1d8cc40a20a039.csv,102943,aead2bc85b346fb1a322afac4fb8d3309f2aac5d834a90bec3bbe79067696e89,numeric,5548.0,BIS/BIS,https://api.vitaldb.net/c9db48bd68b2ed619658e58f1b1d8cc40a20a039
c9dc39c5e3e0b9c168c159cba27c7309ddfac38a.csv,259243,cad92c78bed9d1616a3a884fbdcab324108d58479f996f4afecb11d7f374d4f7,numeric,3298.0,Orchestra/PPF20_RATE,https://api.vitaldb.net/c9dc39c5e3e0b9c168c159cba27c7309ddfac38a
c9e371eb5fcd6ac47c02896dee171350e8ac4074.csv,805135,a49b924fd37ad26b5af3ad4046d4a3fcd9a0c7e071adaffe6d87ecaa15f16471,numeric,1558.0,Orchestra/RFTN20_RATE,https://api.vitaldb.net/c9e371eb5fcd6ac47c02896dee171350e8ac4074
c9e7a9af529eb115f7f0ed1431723f80e309107a.csv,275433,1f7e518cbee3c3e1bc5e4b3b8596157215363a7d12d66582dfc8b6c08512e525,numeric,613.0,Orchestra/RFTN20_CE,https://api.vitaldb.net/c9e7a9af529eb115f7f0ed1431723f80e309107a
c9ff66d55d59373a3edbfb45d3bfda7483e466bd.csv,209318,816b5054789b0e53cafa24416e7e8dcb567e168305ca0080b3c9eca96fb89291,numeric,3875.0,Orchestra/RFTN20_CE,https://api.vitaldb.net/c9ff66d55d59373a3edbfb45d3bfda7483e466bd
ca1efbf41019d35c0651a00b3a27f47e5becb378.csv,57312,27e7729bc14d510fb5edcf6507412298f4268b1512c69a1f616b6dc4eca25b1e,numeric,1102.0,Solar8000/ART_MBP,https://api.vitaldb.net/ca1efbf41019d35c0651a00b3a27f47e5becb378
ca31c81d631a9bf4cdf3c4f35aeef5964f76db6a.csv,700794,d30ebac4b331d3184034da6f0afdaf1b62a083d57c95c85a0e7a5bc67921269a,numeric,5439.0,Orchestra/PPF20_RATE,https://api.vitaldb.net/ca31c81d631a9bf4cdf3c4f35aeef5964f76db6a
ca43c701cf9b9f965c3cceb14148559d5f6636ac.csv,230183,b40aeb6a49336cd9b4b0683e9c0ca2dd2f71459f5c1d9e60c42d5b8bdf8f1fb7,numeric,2653.0,BIS/BIS,https://api.vitaldb.net/ca43c701cf9b9f965c3cceb14148559d5f6636ac
ca47f3d29d254e74e3821bce1ed80608ec52dec6.csv,486983,90274ee139ee6d6543560fe2c8f7221371d3f69d6cf9d8216ee0db68a452e4e3,numeric,4913.0,Orchestra/RFTN20_RATE,https://api.vitaldb.net/ca47f3d29d254e74e3821bce1ed80608ec52dec6
ca63616b43525a0a4d6e336085b1d31bd1d13152.csv,57583,2981b80d07b571785d228533f73a6131dc0d021d02a74633af483692cd7e0a6b,numeric,1810.0,Solar8000/HR,https://api.vitaldb.net/ca63616b43525a0a4d6e336085b1d31bd1d13152
ca682a8cc874df92fbd8956ed7edc7bdd7457029.csv,662545,b07d95bf6d10dedb38e79135b7f1c473ffde0c45b97f81334b67d77069d8a9ae,numeric,5114.0,Orchestra/PPF20_RATE,https://api.vitaldb.net/ca682a8cc874df92fbd8956ed7edc7bdd7457029
ca6e9745ddba2b5932a2bb72b17cde3d318ba49e.csv,277775,15000a86605a855b8780c9bb9e5f8a06a0272de48af78778316308ece2182e6e,numeric,2056.0,Orchestra/RFTN20_RATE,https://api.vitaldb.net/ca6e9745ddba2b5932a2bb72b17cde3d318ba49e
ca6f66f70658dad31e084a1d26e6bb7de0705a6e.csv,538430,2b2a06d573abb643e765aff1223595f3e1ed1c8bf252a0725465c42eb2cc5934,numeric,2943.0,Orchestra/PPF20_CE,https://api.vitaldb.net/ca6f66f70658dad31e084a1d26e6bb7de0705a6e
ca8d181626668cdd9604d6fd88d4b4b8b4527ebe.csv,103973,e6159e6700c556acaf1e76cc501b4fc65980cc477bd8761e535bc96945d75512,numeric,2123.0,BIS/BIS,https://api.vitaldb.net/ca8d181626668cdd9604d6fd88d4b4b8b4527ebe
ca93f796211a68ce2eda5fdf9d9081f63d816389.csv,112633,f50d8fb672d9c488a2d0f19400cad60539eef656f998f412f6cb859a61e383d5,numeric,3113.0,Solar8000/HR,https://api.vitaldb.net/ca93f796211a68ce2eda5fdf9d9081f63d816389
cabe9ceb23769e157573e1c0062ae30057b68ead.csv,45260,5912fd411a31d34edc99d71788b71da626902a9f5c363b16f76b6316cb5a57af,numeric,5345.0,Solar8000/HR,https://api.vitaldb.net/cabe9ceb23769e157573e1c0062ae30057b68ead
cacf75ff325cf2d465dd5ae5ff41001ffd866b02.csv,969761,7fc88896653f3fa758193c0c3c0c980c05f7394b7c2ce5a5488372d72d6cc029,numeric,3572.0,Orchestra/RFTN20_CE,https://api.vitaldb.net/cacf75ff325cf2d465dd5ae5ff41001ffd866b02
cadf2ed4d84a195c38d555db4bd0a6a6720ecfc8.csv,263373,d4bc0914198e7338498e5276369b560ca47a964a518ff8c9f429a48c8117b390,numeric,1045.0,Orchestra/PPF20_RATE,https://api.vitaldb.net/cadf2ed4d84a195c38d555db4bd0a6a6720ecfc8
caff10993fc6bf93b9b6eb4b453484c30bee2fc5.csv,351156,ee0911804f38e03aec40b1d08815a2815a5af75fbca902d55642a6a179601c34,numeric,2890.0,Orchestra/RFTN20_CE,https://api.vitaldb.net/caff10993fc6bf93b9b6eb4b453484c30bee2fc5
cases.csv,2199564,d74684b4794b5095c32ca607ab5d6b1f8d04f888a607f4fd48470c8ffe885a0b,metadata,,,
cb016c1dfb34d6ab3cb0f0a74be6705c46569693.csv,50899,91724bdd949c048025da05b69c56c100241c6c57ffdaa5a2f3eceb3a0a603bfe,numeric,3169.0,Solar8000/HR,https://api.vitaldb.net/cb016c1dfb34d6ab3cb0f0a74be6705c46569693
cb0fc9e3f00efd113289bf059ee5c96c5df7f7ed.csv,115541,f42ac70051793372938c3d2a7b78ad683b3f802e0a202acbe68035efcae5efc2,numeric,5870.0,Solar8000/ART_MBP,https://api.vitaldb.net/cb0fc9e3f00efd113289bf059ee5c96c5df7f7ed
cb1fade18ab93a794ebdf4436d33a1ce6e1f4a8d.csv,140293,0337482ea7b962cf869a8c3ad464d5613171d3829df2a7be4576b81629f937e9,numeric,5469.0,BIS/BIS,https://api.vitaldb.net/cb1fade18ab93a794ebdf4436d33a1ce6e1f4a8d
cb210ecbb98352fba096aaa346db138fa87eb4e7.csv,90343,dde53e8079a4e1a8ec19a9c829a06be115d3b9a60447dc66370d0906ef2e708e,numeric,4095.0,BIS/BIS,https://api.vitaldb.net/cb210ecbb98352fba096aaa346db138fa87eb4e7
cb233118c746e2cafb7812da8bb0be5bfe7ede56.csv,44201,f28751d82d0d27eeac509f083bd6899a425de5a2e1f222931037bfb4f6355abb,numeric,1826.0,Solar8000/ART_MBP,https://api.vitaldb.net/cb233118c746e2cafb7812da8bb0be5bfe7ede56
cb241bc1fe024dd85e0cbebeea304907ee501528.csv,363862,7fd3830751e9176f56d8b0874dc6df7e2ade71028d0388f03dd8f0e645800be9,numeric,2350.0,BIS/BIS,https://api.vitaldb.net/cb241bc1fe024dd85e0cbebeea304907ee501528
cb2e5a8d5c46989f562cb455a5be174945a422ce.csv,422725,413058686a80907cf9bba8ec4292ce28086e6d78dc43b5e25bdbccb3925b6c16,numeric,2732.0,Orchestra/RFTN20_RATE,https://api.vitaldb.net/cb2e5a8d5c46989f562cb455a5be174945a422ce
cb3051f2e5fb2ec7d866a384596080a8f710254b.csv,431384,89acbc905e9255c15b35bef90b045d0de170f9238d29cce4b08e271d6dc244bf,numeric,2283.0,Orchestra/PPF20_RATE,https://api.vitaldb.net/cb3051f2e5fb2ec7d866a384596080a8f710254b
cb457e28b20aab8ff282875a1b58fa8c7f220e20.csv,435960,e07a03928ab9da8f82c7b52ca482a859aec0fb6d3b10c38b66583ce38a20bd1a,numeric,2955.0,Orchestra/RFTN20_RATE,https://api.vitaldb.net/cb457e28b20aab8ff282875a1b58fa8c7f220e20
cb49f354234d04ee5ce1ead5255aeb97bfa05bbf.csv,462506,e9ba4d958dab7d1268c7fbb336586e30fc441d9d7c43ec6cada4687a254d86f0,numeric,3573.0,Orchestra/RFTN20_CE,https://api.vitaldb.net/cb49f354234d04ee5ce1ead5255aeb97bfa05bbf
cb49f79e035cfd42b1fcf24405f437c00a4edebb.csv,599063,54f50e01f6bd026965eb7cc6e47da05e49ed8f3545026ede1112b941278de67e,numeric,3166.0,Orchestra/RFTN20_RATE,https://api.vitaldb.net/cb49f79e035cfd42b1fcf24405f437c00a4edebb
cb7027de3bde7b208bf412c126fb6f5653b316e6.csv,814393,aee62928c8003486c8126e41eb945fc1f0d2874105eee02633654e3d6eab77cc,numeric,5809.0,Orchestra/PPF20_CE,https://api.vitaldb.net/cb7027de3bde7b208bf412c126fb6f5653b316e6
cb7198543cbe35e31a9283b21fbd92c1383d14b4.csv,91085,212b7c83cebe5334657304497c4fbbc675f9948cddb94487c19f6006dc292c96,numeric,1034.0,BIS/BIS,https://api.vitaldb.net/cb7198543cbe35e31a9283b21fbd92c1383d14b4
cb791ee3bfe1646dcfbc56e1f4ac7b7460bfc8b8.csv,884251,cb74f43ac8086c8521116a976a59a8fefc234878ab906dadb43a532db5ee8458,numeric,5809.0,Orchestra/RFTN20_CE,https://api.vitaldb.net/cb791ee3bfe1646dcfbc56e1f4ac7b7460bfc8b8
cb92c06b1ec7ea6055ac434157d5068da7f82857.csv,327082,cbda76c05463e072f15daad9d802e9ded0b22187f1a2fe060dd4220fae4fb80a,numeric,3641.0,Orchestra/RFTN20_CE,https://api.vitaldb.net/cb92c06b1ec7ea6055ac434157d5068da7f82857
cba59fe4d763e820cf0f215711d75c4e982c911f.csv,1408793,9ec50e746b9083b8306bfe8b5a8756e3c8e22795b1f97b481305bc1f098e6c9c,numeric,1918.0,Orchestra/RFTN20_CE,https://api.vitaldb.net/cba59fe4d763e820cf0f215711d75c4e982c911f
cbc35b88284cc8ace037bfe90c3208fdc75c2cfa.csv,314517,8ef515f62ec43097418a7a2ad7ecac0d193419407f563079083a874ff33ea544,numeric,3829.0,Orchestra/RFTN20_RATE,https://api.vitaldb.net/cbc35b88284cc8ace037bfe90c3208fdc75c2cfa
cbdcf45c2d905ba72e5d530f84144aab43c823c6.csv,180017,f5029df3dacbef5949fdfade95eaa37c755ebafc9a0ec29806c3c8e61cbd9c05,numeric,986.0,BIS/BIS,https://api.vitaldb.net/cbdcf45c2d905ba72e5d530f84144aab43c823c6
cbe5bfb68010c8b47cfc851ffdb9cc03d4448fbf.csv,317636,3503ab1eec1ed48f614afec1d07b019494d48371be71add06864b91e0cfd5349,numeric,4330.0,Orchestra/PPF20_RATE,https://api.vitaldb.net/cbe5bfb68010c8b47cfc851ffdb9cc03d4448fbf
cbf0897b62bc9665d28976fb030d2e77315b5e06.csv,34516,6cb4965e3d2147a80c13b29619c068b67349ec6c1bcc939df998c4d387de8274,numeric,350.0,Solar8000/NIBP_MBP,https://api.vitaldb.net/cbf0897b62bc9665d28976fb030d2e77315b5e06
cc08b375cc3f99927476d4bf8b20d1e424cbea04.csv,328515,9bba99f039a6f13f29518bd59d3df0c50329b5c43d9d581819a06fd359c53916,numeric,6330.0,Orchestra/PPF20_RATE,https://api.vitaldb.net/cc08b375cc3f99927476d4bf8b20d1e424cbea04
cc1bf5d745c998d536f4dee7443b854cb62a5b43.csv,120055,32b4d9bc13a208229b9df94df73d5ec22a452ba3b6795b8bc351f92662b7e986,numeric,1813.0,Orchestra/RFTN20_CE,https://api.vitaldb.net/cc1bf5d745c998d536f4dee7443b854cb62a5b43
cc2d40d6e2f0308220bf5baf29f5aef75137c385.csv,572731,55310bdf599cae5597d6b0dd51317d2fdfc76a1c85686c1ffd0bffb6d04c86f9,numeric,1082.0,Orchestra/RFTN20_RATE,https://api.vitaldb.net/cc2d40d6e2f0308220bf5baf29f5aef75137c385
cc445d884805a3ea73ac9fc5471a9aaefe7fcfeb.csv,678899,440fca31e326b765cfc0b78848c0f8c792ccec0afa866893c0bd29e04c696904,numeric,2044.0,Orchestra/PPF20_RATE,https://api.vitaldb.net/cc445d884805a3ea73ac9fc5471a9aaefe7fcfeb
cc514b726593af259078b802f6ae5958aaa8ac62.csv,708723,1334cfe7a82306d0dffd199f59c61d0469b1036b82ebe6d5e0134c186eb771f1,numeric,2671.0,Orchestra/RFTN20_RATE,https://api.vitaldb.net/cc514b726593af259078b802f6ae5958aaa8ac62
cc6db89af0c68c26cae4057093ec1dd447a7590c.csv,36781,824e255ec0cc2ff97a11de032c40a3933c5c1d127b690dba7cd7e2cd50ba53ef,numeric,4567.0,Solar8000/HR,https://api.vitaldb.net/cc6db89af0c68c26cae4057093ec1dd447a7590c
cc7be247be7a576f42d2008edbc02a97a9fae094.csv,458958,12ab584de9b5ed48325b1699cada4467fc2fdae3c6bb08c4977f95ab2255b07b,numeric,2283.0,Orchestra/RFTN20_CE,https://api.vitaldb.net/cc7be247be7a576f42d2008edbc02a97a9fae094
cc84ba7731fcd6f7dd486a17b0d15291b30f8840.csv,81569,dca43a6a59fc820dcd058555576ffca17b4167ecacd715f5f0aeec0a42763909,numeric,2837.0,Solar8000/ART_MBP,https://api.vitaldb.net/cc84ba7731fcd6f7dd486a17b0d15291b30f8840
cc8f3b40cbba8a7b5b4d483cc9d9781cdb39b7b4.csv,1050287,e2875aaf0f782a0dc08e362a99d33d9712e6774bb70a84ce657046cf9281094a,numeric,1026.0,Orchestra/RFTN20_CE,https://api.vitaldb.net/cc8f3b40cbba8a7b5b4d483cc9d9781cdb39b7b4
cca9e0f8a3f7ebc3d72bbda3900f33d51ef9561f.csv,1007113,c853aa64011e079518769419323815d4a43551cd8e4ee120cbab825b095d76a6,numeric,2238.0,Orchestra/PPF20_RATE,https://api.vitaldb.net/cca9e0f8a3f7ebc3d72bbda3900f33d51ef9561f
ccbf1368727539db8329009db7babeb623e15b57.csv,314536,db9e2b5081f2a90add52c72b1b88df007e7c6df6c9f700bd9ad2b317e2e5293e,numeric,1659.0,Orchestra/PPF20_RATE,https://api.vitaldb.net/ccbf1368727539db8329009db7babeb623e15b57
cccb3d176d0807e971aa7b5ff843ec9ee40275d8.csv,505525,69767898f8855762871e6503b80874f5351bd9a00478de7450b1b999f715f58a,numeric,4261.0,Orchestra/PPF20_CE,https://api.vitaldb.net/cccb3d176d0807e971aa7b5ff843ec9ee40275d8
ccee434c9e26a1be460b05bcdb1cc9ebe5e56737.csv,67377,6e6796a1322caf1ee6861675bf7691fa6cf05fc9418a236c06bc05065e3bd0ef,numeric,3972.0,Solar8000/ART_MBP,https://api.vitaldb.net/ccee434c9e26a1be460b05bcdb1cc9ebe5e56737
ccf33a794f8298f39861e3070b98d709a7f11617.csv,109379,4ab6855800a80c9a4042db545a547f08fe87c636dd0bb199d042520befaaecb3,numeric,1025.0,Solar8000/HR,https://api.vitaldb.net/ccf33a794f8298f39861e3070b98d709a7f11617
cd213bc41d899dc0c45353737b3cbc30848fbb88.csv,291756,636c34f0e5dafee34075d87e65ccc956ff1c9ad8ea069cd7df617e1ca2ef7726,numeric,6105.0,Orchestra/RFTN20_RATE,https://api.vitaldb.net/cd213bc41d899dc0c45353737b3cbc30848fbb88
cd5b5cfbe5538a9abcaad1ac5b58d2f5b8dfaa8b.csv,55154,485548a867d4b771f4b3cf449c077c99f7644f71a5306997f6125b6927ae511b,numeric,5867.0,Solar8000/HR,https://api.vitaldb.net/cd5b5cfbe5538a9abcaad1ac5b58d2f5b8dfaa8b
cd74acdc43fdd0599133cb2a2f542987c167d6fd.csv,89466,3e963d5e187c10226776c91f82177a6fffd827bc81d7a3a4e41a6846b8b42cbd,numeric,5164.0,Solar8000/ART_MBP,https://api.vitaldb.net/cd74acdc43fdd0599133cb2a2f542987c167d6fd
cd7ab23ac30e251b719f1d8758e625ff2c1f136a.csv,464827,fc0542e032c41435a832d3cc704f0a536bda0fb822030a3df6dfd34ca681e36c,numeric,1044.0,Orchestra/PPF20_RATE,https://api.vitaldb.net/cd7ab23ac30e251b719f1d8758e625ff2c1f136a
cd816c184b45ed1a4cb77445f7b041469d864dfc.csv,238661,b24e8abbf332058cfca9a5020f7e7e8708dd487d5f6c7d27d8603f53f182663f,numeric,4651.0,BIS/BIS,https://api.vitaldb.net/cd816c184b45ed1a4cb77445f7b041469d864dfc
cd824e32e728561d2300871f20ec578e451c9186.csv,572365,91b428bf660d77ff32b93dd2f405369590a98aa1563fef8c224cc88e9ae07ff4,numeric,4897.0,Orchestra/RFTN20_CE,https://api.vitaldb.net/cd824e32e728561d2300871f20ec578e451c9186
cd8274c4fd2f3316d42a27cab22c120bf49fdc7d.csv,119201,42dd850a819e8f653c5a03c9520b198a2749d4c478ac7a481e2894fed3004693,numeric,3935.0,Orchestra/RFTN20_RATE,https://api.vitaldb.net/cd8274c4fd2f3316d42a27cab22c120bf49fdc7d
cd894d80bdc9d00bd1495f960ae3c8bc27cc5b8e.csv,117269,2466abf895f541ceee81a6e70d734650c17d1547199e7a652586737529a7b001,numeric,4995.0,Solar8000/ART_MBP,https://api.vitaldb.net/cd894d80bdc9d00bd1495f960ae3c8bc27cc5b8e
cd8a28f082b463ce9f064749567fbbc49245af53.csv,609782,bb771604d92464d393e32d99652e28923fba5aab92823923b563e44af6092216,numeric,3857.0,Orchestra/RFTN20_CE,https://api.vitaldb.net/cd8a28f082b463ce9f064749567fbbc49245af53
cd99ecfedcb428189c6bc8d50cddbf31c0a878ae.csv,712405,94d7d1d54795f0ada809988f547d3eabf24c1d20e3507b06ffb472391a3fe1a0,numeric,4179.0,Orchestra/PPF20_RATE,https://api.vitaldb.net/cd99ecfedcb428189c6bc8d50cddbf31c0a878ae
cdb52ab8f553cfe549c33ef9f8792e5419a036a9.csv,501492,4c4087f14f8ed6e6742ab025d3f30b57dcad561a61d991a8cd7bac4b7343535c,numeric,1102.0,Orchestra/PPF20_CE,https://api.vitaldb.net/cdb52ab8f553cfe549c33ef9f8792e5419a036a9
cdd95eab0f8600d71cb0452e465caa04e8d7dfc2.csv,788256,9db32706bb36119a1388f3a9487592385505ae279e0ef842da4e4881588da24a,numeric,5344.0,Orchestra/RFTN20_RATE,https://api.vitaldb.net/cdd95eab0f8600d71cb0452e465caa04e8d7dfc2
cdfa6e9a7c0e0d3329059c1355b1c3ea605c1763.csv,295225,ceef2a5c193117696a0a17a7ceb0d425bdc475f98e6dd9bd84fa69931007186b,numeric,6107.0,Orchestra/RFTN20_RATE,https://api.vitaldb.net/cdfa6e9a7c0e0d3329059c1355b1c3ea605c1763
ce1102cea1c22df1444eb741d170da9b1854af85.csv,420688,8a4848f5cda984fc173210ab7872d6a9a5c55ef8470f8c615bb70dba1b64d088,numeric,1002.0,Orchestra/PPF20_CE,https://api.vitaldb.net/ce1102cea1c22df1444eb741d170da9b1854af85
ce31c2c8b1702e5f095bcd585f287e400d325186.csv,27095,7c6090dbfa330a8baaee5c7677e4f54a849de6752d86283ffe17fefe5a4ffed1,numeric,481.0,BIS/BIS,https://api.vitaldb.net/ce31c2c8b1702e5f095bcd585f287e400d325186
ce37f77b7f4ec89878bf4d45db0aaa6a4f7e0d70.csv,661942,637d33914e13a95d32e70b394aa4bf232f2f3f9dde064ead5de58a14f6f27116,numeric,149.0,Orchestra/RFTN20_CE,https://api.vitaldb.net/ce37f77b7f4ec89878bf4d45db0aaa6a4f7e0d70
ce4a9af6bad8ec003d8c8dc1edc843692267e0cf.csv,134151,82cb74b65ca8f8b5e64312a9435e276eba4b45e950af0838ec7e39f7db96d616,numeric,2356.0,Solar8000/HR,https://api.vitaldb.net/ce4a9af6bad8ec003d8c8dc1edc843692267e0cf
ce4bdf25791a3bafa3b3aa9d384ea4564abf55f0.csv,36768,436463da70923e88be54eb940c6294498e35161ccc0471950b9d746995b4e28b,numeric,3037.0,Solar8000/NIBP_MBP,https://api.vitaldb.net/ce4bdf25791a3bafa3b3aa9d384ea4564abf55f0
ce4da38c52b7bdfeae24c42b1aa2b8458f06bc14.csv,566861,83a15c234e5a43c1797ac17bbe7b768f546965d7e0b18f72ec196a2448cc23b2,numeric,5463.0,Orchestra/PPF20_CE,https://api.vitaldb.net/ce4da38c52b7bdfeae24c42b1aa2b8458f06bc14
ce52ec1f89715a6ebb07adc1f020d128be315b99.csv,533552,9395cda4d99aca18723a0d638fa45fa53bad15db92d99709f1315b25d1a95dc5,numeric,3023.0,Orchestra/PPF20_RATE,https://api.vitaldb.net/ce52ec1f89715a6ebb07adc1f020d128be315b99
ce5e5fdf4251b78ee3cf9760509bd529ebc450b0.csv,110754,b99e8161053c0bb894b81f08790b9d50229f50cebf1a58b00352462e98f3d231,numeric,5388.0,Solar8000/ART_MBP,https://api.vitaldb.net/ce5e5fdf4251b78ee3cf9760509bd529ebc450b0
ce6c794074cb25bbc757e2f6055466506bc10153.csv,106473,6174a9dc6abaa7e8d13b546782f05964daad5f0428acfbfaba1b0d7b2ece00c5,numeric,3710.0,Solar8000/HR,https://api.vitaldb.net/ce6c794074cb25bbc757e2f6055466506bc10153
ce9534b622e28308c74699dddc13720d3b2de3ad.csv,963679,a02a9f4266912fd61839529747fc6c82c0f6c34a462371c03290ba051b65d191,numeric,4032.0,Orchestra/PPF20_RATE,https://api.vitaldb.net/ce9534b622e28308c74699dddc13720d3b2de3ad
ce99ef22f29f6ec2f80ef4b0c993741393f26205.csv,216867,04e59d1fc60ebb16aa7487ab6ae0849032ebae744ee9b1a27d9adb3da5b7726a,numeric,1024.0,Orchestra/RFTN20_RATE,https://api.vitaldb.net/ce99ef22f29f6ec2f80ef4b0c993741393f26205
cea55e4df1910c100dc7424f758be58822be9e26.csv,700380,ddf54995b788011e457b2e7edded2aa1099301dfe5baaf50ab8db72358301c32,numeric,2044.0,Orchestra/RFTN20_CE,https://api.vitaldb.net/cea55e4df1910c100dc7424f758be58822be9e26
ceb93041dc48a85e3083e180057692920d236e27.csv,218515,d70cd70d1af7bb266996b6c626741932d307a29296e49bd66e79651c3aea721b,numeric,5669.0,BIS/BIS,https://api.vitaldb.net/ceb93041dc48a85e3083e180057692920d236e27
cecf1dd97496e73e76ef3dc2ede4b0215143e57e.csv,20620,ad158f5006a5ce0977a1cd50382fe4a462f18075637cad7ef056d76352fb8a5f,numeric,3990.0,Solar8000/NIBP_MBP,https://api.vitaldb.net/cecf1dd97496e73e76ef3dc2ede4b0215143e57e
ced4d3ff9cca09530d8765d0347f05273bab6787.csv,175548,1bb87164449594dc373b3b2caf457e59d2fa4ccb0069b368a85174eb411257dd,numeric,1809.0,BIS/BIS,https://api.vitaldb.net/ced4d3ff9cca09530d8765d0347f05273bab6787
cedf69a2323619d14f4daba7d7c78d84deaad926.csv,227904,199405e89541ae11b028b6453e77312a895f72982b455de55a19a3beb45186ff,numeric,3610.0,BIS/BIS,https://api.vitaldb.net/cedf69a2323619d14f4daba7d7c78d84deaad926
cefb88b7f7749f798eef9e08b6762df511dba813.csv,353799,d2c7c1b1586580c9b311f1a3ac994ecefb2c61e88457d87dd783faf95a737867,numeric,2779.0,Orchestra/PPF20_CE,https://api.vitaldb.net/cefb88b7f7749f798eef9e08b6762df511dba813
cf0480383a4fd6e2383c245717b8928f604310c6.csv,544960,1f1e1c5b3f0e5ffa6c4aa7d7401635a0bfbf752d2231bb74002a100521a5403d,numeric,2498.0,Orchestra/PPF20_RATE,https://api.vitaldb.net/cf0480383a4fd6e2383c245717b8928f604310c6
cf1bf7dfa3afe8d34dea8ddc8bf2a96f55cef33f.csv,257565,4881caa278765019b37e00a3eda617fbcd6b79b40f96e4659327307a10d57e97,numeric,789.0,Orchestra/RFTN20_RATE,https://api.vitaldb.net/cf1bf7dfa3afe8d34dea8ddc8bf2a96f55cef33f
cf1c55730a23aadf355f5867a8bfca59cd15e19d.csv,797570,8da6ff9d4e4532c58030b1a404945e594a34dc89b2ec392980f1f71cc8936783,numeric,4805.0,Orchestra/PPF20_CE,https://api.vitaldb.net/cf1c55730a23aadf355f5867a8bfca59cd15e19d
cf2d43797ee9d51e6a9aef847b8ab6190804d97e.csv,563472,aaa5f456ed7d5a3d4b63bf4c6582ddbb68eccdbca97885ab832cef08119871d2,numeric,2498.0,Orchestra/PPF20_CE,https://api.vitaldb.net/cf2d43797ee9d51e6a9aef847b8ab6190804d97e
cf675b0fa6e41bdeb720b7325d6eea6222d271d4.csv,63647,2939dcfa25f8c76c565b9fd86d31f1d8622b7a21312a2e292e990107f4a6bdda,numeric,5616.0,Solar8000/HR,https://api.vitaldb.net/cf675b0fa6e41bdeb720b7325d6eea6222d271d4
cf72032ba1fa12995ed6802cc632d58fe125f970.csv,273301,4ae49efe53041addd00192e1874ed1d0d02c826d0ca479f195e5f990983e95da,numeric,1026.0,BIS/BIS,https://api.vitaldb.net/cf72032ba1fa12995ed6802cc632d58fe125f970
cf893131055f81ea848334a17dda05bc87b0e4cb.csv,172341,0c952a9e59ff644f6352000e783866a5e0311fbcc309a8dc9a661b023de4b4d4,numeric,284.0,BIS/BIS,https://api.vitaldb.net/cf893131055f81ea848334a17dda05bc87b0e4cb
cfc1701a9f3c796e697ed1fbc34a3e529f39f872.csv,389342,2707c15a3778affa38e86e75fda627beacaaa910277dd1b900edfb127247a81e,numeric,2678.0,Orchestra/RFTN20_CE,https://api.vitaldb.net/cfc1701a9f3c796e697ed1fbc34a3e529f39f872
cfcdcc8715314806c94e79c7de993ed5d57be42d.csv,261240,8b25bae09a6aa20ea55ef434aa762c4c568f1886febd269e2e48f191f77ffa67,numeric,1579.0,Orchestra/RFTN20_RATE,https://api.vitaldb.net/cfcdcc8715314806c94e79c7de993ed5d57be42d
cfdf65838fc944c91c72b40c3c5182f5dbd9c226.csv,463662,cbb8d978e01ae60bc977ace3272918c9a76ce94d070e9cb121e97ecb94d54119,numeric,645.0,Orchestra/PPF20_CE,https://api.vitaldb.net/cfdf65838fc944c91c72b40c3c5182f5dbd9c226
cfe402bcfada323ae4d59fbae8402158206a7033.csv,606774,2b4e650af766c402f907960c9020ffc08dac64ddaf0e87b267526ddaf102d0d9,numeric,5077.0,Orchestra/PPF20_RATE,https://api.vitaldb.net/cfe402bcfada323ae4d59fbae8402158206a7033
cfeb268aeb8066428de6b74b79a04a0ee9507330.csv,52023,bbc17e45073b1bc9d02fb8ba8d716822a73c4ef5b195675c1cffda1ec44e8d98,numeric,4020.0,Solar8000/ART_MBP,https://api.vitaldb.net/cfeb268aeb8066428de6b74b79a04a0ee9507330
d0004b1d72b64f8ec128cab975c01114171df6a2.csv,79049,fecc5801b6846b5012b6275d1b24be8f349c74e69095b234ef6dc38572faeb07,numeric,1035.0,Solar8000/ART_MBP,https://api.vitaldb.net/d0004b1d72b64f8ec128cab975c01114171df6a2
d0044af90547d0cb5f34da98695554ab2c44baf2.csv,5949,a76551a2bc6990cfd3c4836b3604e6e305c4deebc582975317c547cc35614595,numeric,579.0,Solar8000/NIBP_MBP,https://api.vitaldb.net/d0044af90547d0cb5f34da98695554ab2c44baf2
d0136aa90269a2f3744bef768d8038ec9b53055a.csv,518225,636a1b435146d4ce4179d1525730048d378c153f2bb224fd37a67256a9d9a5ec,numeric,986.0,Orchestra/PPF20_CE,https://api.vitaldb.net/d0136aa90269a2f3744bef768d8038ec9b53055a
d02af3bce29542d470b7c5d11773e08dd0dba87e.csv,414116,e04e37758b2a3a27d70dee7ad019e4dfa50ae22fe06cee2b82c9de957e10095f,numeric,1814.0,Orchestra/PPF20_CE,https://api.vitaldb.net/d02af3bce29542d470b7c5d11773e08dd0dba87e
d08a74773305cf96e6c5b19000d5fffac8b1037c.csv,61408,e64b10c5423d8c2b74c1646217b60b028d169577a0c4c07ff27258bcf4625fbc,numeric,2675.0,Solar8000/NIBP_MBP,https://api.vitaldb.net/d08a74773305cf96e6c5b19000d5fffac8b1037c
d08cd55ce43321bfd372efe57454225c0c026fa4.csv,836488,406c30f9f6a4201f7996c679c911984f953dc27d07b4a972d4abf886ba7aa886,numeric,3325.0,Orchestra/RFTN20_RATE,https://api.vitaldb.net/d08cd55ce43321bfd372efe57454225c0c026fa4
d08f5b335408ed544cac8eb52a9e453c5324a6e5.csv,84792,d737a7528c28dcdb79e5279e0dbc2292472753d4c890a8eca9c8bcc70c4ed7a7,numeric,6181.0,Solar8000/HR,https://api.vitaldb.net/d08f5b335408ed544cac8eb52a9e453c5324a6e5
d0d2b83220b96b5f7b27ed29edae7b857c3a0044.csv,105181,cc3953972079eb8f9d24591bd15e56b45f0a0cfcd69359870c9c332a6e618da0,numeric,5014.0,Solar8000/HR,https://api.vitaldb.net/d0d2b83220b96b5f7b27ed29edae7b857c3a0044
d1179d58bbd4a47c520748f6660f7a67be87bedd.csv,996759,9fcafcefc01518baf39f466de3335be607cffd33d22a57c1b6424c464812c4a1,numeric,3629.0,Orchestra/PPF20_CE,https://api.vitaldb.net/d1179d58bbd4a47c520748f6660f7a67be87bedd
d12c67c8424f667723a6ab7f1a428e24d37ea3a8.csv,347899,1bc5079ae8777335b623141d8340f595c1efa2ffa9a74b4e530f0140bd323a82,numeric,571.0,Orchestra/PPF20_RATE,https://api.vitaldb.net/d12c67c8424f667723a6ab7f1a428e24d37ea3a8
d12dae161c6baaf7cec9ba44630984a4be2c5dba.csv,252480,a7774e3f1b24c6eb3e40677cb71f6221074ac32628700901bdb56685cc053144,numeric,4000.0,Orchestra/RFTN20_CE,https://api.vitaldb.net/d12dae161c6baaf7cec9ba44630984a4be2c5dba
d12e4233e37cc1c1682d064bd956bd4aec96d10e.csv,223443,480afb917bea8c4a2df241ac3bd2a40ccd1c5e0fa699977565b8eeb931b894d3,numeric,5682.0,BIS/BIS,https://api.vitaldb.net/d12e4233e37cc1c1682d064bd956bd4aec96d10e
d1382a6fc7f428878264f2386b2555269fa63b8e.csv,147860,0ced6d81f89ff394547610acb3da82ca8b1fc715250394eb3d618a8aaef39254,numeric,5434.0,BIS/BIS,https://api.vitaldb.net/d1382a6fc7f428878264f2386b2555269fa63b8e
d17d5711f1f60854784908d5e5542b39ace1724f.csv,343934,35d287eb70b2108c5797e9804a171c5b39132c38e2ad0f0bfa63bd8a61c35849,numeric,4312.0,Orchestra/RFTN20_RATE,https://api.vitaldb.net/d17d5711f1f60854784908d5e5542b39ace1724f
d18b1da6d23e76f7f3421d81ce8ef5cb59877aef.csv,626032,479b5cef3dfd94f6637ee764fca02a61785354b2777719cc3ec04a568f2c270a,numeric,5669.0,Orchestra/RFTN20_CE,https://api.vitaldb.net/d18b1da6d23e76f7f3421d81ce8ef5cb59877aef
d1a49e5d483625d7094c18ce901f672ed0fb0186.csv,340796,2496c6aea9e9ea82d23add5e6b9600d3b99d28df0be3d316dfd93978c258b0be,numeric,4701.0,Orchestra/RFTN20_RATE,https://api.vitaldb.net/d1a49e5d483625d7094c18ce901f672ed0fb0186
d1cb6e52d9f529bd87f5b36948a349324449b436.csv,116611,f94c7d14a345e79e6eb6a4f92548c92d033889324897a93c038178130f6f6b57,numeric,4995.0,Solar8000/HR,https://api.vitaldb.net/d1cb6e52d9f529bd87f5b36948a349324449b436
d1cfd5e620dafbc53014460d8158982930feeb85.csv,483507,175be1b84e793e9c67d74354d00920707aa4b8365e9eee916565056df8fd9ef2,numeric,2944.0,Orchestra/PPF20_CE,https://api.vitaldb.net/d1cfd5e620dafbc53014460d8158982930feeb85
d1f771b0f68396857cca54fda71cc6fb64e64090.csv,126059,01064e757587515b7586d139ceefa5a335a1fbfd290716f1e1be9db6fe7aa9e0,numeric,5032.0,BIS/BIS,https://api.vitaldb.net/d1f771b0f68396857cca54fda71cc6fb64e64090
d1fca6113be5530150eab3adcb965151e8ed86e5.csv,914829,9f0a4809c83f34339e379d19aa3be0bb76f0991c00e6469f470a44362a79861d,numeric,1160.0,Orchestra/PPF20_RATE,https://api.vitaldb.net/d1fca6113be5530150eab3adcb965151e8ed86e5
d2037c87646a02713dfda30df22b259572ac5f47.csv,1324160,97e5bcde6d98f1b4dea27eaff262c4ead10b598962917c5906d0621e7d722530,numeric,5772.0,Orchestra/PPF20_CE,https://api.vitaldb.net/d2037c87646a02713dfda30df22b259572ac5f47
d209707d7ae11d0f64d9bc4a7dacc98e300a2a17.csv,172889,8f919c3705cc6c8d1d974649af2db0727cded675f19c3a4756b618bf4e4f0156,numeric,1889.0,BIS/BIS,https://api.vitaldb.net/d209707d7ae11d0f64d9bc4a7dacc98e300a2a17
d2154edf675df306fd556cb46508779c2d8ff0ca.csv,228513,53b9edb46f0bd2f33aaeae0a7b66ebdff50501a214fb85c5b9acb08ba3d492a3,numeric,4447.0,Orchestra/RFTN20_RATE,https://api.vitaldb.net/d2154edf675df306fd556cb46508779c2d8ff0ca
d218c4926ca3617fc8622bbec437cbe5955044c6.csv,197629,db6fa6fd28c03a200c9c7cc8b772ae4c071a7167fa10c500437a8d73ffc67849,numeric,5439.0,BIS/BIS,https://api.vitaldb.net/d218c4926ca3617fc8622bbec437cbe5955044c6
d230fd8ebe3e14ece0f827e217ced078a251754e.csv,96734,efca8c542b4055a80b3679d6fc80205f933c064278abc5f688ffff1c9687c97d,numeric,2653.0,Solar8000/FEM_MBP,https://api.vitaldb.net/d230fd8ebe3e14ece0f827e217ced078a251754e
d24201266b8c829b16fa6d0fe41b59dcde48c7b3.csv,729538,510fc1bfef7c8a372ed1beb5eddbc80990371950d811d2932ca36ae6a8ce7dc9,numeric,3223.0,Orchestra/PPF20_CE,https://api.vitaldb.net/d24201266b8c829b16fa6d0fe41b59dcde48c7b3
d2518a9c637d51d798196a5aa92d23712da1f4c4.csv,168110,7675513fbe48e3b4610890b6cd213b46ae79069e11330f14fdc5146546d9b874,numeric,3851.0,Orchestra/PPF20_RATE,https://api.vitaldb.net/d2518a9c637d51d798196a5aa92d23712da1f4c4
d2535bca2f5137e0c71737dbda6e41c5200959da.csv,224745,5899f2994518f65230a10c82e5787f74d476dbdb4e87f7f3e3ddae4cc5a619a6,numeric,3223.0,BIS/BIS,https://api.vitaldb.net/d2535bca2f5137e0c71737dbda6e41c5200959da
d253d2af807edd14531ca34ec37258304626cfd9.csv,110331,786e32491d087db8f51e3d1cbe6dba6abf06b517ecce25facdf9d1198fa05078,numeric,1707.0,Solar8000/HR,https://api.vitaldb.net/d253d2af807edd14531ca34ec37258304626cfd9
d253e6f3349d8f1349dbd45958ae03f260508ae5.csv,114035,6bff0aa896ff6dab8bc5022e4b1a484b44dbf1714801ec93cc90a9e3e0e62b4b,numeric,2280.0,Solar8000/ART_MBP,https://api.vitaldb.net/d253e6f3349d8f1349dbd45958ae03f260508ae5
d269f9f28b0e585f1c2df0ae5b12aff2fc9cea40.csv,238306,2fffd2a000c70eea1368b42976473d52278922d8e4ccd09ce44f9f5e01493879,numeric,4000.0,Orchestra/PPF20_RATE,https://api.vitaldb.net/d269f9f28b0e585f1c2df0ae5b12aff2fc9cea40
d28ad0d7345c523ed1c5e6db6f61194b3746cf5c.csv,8893,e28f97e5ae7dd152b55590f63cdd52d9a64f06b44e75624357f80f081b7605ee,numeric,5616.0,Solar8000/NIBP_MBP,https://api.vitaldb.net/d28ad0d7345c523ed1c5e6db6f61194b3746cf5c
d2bcc5c94d774e73d1e968797bbafa231bc07a79.csv,62953,c0c8bad8a5fcff9dac0628e1aca26daf3e3ff87d58461de91a0ce103d2cfec0c,numeric,149.0,Solar8000/HR,https://api.vitaldb.net/d2bcc5c94d774e73d1e968797bbafa231bc07a79
d2d6addffead2a7282dc440fc19b6efafa1b8417.csv,352881,27b3641ff36dd6835965002ea7f87fbdc7870bb1b7163bcad1f3f151664732da,numeric,3095.0,Orchestra/RFTN20_RATE,https://api.vitaldb.net/d2d6addffead2a7282dc440fc19b6efafa1b8417
d2db7a7968f261c172eafb04a0256aaa20dfb6df.csv,335606,355d3e061cbbdd073171012c781847b9cc834a18df1bf539f89d96d138c9e6b2,numeric,5548.0,Orchestra/RFTN20_CE,https://api.vitaldb.net/d2db7a7968f261c172eafb04a0256aaa20dfb6df
d2e08be8a9db33c5f57ae73f0dc62e7876780bb3.csv,269867,93fd4cd12eb0a1c09d069dc6794494a29b3eeb1013d59d6ad4cb3467fecfd646,numeric,3693.0,Orchestra/RFTN20_RATE,https://api.vitaldb.net/d2e08be8a9db33c5f57ae73f0dc62e7876780bb3
d2e77b6cd0c8eb477bfedc25fb2604dbfc8a8000.csv,985473,8f19f7b2da106f218fbc54d4b241018d5cb7f061544c79de077b41fd21411108,numeric,1482.0,Orchestra/RFTN20_RATE,https://api.vitaldb.net/d2e77b6cd0c8eb477bfedc25fb2604dbfc8a8000
d2e93a848322ac0ee3435199daa9d669e366274a.csv,265440,85514c9f120973687798d03dbe0c91c12438bf1a8b0c9a1213fdaffc1fc875fa,numeric,3693.0,Orchestra/PPF20_CE,https://api.vitaldb.net/d2e93a848322ac0ee3435199daa9d669e366274a
d2f207e42110c320ae86f58e35d0d031b51e0c77.csv,90739,49d1affa46ee41094492910b704cab9a17b266965f239f3956d7da7a88fea1ed,numeric,5344.0,Solar8000/ART_MBP,https://api.vitaldb.net/d2f207e42110c320ae86f58e35d0d031b51e0c77
d3001ed7b33d1f937f50545eefd3a84a81ec9879.csv,258729,5eae6a700ae1b91ddabff79074416628883e6aa8d5197bb130a60eea508f76d5,numeric,2189.0,Orchestra/RFTN20_RATE,https://api.vitaldb.net/d3001ed7b33d1f937f50545eefd3a84a81ec9879
d3022ec283e40d9ce604b0664e038ac8a682103e.csv,544253,4092dc010503e701ae4cf034b9add7dedd70cbf801bf31277684fbba21f1280d,numeric,3498.0,Orchestra/RFTN20_CE,https://api.vitaldb.net/d3022ec283e40d9ce604b0664e038ac8a682103e
d3028c7850968b91325af882183a7561e494baf6.csv,112285,ae310d4185b20b387303bb25d732da375e8b5913ce885d879a63aa4fbd15f3cf,numeric,5345.0,BIS/BIS,https://api.vitaldb.net/d3028c7850968b91325af882183a7561e494baf6
d306fa833d30eb3f83abfd091c0f1a1a6cbc8c43.csv,204263,1c8714bb1a42c0f2edc357cc6737ca1ea355bc0766db96cad6acb76a61ebcde6,numeric,4275.0,BIS/BIS,https://api.vitaldb.net/d306fa833d30eb3f83abfd091c0f1a1a6cbc8c43
d31daca0f37089dcab062be97101f6546cd0eab9.csv,62524,6dcbfaae7647b1822b9f042b426f5161aa9585edd4065cf64c7231d3e8903f3f,numeric,3517.0,Solar8000/HR,https://api.vitaldb.net/d31daca0f37089dcab062be97101f6546cd0eab9
d32530fdff6e1b51a23380a588c9bbdbad1e8d7e.csv,68353,a0d2b455c96e8d43ac6f247e0a4077e9b25e2b61c6bed03fba3011d95907172b,numeric,4287.0,Solar8000/ART_MBP,https://api.vitaldb.net/d32530fdff6e1b51a23380a588c9bbdbad1e8d7e
d329fd16951ce3799024654d5372f0cfb672b41a.csv,253406,a5ab5c0be6288b2de8c1b7a428c00b3aff3f6fceb126da3ef47d5447ca151f5a,numeric,811.0,Orchestra/RFTN20_RATE,https://api.vitaldb.net/d329fd16951ce3799024654d5372f0cfb672b41a
d35e1077dbb00e62f025bec2ec57fa72c762c286.csv,147673,8790693ac0ab21239f3ab46e372a18ad7ac07e29dd96933e61d4c7436aa995a1,numeric,5407.0,BIS/BIS,https://api.vitaldb.net/d35e1077dbb00e62f025bec2ec57fa72c762c286
d36460beef308a0422c6af7e12950165702b1bc9.csv,68794,56d35e24fe967f894eb0a90942fab3c776234d3d62e13ef0c1c3f682dc8b5e98,numeric,6333.0,Solar8000/NIBP_MBP,https://api.vitaldb.net/d36460beef308a0422c6af7e12950165702b1bc9
d366b9d320a25e962d9a873ff042bc99e5a04266.csv,93019,7a38f3a035679322c4c6833851cc033d3bb525ca2659ee0a5e788e8deb04ee21,numeric,591.0,BIS/BIS,https://api.vitaldb.net/d366b9d320a25e962d9a873ff042bc99e5a04266
d383da0c51e2bbfca933857c031ca699f2b2f7d0.csv,48996,a7a0d8b6f61de4f71ef528aefcab55ebf8db8083c7c06bac0ac49e358a276fb5,numeric,1136.0,Solar8000/NIBP_MBP,https://api.vitaldb.net/d383da0c51e2bbfca933857c031ca699f2b2f7d0
d38c2d5ebc1a3c5f36761497d434f61875b2e7b0.csv,327136,7be1c300cb86b18851b457615a59a88bed4df7f9456c899dea32dfcbb663a800,numeric,4630.0,Orchestra/PPF20_RATE,https://api.vitaldb.net/d38c2d5ebc1a3c5f36761497d434f61875b2e7b0
d3be6d7a5a25217a3c31eca0bb3577c6bab63518.csv,46745,0291f14ff7dffeeb98a69ee3d4800043ad9645fe09809ef72be34ab373ef4bae,numeric,1337.0,Solar8000/NIBP_MBP,https://api.vitaldb.net/d3be6d7a5a25217a3c31eca0bb3577c6bab63518
d3c23d5513286662185f3e4ff2b1135eba3028ce.csv,967830,2611b45ab8eddb70616459968bb48a53e36178d17f8364118a49cdf91007528e,numeric,1922.0,Orchestra/RFTN20_RATE,https://api.vitaldb.net/d3c23d5513286662185f3e4ff2b1135eba3028ce
d3f04533d6217de33a2abe5a6adad5d0b907df0b.csv,393132,0ab85c7a96c40bceb61da3ed4cef618d5da5978e668ef308951c1e035a11041d,numeric,1184.0,Orchestra/PPF20_CE,https://api.vitaldb.net/d3f04533d6217de33a2abe5a6adad5d0b907df0b
d3f33610d1254b5f49e21bee257639d948702dde.csv,473960,9a60076abf2e4231a2f7fd700cd0579f1dfa0da567d3af55f4e037805d56ce5a,numeric,2123.0,Orchestra/RFTN20_CE,https://api.vitaldb.net/d3f33610d1254b5f49e21bee257639d948702dde
d4360a7ad4ab7cd2e5a859f984e18acf1397a7d0.csv,28132,1ea59f0570f7d91bea33516d67a7fd6712165bdf6b21040302deec4769de8014,numeric,2653.0,Solar8000/NIBP_MBP,https://api.vitaldb.net/d4360a7ad4ab7cd2e5a859f984e18acf1397a7d0
d43864c0a23529b64128dec94d3830a5a951c642.csv,212510,ecfb180d872fce86a3849ab60f3913a65ee0aeebc99f4be25efaacd540bda221,numeric,3468.0,BIS/BIS,https://api.vitaldb.net/d43864c0a23529b64128dec94d3830a5a951c642
d43bb4cd957e5ad1c36cc9709b565c879cf169f9.csv,506847,efc67bfa8c027fe1b531105b8f713d020f717ff854bdcdc9e55e97fbd820d8c0,numeric,927.0,Orchestra/PPF20_CE,https://api.vitaldb.net/d43bb4cd957e5ad1c36cc9709b565c879cf169f9
d45a6e06943d8468871ce96c24f5f013ef1c7244.csv,411507,e0712ecb2936bf274c567d4cd591f2ec02e6866346ff42a24233cca985c5b7c4,numeric,200.0,Orchestra/RFTN20_RATE,https://api.vitaldb.net/d45a6e06943d8468871ce96c24f5f013ef1c7244
d465dfd9b04aa50aff27876f25867b8c3adc71a2.csv,94328,216e7910310d7cc38c2b5d1d9255ada57475b21db4271ed49bb3a54614e1cb67,numeric,2488.0,BIS/BIS,https://api.vitaldb.net/d465dfd9b04aa50aff27876f25867b8c3adc71a2
d4675f126412a88148a18affde4208cdda0fbd6d.csv,294258,100d6ab0de339833018952dddaf30803fa517f6fc4bb0320576b3253e969cfff,numeric,1136.0,Orchestra/RFTN20_RATE,https://api.vitaldb.net/d4675f126412a88148a18affde4208cdda0fbd6d
d4695f070f13d8694d39b7947c1ee11b82c06802.csv,166653,60d35d09190d27c902ff3e04b8482fecd8f938b3ceb2b45f7301e4eaf9adec8b,numeric,1044.0,BIS/BIS,https://api.vitaldb.net/d4695f070f13d8694d39b7947c1ee11b82c06802
d4789662bfb60c852cf3485b8d8b9e484432384d.csv,485764,8e58b1123293b2d93b103cc3b4294f210dd4826a8065a22f3fc0add3944610ad,numeric,645.0,Orchestra/RFTN20_CE,https://api.vitaldb.net/d4789662bfb60c852cf3485b8d8b9e484432384d
d4ae68930e00a69b587cbb9812d2d169b8551183.csv,518883,706519a8c102010bbc542fdef171686df2fd08b8027f7e7f737fc67403d235bf,numeric,3498.0,Orchestra/RFTN20_RATE,https://api.vitaldb.net/d4ae68930e00a69b587cbb9812d2d169b8551183
d4bb0e72a53362c34ad07c4d93a190f4c7a2d373.csv,202166,b218a1c026918b0e88382f72a2b79c82da005279ffb2b4b10d69686c7974b8ff,numeric,5751.0,BIS/BIS,https://api.vitaldb.net/d4bb0e72a53362c34ad07c4d93a190f4c7a2d373
d4cca1f50a63a538717b7d32ef6f5a4cabe28555.csv,338992,3f11a1622d1ad7e25ee1ccd21e8e1b9f6dbfcef674cca125e0356b001992f245,numeric,301.0,Orchestra/PPF20_RATE,https://api.vitaldb.net/d4cca1f50a63a538717b7d32ef6f5a4cabe28555
d4d1aa3a73c665283a37b8f90e4ab129801e1695.csv,102387,c227f49da8e5219025c47175607a810c71c781195eaf66debf5d79b64d422d21,numeric,613.0,BIS/BIS,https://api.vitaldb.net/d4d1aa3a73c665283a37b8f90e4ab129801e1695
d4d2f89fe9f4d856b2447fb7334df8c0bfe0e4b1.csv,63013,90a152bd50693e84b5c506fde79070a8bf6a5c98fcbff269d6b1ad4e0b2d08eb,numeric,5178.0,Solar8000/ART_MBP,https://api.vitaldb.net/d4d2f89fe9f4d856b2447fb7334df8c0bfe0e4b1
d4efbbca6e513e897e424cdc297815928c49d086.csv,66883,77956b4a5a8cc08bc07f9021b7b11739e1e15ea5ddb846a0af2e57ab9e5666ae,numeric,3175.0,Solar8000/ART_MBP,https://api.vitaldb.net/d4efbbca6e513e897e424cdc297815928c49d086
d4ff8e124183d2c95aaf55ca8a8f623d0b9bd871.csv,265279,c3ddd1e4bdceea0997615b5972db4092821df2a9e6fd209b5f3c4fb994556846,numeric,5983.0,BIS/BIS,https://api.vitaldb.net/d4ff8e124183d2c95aaf55ca8a8f623d0b9bd871
d5017f100fbb1a35b0871b3caa0ade5260b2a9e5.csv,70504,e3f9731690430c25343cc2c36e03e152b4d7235062abb855c2dcec6b5d326cca,numeric,809.0,Solar8000/NIBP_MBP,https://api.vitaldb.net/d5017f100fbb1a35b0871b3caa0ade5260b2a9e5
d522ef177273f6b81e201a73262d1351dfffcd6d.csv,423091,97bcaf834e97a691b55fb07aa39bc8c7adc487e3b7463dbd2c420fc87b39522b,numeric,3221.0,Orchestra/RFTN20_RATE,https://api.vitaldb.net/d522ef177273f6b81e201a73262d1351dfffcd6d
d53cdb765196f1addae52736c6586e72b84a0ce6.csv,86528,811eac46d211f55d43d379d917bcc2c2e8e9cfb2fa694a7f9b1df45e091a8d1e,numeric,505.0,BIS/BIS,https://api.vitaldb.net/d53cdb765196f1addae52736c6586e72b84a0ce6
d5460e5fdda7eba4fa792eec21ba7a6f178785e9.csv,2295250,6648a3f7ce20b7c38aab6b8b4a901175448748073f17c74e85cf0262d83b224e,numeric,5787.0,Orchestra/RFTN20_CE,https://api.vitaldb.net/d5460e5fdda7eba4fa792eec21ba7a6f178785e9
d550fe6b588c4caa4c4e5ad4d5390476e9f03584.csv,931590,274950980fd8c02dc73d5cd11bb183ce443c69d08461d6f131d5e0fded25880f,numeric,1160.0,Orchestra/PPF20_CE,https://api.vitaldb.net/d550fe6b588c4caa4c4e5ad4d5390476e9f03584
d55139d157f0889835f5a8f1a4292c1cf132a609.csv,278592,7c1270ce93509b153bbb7619eb601ad93f2513b4b2c8a0f2a65ab79acb44c929,numeric,6105.0,Orchestra/PPF20_CE,https://api.vitaldb.net/d55139d157f0889835f5a8f1a4292c1cf132a609
d565ebd88b924da58535ca6883dd9d887a482a51.csv,507738,90ebc6554897d6da04a2ea517e6ea07ea98c7aae669a6b5bcd0eaf9183b806b7,numeric,5798.0,Orchestra/PPF20_CE,https://api.vitaldb.net/d565ebd88b924da58535ca6883dd9d887a482a51
d56aa1d2d21b4c55eb2f5125dc22d7887de1bcb3.csv,1352952,b7ba0e941fb45deb131f4bba2ece18e605cb5c735e0b8448318ee5bd68091a54,numeric,1191.0,Orchestra/PPF20_CE,https://api.vitaldb.net/d56aa1d2d21b4c55eb2f5125dc22d7887de1bcb3
d57ce23b00046682cdc6425c96a8d22ce4be0f3d.csv,107939,a2d1f38f8d96666f4ea92462e60959feb378c5fee71fe21fea1ff92dde3d30ea,numeric,17.0,Solar8000/ART_MBP,https://api.vitaldb.net/d57ce23b00046682cdc6425c96a8d22ce4be0f3d
d5839d4a3b6e0ded411d2bab4927dae30f1de4bb.csv,121376,ebe2a9ca49c6a04315c67fc74b226bbd760ef70465785b3141919e0eb39d1e47,numeric,5014.0,Solar8000/ART_MBP,https://api.vitaldb.net/d5839d4a3b6e0ded411d2bab4927dae30f1de4bb
d58814046418b67b88f6c6dbc872f0efc4e45141.csv,441648,9952638049db08ea91da79ab229b02cbcf90b964d700c8e4805892db9e18bfd8,numeric,1784.0,Orchestra/RFTN20_RATE,https://api.vitaldb.net/d58814046418b67b88f6c6dbc872f0efc4e45141
d589530f7fb1a16670be4f5dc39fa482d0fd5ef8.csv,275326,d093c674d4d1482cfbd612e178e3cbc259507de360226a2b1df4e69b98fe3e03,numeric,2056.0,Orchestra/PPF20_RATE,https://api.vitaldb.net/d589530f7fb1a16670be4f5dc39fa482d0fd5ef8
d58b9198160ebdb5b85c2e9b174a54ec5ead3852.csv,575757,4b48e16064e3ddf6754c33926fdfef0279db67972a89813b94be01d0d754b50e,numeric,5751.0,Orchestra/PPF20_CE,https://api.vitaldb.net/d58b9198160ebdb5b85c2e9b174a54ec5ead3852
d5a28a647a221264063f9421818c0346fa94415f.csv,512975,1e0f00b52704177395b3e5a8ce41d3998cb02c4da6edb2283936b52287de959b,numeric,4122.0,Orchestra/PPF20_RATE,https://api.vitaldb.net/d5a28a647a221264063f9421818c0346fa94415f
d5a2c62e6de2c72cf44662cde4ece1d8a4da9c5e.csv,673648,dc9660e8082e983de80e1df9b94505624fd12c078618390745b381004481ea22,numeric,976.0,Orchestra/RFTN20_CE,https://api.vitaldb.net/d5a2c62e6de2c72cf44662cde4ece1d8a4da9c5e
d610c78e4e62f818346b8d6aa441ed7ad43cede2.csv,44739,458dbd54664886fa81ad29cd55e2cb2762b75a19078ce5a3b8d1345e3a38d239,numeric,6326.0,Solar8000/HR,https://api.vitaldb.net/d610c78e4e62f818346b8d6aa441ed7ad43cede2
d61b62df43033beae13c45b021678ed9024eff07.csv,347376,a1a2a01adefc6d4e2a08266f466c11037edc9064859c2eaabb42e3a4c220ece8,numeric,1255.0,Orchestra/PPF20_RATE,https://api.vitaldb.net/d61b62df43033beae13c45b021678ed9024eff07
d6240c1609cf70c552d627e6c3eefdade247a430.csv,114670,c701c6ccba32b2cba89dd9a254147736ac064d3c4342ce023165fc0531facede,numeric,2997.0,BIS/BIS,https://api.vitaldb.net/d6240c1609cf70c552d627e6c3eefdade247a430
d63fbed14c1a536eb3e85165c7ae1a05df85b48f.csv,373303,2ddfb22713807ed5f94722aa551721be2f8a5dcf49d8b672eb82afd631c2c7aa,numeric,3373.0,BIS/BIS,https://api.vitaldb.net/d63fbed14c1a536eb3e85165c7ae1a05df85b48f
d649fef8631af03bd6e07f67a0cc3c19b38b228b.csv,74547,e3a06a70608c20682e3bed81f37b39c25a1bf3323070b3d50a8c76caeeaa28c2,numeric,2281.0,Solar8000/ART_MBP,https://api.vitaldb.net/d649fef8631af03bd6e07f67a0cc3c19b38b228b
d64c06d719207c06b1885f52e31fcee0ae5ed049.csv,142414,68796ae464161dc275866e5c3696cb7176e963792b7cbe9965bf1b2eb350b468,numeric,1786.0,Orchestra/PPF20_CE,https://api.vitaldb.net/d64c06d719207c06b1885f52e31fcee0ae5ed049
d659b97256dfde4c106382228d5ed32fc9316e87.csv,67040,5cce6a7a8c5604004475bbb1e1a5c93404e4ec96ca84c294565a433a024ebb13,numeric,452.0,Solar8000/HR,https://api.vitaldb.net/d659b97256dfde4c106382228d5ed32fc9316e87
d66545195e1bf92b3358a711830e7df58ae38b4b.csv,515574,5d8bda489eb2ad878f1116fe075e4d097482103c8d7588ad211190ea60d46e69,numeric,4198.0,Orchestra/PPF20_RATE,https://api.vitaldb.net/d66545195e1bf92b3358a711830e7df58ae38b4b
d681bde9a16154f21a32ad1572463597a6cfc16d.csv,258099,9eccd7c05e8b7d66c22776b83ae99f08a11b3194dcf4fbf9e96eaadb567b3791,numeric,789.0,Orchestra/PPF20_RATE,https://api.vitaldb.net/d681bde9a16154f21a32ad1572463597a6cfc16d
d682c4bfea2e71b88961770303139880331c1226.csv,39290,767e862b1804d9b7c084848a88a37ab4acb332bfbd2529391235f3fdfefa466f,numeric,2779.0,Solar8000/ART_MBP,https://api.vitaldb.net/d682c4bfea2e71b88961770303139880331c1226
d6845cb885de034ce51b1267ba78ea703b088616.csv,55675,aa59f223536325845333cc9168403a85dc4c3febdbd4bdcd6580c3156a88fd79,numeric,2944.0,Solar8000/HR,https://api.vitaldb.net/d6845cb885de034ce51b1267ba78ea703b088616
d6a9a42cbd589fe354228395ed914d2febe958e1.csv,121612,2939109686678006ad584cdb61fe92e26f966ae3ba001197b76e13a0be65b78f,numeric,5749.0,Solar8000/HR,https://api.vitaldb.net/d6a9a42cbd589fe354228395ed914d2febe958e1
d6c76a5dfd84f38ce77a9d48aa7b5efd9a2b6d83.csv,218436,71309cd59852537b02f4a56ac11905952b5dd60181562b52a4a25d7e138cb124,numeric,6333.0,Orchestra/RFTN20_CE,https://api.vitaldb.net/d6c76a5dfd84f38ce77a9d48aa7b5efd9a2b6d83
d6d34e2008f38912bf38ae918447bcdeb28620f7.csv,300065,5a3a2fc3e755ae3b15aa42da4d9d33859740244b8655e898078e225a6f12a6af,numeric,4717.0,Orchestra/PPF20_CE,https://api.vitaldb.net/d6d34e2008f38912bf38ae918447bcdeb28620f7
d6f1726618f696284cd1bff01642cf6f84577830.csv,388140,f55c8e98f52a53600f612e237a8f011423cd6f9921b7dae5afb5155d3bdc35c9,numeric,1221.0,Orchestra/PPF20_RATE,https://api.vitaldb.net/d6f1726618f696284cd1bff01642cf6f84577830
d6f47e20db2675e37800f318967ea2d17e3e4c35.csv,267544,5e21437a735e9e808e8037275461b0e32af4a0d01cf5712cf33d2fed69c5b296,numeric,3670.0,Orchestra/PPF20_RATE,https://api.vitaldb.net/d6f47e20db2675e37800f318967ea2d17e3e4c35
d7118c8414ca7af6691355cb3dc9eacd00687afe.csv,17501,ea176b8ee590a02f589a55787897c2766e357840df9d38f855eefae7a1ff1155,numeric,1834.0,Solar8000/NIBP_MBP,https://api.vitaldb.net/d7118c8414ca7af6691355cb3dc9eacd00687afe
d71a5044bc75d40ed09c44e668205529d3852f0a.csv,118242,8455a7fcaeefa79f2482395af8caaba484555e0cbea6155677edc3e6c5831c67,numeric,1871.0,BIS/BIS,https://api.vitaldb.net/d71a5044bc75d40ed09c44e668205529d3852f0a
d71b644dc6dbca30bacfb93c9e43b07fba1e6030.csv,81014,77601aef4f38794ec8de5db7fb8491131991ea8fc9711e76e24587fab2bf3f36,numeric,4788.0,Solar8000/ART_MBP,https://api.vitaldb.net/d71b644dc6dbca30bacfb93c9e43b07fba1e6030
d7508df403f1c1ff107e8b393ac14fd992d35919.csv,757356,0f9097ab7d66c7ec533a25ae28b3000dc96b2442eedc7dff582021b335f04fe2,numeric,566.0,Orchestra/PPF20_RATE,https://api.vitaldb.net/d7508df403f1c1ff107e8b393ac14fd992d35919
d752e36377fb78e553c766713825d787affc1246.csv,89667,a68f409b0ef511edf104cc47c0c3f5669c8572f0d92fff7fcf7e4fc23cf9c173,numeric,3641.0,BIS/BIS,https://api.vitaldb.net/d752e36377fb78e553c766713825d787affc1246
d76e2355942f2b5f4d5312c6ced53bb625faf133.csv,330467,04c62eeaa55a6ece1e8f5daa25ffc5d3a7655766d5ecb41d044672f6765bb7a7,numeric,4102.0,Orchestra/PPF20_RATE,https://api.vitaldb.net/d76e2355942f2b5f4d5312c6ced53bb625faf133
d791617f49c6ce310fa9cc44f63789701d934602.csv,79851,f7598e243cdf9cbac3a9612db1d7f6939457ca6d4fd6eed771eaba05b5199f11,numeric,2671.0,Solar8000/HR,https://api.vitaldb.net/d791617f49c6ce310fa9cc44f63789701d934602
d7a450c2ba29b5a7e4f0d9cc2e2ba85875e9d346.csv,162210,926afa513ca491b8ed636181a06603b5798907a71e5a16c2da7cd32824a590d8,numeric,5912.0,BIS/BIS,https://api.vitaldb.net/d7a450c2ba29b5a7e4f0d9cc2e2ba85875e9d346
d7a5750e02f91a2623482b234c01ae28afdc8d40.csv,260454,6a14b1d3141a943706331df4e0ac6508709b9f77cadbf8a42596b36914578896,numeric,122.0,Orchestra/RFTN20_RATE,https://api.vitaldb.net/d7a5750e02f91a2623482b234c01ae28afdc8d40
d7c2743174c5c60d80d4fd2404406b56d7ec0049.csv,231798,f3c14ee0cbf09eae14f96d00d2cf1af29931902bf48f5f4f2d0606ee6cac2954,numeric,350.0,Orchestra/PPF20_RATE,https://api.vitaldb.net/d7c2743174c5c60d80d4fd2404406b56d7ec0049
d7c856a3553be9ab120d15dd0cf9fc09dc9499a4.csv,511935,cd79ab37e1ef346245c98a48c88b13896de0da963a8d816b664992fde41f149b,numeric,4913.0,Orchestra/RFTN20_CE,https://api.vitaldb.net/d7c856a3553be9ab120d15dd0cf9fc09dc9499a4
d7dfec3a8c67ab9032caa9d761773edb5ef1714f.csv,404303,02f0fff744d70b36ed9d775c775210fa7438b7a9d935de676a58727b805a61cb,numeric,295.0,Orchestra/RFTN20_RATE,https://api.vitaldb.net/d7dfec3a8c67ab9032caa9d761773edb5ef1714f
d7ea5b32dbb694c0b3b2714ddff23c9c2e68bfdd.csv,598510,aeba1228e1376e64420f71fd8612923776c0366eb20a58439fd3f5a3ac9112c4,numeric,998.0,Orchestra/PPF20_VOL,https://api.vitaldb.net/d7ea5b32dbb694c0b3b2714ddff23c9c2e68bfdd
d7f0d809843bca974736dd4cffd0d473ced3efbb.csv,122677,2fa621785d6f961a14a98080dcac0906f4b7c8825d2c3a67560b6d52e6819798,numeric,3537.0,Solar8000/ART_MBP,https://api.vitaldb.net/d7f0d809843bca974736dd4cffd0d473ced3efbb
d81bea0268fcb541c2c7c8c95b13097a2ff7b79a.csv,183066,b709e57bab03cd9a22432109919ef976cda69c627b97dc3599767ac0c8d81b74,numeric,1725.0,Orchestra/PPF20_CE,https://api.vitaldb.net/d81bea0268fcb541c2c7c8c95b13097a2ff7b79a
d81ed66af5a7095c985d1bf08a4c8bc6486aaae6.csv,106345,1334b011ca1cbe0aae961e1dedf8e35356a4a10877454c8e8a497d8c24fcabf5,numeric,4948.0,BIS/BIS,https://api.vitaldb.net/d81ed66af5a7095c985d1bf08a4c8bc6486aaae6
d8317dc19674686b7f7e44e353302c5537d175bd.csv,278276,087f795826e1bc325919d20293cc6fa981c42cc58afbd153341cf0c3e7b6b025,numeric,2349.0,BIS/BIS,https://api.vitaldb.net/d8317dc19674686b7f7e44e353302c5537d175bd
d86cbb4e43b1e0a5d450a982b42632509ff24aa6.csv,1325123,007ea85689cc28ddde9b569c013ab4ed5948176c8c15ea92d443405eec563483,numeric,3631.0,Orchestra/RFTN20_CE,https://api.vitaldb.net/d86cbb4e43b1e0a5d450a982b42632509ff24aa6
d87a31691e38f4f7bd2aa8c1bf861d98c0cfa562.csv,36844,fbe7d254a86020b86ad0346462004e23b9a416fd595741342de337911cc5fe1c,numeric,4042.0,Solar8000/NIBP_MBP,https://api.vitaldb.net/d87a31691e38f4f7bd2aa8c1bf861d98c0cfa562
d87fa0498af919cc2d3c038fc8b8c1ba10e5cc7c.csv,273194,69867e11b295625ae77238b43ca96ef86eb63dee2766e550f69849df8d318d80,numeric,3829.0,Orchestra/PPF20_CE,https://api.vitaldb.net/d87fa0498af919cc2d3c038fc8b8c1ba10e5cc7c
d88753668386b128cad32633162259acce9a65d1.csv,358707,27d2191393def443b687cf277d065c377f7ca0ba2c11088bc885913e41177ccd,numeric,3095.0,Orchestra/PPF20_CE,https://api.vitaldb.net/d88753668386b128cad32633162259acce9a65d1
d88b21ce448757dde21660278519856a24ad8fd7.csv,113095,a669c5a2455a0e7a1baadd4c80b8057e1ee0c4555359f68317eb8fdefd3d02e3,numeric,3220.0,Solar8000/HR,https://api.vitaldb.net/d88b21ce448757dde21660278519856a24ad8fd7
d89260c530e27289eaece8f99195a62781633f8d.csv,296210,38e9d746f16ea0c71b57e27f39f1ac08d77ecc81fe46422bd1401688d866e7ff,numeric,3610.0,Orchestra/PPF20_CE,https://api.vitaldb.net/d89260c530e27289eaece8f99195a62781633f8d
d89501ee16a6be8a2c2fe6db111edebfdc815619.csv,874472,67645d00f4e0665839482bfd9629e11b2795f44b7182c703ef95772e939ff41b,numeric,3074.0,Orchestra/PPF20_CE,https://api.vitaldb.net/d89501ee16a6be8a2c2fe6db111edebfdc815619
d89e43780d6bf8233014026d0f394ed3cb7e8165.csv,105076,2bb8bfdaf7bec5cc3e1d9a034aed2db4336610d1b08dcd3f746807349068c426,numeric,4701.0,BIS/BIS,https://api.vitaldb.net/d89e43780d6bf8233014026d0f394ed3cb7e8165
d8ada944385d6bee47cf181f802b86e5a7683229.csv,155724,af51292252c7e34ec76bba54f2f6dbf252eb35c0acb0c9394e1acaa51ed5aa57,numeric,5772.0,Solar8000/HR,https://api.vitaldb.net/d8ada944385d6bee47cf181f802b86e5a7683229
d8c817d2e6a0cb66ede9eaf74eeda6135f6283b0.csv,22407,e7751389fa887c1f26328c0a26ae7ef809a97cd040a920f666204164fdd7b696,numeric,3407.0,Solar8000/NIBP_MBP,https://api.vitaldb.net/d8c817d2e6a0cb66ede9eaf74eeda6135f6283b0
d8ec1d6d7f8775a63809a906daed8e832ef2f920.csv,309754,2cb9d6d68d0976a253ccca6b4cdcb3feca5c19ee8e807be2f88985532ba8116f,numeric,3170.0,Orchestra/PPF20_VOL,https://api.vitaldb.net/d8ec1d6d7f8775a63809a906daed8e832ef2f920
d8ecc57778f68a1f7ca6b592f39586e49cff9388.csv,164186,07e4a1efe1e55f0ff5237b2a6946155aa64cbc4c57f31c10135fd6c4f3a94681,numeric,2642.0,BIS/BIS,https://api.vitaldb.net/d8ecc57778f68a1f7ca6b592f39586e49cff9388
d8f67e323c34c10bb958ea29b205ea3da5ec1cac.csv,383635,da96aecb7a3ce90b6880947031163ab146bc8448167e3cd14c32c8234fcdcef9,numeric,4181.0,Orchestra/RFTN20_RATE,https://api.vitaldb.net/d8f67e323c34c10bb958ea29b205ea3da5ec1cac
d8f83f87ca5b5c1a57287ed49aa21925555eb65d.csv,27047,3ee854ed7cdbc80a61acb45b8e1c5a9dd0fbc28f30faf4bd9af0cb1451fd0c27,numeric,2044.0,Solar8000/NIBP_MBP,https://api.vitaldb.net/d8f83f87ca5b5c1a57287ed49aa21925555eb65d
d8fce935a3a613222fdfb437b085d84cdd8e3fb0.csv,469549,78d1c2351fd20bde2ac6ea44bcf566df3ef4e3ea7236d6d0224533ee50b9e889,numeric,2931.0,Orchestra/RFTN20_RATE,https://api.vitaldb.net/d8fce935a3a613222fdfb437b085d84cdd8e3fb0
d921b6f971a7928e7f7fed1b46e3e8e5c2dd2947.csv,137955,ebff2b02f7169e295e54f4aacca0206dcf82b4ed4b4a83fc6102858dbd84394c,numeric,3846.0,Solar8000/ART_MBP,https://api.vitaldb.net/d921b6f971a7928e7f7fed1b46e3e8e5c2dd2947
d948f91a31888343ff9d4eafc3d814a3f9fe6424.csv,725992,358325a262f7847b3c399d7d9729ccc8dc5957cfffd5ac43475fcd4cb5adf5b0,numeric,4677.0,Orchestra/PPF20_RATE,https://api.vitaldb.net/d948f91a31888343ff9d4eafc3d814a3f9fe6424
d94ad1e7af49dec80b7240adcbc0c89f250b7d7a.csv,35316,c526c85b2f233c63dc4a753b907b4dd88b89fdafd8aff145b7a579e0b58e5e1f,numeric,4020.0,Solar8000/HR,https://api.vitaldb.net/d94ad1e7af49dec80b7240adcbc0c89f250b7d7a
d95d5fb363eaab3d4dd7bbab2085ed496a0f8954.csv,261445,51d2bc37d48e24c123cb86cf9dfea1ace675e38047ed0c65b1c0927f5329d89e,numeric,122.0,Orchestra/RFTN20_CE,https://api.vitaldb.net/d95d5fb363eaab3d4dd7bbab2085ed496a0f8954
d986ce306f9cf5bd8816fa097de8893f29926c0a.csv,854314,5657288b1ff68f37b185582aee33bdee2b6b184b2afa7bd4439e69a48ade7d3e,numeric,218.0,Orchestra/RFTN20_RATE,https://api.vitaldb.net/d986ce306f9cf5bd8816fa097de8893f29926c0a
d9ae5f89187c5cc8e158d993d19372238222dac3.csv,125559,9f1188de9926671be427996701740560004386dae8b484f835936ba4fba853b0,numeric,5983.0,Solar8000/ART_MBP,https://api.vitaldb.net/d9ae5f89187c5cc8e158d993d19372238222dac3
d9b3ab482c00715f9d77c3273dbdca8f6de2883b.csv,117986,37aa91259494ef61943e3adbfde51d314589383b9b5517f6ec68f5fb877457d9,numeric,4966.0,Solar8000/ART_MBP,https://api.vitaldb.net/d9b3ab482c00715f9d77c3273dbdca8f6de2883b
d9b6e342e43a4f776abfe8ea6830dc4e861ffb76.csv,1145837,2e549d20baa4875f4bc5e01978f72116c69a57334546dcfdf2055f55235208b2,numeric,3037.0,Orchestra/PPF20_RATE,https://api.vitaldb.net/d9b6e342e43a4f776abfe8ea6830dc4e861ffb76
d9bb88e659cf3ad016c6866191f31f006483ebe6.csv,466240,27f917a834e23940d22a9db861df24afc0fbfd08ae6cea80c302adcfdcf6937b,numeric,281.0,Orchestra/PPF20_CE,https://api.vitaldb.net/d9bb88e659cf3ad016c6866191f31f006483ebe6
d9caa9aae91d851eee5047d821359d600f69bf68.csv,421804,67e6f69243448049294a22a28340c626e63592d19c18ae4905b5cf07e0eef78b,numeric,5155.0,Orchestra/PPF20_CE,https://api.vitaldb.net/d9caa9aae91d851eee5047d821359d600f69bf68
d9d3054527812e5756c93127ba9f2b55aa764d77.csv,576416,4d1a43e5e4d63daa4fd4036cdcbd7dc3ac89170c33b1487e201f2bbe8c9d1a1c,numeric,1809.0,Orchestra/PPF20_CE,https://api.vitaldb.net/d9d3054527812e5756c93127ba9f2b55aa764d77
d9ee78798915c225a65f3cb3ebf587d5041bcca8.csv,316988,0734c30707b245d93997497ed11fd11c4d3e094a201a839e01f0790cd3027cdf,numeric,6090.0,Orchestra/PPF20_CE,https://api.vitaldb.net/d9ee78798915c225a65f3cb3ebf587d5041bcca8
d9f258cc29fb372a85a7e45bcf115889c3b4b7b0.csv,703003,e18450818fa8a04fe0c0b3dea54ef854f54b512e7f02a0dae8cb525695a3204e,numeric,5114.0,Orchestra/RFTN20_CE,https://api.vitaldb.net/d9f258cc29fb372a85a7e45bcf115889c3b4b7b0
d9fc91337e16db0ad0bf3ffe7f8ca72a6fcc4226.csv,218220,f3233f38cff513382593691d24b77364829c7f3375d295da284b02d699cd59db,numeric,566.0,BIS/BIS,https://api.vitaldb.net/d9fc91337e16db0ad0bf3ffe7f8ca72a6fcc4226
da01d0a033b2ac46ade828a48551ada4ce6d0e8a.csv,39663,a986afa833df3039da8705e2ee259e24df041b5478c04c2eef06f04dcc4d5350,numeric,5511.0,Solar8000/ART_MBP,https://api.vitaldb.net/da01d0a033b2ac46ade828a48551ada4ce6d0e8a
da313ab26bb036f93b6078630bba2a990a99b78b.csv,36449,ef43041852705afc4ef2e89ff3881478b6a7a29f15142d5699e052247607c490,numeric,4435.0,Solar8000/HR,https://api.vitaldb.net/da313ab26bb036f93b6078630bba2a990a99b78b
da3c06fe603eb88cd3adfd4ac539e0be4c8b15f9.csv,183918,ef28c55453cadedca5af82057adec0563dd017d1a6901665c0f2a6794a463a63,numeric,692.0,BIS/BIS,https://api.vitaldb.net/da3c06fe603eb88cd3adfd4ac539e0be4c8b15f9
da6b96f6f4c1724b018955f455a7d0cdfc6d5e01.csv,602885,5e4878b3a87a920b8d980832a636e6b860608dc9dd50f4bfd23a8cdddd9edc50,numeric,4316.0,Orchestra/PPF20_CE,https://api.vitaldb.net/da6b96f6f4c1724b018955f455a7d0cdfc6d5e01
da6cfc1d22e2d95f747fad55b8b17fad927e1c6c.csv,298371,909f02d92ececdce2f3822426ac3edd649e3bc6c1fe29c65fad406838050429b,numeric,2687.0,Orchestra/RFTN20_RATE,https://api.vitaldb.net/da6cfc1d22e2d95f747fad55b8b17fad927e1c6c
da756e7190e7132003cd834dcc47a59fdd9a3a9b.csv,750477,711e2925336039d05d4fcb00cc84e0f9520072c5d25b586aff14cd072f419c21,numeric,6181.0,Orchestra/RFTN20_CE,https://api.vitaldb.net/da756e7190e7132003cd834dcc47a59fdd9a3a9b
da79a6e49a011ff06b2f51ef2746806632ac8bbd.csv,174488,b56dbf68190380d0a79bb11ae0a40d0c95fbce576e808280225296c5742a8b84,numeric,6127.0,BIS/BIS,https://api.vitaldb.net/da79a6e49a011ff06b2f51ef2746806632ac8bbd
da7ddf2beb85e5aab88a0face589d7dd795cf60d.csv,1184299,1bbe1eed32534268f38aa61caee701a4bc39e1cbadd08554d97545a404478858,numeric,5983.0,Orchestra/RFTN20_CE,https://api.vitaldb.net/da7ddf2beb85e5aab88a0face589d7dd795cf60d
da83e28bfaab67a4a09fb5a307c065995d7da17e.csv,550045,3b90ad5e3d24858df36e45aa18b1569ade27f1e7c7c6f9a7609917fd497338f9,numeric,1027.0,Orchestra/PPF20_RATE,https://api.vitaldb.net/da83e28bfaab67a4a09fb5a307c065995d7da17e
da9773c17568b090cbc27f922a51f65217e0bb4e.csv,106608,1e3d6ff679771961504ca9987082728f303c98b2263144bc6ac8cff1ff0d8906,numeric,3499.0,Solar8000/ART_MBP,https://api.vitaldb.net/da9773c17568b090cbc27f922a51f65217e0bb4e
da9b134f508ab6a8e387f47ed0fb74fc7f0ab88b.csv,644115,195b94dac9e6c566b8f5c511034385ad89c77a664c27bbcf6d13310f1318a1e3,numeric,4769.0,Orchestra/PPF20_CE,https://api.vitaldb.net/da9b134f508ab6a8e387f47ed0fb74fc7f0ab88b
daa6d7afbb4e60ee9a8f7517139565af08a2c273.csv,809551,9929cf4e682cce07018f59cf947a6756316813bc8140fb3e68c8ac072bd287da,numeric,751.0,Orchestra/PPF20_CE,https://api.vitaldb.net/daa6d7afbb4e60ee9a8f7517139565af08a2c273
dab150cb4cd51006022eccce0769219cc975cd61.csv,289512,72bc5ba923450ed33c23bb971338c6598ccab0a5dff5a6b9df93cc362a13be9c,numeric,6105.0,Orchestra/RFTN20_CE,https://api.vitaldb.net/dab150cb4cd51006022eccce0769219cc975cd61
dab1bf8bdde3b0f7f89afdc6da4e82cc2c68a4da.csv,13936,9a5d8098c6cdc819f93227c879097dff5899b3bf9860ca0da3b50521feae5f03,numeric,6330.0,Solar8000/NIBP_MBP,https://api.vitaldb.net/dab1bf8bdde3b0f7f89afdc6da4e82cc2c68a4da
dab2135257f558e156ed9444dae1fa96dcb1d63a.csv,496924,0becb08abae55ee297f88816398a92b79ea53b9b2f5f41cffe1558485d85254d,numeric,2350.0,Orchestra/RFTN20_RATE,https://api.vitaldb.net/dab2135257f558e156ed9444dae1fa96dcb1d63a
daba09e8370a846354bb69d2a240ae3338634741.csv,1050692,5c902d15f5263fde0001821dd6a89074ee1d98028dbffe4030ddd8801e0a4404,numeric,4966.0,Orchestra/PPF20_CE,https://api.vitaldb.net/daba09e8370a846354bb69d2a240ae3338634741
dac6c0c88690842cc718ba5ceb7edfd113c3e549.csv,595536,e6cc1240dec0b193ba21b55fff21f0d388b7e529368c96ea765c25d51e79c765,numeric,3166.0,Orchestra/RFTN20_CE,https://api.vitaldb.net/dac6c0c88690842cc718ba5ceb7edfd113c3e549
dae48305386879543a26948d30218375885d1a80.csv,984582,0e954ccd364bed2ed981be13571769f3f178bb00b7a8ecf4d5055ecf3af4ef0a,numeric,3373.0,Orchestra/PPF20_CE,https://api.vitaldb.net/dae48305386879543a26948d30218375885d1a80
daeb1ce9f6e59d15368d6969ea67302cdb91a94e.csv,93278,c0cd80ec08cc1f34c80f97d74a196da3bf7cab79f71809c9eb8eb65bd887ef16,numeric,5048.0,BIS/BIS,https://api.vitaldb.net/daeb1ce9f6e59d15368d6969ea67302cdb91a94e
daf5c28c7bfcc1e11b78b120817ca2150d877f79.csv,973779,09d292cda78b97518003e677ecdeacc1591763c65eb0a5d25f8218e131e547cb,numeric,2280.0,Orchestra/PPF20_RATE,https://api.vitaldb.net/daf5c28c7bfcc1e11b78b120817ca2150d877f79
dafba7ffc0f3aadbd1178daeb362400e4f061a3a.csv,485417,f50499f38cbdd2f8da3d8057a2461a8a4a3df5efeec56f640a9fb1446ae8659e,numeric,13.0,Orchestra/PPF20_CE,https://api.vitaldb.net/dafba7ffc0f3aadbd1178daeb362400e4f061a3a
dafbeef395c33504bd2ec8e405d568eb3ee0e329.csv,441208,6009c6bda74e5a7170ca3bb045502bfe56f17063da6db464bbc4ab8a348cde7c,numeric,200.0,Orchestra/PPF20_CE,https://api.vitaldb.net/dafbeef395c33504bd2ec8e405d568eb3ee0e329
db0af94071e3bde4f0de420b431f65d4897f2798.csv,486537,32f7617c3b25486ad8ea98b7dc6e2ecdae09c208dd3e0f41449dcf7970da47f3,numeric,5675.0,Orchestra/RFTN20_RATE,https://api.vitaldb.net/db0af94071e3bde4f0de420b431f65d4897f2798
db0d0820256b641d8bf0727d4054f8ddd37339b8.csv,582939,fa372a1387eafe5cc7962a5ec5148e60148da4b84d01c826383488d888f40117,numeric,816.0,Orchestra/PPF20_RATE,https://api.vitaldb.net/db0d0820256b641d8bf0727d4054f8ddd37339b8
db185ef7a000fe4f262e48b21388c5c3f78d75ab.csv,430777,0ea0d0d8963c6325434b40ba01675cc212ca2115869385b0db8f8774b0a5d1e8,numeric,4541.0,Orchestra/PPF20_RATE,https://api.vitaldb.net/db185ef7a000fe4f262e48b21388c5c3f78d75ab
db1d7555f4ac79c7885c6d19c5a44d114184355d.csv,41479,416d4343cbdc49a41a82c61976be2cdf95d9e174b863a6937cd01c58bf8cef97,numeric,5560.0,Solar8000/HR,https://api.vitaldb.net/db1d7555f4ac79c7885c6d19c5a44d114184355d
db1dcf09faf3472b54e779c5cb67b4dfb5df3e38.csv,408282,7858eac6381d57bc4ed65c61735d2f8dcb1ae59034ba41aebc4b9440f47712ab,numeric,1230.0,Orchestra/PPF20_RATE,https://api.vitaldb.net/db1dcf09faf3472b54e779c5cb67b4dfb5df3e38
db39f5e6912085c4f6f337b50923431427985b1a.csv,484784,35ccb9d85665df5d31930b735db10249305d40cbd0cd003c8584fc80537cf3ee,numeric,2944.0,Orchestra/PPF20_RATE,https://api.vitaldb.net/db39f5e6912085c4f6f337b50923431427985b1a
db55a5de2a9e2e3a822b72e41e045aca929b765c.csv,50614,2e83423a598c7556f9ac233de9f708780c69a66b70983cb82e024e70b2feb541,numeric,2890.0,Solar8000/ART_MBP,https://api.vitaldb.net/db55a5de2a9e2e3a822b72e41e045aca929b765c
db8163a3d9aeaa02430ea583437e00851a7a143a.csv,86917,f1807281ecfd62d3759e1490116800d15ab1139b5e5f2c9904839c6594c6103f,numeric,1045.0,Solar8000/NIBP_MBP,https://api.vitaldb.net/db8163a3d9aeaa02430ea583437e00851a7a143a
db8fc65fe1c2c7061481f835923276869cf74336.csv,722331,8d04979a3aaf744b3520bfd8e52e94f541c1ddf3aa9391c52514455b91de9519,numeric,5322.0,Orchestra/RFTN20_RATE,https://api.vitaldb.net/db8fc65fe1c2c7061481f835923276869cf74336
db93366888af2e64c46213c98c7dac21417128e7.csv,35779,4be5a9f11a709267dbefd67fd4e7e9fc6adba968e01168790d6cee0716caa9f7,numeric,4095.0,Solar8000/NIBP_MBP,https://api.vitaldb.net/db93366888af2e64c46213c98c7dac21417128e7
db9860059ed9cffdfe385a1aef0b7cf38d2fb9cb.csv,197173,08eb9554b9d719eb8b0d47c7b96c070d29304e74540bc7a137c2de4344464b58,numeric,659.0,BIS/BIS,https://api.vitaldb.net/db9860059ed9cffdfe385a1aef0b7cf38d2fb9cb
dba0f00129a726afbe4842b5940c9f87068dda55.csv,128214,60faad8ce5fa31c7439d95af1d75f7384187f75ca05b0460cc4c25f2b67b4408,numeric,3874.0,BIS/BIS,https://api.vitaldb.net/dba0f00129a726afbe4842b5940c9f87068dda55
dba12c503f383d3c86678f831a663f216a12a781.csv,426533,87de9ea471d015621b6296d2ae887e53ed2d2d63c72df319d42bb98d3efbb1bd,numeric,4464.0,Orchestra/RFTN20_RATE,https://api.vitaldb.net/dba12c503f383d3c86678f831a663f216a12a781
dba9c23960c624274ed45ca587c5a4c52ce38b6b.csv,810676,d53191fa8ca80bc2b2d14e2cc141379b0e7a42dc29bc9c3ae836f9bb9c3bf41e,numeric,490.0,Orchestra/RFTN20_RATE,https://api.vitaldb.net/dba9c23960c624274ed45ca587c5a4c52ce38b6b
dbba25a1a374a2bf517b93a284c7a178f44870a2.csv,406857,4e63b1f93bfaf0842be9ab9199889b810ef320e644cc1da92513bb8bfb6b3723,numeric,6061.0,Orchestra/RFTN20_RATE,https://api.vitaldb.net/dbba25a1a374a2bf517b93a284c7a178f44870a2
dbcbdce690085ba8833e887a7557487b1ba3ca81.csv,214574,e155491fbf6632b9c6a5aa81c775c935e6205c527fc709045e7fb2a8d34c8ac8,numeric,1149.0,BIS/BIS,https://api.vitaldb.net/dbcbdce690085ba8833e887a7557487b1ba3ca81
dbd72e5f4cc3e11b050b6faa0eff1d24c3f34ad5.csv,443946,78023488bf92ff5db56d18960ca36aad20d497416100a48d265661ec46799e20,numeric,2586.0,Orchestra/RFTN20_RATE,https://api.vitaldb.net/dbd72e5f4cc3e11b050b6faa0eff1d24c3f34ad5
dbe19f66265679600619d06cc28b49918ccef06b.csv,559508,33b23be4bd309402696cc714d7ae27d08000bd186bc2ae24f0a92b57d9854949,numeric,3812.0,Orchestra/RFTN20_CE,https://api.vitaldb.net/dbe19f66265679600619d06cc28b49918ccef06b
dbe2e32bda012195f4c6d673e986b59a7c658f56.csv,531755,6fe31bd6a69143e467eaebe734a539ced0cdbcd345f74583f44f23542652e9cc,numeric,2943.0,Orchestra/RFTN20_RATE,https://api.vitaldb.net/dbe2e32bda012195f4c6d673e986b59a7c658f56
dbe60b2cebfb0adaedea8e96a7d601b07fbf50bb.csv,51958,0bbb600f3aa4c6d0e1b0627db6d5d45273cd7573c0e3639261e7239efed4afd4,numeric,3874.0,Solar8000/NIBP_MBP,https://api.vitaldb.net/dbe60b2cebfb0adaedea8e96a7d601b07fbf50bb
dc089cbbab46346991965ac50570daf1642bed6e.csv,718261,f74773e9fc4d8ba970968c95d802e0c30b19b77b1a024be6f9dbb63301987f0b,numeric,2742.0,Orchestra/RFTN20_RATE,https://api.vitaldb.net/dc089cbbab46346991965ac50570daf1642bed6e
dc29888088a2eba1f11d3cdf236d42b4f5fb4b0f.csv,40343,1fa06e6492a5982262fe48f1e0e842f1361a7148a30b1a6f0e749ffe1f35636b,numeric,6210.0,Solar8000/ART_MBP,https://api.vitaldb.net/dc29888088a2eba1f11d3cdf236d42b4f5fb4b0f
dc3f2bc0f32e789e88e796cd36234119a8c026bc.csv,316041,6f095585c0f10ea55da6041b53ba04490fd275c51056e6cbe5f5609ce5a53021,numeric,3641.0,Orchestra/RFTN20_RATE,https://api.vitaldb.net/dc3f2bc0f32e789e88e796cd36234119a8c026bc
dc4ffc1aaaa218ad0b4940559c80f664449bbd24.csv,830707,f24fab61db22191d9fc71943350b38a6c97bbf7d4aa05691b8b9de04aa6132fc,numeric,3545.0,Orchestra/RFTN20_RATE,https://api.vitaldb.net/dc4ffc1aaaa218ad0b4940559c80f664449bbd24
dc5ad2a9662d14ee8d113dcae535c8b28a28b35f.csv,628408,7712361375c144a9e811af0b9c182b2a584cfd0757af3758664e3034891050dc,numeric,2708.0,Orchestra/PPF20_CE,https://api.vitaldb.net/dc5ad2a9662d14ee8d113dcae535c8b28a28b35f
dc7f0971518e1c25ac8ec59fa3ef6a763ff3abdd.csv,58625,774b597f673ea692264abfa3986c7238ac8ae951a3cd1ac827517f8facccacd1,numeric,2805.0,Solar8000/NIBP_MBP,https://api.vitaldb.net/dc7f0971518e1c25ac8ec59fa3ef6a763ff3abdd
dcb26280c899f813f24fed3c17dc8e933296706a.csv,1002489,9e79433e132a8a26544c2ed303a787252639afe9c61947976b5fc19917ed286b,numeric,1648.0,Orchestra/PPF20_RATE,https://api.vitaldb.net/dcb26280c899f813f24fed3c17dc8e933296706a
dcd45d0c8a9ffde5ba248c6dbbb6562ee9f78bcc.csv,51414,40cd7e2c4e5b7a0b89a058157841d06b06c792263efaccf088033f0fbdef53e3,numeric,1904.0,Solar8000/HR,https://api.vitaldb.net/dcd45d0c8a9ffde5ba248c6dbbb6562ee9f78bcc
dcd84bcb9a528a75716c86779d5642ed309d2125.csv,110780,488fc86e6ba4af7fda92385311f48987819385ae0f313132e9238b3f29592f76,numeric,1025.0,Solar8000/ART_MBP,https://api.vitaldb.net/dcd84bcb9a528a75716c86779d5642ed309d2125
dcebfafd81daca3650a7494c8a3df1af7ddb2f54.csv,544635,3d74e871b18143e1062d29cd537c7b3470963b069be771673cd40a9553df7d35,numeric,2717.0,Orchestra/PPF20_CE,https://api.vitaldb.net/dcebfafd81daca3650a7494c8a3df1af7ddb2f54
dd11010121bd9315c53bf12dc3c138795a2d2580.csv,143533,5d0932716065e7bba772292d2be5a54d137cb32084ee7883b22e8f787a7a3d5e,numeric,4530.0,BIS/BIS,https://api.vitaldb.net/dd11010121bd9315c53bf12dc3c138795a2d2580
dd1218c59a46ac5cf4039e9c5e2bebc028175dc5.csv,59482,00678728968a5f4f23ca8ecae740e1bee81baf06b817c5f2d0affbc267fdc688,numeric,3449.0,Solar8000/ART_MBP,https://api.vitaldb.net/dd1218c59a46ac5cf4039e9c5e2bebc028175dc5
dd124434f7af6e609462e93ec20f853fffc79fa5.csv,109659,b11ef0d95f109372f1f132d4680f2a2b15c76ed8a6a38d93a9413496c155e7d3,numeric,6296.0,Solar8000/HR,https://api.vitaldb.net/dd124434f7af6e609462e93ec20f853fffc79fa5
dd141492087bfed49b497a37148571c2d05698cb.csv,100000,711d726b1b66ca0a57b4275c07510d4bb76097b0f10bf415bd02e01fa9863416,numeric,4102.0,BIS/BIS,https://api.vitaldb.net/dd141492087bfed49b497a37148571c2d05698cb
dd4294b413ef5e8d62c5f3b46648694d0b52dfee.csv,349042,aa4cfcc2b45cb2dbc216735b34335bb456820a1d7e7fdc5ecb69c0c035ea131f,numeric,5998.0,Orchestra/RFTN20_CE,https://api.vitaldb.net/dd4294b413ef5e8d62c5f3b46648694d0b52dfee
dd4adde35fa6971efdc8cf8395c5183abfef1326.csv,301384,9a52333ecf9a969253bc7e815f31e7c34cfd72fcc496f73130f877a14a3b9a15,numeric,4651.0,Orchestra/RFTN20_RATE,https://api.vitaldb.net/dd4adde35fa6971efdc8cf8395c5183abfef1326
dd608176a88c2c5c309d62040e9384bc0459efda.csv,43957,4d2ed533bcc0461dfcc4371c30c36178f076e4402792dc5d9181c0ca986bad4c,numeric,6105.0,Solar8000/NIBP_MBP,https://api.vitaldb.net/dd608176a88c2c5c309d62040e9384bc0459efda
dd71a338adbabb38fdb5a130d5f65b267c8dda48.csv,604628,18363d6f15c38c915187fd61ef4ce478f66a2fcb198a48e4b530d98f501be9e7,numeric,6088.0,Orchestra/PPF20_RATE,https://api.vitaldb.net/dd71a338adbabb38fdb5a130d5f65b267c8dda48
dd832d08e8441da46204b4bbef387e295b1f62ca.csv,444008,270408aed0413d1cdd4df7a0ca287e277639070b22413519575b67e229ecc499,numeric,4087.0,Orchestra/PPF20_CE,https://api.vitaldb.net/dd832d08e8441da46204b4bbef387e295b1f62ca
dd90a0df45cc0d0b86e5276cd38c16bc0332d7cd.csv,296083,4ebe24a1f912980e1cb6fd4d92fba3bdbf82ca4b6b9eea9cac007157468b1cd5,numeric,2997.0,Orchestra/RFTN20_RATE,https://api.vitaldb.net/dd90a0df45cc0d0b86e5276cd38c16bc0332d7cd
ddd7fd4f0f49fc76d7d3edad2565007ab6623b71.csv,63053,3dd551aeff173949bede8cd557da59c24cee4a7d9ee5d07a9745320af66244f8,numeric,3237.0,Solar8000/NIBP_MBP,https://api.vitaldb.net/ddd7fd4f0f49fc76d7d3edad2565007ab6623b71
de53ee71472bdfcdbf89a9f11f2dffdde30e8b08.csv,61536,b8aa635207568046a24f376f6e9f42a6dd2cc3cfbe40143e0e2577ded92b92d9,numeric,3803.0,Solar8000/ART_MBP,https://api.vitaldb.net/de53ee71472bdfcdbf89a9f11f2dffdde30e8b08
de729e4a58db44b9d1aa6a049d3a4d8288d5f28e.csv,118960,85af9ea72aee47b7b363a017b6d0f20d8a031b28e3824912f71953e2806a8c13,numeric,1813.0,Orchestra/PPF20_RATE,https://api.vitaldb.net/de729e4a58db44b9d1aa6a049d3a4d8288d5f28e
de77ca553a298b4d92990915b3d3bb40ced5e6f9.csv,369135,725cd5b4ab9b7c0377598ff72a1743ead4dcfa5d3e16b9a06a31170cd7c3a983,numeric,2805.0,Orchestra/RFTN20_RATE,https://api.vitaldb.net/de77ca553a298b4d92990915b3d3bb40ced5e6f9
deb6f4f2d0bf98fb3f7c5325b149fe6332a96084.csv,447750,8e722b7707b4fa96b2525cd459c9b39cc5f219cd20007e5cf1698079ee43d87f,numeric,4541.0,Orchestra/PPF20_CE,https://api.vitaldb.net/deb6f4f2d0bf98fb3f7c5325b149fe6332a96084
debd36ff90a803ef7f220a25e16a68ade6a21ee2.csv,635554,296cbf1a8fe8e658324dac2c1fc197c6f6fe5140281a9fbceab5628747255d58,numeric,2222.0,Orchestra/RFTN20_CE,https://api.vitaldb.net/debd36ff90a803ef7f220a25e16a68ade6a21ee2
dec2539530b9ac66bd00700febd67929d28c3fd1.csv,50689,46d16518d15730d316a8a674a4b60df2e329e959873d38a78b560b9371d1011c,numeric,3426.0,Solar8000/HR,https://api.vitaldb.net/dec2539530b9ac66bd00700febd67929d28c3fd1
decb17576f17a07a9b713cb6595a16ae3160010d.csv,137957,f723d2e90160d478f5a711b66b8a4ad89c2afdf4bfebf17f6ca614b0d41c72c7,numeric,1786.0,Orchestra/PPF20_RATE,https://api.vitaldb.net/decb17576f17a07a9b713cb6595a16ae3160010d
decc4b8e14bb7cd4eefb0c51cd1d3b31bde2b9a1.csv,296096,8ca8bb3db9a20e27bf2f5161e47cb62da2b678b66d768e457ade40214b7b60b6,numeric,4435.0,Orchestra/RFTN20_RATE,https://api.vitaldb.net/decc4b8e14bb7cd4eefb0c51cd1d3b31bde2b9a1
decd09c1b857a6698873bc8213158dcd30729e56.csv,373009,c4d532e71de62d3292ee95ec0318631235dcb29826e966adf94dbf16a899237d,numeric,2875.0,Orchestra/PPF20_CE,https://api.vitaldb.net/decd09c1b857a6698873bc8213158dcd30729e56
defe9853af5013411b7533e960c8a027a9b4c4b3.csv,139663,807a5209cff1a4b01ea06f840346b567755ccdcf01634f235562c32b11b2e857,numeric,4057.0,Orchestra/RFTN20_CE,https://api.vitaldb.net/defe9853af5013411b7533e960c8a027a9b4c4b3
df02378a3176594e283075ffd801ebabd83d41eb.csv,52225,c40b046e6ca06232566045879c26520423d11287342737ee1a57a86f8dbcd633,numeric,3426.0,Solar8000/ART_MBP,https://api.vitaldb.net/df02378a3176594e283075ffd801ebabd83d41eb
df04f745a788f88c6f4484cbc924137b81020ad2.csv,503127,1bb2acbc7b9fe9758b6cc7ac905c4ed7ebf1b068970f65667f1eda978b241dbb,numeric,1102.0,Orchestra/PPF20_RATE,https://api.vitaldb.net/df04f745a788f88c6f4484cbc924137b81020ad2
df0ba134564c989c3b30a0443c0194f150dfd6d1.csv,192959,3dd7c8e15225e0069a6d97be737475f9360ed0e1fdb4c2d8a19f9ff8f3cbc691,numeric,2231.0,BIS/BIS,https://api.vitaldb.net/df0ba134564c989c3b30a0443c0194f150dfd6d1
df0c4249eb10bce39ada213d52d2249935ea4f9a.csv,75523,9af8402c077c6ee9829eafb2c6be8bf0855a357ab7bebd0e45c74d92a74b83da,numeric,3279.0,Solar8000/HR,https://api.vitaldb.net/df0c4249eb10bce39ada213d52d2249935ea4f9a
df2d334de13763776f7cd65214faa19e306d82c5.csv,853409,c404053c93a85644c89a18d056006e6885fe4e0af6ebb4432f5137f792027d25,numeric,2238.0,Orchestra/PPF20_CE,https://api.vitaldb.net/df2d334de13763776f7cd65214faa19e306d82c5
df3ea0e4294513f8fd107bff4a152752c1b5b4cd.csv,599219,b544c7d8814ce48bdbe08f4f453390ceab7c153cffb2303d81708de031ad3233,numeric,5669.0,Orchestra/PPF20_CE,https://api.vitaldb.net/df3ea0e4294513f8fd107bff4a152752c1b5b4cd
df4ca199dd6d0bcbb2bc2ca670c96829b1fdffdf.csv,48935,1b68dbe52d7854f0bec1950efb51482dccb5b45d9703c55b893b35b6a7fe4fd8,numeric,4541.0,Solar8000/HR,https://api.vitaldb.net/df4ca199dd6d0bcbb2bc2ca670c96829b1fdffdf
df69858fca5d51e65c0b7cb3b50209cf5e711bc7.csv,683608,62ff4b1c1d08cbb7845971fca3c6b60325361b1e12979fb8bc0d51c9d1eb878b,numeric,1889.0,Orchestra/RFTN20_CE,https://api.vitaldb.net/df69858fca5d51e65c0b7cb3b50209cf5e711bc7
df739b7be651a192a0bc0194ea6df582f13cf988.csv,1288166,9680aa3d4818982f8b8b335138afcca024ac4fda11f043736f33747a0ea738f0,numeric,844.0,Orchestra/RFTN20_RATE,https://api.vitaldb.net/df739b7be651a192a0bc0194ea6df582f13cf988
df9afcfa3cdbad78ecf43235e14bb0b893d4eafd.csv,97642,12d93f4d5211bda671cb085105cd7ab6b5e64c72a69312fafe16f8ed327617d2,numeric,382.0,Solar8000/ART_MBP,https://api.vitaldb.net/df9afcfa3cdbad78ecf43235e14bb0b893d4eafd
dfb0d92339a72f7a6f8ed39ae451e99a83eda1cd.csv,56180,5988418686704680e5f2ba17200e402dac9f232f15782f014abbbf235f02303d,numeric,3498.0,Solar8000/HR,https://api.vitaldb.net/dfb0d92339a72f7a6f8ed39ae451e99a83eda1cd
dfc5b23fa123b83038ce64dd34327dba78ebc191.csv,56514,96da0374e92d9f3a8f70ff46c7bae676ea0402ba8565da5980d82f6271e0b284,numeric,4011.0,Solar8000/ART_MBP,https://api.vitaldb.net/dfc5b23fa123b83038ce64dd34327dba78ebc191
dfcba692a7e171538c3923be4a0a373556fa1421.csv,151337,d03182dd4da414684bc3e9ed938ebc42ad2799f3a04bfef0632ea3182accfe72,numeric,4390.0,BIS/BIS,https://api.vitaldb.net/dfcba692a7e171538c3923be4a0a373556fa1421
dfd058bf578560d6dcddbbe496d2c2a34beda5f5.csv,805658,b81a3273a0057510ecb97b799b68507df48c0dc8dd5e86f97ff60dd603b146f9,numeric,1944.0,Orchestra/RFTN20_CE,https://api.vitaldb.net/dfd058bf578560d6dcddbbe496d2c2a34beda5f5
dfd5aac1357fc336a57028f13f5900fd89a8af34.csv,36921,686dd5a60299b94f07304cff03bb1178d4ff77ccc3123a10ff5470f05f54f485,numeric,2650.0,Solar8000/NIBP_MBP,https://api.vitaldb.net/dfd5aac1357fc336a57028f13f5900fd89a8af34
e03ebcfb612b9c83fd68d4ae0f2ca78f33546d2c.csv,383461,715beb666e578c7153cd8e8ae8caedb768a7d49936b9a7c71ffd88f696fc5de3,numeric,1221.0,Orchestra/PPF20_CE,https://api.vitaldb.net/e03ebcfb612b9c83fd68d4ae0f2ca78f33546d2c
e04d6056383fbdcb9c76f8dd11286f30a529f080.csv,65194,89a71a84cf0638545d16d288a1d4d4c53e3e1b5af8bf6facc2975dc971b6a772,numeric,3803.0,Solar8000/HR,https://api.vitaldb.net/e04d6056383fbdcb9c76f8dd11286f30a529f080
e04dc83ff915291d6853e12c19cfcea2e7bc6a16.csv,457152,558f22c34269ef1be0d3bf50a1a8e7ba72204ab89357f678b232c6f2faf43672,numeric,1784.0,Orchestra/RFTN20_CE,https://api.vitaldb.net/e04dc83ff915291d6853e12c19cfcea2e7bc6a16
e067ba5ad57903916e5779cc1e55feac642457de.csv,70102,6b4c0b961bcd8ce65e1e84a014d457b4934498fc3f1247ff2a7f124d8cd5f92f,numeric,4462.0,BIS/BIS,https://api.vitaldb.net/e067ba5ad57903916e5779cc1e55feac642457de
e06c13c3b06664ed11a31b525dfa1ea682913e63.csv,299227,82ee7e02b5f719e531d347653f8324dca686a7b5735432a32ecdf289d59975ed,numeric,1136.0,Orchestra/RFTN20_CE,https://api.vitaldb.net/e06c13c3b06664ed11a31b525dfa1ea682913e63
e07e1d429897189add385607cef6782f14b0a52e.csv,82168,9c4d339d7030ca89815e12697826d7604461c70cf89c4edd0603f38f0baaa0b1,numeric,3663.0,Solar8000/ART_MBP,https://api.vitaldb.net/e07e1d429897189add385607cef6782f14b0a52e
e0b96a22e09e572bcbcbfe72de5f24fa50ac8f6f.csv,35283,fa21721fc4f8330dff164e564c24d99cfb0d022304d86b8c7feb63335c127e2d,numeric,1659.0,Solar8000/NIBP_MBP,https://api.vitaldb.net/e0b96a22e09e572bcbcbfe72de5f24fa50ac8f6f
e0cbf9f7b78e679c951b5cf6e5e16c292b12dd27.csv,373842,7a2ba946bd351dc1d2fcae565d2f2eb9d65dc49f3fbdc40163aad749a05009c9,numeric,1241.0,Orchestra/PPF20_CE,https://api.vitaldb.net/e0cbf9f7b78e679c951b5cf6e5e16c292b12dd27
e0d6dbfa00eb65a8a2fb914d9f22666f60108af5.csv,616236,4877a5d3236a24d59d8e5aee0ad6f8892fa0546f83983a4a78e998f9a618b2d8,numeric,2380.0,Orchestra/PPF20_RATE,https://api.vitaldb.net/e0d6dbfa00eb65a8a2fb914d9f22666f60108af5
e0e72056a4b0e92f66930a25af4240e3e35c5f44.csv,364949,513fd308435efd3c2d372661bdffe72f3b1c3fa28a8f3fbd4fd9f578113c050e,numeric,6053.0,Orchestra/PPF20_CE,https://api.vitaldb.net/e0e72056a4b0e92f66930a25af4240e3e35c5f44
e0e8cbae8a6d09bc9547db1ca07291428953b8ac.csv,429864,b59349f019f704ceab1218fa26b6d933eb562f390e14bcc48e44661be1bdc2cb,numeric,3319.0,Orchestra/PPF20_RATE,https://api.vitaldb.net/e0e8cbae8a6d09bc9547db1ca07291428953b8ac
e0fa03b1065e3976cc283a283efe46eebf337af1.csv,85804,2a768b6aa0050c6c4d101a39d898be17695223de0d80f93852eeaf8c9eb0e188,numeric,6146.0,Solar8000/HR,https://api.vitaldb.net/e0fa03b1065e3976cc283a283efe46eebf337af1
e11f043cdc9c96556bb0ae54d3c05a55d2ef6e82.csv,218359,f1b1695140ebafd490fd02a1a5c0c80cfb14b471c3088300543273657a2cbeb0,numeric,659.0,Orchestra/PPF20_RATE,https://api.vitaldb.net/e11f043cdc9c96556bb0ae54d3c05a55d2ef6e82
e122a526de329c7e867736812228a56c50beda8b.csv,211690,16d244338e6945415335459eceb372ad75be1c19caf5f22a27d9e9f4de753286,numeric,3113.0,BIS/BIS,https://api.vitaldb.net/e122a526de329c7e867736812228a56c50beda8b
e122f3c6ab93b32cfd5c247c44126c9ee4041811.csv,446658,d43a20aea318cc5914a06442c305529f9c4e4d9bd1c494486428182f1166efaf,numeric,4497.0,Orchestra/RFTN20_CE,https://api.vitaldb.net/e122f3c6ab93b32cfd5c247c44126c9ee4041811
e14d196e06af1c378658fbdc1944a5ae53321206.csv,289575,7bf527f26c133de9ee81f0e23a0501968231d9b6eec737cdf4e0bbe59f67192a,numeric,3860.0,BIS/BIS,https://api.vitaldb.net/e14d196e06af1c378658fbdc1944a5ae53321206
e1a8a078057ba9c338c328a4c4ebb1e3c8deeb6d.csv,533382,f08702af728e23fe2377d7a78e2810cdefeb802259ee65ca03471b989cc29a84,numeric,6345.0,Orchestra/PPF20_RATE,https://api.vitaldb.net/e1a8a078057ba9c338c328a4c4ebb1e3c8deeb6d
e1b00ba083c37fa8cea46703de7fb2ad6e3d1d94.csv,495324,ad28cffd5e9da7346f003d1cafa7ad70b934bc17d0119084b4684bd1e5ad44ba,numeric,13.0,Orchestra/RFTN20_CE,https://api.vitaldb.net/e1b00ba083c37fa8cea46703de7fb2ad6e3d1d94
e1bcd1a6665451349ef1930fe49ac424339fac11.csv,37580,fae04516ee34459ce04c2ac3943c6b12d78f64cec0eb4841502776f0bc433e9f,numeric,1034.0,Solar8000/ART_MBP,https://api.vitaldb.net/e1bcd1a6665451349ef1930fe49ac424339fac11
e1c090600af83fa821c72d2693373cc4e7f37d59.csv,277437,636ba2c6507de35c2a3fc315d4c478a3e6fcdaba55af6ae4246c742306ee0136,numeric,6146.0,Orchestra/PPF20_RATE,https://api.vitaldb.net/e1c090600af83fa821c72d2693373cc4e7f37d59
e1ff6aaf0de18dc03731f3016742e4cd2fbe03b1.csv,805227,835436e642150bc30d7215dea453a29dd86dd20ce4c5f6faa009499c940cc3ac,numeric,2311.0,Orchestra/PPF20_RATE,https://api.vitaldb.net/e1ff6aaf0de18dc03731f3016742e4cd2fbe03b1
e201f6c386d5042bf5d9e9e839228032fcaebe2b.csv,37150,51a38554c5ef3de04203f63754f0169b2b21b40de77dcbdbd2c04711e96c814f,numeric,3641.0,Solar8000/NIBP_MBP,https://api.vitaldb.net/e201f6c386d5042bf5d9e9e839228032fcaebe2b
e20566e959a46758579b21e927e7454c97d8cf67.csv,48569,e67f604d0b779c8dcb0b4276b44284fdafe2d74167b9bc41547c9822b6879f9d,numeric,6330.0,Solar8000/HR,https://api.vitaldb.net/e20566e959a46758579b21e927e7454c97d8cf67
e2096ed04726d3dbfc6f14a67a94855b246f6755.csv,557946,663e8fbd240d12e4f6f992436c693f6251ac7f7fe0d648297a2e62d040e0499d,numeric,5616.0,Orchestra/PPF20_RATE,https://api.vitaldb.net/e2096ed04726d3dbfc6f14a67a94855b246f6755
e20cf1dbe8aeeedb4f91ade867f889478fe756d9.csv,390442,87848d28eaf7d949d748d22e0979c349c239dc574466cf0b84533e90ff061b81,numeric,4954.0,Orchestra/PPF20_CE,https://api.vitaldb.net/e20cf1dbe8aeeedb4f91ade867f889478fe756d9
e22d7479cef94f5fe483586f96b19d14ecf85c63.csv,662813,fc65760817f3f54cf17a3704c9718d5a4472995b4ae25b5a772b41670d375d75,numeric,976.0,Orchestra/PPF20_CE,https://api.vitaldb.net/e22d7479cef94f5fe483586f96b19d14ecf85c63
e24190d10b534c2353c3e34e89b3d309cf4991d8.csv,460687,784b9056cc5183ff0cb4bdbf4455465a7d37484f8751d0c5b1095509a1757b37,numeric,281.0,Orchestra/PPF20_RATE,https://api.vitaldb.net/e24190d10b534c2353c3e34e89b3d309cf4991d8
e244df35c938a5de5ecf225937c1bb569885ba37.csv,943146,b6ef0f341252c0e48afe24fa6f2952ba1b663c87c6702892e9b06f172a28247e,numeric,3572.0,Orchestra/PPF20_RATE,https://api.vitaldb.net/e244df35c938a5de5ecf225937c1bb569885ba37
e253542c215eb3391e85b331c168e8ef716d6be3.csv,78388,a11b45b97378416a033b598be61f016a81488720ed7e3de31ebdd8d9f13de081,numeric,1024.0,Solar8000/HR,https://api.vitaldb.net/e253542c215eb3391e85b331c168e8ef716d6be3
e2569c5963e0f06dee66089cc480775ea0eae53e.csv,707012,ac987958212f6a3ecfafff6bdba3a2a569e8986266f52b42cef688780293def8,numeric,6181.0,Orchestra/PPF20_RATE,https://api.vitaldb.net/e2569c5963e0f06dee66089cc480775ea0eae53e
e259c56074b8b623b6699151902be5d0fe0cc09b.csv,839287,a19f55b0ee43741324c8e9b3f5129c0201e8e3b993431d612cfef923a612cef4,numeric,5777.0,Orchestra/PPF20_RATE,https://api.vitaldb.net/e259c56074b8b623b6699151902be5d0fe0cc09b
e269b96690b64b0464f91ade8330feb868322963.csv,437959,4fad14ee4566fcb79600d5d09839cbfd7d203bd9bb399b3a8d87da22069fecf3,numeric,3691.0,Orchestra/PPF20_RATE,https://api.vitaldb.net/e269b96690b64b0464f91ade8330feb868322963
e274ca80d86ceefa45143eb9dd0f74d40bd18b4d.csv,1189157,abceeda4731e64aff051bee753a5fb894ee1a8206a819ad25165ad63bc327c85,numeric,1730.0,Orchestra/PPF20_CE,https://api.vitaldb.net/e274ca80d86ceefa45143eb9dd0f74d40bd18b4d
e291973c0d4da83743251d8d2ea951b7471f0050.csv,407904,e85a9752ad09a6c13ee11c2ef6e328d2a90401d17faa40acf3b8d63fb60b27b2,numeric,1416.0,Orchestra/PPF20_RATE,https://api.vitaldb.net/e291973c0d4da83743251d8d2ea951b7471f0050
e2c4714cc3621821217405c4833e43012ee2a5f4.csv,132394,907bcffe0c8f8fcbd3fa0f506abf2ad1a2f2fb09807cc835413e586739ff93f6,numeric,5618.0,Solar8000/HR,https://api.vitaldb.net/e2c4714cc3621821217405c4833e43012ee2a5f4
e2cc0fa3cc9d5cfa8f67a4b07310f5bf38b6cd22.csv,692506,989302dd8880f051f3f5d74c3dfbc9571e5f6939aae482859e9b9d580413f00f,numeric,5490.0,Orchestra/RFTN20_CE,https://api.vitaldb.net/e2cc0fa3cc9d5cfa8f67a4b07310f5bf38b6cd22
e2d16ca0f3cff8d71deed657a00dbda946a85fc9.csv,1092193,f4cf79cfa4f621f865eeb0eaa54e1f82f133591da1b7fa26bb28b70b4f8551fd,numeric,4757.0,Orchestra/PPF20_CE,https://api.vitaldb.net/e2d16ca0f3cff8d71deed657a00dbda946a85fc9
e2ee8303dde3769221742086c3147b23bab08289.csv,94701,f299a171e16c0c9bf6528bf9932016275b4183cd08c47af2ca984bc3ea93f784,numeric,1662.0,BIS/BIS,https://api.vitaldb.net/e2ee8303dde3769221742086c3147b23bab08289
e2f0e9998c4e774c312780294286af7d09dfdd0b.csv,157316,5ca7c3c890415c8a8e2aef8de171b09c6e8c2cba523e7b792690d845a1b8e697,numeric,4453.0,BIS/BIS,https://api.vitaldb.net/e2f0e9998c4e774c312780294286af7d09dfdd0b
e3067457e44119d81306291523ecc41e1fa4ab27.csv,61548,2e96867c0cd1709a90581645c804603f7aef581d69c25122eb6ea8f46f650f9f,numeric,2834.0,Solar8000/NIBP_MBP,https://api.vitaldb.net/e3067457e44119d81306291523ecc41e1fa4ab27
e308dbd8bbdf39f12786e9e7726ae677dd3783cf.csv,40047,ad4bcc47bb4fe9bd731e6cbd28c8e115d39b737771a61fabc49d4d01631988b6,numeric,4102.0,Solar8000/HR,https://api.vitaldb.net/e308dbd8bbdf39f12786e9e7726ae677dd3783cf
e335fbb71e7bd75c151d61c78d1eccf50468c31c.csv,199048,6359a8b994050f0d8990dd6c907b9546a296c5d25c42379f09b3ed311e4897c2,numeric,3237.0,Orchestra/RFTN20_CE,https://api.vitaldb.net/e335fbb71e7bd75c151d61c78d1eccf50468c31c
e36819fb1215121878a2055a99d898b88a42ebbf.csv,6712,fa836c70861c87b949142bf586435c4e0d5debeebbce544c80b8b0ff3712e65f,numeric,4227.0,Solar8000/NIBP_MBP,https://api.vitaldb.net/e36819fb1215121878a2055a99d898b88a42ebbf
e37725431b5c9556bd762c20a5a17fc48c484066.csv,160753,490b62a90e2d12e225c6a89d17d9a739bc3c5b32dfba6f614584a439459370ad,numeric,3175.0,BIS/BIS,https://api.vitaldb.net/e37725431b5c9556bd762c20a5a17fc48c484066
e378d357ba96457fdbe26a709f97a3729cd2efae.csv,241218,df27676df4ac1d049d457ed259218f24723481f6ea0d93f87d2e0520a6c77f8f,numeric,3805.0,BIS/BIS,https://api.vitaldb.net/e378d357ba96457fdbe26a709f97a3729cd2efae
e37de37e41815abeba32e2a437c5e4fe4725186e.csv,70573,50b68fd315298661e7421b6d71eb9b30fe5f2f1e3e988365d3cd6c1d3426af34,numeric,2949.0,Solar8000/HR,https://api.vitaldb.net/e37de37e41815abeba32e2a437c5e4fe4725186e
e3b236e441fd7d5244f1f2524b55a404b698ad90.csv,150101,638f51eee9fb9b43e2c9156e52124bd5ff9525397a4f3aa3896b1c1f44d99e06,numeric,5871.0,BIS/BIS,https://api.vitaldb.net/e3b236e441fd7d5244f1f2524b55a404b698ad90
e3b33f6f9e7a33263d355be42f7dd6981a440fdf.csv,227535,f345a8fce31623d00c88700a0d521eb4b13453ba7f9c3c033e9b7e459b2e2e72,numeric,4275.0,Orchestra/RFTN20_CE,https://api.vitaldb.net/e3b33f6f9e7a33263d355be42f7dd6981a440fdf
e3ba87b9bc8069a62f076b8f8b4dfe862f8fa154.csv,466117,da53e1f95cd093193bf299af9bcb6bcc91676cc1271773ac8c3135ad3c864441,numeric,645.0,Orchestra/PPF20_RATE,https://api.vitaldb.net/e3ba87b9bc8069a62f076b8f8b4dfe862f8fa154
e3d925da4c541f939ee656b310fa37612bb790ec.csv,103779,3c2f907a5fb604b5268226f0cb9207ea746fa082c98dfb25414c9dfcc7201f81,numeric,4651.0,Solar8000/NIBP_MBP,https://api.vitaldb.net/e3d925da4c541f939ee656b310fa37612bb790ec
e3ddf8f17526114a2dd00c47fd408939b30e4557.csv,514420,d0046309f60dc358b513c088a06b18f00bec34d8f90d11d33d84e73e4f43c061,numeric,4780.0,Orchestra/RFTN20_CE,https://api.vitaldb.net/e3ddf8f17526114a2dd00c47fd408939b30e4557
e4043aece02a00f401d2d28ab136b97ac2697a2e.csv,1312536,73a8aca6686ae0f4b725de7c7b0fa314efd3fd135b41e3291b20e444295005b5,numeric,3631.0,Orchestra/RFTN20_RATE,https://api.vitaldb.net/e4043aece02a00f401d2d28ab136b97ac2697a2e
e4079042a374c1549b987d64aa6b7eb739bbe3c0.csv,542770,97ca3af7e9cfe4eacd459d804d01e213ccb7e67a7b149a475c6c9b7013c2a9a6,numeric,4277.0,Orchestra/PPF20_RATE,https://api.vitaldb.net/e4079042a374c1549b987d64aa6b7eb739bbe3c0
e408aa513c49938a8eca2ecf4557430d3975224d.csv,326837,3794d195a1bec7c74748f29dbaea05932e449a5037ccab3793c0c43ac2781db1,numeric,4630.0,Orchestra/RFTN20_RATE,https://api.vitaldb.net/e408aa513c49938a8eca2ecf4557430d3975224d
e415e36c2dcce519065772857618cc6fae2ae300.csv,1295745,87e031e743ad0edb084191495c1fe119ade4c5456da6b4a612bbdcb011527300,numeric,844.0,Orchestra/RFTN20_CE,https://api.vitaldb.net/e415e36c2dcce519065772857618cc6fae2ae300
e41d9b47f6506d867dd61484426f05ddef51ae30.csv,386770,ad797a9353e073d99085fd14859e1c491880d74be17f95722f5707706e870a02,numeric,4181.0,Orchestra/PPF20_RATE,https://api.vitaldb.net/e41d9b47f6506d867dd61484426f05ddef51ae30
e4253406769e160a77282f6b8ec1a53ca0ef7eff.csv,67793,b3e54b267209e98504d243d6420ccb3b14144ea9bd954c9a50dd14c49682c25a,numeric,4658.0,Solar8000/HR,https://api.vitaldb.net/e4253406769e160a77282f6b8ec1a53ca0ef7eff
e4298549622c2b8ca337f90b217611aef214b64f.csv,1086,8d33cb29ca56a13ffe48a5623bf10b856bbeae87b5e04b5e8771a11e1376b0ff,numeric,6090.0,Solar8000/ART_MBP,https://api.vitaldb.net/e4298549622c2b8ca337f90b217611aef214b64f
e432f7b37dcf396d181ec299f1d31d7b7b61d5bf.csv,121882,e40b5d883ac8fc964e8b6b8ed4c5639413978d547500e449864205310f74dcea,numeric,5206.0,Orchestra/RFTN20_RATE,https://api.vitaldb.net/e432f7b37dcf396d181ec299f1d31d7b7b61d5bf
e45423e4bab2c87490c86c659437a927dc7ce29d.csv,347740,9da6487c32adffaf6d7f57696ea8aee5d6e1079858a06406f2611374b48c1939,numeric,3114.0,Orchestra/PPF20_RATE,https://api.vitaldb.net/e45423e4bab2c87490c86c659437a927dc7ce29d
e4562e80e74f7f41591ac60166226e5f14cd68a3.csv,808490,13d8de15c64a20a8b9b662abfb68e8d642dfbfececccfa4021ce505d264d4847,numeric,4899.0,Orchestra/PPF20_CE,https://api.vitaldb.net/e4562e80e74f7f41591ac60166226e5f14cd68a3
e465405db87ba2c0656b4c2ef4411ea44fbb50d0.csv,255892,aaf38abd84e8a3ce3151e16d94fb3c8b7f418d092e1e1ef3c21090dbb5c2ca90,numeric,5109.0,BIS/BIS,https://api.vitaldb.net/e465405db87ba2c0656b4c2ef4411ea44fbb50d0
e47c281e7af3b0989fa0d18d95510c7816dc4af5.csv,85545,01294c316c8c8bbb2f367b08c98216a2390903359b4a46b7adf4d1b576933bde,numeric,5333.0,Solar8000/NIBP_MBP,https://api.vitaldb.net/e47c281e7af3b0989fa0d18d95510c7816dc4af5
e4819430a308588a55ccc3e76bb7b8bc9b2e9b75.csv,656826,a21454f4d751fa909d56dd7b52a997d371862929fe76e57e5757505ad13b776f,numeric,1131.0,Orchestra/RFTN20_RATE,https://api.vitaldb.net/e4819430a308588a55ccc3e76bb7b8bc9b2e9b75
e48d6853e061a985b584929cf2dc5b3e1991d6ba.csv,1484523,2aaab7ca0643e7e7037f8d2b583e5b14c3ab359dfdd49ac99f965e4817420084,numeric,4143.0,Orchestra/RFTN20_RATE,https://api.vitaldb.net/e48d6853e061a985b584929cf2dc5b3e1991d6ba
e49988499d7508adb7ab563330a87bf4179143f1.csv,449731,4fafb67f3567e502cfa1308751b3f27b8eb180f237ce831d4e8dc97c78265581,numeric,3691.0,Orchestra/RFTN20_CE,https://api.vitaldb.net/e49988499d7508adb7ab563330a87bf4179143f1
e49b29230744797bcb5c3c518d0fbb7777ca745a.csv,728973,f38b0de9d3e9f444554a2ff0404186049f7cddf213b40717815e9a1882b0929c,numeric,2671.0,Orchestra/PPF20_CE,https://api.vitaldb.net/e49b29230744797bcb5c3c518d0fbb7777ca745a
e4a61479051e83adbc3c275a5c3ebc111309eb37.csv,832236,3800ff546db4c249b571d90c5720df7438f712db35b379759c2c17dc39ed7c94,numeric,490.0,Orchestra/RFTN20_CE,https://api.vitaldb.net/e4a61479051e83adbc3c275a5c3ebc111309eb37
e4ab8f9305c002012a0d545dbb6bd30a790faba1.csv,537727,9534ffeed556c153b7c8c543afa565fc577fd676086767d381a4ea692b21e17c,numeric,3468.0,Orchestra/PPF20_CE,https://api.vitaldb.net/e4ab8f9305c002012a0d545dbb6bd30a790faba1
e4addd3ed1952b2d6076a6e3a3d59d74d6cfab8c.csv,117805,535c643df8273d51e5bf2d85b8aa9169fed0fd9358608b2e78950d4c17bc3c40,numeric,4179.0,Solar8000/ART_MBP,https://api.vitaldb.net/e4addd3ed1952b2d6076a6e3a3d59d74d6cfab8c
e4cb49a622a6c1cc3093b665149d98591be2de8f.csv,141953,c065214075310eb892c1b1e79929f00dc4ac5bc191e43cf4e1222a1189cf7beb,numeric,1208.0,Solar8000/ART_MBP,https://api.vitaldb.net/e4cb49a622a6c1cc3093b665149d98591be2de8f
e4db166e59f7319b6ef0f544891549ecede53cc6.csv,36028,831c8ea3607860e121a3d6d6c14bf10a7b8f44c34e4997361a37f13471f9cf76,numeric,962.0,Solar8000/HR,https://api.vitaldb.net/e4db166e59f7319b6ef0f544891549ecede53cc6
e4fa7d0c08406bf5b5bfc9002c534efaff3dc24b.csv,132909,d234c4a6cbbc2c5628fd211cf9fa039b69c7265369fbe0e72d72bb52dd0db0a7,numeric,5867.0,BIS/BIS,https://api.vitaldb.net/e4fa7d0c08406bf5b5bfc9002c534efaff3dc24b
e501c3c6fe769c6e539acc95f9402a016b3e6f84.csv,118495,8f07e7c3045fe64120b150e8d4cddbc6c26fc9ef7e3df738d5536e1bb991d008,numeric,2349.0,Solar8000/HR,https://api.vitaldb.net/e501c3c6fe769c6e539acc95f9402a016b3e6f84
e505d6dcf75bedb9dde515dd5d41eeb9895356f5.csv,348247,3a73f471b491197da6c6dc2f1ea8b6205ba5348c75fb08beae50f926213a601e,numeric,6053.0,Orchestra/RFTN20_RATE,https://api.vitaldb.net/e505d6dcf75bedb9dde515dd5d41eeb9895356f5
e52ba9d5281014d8c205785855cba6ee8f6f88e3.csv,84169,adf388be298f3e66861ab174be11a52be6541940e87b385feac6ea67d1a6a051,numeric,5566.0,Solar8000/ART_MBP,https://api.vitaldb.net/e52ba9d5281014d8c205785855cba6ee8f6f88e3
e52d2abbce1b3d35b788c3b4fa26361d309466b6.csv,179046,ea7672f673c49305adfe48f5cdf1e7bc59848859021882a4031b576ea3e8518e,numeric,4898.0,BIS/BIS,https://api.vitaldb.net/e52d2abbce1b3d35b788c3b4fa26361d309466b6
e52eba4242ef2c5d2ca13bf92846fe78b5c8eab8.csv,572668,bbe125bbc02cc1c938085eef75501f445bcff8d284107dc881494da3d8bddb62,numeric,3175.0,Orchestra/PPF20_CE,https://api.vitaldb.net/e52eba4242ef2c5d2ca13bf92846fe78b5c8eab8
e54f33100d9f781cb1dc020e4cf36d5223942931.csv,72133,09ff4f09948f04fa356ab585f6856668c2ecf4ee97030acb63a39cf3bfbf3e5c,numeric,6190.0,Solar8000/ART_MBP,https://api.vitaldb.net/e54f33100d9f781cb1dc020e4cf36d5223942931
e5599ad1f373647cfeeb854c73fa888dacc95c62.csv,280434,2c3d71a22da7929ce7914fd211de1101920bcab6875dd16f65600a742325a2f0,numeric,5618.0,BIS/BIS,https://api.vitaldb.net/e5599ad1f373647cfeeb854c73fa888dacc95c62
e5601be2fa0f1b329665dc8b95317ff138f335f0.csv,619528,828b4be3888d2d28a21693e99c84626b1f35403cd0e47c0077bff78581319d82,numeric,3621.0,Orchestra/PPF20_CE,https://api.vitaldb.net/e5601be2fa0f1b329665dc8b95317ff138f335f0
e56fdf49fbc098b35b16b6f23a4d92e487627066.csv,147341,f2be988eac1d4fcc176a159e3e35227e2e7c655a6c77a6c96932acaf62147db2,numeric,6163.0,BIS/BIS,https://api.vitaldb.net/e56fdf49fbc098b35b16b6f23a4d92e487627066
e57ac80f956a4e472f54164cc9a718c4c9f524f0.csv,350515,a84a951e28d5550adae6fa803ede915853852fe7db9e7d11bbec6b6a3599aec5,numeric,1606.0,Orchestra/RFTN20_RATE,https://api.vitaldb.net/e57ac80f956a4e472f54164cc9a718c4c9f524f0
e590d7f364fbc36ab7074d9d9bb407ed6e2360b5.csv,109201,4ce23ce44f7c2a6070408131628ee3d55e345728ee29b60a3dc1c11230379213,numeric,4899.0,Solar8000/ART_MBP,https://api.vitaldb.net/e590d7f364fbc36ab7074d9d9bb407ed6e2360b5
e5ab636b037ada2d2773ea296b2cca9540dce3db.csv,124434,a09c5716037641445eb305dcba4ceb6d4a3d34aaa50ba0051a618c5d7d4f2c2a,numeric,4757.0,Solar8000/HR,https://api.vitaldb.net/e5ab636b037ada2d2773ea296b2cca9540dce3db
e5aeda1d2ed36694ebc02324cdfe9d90be41e934.csv,514900,379a1df95ca8e951c7859bb47f88cee48c9ba57fde58f0fe67471cd157d4181c,numeric,5434.0,Orchestra/PPF20_RATE,https://api.vitaldb.net/e5aeda1d2ed36694ebc02324cdfe9d90be41e934
e5c820cc376a76ab44fb2b4a14b5b58aa67a50a1.csv,1070467,cb4cf6439cfce87bdb1fbc4f613570be37b56597e039999c8650dab270f24076,numeric,3220.0,Orchestra/RFTN20_CE,https://api.vitaldb.net/e5c820cc376a76ab44fb2b4a14b5b58aa67a50a1
e5cee958372ba415b22f89330058ccac0c43bb60.csv,52903,8e2a7486d25a676799d1cbd035063d8b27e96106be2df95a33a8003cca5b2116,numeric,4186.0,Solar8000/ART_MBP,https://api.vitaldb.net/e5cee958372ba415b22f89330058ccac0c43bb60
e5d513d4ac6cda53593403c9bfad5f577781982e.csv,788711,35a00de60c6b7be7fa6835c1ec2672c2fd7e249b973b72a2086702f354afe1d4,numeric,5180.0,Orchestra/RFTN20_RATE,https://api.vitaldb.net/e5d513d4ac6cda53593403c9bfad5f577781982e
e5e5c3cd408cecbf5e18ec7b8e306b8d3fa26486.csv,277810,f2bd5a3e128d6cb42cf8c7ddc21783e7d6e0fabc0e0b414d44cf5df3919a8037,numeric,6356.0,BIS/BIS,https://api.vitaldb.net/e5e5c3cd408cecbf5e18ec7b8e306b8d3fa26486
e5f191b4230e687a9cbe66d8de09b42014aa55b9.csv,47331,91843c8d8999f1ad884df3232f52ce411997d0abb604ded89d2bffd66360b08d,numeric,1408.0,BIS/BIS,https://api.vitaldb.net/e5f191b4230e687a9cbe66d8de09b42014aa55b9
e5ff61a6a5f50851f91df2f355b7f370edafc987.csv,342711,94552190f7b6c7a5fb74cbf9d4f260796f409f42d0d0d5be4b57cb0f13dc2810,numeric,3990.0,Orchestra/RFTN20_CE,https://api.vitaldb.net/e5ff61a6a5f50851f91df2f355b7f370edafc987
e6083e2f20424f64243d06cc28ff0758ea6845c6.csv,110089,e2a68ee986facb2ad12a7e6a817b7554db5cb5a66666eb00321fd1c09da66ce6,numeric,6107.0,BIS/BIS,https://api.vitaldb.net/e6083e2f20424f64243d06cc28ff0758ea6845c6
e6203a2e5814045985898443e0948a5bc6aeab01.csv,788309,c9706de54724b28c67bf5bbcd92e0b2b423f755c4ee6acccf5a581ce6f43a448,numeric,1665.0,Orchestra/RFTN20_CE,https://api.vitaldb.net/e6203a2e5814045985898443e0948a5bc6aeab01
e628b3c0825c1b45c3c348c066446f89362b5db5.csv,378785,81127301d59a7a70a540ffbc3ed83ff05b00d643584f393b2f69762aec5f595e,numeric,1213.0,Orchestra/PPF20_CE,https://api.vitaldb.net/e628b3c0825c1b45c3c348c066446f89362b5db5
e6292105a15ff5f79e0f977e786458816eba693f.csv,980685,c15fde02d552d46c480074a99088e5e507ab73db4afc466e39ad9b8b40cd53cb,numeric,3572.0,Orchestra/PPF20_CE,https://api.vitaldb.net/e6292105a15ff5f79e0f977e786458816eba693f
e62aec0f7f1702fc31584bf2438ab398c82e831f.csv,476783,39750e78ce1044754bb0b7553335ce85d2ffb84475a510b893b041a46a08d53a,numeric,3812.0,Orchestra/PPF20_CE,https://api.vitaldb.net/e62aec0f7f1702fc31584bf2438ab398c82e831f
e660a59752ec5254f85b35c2248e54e6fc952cea.csv,157653,b808fda1582355825c82336ee0502cb029c585e9244ae414e3182b92ea5b37a2,numeric,5263.0,Orchestra/RFTN20_RATE,https://api.vitaldb.net/e660a59752ec5254f85b35c2248e54e6fc952cea
e6643bddcc9e59c2a1211aba38eea72d82f2876d.csv,681481,43914fa8f8dff4d64f2ee98907d2600c016eec589501d70eab924f085373bb88,numeric,5490.0,Orchestra/RFTN20_RATE,https://api.vitaldb.net/e6643bddcc9e59c2a1211aba38eea72d82f2876d
e66b8bc8f03f24e99871debc3711668de5fceaa0.csv,880871,2e0723c34b39856c5867191abf8554b630f96cf867e9102432421ab3a1943564,numeric,3499.0,Orchestra/PPF20_CE,https://api.vitaldb.net/e66b8bc8f03f24e99871debc3711668de5fceaa0
e67dd726d1fedf635af80321502613cc2a4f3ae4.csv,657330,70766426708b153c2c6d7cce04a94840b83fb36aab099d72e8c3c28f9034bd32,numeric,1131.0,Orchestra/RFTN20_CE,https://api.vitaldb.net/e67dd726d1fedf635af80321502613cc2a4f3ae4
e6acd377470734d0439e869660d5411aa4982a85.csv,71970,01a8a1dca00677452c3ce0dcc642a8edfa638c51ca202621daff283780bfd9f9,numeric,5352.0,Solar8000/HR,https://api.vitaldb.net/e6acd377470734d0439e869660d5411aa4982a85
e6be4c751ca271bece3bb05eba15a0deae20c2be.csv,48464,c7b785e807d2d62a56970d28588aee5a40180521a2722e7400ca4cd51b5dd9da,numeric,2283.0,Solar8000/HR,https://api.vitaldb.net/e6be4c751ca271bece3bb05eba15a0deae20c2be
e6df32724ced4170a94812e0f08f6668eed55089.csv,444698,9f961070c40a8bf8cfcecf5d08de615ab82ebd1ce6ed5026a5a8e303fe68121e,numeric,2863.0,Orchestra/RFTN20_RATE,https://api.vitaldb.net/e6df32724ced4170a94812e0f08f6668eed55089
e6e1778c04c58377ddbe1b00c1808fc94d7385c7.csv,917545,95a34f990274e62eab5fc6f33b3bc1170db301cacb8d302f84cb12dbf524c26b,numeric,1350.0,Orchestra/RFTN20_CE,https://api.vitaldb.net/e6e1778c04c58377ddbe1b00c1808fc94d7385c7
e6e9992575b6b2df40683dad0fb8453d001bc1ba.csv,66921,daa71f10d6dd9b5f9f7dd282f481e5980a45caa5ffa8307198bdb72a4a6432b5,numeric,452.0,Solar8000/ART_MBP,https://api.vitaldb.net/e6e9992575b6b2df40683dad0fb8453d001bc1ba
e6ec297f3f43dca1946c1634801a755369d017c6.csv,270428,c13e014d80fbfc110312bfc6a08d1d541e6a7900bbebfb5d374111ce7bd50dc4,numeric,3670.0,Orchestra/RFTN20_RATE,https://api.vitaldb.net/e6ec297f3f43dca1946c1634801a755369d017c6
e6fef7da38d49d230388367f2359a2ead5b62529.csv,721295,048fc39c13a0137a627523cda18271ba041a737dbdab6411101ff71e7dd344ad,numeric,1172.0,Orchestra/RFTN20_CE,https://api.vitaldb.net/e6fef7da38d49d230388367f2359a2ead5b62529
e713720bf1c9eb03cff25d68ee8683b91bba9b47.csv,250654,df6f4386ff6f1c202d79b17da91287e1f171f03bd0c4b6501c97ff2c2b5d6bec,numeric,4567.0,Orchestra/PPF20_CE,https://api.vitaldb.net/e713720bf1c9eb03cff25d68ee8683b91bba9b47
e71c33ad22dabf5d012747fff6d8d2350466c86a.csv,1047135,e773119fe4c28a328e7f0232e53989304f0923b5c5c6fa0d5c0c8a3b8a2b3db2,numeric,6071.0,Orchestra/RFTN20_CE,https://api.vitaldb.net/e71c33ad22dabf5d012747fff6d8d2350466c86a
e71e0bce51cbd059b0569185788e495310a8c4e2.csv,307229,4143179d4fefeb4cea0328b9cce0e400d1a6282c0898750910f68fb819131195,numeric,166.0,Orchestra/RFTN20_CE,https://api.vitaldb.net/e71e0bce51cbd059b0569185788e495310a8c4e2
e738551d41911e8fe72ea438dd2158e0a919b20e.csv,499354,b9d282cdcdef3ae89a78538d0a551e5181448b5743edc5909b160170d3c100dd,numeric,2435.0,Orchestra/RFTN20_CE,https://api.vitaldb.net/e738551d41911e8fe72ea438dd2158e0a919b20e
e741dc97c223f54f42138846aa6af8c0f7b0cfb4.csv,468304,fd08b1373a3f0a55f08f695f5668b5482ebc6635bff46ce3add21474c83f866a,numeric,57.0,Orchestra/RFTN20_RATE,https://api.vitaldb.net/e741dc97c223f54f42138846aa6af8c0f7b0cfb4
e760b2039afafdadf6a8112417eab40eade10d9e.csv,305818,1399448148f3591f81ade6cd13a8557a15f5c684e1bf5a97389788af6ab3ae88,numeric,1337.0,Orchestra/RFTN20_CE,https://api.vitaldb.net/e760b2039afafdadf6a8112417eab40eade10d9e
e78780c88d6802a3de70ba214d108ee877bcad24.csv,53711,df7bab223d4f89094980ca53f49d184baf7962311d22742a2c85c10663ed034a,numeric,414.0,Solar8000/HR,https://api.vitaldb.net/e78780c88d6802a3de70ba214d108ee877bcad24
e78b080f9e78e7be2c0cc72e6962ddafe9d7b6c5.csv,177446,7452290dad14f8e0a634ae1bce7d54a216fb67d5361bec8732493793d27453a4,numeric,6305.0,BIS/BIS,https://api.vitaldb.net/e78b080f9e78e7be2c0cc72e6962ddafe9d7b6c5
e7a71ee76700c2c40f58d37d2ed50265ccff178b.csv,2299132,4d1829d7e4fb2aa9619b8fd8d188d45ada58f734cdac7b56fe026170da324666,numeric,1936.0,Orchestra/PPF20_RATE,https://api.vitaldb.net/e7a71ee76700c2c40f58d37d2ed50265ccff178b
e7ad63616baa4b90b0ec761250775b25b318c1d9.csv,584918,2dd66372c9dcd17df0df731205dfa69fbc0f7ffa331376220f5bd9e74e1b87cf,numeric,284.0,Orchestra/PPF20_RATE,https://api.vitaldb.net/e7ad63616baa4b90b0ec761250775b25b318c1d9
e7b1101b9826a2ddc59c389bb8187b3efeb384eb.csv,553774,31cfdd2af89ed335c1a097f54882036a3ae5e5edd2e25e77c0bc4be189dd12b1,numeric,2717.0,Orchestra/PPF20_RATE,https://api.vitaldb.net/e7b1101b9826a2ddc59c389bb8187b3efeb384eb
e7cf99e2b616a01f52e08f9cdb300530d821fcb5.csv,1121424,3e5f9ff2e3d3092d413ba08d361bfe82b1cb5c8e484f9d2393f13568d9be6c49,numeric,3860.0,Orchestra/RFTN20_RATE,https://api.vitaldb.net/e7cf99e2b616a01f52e08f9cdb300530d821fcb5
e7d4149674ef899f7bddf129733c3f9abad284f9.csv,202871,12e53ec8e4088e5604e43c6d7d083054f6965d58da8f8632829a2731c9d7854b,numeric,789.0,BIS/BIS,https://api.vitaldb.net/e7d4149674ef899f7bddf129733c3f9abad284f9
e7e0d08780d95cc13eabea83648af8e1a5b3abb1.csv,200276,6faf091be1e7e09b54b499d10a9231e01654578d0cf112efece936d06a513da8,numeric,5322.0,BIS/BIS,https://api.vitaldb.net/e7e0d08780d95cc13eabea83648af8e1a5b3abb1
e7f7d5c78909bfbaf9683f0c7d8e301c68c8caf5.csv,219705,18d4c4654c616a9340520ee189fc3b9433cce5740b16a5a9b8ef2e755f48769b,numeric,2879.0,Orchestra/RFTN20_CE,https://api.vitaldb.net/e7f7d5c78909bfbaf9683f0c7d8e301c68c8caf5
e7fbd1a7e49eeff9b01c94036a68d3717058b00a.csv,104782,2ac39f4d5d3febf833731f1e833eb4306ac8805728690d554ea699f3a7df852a,numeric,5998.0,Solar8000/NIBP_MBP,https://api.vitaldb.net/e7fbd1a7e49eeff9b01c94036a68d3717058b00a
e80f514db5011116d2c3790b217126348ce9ffa9.csv,599697,d6ef3acefaa17e034352f386c98c68e19c479e79fb367c4de51af74efcaae440,numeric,5781.0,Orchestra/RFTN20_CE,https://api.vitaldb.net/e80f514db5011116d2c3790b217126348ce9ffa9
e8437cd08a66fa91ff57dcf0f0397e4553ab6125.csv,312164,3d10af51ce002687ac9ae652b407975c28288bbcadad5bfda41c808a08ed4943,numeric,1662.0,Orchestra/RFTN20_CE,https://api.vitaldb.net/e8437cd08a66fa91ff57dcf0f0397e4553ab6125
e86f9c0d6c5aa189d619d4520a559123a2028139.csv,94835,ea36c40ada6ba9cca3b97a365780ae42eb041c4bd96bb0a093656fef2782bf6e,numeric,4383.0,Solar8000/HR,https://api.vitaldb.net/e86f9c0d6c5aa189d619d4520a559123a2028139
e8872617086fbed3e63a78411cfdb17e3839fd4d.csv,607266,f803f275591ed153b371eee53f13db9732fc207f601e30e322f78423c249614d,numeric,6088.0,Orchestra/PPF20_CE,https://api.vitaldb.net/e8872617086fbed3e63a78411cfdb17e3839fd4d
e8b40ded891db320e62f6784ba8da309e6251679.csv,785435,6ce35efe5800aae74711c1b4c952ee0ab2f40a5f2567572c234f6bdde9a02cc6,numeric,4805.0,Orchestra/RFTN20_CE,https://api.vitaldb.net/e8b40ded891db320e62f6784ba8da309e6251679
e8c4b3ab0f3b84a70b8fc1e38103c33d4b5ecb78.csv,48689,2feeb3255eb564f82f6ba790959f97a0f995c02c86d047e53d13007bd16f4366,numeric,5731.0,Solar8000/NIBP_MBP,https://api.vitaldb.net/e8c4b3ab0f3b84a70b8fc1e38103c33d4b5ecb78
e8d2f0dd00318a31b343894968e2fc3d709b8603.csv,96385,892ef0ccba14cd108aa7c152d509d709177f4478e97b627f3fb5b3bbeb4001d7,numeric,5390.0,BIS/BIS,https://api.vitaldb.net/e8d2f0dd00318a31b343894968e2fc3d709b8603
e8ea76acf1e2d0e36ccc8d9070c26975930a88b0.csv,71416,a4e76ede65bf1d27f74ebfd566462a952aca99f19ee25bc13b0d82b0b881d8ff,numeric,2949.0,Solar8000/ART_MBP,https://api.vitaldb.net/e8ea76acf1e2d0e36ccc8d9070c26975930a88b0
e8f3723230ad7ba623cc1e9e21bddf2ac09cdce9.csv,674265,dddbf517e65cf9c4324df7490f1b4f6ab6db16d7244c4550cb25d17e34599e6b,numeric,4133.0,Orchestra/PPF20_CE,https://api.vitaldb.net/e8f3723230ad7ba623cc1e9e21bddf2ac09cdce9
e908e5742ee4d1b6715e2d58ca2e41cc7158216d.csv,619319,e0225f8de22790ca138e617508032c78a29ac328d6415e404f37713793403184,numeric,2949.0,Orchestra/RFTN20_RATE,https://api.vitaldb.net/e908e5742ee4d1b6715e2d58ca2e41cc7158216d
e918a1fd353793e25005e2fdfe5457242bdd60ff.csv,111386,e2acf55d64c66cad4ac9b8d396dcd0e16797dbfe626b553ab0d60c0f11173dbc,numeric,1648.0,Solar8000/HR,https://api.vitaldb.net/e918a1fd353793e25005e2fdfe5457242bdd60ff
e91f835f64bd75e8ebadc610fad816a3664e991b.csv,65158,96f32a1c9642ca0ece23945fe7f212a7c40447e4f813d17def73fd1821d133af,numeric,3857.0,Solar8000/HR,https://api.vitaldb.net/e91f835f64bd75e8ebadc610fad816a3664e991b
e92c7f22e26f546a565ba5726d39bfb323cb0a74.csv,270570,37709feb8e0d5d44a53a0fbf4d23511d706482f139c2e02bdf8f9c445b21d745,numeric,579.0,Orchestra/RFTN20_RATE,https://api.vitaldb.net/e92c7f22e26f546a565ba5726d39bfb323cb0a74
e93a39e44a89a5b14f18014c80b4f8890ffb00a1.csv,615802,e254994d81c09a52a21ea9fe471eedc184d19b4397dbb451a4fb436d19388da6,numeric,3961.0,Orchestra/RFTN20_CE,https://api.vitaldb.net/e93a39e44a89a5b14f18014c80b4f8890ffb00a1
e953930273a9ffef5a01e1dca3aaf4cbdf3d90e6.csv,228115,2e75aa62df3e5841293af401253f1a89648f1f27cff4fb64379f969509755514,numeric,785.0,Orchestra/RFTN20_RATE,https://api.vitaldb.net/e953930273a9ffef5a01e1dca3aaf4cbdf3d90e6
e95964810441887a48861d0c780bfdd7c1295b52.csv,175038,89ee3c68d7d8f0901d7c4e6daa5a1473fe2f5897de1cec40d6eaebbe04329620,numeric,5360.0,Solar8000/ART_MBP,https://api.vitaldb.net/e95964810441887a48861d0c780bfdd7c1295b52
e96e29a8a61bebe245d8e2b86483e7a4755d0892.csv,556211,352752dd8f55db2e5d7b0948e0a2587c4bb323a135bd9b983991f139a06d458d,numeric,998.0,Orchestra/RFTN20_RATE,https://api.vitaldb.net/e96e29a8a61bebe245d8e2b86483e7a4755d0892
e978388b05acae7da71899207b024cd58e89a9de.csv,87889,278ae6db9222af957cce1163bf50cd8ab8b88532c3d6f6a66fc55253ff898f9e,numeric,122.0,Solar8000/HR,https://api.vitaldb.net/e978388b05acae7da71899207b024cd58e89a9de
e97d7d53e5f240fdf634f173c518198404a5a13a.csv,366526,ae812907b416fac9fc99599e73cc4ae55d30a33b1fe897c854c105fa8a7c174b,numeric,591.0,Orchestra/RFTN20_CE,https://api.vitaldb.net/e97d7d53e5f240fdf634f173c518198404a5a13a
e9bca606faffe735444091b29f9220312cbf4ff9.csv,359455,5cac02f0d8860c7e0825911eb17f86af225b705a0c332d3b61247c3acbe637bf,numeric,301.0,Orchestra/PPF20_CE,https://api.vitaldb.net/e9bca606faffe735444091b29f9220312cbf4ff9
e9c2d48b24c7e0ae1f26b71fdf7d235e028770dd.csv,55951,f1a5894380a222e7f5501597ed5c5a9cb8e60686ea1a2e977c2561e9be0ce339,numeric,4011.0,Solar8000/HR,https://api.vitaldb.net/e9c2d48b24c7e0ae1f26b71fdf7d235e028770dd
e9f3a7a1c96e5f8b132f421cac1c3cbdcbd56ed9.csv,448355,5c234882c65fee6fd6ba7b5a231a60d1ed7c865ce5cffb0e2df8466567953724,numeric,6305.0,Orchestra/PPF20_CE,https://api.vitaldb.net/e9f3a7a1c96e5f8b132f421cac1c3cbdcbd56ed9
e9f8f5ff343e6db27fe9d33a75ac245989157fbb.csv,427545,b8c092ae4db069f049bf099326e7e2ec088bf9dddfa604d1fe2b983d1d10a874,numeric,2283.0,Orchestra/RFTN20_RATE,https://api.vitaldb.net/e9f8f5ff343e6db27fe9d33a75ac245989157fbb
ea01d9af38c4e62cc57691ccec562409bcb86af4.csv,445076,6a723c29bf662e30dd30340b955e840408288e697ed78f8c1ac6e689cb768663,numeric,4464.0,Orchestra/PPF20_RATE,https://api.vitaldb.net/ea01d9af38c4e62cc57691ccec562409bcb86af4
ea12061e834f58181b86db0797b411edacacc926.csv,316783,14acbc183933b98a0e991a2b2c800b0c4a3b0308561e530a384834e950bc352a,numeric,1255.0,Orchestra/PPF20_CE,https://api.vitaldb.net/ea12061e834f58181b86db0797b411edacacc926
ea223e18541535e94a944692b32c10f0acef9d0f.csv,891072,8b3feb194816ec0afb38f7fdbaf6da54d546c24b64964e2eccb0276777a2db32,numeric,3846.0,Orchestra/RFTN20_RATE,https://api.vitaldb.net/ea223e18541535e94a944692b32c10f0acef9d0f
ea29cd44239d9b247f80bdd84b47286be8d25058.csv,95092,f40dd1d1054d31322567559d081a4257171be0436c1f4dff75795fd4a7bdcfdb,numeric,3545.0,Solar8000/ART_MBP,https://api.vitaldb.net/ea29cd44239d9b247f80bdd84b47286be8d25058
ea5975451c17d901cb2fd86b4af0e58e1f14934c.csv,42228,6bcbbb1117134d131430f2297aa8ae24cfe10b1a1049c082508a22542d0a6f82,numeric,3990.0,Solar8000/ART_MBP,https://api.vitaldb.net/ea5975451c17d901cb2fd86b4af0e58e1f14934c
ea60b52def5e63571d7741c3943c0b82dcdde556.csv,255765,e924377b9a8413d73a71b562d381c8c2df3fa2187aceca44a776a5c0f8c253f9,numeric,811.0,Orchestra/RFTN20_CE,https://api.vitaldb.net/ea60b52def5e63571d7741c3943c0b82dcdde556
ea673efc3a3329e16afb8bb1962dcc7c933ad7ee.csv,208455,570a9e746cbbb6ffd3b79596b20f07639466fcb17f5d4831c5374c0923e5ffe1,numeric,4390.0,Orchestra/PPF20_RATE,https://api.vitaldb.net/ea673efc3a3329e16afb8bb1962dcc7c933ad7ee
ea6d91a71cb0fd2490242ad71887cdf103fe4ef3.csv,50367,7efa9b9dfc87dd4952b537b2c2ba474b6cd620066b41c5a4dd1da5993110f207,numeric,1974.0,Solar8000/HR,https://api.vitaldb.net/ea6d91a71cb0fd2490242ad71887cdf103fe4ef3
ea7b9a0b566fc5a77c95b850add163a9b3370c31.csv,825412,eac04a2415162cce6bbf6c2b57003fcd2532f1f5bf024e9589b2f9afb8daf095,numeric,2653.0,Orchestra/RFTN20_CE,https://api.vitaldb.net/ea7b9a0b566fc5a77c95b850add163a9b3370c31
ea7ffc8be4c3454d1497deec0d4b87ef29c72117.csv,223722,335879d4e70684fe872f40525c012abe003e0c4b4feef971e2186c3226392eaf,numeric,5180.0,BIS/BIS,https://api.vitaldb.net/ea7ffc8be4c3454d1497deec0d4b87ef29c72117
ea85c54f1a4a838091946e2f80a5ef4b131fe3cf.csv,79950,caec1a75cbc105b14ee4b9112c6d0a93d196d2ae5424e60969b932d8f44fc9d2,numeric,2530.0,Solar8000/NIBP_MBP,https://api.vitaldb.net/ea85c54f1a4a838091946e2f80a5ef4b131fe3cf
ea929e8e6cc6cb539bd3ea483288060c5521689e.csv,40051,8dfafc02b9612733e29c1108926422504907e5fc3ffc096ad7c9991f9217e600,numeric,1709.0,Solar8000/NIBP_MBP,https://api.vitaldb.net/ea929e8e6cc6cb539bd3ea483288060c5521689e
ea98ae94f9b2d51ca2e12478e87f58190c1a7bdd.csv,841775,d82df50e7cdac0d42f36cf8c2f3fa07ecd11d088b1d551f642af7789ce812801,numeric,3196.0,Orchestra/RFTN20_RATE,https://api.vitaldb.net/ea98ae94f9b2d51ca2e12478e87f58190c1a7bdd
eab21502f3932b52be415ac1d1bd41fb655b6148.csv,61062,6ee48855e8bd2b715a674578fac53cc852d21b4b33355bacf8bb96998bd3fdd8,numeric,37.0,Solar8000/HR,https://api.vitaldb.net/eab21502f3932b52be415ac1d1bd41fb655b6148
eabdc002c16948d2d35a720e37f2b0bdad94f0b3.csv,456312,160115cdd7d645e957bdfff6b77df171fe2e2e0e023ce8a5ecae0e6db4cab525,numeric,295.0,Orchestra/RFTN20_CE,https://api.vitaldb.net/eabdc002c16948d2d35a720e37f2b0bdad94f0b3
eacd40bb28bd4187d07b99ffa5a1dfc05a875cbb.csv,689267,374f8b6ec6961f98fad128f1aeaa69d680bea3f25a4c92db69596faeb5800020,numeric,3663.0,Orchestra/PPF20_RATE,https://api.vitaldb.net/eacd40bb28bd4187d07b99ffa5a1dfc05a875cbb
eaf6183b8c043fa88f6793fbd6cadf3be4846cb1.csv,56929,f165894e7eed5a7b40a21db3c31a6b9d6e76e9ca0482bdf165394ff808bbbdfe,numeric,3421.0,Solar8000/HR,https://api.vitaldb.net/eaf6183b8c043fa88f6793fbd6cadf3be4846cb1
eb3f97ffdaed3b6ef53544889cee890a6531bdb3.csv,934101,98c46dfacc1a2f48b5829193f488dc8ec84ff55b75694fffb8d008407faadbde,numeric,308.0,Orchestra/RFTN20_RATE,https://api.vitaldb.net/eb3f97ffdaed3b6ef53544889cee890a6531bdb3
eb40b46ad3720f261116174441ab4a9c96684622.csv,425706,09f2082b9269084935b25450e4cdbf98493cd1aa5e9df927cd6922996e79fb33,numeric,1002.0,Orchestra/RFTN20_CE,https://api.vitaldb.net/eb40b46ad3720f261116174441ab4a9c96684622
eb47aaf01a5d2bc0d8cf1b96c4bb04bec662f495.csv,480520,4bdc4437c78e90eb25f321baaf1e905a0016fc07d12cc1545ab81b2806630b2a,numeric,1946.0,Orchestra/PPF20_RATE,https://api.vitaldb.net/eb47aaf01a5d2bc0d8cf1b96c4bb04bec662f495
eb5b68c1b8a08f050bd06601796ebb610aacc5d5.csv,477845,68006a7bb8e354c8d285fc96f16c512917b9bb2b323978c758ef23bff04aee44,numeric,2123.0,Orchestra/PPF20_CE,https://api.vitaldb.net/eb5b68c1b8a08f050bd06601796ebb610aacc5d5
eb78c00ebe99b9787e712357b761954b366c311e.csv,672661,52eb29de90d6c2414e499a25059cd7805b1b8b0b757e2a0a8254c1bb899f0728,numeric,1444.0,Orchestra/PPF20_CE,https://api.vitaldb.net/eb78c00ebe99b9787e712357b761954b366c311e
eb9e339c088c0263986e98d51604da28b06afe3b.csv,623333,09b1f8a44de4c3f28262047afd28f7be4e433afa76a560d6abf9128534e13594,numeric,6181.0,Orchestra/PPF20_CE,https://api.vitaldb.net/eb9e339c088c0263986e98d51604da28b06afe3b
ebb4512710bf39656c65fed143b95a03f973cb67.csv,286499,d89e3713a4cb211e6092b4ee80d03d61bb2c0ca5e2abe5753130412fe0ab80ce,numeric,1904.0,Orchestra/RFTN20_RATE,https://api.vitaldb.net/ebb4512710bf39656c65fed143b95a03f973cb67
ebd9504252ccebc3b9679688a17ea496c85182db.csv,283351,4462f65c3323547654314aafb65c7aa3afdcd0e88bc6e2c13d5caf3c8b175a65,numeric,3170.0,Orchestra/PPF20_RATE,https://api.vitaldb.net/ebd9504252ccebc3b9679688a17ea496c85182db
ebe8dbbf14afba5a5365237d0e03b57b99641c72.csv,42647,e966ef88d24157c0e1aa23685ad92d9738192f53b2bb90f52a045fc5f68b0380,numeric,4433.0,Solar8000/HR,https://api.vitaldb.net/ebe8dbbf14afba5a5365237d0e03b57b99641c72
ebee67eb0e9a19cd2b9d67bd7ade3e0c0f1ea71b.csv,138489,8b968c80fa37db883adaaa0b1c3d0048d2a97815fb9e60c0077c4697d466bd73,numeric,297.0,BIS/BIS,https://api.vitaldb.net/ebee67eb0e9a19cd2b9d67bd7ade3e0c0f1ea71b
ec0ceddde8e75f430232a178867cf117e5aac86a.csv,453690,b2e5ac56bef43baedcdbedc163fc6d30472b0ec5d2ddc897751c4679a95f1b9f,numeric,3169.0,Orchestra/PPF20_CE,https://api.vitaldb.net/ec0ceddde8e75f430232a178867cf117e5aac86a
ec31965f95fec5118c847d8e83d44bfa76ded9a4.csv,401101,c3e91d2b469bd1fdb860c235d2690ade23de3fc6426c8b7b980cc8d8248ab573,numeric,1230.0,Orchestra/RFTN20_RATE,https://api.vitaldb.net/ec31965f95fec5118c847d8e83d44bfa76ded9a4
ec577857f4dfef23f1f42f92d96eec65077a94f9.csv,161738,a2102699af74773301191825ab4745bc3954f7b5253f00897ff8fd3688b9e86a,numeric,2380.0,BIS/BIS,https://api.vitaldb.net/ec577857f4dfef23f1f42f92d96eec65077a94f9
ec59ad29ef5299e0e395ae0b0d28731040310406.csv,105127,7e93ec09fe696a61a0b0f8717b17566f7a4a5cb1a2b143ea8ff901e4428fc596,numeric,5662.0,BIS/BIS,https://api.vitaldb.net/ec59ad29ef5299e0e395ae0b0d28731040310406
ec6aa8b2028beff9dfd74d7448313e96f40e2c2c.csv,553262,6c844c4f8cadd7ad1f4ba87de350794cb77ea826b093cd50f3fe822c2c97b92e,numeric,1630.0,Orchestra/PPF20_CE,https://api.vitaldb.net/ec6aa8b2028beff9dfd74d7448313e96f40e2c2c
ec98224dc41f13bed5a4d894064abb59e6c7369b.csv,719584,c57effb1561eb488cf4018cfe350298ef8154ed9a16edbc8acf07f6e76c836ce,numeric,3663.0,Orchestra/PPF20_CE,https://api.vitaldb.net/ec98224dc41f13bed5a4d894064abb59e6c7369b
ecbfa115b3b0146eddb7a529f1621585e47d77e9.csv,321320,cd5c94adb64a3720f0e6446a6e78c3cedb13325234e426c281c0cacd62e26b01,numeric,1974.0,Orchestra/RFTN20_RATE,https://api.vitaldb.net/ecbfa115b3b0146eddb7a529f1621585e47d77e9
ecfffaebc73cd063123491707a82433e0df41f4b.csv,155621,43acf74b94fa6e5b7d64635a8e2632f919a13826c54599aed14ef87ca0fcb632,numeric,452.0,BIS/BIS,https://api.vitaldb.net/ecfffaebc73cd063123491707a82433e0df41f4b
ed06025c6f6e759df42613fbb21c1e3145da39bf.csv,592870,9fd3ef295aff5f67ce5ebb834d6cab1d5036098b6d16b345c753e5d4709db8be,numeric,5912.0,Orchestra/PPF20_CE,https://api.vitaldb.net/ed06025c6f6e759df42613fbb21c1e3145da39bf
ed06544561a28c3bb746e1003f117776d4c726de.csv,60328,12696ee2bf6e0c73d05929ba2617a9936961736e6f8d86ea91400796b85c6d15,numeric,624.0,Solar8000/ART_MBP,https://api.vitaldb.net/ed06544561a28c3bb746e1003f117776d4c726de
ed2e970eac58a521942ee4eee33b589d94458a16.csv,162104,9efd63de81eea0a7f2cea205e6e0e26905f6bd3e4b1d241446c6de8516f5e25a,numeric,5263.0,Orchestra/PPF20_CE,https://api.vitaldb.net/ed2e970eac58a521942ee4eee33b589d94458a16
ed48d3390ac2c3b0b2050eb530c0054aa9e29cca.csv,163467,37c724ebc9d9267200054e8aef4bfba47ace28bb259c7a3f272fb8b37bbd9e2f,numeric,5798.0,BIS/BIS,https://api.vitaldb.net/ed48d3390ac2c3b0b2050eb530c0054aa9e29cca
ed59af9be212f53eb617eb4c48b5b407f40125d5.csv,42160,66984c73740afbd7495f94ef97218c471f98cf1d6f02916960a43a0e80586e1d,numeric,1255.0,Solar8000/HR,https://api.vitaldb.net/ed59af9be212f53eb617eb4c48b5b407f40125d5
ed6d933b187ae5270d55441de80eb46086235f93.csv,502321,245b98cc4304d698f6886d62a306d418687a1e7baa62d8a000f3be7d452b0663,numeric,1102.0,Orchestra/RFTN20_RATE,https://api.vitaldb.net/ed6d933b187ae5270d55441de80eb46086235f93
edb65a09c987e58a6957c158acc4f422d7fcb16f.csv,37995,48a72bfffbaca8b3a7f7bfecbc294d2dbe36ac94acfa7a761c14dd0dab468b52,numeric,2763.0,Solar8000/ART_MBP,https://api.vitaldb.net/edb65a09c987e58a6957c158acc4f422d7fcb16f
edd8fd2e14619507d58bff1a231ed9c847b83795.csv,108040,1784fa4b454d9182f3367f95a6d955f4d76ff9d4b97d74cc9bad82c7db61f520,numeric,3407.0,Orchestra/RFTN20_RATE,https://api.vitaldb.net/edd8fd2e14619507d58bff1a231ed9c847b83795
eddeb7ff5ff0cacf4e399dea94df9f5e097a3cda.csv,50946,f71a259e7a69d68658f029fb0d3247865f7efd0abe90fc8e8af0cb8a2da3ff99,numeric,4227.0,Solar8000/ART_MBP,https://api.vitaldb.net/eddeb7ff5ff0cacf4e399dea94df9f5e097a3cda
edf393e89f94c5def41b58c2db27229fe9b7d123.csv,239633,7172a59793eda4171c2138027c2aae7a0ab403e5d89b3317dd529189ad68fd22,numeric,194.0,Orchestra/PPF20_RATE,https://api.vitaldb.net/edf393e89f94c5def41b58c2db27229fe9b7d123
edfac91475486749d66f0d51c18d01d02e261fee.csv,239124,b68b065446011acabe758da6ad463bcfb68b66a995c7dafc09beb23745f63f42,numeric,2078.0,Orchestra/PPF20_CE,https://api.vitaldb.net/edfac91475486749d66f0d51c18d01d02e261fee
ee0521f5088b5cbd7b1e744fa5b2ca068918b2b8.csv,15402,bedf3fcebf608ff33216a32a1efda2d6df339ad127d99986f78537049a653997,numeric,4464.0,Solar8000/NIBP_MBP,https://api.vitaldb.net/ee0521f5088b5cbd7b1e744fa5b2ca068918b2b8
ee08c889804bf9d8920371880cacd07606ee44f4.csv,81267,9192369e06339f74dfedc3a2d6fe4f2cf5bb8be5d8fddbb8f3424fb6feb1e3b7,numeric,1630.0,Solar8000/HR,https://api.vitaldb.net/ee08c889804bf9d8920371880cacd07606ee44f4
ee09abb8f0d1d789af15b278f6bb30ffca519183.csv,317382,89621a9a7c7c85d4c71d62bb85e011c4ab799fadcddffc1133a109d015371ff7,numeric,1871.0,Orchestra/PPF20_RATE,https://api.vitaldb.net/ee09abb8f0d1d789af15b278f6bb30ffca519183
ee4b4fd3f281b76ead9ae48b54ca3aa6f4bfbe29.csv,641285,ca551eab2182ad4d18d5ec60b9b3ed86897768328fa7abdb10e44ee295b7c10b,numeric,1193.0,Orchestra/PPF20_CE,https://api.vitaldb.net/ee4b4fd3f281b76ead9ae48b54ca3aa6f4bfbe29
ee97833b3d2284dda85c06f54de0f227df4fc712.csv,91049,73d8d79b3b3c085d20eef30f3124ad5c558752d12c16a3f3cf8a97b912ec0ddf,numeric,1558.0,Solar8000/ART_MBP,https://api.vitaldb.net/ee97833b3d2284dda85c06f54de0f227df4fc712
eea5bcc8320ea1649fd84b8a814eefcf4e1809c6.csv,283348,22693edcc40f5ee425283d9b8668de7dd4bf556547aca500c83a164c211ef5fb,numeric,579.0,Orchestra/PPF20_CE,https://api.vitaldb.net/eea5bcc8320ea1649fd84b8a814eefcf4e1809c6
eead3eb7036001d4be85ec816a7faaee8297adb7.csv,42384,73aec04aca7e4b2d52dbde502dfb55a79d9455360d15c63180831529b5c9f3d9,numeric,2492.0,Solar8000/NIBP_MBP,https://api.vitaldb.net/eead3eb7036001d4be85ec816a7faaee8297adb7
eeafe7d9c73211124a14e75afefb6eacaa50b941.csv,208524,14013065812ceff5aabac677369df56c74252c0c605c0c6e02c7274615639824,numeric,1193.0,BIS/BIS,https://api.vitaldb.net/eeafe7d9c73211124a14e75afefb6eacaa50b941
eec17abd4836bef93f930dfc6510e56917ad7f34.csv,78490,d1f4c90737cd8c08e58a930b40e005c19ff5ff1d3fdebb23d2e6bfa07971f968,numeric,986.0,Solar8000/ART_MBP,https://api.vitaldb.net/eec17abd4836bef93f930dfc6510e56917ad7f34
eec308460b53b270e1e81a946620511cb6f646f0.csv,165447,aae2adcf5c71807d41af6537247b5585a6f3aa09bbd67ed6d4bfc1c6a563501b,numeric,3373.0,Solar8000/HR,https://api.vitaldb.net/eec308460b53b270e1e81a946620511cb6f646f0
eed13f72385d5f26d9f1d53a17e7b13344ae5e8f.csv,55990,530631cec011e9da5ee0fe9a2f0000d5d4efc0c225c8ed9b0539117c1d8fc5e9,numeric,1969.0,Solar8000/ART_MBP,https://api.vitaldb.net/eed13f72385d5f26d9f1d53a17e7b13344ae5e8f
eed54252474726ba6d11319a750db311c20bc186.csv,218605,82aff4e7ce38861bdea90653cd208c3a13fd2fe7829d8e01d3b941fac64b490e,numeric,353.0,BIS/BIS,https://api.vitaldb.net/eed54252474726ba6d11319a750db311c20bc186
eed58524ca6d9bc112252e4bc1d4e44bc6dbc338.csv,301062,ea56bcb8e7dfa3de2dd44a608c844b90e290725e1f81c15b2238c0419353ed83,numeric,4735.0,Orchestra/RFTN20_RATE,https://api.vitaldb.net/eed58524ca6d9bc112252e4bc1d4e44bc6dbc338
eef6a6f63012c97b9f0a8b565b4cb130c5047648.csv,90753,0aa3bdf05001aa3656e8c75572a132bb08cd494aa74f058791b04478f60d38ff,numeric,566.0,Solar8000/HR,https://api.vitaldb.net/eef6a6f63012c97b9f0a8b565b4cb130c5047648
ef1ca18adb4a50a25479ecc3e63e21e91703a013.csv,121902,10baa32e6628510ac86f035aecc4fe5cfc2cd5556c19d2bf7757bdb8a5f12299,numeric,2185.0,Solar8000/ART_MBP,https://api.vitaldb.net/ef1ca18adb4a50a25479ecc3e63e21e91703a013
ef499fd0ab43faccc41c837ddb26bea7e44c1dbc.csv,100194,82876217ab59f8c8dc5f300d3aa2cd62292ff751471178e52df7ddb45f7b43dc,numeric,1160.0,Solar8000/HR,https://api.vitaldb.net/ef499fd0ab43faccc41c837ddb26bea7e44c1dbc
ef4cb9e99b87f5b7ca01d18d10ee2f986b4b108a.csv,366052,6aa0d5f1b4d4e1cb2e884c667368075d8175d1a99e9d656dd84cd06110aafba2,numeric,6241.0,Orchestra/PPF20_CE,https://api.vitaldb.net/ef4cb9e99b87f5b7ca01d18d10ee2f986b4b108a
ef93396f8a6927596c898ab40a7b8570b7ad9053.csv,105337,9949b4927582aa84fa67d7a34de61ab7f1e42bb6b25b1798ef10eb8a20978223,numeric,3805.0,Solar8000/ART_MBP,https://api.vitaldb.net/ef93396f8a6927596c898ab40a7b8570b7ad9053
efc837d1262e73c49252046e838f7e8406d78ac7.csv,739803,4b71896b231a04166ce93160ea2e3fcb5209ecf9497b7122f4ed0fc11d6fd0a5,numeric,2671.0,Orchestra/RFTN20_CE,https://api.vitaldb.net/efc837d1262e73c49252046e838f7e8406d78ac7
efcf00b14cbb0eb8c0574445903c5d9493a52961.csv,219453,e8a94483b7e9088419f36e8909bf7c7a2f4614e9e88b79fc746691009526dcf9,numeric,1024.0,Orchestra/RFTN20_CE,https://api.vitaldb.net/efcf00b14cbb0eb8c0574445903c5d9493a52961
efd70e493364c5ed2eeec0831479fe197953031a.csv,62928,652f272a627f2721055cd00db3caf273043a19e770b29362cd2dd2cadbce844c,numeric,1082.0,Solar8000/NIBP_MBP,https://api.vitaldb.net/efd70e493364c5ed2eeec0831479fe197953031a
effdaae09b3825d02b35b56f5e9b22bfe98d7491.csv,692607,8489de1a1cca77bbc101f4755246770267df7e1e857542b83c99387606db8f50,numeric,4027.0,Orchestra/RFTN20_CE,https://api.vitaldb.net/effdaae09b3825d02b35b56f5e9b22bfe98d7491
f000ef92e955a1b5fef3f504034a23d4c699c11b.csv,276508,dc6462b1f07d7c5355d080005288f5945516d473c51b7c04a38e80b5938118c3,numeric,1221.0,BIS/BIS,https://api.vitaldb.net/f000ef92e955a1b5fef3f504034a23d4c699c11b
f0179a818bb04844f22e098a082eb303b8d810f8.csv,433736,780b2ad6a4c9b6f68ce8a24a4d81dedc58367444dc6b5bdc3b79dd033ee2290d,numeric,3169.0,Orchestra/RFTN20_RATE,https://api.vitaldb.net/f0179a818bb04844f22e098a082eb303b8d810f8
f017a8aa95af4b8dc0949f3f772db2a114d73d6e.csv,1064394,37da29003fe8fb63faad76d0a571c10e60d987f4c1ea9db0b26eedf0f1195e85,numeric,6114.0,Orchestra/RFTN20_CE,https://api.vitaldb.net/f017a8aa95af4b8dc0949f3f772db2a114d73d6e
f01d8065e3b627a13779474806e67aca68f9d67b.csv,93972,f60002e91e77b7deb5d267859352327bc2784ebfa4d38d12b2b77b8deec84ab9,numeric,1149.0,Solar8000/NIBP_MBP,https://api.vitaldb.net/f01d8065e3b627a13779474806e67aca68f9d67b
f0216129b1c36ebcd44adf71693502aded689378.csv,124151,47bcb336d36a0d0f5d184c7f3d91146f03285332d7175117ca181e4ba9df3667,numeric,5749.0,Solar8000/ART_MBP,https://api.vitaldb.net/f0216129b1c36ebcd44adf71693502aded689378
f022c5c672bd8b0d1522c4c60212c4b130576693.csv,847956,cd222d73642f8a39a552436a80e8aa4b1725e4cef37a95bc2c1d450da74e890c,numeric,3325.0,Orchestra/RFTN20_CE,https://api.vitaldb.net/f022c5c672bd8b0d1522c4c60212c4b130576693
f049b78cdf4454a11a634b617857a035c72c0785.csv,117287,26d6b6c22ef6ef3326b9f1b83ad50783e11ec42586d953292af8dacc02a166f7,numeric,2797.0,Solar8000/NIBP_MBP,https://api.vitaldb.net/f049b78cdf4454a11a634b617857a035c72c0785
f0639260583a8e5d23ceb67511f959e5027a57b4.csv,53286,db0a514ff2fc50f6704e2b8b2f6572d183207800e60fd9fa2b0ee309bc10ac6d,numeric,1213.0,Solar8000/ART_MBP,https://api.vitaldb.net/f0639260583a8e5d23ceb67511f959e5027a57b4
f06f0945135b083ed88670a7c9a0c6f99a5b4866.csv,60230,1c02a00b051d1920e74adaedbae0e058f641d2e253849f8cc02bcd8f9aee34c9,numeric,138.0,Solar8000/ART_MBP,https://api.vitaldb.net/f06f0945135b083ed88670a7c9a0c6f99a5b4866
f076a94f5aa89adb0bab18060726e170ad500162.csv,140171,f5a459b3981853395ece7a6d23fe4de1598c2fcecf144eae8fdb3894fc9dbaa8,numeric,1168.0,BIS/BIS,https://api.vitaldb.net/f076a94f5aa89adb0bab18060726e170ad500162
f08a705cac7e278a9cb4abd7944972719872adb4.csv,74214,e03cb6ee8ad7fa927518092e24a8ff56572775722c9ff571acd67ce7829a7507,numeric,1809.0,Solar8000/ART_MBP,https://api.vitaldb.net/f08a705cac7e278a9cb4abd7944972719872adb4
f0b1a036377975f5e3616a471c066d699b57227d.csv,110925,d243aed31f204437c1d36d66b8c153c51ab4145733c6f9abd9c5900c2b4ff3b9,numeric,2238.0,Solar8000/ART_MBP,https://api.vitaldb.net/f0b1a036377975f5e3616a471c066d699b57227d
f0c346b23bef4b50fd13ef033b7d80afe00e7d09.csv,634439,06c163b56c46abad038cf96322c473a294ee0452f30e66065a2c063ad112cbe7,numeric,4027.0,Orchestra/PPF20_CE,https://api.vitaldb.net/f0c346b23bef4b50fd13ef033b7d80afe00e7d09
f0ded4d80dee18bff444162350390b08baf8518d.csv,139752,4d8be72b76393c33466daef79834577adb395c0d35922330f6b85ce410faa2ff,numeric,6174.0,BIS/BIS,https://api.vitaldb.net/f0ded4d80dee18bff444162350390b08baf8518d
f0eef55615d9ab89696d0d8d00104838ce60f83c.csv,892940,b7eafcd29c0f14143d36f1dc1ff5ee18bbd7a3d65dfa9a4ae4f8c288a9c73afd,numeric,2356.0,Orchestra/RFTN20_RATE,https://api.vitaldb.net/f0eef55615d9ab89696d0d8d00104838ce60f83c
f0f41efdfba4e1dc88a3112bed497f93d84afa98.csv,73824,ac6a0e9feaa6000eba00ee4fd1c64bd413ab23a3d7ae179eb522fd21ce578828,numeric,1249.0,Solar8000/HR,https://api.vitaldb.net/f0f41efdfba4e1dc88a3112bed497f93d84afa98
f127a837b245a471e3bcae4b414beb86b29e182b.csv,1002940,0e86f5f8b326548908df7c9d6ae07b1ccd174249d4e7d4519381de747f0f8e36,numeric,6114.0,Orchestra/PPF20_CE,https://api.vitaldb.net/f127a837b245a471e3bcae4b414beb86b29e182b
f12fd5c1d789f0cbf00b5e1c297d827bdb4e4b07.csv,98921,fd08e22ff571cc9c3d1ce41704a832f0c4b5488e706db13c2d09fb4d4e0054bc,numeric,1922.0,Solar8000/HR,https://api.vitaldb.net/f12fd5c1d789f0cbf00b5e1c297d827bdb4e4b07
f16860b148b0cbcb300da378557091f15a461fd6.csv,66921,b5c6c41161662d0c4ae1542734667fc87079b9267237ad7de528a5b2f964a293,numeric,3172.0,Solar8000/HR,https://api.vitaldb.net/f16860b148b0cbcb300da378557091f15a461fd6
f18a40bf5a8e2a03a82d678251342689a19ff8a9.csv,124630,93988441cf3da95348f67f238ac594747356b2a7c8b6e1f577f09878157ac43b,numeric,3935.0,Orchestra/PPF20_CE,https://api.vitaldb.net/f18a40bf5a8e2a03a82d678251342689a19ff8a9
f19b1728b1c6ac756280db445c27fac78fa38da1.csv,383888,7b79f7f0c1250440feda7569c7e1a6d9876d8bbc4730a85271a07bfc1e84dc67,numeric,4948.0,Orchestra/PPF20_RATE,https://api.vitaldb.net/f19b1728b1c6ac756280db445c27fac78fa38da1
f1a3565e7961e6bc81218de4eed71c2d39a89dd8.csv,53883,4197568025a7b768ff2fdbb5fa89654a59b4a502724bc3e9255a993773e7969a,numeric,4497.0,Solar8000/HR,https://api.vitaldb.net/f1a3565e7961e6bc81218de4eed71c2d39a89dd8
f1a664ae10b9e53f9b7a04ddf35d2a6b62fdd7a5.csv,764354,678df6a4efa69f9d7839652d37dcbd4db6749676ce076630d57bec9666a19b6e,numeric,2744.0,Orchestra/PPF20_RATE,https://api.vitaldb.net/f1a664ae10b9e53f9b7a04ddf35d2a6b62fdd7a5
f1ab45e19f30757fb22cec7bec143754c58390f9.csv,245747,92d8dae42f8312db7e8846f41e4eee21394a2f0f1e4cd400b68a048af04e7c32,numeric,369.0,Orchestra/RFTN20_RATE,https://api.vitaldb.net/f1ab45e19f30757fb22cec7bec143754c58390f9
f1be37db86bc6710664844722af7fe93fd6fa7ee.csv,253698,bb17a5c30803fc58991a307fff472929a9b9223ab7895b5adb4c02a5f1bbe68c,numeric,3641.0,Orchestra/PPF20_CE,https://api.vitaldb.net/f1be37db86bc6710664844722af7fe93fd6fa7ee
f1bf325b4e3c4ade5a88a535479e6114b867c1e6.csv,786471,115c29e5428b48c1945ec67367b832c89b139c51b6d221505fa0cc0d890e7dc7,numeric,1115.0,Orchestra/PPF20_RATE,https://api.vitaldb.net/f1bf325b4e3c4ade5a88a535479e6114b867c1e6
f1c3bbca3487d514a9abb3043d9dee925124eb77.csv,513072,1683b2c049888dba19ed5157f502318f6faef7c44c265f7b81f278ca0a4618f5,numeric,1408.0,Orchestra/PPF20_VOL,https://api.vitaldb.net/f1c3bbca3487d514a9abb3043d9dee925124eb77
f207ec0959309ac47bdd339b231a1578eb61112c.csv,116432,a00fd3f09b1d2bd9d492572a5e413cb73d5dea24715ac948a21184c9fcbaae6f,numeric,3221.0,BIS/BIS,https://api.vitaldb.net/f207ec0959309ac47bdd339b231a1578eb61112c
f20d2a05f6bbe2335a39c2836a02103ffc4f17ab.csv,93303,7a7caedcb4b47b8634149fe5339572c6e786150823d824f0091e4643f9406bf8,numeric,3621.0,Solar8000/HR,https://api.vitaldb.net/f20d2a05f6bbe2335a39c2836a02103ffc4f17ab
f210bd8cae20eac4baaf225ea77cbe96e6033280.csv,640711,9e8c293df2120bf30cf4d9023d142849d7bbe2e557dc2a228e4e9d0b06013dab,numeric,5225.0,Orchestra/RFTN20_CE,https://api.vitaldb.net/f210bd8cae20eac4baaf225ea77cbe96e6033280
f224a11e0ec57ff59125db3cd8f4fdec44f26261.csv,384194,171a321f26e85a33f2e6e23ba9a88aacf455d6f773d0c8a28a242fa22e85b90e,numeric,2909.0,Orchestra/RFTN20_RATE,https://api.vitaldb.net/f224a11e0ec57ff59125db3cd8f4fdec44f26261
f228d69361c9e2d8bf5ece17f8f84588267eec75.csv,271133,f1f2128a9eccde114f7404c1e900de865f4a4fc9fc75fd80f702e3fa71f53450,numeric,1826.0,Orchestra/RFTN20_RATE,https://api.vitaldb.net/f228d69361c9e2d8bf5ece17f8f84588267eec75
f25f5acfe90bbb0d9f1ec208a9166997b801737e.csv,269405,c2a215e5e4600d7145d85582b96ba52562e8f3a2fa7eb9fc987ba4b2986cf296,numeric,5017.0,Orchestra/RFTN20_RATE,https://api.vitaldb.net/f25f5acfe90bbb0d9f1ec208a9166997b801737e
f264103cef75f26610e6aa70f48da1afaa593a68.csv,487862,b1cc85057d737a0b8ecea21ecc8a8dc136d0e7d0e8ae32b48a15cb6713047288,numeric,5178.0,Orchestra/RFTN20_CE,https://api.vitaldb.net/f264103cef75f26610e6aa70f48da1afaa593a68
f271b30089a61796589d84aa5c48ac7745c75e2b.csv,61896,f41e0c03e4ddd75b6eb249e6af9ff7da70b2d19791482aecde7abbbc7217de81,numeric,297.0,Solar8000/ART_MBP,https://api.vitaldb.net/f271b30089a61796589d84aa5c48ac7745c75e2b
f2759868cf549b1a7d31f7f37c1d23b29ac31c19.csv,248520,a376e69f3936b3e6831503036ef5af30c8f64965e85989c89ad50142010137c0,numeric,811.0,Orchestra/PPF20_CE,https://api.vitaldb.net/f2759868cf549b1a7d31f7f37c1d23b29ac31c19
f292a30e9bdb32f74130265721ed956d16d922ed.csv,542089,234ea1f7beb4f1bec2284996f3c729970fb7d9ea70368c4a159f2b55f0eac7ca,numeric,6163.0,Orchestra/PPF20_RATE,https://api.vitaldb.net/f292a30e9bdb32f74130265721ed956d16d922ed
f2997bf20588407da04d53e68e381260160fa1f1.csv,44616,54c66293471798d473233d0184b6f03c3d26d12cfd342b4d561b3242a7da4dff,numeric,1814.0,Solar8000/HR,https://api.vitaldb.net/f2997bf20588407da04d53e68e381260160fa1f1
f29d59f5d07b0acef95b07b9fa4f9f751f4c954c.csv,252556,f5ce540c42d8970308415a6828e6f290c64959045ca6dd944ea92c1989947900,numeric,4000.0,Orchestra/PPF20_CE,https://api.vitaldb.net/f29d59f5d07b0acef95b07b9fa4f9f751f4c954c
f2af8e0155b3ce79e2da53cf6b8e24b0ec519532.csv,120504,03c08b46cd2ef59ff79b87c4a11794cc92b40fcb8e9a781f811bf27ac66164d5,numeric,6040.0,Solar8000/NIBP_MBP,https://api.vitaldb.net/f2af8e0155b3ce79e2da53cf6b8e24b0ec519532
f2b0224247247a448a1314b8da3d555d9e305676.csv,50288,cac758673d5f03adc6738e1f5cad029268766047e3304b85be75e0ca89da2f01,numeric,301.0,Solar8000/NIBP_MBP,https://api.vitaldb.net/f2b0224247247a448a1314b8da3d555d9e305676
f2b245edf256f275f65e8d452dc1be3b1105bc52.csv,141082,77a3253acdd66a6a2d532b8c4bf952f19ca274a9788c4b7bf33a57d306b4af07,numeric,2717.0,BIS/BIS,https://api.vitaldb.net/f2b245edf256f275f65e8d452dc1be3b1105bc52
f2b7283de70cce390461720908ad172abd59a0e4.csv,478936,0d54aa8216aa4c352bacf9eabb0220b42f7fd0fd575360fcd9108475f0259c56,numeric,1927.0,Orchestra/RFTN20_CE,https://api.vitaldb.net/f2b7283de70cce390461720908ad172abd59a0e4
f2dcbe1d5eea50e3f9237097db02e2f73ada95ce.csv,605661,25fd10ad0ee34aae3ffb274e997f4d7f4cf4634959b8025e1e7f9d8d7dead43b,numeric,3352.0,Orchestra/RFTN20_RATE,https://api.vitaldb.net/f2dcbe1d5eea50e3f9237097db02e2f73ada95ce
f2f0c1a7f366c09725569d29afc851cef69721ac.csv,492148,1dab3d02d2b44fa0367e76c803ef24aab4c913ba185a73fad682532d2a803dfe,numeric,2931.0,Orchestra/RFTN20_CE,https://api.vitaldb.net/f2f0c1a7f366c09725569d29afc851cef69721ac
f2f50b4b8922d58b58524ea9064d5b48a660667c.csv,79489,7a079950632612be720f694af4e089aa2a9f1d457d47e648d420de858266e033,numeric,5202.0,Solar8000/ART_MBP,https://api.vitaldb.net/f2f50b4b8922d58b58524ea9064d5b48a660667c
f2fceac5275d874b31500091dfec8b32e77bdc5a.csv,48073,223d74faead74ec894d38d6dcfa9507b1b2a4ff7ba98f3f0f17617a95fc280e3,numeric,1871.0,Solar8000/HR,https://api.vitaldb.net/f2fceac5275d874b31500091dfec8b32e77bdc5a
f30063d81bfdd0dda3398f98c52381728539eaea.csv,165062,b03124e13c32b64cf43c9f3fe1635da1bdea3fd597e3b496f03e102d9d4e1742,numeric,4481.0,Solar8000/ART_MBP,https://api.vitaldb.net/f30063d81bfdd0dda3398f98c52381728539eaea
f323291d23a26f5164b578f5c965360934c82d09.csv,334271,ac331f29b192936965cc482633efdb1adaa39cee036f312a62e2100ac81990bd,numeric,5548.0,Orchestra/PPF20_CE,https://api.vitaldb.net/f323291d23a26f5164b578f5c965360934c82d09
f32ff169349dac05ca477e9cfe72597afda7f5d8.csv,118872,413810e17f722d7b3cee8b4ed0f1c16781a85f51231b70cbcc0acfe4d0c4c4e5,numeric,4630.0,BIS/BIS,https://api.vitaldb.net/f32ff169349dac05ca477e9cfe72597afda7f5d8
f33708264fa20cae97136d402f093749b88efc19.csv,289966,04c80527a15ce34429fdf166a5bc7b8161c99581075fe3dc794437ee18d6dbd5,numeric,5731.0,Orchestra/RFTN20_CE,https://api.vitaldb.net/f33708264fa20cae97136d402f093749b88efc19
f33d0727bd66339b458fba0180f6c6158f3410ea.csv,356950,ce77e375ebd8a9166608c063e4f8cd2bb7344ff4d05e0168326bc9707ba9cf01,numeric,2875.0,Orchestra/RFTN20_RATE,https://api.vitaldb.net/f33d0727bd66339b458fba0180f6c6158f3410ea
f362e1013383d8bc778f29b5ca6299860e2877ac.csv,48643,f0c4b231b18230d0b91cd75aec7b4122e767483557cf6f93e8fd330f642aa534,numeric,2283.0,Solar8000/ART_MBP,https://api.vitaldb.net/f362e1013383d8bc778f29b5ca6299860e2877ac
f36b574df84885b7408078aa77812e5e38b8a0cf.csv,543578,0fe0b2590b112957d964e90215ab9d4f3379aaec83a4e926fad58e96b54af652,numeric,2353.0,Orchestra/RFTN20_RATE,https://api.vitaldb.net/f36b574df84885b7408078aa77812e5e38b8a0cf
f36de77e7ba6f143e2ca246f59bb844e9390ae60.csv,457717,c610b84baf23fbf122ae7bc24d453797bb19e1d77934701f272abe3879fa19f0,numeric,2642.0,Orchestra/PPF20_CE,https://api.vitaldb.net/f36de77e7ba6f143e2ca246f59bb844e9390ae60
f37d097b9203e83d65c018f30a35bf295d318e1f.csv,1032085,98d77765956d16631c32e29bab5d5cfd5b56da2fe124ede6d81c5499fac690da,numeric,5937.0,Orchestra/RFTN20_RATE,https://api.vitaldb.net/f37d097b9203e83d65c018f30a35bf295d318e1f
f37db980f177d0d8baec7900197ea9cd4ea75fc9.csv,705000,e53536e1095f9d263e56ddeeaacde4452c22b99b5c497dace2592eba8893cbdc,numeric,5308.0,Orchestra/PPF20_RATE,https://api.vitaldb.net/f37db980f177d0d8baec7900197ea9cd4ea75fc9
f382416d414f2ee66f5351bb13c0c7d540c069e6.csv,1639,b9682f2c1908f69d1265e13fc18376c19c2c00032cfa1a7485f317d699775ae1,numeric,2573.0,Solar8000/ART_MBP,https://api.vitaldb.net/f382416d414f2ee66f5351bb13c0c7d540c069e6
f3884f4b3ffb6036883a0285d8656d5279a96ac1.csv,134866,e523726b2ba504a9f084a0f0f9a5ea7f06b8ccf9b6b186e2a1801e1d6afe694b,numeric,5167.0,BIS/BIS,https://api.vitaldb.net/f3884f4b3ffb6036883a0285d8656d5279a96ac1
f393bccedb702c8b7f4a705fb5bbc5fc874832a1.csv,42283,b1791639bab81ef47c590032da12de563178a99faba4c9645be9017f9c73c3fa,numeric,3670.0,Solar8000/HR,https://api.vitaldb.net/f393bccedb702c8b7f4a705fb5bbc5fc874832a1
f3a7931c8f4f3ce3f55ba708095b85bf5bec07be.csv,63402,8e03d6b6880a9162bc1c4c6ab39a01097b33aaf63b009d4f0f731ef9d87b807e,numeric,4277.0,Solar8000/ART_MBP,https://api.vitaldb.net/f3a7931c8f4f3ce3f55ba708095b85bf5bec07be
f3b42735aad42c5218015ec13da62727b73ddd02.csv,135870,d7e6e5bf9357741fa1fa95aa4e2ff7f24d7408930a30723d0864251b3883a558,numeric,5263.0,BIS/BIS,https://api.vitaldb.net/f3b42735aad42c5218015ec13da62727b73ddd02
f3b4efef336667e899ef7d3b86b360bd3637e017.csv,38335,21c2daeee0e0c585658f1ca614adc6550b31aa22a678aaacf8384392e671b56a,numeric,405.0,Solar8000/HR,https://api.vitaldb.net/f3b4efef336667e899ef7d3b86b360bd3637e017
f3c169bc6e54c918d222242f6976213ec34b6fdd.csv,73065,84939eb011243b4ccac6d82c905e465070981abce3abfc2e913250a18001c542,numeric,3439.0,Solar8000/HR,https://api.vitaldb.net/f3c169bc6e54c918d222242f6976213ec34b6fdd
f3cc08d00d0cf38cabf7dd934191bd4a79c99eae.csv,247919,85fe25f38bdaeb962c296402400b0c84ce682935e34f063a0d72bf2983d8d530,numeric,962.0,Orchestra/RFTN20_CE,https://api.vitaldb.net/f3cc08d00d0cf38cabf7dd934191bd4a79c99eae
f3eb578c99e6ebba5f4ca4cd27668ecf579b523c.csv,211815,52c860ebf467a6842447867e0a8fb69f2ab52564c0c784d728369afd3b5d64c0,numeric,5578.0,BIS/BIS,https://api.vitaldb.net/f3eb578c99e6ebba5f4ca4cd27668ecf579b523c
f409379beabacedd9a8ca22fa22e5c4bdefbe265.csv,822570,477c9ef9b2673e7617e03bb0335d07a6e5a183e7c7dba1bc79dfb2ba04af5c0e,numeric,1350.0,Orchestra/PPF20_CE,https://api.vitaldb.net/f409379beabacedd9a8ca22fa22e5c4bdefbe265
f4155fd4fb7468305fdfd24eaecce4fce67b6c83.csv,102456,7242a7932c7d58dc282d6f12769ed1c96e65a6c369945e302ec17b6969af4a73,numeric,308.0,Solar8000/ART_MBP,https://api.vitaldb.net/f4155fd4fb7468305fdfd24eaecce4fce67b6c83
f4162145214c05ec266bf798a8ca1d625fd4a5c2.csv,533183,c7439e2e0426aacb16d8de9386e7f09c2062c0164e4f3ddf0f71957d294afa72,numeric,4453.0,Orchestra/PPF20_VOL,https://api.vitaldb.net/f4162145214c05ec266bf798a8ca1d625fd4a5c2
f416ba01b5bd648638916dc0f99b6bdb07fb07dc.csv,20910,e2b19704ed22d852b15b2c8648ebefcf6e69592ed780abd109334148036ef5fc,numeric,624.0,Solar8000/NIBP_MBP,https://api.vitaldb.net/f416ba01b5bd648638916dc0f99b6bdb07fb07dc
f42ef67134cfb5a72debde00797cadf95ebe4cb5.csv,246801,91bd2d3434664ece6c932d351b0cfb8ecd2e8a0848080c3581e8bd513f415073,numeric,5179.0,Orchestra/PPF20_CE,https://api.vitaldb.net/f42ef67134cfb5a72debde00797cadf95ebe4cb5
f436a031b6845c7bb6bf04b2b82f05bdbb2668a8.csv,98383,c9cf7422394dc36dbcdc8427507a880ed273ce017ac0502ac0636d6b25d6f6d6,numeric,1709.0,BIS/BIS,https://api.vitaldb.net/f436a031b6845c7bb6bf04b2b82f05bdbb2668a8
f43fb8a39bcbc23ff72e7952b5ffa7c4a12ff96b.csv,222081,a621b237f397f734b883b8c3d2cf9f0b8a2b8e4570f3bd2935028e7af07dac19,numeric,659.0,Orchestra/PPF20_CE,https://api.vitaldb.net/f43fb8a39bcbc23ff72e7952b5ffa7c4a12ff96b
f45c2e614de7079d98d9568d43a9df6f51765a55.csv,754230,53cc6fa41a261e3be416b9d92aca987559b650ea025bc6b6755e079aae588057,numeric,1665.0,Orchestra/RFTN20_RATE,https://api.vitaldb.net/f45c2e614de7079d98d9568d43a9df6f51765a55
f4600793d6ff1d9be15909bc7cac463d8a138026.csv,1022609,14e64c6d60243a358744e2a0a92a989de8b3c85b552572a547060d7e542ec388,numeric,3113.0,Orchestra/RFTN20_CE,https://api.vitaldb.net/f4600793d6ff1d9be15909bc7cac463d8a138026
f4648408749b4485e48f04a9334479b8013a4b5d.csv,330274,b89403e68956a6099883646feee7e275d9f7d205a23e57f3b270c129e0505351,numeric,2779.0,Orchestra/PPF20_RATE,https://api.vitaldb.net/f4648408749b4485e48f04a9334479b8013a4b5d
f47e5cc39441cd21cf283b82e4c386864201e091.csv,931305,9aae4f05c996f8ac73c8a86d589597c6c6d93a391bd974fa1a69b85e7a7e04c0,numeric,1208.0,Orchestra/RFTN20_RATE,https://api.vitaldb.net/f47e5cc39441cd21cf283b82e4c386864201e091
f491c0f419874d5b1c0ff2817142f1ab7773fc1c.csv,123622,985a64ecf94176f23bd292486d87b4d0d5c65bf5119b5e757ad538f7672e58fa,numeric,5004.0,Solar8000/HR,https://api.vitaldb.net/f491c0f419874d5b1c0ff2817142f1ab7773fc1c
f4a8292148308aa17c73adb3ab3a4c825d0f5279.csv,534473,e43e4ff8dbb2d9e839d0949fe79b48a245bdb667b7bea9ee183f9cad16260b80,numeric,4453.0,Orchestra/RFTN20_VOL,https://api.vitaldb.net/f4a8292148308aa17c73adb3ab3a4c825d0f5279
f4a9f0a134ef6c2b2508206bc3ff3dd21389a9b7.csv,276632,020edc890fe14134bddaa63bccbcc1e67fe3d7ceb0aa7499de1d93165a2a5189,numeric,4966.0,BIS/BIS,https://api.vitaldb.net/f4a9f0a134ef6c2b2508206bc3ff3dd21389a9b7
f4aa9be64d7d40dcbfbd03d00d5e12d91bb9a2b2.csv,74291,9660b03a81aa553f486a4b9c71aaca3a10643cc7a823c3d9fec4044dfe50f4c3,numeric,986.0,Solar8000/HR,https://api.vitaldb.net/f4aa9be64d7d40dcbfbd03d00d5e12d91bb9a2b2
f4ad987df2e2db19ba54f552111cc01ead27055a.csv,261109,f97fd5d81f1d3c4ddd9bc5bb228f7c552c8db8d931d694e1a15be1198c0b712b,numeric,122.0,Orchestra/PPF20_RATE,https://api.vitaldb.net/f4ad987df2e2db19ba54f552111cc01ead27055a
f4bd90415c014a5857a384a66639b25737d9eb77.csv,306459,11608e83d56dcc93b15ba20baa9a83f408a0cf203ca3b8da7661ebf1b244b8f9,numeric,4462.0,Orchestra/PPF20_RATE,https://api.vitaldb.net/f4bd90415c014a5857a384a66639b25737d9eb77
f4ccd8bdc16ad69563a65f2639d7f7b4afef5b65.csv,91564,e95755584a59e0350f75dd0b8b3b1999f92c8ddd2d6878b6febf7dae55fafe8e,numeric,1944.0,Solar8000/ART_MBP,https://api.vitaldb.net/f4ccd8bdc16ad69563a65f2639d7f7b4afef5b65
f4d0ce222aec231f1a9c04f513e74642a5fea868.csv,193112,c873351ff77517f7c32219bc516668e6c0660af2f2aea74516254e25fbdd86b7,numeric,5608.0,BIS/BIS,https://api.vitaldb.net/f4d0ce222aec231f1a9c04f513e74642a5fea868
f50dd8e9c39c98a1daf6a9dd15efac6c9ab4588a.csv,102157,f4afcdc0ff31ca47862d6cadd8f97022d6eb52558b20112c99c01fd7d03517cd,numeric,1579.0,BIS/BIS,https://api.vitaldb.net/f50dd8e9c39c98a1daf6a9dd15efac6c9ab4588a
f510d10449f7e32362f3e29d33f1f0f0eb38ab5a.csv,902517,af11f9cba5b7125e24ca4bd44391c68b64ea59a8fff41df53bbb38d97acd4cdd,numeric,2356.0,Orchestra/PPF20_RATE,https://api.vitaldb.net/f510d10449f7e32362f3e29d33f1f0f0eb38ab5a
f51c66b77e4eb0f2132a21c2dcbeea1830360bc2.csv,62777,753c3cac29040ca9d87a5d594e76a083de56efb301435af11b9ce7b61ae885c1,numeric,4897.0,Solar8000/HR,https://api.vitaldb.net/f51c66b77e4eb0f2132a21c2dcbeea1830360bc2
f53dc76b81d01273a1cbb5d83215c7d3a1fd3b2f.csv,100103,7f173775c116c8917b93cf549bb0c1448bce5ab548a265da787b186694e5c0d8,numeric,4651.0,Solar8000/HR,https://api.vitaldb.net/f53dc76b81d01273a1cbb5d83215c7d3a1fd3b2f
f53f43608251535ab06eac05f97f09f08ff968ff.csv,727552,7d66bf487a64c0a627cf4f08d5dc98ca95b6178f5df7b2e97dff3353d1f65650,numeric,5322.0,Orchestra/PPF20_RATE,https://api.vitaldb.net/f53f43608251535ab06eac05f97f09f08ff968ff
f569a839533b30c2dc195fbcd061c1a58f59704a.csv,104913,a962dd90ec5cdb6a2bcf14931e8a13f0d2380f2948d82a9633b02f00d6aeb3b8,numeric,3298.0,BIS/BIS,https://api.vitaldb.net/f569a839533b30c2dc195fbcd061c1a58f59704a
f5866fd487faccc6b82b5eda009546a32ac7b62d.csv,431437,ae4e59be0ee5b5a3217da7e6656903c0e60f642ebb4acd554bfe9b1a42e98f14,numeric,2750.0,Orchestra/PPF20_RATE,https://api.vitaldb.net/f5866fd487faccc6b82b5eda009546a32ac7b62d
f5aa638390298e23d6e9a6bb03297750640ccf9e.csv,594234,aa8c1e63aa250272b1cc456d1b983dd568bfee3e13980af67ce8b517879c9daf,numeric,5333.0,Orchestra/PPF20_RATE,https://api.vitaldb.net/f5aa638390298e23d6e9a6bb03297750640ccf9e
f5b3cc18dcfa0708b24b9014b20522fc3edae8bc.csv,120418,4aaade59203c7f34b8f73194cd2ef8ffb6f2b0bffe10801173d0295ed3ef8ece,numeric,2161.0,Solar8000/ART_MBP,https://api.vitaldb.net/f5b3cc18dcfa0708b24b9014b20522fc3edae8bc
f5b82f7246eabef22f8805decff63efff2b94965.csv,208015,0ebb18139b9cf6f5bcdb44843b06e8f88884015ece4365ab65a101a53491f6ee,numeric,6333.0,Orchestra/PPF20_RATE,https://api.vitaldb.net/f5b82f7246eabef22f8805decff63efff2b94965
f5baa46d9e5f007dbb41d81c0341f29438a4806a.csv,426882,2413546c276b950fdec438dfec24be70f6b4c1207fa0d280f311799966b9e3ed,numeric,3221.0,Orchestra/PPF20_RATE,https://api.vitaldb.net/f5baa46d9e5f007dbb41d81c0341f29438a4806a
f5c37634a1da1cf04aa01b5d5e6b7343562c046e.csv,343636,26128219babc1369e9ae5bde9d53bec9a4bfa943c8479e4bb6ce0bec2aa71de0,numeric,6053.0,Orchestra/PPF20_RATE,https://api.vitaldb.net/f5c37634a1da1cf04aa01b5d5e6b7343562c046e
f5dd93404120623d4e3901973d34130a8a6a4128.csv,242928,c0f549b3c3bb3c3e05ce51fbf0977e108013faf8c9b20f21cd83649544536a70,numeric,1160.0,BIS/BIS,https://api.vitaldb.net/f5dd93404120623d4e3901973d34130a8a6a4128
f5f73feb756934722a095dfe04223b42a3ef859c.csv,56329,f52b3d1ff666466d9abda28811bd894a4955ec5e06250525f81c2875529f302c,numeric,3449.0,Solar8000/HR,https://api.vitaldb.net/f5f73feb756934722a095dfe04223b42a3ef859c
f5f7e09781fd1019eeee17f99a7bfe61146751f1.csv,411947,d94a9db82137bbd25b55a798065dc884823e4ecdf4387c585eaa5a47b0608edd,numeric,4497.0,Orchestra/PPF20_RATE,https://api.vitaldb.net/f5f7e09781fd1019eeee17f99a7bfe61146751f1
f66f1b63c1e73681e38044b35cd38af951b50af8.csv,546799,e6011dcc99e25501e2adbcc34ddc16b1d188fb813da546a038ec25eba16020d4,numeric,138.0,Orchestra/PPF20_CE,https://api.vitaldb.net/f66f1b63c1e73681e38044b35cd38af951b50af8
f6937ee041657d11adc73d81106380a1448ca17e.csv,220047,cd41c5636c7c8f54f6efdd9fc74f2d605ec4d8dd716dde281246d0d06c47c4f7,numeric,671.0,BIS/BIS,https://api.vitaldb.net/f6937ee041657d11adc73d81106380a1448ca17e
f6b6a698770f3c5fab4cef60b9107db4c721fd4c.csv,344498,fe433ece1a497580e4dac64bb491cf75e36a936ed42b1cae9c12ec7292b886a2,numeric,2890.0,Orchestra/PPF20_CE,https://api.vitaldb.net/f6b6a698770f3c5fab4cef60b9107db4c721fd4c
f6bd4b48a63bb718a8b0a1b4d41cbfbe700fc9cf.csv,497646,1245348d24c808d853d59b6e192352fda93b061d1387ddb0667ffadc89216b95,numeric,4261.0,Orchestra/RFTN20_CE,https://api.vitaldb.net/f6bd4b48a63bb718a8b0a1b4d41cbfbe700fc9cf
f6c8ff796ac773bea510caec6e615c98795be9df.csv,508833,82f503c5937514d72c7541f60a657bddf557162e63a0ffeced6b81f22dcbd172,numeric,4898.0,Orchestra/PPF20_CE,https://api.vitaldb.net/f6c8ff796ac773bea510caec6e615c98795be9df
f6caa60c8b09b2bd2e9bfd0e105ec2a7ff0cc59d.csv,153475,42accf71ebb0436e9b6d06d46f5d553f8bbd2054fc66ff667a911b2743a711bc,numeric,3351.0,BIS/BIS,https://api.vitaldb.net/f6caa60c8b09b2bd2e9bfd0e105ec2a7ff0cc59d
f6f7f8dfa0be3ffe22ce3cb873b479b15659148d.csv,105212,7df115ff17d9942e3b3dcb0fd4db9dd557c88f0b27f004a71f8ca5660d72b769,numeric,4312.0,BIS/BIS,https://api.vitaldb.net/f6f7f8dfa0be3ffe22ce3cb873b479b15659148d
f71118cc1e8d1c677ee1891bd257d7c0595b5517.csv,88761,14d1db9b267d77628e2b15e04bffebb768e413609f53c2ea6871428b6b3200fc,numeric,2056.0,Solar8000/NIBP_MBP,https://api.vitaldb.net/f71118cc1e8d1c677ee1891bd257d7c0595b5517
f71c47831050972d50b4faa90c500f112a8a8ab0.csv,695488,21ab415e3a916cd1102f3a0e81e882275fc7e4eb74050247cc950e73962ffb17,numeric,2632.0,Orchestra/PPF20_RATE,https://api.vitaldb.net/f71c47831050972d50b4faa90c500f112a8a8ab0
f729eb4f23008037647bfe7447f0bc360698be73.csv,144231,9fc664b0f53c0039bc93cc92e2d42c8f9bb135a6f0ae39e8ebf3ca912de8f854,numeric,4897.0,BIS/BIS,https://api.vitaldb.net/f729eb4f23008037647bfe7447f0bc360698be73
f73383b40047273127df13364d8ac7ae561d9a99.csv,49363,d99e9bd4b765c7afb690fed8dea5958599d92b9067166bb6f05f0aa356709e69,numeric,3579.0,Solar8000/HR,https://api.vitaldb.net/f73383b40047273127df13364d8ac7ae561d9a99
f778eec44786725f510ce14b43cbad361c68603f.csv,238244,4af32ee08f282214278aac4a8e283ca670084811fa4cfaee5024322fe95a4220,numeric,4095.0,Orchestra/RFTN20_CE,https://api.vitaldb.net/f778eec44786725f510ce14b43cbad361c68603f
f785201ecdafe465b0916938f119998e43ff637a.csv,152042,12a2d500f0bbd2e82e182a069e6a9bdf99e884ef46588450b6837a96fdafdd39,numeric,5167.0,Orchestra/PPF20_RATE,https://api.vitaldb.net/f785201ecdafe465b0916938f119998e43ff637a
f7b651dafc9f04aeae57def6c451fe1a87f0c62c.csv,286873,59a8f27a3b98cef3145bbf48af374e33572fe296e622663291cf45a8b5811432,numeric,193.0,Orchestra/PPF20_CE,https://api.vitaldb.net/f7b651dafc9f04aeae57def6c451fe1a87f0c62c
f7ba6988f866a4c3b1ac01866c5026de2d3c5fa1.csv,105572,d1297eded053c6507818038d0c4ca59a8fcff44caf8532177561929116aa945b,numeric,5388.0,Solar8000/HR,https://api.vitaldb.net/f7ba6988f866a4c3b1ac01866c5026de2d3c5fa1
f7bee77b01dc88c0ad4632b3f00ce5327cb43744.csv,501298,7745fbd9f3d33fd202305546f42f142157825f4e565c4e38eca692075b1b742f,numeric,986.0,Orchestra/RFTN20_RATE,https://api.vitaldb.net/f7bee77b01dc88c0ad4632b3f00ce5327cb43744
f7ce0f3a62f0b60fce33d2dd444fbb9b7bb2dd1d.csv,4926,2fc10843db80383b7918adcf347a25373e0d1bb51d2ba48a1ed286cb8ca3b865,numeric,3560.0,Solar8000/NIBP_MBP,https://api.vitaldb.net/f7ce0f3a62f0b60fce33d2dd444fbb9b7bb2dd1d
f7d518eb31e7197c98940bf9a0076879bd4111c0.csv,701486,cb564e5f56122a80bf9cf2f71137fd4cccde1a85f7143c9b18ab5005c3d380ef,numeric,3279.0,Orchestra/PPF20_CE,https://api.vitaldb.net/f7d518eb31e7197c98940bf9a0076879bd4111c0
f7e520819734fe39de1f47d2dac20f989b81b8a4.csv,370072,297b01c8d9e81da313acac83e7586bd054ec1b3cd7ce704649f3845f31ea9553,numeric,309.0,Orchestra/RFTN20_CE,https://api.vitaldb.net/f7e520819734fe39de1f47d2dac20f989b81b8a4
f7fa5373c9231e9c86802b1c254d27ed4f19c45a.csv,680086,377002f5b60fe2fd9c5c03894bea25d7384d1ba3b963fa0400e977323d80baab,numeric,5202.0,Orchestra/RFTN20_CE,https://api.vitaldb.net/f7fa5373c9231e9c86802b1c254d27ed4f19c45a
f808de782189149d36eb8e13b344f392044863ad.csv,669195,35c46479116ae96f5ebc933bf0aad7bc573fc4366543e05ff04e6b284d0196f9,numeric,83.0,Orchestra/RFTN20_RATE,https://api.vitaldb.net/f808de782189149d36eb8e13b344f392044863ad
f82a39745515531bea504333e7a5d965c12fc67b.csv,533139,01360fe3959ce11b0c8f1d2235a49db032964c14c332402347d62d3a0847d750,numeric,3431.0,Orchestra/PPF20_CE,https://api.vitaldb.net/f82a39745515531bea504333e7a5d965c12fc67b
f843089b3e1cfbafd89261dba430a144e2b3b984.csv,804970,5c4681fa9d9b3e1a156820c18b2d297803585690f45462ce07e8458b2b76acd4,numeric,1115.0,Orchestra/RFTN20_CE,https://api.vitaldb.net/f843089b3e1cfbafd89261dba430a144e2b3b984
f879816a4d045ea53d3b31fd47b5058f4c6f1f38.csv,282830,7c2d91fbd65872608857d13d5a86df05d81928f43b3659fef9f1a74dd9b6e982,numeric,5731.0,Orchestra/RFTN20_RATE,https://api.vitaldb.net/f879816a4d045ea53d3b31fd47b5058f4c6f1f38
f87c2706483237805c0bc6cdc6567c9848ed3a1e.csv,40252,fb3ad615bff47d678a7d39974ccb98bfc9011214385ff11e50106ee264a08311,numeric,591.0,Solar8000/HR,https://api.vitaldb.net/f87c2706483237805c0bc6cdc6567c9848ed3a1e
f89561519e7e893cd26b8ad0adfd5e1734c8cdae.csv,483694,f7121c77b27950afb6b37ec57981f4648aa570e01235806b00dee21c8b8fe53d,numeric,6127.0,Orchestra/RFTN20_RATE,https://api.vitaldb.net/f89561519e7e893cd26b8ad0adfd5e1734c8cdae
f89c89ff535abcee80f0cfd359874cc33bb6e088.csv,263747,8cc298490afa43a997a0de8e0926040f52cc9006ed6a399a73316a09cf1b6033,numeric,1011.0,Orchestra/RFTN20_CE,https://api.vitaldb.net/f89c89ff535abcee80f0cfd359874cc33bb6e088
f8a91076532252eeb37a74fe333ca22a2039cf5f.csv,142714,c8af37a285f9176fa78b9863566fb2510ef15ecff742052931fc2794aceaf2c9,numeric,2498.0,BIS/BIS,https://api.vitaldb.net/f8a91076532252eeb37a74fe333ca22a2039cf5f
f8accfcc8f9cb7578f1371b23116c61a744c93b3.csv,529290,c373e8ac5115088d195bcb2f7ff0bda9b7ed042194ce00a0ddbff0d51d289ad1,numeric,297.0,Orchestra/RFTN20_RATE,https://api.vitaldb.net/f8accfcc8f9cb7578f1371b23116c61a744c93b3
f8bc5fe6c2835f5825dd1b8cf4a050d4b1e51c35.csv,408886,6baeb387548215243b47e73fff742ce3d6eee193e2840f754826113e9344b2d3,numeric,5486.0,Orchestra/RFTN20_RATE,https://api.vitaldb.net/f8bc5fe6c2835f5825dd1b8cf4a050d4b1e51c35
f8c6587a3fbc4d10098ad1762a26306545d87fe3.csv,500496,34ab5e319c553fb180d36dbbbdfca6cec99cbd4708b084eb02f3355a3bf757b4,numeric,4530.0,Orchestra/PPF20_RATE,https://api.vitaldb.net/f8c6587a3fbc4d10098ad1762a26306545d87fe3
f8c9584e8fb13e6e98a58b71412c4989e1048870.csv,297045,75d3a559086e660257594631a38542ec6f4e8582f9ef94a1d3fc57253083a6b3,numeric,4735.0,Orchestra/PPF20_RATE,https://api.vitaldb.net/f8c9584e8fb13e6e98a58b71412c4989e1048870
f8d4dc9ca7ff0ac55c923025dd13c64e59b1288b.csv,75965,c939e10e36593e534b9283ff730b3afa4fba80447cf3379015abec00676603e7,numeric,5164.0,Solar8000/HR,https://api.vitaldb.net/f8d4dc9ca7ff0ac55c923025dd13c64e59b1288b
f8dca06a99624ae428ef217cf6ff190701a7e64e.csv,42172,9487189aea1480558648ea17ba7d37d2a66561ab8e6037cbfcb927e62cfe9d80,numeric,2573.0,Solar8000/NIBP_MBP,https://api.vitaldb.net/f8dca06a99624ae428ef217cf6ff190701a7e64e
f8ef3e3363fd7dba6235169ae1d43cf4192ffa44.csv,567989,bc3aa5c86699225c9d07ab7e409c30a7147bc04bf096f79fe5a5b96eea7cfbce,numeric,2385.0,Orchestra/PPF20_RATE,https://api.vitaldb.net/f8ef3e3363fd7dba6235169ae1d43cf4192ffa44
f8f1701a44010ca20dedc7cb554c584f9a9ab133.csv,45795,4edc4e118bef8c12d4345d091ae7de28d208fb895e97a74dc0e54228d7ee76ee,numeric,4735.0,Solar8000/HR,https://api.vitaldb.net/f8f1701a44010ca20dedc7cb554c584f9a9ab133
f8f43e20aa0b7ea950fd89d68cd5978066785f22.csv,344154,0c3ba05611dfe76da81accecd9e6ad141aeefe1342ab92424a5e95ab47171339,numeric,1241.0,Orchestra/RFTN20_RATE,https://api.vitaldb.net/f8f43e20aa0b7ea950fd89d68cd5978066785f22
f90d8722e3d76625aa4116665be592737efe6868.csv,1340753,89537ca5affb37727b0be628756ffb53bf4fd65280d319c0703e11e9114704f7,numeric,6297.0,Orchestra/RFTN20_RATE,https://api.vitaldb.net/f90d8722e3d76625aa4116665be592737efe6868
f91fa0224d2edd58709d2c3a78a660b6bd76631a.csv,1499717,d4b8ef61aacb849eba01c10917494e5782b645f495e3b138d280bbf7e27ad91f,numeric,5693.0,Orchestra/PPF20_RATE,https://api.vitaldb.net/f91fa0224d2edd58709d2c3a78a660b6bd76631a
f92796fa6741fe32c26263454a75851767047530.csv,47464,f125b7fc2ff7fd6c87deb5ffa21ce61343a90a0b8c4e5eef30f94bab76547a8f,numeric,2732.0,Solar8000/HR,https://api.vitaldb.net/f92796fa6741fe32c26263454a75851767047530
f93083134378cc1dd8bda5be48093b53973a096c.csv,309001,cb0cb7c074e5f207b62260fc30be658d5128da92065b671430d0f2d6f6f06984,numeric,6090.0,Orchestra/RFTN20_RATE,https://api.vitaldb.net/f93083134378cc1dd8bda5be48093b53973a096c
f94491bf4f06b5f1421241a01cb8b43b127e6228.csv,66164,11a3475ca7235f0d4e871d7a3145cb1c8e4f32d206204099c7674def47a7c8de,numeric,3351.0,Solar8000/NIBP_MBP,https://api.vitaldb.net/f94491bf4f06b5f1421241a01cb8b43b127e6228
f95806e798325b87b5774ceabae5691ec8197231.csv,1506834,b1a0be565cab44f57dffba26f4f7ddfeeb3802977ded06b7506963552ee94a9e,numeric,6009.0,Orchestra/PPF20_RATE,https://api.vitaldb.net/f95806e798325b87b5774ceabae5691ec8197231
f958c573a828e44e8cbf2dce742b84c165df282e.csv,110474,1477ec4cb1478ebe4408b843ed9a0b4fd7dd4b1365a36196afc1a9e41da671e5,numeric,3220.0,Solar8000/NIBP_MBP,https://api.vitaldb.net/f958c573a828e44e8cbf2dce742b84c165df282e
f9654132e40b748ccf70f7b4d8a989da840e67ed.csv,312567,91ffe2fb459e47a34b89dfd4e0da9d29c636c284fedb0ef6b3317748165c481f,numeric,2763.0,Orchestra/RFTN20_RATE,https://api.vitaldb.net/f9654132e40b748ccf70f7b4d8a989da840e67ed
f9c00d92d20bc0c217a9c3d3394a18e397a0818b.csv,133719,e1a9ad85adb6aff70e3091650965993b6f2822a51e6cf4ab83c7ca0d10f77ef4,numeric,4497.0,BIS/BIS,https://api.vitaldb.net/f9c00d92d20bc0c217a9c3d3394a18e397a0818b
f9da709d4d660412eae7b5826fa7742d66fc8fed.csv,69836,27c71b2f22f1a72175d846da16c944ea23593abf037e91483bd718be1f3e5ae6,numeric,5912.0,Solar8000/ART_MBP,https://api.vitaldb.net/f9da709d4d660412eae7b5826fa7742d66fc8fed
f9dea4302ba28b111d93541a8171dfa7286197b7.csv,25365,932984684ff3011c50c8b1468fddd8aded3a1b7dbeaa048919e8296f23db6a24,numeric,5680.0,Solar8000/NIBP_MBP,https://api.vitaldb.net/f9dea4302ba28b111d93541a8171dfa7286197b7
f9dfc593711a43f169928838b54fefae28ac0c74.csv,74853,b28462b2023b3392c15ea4d3997d2415f83052f6910e329ab0c9662b8c2c0ff2,numeric,4780.0,Solar8000/HR,https://api.vitaldb.net/f9dfc593711a43f169928838b54fefae28ac0c74
f9ed39e24c1e865d166dcaa384c0a2d03417082a.csv,472484,62bea722cb0addd8ef560167ca7e62d6e66accc234deea7494869f33fa89d84c,numeric,4020.0,Orchestra/RFTN20_CE,https://api.vitaldb.net/f9ed39e24c1e865d166dcaa384c0a2d03417082a
f9fb5522867999d1f97f235afbd41acbc6dfa906.csv,108050,0fc24f8dd8d302a9c4fc63b4723ab238c852e6e1f0ce8f14a36bd43f8364ed68,numeric,2238.0,Solar8000/HR,https://api.vitaldb.net/f9fb5522867999d1f97f235afbd41acbc6dfa906
fa06afc53bb6796b5d32e554146102456175813b.csv,552566,700c64bda37da093405e0b24689da24b298b2a48ad7c8720820786c1b2721c0f,numeric,2675.0,Orchestra/PPF20_RATE,https://api.vitaldb.net/fa06afc53bb6796b5d32e554146102456175813b
fa15c2020f6c3078332bc38061dea2e3492d20e2.csv,59639,219213cb571ac7ca7cc9b8c471dd991751310f97c39a9dccda9c7a2b5710ef86,numeric,6280.0,Solar8000/ART_MBP,https://api.vitaldb.net/fa15c2020f6c3078332bc38061dea2e3492d20e2
fa1cb66facd726a39b6356e3b13672c10e9b6403.csv,91561,bf035fd21a02db65e45aaee24131f55903f360335402bb17b8629a179acda2dd,numeric,1115.0,Solar8000/ART_MBP,https://api.vitaldb.net/fa1cb66facd726a39b6356e3b13672c10e9b6403
fa3049270b61d8c1c26db5a35a0e046dfbe565ba.csv,727155,51315e9abae2e28c60372a6de952e0a3e0ed1d1e7b87618563c6d91b2f890153,numeric,5608.0,Orchestra/PPF20_RATE,https://api.vitaldb.net/fa3049270b61d8c1c26db5a35a0e046dfbe565ba
fa3210177de589a5f7d17628cfbd92f5c1b065ad.csv,822593,24e63eb02931f88f8ddb8e385644a0ad36b6b2a7daf5328cb12521fb99dabf22,numeric,5335.0,Orchestra/RFTN20_RATE,https://api.vitaldb.net/fa3210177de589a5f7d17628cfbd92f5c1b065ad
fa6066dea5233c9362ea1b24ea04b98e34fd2d46.csv,551974,f7059ea4e7905948a54021999a3c8311419fefcf2ba05f2de9928317acc42bb5,numeric,4457.0,Orchestra/PPF20_RATE,https://api.vitaldb.net/fa6066dea5233c9362ea1b24ea04b98e34fd2d46
fa8e9ffc5d569f41e19dededdb8d00de4aea8ad1.csv,749655,8ca8154bd7f05c1843e868e458b130b443f7c26539d923eeb03ba1bf32754264,numeric,3118.0,Orchestra/PPF20_CE,https://api.vitaldb.net/fa8e9ffc5d569f41e19dededdb8d00de4aea8ad1
fa926318f7330331e6fd16f715e08dffeaef0e0d.csv,67371,a0ed0b5659f05f811c52adbb5b2315328464a7e1afc540d3d37f8c5138edf363,numeric,4803.0,Solar8000/ART_MBP,https://api.vitaldb.net/fa926318f7330331e6fd16f715e08dffeaef0e0d
fabf28390914287bf47711011316f53f6a7505ee.csv,469222,6a78e2d1faaebd142714938d99b2226c4d979778d900d78a97da311acff35bbb,numeric,281.0,Orchestra/RFTN20_CE,https://api.vitaldb.net/fabf28390914287bf47711011316f53f6a7505ee
fac51b490e6de90d9c8d92f97e25f509ad42dc03.csv,767105,62a74752ccbfd5d2127cfd5637f8d95230aa504651601f27779be106a127edea,numeric,2744.0,Orchestra/RFTN20_RATE,https://api.vitaldb.net/fac51b490e6de90d9c8d92f97e25f509ad42dc03
fac907e72d1cd618ccfda3a15a2b8d096c808418.csv,449636,4b7c8f37b159ad83afe69909b30be032747ccc41fd02e55144a91735e3b34723,numeric,2283.0,Orchestra/PPF20_CE,https://api.vitaldb.net/fac907e72d1cd618ccfda3a15a2b8d096c808418
faf30adcc459670b737ed9898c6128aff8cae829.csv,275152,a8d9cac12f62cad86715e13e6110d8d579a25d09a5a23b9d3fad88382fd8af9f,numeric,1034.0,Orchestra/RFTN20_RATE,https://api.vitaldb.net/faf30adcc459670b737ed9898c6128aff8cae829
fb13126eddfc2224153fcee6a9564ae05a33a2a9.csv,450762,d006ea333d494a7d1cd0b7801ffd30d2b3f448b416999802b29e06a9735c762e,numeric,4541.0,Orchestra/RFTN20_CE,https://api.vitaldb.net/fb13126eddfc2224153fcee6a9564ae05a33a2a9
fb221d5a5614710da904e3900e634f74697fea88.csv,511269,2a92b73f99278abb84f08edd1b4c786b0646b8033d8aeee8128c3b670cd59e8d,numeric,1946.0,Orchestra/RFTN20_VOL,https://api.vitaldb.net/fb221d5a5614710da904e3900e634f74697fea88
fb2c0ec0198c3b32bc24918c249271b2a8a40794.csv,119538,4055fb061b3d3c2f310a0e684d1ca7bcda4cc339818130f813bc32046006bc48,numeric,4330.0,BIS/BIS,https://api.vitaldb.net/fb2c0ec0198c3b32bc24918c249271b2a8a40794
fb3a05d710c2281e61a02045fc2d1d716ac88cac.csv,97045,65c458fe9bd1517a4654686ad158cca25d58aa7b75ce08b6f93e62f06d212254,numeric,6097.0,BIS/BIS,https://api.vitaldb.net/fb3a05d710c2281e61a02045fc2d1d716ac88cac
fb40986044a69ed0d0b45b86300b16ca3413f406.csv,457179,f38a33148fd1af050cee6e8f21496831a58eed6ec160f256bc486fc2eb684a14,numeric,5032.0,Orchestra/PPF20_RATE,https://api.vitaldb.net/fb40986044a69ed0d0b45b86300b16ca3413f406
fb46bea7b61d7253a71a2b6b274edc3480a588c5.csv,27053,3fd7d738e7eb5a83ef681af20d926f7d081a90439a3fc290a685b96fc704c1ec,numeric,2000.0,Solar8000/NIBP_MBP,https://api.vitaldb.net/fb46bea7b61d7253a71a2b6b274edc3480a588c5
fbb776e60ff935887291a154376ab938a55fcc9a.csv,516423,038fbd0c75b584a3b2c29948b1ecbd799ee44bbb52f1d3dee8b0dea8494dd59b,numeric,1210.0,Orchestra/PPF20_RATE,https://api.vitaldb.net/fbb776e60ff935887291a154376ab938a55fcc9a
fbc11524e117f01f4bd1160a476b90e7a18af96a.csv,274313,5a9472c951f858a4b38e2bc6b07721130628b7e552afa0adf96b321fae07e222,numeric,4717.0,Orchestra/RFTN20_CE,https://api.vitaldb.net/fbc11524e117f01f4bd1160a476b90e7a18af96a
fc3b74b3ab246d3755582f9669ba5f45741323bf.csv,99974,40e6dc65ed59bac4a19c54e8f9e2941fe5f383712e6295aef7ca27884915c43f,numeric,2708.0,Solar8000/HR,https://api.vitaldb.net/fc3b74b3ab246d3755582f9669ba5f45741323bf
fc44ab9fee201f47f73afb3166b0dd3882354d46.csv,120189,ec545700c1aad6abbaf92a42bd8f1d0f48ef81e2ee7dce857f40394c00c16005,numeric,3860.0,Solar8000/HR,https://api.vitaldb.net/fc44ab9fee201f47f73afb3166b0dd3882354d46
fc666d501d94c20eaa143bb9d5b2ade72ca29d26.csv,934766,84add4b7bd3cf37b489492484bf7dc906dd593a885e2b6e5db88565d56c6dc08,numeric,6074.0,Orchestra/PPF20_CE,https://api.vitaldb.net/fc666d501d94c20eaa143bb9d5b2ade72ca29d26
fc788275498c2e00d91d1cad128639af15eb3167.csv,278718,a3b64c3eb4c18cce8e9dc190ae99e648fb5e0cac5f4e3971681a36b985d8ecb8,numeric,3170.0,Orchestra/RFTN20_RATE,https://api.vitaldb.net/fc788275498c2e00d91d1cad128639af15eb3167
fcb26ce52b81a6f53a0b0d2bd65358482442b17e.csv,99785,036403983e0068f61da859846c696378d9355da9ec8e69eb21066aab467f82a6,numeric,3114.0,BIS/BIS,https://api.vitaldb.net/fcb26ce52b81a6f53a0b0d2bd65358482442b17e
fcbd02dbaec391c7a6a5b2dcf44cc1f58bbf2117.csv,97023,c5c1a0920cb0c586c9ae5c860039178f7dc57f52c6e2a3a457ce93d8ee9ffab0,numeric,3990.0,BIS/BIS,https://api.vitaldb.net/fcbd02dbaec391c7a6a5b2dcf44cc1f58bbf2117
fce409f1fefbc81033fc18544457c08f20d7e2b0.csv,420244,1681635a7d6b3a45453b857ae8b2ff9ff9b2e200f68efee84e4e0024cb774a7c,numeric,2955.0,Orchestra/PPF20_RATE,https://api.vitaldb.net/fce409f1fefbc81033fc18544457c08f20d7e2b0
fcee8535c97aa6602d779b3deee6a6825e9e8cc9.csv,335375,b606cae2ca4d528b24e6f9b396c381b31be0b8b3881bce6c528c0ce410c03f98,numeric,5662.0,Orchestra/RFTN20_RATE,https://api.vitaldb.net/fcee8535c97aa6602d779b3deee6a6825e9e8cc9
fd0c4c95a749f714832941f001d79cdcebd69835.csv,59376,a1cfa700e8304de6f9c4b44a07f8765a6875612d380b50b9d8ce8c060c07ef95,numeric,4464.0,Solar8000/ART_MBP,https://api.vitaldb.net/fd0c4c95a749f714832941f001d79cdcebd69835
fd19976cae99c6f9ee98600d99667a6a15c0a86b.csv,485352,ed0c43979a5313124bd254c279759fcec17d976517853ef487a5f80b04022650,numeric,6127.0,Orchestra/PPF20_RATE,https://api.vitaldb.net/fd19976cae99c6f9ee98600d99667a6a15c0a86b
fd361f27c4bcb42cb562d6807c3446992b76361b.csv,89348,39d5314489206a104ba4c99051286115567aa5ec142c1c059e6715ccfb91a0d0,numeric,3729.0,Solar8000/HR,https://api.vitaldb.net/fd361f27c4bcb42cb562d6807c3446992b76361b
fd39d6353f233493600577e00f2403b307c41432.csv,60195,0587419cfed587482d02d5e08519e0009739e45820e9ffa498d62bf32fa1cd55,numeric,138.0,Solar8000/HR,https://api.vitaldb.net/fd39d6353f233493600577e00f2403b307c41432
fd39e15e9ed79fb3a18dfb097f5e8f5f618b9fbd.csv,123106,6e0db62d156adf2cb851cb585d67f925e893cd4e2ad81b7726b18cfda130abaa,numeric,4695.0,Orchestra/RFTN20_RATE,https://api.vitaldb.net/fd39e15e9ed79fb3a18dfb097f5e8f5f618b9fbd
fd45812b16a1a6bf1142a59fa9f8d93b6890fb90.csv,400671,aaa12e5afd75bc70273aa8fb6322167f7aa972ffb5ac9335850459aaccf6e451,numeric,4181.0,Orchestra/RFTN20_CE,https://api.vitaldb.net/fd45812b16a1a6bf1142a59fa9f8d93b6890fb90
fd4ad647871f73d87c7c4c616a7f62e4ea40871a.csv,608814,0e8ce1f189b5634837211af048395e322c5a96794fd5bf941a47ee325e653300,numeric,1802.0,Orchestra/RFTN20_RATE,https://api.vitaldb.net/fd4ad647871f73d87c7c4c616a7f62e4ea40871a
fd541d2a35c86c6015dd235599d8ebde42503f6d.csv,110672,0b7dabed51043f991ab4464aa7f58ac471579a1b01ed0642f9476b4d9b4b975d,numeric,4646.0,BIS/BIS,https://api.vitaldb.net/fd541d2a35c86c6015dd235599d8ebde42503f6d
fd6e29256b4cdfe85eb353ffacd662ec73ccc43b.csv,649919,1d0aafcff09918216d8888b5234375fc0398bec611fbb2521da6b2c5544438bc,numeric,2281.0,Orchestra/PPF20_RATE,https://api.vitaldb.net/fd6e29256b4cdfe85eb353ffacd662ec73ccc43b
fd70b6915eda9fb78f1c8bbd22038fba8c02e261.csv,232332,6ed9d9e81e1ccd3f15ca02dd95f4a85df840f332fc6a6e676af685afbe30e3c5,numeric,1936.0,Solar8000/ART_MBP,https://api.vitaldb.net/fd70b6915eda9fb78f1c8bbd22038fba8c02e261
fd9c9c97fd97cddeea3d06b95df6639f8c7d2f1f.csv,289172,976a9f204013a96857725e79e72424b534b7b1fb0857338626b452135048b5fe,numeric,3091.0,Orchestra/PPF20_RATE,https://api.vitaldb.net/fd9c9c97fd97cddeea3d06b95df6639f8c7d2f1f
fd9cf781896021d11fa977e6ff82ca706eb73189.csv,341768,5b7a8e85ccd44bf39cb6b9f7e0fdcee07c3493e8cd0cecb417c19ef94d2848cf,numeric,3572.0,BIS/BIS,https://api.vitaldb.net/fd9cf781896021d11fa977e6ff82ca706eb73189
fdaf87b04b298372defc299cac9aec78f9b823c8.csv,44428,62bad5c39aae75710468d55f982359e49b0b7009b54ddf687c8a92deee36db07,numeric,4312.0,Solar8000/HR,https://api.vitaldb.net/fdaf87b04b298372defc299cac9aec78f9b823c8
fdc3f6d69007dc13b7c9fc124cce2f6bfd44a4cc.csv,379533,312508a15130b70661ab16783f9a0f635a26cd812783b2f45bbbe82aa73b1b37,numeric,4113.0,Orchestra/RFTN20_CE,https://api.vitaldb.net/fdc3f6d69007dc13b7c9fc124cce2f6bfd44a4cc
fde920fdb4008ef4052bd2a68443ae2a4bb145f9.csv,279658,162b247fe6a30536dcff3283cdeeb79dd2d824a41eac639011d567473aabc54d,numeric,613.0,Orchestra/PPF20_CE,https://api.vitaldb.net/fde920fdb4008ef4052bd2a68443ae2a4bb145f9
fdf50e0ad42355a9e961ef4e99be7d099a1314fc.csv,776070,b928da0c5b035bab4608011a2f5383b7c3843fabf7a3f1ad3b9ef6e85c5884a1,numeric,4995.0,Orchestra/RFTN20_CE,https://api.vitaldb.net/fdf50e0ad42355a9e961ef4e99be7d099a1314fc
fdf8a382f543b41206f1ba7481e2c26f388b341a.csv,340667,e78dc472431dce01ce5c9badfea0ad03e5d29d0ad23a487c59628e27464618c5,numeric,4102.0,Orchestra/RFTN20_RATE,https://api.vitaldb.net/fdf8a382f543b41206f1ba7481e2c26f388b341a
fe67bf6f58fe5c2ac10d5c6f26c8ca9ad03fecf5.csv,26379,f8b3ed4c108a497681e0636975d9547f4d887fa009f1219b4ee6cf611431d232,numeric,2742.0,Solar8000/NIBP_MBP,https://api.vitaldb.net/fe67bf6f58fe5c2ac10d5c6f26c8ca9ad03fecf5
fe87bcaf8c5e140e03e15fc34c8b270f21760761.csv,78273,a0a3f10830afe7fe6f61b3447d89452b8405a2213d7cbf59d42a30b0f2680750,numeric,1035.0,Solar8000/HR,https://api.vitaldb.net/fe87bcaf8c5e140e03e15fc34c8b270f21760761
fea21114396d0aba810af6ebe1fa093066059866.csv,1083226,316dcdfc923ee4a6d33c35f8f912587b826aac1ba11d770691d2d90de0c3f79e,numeric,2349.0,Orchestra/RFTN20_CE,https://api.vitaldb.net/fea21114396d0aba810af6ebe1fa093066059866
feaf39890e50bf7c288a4bae2189a65dc2d2387c.csv,272876,1272d6fa7bf56f077ef7b05bf4d52420b74468562a2ca6cacde3ee5cb321a4ec,numeric,2280.0,BIS/BIS,https://api.vitaldb.net/feaf39890e50bf7c288a4bae2189a65dc2d2387c
fec36c4c23f875c4a281cc74aba94bfa73e6a656.csv,329860,858fe06d6764ab97048d43d476a48dc822b92f3675e0fb386468c5c0f0298136,numeric,5345.0,Orchestra/RFTN20_CE,https://api.vitaldb.net/fec36c4c23f875c4a281cc74aba94bfa73e6a656
fed3fbe9d606489d9e395f31634cc98d3712cbd4.csv,403606,5da64a8611416cf4d3fd99ba2ab11450fa0b5db2bb4724415a9eef22bf039178,numeric,1925.0,Orchestra/RFTN20_RATE,https://api.vitaldb.net/fed3fbe9d606489d9e395f31634cc98d3712cbd4
fed84b0a1d351bffe77909e92221ba321b4de9f9.csv,53430,1bccdf47cf770baceafa4c036e09a8266c873444271ec32c818c84ada1b61bca,numeric,449.0,Solar8000/ART_MBP,https://api.vitaldb.net/fed84b0a1d351bffe77909e92221ba321b4de9f9
fef7179ce6e357b51631af25b9548e17b106573b.csv,901375,6c5cf4c3f34059482c4e602917c65e6bc30f83c4865d62d21ae4182f5486eb19,numeric,4999.0,Orchestra/RFTN20_CE,https://api.vitaldb.net/fef7179ce6e357b51631af25b9548e17b106573b
fef8b2e34f8bfdc55e911a88eb4d568a726badeb.csv,131297,fce489a3ae4236c808eb717175cc1c938f3c82570343059699cc3a9c4db2b7b6,numeric,5949.0,Orchestra/RFTN20_RATE,https://api.vitaldb.net/fef8b2e34f8bfdc55e911a88eb4d568a726badeb
ff1d664d42cca87899c6af06e7c68ca2d557aac4.csv,266124,48496b5b3230d639a37cedb94282bb317551b1d6dc311413994d77f274e0448b,numeric,1707.0,BIS/BIS,https://api.vitaldb.net/ff1d664d42cca87899c6af06e7c68ca2d557aac4
ff398b88f48ea9a91637a8cdd8d6fa0f45c441c8.csv,282325,67a24ef62b70300dddddf52a2a17349cbc17157a8baea2fd5d56e8ed0ccbbedf,numeric,4717.0,Orchestra/RFTN20_VOL,https://api.vitaldb.net/ff398b88f48ea9a91637a8cdd8d6fa0f45c441c8
ff3e43f5384b597352b90d849b22c451bea8f22f.csv,544925,94abe8265a435b6ed188d99dc9e1f9ee685a4e48718e44469543a2c8d0fad62e,numeric,4457.0,Orchestra/RFTN20_RATE,https://api.vitaldb.net/ff3e43f5384b597352b90d849b22c451bea8f22f
ff4bb2d18952795990f34d08454f1a6ef9d5f0ad.csv,397596,de19f118da2dc9bb02e788e8f6b97b7491b1c30db53b9c33575d979ee841d9ca,numeric,1946.0,Orchestra/PPF20_CE,https://api.vitaldb.net/ff4bb2d18952795990f34d08454f1a6ef9d5f0ad
ff520dd955364960867100bbbc2e07beec220bf5.csv,90550,16afb83c1a4402c487b0ae363c283fd4938025924f020e4cbab474839f2bdcda,numeric,2744.0,Solar8000/HR,https://api.vitaldb.net/ff520dd955364960867100bbbc2e07beec220bf5
ff6973fd17a4f5b232da1ac26326c03d12cb7755.csv,358609,312bf93ad5fe94505d2c99676e1e276c31f640229a68545569e331f98dd5e7de,numeric,4701.0,Orchestra/PPF20_CE,https://api.vitaldb.net/ff6973fd17a4f5b232da1ac26326c03d12cb7755
ff7d4c1a3a0880cbd396bb6fa6138c955e13a956.csv,44168,211f541cc81ce1ec0e269edeb075a083223d1e5443847ee81925548c03abfe32,numeric,5017.0,Solar8000/NIBP_MBP,https://api.vitaldb.net/ff7d4c1a3a0880cbd396bb6fa6138c955e13a956
ff8086fa029c2cda2c2401707f3ac89c78d67e0c.csv,73431,10b056a51256be7a5c2d75e2532a0749cff42f474346e6a6110966b309d65660,numeric,149.0,Solar8000/ART_MBP,https://api.vitaldb.net/ff8086fa029c2cda2c2401707f3ac89c78d67e0c
ffa2446d8173eb826d90ab12cce7617ca0accc9e.csv,50358,5f9783eb15ca689f2a784c0830da660e40ee2d34e8c13eddd1635aa97b9ba4c5,numeric,2890.0,Solar8000/HR,https://api.vitaldb.net/ffa2446d8173eb826d90ab12cce7617ca0accc9e
ffaa5ef151bc2546e72f295707fcd34728a61be0.csv,56487,8ab6c18ef9d7ff1a5a6697d2df47c852d722d28fac73a12ee551f7f8da995621,numeric,927.0,Solar8000/NIBP_MBP,https://api.vitaldb.net/ffaa5ef151bc2546e72f295707fcd34728a61be0
ffc0764143fcc95fad4283f32fc0a365d2a4e15f.csv,252212,8b039be69233801fff6ed98b44a18c9d86a7f58e92d7733faff8cba240bc290a,numeric,4567.0,Orchestra/RFTN20_VOL,https://api.vitaldb.net/ffc0764143fcc95fad4283f32fc0a365d2a4e15f
ffe58d472a060f10aea5fea1b033ebc2b8b91477.csv,958700,e324ec52b4d6a1884e701ee00607c4b49b1e5f27b4a36a6e841b11b864b64191,numeric,1482.0,Orchestra/PPF20_RATE,https://api.vitaldb.net/ffe58d472a060f10aea5fea1b033ebc2b8b91477
ffecaeecfd7544ceb67603baa343b77b592cae69.csv,498459,c8c3e2d7b326f2dad14474f2d86988bb97065fb55aa20c5c7e3836676460d5f0,numeric,1810.0,Orchestra/RFTN20_RATE,https://api.vitaldb.net/ffecaeecfd7544ceb67603baa343b77b592cae69
fffe23e561abb5c4a752b69e6cc9bbf4fc08d2bf.csv,75550,7501e9075ed8547dab540a67c5cefe6f20aaf92e0591f2c1aea73c7defc3bae0,numeric,1444.0,Solar8000/ART_MBP,https://api.vitaldb.net/fffe23e561abb5c4a752b69e6cc9bbf4fc08d2bf
ffff14c732c9aad1a91ddf4ccf67116ee1416ed2.csv,352233,4497faa2369f294b926333dc4348fe66b14d2acaf68f95ac69d8c501b54100e6,numeric,4186.0,Orchestra/PPF20_CE,https://api.vitaldb.net/ffff14c732c9aad1a91ddf4ccf67116ee1416ed2
track_names.csv,10440,31c431642f91153461724375c05309d251ea63f206f3aeaed782ea4b9817400c,metadata,,,
trks.csv,30565770,82b31333be20ca912ded93f46bf3ae42db281da40515a9945acc57749da9ffd0,metadata,,,
