caseid,subjectid,drug,index,kind,pre,post
13,531,0,64,initiation,0.0,0.6944444179534912
13,531,0,76,initiation,0.0,0.09710416197776794
13,531,0,90,decrease,0.14572778344154358,0.0706624984741211
13,531,0,122,initiation,0.0,0.03825416415929794
13,531,0,137,decrease,0.039281945675611496,0.020322222262620926
13,531,0,210,decrease,0.05177222192287445,0.02550416812300682
13,531,0,509,decrease,0.053361110389232635,0.02607361227273941
13,531,0,633,decrease,0.04730694741010666,0.023588888347148895
13,531,0,807,decrease,0.0431569442152977,0.02156805619597435
13,531,0,829,increase,0.010462500154972076,0.024848610162734985
13,531,0,942,decrease,0.02960694581270218,0.014461110346019268
13,531,1,64,initiation,0.0,0.5555555820465088
13,531,1,76,initiation,0.0,0.03902222216129303
13,531,1,89,decrease,0.09790277481079102,0.04746111109852791
13,531,1,143,increase,0.01215694472193718,0.04031389206647873
13,531,1,210,decrease,0.0403750017285347,0.020376387983560562
13,531,1,826,decrease,0.04815972223877907,0.02382916584610939
13,531,1,838,initiation,0.0,0.038131944835186005
13,531,1,943,decrease,0.03966666758060455,0.01989305578172207
17,4343,0,14,initiation,0.0,0.47250694036483765
17,4343,0,26,initiation,0.0,0.09950138628482819
17,4343,0,43,decrease,0.10077638924121857,0.04869583621621132
17,4343,0,55,initiation,0.0,0.061420831829309464
17,4343,0,77,decrease,0.06578610837459564,0.03165416792035103
17,4343,0,89,initiation,0.0,0.044466666877269745
17,4343,0,101,increase,0.034575000405311584,0.0741194486618042
17,4343,0,173,decrease,0.06548194587230682,0.032568056136369705
17,4343,0,185,initiation,0.0,0.049586113542318344
17,4343,0,197,stop,0.050204165279865265,0.0
17,4343,0,209,initiation,0.0,0.035955555737018585
17,4343,0,281,decrease,0.04024583101272583,0.0197194442152977
17,4343,0,297,increase,0.01261111069470644,0.029284723103046417
17,4343,0,445,decrease,0.03191666677594185,0.01585138961672783
17,4343,0,1018,decrease,0.043490275740623474,0.02152361162006855
17,4343,0,1233,decrease,0.039044447243213654,0.018890278413891792
17,4343,0,1782,decrease,0.03141111135482788,0.015405555255711079
17,4343,0,1800,increase,0.008581944741308689,0.021173611283302307
17,4343,1,14,initiation,0.0,0.3727680742740631
17,4343,1,30,initiation,0.0,0.05525555461645126
17,4343,1,43,decrease,0.06483472138643265,0.03160972148180008
17,4343,1,55,initiation,0.0,0.05271250009536743
17,4343,1,67,stop,0.052336111664772034,0.0
17,4343,1,199,initiation,0.0,0.037469446659088135
17,4343,1,222,decrease,0.04451388865709305,0.022066665813326836
17,4343,1,234,stop,0.03972777724266052,0.0
17,4343,1,276,decrease,0.037069447338581085,0.018420832231640816
17,4343,1,364,decrease,0.04238472133874893,0.02117638848721981
17,4343,1,376,initiation,0.0,0.07555277645587921
17,4343,1,388,stop,0.07440833747386932,0.0
17,4343,1,400,initiation,0.0,0.05676805600523949
17,4343,1,436,decrease,0.05666111409664154,0.02744305692613125
17,4343,1,454,initiation,0.0,0.038523610681295395
17,4343,1,1025,decrease,0.04205694422125816,0.02097083255648613
17,4343,1,1046,increase,0.01423194445669651,0.0410652756690979
17,4343,1,1785,decrease,0.04043194651603699,0.02022777870297432
17,4343,1,1811,increase,0.006859722547233105,0.025951389223337173
17,4343,1,1908,initiation,0.0,0.042226389050483704
37,1216,0,13,initiation,0.0,0.6944444179534912
37,1216,0,25,decrease,0.20364165306091309,0.038462501019239426
37,1216,0,37,stop,0.20163889229297638,0.0
37,1216,0,62,initiation,0.0,0.06042221933603287
37,1216,0,93,decrease,0.06644999980926514,0.03313472121953964
37,1216,0,677,decrease,0.06974166631698608,0.0345236100256443
37,1216,0,689,initiation,0.0,0.04462222009897232
37,1216,0,766,decrease,0.05213194340467453,0.026463890448212624
37,1216,0,968,decrease,0.0688638910651207,0.033622223883867264
37,1216,1,12,initiation,0.0,1.1111111640930176
37,1216,1,24,initiation,0.0,0.13925138115882874
37,1216,1,36,stop,0.13475972414016724,0.0
37,1216,1,48,initiation,0.0,0.06321945041418076
37,1216,1,107,decrease,0.07575416564941406,0.03861111029982567
37,1216,1,182,decrease,0.08595972508192062,0.04272777587175369
37,1216,1,476,decrease,0.09545834362506866,0.04675833508372307
37,1216,1,533,decrease,0.09507361054420471,0.04755555838346481
37,1216,1,545,increase,0.03381666541099548,0.08060000091791153
37,1216,1,676,decrease,0.08400972187519073,0.042048610746860504
37,1216,1,690,initiation,0.0,0.047470834106206894
37,1216,1,995,decrease,0.06283611059188843,0.031002778559923172
83,1588,0,34,initiation,0.0,0.6944444179534912
83,1588,0,46,initiation,0.0,0.10052083432674408
83,1588,0,94,decrease,0.11988750100135803,0.058905553072690964
83,1588,0,120,initiation,0.0,0.03842777758836746
83,1588,0,209,decrease,0.0423986092209816,0.020395833998918533
83,1588,0,221,increase,0.04665833339095116,0.07554583251476288
83,1588,0,657,decrease,0.059861112385988235,0.029538888484239578
83,1588,0,708,decrease,0.07461944222450256,0.036859720945358276
83,1588,0,720,initiation,0.0,0.09118472039699554
83,1588,0,879,decrease,0.0816180557012558,0.039618056267499924
83,1588,0,896,initiation,0.0,0.04438472166657448
83,1588,0,978,decrease,0.05100555345416069,0.02539583295583725
83,1588,0,1031,decrease,0.0624319463968277,0.030965277925133705
83,1588,0,1043,increase,0.023363890126347542,0.05198333412408829
83,1588,0,1407,decrease,0.05488194525241852,0.02683333307504654
83,1588,0,1420,initiation,0.0,0.035398609936237335
83,1588,0,1493,decrease,0.04030138999223709,0.02409166842699051
83,1588,0,1792,decrease,0.05433611199259758,0.026213889941573143
83,1588,1,20,initiation,0.0,0.5555555820465088
83,1588,1,32,initiation,0.0,0.060251384973526
83,1588,1,94,decrease,0.09392499923706055,0.046683333814144135
83,1588,1,106,initiation,0.0,0.06765833497047424
83,1588,1,177,decrease,0.07119999825954437,0.03538055717945099
83,1588,1,191,initiation,0.0,0.039629168808460236
83,1588,1,257,decrease,0.05269166827201843,0.026055555790662766
83,1588,1,324,increase,0.02634861133992672,0.33187222480773926
83,1588,1,336,initiation,0.0,0.1063472181558609
83,1588,1,350,initiation,0.0,0.0689111053943634
83,1588,1,496,decrease,0.07090833783149719,0.03499583527445793
83,1588,1,508,initiation,0.0,0.05940139293670654
83,1588,1,623,increase,0.06226249784231186,0.12116388976573944
83,1588,1,635,initiation,0.0,0.11983472108840942
83,1588,1,671,decrease,0.11174722015857697,0.055230554193258286
83,1588,1,866,decrease,0.10647222399711609,0.052004165947437286
83,1588,1,1069,decrease,0.09730833768844604,0.062327779829502106
83,1588,1,1408,decrease,0.10676805675029755,0.05233749747276306
83,1588,1,1493,decrease,0.09648333489894867,0.060284726321697235
83,1588,1,1619,decrease,0.10619722306728363,0.05243472009897232
83,1588,1,1641,initiation,0.0,0.05659444257616997
83,1588,1,1792,decrease,0.10626666247844696,0.0515500009059906
138,1272,0,15,initiation,0.0,0.046833328902721405
138,1272,0,27,increase,0.09113888442516327,0.12679028511047363
138,1272,0,39,increase,0.057536110281944275,0.11031944304704666
138,1272,0,79,decrease,0.10023750364780426,0.04895417019724846
138,1272,0,141,decrease,0.08195694535970688,0.03947361186146736
138,1272,0,153,initiation,0.0,0.06094583123922348
138,1272,0,183,decrease,0.059970833361148834,0.02922222390770912
138,1272,0,689,decrease,0.05544999986886978,0.026952777057886124
138,1272,0,702,initiation,0.0,0.03791110962629318
138,1272,0,718,decrease,0.039436109364032745,0.019595833495259285
138,1272,0,735,increase,0.012237499468028545,0.028531942516565323
138,1272,0,759,decrease,0.0300027783960104,0.014584722928702831
138,1272,0,838,increase,0.01212638895958662,0.02917500026524067
138,1272,0,973,decrease,0.031570833176374435,0.015343056060373783
138,1272,0,1033,decrease,0.03790416568517685,0.01885833404958248
138,1272,1,13,initiation,0.0,0.0626097172498703
138,1272,1,36,increase,0.06363888829946518,0.08260277658700943
138,1272,1,99,decrease,0.07451249659061432,0.036427777260541916
138,1272,1,146,initiation,0.0,0.03627777844667435
138,1272,1,182,decrease,0.04271388798952103,0.020529167726635933
138,1272,1,364,increase,0.01211666688323021,0.03228750079870224
138,1272,1,396,decrease,0.030795831233263016,0.011991666629910469
138,1272,1,1018,increase,0.008055555634200573,0.03610972315073013
149,2631,0,13,initiation,0.0,0.04905833303928375
149,2631,0,35,decrease,0.08476389199495316,0.040175002068281174
149,2631,0,47,initiation,0.0,0.04844861105084419
149,2631,0,756,increase,0.03748055547475815,0.0749666690826416
149,2631,0,1145,decrease,0.04259999841451645,0.02146805450320244
149,2631,0,1161,increase,0.013295833021402359,0.03164305537939072
149,2631,0,1208,decrease,0.03259444236755371,0.01620694436132908
149,2631,1,13,initiation,0.0,0.061202775686979294
149,2631,1,25,stop,0.07705000042915344,0.0
149,2631,1,38,stop,0.04628888890147209,0.0
149,2631,1,235,initiation,0.0,0.06352639198303223
149,2631,1,418,increase,0.0573124960064888,0.08080416917800903
149,2631,1,1146,decrease,0.06268332898616791,0.0312055554240942
149,2631,1,1210,decrease,0.07972638309001923,0.03927777707576752
149,2631,1,1247,initiation,0.0,0.04367639124393463
149,2631,1,1277,decrease,0.051661111414432526,0.025936109945178032
193,1643,0,61,initiation,0.0,0.6944444179534912
193,1643,0,73,initiation,0.0,0.0883375033736229
193,1643,0,152,decrease,0.11679583042860031,0.057584721595048904
193,1643,0,164,increase,0.044381942600011826,0.09408333897590637
193,1643,0,185,decrease,0.09134028851985931,0.04502222314476967
193,1643,0,212,decrease,0.08146944642066956,0.040211111307144165
193,1643,0,229,initiation,0.0,0.0471416674554348
193,1643,0,282,decrease,0.05155833065509796,0.02569444477558136
193,1643,0,648,decrease,0.06301388889551163,0.03149722144007683
193,1643,0,660,initiation,0.0,0.04122638702392578
193,1643,0,682,decrease,0.04492777958512306,0.022647222504019737
193,1643,1,57,initiation,0.0,0.4429486095905304
193,1643,1,69,initiation,0.0,0.07909861207008362
193,1643,1,130,decrease,0.07465139031410217,0.03639305382966995
193,1643,1,150,initiation,0.0,0.03813472390174866
193,1643,1,170,decrease,0.04054166376590729,0.020345833152532578
193,1643,1,182,increase,0.025688888505101204,0.065281942486763
193,1643,1,203,decrease,0.06391528248786926,0.031809721142053604
193,1643,1,215,initiation,0.0,0.050816670060157776
193,1643,1,307,decrease,0.053151387721300125,0.026169443503022194
193,1643,1,638,decrease,0.061372220516204834,0.030762501060962677
193,1643,1,650,initiation,0.0,0.050066664814949036
193,1643,1,682,decrease,0.051116667687892914,0.0253069456666708
193,1643,1,694,initiation,0.0,0.04111666604876518
193,1643,1,726,decrease,0.04200694337487221,0.0208569448441267
194,990,0,142,initiation,0.0,0.6944444179534912
194,990,0,154,initiation,0.0,0.11741943657398224
194,990,0,168,decrease,0.1566208302974701,0.07573333382606506
194,990,0,180,increase,0.060204166918992996,0.12717083096504211
194,990,0,360,decrease,0.09304860979318619,0.045879166573286057
194,990,0,372,initiation,0.0,0.07246111333370209
194,990,0,389,decrease,0.07131250202655792,0.03529305383563042
194,990,0,401,increase,0.0724250003695488,0.11062084138393402
194,990,0,413,decrease,0.11170138418674469,0.025384722277522087
194,990,0,474,decrease,0.13889861106872559,0.06818750500679016
194,990,0,486,initiation,0.0,0.037570834159851074
194,990,0,505,decrease,0.09457778185606003,0.043469443917274475
194,990,0,517,initiation,0.0,0.07567916810512543
194,990,0,532,decrease,0.07446527481079102,0.03725278005003929
194,990,0,544,initiation,0.0,0.05328333377838135
194,990,0,576,decrease,0.05790555477142334,0.029108334332704544
194,990,0,589,initiation,0.0,0.03709166869521141
194,990,0,619,decrease,0.04269583523273468,0.021380554884672165
194,990,1,138,initiation,0.0,0.5555555820465088
194,990,1,150,initiation,0.0,0.14361806213855743
194,990,1,184,decrease,0.117658331990242,0.05699444189667702
194,990,1,196,initiation,0.0,0.07231666147708893
194,990,1,361,decrease,0.07468888908624649,0.03713194653391838
194,990,1,396,increase,0.08998332917690277,0.12484166771173477
194,990,1,416,decrease,0.11879999935626984,0.09938055276870728
194,990,1,504,decrease,0.12573611736297607,0.0614541694521904
194,990,1,533,decrease,0.10785417258739471,0.054286107420921326
194,990,1,575,decrease,0.09593750536441803,0.04790416732430458
194,990,1,587,initiation,0.0,0.056255556643009186
194,990,1,620,decrease,0.06805555522441864,0.034518055617809296
200,2194,0,31,initiation,0.0,0.6944444179534912
200,2194,0,43,initiation,0.0,0.10226111114025116
200,2194,0,71,decrease,0.109929159283638,0.05451111122965813
200,2194,0,97,initiation,0.0,0.06585277616977692
200,2194,0,172,decrease,0.07065971940755844,0.034455556422472
200,2194,0,187,decrease,0.10203889012336731,0.050252776592969894
200,2194,0,199,increase,0.03762499988079071,0.0829777717590332
200,2194,0,242,decrease,0.07901805639266968,0.03945555537939072
200,2194,0,254,decrease,0.06861250102519989,0.03520972281694412
200,2194,0,561,decrease,0.059672221541404724,0.029266666620969772
200,2194,0,730,decrease,0.05457361042499542,0.02641388773918152
200,2194,0,752,increase,0.014270832762122154,0.031091665849089622
200,2194,0,809,decrease,0.03456805646419525,0.016475001350045204
200,2194,1,31,initiation,0.0,0.07208611071109772
200,2194,1,43,initiation,0.0,0.10132639110088348
200,2194,1,65,increase,0.09056944400072098,0.11556944251060486
200,2194,1,106,initiation,0.0,0.03782222419977188
200,2194,1,172,decrease,0.055969443172216415,0.028263889253139496
200,2194,1,253,decrease,0.07259860634803772,0.03632916510105133
200,2194,1,265,initiation,0.0,0.07657361030578613
200,2194,1,277,stop,0.07613889127969742,0.0
200,2194,1,293,initiation,0.0,0.06449583172798157
200,2194,1,305,increase,0.031902775168418884,0.09375278651714325
200,2194,1,324,decrease,0.09279166907072067,0.056579168885946274
200,2194,1,336,stop,0.05530000105500221,0.0
200,2194,1,348,increase,0.02932361140847206,0.0698680579662323
200,2194,1,413,decrease,0.07490555942058563,0.036880556493997574
200,2194,1,477,increase,0.10084027796983719,0.11986805498600006
200,2194,1,513,decrease,0.11583055555820465,0.05735555663704872
200,2194,1,525,initiation,0.0,0.11496250331401825
200,2194,1,808,decrease,0.1122874990105629,0.05651388689875603
200,2194,1,859,initiation,0.0,0.21535000205039978
200,2194,1,871,initiation,0.0,0.10688889026641846
205,2776,0,70,initiation,0.0,0.6944444179534912
205,2776,0,82,decrease,0.10448194295167923,0.049869440495967865
205,2776,0,100,decrease,0.19305555522441864,0.0925055518746376
205,2776,0,112,increase,0.06816388666629791,0.1546444445848465
205,2776,0,229,decrease,0.1232222244143486,0.05949166789650917
205,2776,0,241,initiation,0.0,0.0962708368897438
205,2776,0,275,decrease,0.0950208306312561,0.04581666365265846
205,2776,0,432,increase,0.0772513896226883,0.7347930073738098
205,2776,0,455,initiation,0.0,0.04308750107884407
205,2776,0,467,increase,0.009548611007630825,0.08885416388511658
205,2776,0,559,decrease,0.08612777292728424,0.04231805354356766
205,2776,0,572,stop,0.06977222114801407,0.0
205,2776,0,586,increase,0.06084722280502319,0.22003331780433655
205,2776,0,598,increase,0.037179164588451385,0.08724722266197205
205,2776,0,1061,decrease,0.08204860985279083,0.05969444662332535
205,2776,0,1174,decrease,0.08387082815170288,0.041466668248176575
205,2776,0,1188,initiation,0.0,0.04830555617809296
205,2776,0,1200,stop,0.05438055470585823,0.0
205,2776,1,66,initiation,0.0,0.5555555820465088
205,2776,1,79,initiation,0.0,0.08879444748163223
205,2776,1,91,stop,0.14974860846996307,0.0
205,2776,1,211,decrease,0.09847082942724228,0.04840277507901192
205,2776,1,223,initiation,0.0,0.0713374987244606
205,2776,1,272,decrease,0.07604583352804184,0.03798472508788109
205,2776,1,284,initiation,0.0,0.0628138855099678
205,2776,1,444,decrease,0.08076250553131104,0.0406416654586792
205,2776,1,456,increase,0.03451111167669296,0.08018472790718079
205,2776,1,553,decrease,0.08016250282526016,0.03974166885018349
205,2776,1,574,increase,0.07398194074630737,0.10599027574062347
205,2776,1,596,decrease,0.07363194227218628,0.036545831710100174
205,2776,1,608,increase,0.02830694429576397,0.06520971655845642
205,2776,1,630,decrease,0.06599999964237213,0.03273055702447891
205,2776,1,1066,decrease,0.08432638645172119,0.057879164814949036
205,2776,1,1136,decrease,0.09821528196334839,0.07048055529594421
205,2776,1,1150,decrease,0.10728194564580917,0.05281805619597435
205,2776,1,1162,initiation,0.0,0.05994027853012085
205,2776,1,1179,decrease,0.07400833070278168,0.041318055242300034
205,2776,1,1191,initiation,0.0,0.08577083051204681
205,2776,1,1210,decrease,0.08586250245571136,0.04153750091791153
297,2044,0,52,initiation,0.0,0.5076347589492798
297,2044,0,64,initiation,0.0,0.09600277990102768
297,2044,0,321,decrease,0.0675458312034607,0.03359305486083031
297,2044,0,352,increase,0.010393055155873299,0.027237500995397568
297,2044,0,874,decrease,0.036301389336586,0.017826389521360397
297,2044,0,967,decrease,0.036524999886751175,0.01786944456398487
297,2044,1,44,initiation,0.0,0.26109859347343445
297,2044,1,57,initiation,0.0,0.05280277878046036
297,2044,1,153,decrease,0.05998888611793518,0.029779165983200073
297,2044,1,263,decrease,0.030476387590169907,0.011266667395830154
297,2044,1,377,stop,0.03548610955476761,0.0
297,2044,1,884,decrease,0.05719999969005585,0.028433334082365036
297,2044,1,966,decrease,0.05738888680934906,0.028420832008123398
301,1781,0,12,initiation,0.0,1.0405957698822021
301,1781,0,24,initiation,0.0,0.13688889145851135
301,1781,0,48,decrease,0.12755000591278076,0.062211111187934875
301,1781,0,60,increase,0.04724722355604172,0.10212777554988861
301,1781,0,364,decrease,0.07173611223697662,0.03527222201228142
301,1781,0,376,initiation,0.0,0.05529166758060455
301,1781,0,797,decrease,0.061334721744060516,0.03035833314061165
301,1781,0,809,decrease,0.05540555715560913,0.02631527930498123
301,1781,0,822,initiation,0.0,0.03758472204208374
301,1781,0,834,stop,0.03711250051856041,0.0
301,1781,0,851,increase,0.009136111475527287,0.023230556398630142
301,1781,0,874,increase,0.014101388864219189,0.03108055517077446
301,1781,1,12,stop,0.48544996976852417,0.0
301,1781,1,48,decrease,0.09337777644395828,0.04527083411812782
301,1781,1,132,increase,0.013576388359069824,0.042516667395830154
301,1781,1,155,decrease,0.041527777910232544,0.02049444429576397
301,1781,1,184,increase,0.01355555560439825,0.04850694537162781
301,1781,1,232,decrease,0.05175694823265076,0.025834722444415092
301,1781,1,250,decrease,0.06495971977710724,0.03254583477973938
301,1781,1,321,decrease,0.07120972126722336,0.035374999046325684
301,1781,1,333,initiation,0.0,0.05673889070749283
301,1781,1,345,stop,0.05717500299215317,0.0
301,1781,1,442,decrease,0.049550000578165054,0.025372222065925598
301,1781,1,489,decrease,0.061476390808820724,0.03048611246049404
301,1781,1,517,decrease,0.0731888860464096,0.03579999879002571
301,1781,1,531,decrease,0.06292499601840973,0.03137222304940224
301,1781,1,543,initiation,0.0,0.04254166781902313
301,1781,1,555,initiation,0.0,0.0367458313703537
301,1781,1,605,increase,0.03264166787266731,0.051229167729616165
301,1781,1,617,decrease,0.05118611082434654,0.017991667613387108
301,1781,1,629,decrease,0.08376666158437729,0.04557499662041664
301,1781,1,667,decrease,0.09787361323833466,0.047672223299741745
301,1781,1,719,decrease,0.07979722321033478,0.04733194410800934
301,1781,1,808,decrease,0.09649860858917236,0.04770694300532341
301,1781,1,820,initiation,0.0,0.053062498569488525
301,1781,1,832,stop,0.06233055889606476,0.0
301,1781,1,851,decrease,0.05256666615605354,0.026623612269759178
301,1781,1,863,initiation,0.0,0.041911110281944275
301,1781,1,879,decrease,0.04406110942363739,0.02222222276031971
308,169,0,12,initiation,0.0,1.3888888359069824
308,169,0,24,initiation,0.0,0.17529582977294922
308,169,0,45,decrease,0.1691722273826599,0.08166249841451645
308,169,0,57,initiation,0.0,0.123640276491642
308,169,0,71,decrease,0.12085278332233429,0.05940277874469757
308,169,0,91,initiation,0.0,0.049893055111169815
308,169,0,119,decrease,0.05874861031770706,0.02963888831436634
308,169,0,134,decrease,0.07592916488647461,0.0375513881444931
308,169,0,197,decrease,0.08523472398519516,0.04210416600108147
308,169,0,209,initiation,0.0,0.06576111167669296
308,169,0,453,decrease,0.06220555305480957,0.03159166872501373
308,169,0,575,decrease,0.07437500357627869,0.036686111241579056
308,169,0,916,decrease,0.06932360678911209,0.034361109137535095
308,169,0,928,initiation,0.0,0.05061110854148865
308,169,0,1388,decrease,0.056259721517562866,0.027393054217100143
308,169,0,1687,decrease,0.055181946605443954,0.02759583294391632
308,169,1,13,stop,0.5555555820465088,0.0
308,169,1,25,initiation,0.0,0.11247222125530243
308,169,1,45,decrease,0.10409167408943176,0.05083472281694412
308,169,1,57,initiation,0.0,0.07378333806991577
308,169,1,71,decrease,0.07373332977294922,0.03634027764201164
308,169,1,104,increase,0.00901805516332388,0.02894860878586769
308,169,1,387,stop,0.03547361120581627,0.0
308,169,1,408,increase,0.01505555585026741,0.03475833311676979
308,169,1,1689,stop,0.03538888692855835,0.0
309,539,0,22,initiation,0.0,0.6944444179534912
309,539,0,34,initiation,0.0,0.09980833530426025
309,539,0,56,decrease,0.12725278735160828,0.061162497848272324
309,539,0,69,stop,0.04726666957139969,0.0
309,539,0,99,decrease,0.08127778023481369,0.03884166479110718
309,539,0,111,initiation,0.0,0.047700002789497375
309,539,0,130,decrease,0.10937640070915222,0.05245138704776764
309,539,0,155,initiation,0.0,0.045008331537246704
309,539,0,175,increase,0.051656946539878845,0.16312916576862335
309,539,0,187,initiation,0.0,0.08580833673477173
309,539,0,199,increase,0.04220416396856308,0.10050277411937714
309,539,0,211,initiation,0.0,0.08275000005960464
309,539,0,263,decrease,0.0765666663646698,0.03755277767777443
309,539,0,275,initiation,0.0,0.06007222458720207
309,539,0,412,decrease,0.057915277779102325,0.0290458332747221
309,539,0,424,increase,0.029284721240401268,0.09192638844251633
309,539,0,511,decrease,0.08429444581270218,0.04249861091375351
309,539,0,531,initiation,0.0,0.05671388655900955
309,539,0,543,initiation,0.0,0.11056944727897644
309,539,0,557,decrease,0.11041805148124695,0.056170836091041565
309,539,0,574,decrease,0.12477222084999084,0.08612638711929321
309,539,0,586,decrease,0.14111804962158203,0.06810694187879562
309,539,0,606,initiation,0.0,0.05986666679382324
309,539,0,778,decrease,0.07412916421890259,0.035923611372709274
309,539,0,790,initiation,0.0,0.0573805570602417
309,539,0,802,stop,0.057750001549720764,0.0
309,539,0,814,initiation,0.0,0.04187222570180893
309,539,0,827,initiation,0.0,0.06388472020626068
309,539,0,878,decrease,0.07638610899448395,0.03807083144783974
309,539,0,915,initiation,0.0,0.0727861151099205
309,539,0,947,initiation,0.0,0.03678888827562332
309,539,0,990,decrease,0.044430553913116455,0.021813889965415
309,539,1,20,initiation,0.0,0.2918444573879242
309,539,1,32,initiation,0.0,0.11418888717889786
309,539,1,57,decrease,0.10129166394472122,0.04935416579246521
309,539,1,69,initiation,0.0,0.11609027534723282
309,539,1,81,increase,0.06041388958692551,0.12107916176319122
309,539,1,131,decrease,0.1102222204208374,0.05354027822613716
309,539,1,188,initiation,0.0,0.04075416550040245
309,539,1,200,initiation,0.0,0.12246111035346985
309,539,1,212,stop,0.11713749915361404,0.0
309,539,1,224,initiation,0.0,0.08301666378974915
309,539,1,236,increase,0.05069583281874657,0.0986027792096138
309,539,1,248,stop,0.09770694375038147,0.0
309,539,1,408,increase,0.08314722031354904,0.5987389087677002
309,539,1,429,initiation,0.0,0.08586388826370239
309,539,1,483,decrease,0.10740000009536743,0.05344444513320923
309,539,1,495,stop,0.10426665842533112,0.0
309,539,1,511,decrease,0.0899277776479721,0.04421944171190262
309,539,1,525,decrease,0.13530278205871582,0.11253611743450165
309,539,1,537,initiation,0.0,0.12881389260292053
309,539,1,577,decrease,0.127352774143219,0.06470277905464172
309,539,1,735,decrease,0.14744028449058533,0.07300416380167007
309,539,1,749,initiation,0.0,0.03682083263993263
309,539,1,778,decrease,0.09587361663579941,0.04860277846455574
309,539,1,790,initiation,0.0,0.06959167122840881
309,539,1,818,increase,0.077173613011837,0.41563335061073303
309,539,1,846,initiation,0.0,0.06277082860469818
309,539,1,879,decrease,0.07955138385295868,0.03968888893723488
309,539,1,892,stop,0.05828888714313507,0.0
309,539,1,910,increase,0.053172219544649124,0.08482082933187485
309,539,1,922,initiation,0.0,0.11558472365140915
309,539,1,934,stop,0.11372222006320953,0.0
309,539,1,946,increase,0.02915833331644535,0.07994861155748367
309,539,1,990,decrease,0.08215277642011642,0.04026666656136513
345,4813,0,130,initiation,0.0,0.6944444179534912
345,4813,0,142,initiation,0.0,0.09796667098999023
345,4813,0,154,decrease,0.10435415804386139,0.05088472366333008
345,4813,0,172,initiation,0.0,0.048891667276620865
345,4813,0,200,decrease,0.05336249992251396,0.02674027904868126
345,4813,0,214,initiation,0.0,0.04426666721701622
345,4813,0,244,decrease,0.04862638935446739,0.025009721517562866
345,4813,0,333,decrease,0.05234583467245102,0.02134583331644535
345,4813,0,647,decrease,0.05501944571733475,0.02663888968527317
345,4813,0,670,decrease,0.04949861019849777,0.02447499893605709
345,4813,0,682,initiation,0.0,0.04130139201879501
345,4813,0,996,decrease,0.044265277683734894,0.02175833471119404
345,4813,0,1009,decrease,0.028522221371531487,0.006288888864219189
345,4813,0,1139,decrease,0.05161527544260025,0.02525000087916851
345,4813,0,1157,decrease,0.04594722017645836,0.022536110132932663
345,4813,0,1671,increase,0.03468333184719086,0.04745416343212128
345,4813,0,1683,decrease,0.023616665974259377,0.002656944328919053
345,4813,0,1695,initiation,0.0,0.054156944155693054
345,4813,0,1843,decrease,0.050700001418590546,0.02509722113609314
345,4813,0,1855,initiation,0.0,0.03646388649940491
345,4813,0,1867,stop,0.0366361103951931,0.0
345,4813,0,1881,increase,0.01066111121326685,0.024258334189653397
345,4813,0,1993,decrease,0.029565278440713882,0.014263889752328396
345,4813,1,124,initiation,0.0,0.5555555820465088
345,4813,1,136,initiation,0.0,0.05796944350004196
345,4813,1,154,decrease,0.12045416235923767,0.0585416704416275
345,4813,1,184,initiation,0.0,0.04496388882398605
345,4813,1,201,increase,0.05728055536746979,0.08987082540988922
345,4813,1,213,increase,0.007263889070600271,0.0957375019788742
345,4813,1,331,decrease,0.090988889336586,0.04347916692495346
345,4813,1,346,initiation,0.0,0.04769444465637207
345,4813,1,369,increase,0.05816805362701416,0.09288471937179565
345,4813,1,400,decrease,0.07209444046020508,0.03543194383382797
345,4813,1,414,decrease,0.0988958328962326,0.03259027749300003
345,4813,1,493,decrease,0.10857361555099487,0.05457083508372307
345,4813,1,539,decrease,0.13864582777023315,0.06872083246707916
345,4813,1,553,initiation,0.0,0.08101388812065125
345,4813,1,573,decrease,0.11307917535305023,0.056086111813783646
345,4813,1,594,decrease,0.10188055783510208,0.05086666718125343
345,4813,1,647,decrease,0.09788333624601364,0.04817916452884674
345,4813,1,670,decrease,0.08671805262565613,0.042330555617809296
345,4813,1,695,initiation,0.0,0.055431947112083435
345,4813,1,766,increase,0.07010555267333984,0.21803194284439087
345,4813,1,782,initiation,0.0,0.03579999879002571
345,4813,1,794,decrease,0.09086389094591141,0.04567639157176018
345,4813,1,806,initiation,0.0,0.08170277625322342
345,4813,1,818,stop,0.08755555748939514,0.0
345,4813,1,1034,decrease,0.09856944531202316,0.04894166439771652
345,4813,1,1046,initiation,0.0,0.09604166448116302
345,4813,1,1058,increase,0.04519166424870491,0.0981166660785675
345,4813,1,1070,initiation,0.0,0.08528333902359009
345,4813,1,1157,decrease,0.08787082880735397,0.04411249980330467
345,4813,1,1169,initiation,0.0,0.06531389057636261
345,4813,1,1517,decrease,0.07050833106040955,0.03529305383563042
345,4813,1,1529,increase,0.023601388558745384,0.05808333307504654
345,4813,1,1592,increase,0.06164444237947464,0.08924166858196259
345,4813,1,1605,initiation,0.0,0.09867777675390244
345,4813,1,1617,stop,0.1641875058412552,0.0
345,4813,1,1641,decrease,0.14287221431732178,0.06931111216545105
345,4813,1,1660,initiation,0.0,0.06680555641651154
345,4813,1,1673,initiation,0.0,0.03618055582046509
345,4813,1,1691,initiation,0.0,0.07680277526378632
345,4813,1,1703,stop,0.08436249196529388,0.0
345,4813,1,1715,increase,0.09306111186742783,0.13369861245155334
345,4813,1,1781,decrease,0.12609028816223145,0.06141110882163048
345,4813,1,1793,initiation,0.0,0.10052499920129776
345,4813,1,1842,decrease,0.10564305633306503,0.052465278655290604
345,4813,1,1854,initiation,0.0,0.08285972476005554
345,4813,1,1866,stop,0.08098055422306061,0.0
345,4813,1,1882,initiation,0.0,0.035454168915748596
345,4813,1,1894,stop,0.041349999606609344,0.0
345,4813,1,1908,increase,0.014268055558204651,0.03524027764797211
345,4813,1,1920,initiation,0.0,0.06193194538354874
345,4813,1,1940,decrease,0.061548613011837006,0.01872916705906391
345,4813,1,1965,decrease,0.08394583314657211,0.040634721517562866
345,4813,1,1977,initiation,0.0,0.05549861118197441
345,4813,1,1992,decrease,0.05796249955892563,0.028586111962795258
345,4813,1,2008,initiation,0.0,0.03567083179950714
350,2387,0,160,initiation,0.0,0.5623278021812439
350,2387,0,172,initiation,0.0,0.11555972695350647
350,2387,0,195,initiation,0.0,0.05246388912200928
350,2387,0,327,decrease,0.051858335733413696,0.025231944397091866
350,2387,0,339,initiation,0.0,0.03773055598139763
350,2387,0,377,decrease,0.03775833547115326,0.019216667860746384
350,2387,0,716,decrease,0.04080972075462341,0.019894445315003395
350,2387,1,156,initiation,0.0,0.5555555820465088
350,2387,1,168,initiation,0.0,0.13047638535499573
350,2387,1,180,stop,0.1263749897480011,0.0
350,2387,1,193,decrease,0.08694861084222794,0.042193055152893066
350,2387,1,211,decrease,0.06854583323001862,0.034215278923511505
350,2387,1,225,stop,0.04915139079093933,0.0
350,2387,1,243,increase,0.014687499962747097,0.04435139149427414
350,2387,1,290,decrease,0.04869583249092102,0.02380555495619774
350,2387,1,329,decrease,0.06013055518269539,0.017416667193174362
350,2387,1,489,decrease,0.07810834050178528,0.03825555741786957
350,2387,1,501,increase,0.027904165908694267,0.06430138647556305
350,2387,1,660,decrease,0.06767778098583221,0.033815279603004456
350,2387,1,672,increase,0.02235138975083828,0.05336666852235794
350,2387,1,716,decrease,0.05672360956668854,0.0276652779430151
353,3873,0,15,initiation,0.0,0.15932917594909668
353,3873,0,36,decrease,0.15470001101493835,0.07531944662332535
353,3873,0,64,initiation,0.0,0.04511388763785362
353,3873,0,362,decrease,0.04210139065980911,0.021988889202475548
353,3873,0,374,increase,0.012019445188343525,0.04165416583418846
353,3873,0,386,increase,0.022019444033503532,0.04251805692911148
353,3873,0,1479,decrease,0.0375041663646698,0.018123609945178032
353,3873,1,15,initiation,0.0,0.041059721261262894
353,3873,1,36,decrease,0.09510833024978638,0.04611250013113022
353,3873,1,65,initiation,0.0,0.038959719240665436
353,3873,1,266,decrease,0.04144583269953728,0.0205875001847744
353,3873,1,278,increase,0.02787916734814644,0.051265276968479156
353,3873,1,329,decrease,0.050079166889190674,0.024890277534723282
353,3873,1,341,initiation,0.0,0.06393750011920929
353,3873,1,354,increase,0.03254722058773041,0.06885278224945068
353,3873,1,366,decrease,0.06944861263036728,0.003088888945057988
353,3873,1,515,decrease,0.07823055982589722,0.038386110216379166
353,3873,1,527,initiation,0.0,0.06255833804607391
353,3873,1,582,decrease,0.06476250290870667,0.032377779483795166
353,3873,1,678,decrease,0.07523611187934875,0.03709999844431877
353,3873,1,774,decrease,0.07422778010368347,0.037363890558481216
353,3873,1,1033,decrease,0.08253194391727448,0.040990278124809265
353,3873,1,1047,initiation,0.0,0.04549305513501167
353,3873,1,1079,decrease,0.06340694427490234,0.030868055298924446
353,3873,1,1101,initiation,0.0,0.03747639060020447
353,3873,1,1533,decrease,0.0439569428563118,0.02187083289027214
353,3873,1,1545,initiation,0.0,0.035894446074962616
353,3873,1,1557,stop,0.0355694442987442,0.0
382,2125,0,14,initiation,0.0,0.6944444179534912
382,2125,0,26,initiation,0.0,0.1025666669011116
382,2125,0,46,decrease,0.11719721555709839,0.05717361345887184
382,2125,0,58,increase,0.042290277779102325,0.0948902815580368
382,2125,0,70,initiation,0.0,0.07130416482686996
382,2125,0,82,decrease,0.07494722306728363,0.039988890290260315
382,2125,0,1368,decrease,0.05702916905283928,0.028316667303442955
382,2125,0,1380,stop,0.06944166868925095,0.0
382,2125,0,1587,decrease,0.0581597238779068,0.028630556538701057
382,2125,0,1642,increase,0.012256944552063942,0.29472222924232483
382,2125,0,1716,increase,0.006066666916012764,0.02628333494067192
382,2125,1,12,stop,0.5555555820465088,0.0
382,2125,1,24,initiation,0.0,0.10152916610240936
382,2125,1,45,decrease,0.09475138783454895,0.04628888890147209
382,2125,1,70,initiation,0.0,0.03701110929250717
382,2125,1,82,stop,0.04280833154916763,0.0
382,2125,1,374,decrease,0.05375972390174866,0.026959720999002457
382,2125,1,398,decrease,0.06240694224834442,0.03076111152768135
382,2125,1,410,increase,0.04137638956308365,0.07899443805217743
382,2125,1,422,increase,0.06745415925979614,0.09752638638019562
382,2125,1,479,decrease,0.09345972537994385,0.049501389265060425
382,2125,1,496,decrease,0.10201527923345566,0.050244443118572235
382,2125,1,729,decrease,0.09163888543844223,0.0452958308160305
382,2125,1,808,decrease,0.08330000191926956,0.04118194431066513
382,2125,1,836,decrease,0.07348333299160004,0.03720416873693466
382,2125,1,1170,decrease,0.08455416560173035,0.04092083126306534
382,2125,1,1182,initiation,0.0,0.056877776980400085
382,2125,1,1340,decrease,0.06869583576917648,0.03511666879057884
382,2125,1,1356,decrease,0.07699860632419586,0.03979027643799782
382,2125,1,1411,decrease,0.0838249996304512,0.04163888841867447
382,2125,1,1423,initiation,0.0,0.06435416638851166
382,2125,1,1536,decrease,0.06783194094896317,0.03374166786670685
382,2125,1,1548,increase,0.05178888887166977,0.08618611097335815
382,2125,1,1590,decrease,0.08430694043636322,0.03766944259405136
382,2125,1,1621,decrease,0.10092499852180481,0.049348607659339905
382,2125,1,1634,initiation,0.0,0.05993610993027687
382,2125,1,1682,decrease,0.07493194192647934,0.03654861077666283
382,2125,1,1694,initiation,0.0,0.05142916738986969
382,2125,1,1735,decrease,0.05897499993443489,0.02924722246825695
414,2076,0,13,stop,0.6944444179534912,0.0
414,2076,0,25,initiation,0.0,0.08248888701200485
414,2076,0,46,decrease,0.17820554971694946,0.08792360872030258
414,2076,0,58,stop,0.19472917914390564,0.0
414,2076,0,70,initiation,0.0,0.14394444227218628
414,2076,0,90,decrease,0.13674166798591614,0.06732222437858582
414,2076,0,123,decrease,0.1479097157716751,0.07254305481910706
414,2076,0,149,decrease,0.12868750095367432,0.11538194119930267
414,2076,0,210,decrease,0.1027236133813858,0.0498347245156765
414,2076,0,385,decrease,0.08709166944026947,0.04274583235383034
414,2076,0,397,increase,0.0631902813911438,0.07862083613872528
414,2076,0,795,decrease,0.07820972055196762,0.038580555468797684
414,2076,0,807,increase,0.029218057170510292,0.06517499685287476
414,2076,0,901,decrease,0.06735555827617645,0.03280971944332123
414,2076,1,12,stop,1.1111111640930176,0.0
414,2076,1,58,decrease,0.11844305694103241,0.05782638490200043
414,2076,1,70,initiation,0.0,0.08280138671398163
414,2076,1,82,stop,0.08479444682598114,0.0
414,2076,1,517,decrease,0.07300972193479538,0.036249998956918716
414,2076,1,548,decrease,0.06544999778270721,0.032156944274902344
414,2076,1,561,decrease,0.05987222492694855,0.029822222888469696
414,2076,1,573,initiation,0.0,0.04606666788458824
414,2076,1,592,decrease,0.04794444516301155,0.024001389741897583
414,2076,1,604,initiation,0.0,0.0629180520772934
414,2076,1,902,decrease,0.06239444389939308,0.03092222288250923
449,5876,0,13,initiation,0.0,0.613027811050415
449,5876,0,25,initiation,0.0,0.11031389236450195
449,5876,0,99,decrease,0.0925416648387909,0.04480000212788582
449,5876,0,117,initiation,0.0,0.04690416902303696
449,5876,0,144,decrease,0.049001388251781464,0.024290278553962708
449,5876,0,158,decrease,0.05746111273765564,0.028247220441699028
449,5876,0,269,decrease,0.062388885766267776,0.03088333271443844
449,5876,0,281,initiation,0.0,0.04860416799783707
449,5876,0,384,decrease,0.048872221261262894,0.02340972237288952
449,5876,0,396,increase,0.019627777859568596,0.040352776646614075
449,5876,0,445,decrease,0.041451387107372284,0.021070832386612892
449,5876,0,457,decrease,0.05018472298979759,0.024513889104127884
449,5876,0,469,increase,0.017519444227218628,0.04129860922694206
449,5876,0,494,decrease,0.04168611019849777,0.020141666755080223
449,5876,0,522,decrease,0.036254167556762695,0.018488889560103416
449,5876,0,594,decrease,0.04912916570901871,0.023783333599567413
449,5876,0,606,increase,0.018538888543844223,0.040420833975076675
449,5876,0,683,decrease,0.04137222468852997,0.021054167300462723
449,5876,0,726,decrease,0.04885416477918625,0.024255556985735893
449,5876,0,739,initiation,0.0,0.035523612052202225
449,5876,0,770,increase,0.00844861101359129,0.021613888442516327
449,5876,0,876,decrease,0.026645833626389503,0.013050000183284283
449,5876,1,15,stop,0.2497486174106598,0.0
449,5876,1,98,decrease,0.07128749787807465,0.0350986123085022
449,5876,1,127,increase,0.011341666802763939,0.031494446098804474
449,5876,1,147,decrease,0.033419445157051086,0.013769444078207016
449,5876,1,215,initiation,0.0,0.045762501657009125
449,5876,1,266,decrease,0.05217916518449783,0.025937499478459358
449,5876,1,298,decrease,0.05205416679382324,0.025740278884768486
449,5876,1,310,initiation,0.0,0.04016388952732086
449,5876,1,381,decrease,0.0429999977350235,0.0210347231477499
449,5876,1,393,initiation,0.0,0.03551805764436722
449,5876,1,445,increase,0.03756111115217209,0.11606945097446442
449,5876,1,458,stop,0.0416458323597908,0.0
449,5876,1,492,decrease,0.04646805673837662,0.022911110892891884
449,5876,1,523,decrease,0.04231805354356766,0.020854167640209198
449,5876,1,593,decrease,0.051858335733413696,0.025669444352388382
449,5876,1,605,increase,0.020030556246638298,0.04471666365861893
449,5876,1,735,increase,0.03365694358944893,0.053493060171604156
449,5876,1,832,decrease,0.05164444446563721,0.025231944397091866
449,5876,1,924,initiation,0.0,0.08553610742092133
452,4949,0,39,initiation,0.0,0.6944444179534912
452,4949,0,51,initiation,0.0,0.09930278360843658
452,4949,0,93,decrease,0.11588888615369797,0.05534027889370918
452,4949,0,133,increase,0.012323611415922642,0.027541667222976685
452,4949,0,150,decrease,0.02783472277224064,0.013408333994448185
452,4949,0,165,decrease,0.04680555686354637,0.0280680563300848
452,4949,0,211,decrease,0.028130557388067245,0.014580556191504002
452,4949,0,453,decrease,0.03703055530786514,0.0182055551558733
452,4949,0,679,decrease,0.032713890075683594,0.019877778366208076
452,4949,0,1007,decrease,0.035095833241939545,0.016934722661972046
452,4949,0,1127,increase,0.0013874999713152647,0.01535416767001152
452,4949,1,36,initiation,0.0,0.44643473625183105
452,4949,1,51,initiation,0.0,0.07088333368301392
452,4949,1,93,decrease,0.07432916760444641,0.03674999997019768
452,4949,1,117,initiation,0.0,0.038281943649053574
452,4949,1,145,decrease,0.04013333469629288,0.019697222858667374
452,4949,1,189,initiation,0.0,0.03556250035762787
452,4949,1,210,decrease,0.04217083007097244,0.020747222006320953
452,4949,1,222,initiation,0.0,0.06683056056499481
452,4949,1,234,decrease,0.06628888845443726,0.03233472257852554
452,4949,1,249,initiation,0.0,0.037494443356990814
452,4949,1,277,decrease,0.04805000126361847,0.023600000888109207
452,4949,1,300,increase,0.012601388618350029,0.03193333372473717
452,4949,1,413,decrease,0.03438611328601837,0.014377778396010399
452,4949,1,431,decrease,0.042625002562999725,0.020674999803304672
452,4949,1,455,decrease,0.05147499963641167,0.025623610243201256
452,4949,1,679,decrease,0.05563194304704666,0.027952777221798897
452,4949,1,696,decrease,0.0638805478811264,0.03146666660904884
452,4949,1,708,increase,0.04427361115813255,0.08778750151395798
452,4949,1,727,initiation,0.0,0.04825833439826965
452,4949,1,817,decrease,0.06193888932466507,0.03110416792333126
452,4949,1,830,initiation,0.0,0.03580416738986969
452,4949,1,849,decrease,0.047822222113609314,0.023769445717334747
452,4949,1,866,initiation,0.0,0.059849999845027924
452,4949,1,878,increase,0.018329165875911713,0.04140833020210266
452,4949,1,1010,decrease,0.04282499849796295,0.021088888868689537
452,4949,1,1081,decrease,0.04854166507720947,0.02399861067533493
452,4949,1,1126,increase,0.055779166519641876,0.22563332319259644
452,4949,1,1138,initiation,0.0,0.10433332622051239
452,4949,1,1150,decrease,0.10459306091070175,0.0305388905107975
452,4949,1,1165,decrease,0.11795277893543243,0.05822082981467247
485,4283,0,176,initiation,0.0,0.6944444179534912
485,4283,0,188,initiation,0.0,0.08905693888664246
485,4283,0,1118,decrease,0.08194166421890259,0.040150001645088196
485,4283,0,1136,initiation,0.0,0.040175002068281174
485,4283,0,1159,decrease,0.04690277576446533,0.022784722968935966
485,4283,1,172,initiation,0.0,0.5059666633605957
485,4283,1,185,initiation,0.0,0.06557083129882812
485,4283,1,241,decrease,0.07466666400432587,0.03640833497047424
485,4283,1,274,increase,0.009915277361869812,0.029313888400793076
485,4283,1,1144,stop,0.03534305840730667,0.0
485,4283,1,1194,decrease,0.08249028027057648,0.04060833528637886
505,5324,0,42,initiation,0.0,0.6086569428443909
505,5324,0,54,initiation,0.0,0.0766083300113678
505,5324,0,80,decrease,0.10495277494192123,0.05228055268526077
505,5324,0,125,decrease,0.107022225856781,0.05239583179354668
505,5324,0,138,initiation,0.0,0.05950555577874184
505,5324,0,263,decrease,0.06090972200036049,0.0304263886064291
505,5324,0,275,initiation,0.0,0.044074997305870056
505,5324,0,319,decrease,0.04499860852956772,0.02827499993145466
505,5324,1,41,initiation,0.0,0.5555555820465088
505,5324,1,55,initiation,0.0,0.03604722395539284
505,5324,1,84,initiation,0.0,0.03626805543899536
505,5324,1,319,decrease,0.041333332657814026,0.02065972238779068
566,3843,0,130,initiation,0.0,0.5779069066047668
566,3843,0,142,initiation,0.0,0.09950833767652512
566,3843,0,197,decrease,0.09461666643619537,0.06841528415679932
566,3843,0,234,decrease,0.09601388871669769,0.04679860919713974
566,3843,0,273,decrease,0.07964999973773956,0.03817083314061165
566,3843,0,309,increase,0.012247221544384956,0.032875001430511475
566,3843,0,532,decrease,0.03758610785007477,0.018619444221258163
566,3843,0,577,decrease,0.05298472195863724,0.025858333334326744
566,3843,0,974,decrease,0.055036112666130066,0.029781945049762726
566,3843,0,1344,decrease,0.060854166746139526,0.030393054708838463
566,3843,0,1356,initiation,0.0,0.046283334493637085
566,3843,0,1486,decrease,0.048972222954034805,0.02438194490969181
566,3843,1,126,initiation,0.0,0.4704819619655609
566,3843,1,141,initiation,0.0,0.04684305936098099
566,3843,1,183,decrease,0.06499861180782318,0.032144442200660706
566,3843,1,204,initiation,0.0,0.06301527470350266
566,3843,1,234,decrease,0.06489444524049759,0.03220416605472565
566,3843,1,252,initiation,0.0,0.03550833463668823
566,3843,1,528,decrease,0.045019444078207016,0.022697221487760544
566,3843,1,541,increase,0.043304167687892914,0.06856527924537659
566,3843,1,576,decrease,0.07787361741065979,0.03860277682542801
566,3843,1,588,increase,0.04602361097931862,0.09469027817249298
566,3843,1,656,decrease,0.09056666493415833,0.04603194817900658
566,3843,1,747,decrease,0.0979597270488739,0.049012500792741776
566,3843,1,759,decrease,0.10706111043691635,0.05239583179354668
566,3843,1,814,decrease,0.10522361099720001,0.05139999836683273
566,3843,1,833,initiation,0.0,0.07553610950708389
566,3843,1,863,initiation,0.0,0.05197221785783768
566,3843,1,875,stop,0.08149722218513489,0.0
566,3843,1,898,decrease,0.11560416966676712,0.0452749989926815
566,3843,1,925,increase,0.12254583835601807,0.21018610894680023
566,3843,1,948,initiation,0.0,0.042027778923511505
566,3843,1,973,decrease,0.11877083778381348,0.05918610841035843
566,3843,1,985,initiation,0.0,0.10153749585151672
566,3843,1,998,decrease,0.10159583389759064,0.05009860917925835
566,3843,1,1079,decrease,0.11248333007097244,0.05521666631102562
566,3843,1,1091,initiation,0.0,0.09492777287960052
566,3843,1,1103,stop,0.09284166991710663,0.0
566,3843,1,1115,initiation,0.0,0.07542777806520462
566,3843,1,1127,stop,0.07673889398574829,0.0
566,3843,1,1155,initiation,0.0,0.04410833120346069
566,3843,1,1167,stop,0.04544444382190704,0.0
566,3843,1,1185,decrease,0.05670139193534851,0.029151389375329018
566,3843,1,1276,decrease,0.06519722193479538,0.03229305520653725
566,3843,1,1288,initiation,0.0,0.040994442999362946
566,3843,1,1486,decrease,0.05463055521249771,0.026734722778201103
566,3843,1,1499,initiation,0.0,0.037752777338027954
566,3843,1,1601,decrease,0.043731942772865295,0.021137500181794167
571,1135,0,13,initiation,0.0,0.04139722138643265
571,1135,0,25,decrease,0.11603472381830215,0.07946527749300003
571,1135,0,43,decrease,0.122751384973526,0.05980277433991432
571,1135,0,56,initiation,0.0,0.07313055545091629
571,1135,0,81,decrease,0.07928472012281418,0.04898611083626747
571,1135,0,300,increase,0.09543195366859436,0.10806667059659958
571,1135,0,346,decrease,0.09269444644451141,0.04570416733622551
571,1135,0,359,decrease,0.11625555157661438,0.08499722182750702
571,1135,0,504,decrease,0.07972361147403717,0.038474999368190765
571,1135,0,516,initiation,0.0,0.06043611094355583
571,1135,0,528,decrease,0.05949166417121887,0.029474999755620956
571,1135,0,540,decrease,0.05533194541931152,0.023048609495162964
571,1135,0,559,decrease,0.04795694351196289,0.029927778989076614
571,1135,0,624,decrease,0.04317639023065567,0.02171388827264309
571,1135,0,657,increase,0.014229166321456432,0.026947222650051117
571,1135,1,12,initiation,0.0,0.07716389000415802
571,1135,1,44,decrease,0.10837778449058533,0.05263610929250717
571,1135,1,79,decrease,0.08802222460508347,0.04342777654528618
571,1135,1,295,decrease,0.07630138099193573,0.037854164838790894
571,1135,1,307,increase,0.02600139006972313,0.06241527944803238
571,1135,1,337,decrease,0.06484444439411163,0.03222361207008362
571,1135,1,349,initiation,0.0,0.051669444888830185
571,1135,1,380,increase,0.04256388917565346,0.06809444725513458
571,1135,1,443,decrease,0.06678611040115356,0.03274722024798393
571,1135,1,455,initiation,0.0,0.05308888852596283
571,1135,1,516,decrease,0.05632222443819046,0.027770834043622017
571,1135,1,673,decrease,0.05653194338083267,0.027726387605071068
579,658,0,13,initiation,0.0,0.6944444179534912
579,658,0,25,initiation,0.0,0.09277082979679108
579,658,0,104,decrease,0.10895556211471558,0.052738890051841736
579,658,0,116,initiation,0.0,0.08683888614177704
579,658,0,563,decrease,0.06807638704776764,0.03386250138282776
579,658,1,12,initiation,0.0,0.5807666778564453
579,658,1,25,initiation,0.0,0.0614541694521904
579,658,1,48,decrease,0.08197777718305588,0.040138889104127884
579,658,1,60,increase,0.05504583194851875,0.09986110776662827
579,658,1,72,stop,0.09760277718305588,0.0
579,658,1,107,increase,0.007634722627699375,0.031037500128149986
579,658,1,140,increase,0.03659166395664215,0.06376250088214874
579,658,1,152,initiation,0.0,0.054584722965955734
579,658,1,185,decrease,0.053881943225860596,0.026720833033323288
579,658,1,197,initiation,0.0,0.041891664266586304
579,658,1,209,decrease,0.042630553245544434,0.021427778527140617
579,658,1,235,decrease,0.05383194237947464,0.02669166773557663
579,658,1,247,increase,0.01895555481314659,0.046641670167446136
579,658,1,275,decrease,0.04695694148540497,0.023205555975437164
579,658,1,345,decrease,0.04375555366277695,0.021590277552604675
579,658,1,363,increase,0.011426389217376709,0.03265000134706497
579,658,1,401,decrease,0.03415277972817421,0.010526388883590698
579,658,1,414,decrease,0.0452277809381485,0.022326389327645302
579,658,1,562,decrease,0.04862777516245842,0.02303333207964897
613,596,0,57,initiation,0.0,0.6833152770996094
613,596,0,69,initiation,0.0,0.10071805119514465
613,596,0,160,decrease,0.09161944687366486,0.04427361115813255
613,596,0,174,initiation,0.0,0.05436388775706291
613,596,0,195,decrease,0.05752360820770264,0.029318055137991905
613,596,0,207,decrease,0.07228749990463257,0.02281944453716278
613,596,0,291,decrease,0.07766667008399963,0.03763333335518837
613,596,0,303,initiation,0.0,0.0607222244143486
613,596,0,444,decrease,0.060116663575172424,0.029527777805924416
613,596,0,647,decrease,0.06718333065509796,0.034280553460121155
613,596,1,52,initiation,0.0,0.4772569537162781
613,596,1,64,initiation,0.0,0.10457083582878113
613,596,1,195,decrease,0.07850416004657745,0.05787361040711403
613,596,1,291,decrease,0.08795416355133057,0.04412222281098366
613,596,1,674,decrease,0.07819028198719025,0.03782777860760689
659,3490,0,189,initiation,0.0,0.6944444179534912
659,3490,0,201,initiation,0.0,0.12663888931274414
659,3490,0,219,decrease,0.12377361208200455,0.06043611094355583
659,3490,0,244,initiation,0.0,0.04372222349047661
659,3490,0,262,decrease,0.0485013872385025,0.024249998852610588
659,3490,0,494,decrease,0.04825139045715332,0.023701390251517296
659,3490,0,506,increase,0.017715277150273323,0.04010555520653725
659,3490,0,557,decrease,0.0400666669011116,0.020084721967577934
659,3490,0,616,decrease,0.03584861010313034,0.01813611015677452
659,3490,0,633,decrease,0.04859583079814911,0.031441666185855865
659,3490,0,645,increase,0.05677083134651184,0.07435694336891174
659,3490,0,667,decrease,0.07250555604696274,0.0357888899743557
659,3490,0,679,initiation,0.0,0.05662499740719795
659,3490,0,779,decrease,0.05486110970377922,0.027195831760764122
659,3490,0,791,initiation,0.0,0.0414416640996933
659,3490,0,888,decrease,0.042270831763744354,0.020802777260541916
659,3490,0,905,increase,0.013609722256660461,0.02896527759730816
659,3490,0,920,decrease,0.030097223818302155,0.014593055471777916
659,3490,0,1064,decrease,0.043380554765462875,0.021509723737835884
659,3490,0,1080,increase,0.012833332642912865,0.03023194521665573
659,3490,0,1158,decrease,0.043630555272102356,0.02322777919471264
659,3490,0,1172,decrease,0.053413890302181244,0.026055555790662766
659,3490,0,1197,increase,0.011013888753950596,0.03101527877151966
659,3490,0,1209,decrease,0.04907499998807907,0.034418053925037384
659,3490,0,1221,increase,0.027179166674613953,0.05577777698636055
659,3490,0,1347,decrease,0.05052500218153,0.02457638829946518
659,3490,0,1359,initiation,0.0,0.03928055614233017
659,3490,0,1413,decrease,0.04060416668653488,0.020061111077666283
659,3490,0,1430,increase,0.012713889591395855,0.027615278959274292
659,3490,1,188,initiation,0.0,0.4861111044883728
659,3490,1,202,initiation,0.0,0.08136527985334396
659,3490,1,220,decrease,0.09194722026586533,0.0451805554330349
659,3490,1,232,initiation,0.0,0.06544583290815353
659,3490,1,244,stop,0.06473611295223236,0.0
659,3490,1,256,initiation,0.0,0.04514027759432793
659,3490,1,297,decrease,0.04694861173629761,0.023020833730697632
659,3490,1,309,initiation,0.0,0.0378388911485672
659,3490,1,404,decrease,0.03964444249868393,0.019661111757159233
659,3490,1,416,increase,0.01643611118197441,0.08830555528402328
659,3490,1,469,decrease,0.08107638359069824,0.04016944393515587
659,3490,1,491,initiation,0.0,0.037211112678050995
659,3490,1,540,increase,0.045879170298576355,0.4539458453655243
659,3490,1,552,initiation,0.0,0.11323888599872589
659,3490,1,572,initiation,0.0,0.05835694074630737
659,3490,1,588,decrease,0.06994305551052094,0.034566666930913925
659,3490,1,600,increase,0.027150001376867294,0.059962496161460876
659,3490,1,629,decrease,0.06174582988023758,0.030488887801766396
659,3490,1,641,stop,0.07308749854564667,0.0
659,3490,1,655,decrease,0.061118051409721375,0.03091111220419407
659,3490,1,669,decrease,0.0832444429397583,0.04013749957084656
659,3490,1,681,initiation,0.0,0.07952916622161865
659,3490,1,753,decrease,0.08349861204624176,0.05939166620373726
659,3490,1,833,decrease,0.08710278570652008,0.04297777637839317
659,3490,1,845,initiation,0.0,0.07634305953979492
659,3490,1,857,decrease,0.12671250104904175,0.06205694377422333
659,3490,1,876,initiation,0.0,0.07204027473926544
659,3490,1,888,stop,0.08254444599151611,0.0
659,3490,1,900,initiation,0.0,0.06483332812786102
659,3490,1,926,decrease,0.06707499921321869,0.045770835131406784
659,3490,1,938,increase,0.054222222417593,0.09767916798591614
659,3490,1,951,decrease,0.09774722158908844,0.04824860766530037
659,3490,1,965,initiation,0.0,0.05679861456155777
659,3490,1,1027,decrease,0.06992639601230621,0.03468194603919983
659,3490,1,1069,decrease,0.07920694351196289,0.03892222419381142
659,3490,1,1081,increase,0.03002222068607807,0.06883610785007477
659,3490,1,1159,decrease,0.07025139033794403,0.035023611038923264
659,3490,1,1172,increase,0.040409721434116364,0.07981527596712112
659,3490,1,1193,initiation,0.0,0.2023875117301941
659,3490,1,1211,initiation,0.0,0.10811667144298553
659,3490,1,1223,increase,0.07393750548362732,0.13730555772781372
659,3490,1,1243,decrease,0.1326555609703064,0.06576249748468399
659,3490,1,1333,decrease,0.1342500001192093,0.0668138861656189
659,3490,1,1346,decrease,0.1339777708053589,0.06671805679798126
659,3490,1,1369,initiation,0.0,0.06083333119750023
659,3490,1,1412,decrease,0.0744750052690506,0.03691388666629791
659,3490,1,1424,initiation,0.0,0.04999583214521408
659,3490,1,1442,decrease,0.057648610323667526,0.028777776286005974
671,342,0,24,initiation,0.0,0.03932777792215347
671,342,0,71,decrease,0.09504444152116776,0.08138333261013031
671,342,0,83,decrease,0.05066527798771858,0.03767361119389534
671,342,0,1413,decrease,0.05542360991239548,0.027029167860746384
671,342,0,1425,initiation,0.0,0.04061805456876755
671,342,1,20,initiation,0.0,0.07612916827201843
671,342,1,53,decrease,0.10010000318288803,0.04884166643023491
671,342,1,73,initiation,0.0,0.03752916678786278
671,342,1,86,increase,0.038858335465192795,0.06201944500207901
671,342,1,1419,decrease,0.06239861249923706,0.0435805544257164
671,342,1,1474,decrease,0.07124444842338562,0.035155557096004486
692,2334,0,143,initiation,0.0,0.6944444179534912
692,2334,0,155,initiation,0.0,0.08922082930803299
692,2334,0,187,decrease,0.13792777061462402,0.06758749485015869
692,2334,0,199,initiation,0.0,0.10862082242965698
692,2334,0,216,decrease,0.10673472285270691,0.05194166675209999
692,2334,0,228,increase,0.054440274834632874,0.10754305124282837
692,2334,0,293,decrease,0.09765277802944183,0.06128055602312088
692,2334,0,520,increase,0.09553471952676773,0.11340972036123276
692,2334,0,656,decrease,0.0931486189365387,0.07593194395303726
692,2334,0,1032,increase,0.0780986100435257,0.09166805446147919
692,2334,0,1084,decrease,0.09059583395719528,0.0691833347082138
692,2334,0,1216,decrease,0.08915555477142334,0.06780138611793518
692,2334,0,1237,decrease,0.07983332872390747,0.03877222165465355
692,2334,0,1249,initiation,0.0,0.058759719133377075
692,2334,0,1333,decrease,0.026313887909054756,0.012969444505870342
692,2334,1,142,initiation,0.0,0.5555555820465088
692,2334,1,154,initiation,0.0,0.042326390743255615
692,2334,1,187,decrease,0.12488333880901337,0.061213891953229904
692,2334,1,201,initiation,0.0,0.060713887214660645
692,2334,1,249,decrease,0.07445000112056732,0.03700277954339981
692,2334,1,261,initiation,0.0,0.060261111706495285
692,2334,1,292,decrease,0.061984725296497345,0.03109722211956978
692,2334,1,304,increase,0.04819305241107941,0.09115694463253021
692,2334,1,330,decrease,0.08869166672229767,0.043259721249341965
692,2334,1,342,increase,0.027926389127969742,0.07259583473205566
692,2334,1,399,decrease,0.08043333142995834,0.04361944645643234
692,2334,1,429,decrease,0.08716250211000443,0.043331943452358246
692,2334,1,449,decrease,0.07757638394832611,0.02728194370865822
692,2334,1,519,decrease,0.08610555529594421,0.04195833206176758
692,2334,1,610,decrease,0.09709721803665161,0.04792916402220726
692,2334,1,834,decrease,0.1002499908208847,0.04971388727426529
692,2334,1,941,decrease,0.09529861807823181,0.04734305664896965
692,2334,1,953,increase,0.03165416792035103,0.08042222261428833
692,2334,1,1018,decrease,0.08336944133043289,0.041841667145490646
692,2334,1,1083,decrease,0.08470138907432556,0.041951388120651245
692,2334,1,1095,initiation,0.0,0.0705638900399208
692,2334,1,1137,decrease,0.07256944477558136,0.047006942331790924
692,2334,1,1181,decrease,0.08663611114025116,0.055294446647167206
692,2334,1,1215,decrease,0.09342916309833527,0.04597500339150429
692,2334,1,1227,initiation,0.0,0.06752638518810272
692,2334,1,1239,stop,0.06956666707992554,0.0
692,2334,1,1251,initiation,0.0,0.05618194490671158
692,2334,1,1333,decrease,0.0623902752995491,0.030823612585663795
708,389,0,58,initiation,0.0,0.19147221744060516
708,389,0,70,initiation,0.0,0.08807916939258575
708,389,0,89,decrease,0.085487499833107,0.04112499952316284
708,389,0,101,initiation,0.0,0.06414305418729782
708,389,0,126,decrease,0.06199027970433235,0.030981943011283875
708,389,0,138,stop,0.0754166692495346,0.0
708,389,0,150,initiation,0.0,0.056877776980400085
708,389,0,1038,decrease,0.041074998676776886,0.019825000315904617
708,389,0,1654,decrease,0.0385708324611187,0.019583333283662796
708,389,1,58,stop,0.9009875059127808,0.0
708,389,1,70,increase,0.018636111170053482,0.10368888825178146
708,389,1,89,decrease,0.09839999675750732,0.047559723258018494
708,389,1,101,initiation,0.0,0.0692930519580841
708,389,1,136,decrease,0.0695388913154602,0.034490279853343964
708,389,1,148,initiation,0.0,0.058226387947797775
708,389,1,186,decrease,0.058755554258823395,0.029322221875190735
708,389,1,198,initiation,0.0,0.0485430583357811
708,389,1,1300,decrease,0.05055555701255798,0.024909721687436104
708,389,1,1312,initiation,0.0,0.07170416414737701
708,389,1,1475,decrease,0.067530557513237,0.033302780240774155
708,389,1,1490,initiation,0.0,0.04021389037370682
708,389,1,1655,decrease,0.050377778708934784,0.024804165586829185
785,1509,0,27,initiation,0.0,0.6944444179534912
785,1509,0,39,initiation,0.0,0.16318055987358093
785,1509,0,51,decrease,0.18180416524410248,0.08755694329738617
785,1509,0,75,initiation,0.0,0.06596805155277252
785,1509,0,88,decrease,0.0731888860464096,0.028433334082365036
785,1509,0,422,decrease,0.06687361001968384,0.033118054270744324
785,1509,0,434,increase,0.025966664776206017,0.05541805550456047
785,1509,0,676,decrease,0.05684027820825577,0.028227776288986206
785,1509,0,809,decrease,0.05597639083862305,0.027905553579330444
785,1509,0,821,decrease,0.2742222249507904,0.03359583392739296
785,1509,0,1358,decrease,0.05372638627886772,0.026830555871129036
785,1509,1,26,initiation,0.0,0.4861111044883728
785,1509,1,40,initiation,0.0,0.09286527335643768
785,1509,1,61,decrease,0.11364999413490295,0.05556249991059303
785,1509,1,104,increase,0.012818055227398872,0.032693054527044296
785,1509,1,232,decrease,0.03751249983906746,0.01890694350004196
785,1509,1,284,initiation,0.0,0.04540000110864639
785,1509,1,296,stop,0.05264166742563248,0.0
785,1509,1,360,decrease,0.02642916701734066,0.004449999891221523
785,1509,1,397,decrease,0.03834444284439087,0.019208332523703575
785,1509,1,412,increase,0.011363889090716839,0.03834027796983719
785,1509,1,424,increase,0.022990277037024498,0.10876250267028809
785,1509,1,441,decrease,0.10461944341659546,0.05285833030939102
785,1509,1,474,decrease,0.110776387155056,0.05457083508372307
785,1509,1,517,decrease,0.11712777614593506,0.05839861184358597
785,1509,1,613,decrease,0.1239013820886612,0.061698611825704575
785,1509,1,649,decrease,0.1233791708946228,0.06117500364780426
785,1509,1,711,decrease,0.11293888837099075,0.048023611307144165
785,1509,1,809,decrease,0.10370972007513046,0.051351387053728104
785,1509,1,821,stop,0.38650140166282654,0.0
785,1509,1,862,decrease,0.09617361426353455,0.04872222617268562
785,1509,1,897,increase,0.013226388953626156,0.03488055616617203
785,1509,1,910,stop,0.03722222149372101,0.0
785,1509,1,924,decrease,0.054834723472595215,0.02761666849255562
785,1509,1,1130,decrease,0.06549027562141418,0.032630555331707
785,1509,1,1142,initiation,0.0,0.05286944657564163
785,1509,1,1206,decrease,0.055368054658174515,0.027334721758961678
785,1509,1,1231,decrease,0.06713472306728363,0.03335833176970482
785,1509,1,1243,initiation,0.0,0.05394583195447922
785,1509,1,1255,increase,0.02641388773918152,0.0548236109316349
785,1509,1,1313,decrease,0.05582638829946518,0.027820833027362823
785,1509,1,1359,decrease,0.06413750350475311,0.03191249817609787
789,1527,0,12,initiation,0.0,0.9533527493476868
789,1527,0,24,initiation,0.0,0.16839027404785156
789,1527,0,36,decrease,0.16519862413406372,0.08000694215297699
789,1527,0,120,decrease,0.13132637739181519,0.06455972790718079
789,1527,0,132,initiation,0.0,0.10531388968229294
789,1527,0,152,decrease,0.10390694439411163,0.05057777836918831
789,1527,0,164,initiation,0.0,0.0806875005364418
789,1527,0,488,decrease,0.07335277646780014,0.03671944513916969
789,1527,0,533,initiation,0.0,0.04134305566549301
789,1527,0,561,decrease,0.03949444368481636,0.013855555094778538
789,1527,0,573,stop,0.0585361123085022,0.0
789,1527,0,585,initiation,0.0,0.1197180524468422
789,1527,0,611,decrease,0.1118694394826889,0.054330553859472275
789,1527,0,623,initiation,0.0,0.08384861052036285
789,1527,0,646,decrease,0.08259443938732147,0.040808334946632385
789,1527,0,1059,increase,0.06701527535915375,0.10305000096559525
789,1527,0,1071,increase,0.03762222081422806,0.09192639589309692
789,1527,0,1107,decrease,0.08846527338027954,0.0737902820110321
789,1527,0,1142,decrease,0.08669999986886978,0.042694445699453354
789,1527,0,1170,initiation,0.0,0.038737501949071884
789,1527,0,1419,decrease,0.07917916774749756,0.03843611106276512
789,1527,1,13,initiation,0.0,0.06724861264228821
789,1527,1,38,decrease,0.09941944479942322,0.04880000278353691
789,1527,1,69,decrease,0.0798347219824791,0.03942638635635376
789,1527,1,81,initiation,0.0,0.060955554246902466
789,1527,1,97,initiation,0.0,0.04206249862909317
789,1527,1,223,decrease,0.05196250230073929,0.025768054649233818
789,1527,1,317,increase,0.06256528198719025,0.17556944489479065
789,1527,1,332,initiation,0.0,0.05340000241994858
789,1527,1,521,decrease,0.10444166511297226,0.05222083255648613
789,1527,1,567,decrease,0.02457638829946518,0.004550000187009573
789,1527,1,584,initiation,0.0,0.051447220146656036
789,1527,1,613,decrease,0.07055555284023285,0.03421388939023018
789,1527,1,625,initiation,0.0,0.05295277759432793
789,1527,1,773,decrease,0.05612500011920929,0.028013888746500015
789,1527,1,785,decrease,0.07025139033794403,0.041337497532367706
789,1527,1,844,decrease,0.07470694184303284,0.05614444613456726
789,1527,1,999,decrease,0.0746111124753952,0.03745139017701149
789,1527,1,1187,decrease,0.09355416893959045,0.04644583538174629
789,1527,1,1203,initiation,0.0,0.4126361012458801
789,1527,1,1215,initiation,0.0,0.12472361326217651
789,1527,1,1283,decrease,0.11525139212608337,0.057176388800144196
789,1527,1,1297,decrease,0.1010972261428833,0.04933055862784386
789,1527,1,1309,increase,0.03571944683790207,0.08718055486679077
789,1527,1,1371,decrease,0.0921652764081955,0.04633888602256775
789,1527,1,1383,increase,0.09123611450195312,0.13328056037425995
789,1527,1,1411,decrease,0.12899166345596313,0.0635458305478096
789,1527,1,1424,initiation,0.0,0.07432222366333008
789,1527,1,1462,decrease,0.08963055908679962,0.04450694099068642
795,2957,0,74,initiation,0.0,0.054391663521528244
795,2957,0,86,initiation,0.0,0.11830972135066986
795,2957,0,135,decrease,0.10290417075157166,0.049448613077402115
795,2957,0,148,initiation,0.0,0.061315275728702545
795,2957,0,230,decrease,0.06175694614648819,0.0301833339035511
795,2957,0,242,decrease,0.05182083323597908,0.036876387894153595
795,2957,0,254,stop,0.07788333296775818,0.0
795,2957,0,396,decrease,0.05642499774694443,0.03616388887166977
795,2957,0,522,decrease,0.06019861251115799,0.03032638691365719
795,2957,0,534,initiation,0.0,0.06809721887111664
795,2957,0,570,decrease,0.06603055447340012,0.03498472273349762
795,2957,0,677,increase,0.07000833749771118,0.08625833690166473
795,2957,0,690,initiation,0.0,0.04115833342075348
795,2957,0,704,decrease,0.060409724712371826,0.03634166717529297
795,2957,0,767,decrease,0.06632639467716217,0.03188055753707886
795,2957,0,779,increase,0.026912501081824303,0.05477083474397659
795,2957,0,982,decrease,0.057648610323667526,0.028547223657369614
795,2957,0,1020,decrease,0.06999166309833527,0.03510277718305588
795,2957,0,1032,initiation,0.0,0.05595138669013977
795,2957,0,1116,decrease,0.05763889104127884,0.02772916667163372
795,2957,0,1128,initiation,0.0,0.04385000094771385
795,2957,0,1153,decrease,0.045120835304260254,0.021744444966316223
795,2957,0,1333,decrease,0.05752222239971161,0.028595834970474243
795,2957,1,76,stop,0.7344542145729065,0.0
795,2957,1,121,decrease,0.09322360157966614,0.045133329927921295
795,2957,1,163,increase,0.01574166677892208,0.05196250230073929
795,2957,1,239,decrease,0.056854166090488434,0.030383331701159477
795,2957,1,251,initiation,0.0,0.08285833895206451
795,2957,1,282,decrease,0.0816388875246048,0.04037777706980705
795,2957,1,320,decrease,0.10235555469989777,0.08199305832386017
795,2957,1,536,decrease,0.11241666972637177,0.055518053472042084
795,2957,1,548,increase,0.07006805390119553,0.1130250096321106
795,2957,1,869,decrease,0.12211805582046509,0.0595194436609745
795,2957,1,881,initiation,0.0,0.09118888527154922
795,2957,1,986,decrease,0.11245555430650711,0.05527639016509056
795,2957,1,1012,decrease,0.11291944980621338,0.05572777986526489
795,2957,1,1085,decrease,0.1001555547118187,0.049395833164453506
795,2957,1,1115,increase,0.08391249924898148,0.1037902757525444
795,2957,1,1137,decrease,0.10179722309112549,0.051023609936237335
795,2957,1,1277,decrease,0.09046249836683273,0.04502499848604202
795,2957,1,1309,decrease,0.07754027843475342,0.03829444572329521
795,2957,1,1321,initiation,0.0,0.060818057507276535
795,2957,1,1333,stop,0.06262639164924622,0.0
795,2957,1,1434,decrease,0.03804861009120941,0.01905277743935585
809,5638,0,81,initiation,0.0,0.6944444179534912
809,5638,0,93,initiation,0.0,0.11674027889966965
809,5638,0,105,stop,0.07590416818857193,0.0
809,5638,0,117,initiation,0.0,0.08356388658285141
809,5638,0,136,decrease,0.08218611031770706,0.040631942451000214
809,5638,0,148,initiation,0.0,0.06902916729450226
809,5638,0,346,decrease,0.05512499809265137,0.026895832270383835
809,5638,0,621,decrease,0.05706527829170227,0.02845555730164051
809,5638,0,777,decrease,0.06711804866790771,0.03346527740359306
809,5638,0,1030,decrease,0.06376665830612183,0.031558334827423096
809,5638,0,1042,initiation,0.0,0.0477430522441864
809,5638,0,1114,decrease,0.04958055540919304,0.02506388910114765
809,5638,0,1126,increase,0.060826390981674194,0.0824805498123169
809,5638,0,1169,decrease,0.07967221736907959,0.039254166185855865
809,5638,0,1187,initiation,0.0,0.03762777894735336
809,5638,0,1199,stop,0.04276527836918831,0.0
809,5638,1,80,initiation,0.0,0.5555555820465088
809,5638,1,92,initiation,0.0,0.04215416684746742
809,5638,1,104,stop,0.05706805735826492,0.0
809,5638,1,123,initiation,0.0,0.03714999929070473
809,5638,1,138,decrease,0.044769443571567535,0.021941667422652245
809,5638,1,150,increase,0.02934027835726738,0.06724861264228821
809,5638,1,402,decrease,0.06311528384685516,0.031979165971279144
809,5638,1,421,decrease,0.07402500510215759,0.03676805645227432
809,5638,1,497,decrease,0.08159445226192474,0.039965275675058365
809,5638,1,509,increase,0.02854444459080696,0.06934861093759537
809,5638,1,554,decrease,0.0716194435954094,0.03514305502176285
809,5638,1,589,increase,0.008648611605167389,0.027962498366832733
809,5638,1,866,increase,0.03562916815280914,0.1072625070810318
809,5638,1,885,initiation,0.0,0.05195000022649765
809,5638,1,1154,decrease,0.05368194729089737,0.027683332562446594
809,5638,1,1168,decrease,0.06688333302736282,0.032180555164813995
809,5638,1,1196,increase,0.009490277618169785,0.03014027699828148
927,2180,0,17,initiation,0.0,0.08878611028194427
927,2180,0,54,decrease,0.12419305741786957,0.05987083166837692
927,2180,0,66,initiation,0.0,0.07630972564220428
927,2180,0,115,decrease,0.07621388882398605,0.037505555897951126
927,2180,0,127,initiation,0.0,0.057079166173934937
927,2180,0,152,decrease,0.055687498301267624,0.027768054977059364
927,2180,0,166,initiation,0.0,0.03799305856227875
927,2180,0,371,decrease,0.039423611015081406,0.019676389172673225
927,2180,0,407,initiation,0.0,0.0415777787566185
927,2180,0,505,decrease,0.08712916076183319,0.04288194328546524
927,2180,0,517,initiation,0.0,0.06827083230018616
927,2180,0,740,decrease,0.06840833276510239,0.03330138698220253
927,2180,0,752,initiation,0.0,0.05100555717945099
927,2180,0,780,decrease,0.05149305611848831,0.026686111465096474
927,2180,0,793,initiation,0.0,0.035354167222976685
927,2180,0,820,decrease,0.037505555897951126,0.018388887867331505
927,2180,0,893,decrease,0.05600417032837868,0.027395833283662796
927,2180,0,905,initiation,0.0,0.035499997437000275
927,2180,0,927,decrease,0.03893611207604408,0.019200000911951065
927,2180,1,15,initiation,0.0,0.056837502866983414
927,2180,1,54,decrease,0.08725139498710632,0.04289305582642555
927,2180,1,66,increase,0.02698194421827793,0.07107777893543243
927,2180,1,122,decrease,0.06912638992071152,0.033925000578165054
927,2180,1,137,initiation,0.0,0.03591249883174896
927,2180,1,372,decrease,0.04859861359000206,0.024141667410731316
927,2180,1,384,increase,0.03593888878822327,0.07357500493526459
927,2180,1,578,decrease,0.06798194348812103,0.033726390451192856
927,2180,1,590,initiation,0.0,0.05460277944803238
927,2180,1,893,decrease,0.05774861201643944,0.028259722515940666
927,2180,1,905,initiation,0.0,0.04491666704416275
927,2180,1,936,decrease,0.04627777636051178,0.02301805466413498
962,5764,0,28,initiation,0.0,0.6944444179534912
962,5764,0,40,initiation,0.0,0.08611388504505157
962,5764,0,52,stop,0.13894860446453094,0.0
962,5764,0,72,initiation,0.0,0.038931943476200104
962,5764,0,227,decrease,0.08122222125530243,0.04022222012281418
962,5764,0,448,decrease,0.08548333495855331,0.04214583337306976
962,5764,0,460,initiation,0.0,0.0641888901591301
962,5764,0,505,decrease,0.0657944455742836,0.032802779227495193
962,5764,0,586,decrease,0.06793195009231567,0.032370831817388535
962,5764,1,24,initiation,0.0,0.5555555820465088
962,5764,1,37,initiation,0.0,0.07470833510160446
962,5764,1,55,decrease,0.12216667085886002,0.058372221887111664
962,5764,1,74,initiation,0.0,0.04656388983130455
962,5764,1,142,decrease,0.0596763901412487,0.02927222289144993
962,5764,1,183,decrease,0.07186806201934814,0.03488055616617203
962,5764,1,227,decrease,0.08374583721160889,0.050780557096004486
962,5764,1,385,decrease,0.08951111137866974,0.044604167342185974
962,5764,1,397,increase,0.02927083522081375,0.07616527378559113
962,5764,1,458,decrease,0.07878333330154419,0.039104167371988297
962,5764,1,500,decrease,0.09041805565357208,0.04502083361148834
962,5764,1,535,decrease,0.09020832926034927,0.06646110862493515
962,5764,1,586,decrease,0.09662917256355286,0.04746389016509056
962,5764,1,606,initiation,0.0,0.03889722377061844
962,5764,1,631,decrease,0.052226390689611435,0.026383332908153534
986,5850,0,20,initiation,0.0,0.5427861213684082
986,5850,0,36,initiation,0.0,0.06776944547891617
986,5850,0,48,stop,0.13467499613761902,0.0
986,5850,0,79,decrease,0.1700083315372467,0.08406110852956772
986,5850,0,111,initiation,0.0,0.03914861008524895
986,5850,0,146,decrease,0.0486527755856514,0.024970833212137222
986,5850,0,214,decrease,0.0599374994635582,0.029280556365847588
986,5850,0,226,initiation,0.0,0.0455624982714653
986,5850,0,291,decrease,0.04595138877630234,0.023055555298924446
986,5850,0,304,increase,0.017768055200576782,0.038693055510520935
986,5850,0,318,initiation,0.0,0.07289305329322815
986,5850,0,365,decrease,0.08125416934490204,0.039750002324581146
986,5850,0,377,initiation,0.0,0.06485556066036224
986,5850,0,484,decrease,0.06331250071525574,0.03184444457292557
986,5850,0,496,initiation,0.0,0.049549996852874756
986,5850,0,660,increase,0.05316111445426941,0.08169583231210709
986,5850,0,672,increase,0.0012208333937451243,0.0656319409608841
986,5850,0,687,initiation,0.0,0.04801527410745621
986,5850,0,707,decrease,0.051512498408555984,0.02597222290933132
986,5850,0,734,decrease,0.06450416147708893,0.031695831567049026
986,5850,0,746,initiation,0.0,0.05046110972762108
986,5850,0,785,decrease,0.05135694146156311,0.024791667237877846
986,5850,0,797,initiation,0.0,0.036283329129219055
986,5850,0,814,decrease,0.03807777911424637,0.018973611295223236
986,5850,0,832,increase,0.011977776885032654,0.025577779859304428
986,5850,0,923,decrease,0.031198609620332718,0.015659721568226814
986,5850,0,952,decrease,0.04483611136674881,0.022450000047683716
986,5850,0,1006,decrease,0.05611805617809296,0.02752777747809887
986,5850,0,1018,initiation,0.0,0.044373609125614166
986,5850,0,1056,decrease,0.04986944422125816,0.024940278381109238
986,5850,0,1079,decrease,0.06798750162124634,0.03334583342075348
986,5850,0,1154,decrease,0.07564027607440948,0.036952778697013855
986,5850,0,1182,decrease,0.09938749670982361,0.049109723418951035
986,5850,0,1223,increase,0.008998611010611057,0.029516667127609253
986,5850,0,1238,decrease,0.030901387333869934,0.005062500014901161
986,5850,0,1253,increase,0.02584722265601158,0.3606888949871063
986,5850,1,15,initiation,0.0,0.5036291480064392
986,5850,1,27,initiation,0.0,0.12525278329849243
986,5850,1,79,decrease,0.09527638554573059,0.04684305563569069
986,5850,1,91,initiation,0.0,0.05924583226442337
986,5850,1,163,increase,0.06634583324193954,0.14933611452579498
986,5850,1,175,initiation,0.0,0.14487361907958984
986,5850,1,292,decrease,0.1229347288608551,0.07289305329322815
986,5850,1,366,decrease,0.1449861079454422,0.07150833308696747
986,5850,1,485,decrease,0.1322583258152008,0.0654597207903862
986,5850,1,672,decrease,0.11989860981702805,0.05960138514637947
986,5850,1,684,initiation,0.0,0.08792082965373993
986,5850,1,702,increase,0.08588749170303345,0.11035139113664627
986,5850,1,714,increase,0.10168610513210297,0.12336528301239014
986,5850,1,733,decrease,0.1382041573524475,0.06810000538825989
986,5850,1,784,decrease,0.11961805820465088,0.05909722298383713
986,5850,1,812,decrease,0.10598056018352509,0.052852779626846313
986,5850,1,824,stop,0.08534444868564606,0.0
986,5850,1,851,decrease,0.08016805350780487,0.033290278166532516
986,5850,1,1013,increase,0.10527222603559494,0.12624305486679077
986,5850,1,1146,increase,0.11610972136259079,0.13787499070167542
986,5850,1,1197,decrease,0.13211944699287415,0.06575972586870193
986,5850,1,1218,initiation,0.0,0.04810694605112076
986,5850,1,1268,decrease,0.07154583930969238,0.03554166853427887
986,5850,1,1310,decrease,0.1132708340883255,0.055556945502758026
998,4132,0,44,initiation,0.0,0.6944444179534912
998,4132,0,56,initiation,0.0,0.09150555729866028
998,4132,0,141,decrease,0.11259305477142334,0.05513888970017433
998,4132,0,162,initiation,0.0,0.04635833203792572
998,4132,0,250,decrease,0.053259722888469696,0.025998611003160477
998,4132,0,262,increase,0.0663013905286789,0.08785416185855865
998,4132,0,274,stop,0.08773194253444672,0.0
998,4132,0,286,initiation,0.0,0.06751249730587006
998,4132,0,332,decrease,0.06616527587175369,0.03276527673006058
998,4132,0,344,initiation,0.0,0.04689861088991165
998,4132,0,378,decrease,0.04852916672825813,0.02484999969601631
998,4132,0,555,decrease,0.06523889303207397,0.032015278935432434
998,4132,0,573,initiation,0.0,0.04056805372238159
998,4132,0,623,decrease,0.04570138826966286,0.022356944158673286
998,4132,0,635,increase,0.03317638859152794,0.04608333110809326
998,4132,0,1075,decrease,0.04826805740594864,0.023862499743700027
998,4132,0,1095,increase,0.012777777388691902,0.03014444373548031
998,4132,0,1148,decrease,0.03250555694103241,0.016115278005599976
998,4132,1,42,initiation,0.0,0.5555555820465088
998,4132,1,56,initiation,0.0,0.07937778532505035
998,4132,1,87,decrease,0.08213749527931213,0.040090277791023254
998,4132,1,99,initiation,0.0,0.06681250035762787
998,4132,1,115,decrease,0.06713888794183731,0.032479166984558105
998,4132,1,260,initiation,0.0,0.03734166547656059
998,4132,1,272,stop,0.03917083144187927,0.0
998,4132,1,284,stop,0.06270556151866913,0.0
998,4132,1,388,initiation,0.0,0.040259722620248795
998,4132,1,458,stop,0.03701666742563248,0.0
998,4132,1,473,decrease,0.048463888466358185,0.02349444478750229
998,4132,1,509,increase,0.048665277659893036,0.06866805255413055
998,4132,1,569,increase,0.056397221982479095,0.0765458345413208
998,4132,1,684,decrease,0.07658472657203674,0.047147221863269806
998,4132,1,773,decrease,0.08201111108064651,0.04201110824942589
998,4132,1,925,decrease,0.09027361124753952,0.04513472318649292
998,4132,1,937,increase,0.034679166972637177,0.0785222202539444
998,4132,1,1076,decrease,0.08197777718305588,0.03958611190319061
998,4132,1,1095,initiation,0.0,0.03759722039103508
998,4132,1,1148,decrease,0.052037499845027924,0.02535138837993145
1002,1877,0,12,initiation,0.0,0.22659029066562653
1002,1877,0,24,initiation,0.0,0.08993194252252579
1002,1877,0,37,decrease,0.08854861557483673,0.041951388120651245
1002,1877,0,49,initiation,0.0,0.05060138925909996
1002,1877,0,61,stop,0.05934583395719528,0.0
1002,1877,0,125,decrease,0.07129167020320892,0.034566666930913925
1002,1877,0,137,initiation,0.0,0.055929165333509445
1002,1877,0,245,decrease,0.05043888837099075,0.025477778166532516
1002,1877,0,608,decrease,0.05268333479762077,0.026030557230114937
1002,1877,0,622,initiation,0.0,0.03535972163081169
1002,1877,0,760,decrease,0.04032360762357712,0.01959027722477913
1002,1877,1,12,initiation,0.0,0.33658331632614136
1002,1877,1,24,increase,0.01758333295583725,0.09757916629314423
1002,1877,1,37,decrease,0.0920555517077446,0.0438680537045002
1002,1877,1,65,increase,0.011286111548542976,0.029980555176734924
1002,1877,1,230,decrease,0.027493055909872055,0.004770833067595959
1002,1877,1,248,decrease,0.055694445967674255,0.033916667103767395
1002,1877,1,300,decrease,0.05712916702032089,0.0279791671782732
1002,1877,1,312,initiation,0.0,0.04406388849020004
1002,1877,1,324,stop,0.04387638717889786,0.0
1002,1877,1,612,decrease,0.0407097227871418,0.01959305629134178
1002,1877,1,666,stop,0.03635833412408829,0.0
1002,1877,1,681,initiation,0.0,0.03563055396080017
1002,1877,1,762,stop,0.036334723234176636,0.0
1024,3763,0,136,initiation,0.0,0.6944444179534912
1024,3763,0,148,initiation,0.0,0.10269444435834885
1024,3763,0,160,stop,0.11852916330099106,0.0
1024,3763,0,172,initiation,0.0,0.060511112213134766
1024,3763,0,578,decrease,0.050913892686367035,0.02507222257554531
1024,3763,0,602,decrease,0.043490275740623474,0.021934721618890762
1024,3763,0,785,decrease,0.0610097236931324,0.030304167419672012
1024,3763,0,811,increase,0.011831944808363914,0.030116666108369827
1024,3763,0,1014,decrease,0.03500138968229294,0.017572222277522087
1024,3763,0,1150,decrease,0.03594305366277695,0.018686112016439438
1024,3763,0,1162,increase,0.0389263890683651,0.07021388411521912
1024,3763,0,1193,decrease,0.06770694255828857,0.033238887786865234
1024,3763,0,1205,initiation,0.0,0.048112496733665466
1024,3763,0,1338,decrease,0.046783335506916046,0.02309027686715126
1024,3763,1,129,initiation,0.0,0.4861111044883728
1024,3763,1,141,initiation,0.0,0.0587138868868351
1024,3763,1,224,decrease,0.10416944324970245,0.05126388743519783
1024,3763,1,263,increase,0.0085249999538064,0.027690278366208076
1024,3763,1,278,initiation,0.0,0.07012221962213516
1024,3763,1,290,decrease,0.08643054962158203,0.04056527838110924
1024,3763,1,302,decrease,0.09781111031770706,0.048568058758974075
1024,3763,1,563,decrease,0.1002236157655716,0.049929168075323105
1024,3763,1,575,initiation,0.0,0.10065139085054398
1024,3763,1,600,decrease,0.09460555016994476,0.04778750240802765
1024,3763,1,788,decrease,0.039270833134651184,0.019695833325386047
1024,3763,1,854,decrease,0.04826666787266731,0.02353472262620926
1024,3763,1,866,initiation,0.0,0.036965277045965195
1024,3763,1,1350,decrease,0.03936944529414177,0.019458333030343056
1027,4229,0,12,decrease,1.3888888359069824,0.28288471698760986
1027,4229,0,24,increase,0.09193611145019531,0.23984305560588837
1027,4229,0,53,initiation,0.0,0.06531666219234467
1027,4229,0,68,decrease,0.07798610627651215,0.03864583373069763
1027,4229,0,97,decrease,0.09838194400072098,0.041430555284023285
1027,4229,0,176,decrease,0.10395693778991699,0.05096805468201637
1027,4229,0,198,decrease,0.09176111221313477,0.07829861342906952
1027,4229,0,210,decrease,0.09974166750907898,0.049106940627098083
1027,4229,0,222,stop,0.07025277614593506,0.0
1027,4229,0,371,decrease,0.11359027773141861,0.05623472109436989
1027,4229,0,383,increase,0.0924166664481163,0.11205277591943741
1027,4229,0,413,decrease,0.11188889294862747,0.06462500244379044
1027,4229,0,430,decrease,0.12468333542346954,0.06154027581214905
1027,4229,0,442,initiation,0.0,0.14700278639793396
1027,4229,0,747,decrease,0.1277875006198883,0.06402222067117691
1027,4229,0,829,decrease,0.12729166448116302,0.05999722331762314
1027,4229,0,841,initiation,0.0,0.10153333842754364
1027,4229,0,907,decrease,0.10465417057275772,0.058897219598293304
1027,4229,0,1062,decrease,0.11770972609519958,0.056841664016246796
1027,4229,0,1124,decrease,0.10310971736907959,0.08033333718776703
1027,4229,0,1198,decrease,0.10470554977655411,0.05251666530966759
1027,4229,0,1210,increase,0.08834861218929291,0.10781249403953552
1027,4229,0,1372,decrease,0.10492777824401855,0.05087639018893242
1027,4229,0,1390,initiation,0.0,0.048524998128414154
1027,4229,0,1402,stop,0.0568472221493721,0.0
1027,4229,0,1414,initiation,0.0,0.03978611156344414
1027,4229,0,1522,decrease,0.05254444479942322,0.02625138685107231
1027,4229,1,14,initiation,0.0,0.057337500154972076
1027,4229,1,67,decrease,0.11188889294862747,0.0536208301782608
1027,4229,1,107,increase,0.009006944485008717,0.03138750046491623
1027,4229,1,176,decrease,0.03840555623173714,0.019062500447034836
1027,4229,1,223,initiation,0.0,0.0377708338201046
1027,4229,1,236,decrease,0.09082083404064178,0.04408055543899536
1027,4229,1,248,initiation,0.0,0.07346805930137634
1027,4229,1,308,decrease,0.07207778096199036,0.035709723830223083
1027,4229,1,320,initiation,0.0,0.057834722101688385
1027,4229,1,414,decrease,0.060466665774583817,0.030056945979595184
1027,4229,1,646,decrease,0.07049582898616791,0.034825000911951065
1027,4229,1,866,decrease,0.0704069435596466,0.03505278006196022
1027,4229,1,1014,decrease,0.06450138986110687,0.03186250105500221
1027,4229,1,1062,decrease,0.059744443744421005,0.029511110857129097
1027,4229,1,1074,initiation,0.0,0.04520416632294655
1027,4229,1,1278,decrease,0.04973055422306061,0.024306943640112877
1027,4229,1,1374,decrease,0.04602222144603729,0.022808333858847618
1027,4229,1,1386,increase,0.03846249729394913,0.06390972435474396
1027,4229,1,1403,decrease,0.06301805377006531,0.03167777881026268
1027,4229,1,1435,decrease,0.07371528446674347,0.03617639094591141
1027,4229,1,1447,initiation,0.0,0.058811113238334656
1027,4229,1,1482,decrease,0.05976805463433266,0.029579168185591698
1027,4229,1,1522,decrease,0.07201667129993439,0.03550277650356293
1034,2804,0,13,initiation,0.0,0.26732778549194336
1034,2804,0,28,initiation,0.0,0.07878333330154419
1034,2804,0,47,decrease,0.1214861124753952,0.059893056750297546
1034,2804,0,59,initiation,0.0,0.09519582986831665
1034,2804,0,71,increase,0.03877222165465355,0.08620555698871613
1034,2804,0,586,decrease,0.055937498807907104,0.027654165402054787
1034,2804,1,12,initiation,0.0,1.0772902965545654
1034,2804,1,24,initiation,0.0,0.1349041759967804
1034,2804,1,37,decrease,0.12639166414737701,0.06404861062765121
1034,2804,1,100,decrease,0.12555140256881714,0.06203194335103035
1034,2804,1,122,initiation,0.0,0.05087916553020477
1034,2804,1,149,increase,0.06364444643259048,0.588937520980835
1034,2804,1,161,initiation,0.0,0.055598609149456024
1034,2804,1,185,initiation,0.0,0.04941249638795853
1034,2804,1,237,decrease,0.06561805307865143,0.03314444422721863
1034,2804,1,249,increase,0.06353055685758591,0.1360916644334793
1034,2804,1,364,decrease,0.12202778458595276,0.06072777509689331
1034,2804,1,376,initiation,0.0,0.09716805815696716
1034,2804,1,400,decrease,0.10033055394887924,0.049926385283470154
1034,2804,1,420,initiation,0.0,0.05495278164744377
1034,2804,1,432,initiation,0.0,0.06647221744060516
1034,2804,1,444,stop,0.0545986108481884,0.0
1034,2804,1,460,initiation,0.0,0.05527360737323761
1034,2804,1,487,decrease,0.06570139527320862,0.02109166607260704
1034,2804,1,499,decrease,0.09165972471237183,0.07038749754428864
1034,2804,1,511,stop,0.099251389503479,0.0
1034,2804,1,586,decrease,0.08699999749660492,0.04225694388151169
1045,3289,0,17,initiation,0.0,0.6944444179534912
1045,3289,0,29,initiation,0.0,0.1521083414554596
1045,3289,0,67,decrease,0.14177221059799194,0.06852082908153534
1045,3289,0,81,initiation,0.0,0.036468055099248886
1045,3289,0,429,increase,0.0701347216963768,0.10383055359125137
1045,3289,0,441,initiation,0.0,0.07010555267333984
1045,3289,0,585,decrease,0.07695277780294418,0.037231944501399994
1045,3289,0,1292,decrease,0.06744305789470673,0.03315277770161629
1045,3289,0,1374,decrease,0.06702916324138641,0.03335833176970482
1045,3289,0,1386,stop,0.08448611199855804,0.0
1045,3289,0,1398,increase,0.027763888239860535,0.06665694713592529
1045,3289,0,1423,initiation,0.0,0.03525000065565109
1045,3289,0,1451,decrease,0.03744722157716751,0.017868055030703545
1045,3289,1,16,initiation,0.0,0.4861111044883728
1045,3289,1,28,initiation,0.0,0.039306946098804474
1045,3289,1,67,decrease,0.10759027302265167,0.05229721963405609
1045,3289,1,104,increase,0.009093055501580238,0.02881111018359661
1045,3289,1,230,decrease,0.038345832377672195,0.019419444724917412
1045,3289,1,242,increase,0.02130138874053955,0.07620138674974442
1045,3289,1,272,increase,0.07175138592720032,0.13177916407585144
1045,3289,1,349,decrease,0.0779263898730278,0.038119442760944366
1045,3289,1,380,decrease,0.08903194963932037,0.04455277696251869
1045,3289,1,435,decrease,0.10844027996063232,0.06923194229602814
1045,3289,1,533,decrease,0.12818750739097595,0.0633263885974884
1045,3289,1,545,initiation,0.0,0.1269916594028473
1045,3289,1,913,decrease,0.12380695343017578,0.06127361208200455
1045,3289,1,925,increase,0.05177777633070946,0.12660416960716248
1045,3289,1,1057,decrease,0.11788611114025116,0.05793611332774162
1045,3289,1,1098,increase,0.011013888753950596,0.031469445675611496
1045,3289,1,1145,increase,0.04226388782262802,0.5079346895217896
1045,3289,1,1157,initiation,0.0,0.13207638263702393
1045,3289,1,1287,decrease,0.11435694992542267,0.05686111003160477
1045,3289,1,1299,initiation,0.0,0.08818750083446503
1045,3289,1,1314,decrease,0.08971388638019562,0.04483611136674881
1045,3289,1,1326,initiation,0.0,0.06495555490255356
1045,3289,1,1383,decrease,0.07322639226913452,0.03657916560769081
1045,3289,1,1417,decrease,0.08584167063236237,0.04263055697083473
1045,3289,1,1429,initiation,0.0,0.058065276592969894
1045,3289,1,1450,decrease,0.073941670358181,0.0370124988257885
1089,5663,0,27,initiation,0.0,0.2182791531085968
1089,5663,0,39,initiation,0.0,0.10504861176013947
1089,5663,0,234,decrease,0.07945694774389267,0.03927222266793251
1089,5663,0,246,initiation,0.0,0.05253194272518158
1089,5663,0,324,decrease,0.05964583158493042,0.029318055137991905
1089,5663,0,627,decrease,0.052081942558288574,0.02577916719019413
1089,5663,0,803,decrease,0.05084444582462311,0.025693057104945183
1089,5663,0,1056,decrease,0.058901384472846985,0.029156943783164024
1089,5663,0,1078,increase,0.012516667135059834,0.031184721738100052
1089,5663,1,24,initiation,0.0,0.5140069127082825
1089,5663,1,36,initiation,0.0,0.045188888907432556
1089,5663,1,54,decrease,0.09442222118377686,0.04501666501164436
1089,5663,1,71,initiation,0.0,0.03819027543067932
1089,5663,1,135,decrease,0.047252777963876724,0.024000000208616257
1089,5663,1,250,decrease,0.057191669940948486,0.02866666577756405
1089,5663,1,332,decrease,0.06688333302736282,0.03315555676817894
1089,5663,1,344,initiation,0.0,0.05408333241939545
1089,5663,1,480,decrease,0.05683055520057678,0.027918055653572083
1089,5663,1,1057,decrease,0.06617777794599533,0.03278055414557457
1089,5663,1,1069,initiation,0.0,0.05312778055667877
1089,5663,1,1099,decrease,0.05514027923345566,0.027194444090127945
1115,3072,0,169,initiation,0.0,0.6944444179534912
1115,3072,0,181,initiation,0.0,0.08623610436916351
1115,3072,0,229,decrease,0.1238236129283905,0.06005694717168808
1115,3072,0,241,initiation,0.0,0.08956249803304672
1115,3072,0,264,decrease,0.08762361109256744,0.04247083514928818
1115,3072,0,286,initiation,0.0,0.039766665548086166
1115,3072,0,319,decrease,0.040251389145851135,0.0204777792096138
1115,3072,0,1534,decrease,0.04574444144964218,0.02247639000415802
1115,3072,1,164,initiation,0.0,0.5555555820465088
1115,3072,1,180,initiation,0.0,0.03802361339330673
1115,3072,1,228,decrease,0.08334444463253021,0.04099166765809059
1115,3072,1,310,initiation,0.0,0.04790139198303223
1115,3072,1,322,stop,0.048690278083086014,0.0
1115,3072,1,540,decrease,0.05472360923886299,0.027334721758961678
1115,3072,1,552,increase,0.06337638199329376,0.6945152878761292
1115,3072,1,598,initiation,0.0,0.0354541651904583
1115,3072,1,706,decrease,0.05183471739292145,0.025579165667295456
1115,3072,1,718,increase,0.03651528060436249,0.0630861148238182
1115,3072,1,1535,decrease,0.06095694750547409,0.029963888227939606
1115,3072,1,1564,increase,0.010631944984197617,0.034340277314186096
1115,3072,1,1584,increase,0.035374999046325684,0.2173638939857483
1115,3072,1,1596,initiation,0.0,0.06853333860635757
1115,3072,1,1612,decrease,0.09095972776412964,0.0446472205221653
1131,4448,0,13,initiation,0.0,0.10034166276454926
1131,4448,0,654,decrease,0.07821111381053925,0.03844444453716278
1131,4448,0,671,initiation,0.0,0.03760138899087906
1131,4448,0,1001,decrease,0.05435694381594658,0.026277778670191765
1131,4448,0,1014,initiation,0.0,0.03660833463072777
1131,4448,0,1145,decrease,0.04105416685342789,0.020030556246638298
1131,4448,0,1166,increase,0.009730556048452854,0.025047222152352333
1131,4448,0,1212,decrease,0.027240276336669922,0.01315972302109003
1131,4448,1,13,initiation,0.0,0.041697222739458084
1131,4448,1,568,decrease,0.07569999992847443,0.03725138679146767
1131,4448,1,654,decrease,0.07483194768428802,0.03746666759252548
1131,4448,1,668,initiation,0.0,0.0411750003695488
1131,4448,1,1003,decrease,0.056163888424634933,0.025531943887472153
1131,4448,1,1146,decrease,0.07524305582046509,0.03766666725277901
1131,4448,1,1158,increase,0.07268055528402328,0.09965278208255768
1131,4448,1,1212,decrease,0.0957319438457489,0.04741111397743225
1131,4448,1,1227,initiation,0.0,0.051726389676332474
1131,4448,1,1262,decrease,0.06359444558620453,0.03212499991059303
1136,1269,0,12,initiation,0.0,0.674500048160553
1136,1269,0,24,initiation,0.0,0.1153361052274704
1136,1269,0,36,stop,0.05606527999043465,0.0
1136,1269,0,48,initiation,0.0,0.07116944342851639
1136,1269,0,65,decrease,0.06942638754844666,0.02255277894437313
1136,1269,0,89,decrease,0.08725139498710632,0.042338889092206955
1136,1269,0,106,initiation,0.0,0.04594166576862335
1136,1269,0,124,decrease,0.04759583622217178,0.024112500250339508
1136,1269,0,232,decrease,0.052420832216739655,0.02641250006854534
1136,1269,0,340,decrease,0.05806805565953255,0.028354167938232422
1136,1269,0,352,initiation,0.0,0.04610417038202286
1136,1269,0,441,decrease,0.04639999568462372,0.023618053644895554
1136,1269,0,476,decrease,0.05686111003160477,0.028208332136273384
1136,1269,0,583,decrease,0.06333056092262268,0.038309723138809204
1136,1269,0,626,increase,0.06645138561725616,0.2806902825832367
1136,1269,0,650,initiation,0.0,0.038231946527957916
1136,1269,0,682,decrease,0.08881250023841858,0.04434305429458618
1136,1269,0,699,initiation,0.0,0.05719166621565819
1136,1269,0,711,stop,0.06454305350780487,0.0
1136,1269,0,723,initiation,0.0,0.03968055546283722
1136,1269,0,745,increase,0.013245833106338978,0.031530555337667465
1136,1269,0,778,increase,0.00854305550456047,0.03384583443403244
1136,1269,1,14,stop,0.36437082290649414,0.0
1136,1269,1,30,decrease,0.1230652779340744,0.05841111019253731
1136,1269,1,63,decrease,0.09079860895872116,0.04452916607260704
1136,1269,1,75,initiation,0.0,0.06698055565357208
1136,1269,1,89,decrease,0.06797222048044205,0.033565279096364975
1136,1269,1,102,initiation,0.0,0.0365944430232048
1136,1269,1,114,decrease,0.0747680589556694,0.009037500247359276
1136,1269,1,447,increase,0.055556945502758026,0.07850555330514908
1136,1269,1,524,decrease,0.07512083649635315,0.037393055856227875
1136,1269,1,536,initiation,0.0,0.043643057346343994
1136,1269,1,690,decrease,0.05560416728258133,0.027618056163191795
1136,1269,1,702,initiation,0.0,0.04286666959524155
1136,1269,1,714,decrease,0.04364166408777237,0.021755555644631386
1136,1269,1,780,increase,0.013536110520362854,0.260019451379776
1136,1269,1,792,initiation,0.0,0.09217916429042816
1136,1269,1,804,stop,0.0884111076593399,0.0
1136,1269,1,816,stop,0.06882916390895844,0.0
1160,685,0,30,initiation,0.0,0.04102500155568123
1160,685,0,60,decrease,0.1269722282886505,0.06082499772310257
1160,685,0,73,initiation,0.0,0.07498333603143692
1160,685,0,96,decrease,0.08129583299160004,0.03939861059188843
1160,685,0,262,decrease,0.07128055393695831,0.03542916849255562
1160,685,0,554,decrease,0.06347917020320892,0.031506944447755814
1160,685,0,566,initiation,0.0,0.03601111099123955
1160,685,0,631,decrease,0.06279861181974411,0.03085000067949295
1160,685,0,643,stop,0.05950833484530449,0.0
1160,685,0,789,decrease,0.0327875018119812,0.015877779573202133
1160,685,0,1027,increase,0.03948749974370003,0.08095695078372955
1160,685,0,1039,initiation,0.0,0.0405111089348793
1160,685,0,1106,decrease,0.04839999973773956,0.023893054574728012
1160,685,0,1118,initiation,0.0,0.03719861060380936
1160,685,0,1155,decrease,0.038195833563804626,0.018461110070347786
1160,685,0,1175,initiation,0.0,0.04380277544260025
1160,685,0,1208,decrease,0.04727361351251602,0.023184724152088165
1160,685,0,1240,decrease,0.040109723806381226,0.024577777832746506
1160,685,0,1409,increase,0.03460139036178589,0.05225555598735809
1160,685,0,1678,decrease,0.04807083308696747,0.02391805686056614
1160,685,0,1694,increase,0.014668055810034275,0.03471388667821884
1160,685,0,1707,increase,0.019894445315003395,0.04249722510576248
1160,685,0,1719,decrease,0.042125001549720764,0.02050277777016163
1160,685,0,1760,decrease,0.03638194501399994,0.01768472231924534
1160,685,1,28,initiation,0.0,0.048205554485321045
1160,685,1,61,decrease,0.07837777584791183,0.03803194314241409
1160,685,1,73,initiation,0.0,0.06329305469989777
1160,685,1,161,decrease,0.06150555610656738,0.031037500128149986
1160,685,1,173,increase,0.041345831006765366,0.08255277574062347
1160,685,1,208,decrease,0.08007360994815826,0.030590277165174484
1160,685,1,262,decrease,0.08836250007152557,0.044026389718055725
1160,685,1,487,decrease,0.08636528253555298,0.0431777760386467
1160,685,1,554,decrease,0.07858750224113464,0.039152778685092926
1160,685,1,566,initiation,0.0,0.061408333480358124
1160,685,1,578,increase,0.0395333357155323,0.07869304716587067
1160,685,1,637,decrease,0.07982499897480011,0.03923888877034187
1160,685,1,656,initiation,0.0,0.03791944310069084
1160,685,1,766,decrease,0.05475972220301628,0.026815276592969894
1160,685,1,1032,decrease,0.05146944522857666,0.023156944662332535
1160,685,1,1107,decrease,0.060450002551078796,0.02987361140549183
1160,685,1,1119,initiation,0.0,0.04801666736602783
1160,685,1,1161,stop,0.050437502562999725,0.0
1160,685,1,1180,initiation,0.0,0.04710138961672783
1160,685,1,1602,decrease,0.059761110693216324,0.029620833694934845
1160,685,1,1760,decrease,0.058465275913476944,0.02891666628420353
1168,936,0,114,initiation,0.0,0.40226805210113525
1168,936,0,130,initiation,0.0,0.0898958295583725
1168,936,0,152,decrease,0.11747638881206512,0.0573597215116024
1168,936,0,167,initiation,0.0,0.060875002294778824
1168,936,0,770,decrease,0.05223750323057175,0.025505555793642998
1168,936,0,782,initiation,0.0,0.05261249840259552
1168,936,0,930,decrease,0.05087639018893242,0.02522222138941288
1168,936,0,944,initiation,0.0,0.03549861162900925
1168,936,0,1000,decrease,0.03766666725277901,0.018436111509799957
1168,936,0,1017,increase,0.010552777908742428,0.025600001215934753
1168,936,0,1033,decrease,0.026038888841867447,0.012705555185675621
1168,936,1,110,initiation,0.0,0.4703972339630127
1168,936,1,122,initiation,0.0,0.09995555877685547
1168,936,1,153,decrease,0.0843791663646698,0.04065277799963951
1168,936,1,999,decrease,0.04419583082199097,0.02164027839899063
1168,936,1,1027,decrease,0.03893888741731644,0.019579166546463966
1184,5824,0,23,initiation,0.0,0.5076388716697693
1184,5824,0,35,initiation,0.0,0.10166805982589722
1184,5824,0,47,stop,0.10694999992847443,0.0
1184,5824,0,59,initiation,0.0,0.07307083904743195
1184,5824,0,182,decrease,0.05560138821601868,0.02706250175833702
1184,5824,0,194,increase,0.052977778017520905,0.08060694485902786
1184,5824,0,206,stop,0.08035138994455338,0.0
1184,5824,0,218,initiation,0.0,0.04419722408056259
1184,5824,0,634,decrease,0.04579722136259079,0.022437501698732376
1184,5824,1,23,initiation,0.0,0.3755277991294861
1184,5824,1,35,initiation,0.0,0.09728055447340012
1184,5824,1,47,stop,0.09442082792520523,0.0
1184,5824,1,59,initiation,0.0,0.06014444679021835
1184,5824,1,74,decrease,0.0595402754843235,0.029133332893252373
1184,5824,1,183,increase,0.007458333391696215,0.05971110984683037
1184,5824,1,195,initiation,0.0,0.08124583214521408
1184,5824,1,207,stop,0.07833055406808853,0.0
1184,5824,1,219,initiation,0.0,0.04668611288070679
1184,5824,1,293,decrease,0.0463152751326561,0.023051388561725616
1184,5824,1,642,increase,0.016381945461034775,0.039961110800504684
1184,5824,1,743,decrease,0.03704444319009781,0.01827777735888958
1193,218,0,55,initiation,0.0,0.2266833484172821
1193,218,0,68,initiation,0.0,0.06645972281694412
1193,218,0,111,decrease,0.10433194786310196,0.05197083204984665
1193,218,0,150,increase,0.010947221890091896,0.025858333334326744
1193,218,0,208,decrease,0.026919443160295486,0.012783333659172058
1193,218,0,220,increase,0.037013888359069824,0.07399861514568329
1193,218,0,240,decrease,0.07191388309001923,0.03534027561545372
1193,218,0,254,initiation,0.0,0.041515275835990906
1193,218,0,758,decrease,0.040441665798425674,0.019968055188655853
1193,218,0,999,decrease,0.04668055474758148,0.02319583296775818
1193,218,0,1014,increase,0.015565277077257633,0.03497638925909996
1193,218,0,1039,decrease,0.035519443452358246,0.01707500033080578
1193,218,0,1054,increase,0.011995833367109299,0.0282222218811512
1193,218,0,1067,increase,0.011259722523391247,0.024411112070083618
1193,218,0,1496,decrease,0.030512500554323196,0.014973611570894718
1193,218,1,53,initiation,0.0,0.5141027569770813
1193,218,1,65,initiation,0.0,0.08171667158603668
1193,218,1,92,decrease,0.0849541649222374,0.04134305566549301
1193,218,1,105,initiation,0.0,0.06847500056028366
1193,218,1,117,stop,0.03951805457472801,0.0
1193,218,1,129,initiation,0.0,0.045859724283218384
1193,218,1,290,decrease,0.049824997782707214,0.0240833330899477
1193,218,1,533,decrease,0.05741388723254204,0.028283333405852318
1193,218,1,545,initiation,0.0,0.04667499661445618
1193,218,1,875,decrease,0.04953611269593239,0.02430138923227787
1193,218,1,998,decrease,0.04983333498239517,0.02425694465637207
1193,218,1,1041,decrease,0.04546111077070236,0.022269444540143013
1193,218,1,1076,decrease,0.039529167115688324,0.019286110997200012
1193,218,1,1258,decrease,0.02440277859568596,0.00497916666790843
1208,4495,0,17,initiation,0.0,0.6944444179534912
1208,4495,0,29,initiation,0.0,0.09471527487039566
1208,4495,0,70,decrease,0.14069721102714539,0.0666361153125763
1208,4495,0,91,initiation,0.0,0.056780554354190826
1208,4495,0,135,decrease,0.06436388194561005,0.031118055805563927
1208,4495,0,147,increase,0.024976389482617378,0.05270833522081375
1208,4495,0,163,decrease,0.05301667004823685,0.02605833299458027
1208,4495,0,188,increase,0.012197221629321575,0.027187500149011612
1208,4495,0,218,decrease,0.028756944462656975,0.014606944285333157
1208,4495,0,306,decrease,0.0472097247838974,0.023499999195337296
1208,4495,0,368,decrease,0.059045836329460144,0.029616665095090866
1208,4495,0,389,decrease,0.07358889281749725,0.03797638788819313
1208,4495,0,401,initiation,0.0,0.07718333601951599
1208,4495,0,413,decrease,0.08045417070388794,0.0647222250699997
1208,4495,0,629,decrease,0.07377500087022781,0.03640277683734894
1208,4495,0,641,initiation,0.0,0.05532916635274887
1208,4495,0,1068,decrease,0.05931805446743965,0.02698611095547676
1208,4495,0,1260,decrease,0.06992360949516296,0.033622223883867264
1208,4495,0,1272,initiation,0.0,0.05429583415389061
1208,4495,0,1704,decrease,0.0563138872385025,0.027748610824346542
1208,4495,0,1716,increase,0.022502778097987175,0.047276388853788376
1208,4495,0,1984,decrease,0.0592263862490654,0.0287138894200325
1208,4495,0,2349,decrease,0.058613888919353485,0.028581945225596428
1208,4495,0,2427,decrease,0.05777639150619507,0.02828194573521614
1208,4495,0,2481,decrease,0.0675041675567627,0.033302780240774155
1208,4495,1,12,initiation,0.0,0.5555555820465088
1208,4495,1,27,initiation,0.0,0.041955556720495224
1208,4495,1,71,decrease,0.08786805719137192,0.043634720146656036
1208,4495,1,83,initiation,0.0,0.05798611044883728
1208,4495,1,164,decrease,0.06542778015136719,0.03210555389523506
1208,4495,1,181,initiation,0.0,0.04419444501399994
1208,4495,1,214,increase,0.04684166610240936,0.08685138821601868
1208,4495,1,228,initiation,0.0,0.06425277888774872
1208,4495,1,240,initiation,0.0,0.16978193819522858
1208,4495,1,252,initiation,0.0,0.0834486111998558
1208,4495,1,269,initiation,0.0,0.049497224390506744
1208,4495,1,292,decrease,0.061315279453992844,0.030455555766820908
1208,4495,1,306,initiation,0.0,0.039487503468990326
1208,4495,1,343,increase,0.0466972216963768,0.08617360889911652
1208,4495,1,355,initiation,0.0,0.05790971964597702
1208,4495,1,389,decrease,0.057479165494441986,0.02879583276808262
1208,4495,1,401,stop,0.06836805492639542,0.0
1208,4495,1,414,increase,0.04780277609825134,0.09077917039394379
1208,4495,1,437,decrease,0.09339583665132523,0.04626389220356941
1208,4495,1,449,increase,0.032301388680934906,0.08251944184303284
1208,4495,1,470,decrease,0.07723332941532135,0.03866805508732796
1208,4495,1,487,initiation,0.0,0.050861112773418427
1208,4495,1,530,decrease,0.06354166567325592,0.031756944954395294
1208,4495,1,542,initiation,0.0,0.05369444191455841
1208,4495,1,666,decrease,0.056631945073604584,0.02813750132918358
1208,4495,1,783,decrease,0.05691666528582573,0.025354165583848953
1208,4495,1,795,increase,0.03684583306312561,0.07663194835186005
1208,4495,1,815,decrease,0.07590000331401825,0.036529168486595154
1208,4495,1,827,increase,0.08554166555404663,0.1570499986410141
1208,4495,1,840,stop,0.04009722173213959,0.0
1208,4495,1,852,initiation,0.0,0.09204305708408356
1208,4495,1,1005,decrease,0.09125277400016785,0.045484721660614014
1208,4495,1,1017,initiation,0.0,0.07729999721050262
1208,4495,1,1039,decrease,0.07926805317401886,0.03975694626569748
1208,4495,1,1051,initiation,0.0,0.06870277225971222
1208,4495,1,1248,decrease,0.07120972871780396,0.03518194332718849
1208,4495,1,1261,stop,0.05585416406393051,0.0
1208,4495,1,1273,initiation,0.0,0.05256666988134384
1208,4495,1,1292,stop,0.05425555258989334,0.0
1208,4495,1,1703,decrease,0.0642305538058281,0.03182777762413025
1208,4495,1,1715,initiation,0.0,0.05423055589199066
1208,4495,1,1729,initiation,0.0,0.0403750017285347
1208,4495,1,1771,decrease,0.046704165637493134,0.023456944152712822
1208,4495,1,1792,decrease,0.057305555790662766,0.02797638811171055
1208,4495,1,1804,initiation,0.0,0.04666528105735779
1208,4495,1,1841,decrease,0.04750972241163254,0.023906944319605827
1208,4495,1,1905,decrease,0.055424999445676804,0.027088887989521027
1208,4495,1,1960,decrease,0.05303194373846054,0.026498612016439438
1208,4495,1,1986,decrease,0.046812497079372406,0.02378888987004757
1208,4495,1,2047,decrease,0.05664999783039093,0.028212498873472214
1208,4495,1,2059,initiation,0.0,0.046634722501039505
1208,4495,1,2099,decrease,0.04752500355243683,0.0234819445759058
1208,4495,1,2252,decrease,0.04862361401319504,0.024586111307144165
1208,4495,1,2264,decrease,0.053797222673892975,0.02717222087085247
1208,4495,1,2476,decrease,0.058101385831832886,0.02868194319307804
1210,1002,0,13,initiation,0.0,0.3773597180843353
1210,1002,0,25,initiation,0.0,0.09096666425466537
1210,1002,0,37,decrease,0.12335416674613953,0.05980416387319565
1210,1002,0,60,initiation,0.0,0.04436111077666283
1210,1002,0,119,increase,0.04530555382370949,0.1616249978542328
1210,1002,0,131,initiation,0.0,0.13250693678855896
1210,1002,0,172,decrease,0.12178750336170197,0.05948333069682121
1210,1002,0,202,initiation,0.0,0.03829027712345123
1210,1002,0,442,increase,0.04294166713953018,0.057519443333148956
1210,1002,0,454,initiation,0.0,0.05592222139239311
1210,1002,0,966,decrease,0.048822224140167236,0.024133332073688507
1210,1002,1,12,initiation,0.0,0.5555555820465088
1210,1002,1,26,initiation,0.0,0.04601805657148361
1210,1002,1,38,stop,0.0934569463133812,0.0
1210,1002,1,58,initiation,0.0,0.03996805474162102
1210,1002,1,120,decrease,0.04632916674017906,0.02350555546581745
1210,1002,1,135,initiation,0.0,0.05257639288902283
1210,1002,1,198,decrease,0.053636111319065094,0.022980554029345512
1210,1002,1,210,decrease,0.06512777507305145,0.006301389075815678
1210,1002,1,287,decrease,0.07105971872806549,0.0239055547863245
1210,1002,1,342,decrease,0.08663472533226013,0.042169444262981415
1210,1002,1,354,increase,0.03357916697859764,0.07667222619056702
1210,1002,1,443,decrease,0.07831250131130219,0.04043888673186302
1210,1002,1,965,decrease,0.0772833302617073,0.03795555606484413
1210,1002,1,978,initiation,0.0,0.04960555583238602
1210,1002,1,990,stop,0.057813890278339386,0.0
1221,2719,0,19,initiation,0.0,0.14346943795681
1221,2719,0,31,initiation,0.0,0.08352638781070709
1221,2719,0,73,decrease,0.09375832974910736,0.04457083344459534
1221,2719,0,89,initiation,0.0,0.04091110825538635
1221,2719,0,298,decrease,0.04786944389343262,0.02403055503964424
1221,2719,0,544,decrease,0.055780552327632904,0.022122222930192947
1221,2719,0,760,decrease,0.07411805540323257,0.03682083263993263
1221,2719,0,774,initiation,0.0,0.04001250118017197
1221,2719,0,1136,decrease,0.05097222328186035,0.02512083388864994
1221,2719,0,1646,decrease,0.05692361295223236,0.02787499874830246
1221,2719,0,1752,decrease,0.05605138838291168,0.027893055230379105
1221,2719,0,1923,decrease,0.05015833303332329,0.02414444461464882
1221,2719,0,1941,increase,0.011059721931815147,0.031291667371988297
1221,2719,0,2103,decrease,0.0347902774810791,0.017302777618169785
1221,2719,1,14,initiation,0.0,0.545068085193634
1221,2719,1,28,initiation,0.0,0.06155416741967201
1221,2719,1,73,decrease,0.07628194987773895,0.03766666725277901
1221,2719,1,295,increase,0.025897223502397537,0.13339722156524658
1221,2719,1,307,initiation,0.0,0.04579166695475578
1221,2719,1,319,increase,0.02919861301779747,0.07551111280918121
1221,2719,1,541,decrease,0.06933611631393433,0.03526388853788376
1221,2719,1,559,initiation,0.0,0.06075138971209526
1221,2719,1,728,decrease,0.06965000182390213,0.034562502056360245
1221,2719,1,1324,decrease,0.06943333148956299,0.034538887441158295
1221,2719,1,1751,decrease,0.06887777894735336,0.034816667437553406
1221,2719,1,1763,initiation,0.0,0.05748055502772331
1221,2719,1,1924,decrease,0.06061111018061638,0.029751388356089592
1221,2719,1,1936,initiation,0.0,0.04959722235798836
1221,2719,1,2100,decrease,0.05153333395719528,0.025376388803124428
1230,1084,0,49,initiation,0.0,0.683305561542511
1230,1084,0,61,initiation,0.0,0.09325277805328369
1230,1084,0,97,decrease,0.10354305803775787,0.05115833133459091
1230,1084,0,112,initiation,0.0,0.05546388775110245
1230,1084,0,290,decrease,0.049586109817028046,0.0245041660964489
1230,1084,0,323,decrease,0.056591667234897614,0.027876388281583786
1230,1084,0,335,initiation,0.0,0.04362361133098602
1230,1084,0,442,decrease,0.04383194446563721,0.021530555561184883
1230,1084,0,1522,decrease,0.04632499814033508,0.02281944453716278
1230,1084,0,2093,decrease,0.05314583331346512,0.02596111036837101
1230,1084,0,2105,initiation,0.0,0.038672223687171936
1230,1084,0,2171,decrease,0.04018750041723251,0.020781945437192917
1230,1084,0,2187,initiation,0.0,0.035894446074962616
1230,1084,0,2199,stop,0.04052500054240227,0.0
1230,1084,1,40,initiation,0.0,0.4861111044883728
1230,1084,1,52,initiation,0.0,0.10824862122535706
1230,1084,1,80,decrease,0.09387916326522827,0.036347221583127975
1230,1084,1,95,decrease,0.14365971088409424,0.06932500004768372
1230,1084,1,117,initiation,0.0,0.04224861413240433
1230,1084,1,288,increase,0.06050000339746475,0.43769723176956177
1230,1084,1,300,initiation,0.0,0.11709027737379074
1230,1084,1,312,decrease,0.11307777464389801,0.05684583634138107
1230,1084,1,353,decrease,0.12575694918632507,0.06235833093523979
1230,1084,1,365,initiation,0.0,0.09454861283302307
1230,1084,1,377,decrease,0.09606806188821793,0.04773055762052536
1230,1084,1,449,decrease,0.13674303889274597,0.0677555575966835
1230,1084,1,461,increase,0.11174166202545166,0.14445695281028748
1230,1084,1,473,decrease,0.14608749747276306,0.10303611308336258
1230,1084,1,808,decrease,0.15990138053894043,0.07889722287654877
1230,1084,1,820,increase,0.05335555598139763,0.13100555539131165
1230,1084,1,857,increase,0.11903750151395798,0.15227362513542175
1230,1084,1,889,increase,0.13237223029136658,0.16803471744060516
1230,1084,1,1026,decrease,0.15873193740844727,0.07891527563333511
1230,1084,1,1165,decrease,0.15938889980316162,0.07844444364309311
1230,1084,1,1188,decrease,0.14502915740013123,0.07184860855340958
1230,1084,1,1249,increase,0.12260694801807404,0.15416666865348816
1230,1084,1,1340,decrease,0.14882498979568481,0.07388194650411606
1230,1084,1,1357,initiation,0.0,0.4177458584308624
1230,1084,1,1369,increase,0.0011555555975064635,0.17048054933547974
1230,1084,1,1915,decrease,0.1582638919353485,0.07839444279670715
1230,1084,1,1927,increase,0.054297223687171936,0.12707778811454773
1230,1084,1,1950,decrease,0.13428471982479095,0.10025694966316223
1230,1084,1,1966,decrease,0.15118888020515442,0.11493611335754395
1230,1084,1,2084,decrease,0.1585930585861206,0.07873333245515823
1230,1084,1,2099,initiation,0.0,0.04427361115813255
1230,1084,1,2162,decrease,0.11602777242660522,0.0769486129283905
1230,1084,1,2196,decrease,0.14137639105319977,0.06981249898672104
1240,4858,0,35,initiation,0.0,0.6944444179534912
1240,4858,0,47,initiation,0.0,0.08413194119930267
1240,4858,0,69,decrease,0.1518208384513855,0.07749305665493011
1240,4858,0,82,decrease,0.18732360005378723,0.09116527438163757
1240,4858,0,94,initiation,0.0,0.13371111452579498
1240,4858,0,205,decrease,0.11143610626459122,0.054379165172576904
1240,4858,0,228,initiation,0.0,0.04109722375869751
1240,4858,0,286,decrease,0.05273055657744408,0.02657083421945572
1240,4858,0,343,increase,0.05289861187338829,0.07369028031826019
1240,4858,0,507,decrease,0.07060694694519043,0.03502916917204857
1240,4858,0,742,decrease,0.06258194148540497,0.047047220170497894
1240,4858,0,1130,decrease,0.0663069486618042,0.03315833583474159
1240,4858,0,1144,initiation,0.0,0.03912777826189995
1240,4858,0,1183,decrease,0.04385000094771385,0.021747222170233727
1240,4858,0,1202,increase,0.012588889338076115,0.028822220861911774
1240,4858,0,1273,decrease,0.0341416671872139,0.016887500882148743
1240,4858,1,35,initiation,0.0,0.5555555820465088
1240,4858,1,47,initiation,0.0,0.06812360882759094
1240,4858,1,83,decrease,0.09780138731002808,0.04742499813437462
1240,4858,1,96,initiation,0.0,0.05156388878822327
1240,4858,1,269,decrease,0.06379444152116776,0.031234722584486008
1240,4858,1,510,decrease,0.08885972201824188,0.0676874965429306
1240,4858,1,1085,decrease,0.10065972805023193,0.04995555430650711
1240,4858,1,1274,decrease,0.09420694410800934,0.0460541658103466
1240,4858,1,1345,stop,0.03551805764436722,0.0
1241,5535,0,12,initiation,0.0,0.1475486159324646
1241,5535,0,24,initiation,0.0,0.12271527945995331
1241,5535,0,36,stop,0.1183902770280838,0.0
1241,5535,0,58,initiation,0.0,0.040909722447395325
1241,5535,0,75,increase,0.04734861105680466,0.06739860773086548
1241,5535,0,87,increase,0.02994583174586296,0.054855555295944214
1241,5535,0,99,decrease,0.05648750066757202,0.02295694313943386
1241,5535,0,111,stop,0.04819583147764206,0.0
1241,5535,0,124,initiation,0.0,0.07069166749715805
1241,5535,0,136,increase,0.03369166702032089,0.06525694578886032
1241,5535,0,282,decrease,0.05583888664841652,0.02826250158250332
1241,5535,0,297,increase,0.0567791610956192,0.07486110925674438
1241,5535,0,310,decrease,0.07420416176319122,0.03549722209572792
1241,5535,0,322,initiation,0.0,0.05124027654528618
1241,5535,0,804,decrease,0.048131946474313736,0.023698611184954643
1241,5535,0,899,increase,0.0091486107558012,0.023734722286462784
1241,5535,0,943,decrease,0.03146250173449516,0.015316666103899479
1241,5535,1,12,stop,0.7252833843231201,0.0
1241,5535,1,35,decrease,0.11395277082920074,0.054241668432950974
1241,5535,1,54,initiation,0.0,0.06496527791023254
1241,5535,1,66,initiation,0.0,0.09186667203903198
1241,5535,1,78,stop,0.0909944474697113,0.0
1241,5535,1,90,stop,0.040509723126888275,0.0
1241,5535,1,115,initiation,0.0,0.04057777673006058
1241,5535,1,127,decrease,0.0439625009894371,0.014477777294814587
1241,5535,1,167,decrease,0.062058329582214355,0.031009722501039505
1241,5535,1,201,decrease,0.05503610894083977,0.027384720742702484
1241,5535,1,214,increase,0.03412638604640961,0.05983889102935791
1241,5535,1,282,decrease,0.06046527624130249,0.026669444516301155
1241,5535,1,309,increase,0.07826805114746094,0.5468500256538391
1241,5535,1,321,initiation,0.0,0.17036527395248413
1241,5535,1,333,stop,0.07905833423137665,0.0
1241,5535,1,357,decrease,0.12457360327243805,0.06421944499015808
1241,5535,1,401,decrease,0.14361944794654846,0.07160833477973938
1241,5535,1,422,increase,0.12914860248565674,0.14838054776191711
1241,5535,1,435,decrease,0.14573611319065094,0.12720972299575806
1241,5535,1,564,decrease,0.13121388852596283,0.06515555083751678
1241,5535,1,576,initiation,0.0,0.10495277494192123
1241,5535,1,605,decrease,0.11021805554628372,0.05445278063416481
1241,5535,1,621,initiation,0.0,0.05208472162485123
1241,5535,1,638,decrease,0.06464305520057678,0.03273472189903259
1241,5535,1,650,increase,0.023641666397452354,0.05591805279254913
1241,5535,1,678,decrease,0.06132083386182785,0.029959721490740776
1241,5535,1,749,decrease,0.09344305098056793,0.04666111245751381
1241,5535,1,792,increase,0.06718610972166061,0.09578055143356323
1241,5535,1,805,decrease,0.09546250104904175,0.047148607671260834
1241,5535,1,945,stop,0.035729169845581055,0.0
1350,142,0,88,initiation,0.0,0.6944444179534912
1350,142,0,109,initiation,0.0,0.05373889207839966
1350,142,0,131,decrease,0.10090972483158112,0.04842083156108856
1350,142,0,143,initiation,0.0,0.07906389236450195
1350,142,0,191,decrease,0.07221666723489761,0.036541666835546494
1350,142,0,205,decrease,0.08666250109672546,0.032229166477918625
1350,142,0,326,decrease,0.09661249816417694,0.0472305566072464
1350,142,0,346,initiation,0.0,0.043945834040641785
1350,142,0,414,decrease,0.05006805434823036,0.025433333590626717
1350,142,0,473,decrease,0.06001666933298111,0.03034583479166031
1350,142,0,648,decrease,0.07546805590391159,0.03708472102880478
1350,142,0,921,decrease,0.07054166495800018,0.03544583171606064
1350,142,0,933,initiation,0.0,0.08532638847827911
1350,142,0,1013,decrease,0.0826222226023674,0.04122639074921608
1350,142,0,1025,initiation,0.0,0.12905555963516235
1350,142,0,1068,decrease,0.12353888899087906,0.06068750098347664
1350,142,0,1097,initiation,0.0,0.037194445729255676
1350,142,0,1194,decrease,0.051394443958997726,0.025430554524064064
1350,142,0,1252,decrease,0.06813611090183258,0.046150002628564835
1350,142,0,1294,decrease,0.08167222142219543,0.04070138931274414
1350,142,0,1306,increase,0.06578472256660461,0.09780138731002808
1350,142,0,1477,decrease,0.08865556120872498,0.04374722018837929
1350,142,0,1515,increase,0.010762499645352364,0.026915278285741806
1350,142,0,1653,decrease,0.04094305634498596,0.020847221836447716
1350,142,1,80,initiation,0.0,0.4277847409248352
1350,142,1,92,initiation,0.0,0.10916666686534882
1350,142,1,104,increase,0.015337500721216202,0.12715832889080048
1350,142,1,131,decrease,0.11206527799367905,0.054095834493637085
1350,142,1,198,initiation,0.0,0.03969166427850723
1350,142,1,210,increase,0.02070000022649765,0.06574027240276337
1350,142,1,224,initiation,0.0,0.039577774703502655
1350,142,1,325,increase,0.04334166646003723,0.09819305688142776
1350,142,1,337,initiation,0.0,0.09336110949516296
1350,142,1,349,decrease,0.09008610993623734,0.036283332854509354
1350,142,1,615,decrease,0.09960971772670746,0.0487680546939373
1350,142,1,627,initiation,0.0,0.08358888328075409
1350,142,1,920,decrease,0.08872221410274506,0.043409720063209534
1350,142,1,936,initiation,0.0,0.0647958368062973
1350,142,1,953,increase,0.07494860887527466,0.1063208356499672
1350,142,1,1016,decrease,0.08889999985694885,0.044394444674253464
1350,142,1,1069,decrease,0.07717777788639069,0.03824583441019058
1350,142,1,1146,decrease,0.09854583442211151,0.04939444363117218
1350,142,1,1250,decrease,0.09732778370380402,0.04802499711513519
1350,142,1,1324,decrease,0.11946666985750198,0.056761112064123154
1350,142,1,1336,initiation,0.0,0.09026944637298584
1350,142,1,1612,decrease,0.0982000082731247,0.048265278339385986
1350,142,1,1624,initiation,0.0,0.09935972094535828
1350,142,1,1705,decrease,0.09797222167253494,0.04893749952316284
1350,142,1,1717,initiation,0.0,0.07025277614593506
1350,142,1,1810,decrease,0.0772777795791626,0.038676388561725616
1350,142,1,1838,initiation,0.0,0.0398833304643631
1398,2031,0,35,initiation,0.0,0.6944444179534912
1398,2031,0,47,initiation,0.0,0.0740777775645256
1398,2031,0,79,decrease,0.15729860961437225,0.0772777795791626
1398,2031,0,99,initiation,0.0,0.06249166280031204
1398,2031,0,619,decrease,0.05927916616201401,0.02952639013528824
1398,2031,0,663,decrease,0.0596500001847744,0.02927083522081375
1398,2031,1,31,initiation,0.0,0.5555555820465088
1398,2031,1,44,initiation,0.0,0.06423472613096237
1398,2031,1,56,stop,0.12956666946411133,0.0
1398,2031,1,79,decrease,0.1541430652141571,0.0753013864159584
1398,2031,1,226,initiation,0.0,0.0355222225189209
1398,2031,1,760,decrease,0.06017500162124634,0.02942083403468132
1416,5655,0,57,initiation,0.0,0.12120555341243744
1416,5655,0,69,initiation,0.0,0.08354027569293976
1416,5655,0,100,decrease,0.07789027690887451,0.03709583356976509
1416,5655,0,118,initiation,0.0,0.03607916831970215
1416,5655,0,179,decrease,0.03707638755440712,0.018444444984197617
1416,5655,0,206,initiation,0.0,0.046654168516397476
1416,5655,0,325,decrease,0.04667361080646515,0.023165278136730194
1416,5655,0,337,initiation,0.0,0.03610555827617645
1416,5655,0,496,decrease,0.03655833378434181,0.018041666597127914
1416,5655,0,508,increase,0.044265277683734894,0.057079166173934937
1416,5655,0,921,decrease,0.04780694469809532,0.02365138754248619
1416,5655,0,972,increase,0.010250000283122063,0.023476388305425644
1416,5655,0,1019,decrease,0.026326388120651245,0.013136111199855804
1416,5655,0,1031,initiation,0.0,0.07006944715976715
1416,5655,0,1056,decrease,0.06939583271741867,0.03238333389163017
1416,5655,1,61,stop,0.09398610889911652,0.0
1416,5655,1,73,initiation,0.0,0.05644305795431137
1416,5655,1,99,increase,0.05350416898727417,0.44173890352249146
1416,5655,1,138,initiation,0.0,0.044849999248981476
1416,5655,1,177,decrease,0.05022639036178589,0.024755554273724556
1416,5655,1,226,increase,0.012490278109908104,0.03504583239555359
1416,5655,1,300,decrease,0.037566669285297394,0.018494443967938423
1416,5655,1,325,decrease,0.0448722206056118,0.021956944838166237
1416,5655,1,337,initiation,0.0,0.037413887679576874
1416,5655,1,353,stop,0.03707916662096977,0.0
1416,5655,1,365,decrease,0.046833332628011703,0.012813888490200043
1416,5655,1,377,stop,0.052086107432842255,0.0
1416,5655,1,495,decrease,0.0695180594921112,0.03394583240151405
1416,5655,1,507,increase,0.026197221130132675,0.06189722195267677
1416,5655,1,645,decrease,0.06282639503479004,0.031570833176374435
1416,5655,1,693,decrease,0.06932361423969269,0.03451250120997429
1416,5655,1,899,decrease,0.07526666671037674,0.03713194653391838
1416,5655,1,919,initiation,0.0,0.03872361034154892
1416,5655,1,931,decrease,0.04708055406808853,0.023008333519101143
1416,5655,1,943,initiation,0.0,0.04084999859333038
1416,5655,1,1014,decrease,0.04338055104017258,0.02164027839899063
1416,5655,1,1027,initiation,0.0,0.03839166462421417
1416,5655,1,1057,decrease,0.04343194514513016,0.021352777257561684
1416,5655,1,1110,initiation,0.0,0.03790416568517685
1416,5655,1,1138,decrease,0.03804583102464676,0.0187624990940094
1444,920,0,38,initiation,0.0,0.6944444179534912
1444,920,0,50,initiation,0.0,0.10116110742092133
1444,920,0,477,decrease,0.08049027621746063,0.03963194414973259
1444,920,0,1077,decrease,0.07475277781486511,0.0369708314538002
1444,920,0,1095,decrease,0.07447083294391632,0.036412499845027924
1444,920,0,1108,initiation,0.0,0.04621388763189316
1444,920,0,1195,decrease,0.05468888580799103,0.027008332312107086
1444,920,0,1220,increase,0.01360833365470171,0.02940833382308483
1444,920,0,1308,decrease,0.03604583442211151,0.017620833590626717
1444,920,1,32,initiation,0.0,0.5555555820465088
1444,920,1,44,initiation,0.0,0.08186527341604233
1444,920,1,291,decrease,0.0815819501876831,0.028580553829669952
1444,920,1,308,initiation,0.0,0.042076386511325836
1444,920,1,484,decrease,0.06100277975201607,0.030054166913032532
1444,920,1,568,decrease,0.08214027434587479,0.04065694659948349
1444,920,1,580,increase,0.049941666424274445,0.083113893866539
1444,920,1,704,decrease,0.08122500032186508,0.046873610466718674
1444,920,1,1069,decrease,0.0912819430232048,0.04539722204208374
1444,920,1,1196,decrease,0.08021527528762817,0.039363887161016464
1444,920,1,1208,initiation,0.0,0.06567361205816269
1444,920,1,1220,stop,0.06656527519226074,0.0
1444,920,1,1232,initiation,0.0,0.05194166675209999
1444,920,1,1309,decrease,0.057313889265060425,0.028590276837348938
1482,2648,0,45,initiation,0.0,0.6944444179534912
1482,2648,0,68,initiation,0.0,0.04447361081838608
1482,2648,0,90,decrease,0.08324582874774933,0.041231945157051086
1482,2648,0,104,initiation,0.0,0.04759305343031883
1482,2648,0,123,decrease,0.0510583333671093,0.024944443255662918
1482,2648,0,145,decrease,0.0749458372592926,0.03684722259640694
1482,2648,0,157,initiation,0.0,0.05784444510936737
1482,2648,0,217,decrease,0.054181940853595734,0.0273541659116745
1482,2648,0,1177,decrease,0.0520361103117466,0.025963889434933662
1482,2648,0,1190,initiation,0.0,0.0356791689991951
1482,2648,0,1238,decrease,0.03773055598139763,0.01919027790427208
1482,2648,0,1665,decrease,0.04912500083446503,0.023976389318704605
1482,2648,0,1691,increase,0.009173611178994179,0.02271527796983719
1482,2648,0,1741,decrease,0.025894444435834885,0.012977777980268002
1482,2648,0,1792,decrease,0.04047499969601631,0.019695833325386047
1482,2648,1,35,initiation,0.0,0.5555555820465088
1482,2648,1,47,initiation,0.0,0.10273611545562744
1482,2648,1,83,decrease,0.0999097228050232,0.048794444650411606
1482,2648,1,145,decrease,0.08267916738986969,0.039787497371435165
1482,2648,1,161,initiation,0.0,0.04032916575670242
1482,2648,1,1486,decrease,0.05294444411993027,0.0263083316385746
1482,2648,1,1668,decrease,0.08013750612735748,0.04709305614233017
1482,2648,1,1869,decrease,0.09129028022289276,0.04458333179354668
1558,4561,0,29,initiation,0.0,0.3168611228466034
1558,4561,0,41,initiation,0.0,0.1047055572271347
1558,4561,0,75,decrease,0.09705833345651627,0.04707777872681618
1558,4561,0,93,initiation,0.0,0.044754162430763245
1558,4561,0,133,decrease,0.04808611050248146,0.023472221568226814
1558,4561,0,212,decrease,0.05445694178342819,0.026858331635594368
1558,4561,0,224,initiation,0.0,0.0397319458425045
1558,4561,0,611,decrease,0.03808888792991638,0.01864444464445114
1558,4561,0,862,decrease,0.01973888836801052,0.00313055538572371
1558,4561,0,980,increase,0.012273610569536686,0.03224722295999527
1558,4561,0,992,decrease,0.03263333439826965,0.016111111268401146
1558,4561,0,1024,decrease,0.04153750091791153,0.02049444429576397
1558,4561,0,1040,increase,0.012405555695295334,0.029445834457874298
1558,4561,0,1227,increase,0.028808332979679108,0.054193053394556046
1558,4561,0,1240,initiation,0.0,0.07385694235563278
1558,4561,0,1277,increase,0.011156944558024406,0.02707916684448719
1558,4561,0,1367,decrease,0.02868194505572319,0.014248610474169254
1558,4561,0,1416,increase,0.009422222152352333,0.02224583365023136
1558,4561,0,1610,decrease,0.02621527761220932,0.012894445098936558
1558,4561,1,25,initiation,0.0,0.5555555820465088
1558,4561,1,41,initiation,0.0,0.059236109256744385
1558,4561,1,75,decrease,0.09373749792575836,0.04546111077070236
1558,4561,1,100,initiation,0.0,0.05077222362160683
1558,4561,1,112,initiation,0.0,0.06600972265005112
1558,4561,1,133,decrease,0.06532499939203262,0.03290555626153946
1558,4561,1,145,initiation,0.0,0.098843052983284
1558,4561,1,284,decrease,0.09419028460979462,0.048370834439992905
1558,4561,1,296,increase,0.028875000774860382,0.11755972355604172
1558,4561,1,329,decrease,0.11538472026586533,0.05757083371281624
1558,4561,1,357,initiation,0.0,0.04729999974370003
1558,4561,1,610,decrease,0.06418333202600479,0.03146666660904884
1558,4561,1,644,increase,0.008106944151222706,0.031179165467619896
1558,4561,1,1150,stop,0.035418055951595306,0.0
1558,4561,1,1165,initiation,0.0,0.05252916365861893
1558,4561,1,1224,decrease,0.050736114382743835,0.025286110118031502
1558,4561,1,1236,initiation,0.0,0.07501527667045593
1558,4561,1,1248,stop,0.0751652717590332,0.0
1558,4561,1,1260,initiation,0.0,0.05668056011199951
1558,4561,1,1576,decrease,0.05692916736006737,0.02834305539727211
1558,4561,1,1595,initiation,0.0,0.05262361466884613
1558,4561,1,1610,decrease,0.07356250286102295,0.03635277599096298
1579,7,0,21,initiation,0.0,0.11680277436971664
1579,7,0,35,initiation,0.0,0.07856527715921402
1579,7,0,47,stop,0.05758611485362053,0.0
1579,7,0,59,initiation,0.0,0.07479861378669739
1579,7,0,135,decrease,0.0638541653752327,0.030497223138809204
1579,7,0,304,decrease,0.04780833423137665,0.023354167118668556
1579,7,0,316,stop,0.042044445872306824,0.0
1579,7,0,382,decrease,0.02117638848721981,0.007266666274517775
1579,7,0,414,decrease,0.02741388790309429,0.013425000011920929
1579,7,0,426,decrease,0.033154167234897614,0.008420833386480808
1579,7,0,513,decrease,0.03882083296775818,0.020038889721035957
1579,7,0,571,decrease,0.04838750138878822,0.023847222328186035
1579,7,0,583,stop,0.04347222298383713,0.0
1579,7,0,654,decrease,0.03791944682598114,0.018383333459496498
1579,7,0,667,increase,0.014411111362278461,0.030673611909151077
1579,7,1,21,initiation,0.0,0.4818750023841858
1579,7,1,33,initiation,0.0,0.10971805453300476
1579,7,1,56,decrease,0.0976722240447998,0.07237222045660019
1579,7,1,68,initiation,0.0,0.06864860653877258
1579,7,1,80,stop,0.06796249747276306,0.0
1579,7,1,92,stop,0.051438890397548676,0.0
1579,7,1,166,decrease,0.05072222277522087,0.025174999609589577
1579,7,1,178,initiation,0.0,0.03922777622938156
1579,7,1,311,decrease,0.04220694303512573,0.020693056285381317
1579,7,1,323,increase,0.0290013886988163,0.05292639136314392
1579,7,1,623,decrease,0.057470835745334625,0.02841111086308956
1579,7,1,635,increase,0.01958611235022545,0.04812639206647873
1579,7,1,673,decrease,0.04979166388511658,0.024812499061226845
1606,4340,0,33,initiation,0.0,0.0877888947725296
1606,4340,0,55,decrease,0.1203402727842331,0.058213889598846436
1606,4340,0,75,initiation,0.0,0.049636110663414
1606,4340,0,87,stop,0.05692083388566971,0.0
1606,4340,0,206,decrease,0.08820971846580505,0.03963611274957657
1606,4340,0,218,increase,0.03959861025214195,0.08561250567436218
1606,4340,0,307,decrease,0.07944444566965103,0.03933750092983246
1606,4340,0,319,initiation,0.0,0.06057777628302574
1606,4340,0,597,decrease,0.048302777111530304,0.023648612201213837
1606,4340,0,617,increase,0.013177777640521526,0.030286110937595367
1606,4340,0,666,decrease,0.03358472138643265,0.016695832833647728
1606,4340,1,32,initiation,0.0,0.051629167050123215
1606,4340,1,55,decrease,0.09816110879182816,0.04793194681406021
1606,4340,1,157,initiation,0.0,0.05500972270965576
1606,4340,1,169,stop,0.05411110818386078,0.0
1606,4340,1,206,increase,0.0423361137509346,0.07021667063236237
1606,4340,1,218,initiation,0.0,0.07387083768844604
1606,4340,1,306,decrease,0.06780000030994415,0.03370972350239754
1606,4340,1,318,initiation,0.0,0.055897220969200134
1606,4340,1,496,decrease,0.0620763897895813,0.030744444578886032
1606,4340,1,508,initiation,0.0,0.0477013885974884
1606,4340,1,534,decrease,0.04892638698220253,0.024544445797801018
1606,4340,1,573,decrease,0.046105556190013885,0.019688887521624565
1606,4340,1,602,increase,0.05698055773973465,0.10342778265476227
1606,4340,1,614,increase,0.03688888996839523,0.06503472477197647
1606,4340,1,649,decrease,0.0741458311676979,0.0368138886988163
1606,4340,1,661,initiation,0.0,0.05687639117240906
1606,4340,1,683,decrease,0.05738889425992966,0.0285333339124918
1623,5755,0,19,initiation,0.0,0.19793890416622162
1623,5755,0,31,initiation,0.0,0.1200847253203392
1623,5755,0,43,increase,0.11627499759197235,0.13631249964237213
1623,5755,0,55,stop,0.03841527923941612,0.0
1623,5755,0,74,initiation,0.0,0.0640375018119812
1623,5755,0,86,stop,0.07655972242355347,0.0
1623,5755,0,124,increase,0.06984027475118637,0.10892778635025024
1623,5755,0,137,stop,0.07400000095367432,0.0
1623,5755,0,149,initiation,0.0,0.04423472285270691
1623,5755,0,169,increase,0.0442916676402092,0.06063611060380936
1623,5755,0,186,decrease,0.05896666646003723,0.02936805598437786
1623,5755,0,319,decrease,0.07293055951595306,0.03503749892115593
1623,5755,0,339,initiation,0.0,0.03839722275733948
1623,5755,0,369,decrease,0.039973609149456024,0.020430555567145348
1623,5755,0,413,decrease,0.05432361364364624,0.026737499982118607
1623,5755,0,425,initiation,0.0,0.041781947016716
1623,5755,0,448,decrease,0.04213333502411842,0.020787499845027924
1623,5755,0,465,decrease,0.053761109709739685,0.027436111122369766
1623,5755,0,485,decrease,0.0694388896226883,0.03365138918161392
1623,5755,0,510,initiation,0.0,0.04788194224238396
1623,5755,0,522,initiation,0.0,0.04163333401083946
1623,5755,0,590,decrease,0.04312777519226074,0.021416665986180305
1623,5755,0,607,increase,0.014534722082316875,0.03044999949634075
1623,5755,0,624,decrease,0.03137221932411194,0.015847222879529
1623,5755,0,802,decrease,0.04470138996839523,0.022204168140888214
1623,5755,0,819,increase,0.012461110949516296,0.031111110001802444
1623,5755,0,831,increase,0.015759723260998726,0.044862501323223114
1623,5755,0,860,decrease,0.04496527835726738,0.022248608991503716
1623,5755,0,1360,decrease,0.04921805486083031,0.02462916634976864
1623,5755,1,23,initiation,0.0,0.048487503081560135
1623,5755,1,44,decrease,0.07991527765989304,0.03811805695295334
1623,5755,1,91,initiation,0.0,0.03741805627942085
1623,5755,1,127,decrease,0.04380694404244423,0.022013889625668526
1623,5755,1,147,initiation,0.0,0.05085277557373047
1623,5755,1,183,increase,0.05664583295583725,0.0898958370089531
1623,5755,1,195,initiation,0.0,0.08120971918106079
1623,5755,1,265,decrease,0.08185833692550659,0.04016944393515587
1623,5755,1,279,initiation,0.0,0.04675278067588806
1623,5755,1,294,decrease,0.05455416440963745,0.027008332312107086
1623,5755,1,383,increase,0.011933333240449429,0.03514999896287918
1623,5755,1,396,decrease,0.03532777726650238,0.010408333502709866
1623,5755,1,408,stop,0.04239722341299057,0.0
1623,5755,1,436,initiation,0.0,0.06711389124393463
1623,5755,1,448,initiation,0.0,0.06307360529899597
1623,5755,1,460,decrease,0.06269721686840057,0.030037501826882362
1623,5755,1,472,increase,0.054722223430871964,0.09292778372764587
1623,5755,1,485,decrease,0.0917000025510788,0.04439027979969978
1623,5755,1,515,increase,0.013337499462068081,0.034699998795986176
1623,5755,1,527,increase,0.013770833611488342,0.04896527901291847
1623,5755,1,1314,decrease,0.049638889729976654,0.024677777662873268
1623,5755,1,1326,initiation,0.0,0.03854583203792572
1623,5755,1,1382,decrease,0.0407777763903141,0.02017083391547203
1630,5004,0,54,initiation,0.0,0.6944444179534912
1630,5004,0,66,initiation,0.0,0.09659305214881897
1630,5004,0,82,decrease,0.10323750227689743,0.04922500252723694
1630,5004,0,94,increase,0.034029167145490646,0.08326388895511627
1630,5004,0,160,decrease,0.07238055765628815,0.035390280187129974
1630,5004,0,172,initiation,0.0,0.055766668170690536
1630,5004,0,349,decrease,0.04911527782678604,0.024286111816763878
1630,5004,0,711,decrease,0.050701387226581573,0.024888889864087105
1630,5004,0,723,initiation,0.0,0.042004168033599854
1630,5004,0,768,decrease,0.04257222265005112,0.02178194373846054
1630,5004,0,821,decrease,0.05035971850156784,0.02477083168923855
1630,5004,0,1291,decrease,0.04302222281694412,0.021074999123811722
1630,5004,0,1308,decrease,0.037797220051288605,0.018284721300005913
1630,5004,0,1343,initiation,0.0,0.035345833748579025
1630,5004,0,1355,stop,0.036480553448200226,0.0
1630,5004,0,1370,increase,0.010970833711326122,0.025915276259183884
1630,5004,0,1394,decrease,0.026929166167974472,0.01318611204624176
1630,5004,1,52,initiation,0.0,0.4281666576862335
1630,5004,1,65,initiation,0.0,0.043833330273628235
1630,5004,1,254,decrease,0.05912361294031143,0.0297152791172266
1630,5004,1,266,initiation,0.0,0.1041722223162651
1630,5004,1,328,decrease,0.09710556268692017,0.04815138876438141
1630,5004,1,422,decrease,0.08875556290149689,0.04423333331942558
1630,5004,1,524,decrease,0.08111527562141418,0.04010694473981857
1630,5004,1,536,increase,0.028276387602090836,0.07241805642843246
1630,5004,1,587,decrease,0.07326249778270721,0.036120831966400146
1630,5004,1,627,initiation,0.0,0.15532638132572174
1630,5004,1,639,initiation,0.0,0.050943054258823395
1630,5004,1,651,stop,0.07729166746139526,0.0
1630,5004,1,663,stop,0.06460277736186981,0.0
1630,5004,1,743,decrease,0.0588708333671093,0.028866667300462723
1630,5004,1,755,increase,0.021077778190374374,0.05109027773141861
1630,5004,1,768,decrease,0.05152222141623497,0.025261111557483673
1630,5004,1,821,decrease,0.05874444544315338,0.028962500393390656
1630,5004,1,1027,decrease,0.05410138517618179,0.0274874996393919
1630,5004,1,1176,decrease,0.06483611464500427,0.03164999932050705
1630,5004,1,1188,increase,0.02496805414557457,0.05688055604696274
1630,5004,1,1293,decrease,0.05850277841091156,0.029265277087688446
1630,5004,1,1305,increase,0.025252776220440865,0.07633194327354431
1630,5004,1,1401,decrease,0.07370833307504654,0.036645833402872086
1648,5399,0,46,initiation,0.0,0.6944444179534912
1648,5399,0,58,increase,0.04235972464084625,0.08294722437858582
1648,5399,0,70,decrease,0.21127639710903168,0.10193610936403275
1648,5399,0,82,initiation,0.0,0.15841111540794373
1648,5399,0,196,decrease,0.12599167227745056,0.060470834374427795
1648,5399,0,208,initiation,0.0,0.096019446849823
1648,5399,0,221,decrease,0.09619166702032089,0.04684999957680702
1648,5399,0,233,initiation,0.0,0.07533472031354904
1648,5399,0,296,decrease,0.07413610816001892,0.03760555759072304
1648,5399,0,308,increase,0.06697777658700943,0.11637083441019058
1648,5399,0,394,decrease,0.10457222163677216,0.05109027773141861
1648,5399,0,474,decrease,0.10153333842754364,0.04888194426894188
1648,5399,0,486,increase,0.03677777573466301,0.08229027688503265
1648,5399,0,883,decrease,0.08294583857059479,0.041273608803749084
1648,5399,0,941,decrease,0.09357361495494843,0.046586111187934875
1648,5399,0,1524,decrease,0.08679583668708801,0.042408332228660583
1648,5399,0,1909,decrease,0.08437639474868774,0.04201805591583252
1648,5399,1,46,initiation,0.0,0.39997223019599915
1648,5399,1,60,initiation,0.0,0.05898749828338623
1648,5399,1,75,decrease,0.09215833246707916,0.0448305569589138
1648,5399,1,310,increase,0.008863888680934906,0.03068888932466507
1648,5399,1,352,initiation,0.0,0.05340833216905594
1648,5399,1,518,decrease,0.047786109149456024,0.023884722962975502
1648,5399,1,673,decrease,0.056380558758974075,0.02873055636882782
1648,5399,1,685,decrease,0.06838333606719971,0.014568055979907513
1648,5399,1,726,decrease,0.07431666553020477,0.03616110980510712
1648,5399,1,751,decrease,0.08278194069862366,0.04301805421710014
1648,5399,1,794,decrease,0.0872291699051857,0.04319305717945099
1648,5399,1,1142,decrease,0.09502500295639038,0.04729999974370003
1648,5399,1,1154,initiation,0.0,0.08079583942890167
1648,5399,1,1333,decrease,0.08258195221424103,0.041447222232818604
1648,5399,1,1346,initiation,0.0,0.05355694144964218
1648,5399,1,1426,decrease,0.06483055651187897,0.0323166660964489
1648,5399,1,1814,decrease,0.06556527316570282,0.03215833380818367
1648,5399,1,1845,increase,0.006987500004470348,0.030704166740179062
1648,5399,1,1910,stop,0.035438887774944305,0.0
1659,2880,0,34,initiation,0.0,0.08687499910593033
1659,2880,0,60,decrease,0.16472500562667847,0.07939999550580978
1659,2880,0,92,initiation,0.0,0.037998609244823456
1659,2880,0,489,increase,0.029709720984101295,0.04869166761636734
1659,2880,0,593,decrease,0.04218472167849541,0.020541666075587273
1659,2880,1,35,initiation,0.0,0.07474583387374878
1659,2880,1,78,decrease,0.09800972044467926,0.04792916402220726
1659,2880,1,95,initiation,0.0,0.047604165971279144
1659,2880,1,110,initiation,0.0,0.042036112397909164
1659,2880,1,147,decrease,0.05149722471833229,0.02548888698220253
1659,2880,1,159,initiation,0.0,0.040409721434116364
1659,2880,1,206,decrease,0.04305139183998108,0.021080555394291878
1659,2880,1,218,increase,0.0155138885602355,0.06585000455379486
1659,2880,1,308,decrease,0.06228610873222351,0.03195971995592117
1659,2880,1,320,increase,0.057027775794267654,0.08453471958637238
1659,2880,1,381,decrease,0.08107638359069824,0.04036944359540939
1659,2880,1,393,initiation,0.0,0.06890277564525604
1659,2880,1,474,decrease,0.07071945071220398,0.03361527621746063
1659,2880,1,486,decrease,0.08531111478805542,0.0035722223110497
1659,2880,1,531,decrease,0.10048472881317139,0.04981250315904617
1659,2880,1,543,initiation,0.0,0.046077776700258255
1659,2880,1,599,decrease,0.07874028384685516,0.039008334279060364
1662,2584,0,28,initiation,0.0,0.30767637491226196
1662,2584,0,40,initiation,0.0,0.1266833245754242
1662,2584,0,72,decrease,0.1193888932466507,0.05741666629910469
1662,2584,0,87,initiation,0.0,0.05584583431482315
1662,2584,0,531,decrease,0.050119444727897644,0.02456388995051384
1662,2584,0,543,initiation,0.0,0.036463890224695206
1662,2584,0,591,decrease,0.03780416399240494,0.018598610535264015
1662,2584,0,610,increase,0.00981944426894188,0.022598611190915108
1662,2584,1,28,initiation,0.0,0.5555555820465088
1662,2584,1,40,initiation,0.0,0.11313194781541824
1662,2584,1,72,decrease,0.10623888671398163,0.05187777802348137
1662,2584,1,91,initiation,0.0,0.036613889038562775
1662,2584,1,155,decrease,0.050604164600372314,0.025329165160655975
1662,2584,1,167,increase,0.06150416284799576,0.0879666656255722
1662,2584,1,282,decrease,0.07893611490726471,0.03940416872501373
1662,2584,1,300,increase,0.09438750147819519,0.12594027817249298
1662,2584,1,312,increase,0.033827777951955795,0.12330000102519989
1662,2584,1,376,decrease,0.11476527899503708,0.05659027770161629
1662,2584,1,397,decrease,0.0982000008225441,0.04884583130478859
1662,2584,1,409,increase,0.034038886427879333,0.08294722437858582
1662,2584,1,436,decrease,0.0868736058473587,0.04328055679798126
1662,2584,1,448,initiation,0.0,0.07163194566965103
1662,2584,1,582,decrease,0.07827360928058624,0.038895830512046814
1662,2584,1,597,initiation,0.0,0.040033333003520966
1662,2584,1,644,decrease,0.05292777717113495,0.026887498795986176
1665,3821,0,90,initiation,0.0,0.12915971875190735
1665,3821,0,132,decrease,0.11641806364059448,0.055480554699897766
1665,3821,0,145,initiation,0.0,0.06870277971029282
1665,3821,0,287,decrease,0.06329166889190674,0.03193194419145584
1665,3821,0,299,increase,0.0480777807533741,0.11093194782733917
1665,3821,0,397,decrease,0.09646806120872498,0.048036109656095505
1665,3821,0,409,initiation,0.0,0.0683777779340744
1665,3821,0,565,decrease,0.07446388900279999,0.03705694526433945
1665,3821,0,596,increase,0.011790278367698193,0.02925555594265461
1665,3821,0,1375,decrease,0.04660972207784653,0.02311805635690689
1665,3821,0,1399,increase,0.010573610663414001,0.02435833401978016
1665,3821,0,1484,decrease,0.028709720820188522,0.013981944881379604
1665,3821,1,90,initiation,0.0,0.054798610508441925
1665,3821,1,131,decrease,0.07919305562973022,0.03845694288611412
1665,3821,1,247,increase,0.016263889148831367,0.037691667675971985
1665,3821,1,259,initiation,0.0,0.061194442212581635
1665,3821,1,288,decrease,0.05808194726705551,0.028955554589629173
1665,3821,1,300,increase,0.046266667544841766,0.08094027638435364
1665,3821,1,397,decrease,0.07402083277702332,0.036141667515039444
1665,3821,1,436,initiation,0.0,0.03743472322821617
1665,3821,1,878,decrease,0.04951527714729309,0.025045834481716156
1665,3821,1,1505,decrease,0.056276388466358185,0.028324998915195465
1703,2716,0,12,stop,0.6543388962745667,0.0
1703,2716,0,25,initiation,0.0,0.07716389000415802
1703,2716,0,37,stop,0.16881251335144043,0.0
1703,2716,0,320,decrease,0.09858055412769318,0.048726387321949005
1703,2716,0,378,decrease,0.08419583737850189,0.0417138896882534
1703,2716,0,398,initiation,0.0,0.04855139181017876
1703,2716,0,854,decrease,0.08115000277757645,0.04025277867913246
1703,2716,0,971,decrease,0.07380416989326477,0.03614861145615578
1703,2716,0,1931,decrease,0.07021249830722809,0.03571249917149544
1703,2716,0,1943,increase,0.0694708377122879,0.12029583752155304
1703,2716,0,1991,decrease,0.11427360773086548,0.05528472363948822
1703,2716,0,2009,initiation,0.0,0.05639861151576042
1703,2716,0,2392,decrease,0.06792083382606506,0.03344305604696274
1703,2716,0,2450,decrease,0.05973472446203232,0.03303749859333038
1703,2716,0,2663,decrease,0.06803055107593536,0.032063890248537064
1703,2716,0,2756,decrease,0.08570000529289246,0.0430680550634861
1703,2716,0,2768,initiation,0.0,0.15191251039505005
1703,2716,0,2780,stop,0.15113195776939392,0.0
1703,2716,0,2795,initiation,0.0,0.07181249558925629
1703,2716,0,2858,decrease,0.07903055846691132,0.038354165852069855
1703,2716,0,2886,increase,0.014412499964237213,0.034418053925037384
1703,2716,0,3029,decrease,0.046784721314907074,0.024065276607871056
1703,2716,0,3590,decrease,0.06576250493526459,0.03303888812661171
1703,2716,1,12,initiation,0.0,0.04527360945940018
1703,2716,1,28,initiation,0.0,0.06503194570541382
1703,2716,1,40,stop,0.08082916587591171,0.0
1703,2716,1,73,increase,0.00911249965429306,0.027659721672534943
1703,2716,1,694,initiation,0.0,0.03730694577097893
1703,2716,1,763,increase,0.06604444980621338,0.5890347361564636
1703,2716,1,775,initiation,0.0,0.08880417048931122
1703,2716,1,906,decrease,0.08301250636577606,0.041527777910232544
1703,2716,1,1738,decrease,0.08204999566078186,0.040820833295583725
1703,2716,1,1753,initiation,0.0,0.04533611238002777
1703,2716,1,1917,decrease,0.06346666812896729,0.031752776354551315
1703,2716,1,1929,increase,0.007306944578886032,0.08183610439300537
1703,2716,1,1991,decrease,0.0790402740240097,0.03911944478750229
1703,2716,1,2071,initiation,0.0,0.04460972547531128
1703,2716,1,2139,decrease,0.04530416429042816,0.022749999538064003
1703,2716,1,2151,initiation,0.0,0.06790278106927872
1703,2716,1,2198,decrease,0.0652666687965393,0.03211250156164169
1703,2716,1,2339,decrease,0.06363055109977722,0.03231111168861389
1703,2716,1,2378,decrease,0.07451388984918594,0.037054166197776794
1703,2716,1,2390,initiation,0.0,0.10752499848604202
1703,2716,1,2660,decrease,0.0997791662812233,0.04944722354412079
1703,2716,1,2672,initiation,0.0,0.08839721977710724
1703,2716,1,2751,decrease,0.0902152806520462,0.04531944543123245
1703,2716,1,2787,initiation,0.0,0.04370555654168129
1703,2716,1,2859,decrease,0.09372639656066895,0.04558471962809563
1703,2716,1,2894,initiation,0.0,0.03639722242951393
1703,2716,1,2928,decrease,0.039972223341464996,0.02049027755856514
1703,2716,1,2940,increase,0.027352778241038322,0.05269166827201843
1703,2716,1,3306,decrease,0.05420694500207901,0.026751387864351273
1703,2716,1,3319,initiation,0.0,0.04168194532394409
1703,2716,1,3366,decrease,0.04370277747511864,0.022255556657910347
1703,2716,1,3378,increase,0.03393610939383507,0.055993057787418365
1703,2716,1,3538,decrease,0.05416944622993469,0.02681666798889637
1703,2716,1,3551,initiation,0.0,0.04136527702212334
1703,2716,1,3608,decrease,0.04419028013944626,0.02146805450320244
1707,367,0,21,initiation,0.0,0.6944444179534912
1707,367,0,33,initiation,0.0,0.07382083684206009
1707,367,0,45,stop,0.19954028725624084,0.0
1707,367,0,58,initiation,0.0,0.042399998754262924
1707,367,0,70,decrease,0.10438888520002365,0.0348319448530674
1707,367,0,82,decrease,0.12340138852596283,0.010863889008760452
1707,367,0,408,decrease,0.09531111270189285,0.04721388965845108
1707,367,0,420,increase,0.08232499659061432,0.0994236096739769
1707,367,0,1377,decrease,0.08300416171550751,0.040630556643009186
1707,367,0,1564,decrease,0.07080972194671631,0.03559305518865585
1707,367,0,1576,initiation,0.0,0.05471527576446533
1707,367,0,1624,decrease,0.05734027922153473,0.02826250158250332
1707,367,0,1663,decrease,0.0696277767419815,0.038224998861551285
1707,367,0,1766,decrease,0.08109305799007416,0.04320000112056732
1707,367,0,1795,decrease,0.09328194707632065,0.04624861106276512
1707,367,0,1813,initiation,0.0,0.04513472318649292
1707,367,0,1830,decrease,0.05149027705192566,0.025043055415153503
1707,367,1,21,initiation,0.0,0.4861111044883728
1707,367,1,33,initiation,0.0,0.0494999997317791
1707,367,1,55,decrease,0.12975555658340454,0.06341805309057236
1707,367,1,67,initiation,0.0,0.0918833315372467
1707,367,1,408,increase,0.08646944165229797,0.12289722263813019
1707,367,1,420,initiation,0.0,0.11421667039394379
1707,367,1,432,initiation,0.0,0.14265833795070648
1707,367,1,454,decrease,0.13596111536026,0.06753888726234436
1707,367,1,574,decrease,0.14991945028305054,0.07509027421474457
1707,367,1,758,decrease,0.16031667590141296,0.0792125016450882
1707,367,1,1080,decrease,0.156208336353302,0.07787222415208817
1707,367,1,1357,decrease,0.1662166714668274,0.08297638595104218
1707,367,1,1369,decrease,0.20224721729755402,0.09767916798591614
1707,367,1,1381,initiation,0.0,0.14516527950763702
1707,367,1,1552,decrease,0.16103750467300415,0.08012361079454422
1707,367,1,1590,initiation,0.0,0.03842499852180481
1707,367,1,1630,decrease,0.051580555737018585,0.026084722951054573
1707,367,1,1647,decrease,0.08332082629203796,0.041801389306783676
1707,367,1,1662,decrease,0.1143166720867157,0.05745277926325798
1707,367,1,1697,decrease,0.13265138864517212,0.06524444371461868
1707,367,1,1709,decrease,0.14580556750297546,0.07094860821962357
1707,367,1,1721,increase,0.07094860821962357,0.15501944720745087
1707,367,1,1780,decrease,0.15643611550331116,0.07798749953508377
1707,367,1,1795,decrease,0.16697777807712555,0.08250000327825546
1707,367,1,1812,initiation,0.0,0.0377083346247673
1707,367,1,1834,decrease,0.0938125029206276,0.046799998730421066
1707,367,1,1846,initiation,0.0,0.041580554097890854
1707,367,1,1858,initiation,0.0,0.06204444542527199
1707,367,1,1872,decrease,0.06296666711568832,0.03152777999639511
1707,367,1,1884,stop,0.9722222089767456,0.0
1709,2425,0,73,initiation,0.0,0.2975638806819916
1709,2425,0,85,initiation,0.0,0.09372499585151672
1709,2425,0,180,decrease,0.07337638735771179,0.035684723407030106
1709,2425,0,192,initiation,0.0,0.0545986145734787
1709,2425,0,219,increase,0.05194166675209999,0.07932361215353012
1709,2425,0,231,increase,0.013801389373838902,0.0575791634619236
1709,2425,0,243,increase,0.028159720823168755,0.05062638968229294
1709,2425,0,516,decrease,0.04769166558980942,0.023694444447755814
1709,2425,0,610,decrease,0.044134721159935,0.02135833352804184
1709,2425,0,622,increase,0.015425000339746475,0.036783330142498016
1709,2425,0,635,decrease,0.0368611142039299,0.017577778548002243
1709,2425,1,70,initiation,0.0,0.2528750002384186
1709,2425,1,82,initiation,0.0,0.03530833497643471
1709,2425,1,99,decrease,0.0696166604757309,0.03406805545091629
1709,2425,1,170,initiation,0.0,0.06645277887582779
1709,2425,1,196,decrease,0.06339027732610703,0.03154027834534645
1709,2425,1,246,decrease,0.06500833481550217,0.03160833194851875
1709,2425,1,262,decrease,0.05840694531798363,0.02930416725575924
1709,2425,1,295,decrease,0.054362498223781586,0.02678055502474308
1709,2425,1,307,initiation,0.0,0.04975694417953491
1709,2425,1,321,decrease,0.053118057548999786,0.025816665962338448
1709,2425,1,339,initiation,0.0,0.04108194261789322
1709,2425,1,351,initiation,0.0,0.05366666615009308
1709,2425,1,363,increase,0.029520832002162933,0.06998750567436218
1709,2425,1,640,decrease,0.06639166176319122,0.03311527892947197
1709,2425,1,652,initiation,0.0,0.057604167610406876
1709,2425,1,664,stop,0.057984720915555954,0.0
1725,4844,0,13,stop,1.3888888359069824,0.0
1725,4844,0,34,decrease,0.1364041566848755,0.06565278023481369
1725,4844,0,46,increase,0.05152638629078865,0.11040277779102325
1725,4844,0,58,stop,0.1082347184419632,0.0
1725,4844,0,80,decrease,0.1230805516242981,0.060248613357543945
1725,4844,0,95,initiation,0.0,0.06994166970252991
1725,4844,0,122,increase,0.07594861090183258,0.09250694513320923
1725,4844,0,134,initiation,0.0,0.04469999670982361
1725,4844,0,146,decrease,0.1267472207546234,0.06126527860760689
1725,4844,0,158,stop,0.04372221976518631,0.0
1725,4844,0,170,increase,0.03554027900099754,0.0830930545926094
1725,4844,0,304,decrease,0.07653611153364182,0.03795277699828148
1725,4844,0,316,stop,0.09401111304759979,0.0
1725,4844,0,328,initiation,0.0,0.07325833290815353
1725,4844,0,340,decrease,0.0749875009059906,0.010352777317166328
1725,4844,0,447,decrease,0.08694721758365631,0.042455557733774185
1725,4844,0,459,initiation,0.0,0.06816527247428894
1725,4844,0,471,stop,0.06814999878406525,0.0
1725,4844,0,483,initiation,0.0,0.050058335065841675
1725,4844,0,495,decrease,0.050619445741176605,0.021772222593426704
1725,4844,0,527,decrease,0.06900972127914429,0.03454861044883728
1725,4844,0,550,initiation,0.0,0.03566805645823479
1725,4844,0,562,stop,0.0361916646361351,0.0
1725,4844,0,575,increase,0.027651390060782433,0.07260416448116302
1725,4844,0,607,decrease,0.07268194854259491,0.03574027866125107
1725,4844,0,619,stop,0.051580555737018585,0.0
1725,4844,0,668,decrease,0.07057083398103714,0.03490416705608368
1725,4844,0,680,initiation,0.0,0.0452486127614975
1725,4844,0,693,decrease,0.052795834839344025,0.025586111471056938
1725,4844,0,705,initiation,0.0,0.09964166581630707
1725,4844,0,720,initiation,0.0,0.04929027706384659
1725,4844,0,732,initiation,0.0,0.08590833842754364
1725,4844,0,744,decrease,0.08414305746555328,0.043648611754179
1725,4844,0,756,stop,0.10324305295944214,0.0
1725,4844,0,768,initiation,0.0,0.0658569484949112
1725,4844,0,785,increase,0.06513749808073044,0.087297223508358
1725,4844,0,799,stop,0.06569027900695801,0.0
1725,4844,0,818,initiation,0.0,0.03870277851819992
1725,4844,0,832,decrease,0.04724166542291641,0.024886110797524452
1725,4844,0,998,decrease,0.06729166209697723,0.033379167318344116
1725,4844,0,1040,increase,0.00706249987706542,0.024012500420212746
1725,4844,0,1052,decrease,0.0249069444835186,0.012645832262933254
1725,4844,0,1064,increase,0.03743889182806015,0.06184444576501846
1725,4844,0,1076,initiation,0.0,0.07313750684261322
1725,4844,1,13,initiation,0.0,0.09756805002689362
1725,4844,1,36,decrease,0.102984718978405,0.0494375005364418
1725,4844,1,144,decrease,0.019184723496437073,0.00018194444419350475
1725,4844,1,199,increase,0.0159152764827013,0.04698750004172325
1725,4844,1,255,decrease,0.04260416328907013,0.02182222157716751
1725,4844,1,267,increase,0.05409722030162811,0.0851527750492096
1725,4844,1,279,stop,0.08332638442516327,0.0
1725,4844,1,291,initiation,0.0,0.049554165452718735
1725,4844,1,307,initiation,0.0,0.035750001668930054
1725,4844,1,513,decrease,0.0415097251534462,0.020491667091846466
1725,4844,1,612,decrease,0.041566669940948486,0.020759722217917442
1725,4844,1,667,decrease,0.05280277878046036,0.02626388892531395
1725,4844,1,679,initiation,0.0,0.03795555606484413
1725,4844,1,1030,decrease,0.041188888251781464,0.020438889041543007
1725,4844,1,1083,initiation,0.0,0.04775971919298172
1785,860,0,29,initiation,0.0,0.07031111419200897
1785,860,0,100,decrease,0.11897917091846466,0.0579611100256443
1785,860,0,112,initiation,0.0,0.07816249877214432
1785,860,0,127,initiation,0.0,0.054055556654930115
1785,860,0,468,decrease,0.05309722200036049,0.02541666477918625
1785,860,0,669,decrease,0.06402499973773956,0.031566668301820755
1785,860,0,681,initiation,0.0,0.039713889360427856
1785,860,0,693,increase,0.02350972220301628,0.044818051159381866
1785,860,0,757,decrease,0.047547221183776855,0.023955553770065308
1785,860,0,777,increase,0.013248610310256481,0.030104167759418488
1785,860,0,812,decrease,0.032318055629730225,0.01635555550456047
1785,860,0,1757,decrease,0.04645000025629997,0.023140277713537216
1785,860,0,2021,decrease,0.04540000110864639,0.023093055933713913
1785,860,0,2041,increase,0.011784722097218037,0.028170833364129066
1785,860,0,2085,decrease,0.02991805598139763,0.01484166644513607
1785,860,1,25,initiation,0.0,0.04375694319605827
1785,860,1,115,decrease,0.11507777869701385,0.0553777813911438
1785,860,1,139,initiation,0.0,0.03797360882163048
1785,860,1,247,decrease,0.05921249836683273,0.029645832255482674
1785,860,1,259,initiation,0.0,0.0461638905107975
1785,860,1,336,decrease,0.04926944524049759,0.024718057364225388
1785,860,1,348,increase,0.018779166042804718,0.1021166741847992
1785,860,1,470,decrease,0.10294166207313538,0.057252779603004456
1785,860,1,482,increase,0.09149722009897232,0.1159166693687439
1785,860,1,515,decrease,0.11241111159324646,0.054991669952869415
1785,860,1,553,increase,0.10429305583238602,0.12412361055612564
1785,860,1,918,decrease,0.11928333342075348,0.059219446033239365
1785,860,1,1154,decrease,0.10874305665493011,0.05369860678911209
1785,860,1,1177,initiation,0.0,0.09387917071580887
1785,860,1,1189,increase,0.038979168981313705,0.05856388807296753
1785,860,1,1250,decrease,0.06609305739402771,0.02299722284078598
1785,860,1,1413,decrease,0.07922083139419556,0.03907360881567001
1785,860,1,1425,initiation,0.0,0.06450416892766953
1785,860,1,1810,decrease,0.06892916560173035,0.03397222235798836
1785,860,1,2079,decrease,0.08871805667877197,0.043473612517118454
1802,3395,0,17,initiation,0.0,0.06076250225305557
1802,3395,0,29,decrease,0.07438056170940399,0.0306930560618639
1802,3395,0,47,decrease,0.14159861207008362,0.07206666469573975
1802,3395,0,67,initiation,0.0,0.05853472277522087
1802,3395,0,552,decrease,0.05046527832746506,0.02638055570423603
1802,3395,0,826,decrease,0.0569361113011837,0.028309721499681473
1802,3395,0,838,initiation,0.0,0.04393472149968147
1802,3395,0,951,decrease,0.046522222459316254,0.02277916483581066
1802,3395,0,967,increase,0.01780555583536625,0.03392777591943741
1802,3395,0,1167,decrease,0.039412498474121094,0.01919027790427208
1802,3395,1,14,initiation,0.0,0.08523888885974884
1802,3395,1,47,decrease,0.09973333775997162,0.048298612236976624
1802,3395,1,62,initiation,0.0,0.041616667062044144
1802,3395,1,82,increase,0.014672222547233105,0.0352138876914978
1802,3395,1,224,decrease,0.0424666665494442,0.02173749916255474
1802,3395,1,252,decrease,0.09616388380527496,0.04633888602256775
1802,3395,1,279,increase,0.011950000189244747,0.03205277770757675
1802,3395,1,293,increase,0.0171597208827734,0.054697223007678986
1802,3395,1,315,decrease,0.12189722061157227,0.05916111171245575
1802,3395,1,756,decrease,0.09612777829170227,0.04713333398103714
1802,3395,1,963,decrease,0.08460555970668793,0.041851386427879333
1802,3395,1,975,increase,0.028266666457057,0.06930555403232574
1802,3395,1,1155,decrease,0.07380832731723785,0.036759719252586365
1802,3395,1,1181,decrease,0.10098889470100403,0.04963749647140503
1809,759,0,93,initiation,0.0,0.5779083371162415
1809,759,0,105,initiation,0.0,0.07883472740650177
1809,759,0,124,decrease,0.10573194175958633,0.07184027135372162
1809,759,0,136,initiation,0.0,0.09787361323833466
1809,759,0,268,decrease,0.0766819417476654,0.037962500005960464
1809,759,0,288,initiation,0.0,0.04441944509744644
1809,759,0,389,decrease,0.04771111160516739,0.023730555549263954
1809,759,0,412,decrease,0.05272499844431877,0.026516664773225784
1809,759,0,505,decrease,0.04737639054656029,0.02399861067533493
1809,759,0,693,decrease,0.05088888853788376,0.024918055161833763
1809,759,0,809,decrease,0.045681945979595184,0.02546805515885353
1809,759,0,884,decrease,0.0504777766764164,0.02492777816951275
1809,759,0,928,decrease,0.05013749748468399,0.024611109867691994
1809,759,0,1135,decrease,0.04523472115397453,0.021863888949155807
1809,759,0,1147,initiation,0.0,0.03598333150148392
1809,759,0,1165,increase,0.014354166574776173,0.031090278178453445
1809,759,0,1178,decrease,0.031481944024562836,0.01605277694761753
1809,759,0,1201,decrease,0.046005554497241974,0.022286109626293182
1809,759,0,1218,increase,0.013765278272330761,0.031583331525325775
1809,759,1,90,initiation,0.0,0.4021930694580078
1809,759,1,102,initiation,0.0,0.10791805386543274
1809,759,1,124,decrease,0.09569166600704193,0.06920694559812546
1809,759,1,179,initiation,0.0,0.04389999806880951
1809,759,1,191,initiation,0.0,0.040522221475839615
1809,759,1,203,stop,0.0393972210586071,0.0
1809,759,1,250,increase,0.008309721946716309,0.03085416555404663
1809,759,1,278,increase,0.029879167675971985,0.2845819294452667
1809,759,1,290,initiation,0.0,0.11452361196279526
1809,759,1,479,increase,0.07667777687311172,0.1044805496931076
1809,759,1,498,decrease,0.10095972567796707,0.04910416528582573
1809,759,1,531,decrease,0.08621944487094879,0.04253333434462547
1809,759,1,557,decrease,0.08556666970252991,0.0624111071228981
1809,759,1,575,decrease,0.11221110820770264,0.08934305608272552
1809,759,1,598,decrease,0.12437361478805542,0.0615430548787117
1809,759,1,643,decrease,0.10698054730892181,0.05369583144783974
1809,759,1,743,decrease,0.11962916702032089,0.05878055468201637
1809,759,1,807,decrease,0.11876527965068817,0.05820417031645775
1809,759,1,822,initiation,0.0,0.05559583753347397
1809,759,1,871,decrease,0.07511389255523682,0.03725278005003929
1809,759,1,928,decrease,0.09879305958747864,0.048823609948158264
1809,759,1,940,initiation,0.0,0.07133055478334427
1809,759,1,1020,decrease,0.07683472335338593,0.03857777640223503
1809,759,1,1032,initiation,0.0,0.0753013864159584
1809,759,1,1044,decrease,0.07620416581630707,0.03804027661681175
1809,759,1,1084,decrease,0.08371944725513458,0.04152500256896019
1809,759,1,1096,increase,0.029258333146572113,0.06938749551773071
1809,759,1,1148,decrease,0.07773888856172562,0.03796388953924179
1809,759,1,1170,decrease,0.06935833394527435,0.03429027646780014
1809,759,1,1182,initiation,0.0,0.0516805574297905
1809,759,1,1194,stop,0.05236250162124634,0.0
1809,759,1,1206,decrease,0.058569442480802536,0.020156944170594215
1809,759,1,1218,increase,0.07354860752820969,0.09535833448171616
1809,759,1,1230,stop,0.09353194385766983,0.0
1810,3651,0,22,initiation,0.0,0.6944444179534912
1810,3651,0,34,initiation,0.0,0.1023361086845398
1810,3651,0,86,decrease,0.10644027590751648,0.05234722048044205
1810,3651,0,106,initiation,0.0,0.043380554765462875
1810,3651,0,155,decrease,0.04866389185190201,0.023840278387069702
1810,3651,0,168,initiation,0.0,0.035713888704776764
1810,3651,0,870,decrease,0.0342777781188488,0.01663472317159176
1810,3651,0,889,increase,0.008908333256840706,0.02164027839899063
1810,3651,1,17,initiation,0.0,0.669188916683197
1810,3651,1,29,initiation,0.0,0.10291944444179535
1810,3651,1,85,decrease,0.08613333106040955,0.042440276592969894
1810,3651,1,117,increase,0.01416944433003664,0.03403611481189728
1810,3651,1,903,decrease,0.04036527872085571,0.01982361078262329
1813,1554,0,12,initiation,0.0,0.0641736164689064
1813,1554,0,24,decrease,0.1358763873577118,0.11597222834825516
1813,1554,0,91,decrease,0.15330833196640015,0.0751652792096138
1813,1554,0,114,initiation,0.0,0.05585972219705582
1813,1554,0,141,decrease,0.06475694477558136,0.031820833683013916
1813,1554,0,154,initiation,0.0,0.03751111030578613
1813,1554,0,497,decrease,0.04853472113609314,0.023863887414336205
1813,1554,0,513,decrease,0.04240277782082558,0.020741667598485947
1813,1554,0,540,increase,0.0078791668638587,0.021016666665673256
1813,1554,0,774,decrease,0.029249999672174454,0.014390277676284313
1813,1554,1,12,initiation,0.0,0.0883222222328186
1813,1554,1,140,decrease,0.07150833308696747,0.035333335399627686
1813,1554,1,154,initiation,0.0,0.03976944461464882
1813,1554,1,496,decrease,0.05213610827922821,0.025968056172132492
1820,1329,0,33,initiation,0.0,0.0411125011742115
1820,1329,0,60,decrease,0.11804860830307007,0.05645555257797241
1820,1329,0,79,decrease,0.09790694713592529,0.048068057745695114
1820,1329,0,91,initiation,0.0,0.07546805590391159
1820,1329,0,129,decrease,0.07047082483768463,0.04091944545507431
1820,1329,0,167,decrease,0.0787111148238182,0.03791944310069084
1820,1329,0,179,initiation,0.0,0.06214166805148125
1820,1329,0,434,decrease,0.05592222511768341,0.027747223153710365
1820,1329,0,447,stop,0.04304027557373047,0.0
1820,1329,0,737,decrease,0.0433611124753952,0.021280555054545403
1820,1329,0,756,increase,0.011298611760139465,0.02804027870297432
1820,1329,0,768,initiation,0.0,0.04738333448767662
1820,1329,0,793,increase,0.012019445188343525,0.028841666877269745
1820,1329,0,865,decrease,0.030940279364585876,0.01563333347439766
1820,1329,0,883,decrease,0.04652499780058861,0.02332083322107792
1820,1329,0,1089,decrease,0.038466665893793106,0.019077777862548828
1820,1329,0,1119,decrease,0.033766668289899826,0.015845833346247673
1820,1329,0,1135,increase,0.00926805566996336,0.023726388812065125
1820,1329,0,1147,increase,0.011608333326876163,0.030759721994400024
1820,1329,0,2039,decrease,0.031575001776218414,0.015419445000588894
1820,1329,0,2071,increase,0.011013888753950596,0.02957499958574772
1820,1329,1,31,initiation,0.0,0.055698610842227936
1820,1329,1,60,decrease,0.07711805403232574,0.03762222081422806
1820,1329,1,73,initiation,0.0,0.040409721434116364
1820,1329,1,103,decrease,0.051330555230379105,0.025345833972096443
1820,1329,1,115,initiation,0.0,0.03970694541931152
1820,1329,1,350,decrease,0.0424666665494442,0.02076111175119877
1820,1329,1,362,initiation,0.0,0.03535138815641403
1820,1329,1,392,stop,0.03670833259820938,0.0
1820,1329,1,422,initiation,0.0,0.047066666185855865
1820,1329,1,454,increase,0.014715278521180153,0.033973611891269684
1820,1329,1,737,decrease,0.037223611027002335,0.018056945875287056
1820,1329,1,879,increase,0.013633333146572113,0.047629162669181824
1820,1329,1,1130,initiation,0.0,0.03560694307088852
1820,1329,1,1241,increase,0.016334721818566322,0.040347225964069366
1820,1329,1,1455,increase,0.03392916917800903,0.09675555676221848
1820,1329,1,1467,initiation,0.0,0.05499860644340515
1820,1329,1,1822,decrease,0.05048472061753273,0.02480972371995449
1820,1329,1,1847,increase,0.007105555851012468,0.029855554923415184
1834,4578,0,17,initiation,0.0,0.5296986103057861
1834,4578,0,31,initiation,0.0,0.0756097212433815
1834,4578,0,43,increase,0.07339027523994446,0.12835416197776794
1834,4578,0,56,decrease,0.12434444576501846,0.060968056321144104
1834,4578,0,69,initiation,0.0,0.07151805609464645
1834,4578,0,107,decrease,0.07567083835601807,0.0366361103951931
1834,4578,0,119,initiation,0.0,0.059824999421834946
1834,4578,0,144,decrease,0.058488890528678894,0.02864166721701622
1834,4578,0,168,increase,0.013915278017520905,0.0331430584192276
1834,4578,0,180,increase,0.033302776515483856,0.05939861387014389
1834,4578,0,192,increase,0.01866111159324646,0.04550138860940933
1834,4578,0,211,increase,0.013715277425944805,0.03254861384630203
1834,4578,0,237,increase,0.015020832419395447,0.03289444372057915
1834,4578,0,273,decrease,0.033933334052562714,0.016265278682112694
1834,4578,0,320,decrease,0.045375000685453415,0.021937500685453415
1834,4578,0,336,increase,0.012911110185086727,0.032281942665576935
1834,4578,0,500,decrease,0.03374861180782318,0.016508333384990692
1834,4578,0,519,increase,0.008388889022171497,0.021986110135912895
1834,4578,0,586,decrease,0.02682499960064888,0.004911111202090979
1834,4578,0,607,increase,0.010223611257970333,0.023597221821546555
1834,4578,1,14,initiation,0.0,0.5056041479110718
1834,4578,1,43,initiation,0.0,0.04941388964653015
1834,4578,1,56,decrease,0.05009305477142334,0.024662500247359276
1834,4578,1,93,increase,0.0008666666690260172,0.031194444745779037
1834,4578,1,108,decrease,0.031380556523799896,0.011568056419491768
1834,4578,1,153,decrease,0.040888890624046326,0.0201222226023674
1834,4578,1,189,increase,0.013273611664772034,0.04946389049291611
1834,4578,1,205,decrease,0.05088749900460243,0.025180554017424583
1834,4578,1,231,initiation,0.0,0.05381111055612564
1834,4578,1,245,increase,0.0009111111285164952,0.03137221932411194
1834,4578,1,265,increase,0.03184444457292557,0.05891110748052597
1834,4578,1,277,increase,0.004719444550573826,0.052226386964321136
1834,4578,1,326,decrease,0.049615278840065,0.023908333852887154
1834,4578,1,338,initiation,0.0,0.03772500157356262
1834,4578,1,364,decrease,0.03891389071941376,0.019574999809265137
1834,4578,1,457,increase,0.001195833319798112,0.029487499967217445
1834,4578,1,586,decrease,0.023947222158312798,0.00440277811139822
1871,4997,0,17,initiation,0.0,0.6944444179534912
1871,4997,0,44,initiation,0.0,0.03807361051440239
1871,4997,0,98,decrease,0.06627082824707031,0.03233889117836952
1871,4997,0,110,initiation,0.0,0.0463208332657814
1871,4997,0,147,decrease,0.04464583098888397,0.022809723392128944
1871,4997,0,193,decrease,0.05701805651187897,0.028143055737018585
1871,4997,0,207,initiation,0.0,0.03934166580438614
1871,4997,0,245,decrease,0.039362501353025436,0.019388888031244278
1871,4997,0,261,initiation,0.0,0.04879305511713028
1871,4997,0,297,decrease,0.053329166024923325,0.02640138939023018
1871,4997,0,831,decrease,0.05566805601119995,0.027699999511241913
1871,4997,1,14,initiation,0.0,0.5555555820465088
1871,4997,1,26,stop,0.16764722764492035,0.0
1871,4997,1,40,initiation,0.0,0.038881946355104446
1871,4997,1,52,stop,0.040740277618169785,0.0
1871,4997,1,87,decrease,0.06792500615119934,0.033719442784786224
1871,4997,1,101,stop,0.04949166625738144,0.0
1871,4997,1,113,increase,0.018926389515399933,0.04694027453660965
1871,4997,1,126,initiation,0.0,0.053583335131406784
1871,4997,1,161,decrease,0.06797777861356735,0.033254168927669525
1871,4997,1,173,initiation,0.0,0.05623750388622284
1871,4997,1,185,decrease,0.05665833503007889,0.028180556371808052
1871,4997,1,197,initiation,0.0,0.04678888991475105
1871,4997,1,237,decrease,0.048927776515483856,0.021086111664772034
1871,4997,1,253,initiation,0.0,0.08468333631753922
1871,4997,1,265,stop,0.06190277636051178,0.0
1871,4997,1,280,decrease,0.07664583623409271,0.05493472144007683
1871,4997,1,409,decrease,0.08348055183887482,0.04151388630270958
1871,4997,1,427,decrease,0.09379305690526962,0.045836109668016434
1871,4997,1,489,decrease,0.08316527307033539,0.041265279054641724
1871,4997,1,501,increase,0.02959861233830452,0.07190278172492981
1871,4997,1,562,decrease,0.07400278002023697,0.03695138916373253
1871,4997,1,574,initiation,0.0,0.03597916662693024
1871,4997,1,586,initiation,0.0,0.0656319409608841
1871,4997,1,674,decrease,0.06592221558094025,0.03225139155983925
1871,4997,1,686,initiation,0.0,0.05479166656732559
1871,4997,1,773,decrease,0.057294443249702454,0.028699999675154686
1871,4997,1,785,initiation,0.0,0.04657916724681854
1871,4997,1,832,decrease,0.04840139299631119,0.024112500250339508
1889,1593,0,27,initiation,0.0,0.6944444179534912
1889,1593,0,39,initiation,0.0,0.10159444063901901
1889,1593,0,116,decrease,0.10687223076820374,0.04534861072897911
1889,1593,0,201,decrease,0.10638611018657684,0.05296388640999794
1889,1593,0,217,initiation,0.0,0.06108333170413971
1889,1593,0,272,decrease,0.0659041702747345,0.032818056643009186
1889,1593,0,344,decrease,0.08868472278118134,0.07622777670621872
1889,1593,0,524,decrease,0.0760958343744278,0.03816666454076767
1889,1593,0,543,initiation,0.0,0.06449861079454422
1889,1593,0,698,decrease,0.09554165601730347,0.047462500631809235
1889,1593,0,720,initiation,0.0,0.05010555684566498
1889,1593,0,850,decrease,0.05931388959288597,0.028938889503479004
1889,1593,0,862,initiation,0.0,0.0476069450378418
1889,1593,0,876,decrease,0.048036109656095505,0.024018054828047752
1889,1593,0,891,decrease,0.041261110454797745,0.02398749813437462
1889,1593,0,944,decrease,0.051411114633083344,0.025833334773778915
1889,1593,0,960,increase,0.052586112171411514,0.07065416872501373
1889,1593,0,979,increase,0.06347361207008362,0.07713611423969269
1889,1593,0,995,decrease,0.07637777924537659,0.03727361187338829
1889,1593,0,1007,initiation,0.0,0.09852361679077148
1889,1593,0,1021,decrease,0.09729444980621338,0.04793749749660492
1889,1593,0,1037,initiation,0.0,0.052001386880874634
1889,1593,0,1049,stop,0.05762360990047455,0.0
1889,1593,0,1090,decrease,0.07501944899559021,0.037166666239500046
1889,1593,0,1104,initiation,0.0,0.04436388611793518
1889,1593,0,1147,decrease,0.05669444054365158,0.028106944635510445
1889,1593,0,1160,initiation,0.0,0.03536389023065567
1889,1593,0,1187,decrease,0.04023472219705582,0.01988472230732441
1889,1593,0,1209,increase,0.010444444604218006,0.023229166865348816
1889,1593,0,1238,decrease,0.025966666638851166,0.013199999928474426
1889,1593,1,22,initiation,0.0,0.5555555820465088
1889,1593,1,34,initiation,0.0,0.09168750047683716
1889,1593,1,53,decrease,0.1322055459022522,0.06367778033018112
1889,1593,1,76,initiation,0.0,0.03955972194671631
1889,1593,1,89,decrease,0.04516249895095825,0.022691665217280388
1889,1593,1,101,initiation,0.0,0.03665555641055107
1889,1593,1,203,decrease,0.0419805571436882,0.0210347231477499
1889,1593,1,215,increase,0.01860416680574417,0.07055555284023285
1889,1593,1,299,decrease,0.06346666812896729,0.03162222355604172
1889,1593,1,340,decrease,0.058622222393751144,0.029056943953037262
1889,1593,1,526,decrease,0.054737500846385956,0.026511110365390778
1889,1593,1,538,decrease,0.05999722331762314,0.03310416638851166
1889,1593,1,553,decrease,0.0931902751326561,0.04593472555279732
1889,1593,1,567,decrease,0.12030833959579468,0.07152499258518219
1889,1593,1,600,decrease,0.12349444627761841,0.08254721760749817
1889,1593,1,627,decrease,0.1332055628299713,0.06600972265005112
1889,1593,1,639,increase,0.03844999894499779,0.14519305527210236
1889,1593,1,657,decrease,0.14163750410079956,0.08075693994760513
1889,1593,1,779,decrease,0.14874166250228882,0.07591527700424194
1889,1593,1,837,decrease,0.15964999794960022,0.07836388796567917
1889,1593,1,849,initiation,0.0,0.12929722666740417
1889,1593,1,867,decrease,0.13078612089157104,0.06544166803359985
1889,1593,1,897,decrease,0.1215958297252655,0.05961250141263008
1889,1593,1,909,initiation,0.0,0.0954180508852005
1889,1593,1,997,decrease,0.10361944884061813,0.05157499760389328
1889,1593,1,1009,initiation,0.0,0.10698194801807404
1889,1593,1,1021,initiation,0.0,0.13617637753486633
1889,1593,1,1036,decrease,0.13385972380638123,0.06617777794599533
1889,1593,1,1049,initiation,0.0,0.07680277526378632
1889,1593,1,1091,decrease,0.09399166703224182,0.045787498354911804
1889,1593,1,1104,initiation,0.0,0.057479165494441986
1889,1593,1,1147,decrease,0.06905832886695862,0.033965278416872025
1889,1593,1,1164,initiation,0.0,0.038633331656455994
1889,1593,1,1226,increase,0.04724583029747009,0.5798097252845764
1889,1593,1,1238,initiation,0.0,0.16732779145240784
1889,1593,1,1302,decrease,0.14128471910953522,0.06940139085054398
1920,6026,0,83,initiation,0.0,0.6944444179534912
1920,6026,0,95,initiation,0.0,0.08679582923650742
1920,6026,0,107,stop,0.1486985981464386,0.0
1920,6026,0,124,initiation,0.0,0.06945554912090302
1920,6026,0,206,decrease,0.06584306061267853,0.04359722137451172
1920,6026,0,224,decrease,0.07866111397743225,0.03797222301363945
1920,6026,0,240,initiation,0.0,0.03854166716337204
1920,6026,0,746,decrease,0.04301805421710014,0.020366666838526726
1920,6026,0,765,increase,0.010459722019731998,0.027787499129772186
1920,6026,0,1103,decrease,0.03223194181919098,0.015087500214576721
1920,6026,0,1128,decrease,0.0460069440305233,0.023813888430595398
1920,6026,0,1230,decrease,0.054790277034044266,0.027090277522802353
1920,6026,0,1242,initiation,0.0,0.036301389336586
1920,6026,0,1386,decrease,0.039298608899116516,0.019362499937415123
1920,6026,1,79,initiation,0.0,0.5555555820465088
1920,6026,1,91,initiation,0.0,0.11734305322170258
1920,6026,1,105,decrease,0.12916943430900574,0.06199166551232338
1920,6026,1,139,increase,0.011398610658943653,0.03349166363477707
1920,6026,1,206,decrease,0.039609722793102264,0.02009027823805809
1920,6026,1,247,decrease,0.05187777429819107,0.02589305490255356
1920,6026,1,259,increase,0.054163891822099686,0.07856667041778564
1920,6026,1,376,decrease,0.07083888351917267,0.0353444442152977
1920,6026,1,388,initiation,0.0,0.05673472583293915
1920,6026,1,768,decrease,0.060438890010118484,0.02956666611135006
1920,6026,1,780,initiation,0.0,0.043409720063209534
1920,6026,1,1101,decrease,0.06021805480122566,0.029831944033503532
1920,6026,1,1113,initiation,0.0,0.04552222415804863
1920,6026,1,1128,decrease,0.04651111364364624,0.023359723389148712
1920,6026,1,1311,decrease,0.05979583412408829,0.02947777882218361
1920,6026,1,1323,initiation,0.0,0.045451387763023376
1920,6026,1,1388,decrease,0.049145832657814026,0.0247736107558012
1920,6026,1,1483,decrease,0.08050000667572021,0.04017777740955353
1922,3977,0,36,initiation,0.0,0.5076485872268677
1922,3977,0,48,initiation,0.0,0.0967777818441391
1922,3977,0,60,stop,0.05224166437983513,0.0
1922,3977,0,74,initiation,0.0,0.04313194751739502
1922,3977,0,100,decrease,0.04775555804371834,0.01837499998509884
1922,3977,0,138,decrease,0.06222499907016754,0.030186109244823456
1922,3977,0,237,decrease,0.04725833237171173,0.022998610511422157
1922,3977,0,263,increase,0.00976249948143959,0.022530555725097656
1922,3977,0,387,decrease,0.026811111718416214,0.005518055520951748
1922,3977,0,721,increase,0.03355972468852997,0.06852777302265167
1922,3977,0,733,increase,0.013459722511470318,0.04514722153544426
1922,3977,0,750,decrease,0.045245833694934845,0.02177361026406288
1922,3977,0,771,increase,0.010698610916733742,0.02763194590806961
1922,3977,0,789,decrease,0.027601389214396477,0.013468055054545403
1922,3977,1,36,initiation,0.0,0.5555555820465088
1922,3977,1,50,initiation,0.0,0.061213888227939606
1922,3977,1,88,increase,0.01236111018806696,0.032559722661972046
1922,3977,1,104,decrease,0.03281527757644653,0.007908333092927933
1922,3977,1,146,increase,0.025800000876188278,0.04562778025865555
1922,3977,1,237,decrease,0.04411666840314865,0.021908333525061607
1922,3977,1,262,increase,0.007138888817280531,0.026690278202295303
1922,3977,1,388,decrease,0.029538888484239578,0.0075361113995313644
1922,3977,1,452,decrease,0.03681249916553497,0.018016666173934937
1922,3977,1,464,initiation,0.0,0.05446111410856247
1922,3977,1,483,decrease,0.05339861288666725,0.02623610943555832
1922,3977,1,509,decrease,0.060665279626846313,0.03033750131726265
1922,3977,1,521,increase,0.02627638913691044,0.07720834016799927
1922,3977,1,589,decrease,0.07437638938426971,0.03640277683734894
1922,3977,1,613,initiation,0.0,0.03812500089406967
1922,3977,1,724,decrease,0.04378333315253258,0.018033333122730255
1922,3977,1,742,decrease,0.06142638623714447,0.03008750081062317
1922,3977,1,762,initiation,0.0,0.03539722412824631
1922,3977,1,788,decrease,0.03953750059008598,0.019536111503839493
1922,3977,1,814,increase,0.011093055829405785,0.029662499204277992
1922,3977,1,1282,increase,0.02858472242951393,0.0632847249507904
1922,3977,1,1295,initiation,0.0,0.05166805535554886
1922,3977,1,1307,increase,0.0064694443717598915,0.054899998009204865
1922,3977,1,1346,decrease,0.05258888751268387,0.025816665962338448
1922,3977,1,1358,initiation,0.0,0.04266111180186272
1922,3977,1,1456,decrease,0.043081942945718765,0.021404167637228966
1922,3977,1,1468,initiation,0.0,0.035750001668930054
1922,3977,1,1598,decrease,0.03755694627761841,0.018573611974716187
1922,3977,1,1842,decrease,0.04106805473566055,0.01994861103594303
1927,2485,0,19,initiation,0.0,0.20971666276454926
1927,2485,0,31,initiation,0.0,0.09248888492584229
1927,2485,0,47,decrease,0.09850278496742249,0.04787500202655792
1927,2485,0,68,initiation,0.0,0.04645000025629997
1927,2485,0,128,decrease,0.04702777788043022,0.02838333323597908
1927,2485,0,461,decrease,0.049861110746860504,0.023929167538881302
1927,2485,0,772,decrease,0.043008334934711456,0.020618055015802383
1927,2485,0,845,increase,0.031543053686618805,0.04429027810692787
1927,2485,0,947,decrease,0.04255972057580948,0.02099444530904293
1927,2485,0,1127,decrease,0.04222777485847473,0.020370833575725555
1927,2485,1,18,initiation,0.0,0.5082153081893921
1927,2485,1,30,initiation,0.0,0.12528610229492188
1927,2485,1,44,decrease,0.11646249890327454,0.05488888919353485
1927,2485,1,56,initiation,0.0,0.08014305680990219
1927,2485,1,70,decrease,0.07825694978237152,0.03844999894499779
1927,2485,1,82,increase,0.02535972371697426,0.06370972096920013
1927,2485,1,94,decrease,0.06451666355133057,0.01532222144305706
1927,2485,1,124,decrease,0.08668333292007446,0.0424458347260952
1927,2485,1,136,increase,0.02980416640639305,0.06996527314186096
1927,2485,1,222,decrease,0.0730055570602417,0.03586111217737198
1927,2485,1,234,initiation,0.0,0.05474722012877464
1927,2485,1,365,decrease,0.05930555611848831,0.02936111018061638
1927,2485,1,377,increase,0.01957777701318264,0.04887638986110687
1927,2485,1,585,decrease,0.051576390862464905,0.02535972371697426
1927,2485,1,759,decrease,0.04946805536746979,0.024411112070083618
1927,2485,1,771,decrease,0.05043888837099075,0.024776389822363853
1927,2485,1,788,increase,0.013201389461755753,0.032161109149456024
1927,2485,1,1127,decrease,0.03991944342851639,0.019776389002799988
1933,1997,0,26,initiation,0.0,0.05761528015136719
1933,1997,0,38,decrease,0.0559527762234211,0.02761666849255562
1933,1997,0,103,decrease,0.04354861378669739,0.021423611789941788
1933,1997,0,118,increase,0.013345833867788315,0.031619444489479065
1933,1997,0,144,increase,0.020648611709475517,0.03540000319480896
1933,1997,0,350,increase,0.029943056404590607,0.06400278210639954
1933,1997,0,362,initiation,0.0,0.05965416878461838
1933,1997,0,402,decrease,0.056175000965595245,0.0275111123919487
1933,1997,0,422,increase,0.012651389464735985,0.03439166396856308
1933,1997,0,464,decrease,0.03401666879653931,0.01740138977766037
1933,1997,0,488,decrease,0.05329027771949768,0.02632083371281624
1933,1997,0,507,initiation,0.0,0.0453166663646698
1933,1997,0,551,decrease,0.049602776765823364,0.02397916652262211
1933,1997,0,568,increase,0.015680555254220963,0.035298608243465424
1933,1997,0,581,stop,0.04105277732014656,0.0
1933,1997,1,15,initiation,0.0,0.048758335411548615
1933,1997,1,36,decrease,0.046473611146211624,0.02240833453834057
1933,1997,1,123,decrease,0.02428888902068138,0.0022194446064531803
1933,1997,1,135,decrease,0.0367458313703537,0.004683333449065685
1933,1997,1,278,decrease,0.05594167113304138,0.028661111369729042
1933,1997,1,315,decrease,0.06417082995176315,0.03120972402393818
1933,1997,1,327,increase,0.020911110565066338,0.05410139262676239
1933,1997,1,389,decrease,0.055827781558036804,0.027263887226581573
1933,1997,1,404,initiation,0.0,0.0381472222507
1933,1997,1,488,decrease,0.0416402742266655,0.015425000339746475
1933,1997,1,511,decrease,0.04941805452108383,0.024561110883951187
1933,1997,1,532,increase,0.013881944119930267,0.0326041653752327
1936,4663,0,14,initiation,0.0,0.6944444179534912
1936,4663,0,26,initiation,0.0,0.10484305024147034
1936,4663,0,53,decrease,0.12595278024673462,0.0616527758538723
1936,4663,0,65,increase,0.042961109429597855,0.10333193838596344
1936,4663,0,233,decrease,0.07836666703224182,0.03820277750492096
1936,4663,0,245,initiation,0.0,0.056433334946632385
1936,4663,0,524,decrease,0.05967500060796738,0.029155556112527847
1936,4663,0,536,increase,0.07792778313159943,0.09243333339691162
1936,4663,0,561,decrease,0.09052082896232605,0.04477916657924652
1936,4663,0,674,decrease,0.0819736123085022,0.04036944359540939
1936,4663,0,686,initiation,0.0,0.06403610855340958
1936,4663,0,872,decrease,0.06666527688503265,0.03213749825954437
1936,4663,0,884,initiation,0.0,0.048124998807907104
1936,4663,0,1054,decrease,0.05313749611377716,0.026662500575184822
1936,4663,0,1447,decrease,0.0637083351612091,0.03147638961672783
1936,4663,0,1459,initiation,0.0,0.04557083174586296
1936,4663,0,1563,decrease,0.04970972239971161,0.024463890120387077
1936,4663,0,1889,decrease,0.06624583899974823,0.0449138879776001
1936,4663,0,2523,decrease,0.0595194436609745,0.02949722297489643
1936,4663,0,2535,initiation,0.0,0.04283472150564194
1936,4663,0,2935,decrease,0.04824861139059067,0.023702777922153473
1936,4663,0,3643,decrease,0.057427778840065,0.02842361107468605
1936,4663,0,3669,decrease,0.05773194506764412,0.027952777221798897
1936,4663,0,3761,decrease,0.059716664254665375,0.028537500649690628
1936,4663,0,3913,decrease,0.05515555292367935,0.02683749981224537
1936,4663,0,3965,decrease,0.0485694482922554,0.02415972203016281
1936,4663,0,4015,decrease,0.043425001204013824,0.021611111238598824
1936,4663,0,4027,increase,0.047365278005599976,0.07051250338554382
1936,4663,0,4075,decrease,0.06798888742923737,0.048370834439992905
1936,4663,0,4270,decrease,0.06894583255052567,0.03390277922153473
1936,4663,0,4282,initiation,0.0,0.05246249958872795
1936,4663,0,4307,decrease,0.05212638899683952,0.0258194450289011
1936,4663,1,14,initiation,0.0,0.4480833411216736
1936,4663,1,27,initiation,0.0,0.044236112385988235
1936,4663,1,53,decrease,0.084536112844944,0.04054722189903259
1936,4663,1,84,increase,0.00972638837993145,0.032681941986083984
1936,4663,1,233,stop,0.03627639263868332,0.0
1936,4663,1,410,initiation,0.0,0.050773609429597855
1936,4663,1,436,decrease,0.048520833253860474,0.024197222664952278
1936,4663,1,670,decrease,0.05442500114440918,0.026880554854869843
1936,4663,1,682,initiation,0.0,0.045391663908958435
1936,4663,1,743,decrease,0.04653888940811157,0.023648612201213837
1936,4663,1,872,decrease,0.05580694600939751,0.027873611077666283
1936,4663,1,885,initiation,0.0,0.04141944646835327
1936,4663,1,2525,decrease,0.04456249997019768,0.022394444793462753
1936,4663,1,2537,increase,0.036245834082365036,0.07864305377006531
1936,4663,1,2683,decrease,0.0719652771949768,0.036363888531923294
1936,4663,1,2915,decrease,0.08102777600288391,0.040784720331430435
1936,4663,1,3601,decrease,0.08937221765518188,0.04470138996839523
1936,4663,1,3613,initiation,0.0,0.07300832867622375
1936,4663,1,3762,decrease,0.07860277593135834,0.05407499894499779
1936,4663,1,3926,decrease,0.08102639019489288,0.039770834147930145
1936,4663,1,3980,initiation,0.0,0.05155416578054428
1936,4663,1,4016,decrease,0.06546805799007416,0.033840276300907135
1936,4663,1,4130,decrease,0.07757222652435303,0.04700000211596489
1936,4663,1,4271,decrease,0.08503333479166031,0.0416194424033165
1936,4663,1,4283,initiation,0.0,0.06780416518449783
1936,4663,1,4329,decrease,0.07020555436611176,0.03542361035943031
1936,4663,1,4359,decrease,0.08725832402706146,0.042969442903995514
1936,4663,1,4386,decrease,0.0920555517077446,0.04548194631934166
1946,2499,0,126,initiation,0.0,0.6944444179534912
1946,2499,0,138,initiation,0.0,0.09950416535139084
1946,2499,0,150,decrease,0.12876251339912415,0.06216805800795555
1946,2499,0,164,initiation,0.0,0.06580138206481934
1946,2499,0,320,increase,0.06303611397743225,0.1794263869524002
1946,2499,0,332,increase,0.04898194223642349,0.09950417280197144
1946,2499,0,564,decrease,0.0795111134648323,0.039104167371988297
1946,2499,0,576,initiation,0.0,0.060330554842948914
1946,2499,0,637,decrease,0.06192222237586975,0.03045416623353958
1946,2499,1,113,initiation,0.0,0.5555555820465088
1946,2499,1,125,stop,0.1675819456577301,0.0
1946,2499,1,150,decrease,0.12952500581741333,0.06202083081007004
1946,2499,1,162,initiation,0.0,0.08589166402816772
1946,2499,1,187,decrease,0.08463194966316223,0.04205000028014183
1946,2499,1,216,increase,0.010840277187526226,0.031133335083723068
1946,2499,1,319,decrease,0.04180832952260971,0.02191944420337677
1946,2499,1,566,decrease,0.06370139122009277,0.03273194283246994
1946,2499,1,580,decrease,0.07892361283302307,0.03852638974785805
1946,2499,1,636,decrease,0.0657055526971817,0.032156944274902344
1964,5798,0,111,initiation,0.0,0.6944444179534912
1964,5798,0,123,decrease,0.06843750178813934,0.056113891303539276
1964,5798,0,230,decrease,0.1518111228942871,0.07233472168445587
1964,5798,0,252,initiation,0.0,0.05696111172437668
1964,5798,0,703,decrease,0.06956805288791656,0.0344347208738327
1964,5798,0,772,decrease,0.08969999849796295,0.04436805471777916
1964,5798,0,784,initiation,0.0,0.05594860762357712
1964,5798,0,861,decrease,0.06619028002023697,0.03290972113609314
1964,5798,0,873,initiation,0.0,0.06827083230018616
1964,5798,0,1295,decrease,0.06600138545036316,0.032612502574920654
1964,5798,1,108,initiation,0.0,0.4861111044883728
1964,5798,1,120,initiation,0.0,0.12665416300296783
1964,5798,1,132,stop,0.16770276427268982,0.0
1964,5798,1,144,increase,0.04276388883590698,0.11469444632530212
1964,5798,1,164,initiation,0.0,0.04961388558149338
1964,5798,1,233,decrease,0.060963891446590424,0.030300000682473183
1964,5798,1,561,decrease,0.08653333783149719,0.041830554604530334
1964,5798,1,573,initiation,0.0,0.08681388944387436
1964,5798,1,776,decrease,0.0860263928771019,0.04284583404660225
1964,5798,1,788,initiation,0.0,0.06757500022649765
1964,5798,1,861,decrease,0.07260139286518097,0.036036111414432526
1964,5798,1,873,decrease,0.08441388607025146,0.0654388889670372
1964,5798,1,1342,decrease,0.07328611612319946,0.03588194400072098
1969,2802,0,12,initiation,0.0,0.7576735615730286
1969,2802,0,24,initiation,0.0,0.11860278248786926
1969,2802,0,36,decrease,0.11646527051925659,0.05708611384034157
1969,2802,0,57,initiation,0.0,0.044015273451805115
1969,2802,0,239,increase,0.04402916878461838,0.05879583582282066
1969,2802,0,251,increase,0.03611944615840912,0.04957360774278641
1969,2802,0,368,decrease,0.04624166339635849,0.022401388734579086
1969,2802,0,386,increase,0.012061110697686672,0.03059166669845581
1969,2802,0,822,decrease,0.03335694223642349,0.016245832666754723
1969,2802,1,12,initiation,0.0,0.3054597079753876
1969,2802,1,24,initiation,0.0,0.09588194638490677
1969,2802,1,37,decrease,0.09194305539131165,0.04376944527029991
1969,2802,1,49,initiation,0.0,0.06193194538354874
1969,2802,1,98,decrease,0.060318056493997574,0.029751388356089592
1969,2802,1,265,decrease,0.037494443356990814,0.018376389518380165
1969,2802,1,370,decrease,0.06525833904743195,0.03223472088575363
1969,2802,1,673,increase,0.07411666214466095,0.09309861063957214
1969,2802,1,903,decrease,0.09197500348091125,0.044970836490392685
1974,5559,0,20,initiation,0.0,0.056280553340911865
1974,5559,0,148,decrease,0.05619305372238159,0.027433333918452263
1974,5559,0,165,initiation,0.0,0.0355486124753952
1974,5559,0,279,decrease,0.03456805646419525,0.017023611813783646
1974,5559,0,296,increase,0.011029167100787163,0.024562500417232513
1974,5559,0,378,decrease,0.026083333417773247,0.01321666594594717
1974,5559,0,582,decrease,0.033715277910232544,0.016631944105029106
1974,5559,0,621,decrease,0.03308610990643501,0.017079167068004608
1974,5559,0,741,decrease,0.04012777656316757,0.019356945529580116
1974,5559,0,756,increase,0.012638889253139496,0.029898609966039658
1974,5559,0,779,decrease,0.029968054965138435,0.015284722670912743
1974,5559,0,792,increase,0.010593055747449398,0.02461249940097332
1974,5559,1,13,stop,0.5424624681472778,0.0
1974,5559,1,25,increase,0.029394444078207016,0.0796777755022049
1974,5559,1,147,increase,0.027469445019960403,0.13756528496742249
1974,5559,1,159,initiation,0.0,0.07577777653932571
1974,5559,1,413,decrease,0.06897082924842834,0.034820832312107086
1974,5559,1,612,decrease,0.07604027539491653,0.03923888877034187
1974,5559,1,680,decrease,0.08259861171245575,0.0404638908803463
1974,5559,1,699,initiation,0.0,0.045355554670095444
1974,5559,1,713,increase,0.025005554780364037,0.0605597198009491
1974,5559,1,725,increase,0.018861111253499985,0.0691930502653122
1974,5559,1,743,decrease,0.0686916708946228,0.0348319411277771
1974,5559,1,779,decrease,0.0756041631102562,0.03838333114981651
1974,5559,1,822,decrease,0.09086111187934875,0.044098611921072006
1974,5559,1,835,initiation,0.0,0.05355000123381615
1974,5559,1,852,decrease,0.06530972570180893,0.03296111151576042
2000,2320,0,15,initiation,0.0,0.2671250104904175
2000,2320,0,27,initiation,0.0,0.09935833513736725
2000,2320,0,62,decrease,0.09059999883174896,0.04347499832510948
2000,2320,0,74,initiation,0.0,0.07105556130409241
2000,2320,0,578,decrease,0.0494319424033165,0.02500416710972786
2000,2320,0,590,increase,0.034716665744781494,0.10693472623825073
2000,2320,0,705,decrease,0.09191250056028366,0.04510694742202759
2000,2320,0,738,increase,0.012983332388103008,0.03316527605056763
2000,2320,0,1229,decrease,0.04537639021873474,0.022652776911854744
2000,2320,0,1247,increase,0.01287916675209999,0.031312499195337296
2000,2320,0,1351,decrease,0.034547220915555954,0.016947221010923386
2000,2320,1,13,initiation,0.0,0.5323708653450012
2000,2320,1,25,initiation,0.0,0.0732666626572609
2000,2320,1,43,decrease,0.10805416107177734,0.05109027773141861
2000,2320,1,55,initiation,0.0,0.07477778196334839
2000,2320,1,67,stop,0.07432916760444641,0.0
2000,2320,1,79,initiation,0.0,0.04556388780474663
2000,2320,1,132,decrease,0.09057778120040894,0.046831946820020676
2000,2320,1,378,decrease,0.10609166324138641,0.05258333310484886
2000,2320,1,396,initiation,0.0,0.04867222160100937
2000,2320,1,560,increase,0.06970971822738647,0.41660693287849426
2000,2320,1,577,initiation,0.0,0.04199027642607689
2000,2320,1,925,decrease,0.10544165968894958,0.05205416679382324
2000,2320,1,1230,decrease,0.10414166748523712,0.051273610442876816
2000,2320,1,1287,decrease,0.09572361409664154,0.046916663646698
2000,2320,1,1302,initiation,0.0,0.051131945103406906
2000,2320,1,1440,decrease,0.06945833563804626,0.0345652773976326
2000,2320,1,1475,decrease,0.06961666792631149,0.0339430533349514
2004,1244,0,23,initiation,0.0,0.03952222317457199
2004,1244,0,35,decrease,0.07550416886806488,0.03668194264173508
2004,1244,0,47,initiation,0.0,0.045213885605335236
2004,1244,0,59,increase,0.05102916434407234,0.08019722253084183
2004,1244,0,72,stop,0.06840555369853973,0.0
2004,1244,0,106,decrease,0.06189583241939545,0.03018055483698845
2004,1244,0,361,decrease,0.058994442224502563,0.029504166916012764
2004,1244,0,376,initiation,0.0,0.038474999368190765
2004,1244,0,426,decrease,0.04070555418729782,0.02053472213447094
2004,1244,0,450,increase,0.009266666136682034,0.022631945088505745
2004,1244,0,673,decrease,0.030366666615009308,0.0154694439843297
2004,1244,0,1400,decrease,0.04068472236394882,0.0204777792096138
2004,1244,1,12,initiation,0.0,0.11829305440187454
2004,1244,1,25,initiation,0.0,0.05941944569349289
2004,1244,1,37,stop,0.061073608696460724,0.0
2004,1244,1,54,initiation,0.0,0.09116388857364655
2004,1244,1,66,initiation,0.0,0.07336249947547913
2004,1244,1,106,initiation,0.0,0.045495834201574326
2004,1244,1,119,initiation,0.0,0.04197638854384422
2004,1244,1,315,decrease,0.06705833226442337,0.0336763896048069
2004,1244,1,363,decrease,0.08138055354356766,0.039920832961797714
2004,1244,1,427,decrease,0.09464861452579498,0.04689166694879532
2004,1244,1,456,initiation,0.0,0.05963333323597908
2004,1244,1,468,increase,0.007256944198161364,0.0503263920545578
2004,1244,1,491,decrease,0.05169305577874184,0.026794444769620895
2004,1244,1,503,stop,0.06739860773086548,0.0
2004,1244,1,709,decrease,0.09390555322170258,0.0460541658103466
2004,1244,1,733,initiation,0.0,0.03816527873277664
2004,1244,1,745,stop,0.0476333312690258,0.0
2004,1244,1,840,decrease,0.07537361234426498,0.03721249848604202
2004,1244,1,852,stop,0.08064444363117218,0.0
2004,1244,1,864,initiation,0.0,0.06430138647556305
2004,1244,1,876,stop,0.0651666671037674,0.0
2004,1244,1,888,increase,0.023008333519101143,0.05814722180366516
2004,1244,1,904,decrease,0.05861249938607216,0.029959721490740776
2004,1244,1,1007,decrease,0.0666152760386467,0.03307222202420235
2004,1244,1,1019,initiation,0.0,0.042133331298828125
2004,1244,1,1133,decrease,0.05280277878046036,0.026623612269759178
2004,1244,1,1337,decrease,0.059494443237781525,0.029584722593426704
2004,1244,1,1350,initiation,0.0,0.037454165518283844
2004,1244,1,1365,decrease,0.043969444930553436,0.021591665223240852
2004,1244,1,1447,increase,0.00016666666488163173,0.03484583646059036
2004,1244,1,1469,decrease,0.03401666879653931,0.003672222374007106
2004,1244,1,1482,increase,0.024587498977780342,0.060281943529844284
2004,1244,1,1531,decrease,0.0576055571436882,0.028813889250159264
2056,708,0,32,initiation,0.0,0.5549444556236267
2056,708,0,44,initiation,0.0,0.12929582595825195
2056,708,0,202,decrease,0.0919722244143486,0.04576527699828148
2056,708,0,214,initiation,0.0,0.07333749532699585
2056,708,0,435,decrease,0.06861250102519989,0.03343472257256508
2056,708,0,550,decrease,0.027402779087424278,0.014218056574463844
2056,708,0,578,decrease,0.045241668820381165,0.0227263905107975
2056,708,0,1108,decrease,0.0540861114859581,0.026536112651228905
2056,708,0,1121,initiation,0.0,0.0365888886153698
2056,708,0,1133,stop,0.03696388751268387,0.0
2056,708,0,1147,initiation,0.0,0.049118056893348694
2056,708,0,1159,initiation,0.0,0.04058749973773956
2056,708,0,1379,decrease,0.04241250082850456,0.02094166725873947
2056,708,0,1408,decrease,0.05794305354356766,0.02881111018359661
2056,708,0,1427,decrease,0.07293611019849777,0.036391668021678925
2056,708,0,1439,initiation,0.0,0.05545138567686081
2056,708,0,1451,stop,0.05451111122965813,0.0
2056,708,0,1463,increase,0.016348611563444138,0.03781944513320923
2056,708,0,1540,decrease,0.0397944450378418,0.019999999552965164
2056,708,1,30,initiation,0.0,0.4861111044883728
2056,708,1,42,stop,0.19391527771949768,0.0
2056,708,1,203,decrease,0.12432639300823212,0.06169166415929794
2056,708,1,226,initiation,0.0,0.05135694518685341
2056,708,1,440,decrease,0.07711249589920044,0.03796666860580444
2056,708,1,454,initiation,0.0,0.04612777754664421
2056,708,1,466,decrease,0.05142638832330704,0.0246402770280838
2056,708,1,562,decrease,0.05711666867136955,0.02866249904036522
2056,708,1,1047,decrease,0.07689860463142395,0.03804166615009308
2056,708,1,1059,initiation,0.0,0.048241667449474335
2056,708,1,1126,decrease,0.07667917013168335,0.037763889878988266
2056,708,1,1138,initiation,0.0,0.06234583258628845
2056,708,1,1542,decrease,0.06709722429513931,0.032899998128414154
2078,1857,0,23,initiation,0.0,0.05024305358529091
2078,1857,0,35,initiation,0.0,0.07916666567325592
2078,1857,0,61,decrease,0.0745638906955719,0.036593057215213776
2078,1857,0,78,initiation,0.0,0.046045832335948944
2078,1857,0,157,decrease,0.04298750311136246,0.021319445222616196
2078,1857,0,169,increase,0.016574999317526817,0.0361652746796608
2078,1857,0,195,decrease,0.03587222099304199,0.017197221517562866
2078,1857,0,305,decrease,0.022441666573286057,0.003986110910773277
2078,1857,0,527,decrease,0.035906948149204254,0.017772221937775612
2078,1857,0,544,increase,0.010966666974127293,0.025716666132211685
2078,1857,1,21,initiation,0.0,0.4861111044883728
2078,1857,1,33,initiation,0.0,0.045504167675971985
2078,1857,1,45,stop,0.09517638385295868,0.0
2078,1857,1,57,initiation,0.0,0.05031805485486984
2078,1857,1,301,decrease,0.05660416558384895,0.0281333327293396
2078,1857,1,334,decrease,0.06399860978126526,0.031724996864795685
2078,1857,1,691,decrease,0.07036250084638596,0.03517083451151848
2078,1857,1,703,initiation,0.0,0.07121250033378601
2078,1857,1,826,decrease,0.07006806135177612,0.03477777913212776
2078,1857,1,860,increase,0.012856944464147091,0.03291388973593712
2078,1857,1,917,stop,0.03764444589614868,0.0
2123,62,0,35,initiation,0.0,0.0427388921380043
2123,62,0,47,increase,0.035608332604169846,0.0984722226858139
2123,62,0,65,decrease,0.09293888509273529,0.04540277644991875
2123,62,0,77,initiation,0.0,0.0647069439291954
2123,62,0,137,decrease,0.05831389129161835,0.028475001454353333
2123,62,0,149,initiation,0.0,0.04499027878046036
2123,62,0,268,decrease,0.041761111468076706,0.02040555700659752
2123,62,0,353,increase,0.008955555036664009,0.022030554711818695
2123,62,0,395,increase,0.011279166676104069,0.028776388615369797
2123,62,0,434,decrease,0.0332055538892746,0.016873611137270927
2123,62,0,446,decrease,0.04477361589670181,0.014947222545742989
2123,62,0,556,decrease,0.04902222007513046,0.01855555549263954
2123,62,0,646,decrease,0.05517221987247467,0.026406945660710335
2123,62,0,658,initiation,0.0,0.043368056416511536
2123,62,0,771,decrease,0.04394305497407913,0.021618055179715157
2123,62,0,813,increase,0.011213889345526695,0.027711110189557076
2123,62,0,838,increase,0.009422222152352333,0.02394722029566765
2123,62,0,889,increase,0.012118056416511536,0.025568056851625443
2123,62,0,918,decrease,0.02642500028014183,0.01294583361595869
2123,62,1,30,initiation,0.0,0.09252777695655823
2123,62,1,65,decrease,0.12207499146461487,0.05993333458900452
2123,62,1,77,initiation,0.0,0.0899847224354744
2123,62,1,191,decrease,0.09098055958747864,0.04469583183526993
2123,62,1,203,initiation,0.0,0.06507222354412079
2123,62,1,270,decrease,0.07233333587646484,0.03608611226081848
2123,62,1,303,decrease,0.06193472445011139,0.030206944793462753
2123,62,1,315,initiation,0.0,0.0498347207903862
2123,62,1,392,increase,0.04180416464805603,0.06893888860940933
2123,62,1,446,increase,0.06293194741010666,0.08701944351196289
2123,62,1,458,decrease,0.08486111462116241,0.03215138986706734
2123,62,1,470,initiation,0.0,0.057959720492362976
2123,62,1,520,decrease,0.06212083250284195,0.031115276739001274
2123,62,1,532,increase,0.02118472196161747,0.04984722286462784
2123,62,1,584,decrease,0.053308334201574326,0.02598888799548149
2123,62,1,708,increase,0.012055556289851665,0.03285139054059982
2123,62,1,776,stop,0.03980138897895813,0.0
2123,62,1,788,decrease,0.05109861120581627,0.014729166403412819
2123,62,1,800,increase,0.07620278000831604,0.09543472528457642
2123,62,1,827,decrease,0.08583888411521912,0.0490347221493721
2123,62,1,855,decrease,0.08338610827922821,0.040501389652490616
2123,62,1,868,decrease,0.1071736142039299,0.08362916857004166
2123,62,1,880,increase,0.005381944589316845,0.07701944559812546
2123,62,1,892,decrease,0.07964027673006058,0.039431944489479065
2123,62,1,904,increase,0.02827777899801731,0.06812222301959991
2123,62,1,916,initiation,0.0,0.05678194388747215
2161,462,0,84,initiation,0.0,0.1899319589138031
2161,462,0,96,initiation,0.0,0.07025138288736343
2161,462,0,119,decrease,0.12859167158603668,0.06199444830417633
2161,462,0,131,initiation,0.0,0.09354861080646515
2161,462,0,325,decrease,0.07646249979734421,0.037748612463474274
2161,462,0,337,initiation,0.0,0.06164027377963066
2161,462,0,1418,decrease,0.05726388841867447,0.02854027785360813
2161,462,0,1552,decrease,0.06734305620193481,0.032847221940755844
2161,462,0,1564,initiation,0.0,0.05365833640098572
2161,462,0,1608,decrease,0.05412222445011139,0.027738889679312706
2161,462,0,1676,decrease,0.06658055633306503,0.03305555507540703
2161,462,0,1757,decrease,0.07642777264118195,0.03290555626153946
2161,462,0,1871,decrease,0.09602361172437668,0.04723889008164406
2161,462,0,1991,decrease,0.08189861476421356,0.04067638888955116
2161,462,0,2035,initiation,0.0,0.058747224509716034
2161,462,0,2071,decrease,0.05834305286407471,0.0302041657269001
2161,462,0,2099,decrease,0.07227499783039093,0.035845834761857986
2161,462,0,2120,initiation,0.0,0.04914722219109535
2161,462,0,2137,decrease,0.08513888716697693,0.041813891381025314
2161,462,0,2149,initiation,0.0,0.09602916240692139
2161,462,0,2161,increase,0.0457819402217865,0.0684041678905487
2161,462,1,81,initiation,0.0,0.5555555820465088
2161,462,1,106,initiation,0.0,0.042927779257297516
2161,462,1,304,decrease,0.0761222243309021,0.037804167717695236
2161,462,1,328,initiation,0.0,0.03577916696667671
2161,462,1,438,decrease,0.04343194514513016,0.021308332681655884
2161,462,1,450,initiation,0.0,0.08183889091014862
2161,462,1,485,decrease,0.07754583656787872,0.03785833343863487
2161,462,1,499,initiation,0.0,0.040801387280225754
2161,462,1,2036,decrease,0.05444444715976715,0.02747083269059658
2161,462,1,2085,decrease,0.06908471882343292,0.03429444506764412
2161,462,1,2097,initiation,0.0,0.04996805638074875
2161,462,1,2151,increase,0.021031944081187248,0.16232360899448395
2161,462,1,2174,initiation,0.0,0.2831902801990509
2161,462,1,2186,initiation,0.0,0.1148444414138794
2161,462,1,2214,decrease,0.10962499678134918,0.053306944668293
2185,437,0,40,initiation,0.0,0.06855694204568863
2185,437,0,61,decrease,0.15028473734855652,0.07194028049707413
2185,437,0,92,initiation,0.0,0.03762083500623703
2185,437,0,119,decrease,0.041252776980400085,0.02063611149787903
2185,437,0,131,increase,0.015080555342137814,0.10283055901527405
2185,437,0,199,decrease,0.09285832941532135,0.04450694099068642
2185,437,0,233,increase,0.013851388357579708,0.03143888711929321
2185,437,0,252,increase,0.011152777820825577,0.026434723287820816
2185,437,0,271,decrease,0.03236805647611618,0.003320833435282111
2185,437,0,283,stop,0.044030554592609406,0.0
2185,437,0,298,increase,0.012009723111987114,0.028784722089767456
2185,437,0,657,decrease,0.03520277887582779,0.017343055456876755
2185,437,0,670,increase,0.013172222301363945,0.028974998742341995
2185,437,0,1128,decrease,0.034033335745334625,0.016668055206537247
2185,437,0,1388,increase,0.0006819444242864847,0.02147500030696392
2185,437,0,1431,initiation,0.0,0.038180556148290634
2185,437,0,1461,decrease,0.06181944161653519,0.03030138835310936
2185,437,0,1473,increase,0.08604305982589722,0.09941944479942322
2185,437,0,1519,decrease,0.09004443883895874,0.04344305396080017
2185,437,0,1555,increase,0.009875000454485416,0.025744443759322166
2185,437,0,1619,decrease,0.028590276837348938,0.013945833779871464
2185,437,0,2050,decrease,0.022972222417593002,0.0063430555164813995
2185,437,0,2210,decrease,0.029561111703515053,0.013904165476560593
2185,437,0,2431,decrease,0.03264722228050232,0.015873610973358154
2185,437,1,34,initiation,0.0,0.04706528037786484
2185,437,1,254,decrease,0.09624722599983215,0.04750972241163254
2185,437,1,266,stop,0.07669027149677277,0.0
2185,437,1,278,increase,0.028640277683734894,0.0706888884305954
2185,437,1,442,decrease,0.07617639005184174,0.038409724831581116
2185,437,1,843,decrease,0.09534583240747452,0.047276392579078674
2185,437,1,857,initiation,0.0,0.03561527654528618
2185,437,1,991,decrease,0.0939902812242508,0.04601389169692993
2185,437,1,1003,decrease,0.09667639434337616,0.0695388913154602
2185,437,1,1053,increase,0.09038610756397247,0.10896805673837662
2185,437,1,1085,decrease,0.10716389119625092,0.0797722265124321
2185,437,1,1393,decrease,0.1140763908624649,0.05620833486318588
2185,437,1,1422,initiation,0.0,0.04221944510936737
2185,437,1,1454,decrease,0.04933749884366989,0.024831943213939667
2185,437,1,1466,stop,0.1157444417476654,0.0
2185,437,1,1518,decrease,0.08538889139890671,0.04327360913157463
2185,437,1,1576,decrease,0.11574305593967438,0.05715416744351387
2185,437,1,1588,initiation,0.0,0.08960277587175369
2185,437,1,1610,decrease,0.09119027853012085,0.044284723699092865
2185,437,1,1622,initiation,0.0,0.059422221034765244
2185,437,1,2431,decrease,0.07530277967453003,0.03762499988079071
2189,1829,0,12,initiation,0.0,0.11496666818857193
2189,1829,0,106,decrease,0.09174028038978577,0.04434305429458618
2189,1829,0,118,initiation,0.0,0.06763333082199097
2189,1829,0,131,initiation,0.0,0.04801666736602783
2189,1829,0,326,decrease,0.049150001257658005,0.03652777522802353
2189,1829,0,338,initiation,0.0,0.049956947565078735
2189,1829,0,353,decrease,0.05330972373485565,0.025808334350585938
2189,1829,0,371,decrease,0.06916250288486481,0.03391944617033005
2189,1829,0,398,increase,0.013469444587826729,0.03083055466413498
2189,1829,0,454,decrease,0.03371388837695122,0.016538888216018677
2189,1829,0,516,decrease,0.04958055540919304,0.025481944903731346
2189,1829,0,629,decrease,0.06094583123922348,0.029851388186216354
2189,1829,1,105,decrease,0.09083889424800873,0.04439583420753479
2189,1829,1,117,initiation,0.0,0.053119443356990814
2189,1829,1,139,decrease,0.0682152807712555,0.03372777998447418
2189,1829,1,151,initiation,0.0,0.05715833231806755
2189,1829,1,313,decrease,0.06193055585026741,0.03077360987663269
2189,1829,1,325,initiation,0.0,0.0508124977350235
2189,1829,1,337,initiation,0.0,0.04327083379030228
2189,1829,1,381,decrease,0.04611944407224655,0.02336527779698372
2189,1829,1,556,decrease,0.05326666682958603,0.026186110451817513
2189,1829,1,629,decrease,0.060758333653211594,0.029845833778381348
2231,3041,0,19,initiation,0.0,0.5076388716697693
2231,3041,0,31,initiation,0.0,0.09219444543123245
2231,3041,0,50,decrease,0.10199028253555298,0.04995833337306976
2231,3041,0,68,initiation,0.0,0.04330138862133026
2231,3041,0,83,decrease,0.05322638899087906,0.026102779433131218
2231,3041,0,95,initiation,0.0,0.037348613142967224
2231,3041,0,420,decrease,0.03140833228826523,0.015412500128149986
2231,3041,0,1349,decrease,0.034018054604530334,0.016469445079565048
2231,3041,1,19,initiation,0.0,0.3946513831615448
2231,3041,1,34,initiation,0.0,0.06850277632474899
2231,3041,1,50,decrease,0.07060694694519043,0.03419860824942589
2231,3041,1,64,initiation,0.0,0.04109305888414383
2231,3041,1,83,decrease,0.0471416674554348,0.023168055340647697
2231,3041,1,108,increase,0.008136110380291939,0.028183333575725555
2231,3041,1,328,decrease,0.030033333227038383,0.0035291665699332952
2231,3041,1,419,decrease,0.03792361170053482,0.018672222271561623
2231,3041,1,431,initiation,0.0,0.05612083524465561
2231,3041,1,480,decrease,0.05454305559396744,0.026815276592969894
2231,3041,1,492,initiation,0.0,0.04443889111280441
2231,3041,1,675,decrease,0.04546666890382767,0.022070832550525665
2231,3041,1,700,increase,0.008006944321095943,0.02723333239555359
2238,2879,0,69,initiation,0.0,0.6944444179534912
2238,2879,0,81,initiation,0.0,0.08970139920711517
2238,2879,0,130,decrease,0.12098472565412521,0.058408334851264954
2238,2879,0,143,initiation,0.0,0.06810416281223297
2238,2879,0,715,decrease,0.05928888916969299,0.028731944039463997
2238,2879,0,1801,decrease,0.05393750220537186,0.026466665789484978
2238,2879,0,1900,decrease,0.025277776643633842,0.012708332389593124
2238,2879,1,67,initiation,0.0,0.44076666235923767
2238,2879,1,79,initiation,0.0,0.10700833797454834
2238,2879,1,1124,decrease,0.0789666622877121,0.039620835334062576
2238,2879,1,1137,initiation,0.0,0.044830553233623505
2238,2879,1,1846,decrease,0.05883055552840233,0.03021250106394291
2238,2879,1,1925,decrease,0.06937222182750702,0.03489166498184204
2238,2879,1,1937,stop,0.11105555295944214,0.0
2243,4315,0,16,initiation,0.0,0.43739861249923706
2243,4315,0,28,initiation,0.0,0.10137499868869781
2243,4315,0,63,decrease,0.09360000491142273,0.04543333500623703
2243,4315,0,75,increase,0.032438889145851135,0.0755472257733345
2243,4315,0,97,decrease,0.07291389256715775,0.03594305366277695
2243,4315,0,523,decrease,0.05253888666629791,0.025788890197873116
2243,4315,0,535,initiation,0.0,0.03970138728618622
2243,4315,0,850,decrease,0.04599861055612564,0.022344443947076797
2243,4315,0,862,increase,0.02367222309112549,0.04058611020445824
2243,4315,0,920,decrease,0.04110833257436752,0.019862499088048935
2243,4315,0,1536,decrease,0.03936111181974411,0.019340278580784798
2243,4315,1,13,initiation,0.0,0.36782777309417725
2243,4315,1,26,initiation,0.0,0.07127778232097626
2243,4315,1,45,decrease,0.07497638463973999,0.036423612385988235
2243,4315,1,57,initiation,0.0,0.040397219359874725
2243,4315,1,70,initiation,0.0,0.03856249898672104
2243,4315,1,82,initiation,0.0,0.03814999759197235
2243,4315,1,96,decrease,0.03871666640043259,0.019290277734398842
2243,4315,1,170,increase,0.006554166320711374,0.0324055552482605
2243,4315,1,223,initiation,0.0,0.04470138996839523
2243,4315,1,523,decrease,0.04813888669013977,0.023451389744877815
2243,4315,1,535,initiation,0.0,0.03795694559812546
2243,4315,1,918,decrease,0.0396430566906929,0.019600000232458115
2243,4315,1,931,increase,0.014123610220849514,0.03360000252723694
2273,4934,0,125,initiation,0.0,0.6944444179534912
2273,4934,0,137,initiation,0.0,0.0918097198009491
2273,4934,0,174,decrease,0.12130416929721832,0.05920000001788139
2273,4934,0,193,initiation,0.0,0.05385555326938629
2273,4934,0,432,increase,0.05118194594979286,0.08684027940034866
2273,4934,0,446,decrease,0.045993052423000336,0.01476527750492096
2273,4934,0,460,decrease,0.0996694415807724,0.04860416427254677
2273,4934,0,472,initiation,0.0,0.07928889244794846
2273,4934,0,504,decrease,0.07708472013473511,0.03840694576501846
2273,4934,0,516,initiation,0.0,0.05952777713537216
2273,4934,0,823,decrease,0.05768333375453949,0.028069444000720978
2273,4934,0,901,increase,0.056979164481163025,0.09798749536275864
2273,4934,0,913,initiation,0.0,0.15452083945274353
2273,4934,0,925,stop,0.1551874876022339,0.0
2273,4934,0,939,initiation,0.0,0.06850555539131165
2273,4934,0,1631,decrease,0.07232777774333954,0.03656388819217682
2273,4934,0,1667,decrease,0.08749306201934814,0.043175000697374344
2273,4934,0,1679,increase,0.030250001698732376,0.07000833749771118
2273,4934,0,1725,decrease,0.07048194110393524,0.03485555574297905
2273,4934,0,1737,initiation,0.0,0.052998609840869904
2273,4934,0,1772,decrease,0.055218055844306946,0.027048612013459206
2273,4934,0,1784,initiation,0.0,0.036266669631004333
2273,4934,0,1837,decrease,0.04290555417537689,0.021626388654112816
2273,4934,0,1922,decrease,0.05207916349172592,0.025865277275443077
2273,4934,1,113,initiation,0.0,0.5555555820465088
2273,4934,1,125,initiation,0.0,0.08498749881982803
2273,4934,1,191,decrease,0.11077778041362762,0.05449721962213516
2273,4934,1,205,initiation,0.0,0.05473194271326065
2273,4934,1,462,decrease,0.07371249794960022,0.04287361353635788
2273,4934,1,505,decrease,0.09946249425411224,0.0620347261428833
2273,4934,1,851,decrease,0.10478471964597702,0.08101388812065125
2273,4934,1,941,decrease,0.11533056199550629,0.09540555626153946
2273,4934,1,999,decrease,0.1263541579246521,0.106718048453331
2273,4934,1,1023,decrease,0.13922500610351562,0.0690416619181633
2273,4934,1,1076,decrease,0.13707222044467926,0.06646527349948883
2273,4934,1,1422,decrease,0.12378610670566559,0.06131388992071152
2273,4934,1,1437,initiation,0.0,0.05262500047683716
2273,4934,1,1450,decrease,0.1262499988079071,0.06226249784231186
2273,4934,1,1463,decrease,0.15512222051620483,0.10481388866901398
2273,4934,1,1475,decrease,0.1673624962568283,0.13199999928474426
2273,4934,1,1581,decrease,0.16704165935516357,0.08335277438163757
2273,4934,1,1593,initiation,0.0,0.10035833716392517
2273,4934,1,1607,increase,0.11441250145435333,0.13552221655845642
2273,4934,1,1619,initiation,0.0,0.17567360401153564
2273,4934,1,1667,decrease,0.1675291657447815,0.08300971984863281
2273,4934,1,1679,increase,0.05673610791563988,0.13783055543899536
2273,4934,1,1712,decrease,0.14195138216018677,0.07109028100967407
2273,4934,1,1732,decrease,0.17153194546699524,0.08456388860940933
2273,4934,1,1935,decrease,0.1650138944387436,0.08201944828033447
2280,6081,0,89,initiation,0.0,0.6944444179534912
2280,6081,0,101,initiation,0.0,0.08665139228105545
2280,6081,0,127,decrease,0.15015694499015808,0.07330833375453949
2280,6081,0,155,initiation,0.0,0.05346805602312088
2280,6081,0,167,initiation,0.0,0.06579999625682831
2280,6081,0,198,decrease,0.06316666305065155,0.031369443982839584
2280,6081,0,255,decrease,0.06782500445842743,0.03367916867136955
2280,6081,0,267,increase,0.02328750118613243,0.05571667104959488
2280,6081,0,286,initiation,0.0,0.03755555301904678
2280,6081,0,298,stop,0.03774583339691162,0.0
2280,6081,0,315,increase,0.009412500075995922,0.024622224271297455
2280,6081,0,330,decrease,0.025511112064123154,0.0125083327293396
2280,6081,0,359,decrease,0.04020833224058151,0.01999722234904766
2280,6081,0,371,increase,0.04688332974910736,0.06551250070333481
2280,6081,0,767,decrease,0.05017777532339096,0.02478194423019886
2280,6081,0,1005,decrease,0.04500000178813934,0.021538889035582542
2280,6081,0,1020,increase,0.013845833018422127,0.033706944435834885
2280,6081,0,1456,decrease,0.03655555844306946,0.018943054601550102
2280,6081,0,1660,decrease,0.04844166710972786,0.024037498980760574
2280,6081,0,1672,initiation,0.0,0.03720138967037201
2280,6081,0,1787,decrease,0.03882499784231186,0.01927083358168602
2280,6081,0,1799,increase,0.015080555342137814,0.03204861283302307
2280,6081,1,86,initiation,0.0,0.5555555820465088
2280,6081,1,111,initiation,0.0,0.07767638564109802
2280,6081,1,127,decrease,0.0834486111998558,0.04124583303928375
2280,6081,1,166,increase,0.00905833300203085,0.030254166573286057
2280,6081,1,209,increase,0.006315277889370918,0.02990555390715599
2280,6081,1,347,initiation,0.0,0.037712499499320984
2280,6081,1,375,decrease,0.042408332228660583,0.021162500604987144
2280,6081,1,387,increase,0.027286112308502197,0.05168750137090683
2280,6081,1,399,decrease,0.05207638815045357,0.02405555546283722
2280,6081,1,411,decrease,0.05686249956488609,0.027344444766640663
2280,6081,1,423,increase,0.06067083403468132,0.10937638580799103
2280,6081,1,435,initiation,0.0,0.06955694407224655
2280,6081,1,484,decrease,0.06756250560283661,0.03269166499376297
2280,6081,1,496,initiation,0.0,0.05632361024618149
2280,6081,1,509,decrease,0.056716665625572205,0.027762500569224358
2280,6081,1,524,initiation,0.0,0.04090416431427002
2280,6081,1,536,initiation,0.0,0.04320833086967468
2280,6081,1,569,decrease,0.0444069430232048,0.02229027822613716
2280,6081,1,581,initiation,0.0,0.0379486121237278
2280,6081,1,767,decrease,0.04144860804080963,0.020093055441975594
2280,6081,1,788,stop,0.036561112850904465,0.0
2280,6081,1,800,increase,0.011518055573105812,0.0330541655421257
2280,6081,1,1819,initiation,0.0,0.03940138965845108
2280,6081,1,1846,decrease,0.0420430526137352,0.020808333531022072
2280,6081,1,1864,increase,0.011152777820825577,0.031284723430871964
2283,3039,0,26,initiation,0.0,0.19146667420864105
2283,3039,0,38,initiation,0.0,0.05943472310900688
2283,3039,0,50,decrease,0.09766250103712082,0.04729166626930237
2283,3039,0,102,decrease,0.07380416989326477,0.0352138876914978
2283,3039,0,116,initiation,0.0,0.03889305517077446
2283,3039,0,582,decrease,0.03845972195267677,0.01784583367407322
2283,3039,0,742,decrease,0.053001388907432556,0.02645000070333481
2283,3039,0,764,increase,0.012477777898311615,0.030654165893793106
2283,3039,0,789,decrease,0.0318722203373909,0.01552638877183199
2283,3039,0,833,increase,0.005926389247179031,0.03425416722893715
2283,3039,1,20,initiation,0.0,0.27848055958747864
2283,3039,1,32,initiation,0.0,0.09306666254997253
2283,3039,1,101,decrease,0.07311666756868362,0.035688888281583786
2283,3039,1,588,increase,0.012733333744108677,0.049852777272462845
2283,3039,1,743,decrease,0.04367638751864433,0.02174166776239872
2283,3039,1,821,increase,0.012541666626930237,0.03884444385766983
2283,3039,1,835,decrease,0.05932500213384628,0.028934722766280174
2350,5604,0,23,initiation,0.0,0.6944444179534912
2350,5604,0,35,decrease,0.062018055468797684,0.026076387614011765
2350,5604,0,75,decrease,0.15439999103546143,0.07552777975797653
2350,5604,0,90,initiation,0.0,0.03765833377838135
2350,5604,0,157,decrease,0.08468888700008392,0.042931944131851196
2350,5604,0,237,decrease,0.09241805970668793,0.045108333230018616
2350,5604,0,278,increase,0.009801388718187809,0.022584721446037292
2350,5604,0,290,initiation,0.0,0.05952083319425583
2350,5604,0,601,decrease,0.058633334934711456,0.029274998232722282
2350,5604,0,619,initiation,0.0,0.04816805571317673
2350,5604,0,2321,decrease,0.05195694416761398,0.025741666555404663
2350,5604,0,2336,initiation,0.0,0.03533055633306503
2350,5604,0,2367,decrease,0.03569166734814644,0.018469445407390594
2350,5604,0,2490,decrease,0.05211666598916054,0.025580555200576782
2350,5604,0,2505,initiation,0.0,0.03568055480718613
2350,5604,0,2538,decrease,0.03621527552604675,0.01774861104786396
2350,5604,0,2559,initiation,0.0,0.04262777790427208
2350,5604,0,2626,decrease,0.05246388912200928,0.02590000070631504
2350,5604,1,19,initiation,0.0,0.4861111044883728
2350,5604,1,31,stop,0.07860139012336731,0.0
2350,5604,1,75,decrease,0.09791666269302368,0.04747916758060455
2350,5604,1,87,initiation,0.0,0.07059027254581451
2350,5604,1,460,decrease,0.07018610835075378,0.03432361036539078
2350,5604,1,572,decrease,0.07904721796512604,0.03938889130949974
2350,5604,1,584,increase,0.027161110192537308,0.06715555489063263
2350,5604,1,603,decrease,0.06814583390951157,0.034086111932992935
2350,5604,1,1273,decrease,0.06970000267028809,0.03505972400307655
2350,5604,1,1285,increase,0.029322221875190735,0.09222638607025146
2350,5604,1,1473,decrease,0.08736249804496765,0.04338333383202553
2350,5604,1,1485,initiation,0.0,0.05238194763660431
2350,5604,1,1868,decrease,0.06965555250644684,0.03475555405020714
2350,5604,1,1883,initiation,0.0,0.03985833376646042
2350,5604,1,2032,decrease,0.05160416662693024,0.02596111036837101
2350,5604,1,2067,initiation,0.0,0.05390694737434387
2350,5604,1,2142,decrease,0.05231666564941406,0.0256624985486269
2350,5604,1,2554,decrease,0.06137916445732117,0.030143054202198982
2350,5604,1,2627,decrease,0.07026944309473038,0.034680552780628204
2350,5604,1,2642,initiation,0.0,0.04168055206537247
2350,5604,1,2674,decrease,0.04946666955947876,0.02515694499015808
2350,5604,1,2765,decrease,0.03175416588783264,0.009897221811115742
2350,5604,1,2777,increase,0.021744444966316223,0.05230972170829773
2350,5604,1,2789,stop,0.0547555536031723,0.0
2350,5604,1,2801,initiation,0.0,0.04203472286462784
2350,5604,1,2825,increase,0.011187500320374966,0.031494446098804474
2353,2042,0,40,initiation,0.0,0.36711665987968445
2353,2042,0,52,initiation,0.0,0.09855972230434418
2353,2042,0,181,decrease,0.07138749957084656,0.034736111760139465
2353,2042,0,193,initiation,0.0,0.05644722282886505
2353,2042,0,382,decrease,0.051580555737018585,0.02519305609166622
2353,2042,0,394,initiation,0.0,0.03963611274957657
2353,2042,0,930,decrease,0.04087638854980469,0.02018333226442337
2353,2042,0,1122,decrease,0.03993750363588333,0.019958334043622017
2353,2042,0,1151,decrease,0.06326805800199509,0.03106388822197914
2353,2042,0,1168,initiation,0.0,0.036411114037036896
2353,2042,0,1301,decrease,0.038483332842588425,0.01922222226858139
2353,2042,0,1313,stop,0.05056527629494667,0.0
2353,2042,0,1325,initiation,0.0,0.03791944682598114
2353,2042,0,1524,decrease,0.03881250321865082,0.01854027807712555
2353,2042,1,36,initiation,0.0,0.3609847128391266
2353,2042,1,50,initiation,0.0,0.046448610723018646
2353,2042,1,80,decrease,0.06450416147708893,0.02738194540143013
2353,2042,1,92,increase,0.04878194257616997,0.07834027707576752
2353,2042,1,112,initiation,0.0,0.04957222193479538
2353,2042,1,139,decrease,0.05035416781902313,0.024609722197055817
2353,2042,1,161,increase,0.00936666689813137,0.03321667015552521
2353,2042,1,173,increase,0.03362361341714859,0.15349166095256805
2353,2042,1,185,initiation,0.0,0.08622916042804718
2353,2042,1,234,decrease,0.08187222480773926,0.040647223591804504
2353,2042,1,246,increase,0.043784722685813904,0.10681110620498657
2353,2042,1,259,increase,0.05236666649580002,0.09359444677829742
2353,2042,1,276,decrease,0.09530694037675858,0.04689166694879532
2353,2042,1,356,decrease,0.08671249449253082,0.042750000953674316
2353,2042,1,372,initiation,0.0,0.045076388865709305
2353,2042,1,384,stop,0.06116250157356262,0.0
2353,2042,1,1131,decrease,0.05710833519697189,0.028574999421834946
2353,2042,1,1151,decrease,0.06610555946826935,0.032188888639211655
2353,2042,1,1163,initiation,0.0,0.05583333224058151
2353,2042,1,1301,decrease,0.05734722316265106,0.028386110439896584
2353,2042,1,1313,stop,0.06352639198303223,0.0
2353,2042,1,1497,decrease,0.05745277553796768,0.028401387855410576
2356,2468,0,16,initiation,0.0,0.6944444179534912
2356,2468,0,28,initiation,0.0,0.1321333348751068
2356,2468,0,62,decrease,0.12544722855091095,0.06227083131670952
2356,2468,0,88,decrease,0.15780556201934814,0.0769430547952652
2356,2468,0,123,initiation,0.0,0.10182084143161774
2356,2468,0,135,initiation,0.0,0.10915139317512512
2356,2468,0,153,decrease,0.10740138590335846,0.0531972199678421
2356,2468,0,175,initiation,0.0,0.04079027846455574
2356,2468,0,902,decrease,0.050365276634693146,0.024183334782719612
2356,2468,0,1109,decrease,0.061266668140888214,0.02930000051856041
2356,2468,0,1121,initiation,0.0,0.04020138829946518
2356,2468,0,1655,decrease,0.04666527360677719,0.023112501949071884
2356,2468,0,1675,increase,0.01185416616499424,0.028231944888830185
2356,2468,0,2194,decrease,0.03468472510576248,0.018179167062044144
2356,2468,0,2363,decrease,0.04726944491267204,0.022881945595145226
2356,2468,1,18,initiation,0.0,0.6593083739280701
2356,2468,1,30,initiation,0.0,0.12128888815641403
2356,2468,1,88,decrease,0.10375277698040009,0.05139722302556038
2356,2468,1,125,increase,0.010027777403593063,0.035286109894514084
2356,2468,1,154,decrease,0.039129167795181274,0.01947222277522087
2356,2468,1,166,initiation,0.0,0.06261666864156723
2356,2468,1,271,decrease,0.06131388992071152,0.03146388754248619
2356,2468,1,283,increase,0.0007416666485369205,0.025566667318344116
2356,2468,1,390,decrease,0.09636527299880981,0.04833750054240227
2356,2468,1,404,initiation,0.0,0.04704166576266289
2356,2468,1,417,decrease,0.09685555845499039,0.04840277507901192
2356,2468,1,649,decrease,0.10534444451332092,0.04160972312092781
2356,2468,1,681,decrease,0.11518749594688416,0.04157361015677452
2356,2468,1,1031,decrease,0.12173610925674438,0.06040555611252785
2356,2468,1,1044,initiation,0.0,0.07106389105319977
2356,2468,1,1109,decrease,0.0937763899564743,0.046731945127248764
2356,2468,1,1331,decrease,0.08644860982894897,0.043090276420116425
2356,2468,1,1343,increase,0.030095834285020828,0.07470555603504181
2356,2468,1,1355,initiation,0.0,0.06397221982479095
2356,2468,1,1573,decrease,0.06907916814088821,0.034894444048404694
2356,2468,1,1585,initiation,0.0,0.05842222273349762
2356,2468,1,1736,decrease,0.06937083601951599,0.033897221088409424
2356,2468,1,1748,initiation,0.0,0.057516664266586304
2356,2468,1,1986,decrease,0.060256943106651306,0.02953472174704075
2356,2468,1,1998,initiation,0.0,0.04935694485902786
2356,2468,1,2153,decrease,0.05153749883174896,0.02581110969185829
2356,2468,1,2194,decrease,0.06149861216545105,0.026766665279865265
2356,2468,1,2363,decrease,0.06912916898727417,0.034348610788583755
2385,4017,0,23,initiation,0.0,0.6944444179534912
2385,4017,0,35,initiation,0.0,0.09828472137451172
2385,4017,0,58,decrease,0.1198333352804184,0.05873332917690277
2385,4017,0,70,increase,0.04252638667821884,0.09626389294862747
2385,4017,0,198,decrease,0.07552361488342285,0.03709305822849274
2385,4017,0,216,initiation,0.0,0.03536805510520935
2385,4017,0,320,decrease,0.04462083429098129,0.021900000050663948
2385,4017,0,642,decrease,0.04066527634859085,0.02048194408416748
2385,4017,0,692,decrease,0.05460555478930473,0.026934722438454628
2385,4017,0,706,stop,0.08406388759613037,0.0
2385,4017,0,760,decrease,0.057633332908153534,0.029377778992056847
2385,4017,0,783,decrease,0.07242360711097717,0.03576527535915375
2385,4017,0,802,initiation,0.0,0.03826388716697693
2385,4017,0,875,decrease,0.04115694761276245,0.025170832872390747
2385,4017,0,905,decrease,0.04733611270785332,0.023662500083446503
2385,4017,0,994,decrease,0.05482222139835358,0.027048612013459206
2385,4017,0,1023,initiation,0.0,0.03959999978542328
2385,4017,0,1043,decrease,0.03956388682126999,0.019843054935336113
2385,4017,1,17,initiation,0.0,0.544313907623291
2385,4017,1,31,initiation,0.0,0.07819861173629761
2385,4017,1,57,decrease,0.08365833759307861,0.039763886481523514
2385,4017,1,69,initiation,0.0,0.06542360782623291
2385,4017,1,86,decrease,0.06503333151340485,0.03205416724085808
2385,4017,1,101,decrease,0.05926249921321869,0.014563889242708683
2385,4017,1,120,decrease,0.06388750672340393,0.03155416622757912
2385,4017,1,133,decrease,0.05842222273349762,0.028720835223793983
2385,4017,1,145,increase,0.02027222141623497,0.051301389932632446
2385,4017,1,201,decrease,0.0532652772963047,0.02588750049471855
2385,4017,1,214,decrease,0.06577083468437195,0.032349999994039536
2385,4017,1,419,decrease,0.06627777218818665,0.03256111219525337
2385,4017,1,474,decrease,0.061279166489839554,0.029912501573562622
2385,4017,1,659,decrease,0.05858749896287918,0.028655555099248886
2385,4017,1,671,initiation,0.0,0.085006944835186
2385,4017,1,691,decrease,0.08440972119569778,0.04110972210764885
2385,4017,1,716,initiation,0.0,0.037050001323223114
2385,4017,1,728,stop,0.09211111068725586,0.0
2385,4017,1,782,decrease,0.09167777746915817,0.04506666958332062
2385,4017,1,813,initiation,0.0,0.03593333065509796
2385,4017,1,880,increase,0.028536111116409302,0.04752499982714653
2385,4017,1,915,decrease,0.04745694622397423,0.023341666907072067
2385,4017,1,985,decrease,0.057902779430150986,0.028777776286005974
2385,4017,1,997,stop,0.06591250002384186,0.0
2385,4017,1,1046,decrease,0.09242638945579529,0.04519166424870491
2385,4017,1,1067,initiation,0.0,0.047818053513765335
2385,4017,1,1081,decrease,0.04910416901111603,0.02411111257970333
2385,4017,1,1174,stop,0.06122083216905594,0.0
2426,155,0,30,initiation,0.0,0.6944444179534912
2426,155,0,42,initiation,0.0,0.08479722589254379
2426,155,0,54,decrease,0.32213056087493896,0.16786111891269684
2426,155,0,66,stop,0.21420139074325562,0.0
2426,155,0,90,initiation,0.0,0.06899166107177734
2426,155,0,271,decrease,0.06772777438163757,0.033404167741537094
2426,155,0,289,initiation,0.0,0.03885277733206749
2426,155,0,320,decrease,0.039722222834825516,0.020148610696196556
2426,155,0,332,increase,0.027495834976434708,0.07342222332954407
2426,155,0,646,decrease,0.0640375018119812,0.03170277923345566
2426,155,0,901,decrease,0.062329165637493134,0.03233472257852554
2426,155,0,961,decrease,0.07477083802223206,0.03735138848423958
2426,155,0,978,initiation,0.0,0.03839583322405815
2426,155,0,1033,increase,0.015702776610851288,0.7025833129882812
2426,155,1,30,initiation,0.0,0.4580666720867157
2426,155,1,42,initiation,0.0,0.10983332991600037
2426,155,1,64,decrease,0.10715972632169724,0.05195138603448868
2426,155,1,76,initiation,0.0,0.07429444789886475
2426,155,1,177,decrease,0.07259305566549301,0.02167777717113495
2426,155,1,271,decrease,0.09098471701145172,0.04514722153544426
2426,155,1,287,initiation,0.0,0.046037498861551285
2426,155,1,319,decrease,0.05932777747511864,0.02956249937415123
2426,155,1,331,initiation,0.0,0.0487680546939373
2426,155,1,920,decrease,0.053591664880514145,0.026536112651228905
2426,155,1,932,increase,0.055958330631256104,0.08772361278533936
2426,155,1,1051,decrease,0.08171527087688446,0.03944999724626541
2492,2010,0,162,initiation,0.0,0.6944444179534912
2492,2010,0,174,initiation,0.0,0.08902639150619507
2492,2010,0,191,decrease,0.1400347203016281,0.06861944496631622
2492,2010,0,203,initiation,0.0,0.08891527354717255
2492,2010,0,220,decrease,0.09285417199134827,0.045241668820381165
2492,2010,0,232,initiation,0.0,0.07060138881206512
2492,2010,0,257,decrease,0.06795138865709305,0.03472500294446945
2492,2010,0,277,decrease,0.08329722285270691,0.040768057107925415
2492,2010,0,289,initiation,0.0,0.062380559742450714
2492,2010,0,685,decrease,0.052880559116601944,0.02586388774216175
2492,2010,1,160,initiation,0.0,0.4861111044883728
2492,2010,1,172,initiation,0.0,0.11655694246292114
2492,2010,1,192,decrease,0.10638055205345154,0.04982777684926987
2492,2010,1,227,decrease,0.07738889008760452,0.03797777742147446
2492,2010,1,244,initiation,0.0,0.04193750023841858
2492,2010,1,258,increase,0.023487498983740807,0.06411111354827881
2492,2010,1,270,stop,0.06404583156108856,0.0
2492,2010,1,290,initiation,0.0,0.03532916679978371
2492,2010,1,333,decrease,0.040443055331707,0.02042222209274769
2492,2010,1,349,initiation,0.0,0.03702222555875778
2492,2010,1,589,increase,0.042048610746860504,0.06851249933242798
2492,2010,1,601,increase,0.032458335161209106,0.07107777893543243
2492,2010,1,652,decrease,0.06469305604696274,0.031990278512239456
2492,2010,1,664,initiation,0.0,0.04925833269953728
2492,2010,1,685,decrease,0.050518058240413666,0.024848612025380135
2492,2010,1,697,stop,0.044934723526239395,0.0
2498,1915,0,15,initiation,0.0,0.6944444179534912
2498,1915,0,27,initiation,0.0,0.09439444541931152
2498,1915,0,39,decrease,0.13633054494857788,0.06627222150564194
2498,1915,0,51,initiation,0.0,0.0798138901591301
2498,1915,0,603,decrease,0.05956527590751648,0.029698610305786133
2498,1915,0,615,initiation,0.0,0.036713890731334686
2498,1915,0,650,increase,0.043490275740623474,0.0675249993801117
2498,1915,0,662,initiation,0.0,0.061044443398714066
2498,1915,0,952,decrease,0.05716388672590256,0.02812916785478592
2498,1915,0,964,initiation,0.0,0.035684723407030106
2498,1915,0,1009,decrease,0.041386112570762634,0.020948611199855804
2498,1915,1,15,initiation,0.0,0.32027915120124817
2498,1915,1,27,initiation,0.0,0.09870277345180511
2498,1915,1,39,decrease,0.09543055295944214,0.04618333280086517
2498,1915,1,55,initiation,0.0,0.04087222367525101
2498,1915,1,101,decrease,0.046784721314907074,0.023508334532380104
2498,1915,1,217,initiation,0.0,0.0444486103951931
2498,1915,1,267,decrease,0.07923056185245514,0.03871666640043259
2498,1915,1,279,initiation,0.0,0.044786110520362854
2498,1915,1,627,decrease,0.05592638999223709,0.027719445526599884
2498,1915,1,1010,decrease,0.06516944617033005,0.032136112451553345
2503,589,0,102,initiation,0.0,0.6944444179534912
2503,589,0,114,initiation,0.0,0.05473749712109566
2503,589,0,136,decrease,0.09999443590641022,0.049755558371543884
2503,589,0,553,decrease,0.05510833114385605,0.026887498795986176
2503,589,0,577,increase,0.01092500053346157,0.02829444408416748
2503,589,0,619,increase,0.009265277534723282,0.03160138800740242
2503,589,0,659,decrease,0.03335417062044144,0.016604166477918625
2503,589,1,103,initiation,0.0,0.3737986385822296
2503,589,1,115,initiation,0.0,0.10618610680103302
2503,589,1,136,decrease,0.09495138376951218,0.04565277695655823
2503,589,1,195,increase,0.012779166921973228,0.03477500006556511
2503,589,1,248,decrease,0.08050000667572021,0.039993055164813995
2503,589,1,260,increase,0.02911805547773838,0.06617222726345062
2503,589,1,338,decrease,0.06833194196224213,0.04353611171245575
2503,589,1,594,increase,0.06153472140431404,0.09163889288902283
2503,589,1,606,stop,0.09031805396080017,0.0
2503,589,1,618,initiation,0.0,0.10060416162014008
2503,589,1,659,increase,0.09768055379390717,0.13040000200271606
2503,589,1,671,increase,0.010904166847467422,0.1262083351612091
2503,589,1,704,increase,0.11911805719137192,0.1553722321987152
2503,589,1,775,decrease,0.12931667268276215,0.06404721736907959
2503,589,1,802,initiation,0.0,0.03610416501760483
2530,538,0,24,initiation,0.0,0.5295361280441284
2530,538,0,36,initiation,0.0,0.11386389285326004
2530,538,0,50,decrease,0.11404582858085632,0.05440555512905121
2530,538,0,67,initiation,0.0,0.050058335065841675
2530,538,0,109,decrease,0.05577083304524422,0.02729722112417221
2530,538,0,150,decrease,0.06538471579551697,0.032099999487400055
2530,538,0,213,decrease,0.07221110910177231,0.0355430543422699
2530,538,0,225,initiation,0.0,0.0552208349108696
2530,538,0,237,stop,0.05564305558800697,0.0
2530,538,0,249,increase,0.020661111921072006,0.0528625026345253
2530,538,0,361,decrease,0.05332916975021362,0.026423610746860504
2530,538,0,373,stop,0.0665263831615448,0.0
2530,538,0,385,initiation,0.0,0.06580694764852524
2530,538,0,447,decrease,0.0628083348274231,0.03154861181974411
2530,538,0,459,stop,0.05012638866901398,0.0
2530,538,0,719,decrease,0.05777083337306976,0.028915278613567352
2530,538,0,1216,decrease,0.05576666444540024,0.026915278285741806
2530,538,0,1339,decrease,0.05522638559341431,0.0267083328217268
2530,538,1,21,initiation,0.0,0.4861111044883728
2530,538,1,33,stop,0.08763888478279114,0.0
2530,538,1,45,increase,0.13519445061683655,0.5530486106872559
2530,538,1,69,initiation,0.0,0.04045694321393967
2530,538,1,99,decrease,0.1107819452881813,0.05465972051024437
2530,538,1,116,initiation,0.0,0.05719999969005585
2530,538,1,175,decrease,0.0701611116528511,0.03506527841091156
2530,538,1,214,decrease,0.08199305832386017,0.04052916541695595
2530,538,1,226,increase,0.02837083302438259,0.06925555318593979
2530,538,1,263,decrease,0.07094305753707886,0.035604167729616165
2530,538,1,277,increase,0.08348055183887482,0.1539708375930786
2530,538,1,289,initiation,0.0,0.13259443640708923
2530,538,1,301,increase,0.035955555737018585,0.13671666383743286
2530,538,1,363,decrease,0.128336101770401,0.06433749943971634
2530,538,1,375,stop,0.15230832993984222,0.0
2530,538,1,399,decrease,0.12485416233539581,0.06206944212317467
2530,538,1,422,initiation,0.0,0.038968052715063095
2530,538,1,438,decrease,0.10613333433866501,0.05259028077125549
2530,538,1,804,decrease,0.12505139410495758,0.061747223138809204
2530,538,1,816,initiation,0.0,0.1267722249031067
2530,538,1,896,decrease,0.12598195672035217,0.062086109071969986
2530,538,1,908,initiation,0.0,0.10107361525297165
2530,538,1,1050,decrease,0.1065305545926094,0.05299583449959755
2530,538,1,1129,decrease,0.0972694456577301,0.047995831817388535
2530,538,1,1220,decrease,0.08801388740539551,0.04352777823805809
2530,538,1,1232,increase,0.029608335345983505,0.07621528208255768
2530,538,1,1244,decrease,0.07710416615009308,0.003104166593402624
2530,538,1,1282,decrease,0.08926250040531158,0.044737499207258224
2530,538,1,1302,decrease,0.11179444193840027,0.054988887161016464
2530,538,1,1314,initiation,0.0,0.08631805330514908
2530,538,1,1430,decrease,0.08866250514984131,0.04392361268401146
2573,1879,0,12,stop,0.5322333574295044,0.0
2573,1879,0,25,decrease,0.1565263867378235,0.07614166289567947
2573,1879,0,37,initiation,0.0,0.10058332979679108
2573,1879,0,65,increase,0.09111249446868896,0.1088680624961853
2573,1879,0,78,increase,0.08348194509744644,0.13608194887638092
2573,1879,0,90,initiation,0.0,0.03807638958096504
2573,1879,0,114,decrease,0.0985347181558609,0.04884999990463257
2573,1879,0,130,initiation,0.0,0.04023750126361847
2573,1879,0,192,decrease,0.05062500387430191,0.02464444376528263
2573,1879,0,540,decrease,0.06112777814269066,0.029869444668293
2573,1879,0,562,increase,0.01021250057965517,0.029879165813326836
2573,1879,0,589,decrease,0.03149722144007683,0.015595833770930767
2573,1879,1,12,initiation,0.0,0.10402360558509827
2573,1879,1,24,decrease,0.0991208404302597,0.04677083343267441
2573,1879,1,73,increase,0.018776388838887215,0.051633331924676895
2573,1879,1,85,stop,0.05003472417593002,0.0
2573,1879,1,128,increase,0.013080555945634842,0.04459444433450699
2573,1879,1,223,decrease,0.04832083359360695,0.023968055844306946
2573,1879,1,238,increase,0.013815277256071568,0.03487083315849304
2573,1879,1,589,decrease,0.03823889046907425,0.019112499430775642
2573,1879,1,690,increase,0.012173611670732498,0.04443749785423279
2586,1032,0,34,initiation,0.0,0.6944444179534912
2586,1032,0,46,initiation,0.0,0.0934152752161026
2586,1032,0,58,decrease,0.13565555214881897,0.06589028239250183
2586,1032,0,70,initiation,0.0,0.09932639449834824
2586,1032,0,82,decrease,0.1593305468559265,0.1042499989271164
2586,1032,0,103,increase,0.09734722226858139,0.13554304838180542
2586,1032,0,137,increase,0.09942638874053955,0.11989167332649231
2586,1032,0,149,stop,0.10985000431537628,0.0
2586,1032,0,162,initiation,0.0,0.070270836353302
2586,1032,0,174,decrease,0.10800138115882874,0.08337222039699554
2586,1032,0,196,decrease,0.08316528052091599,0.040348611772060394
2586,1032,0,214,initiation,0.0,0.039998609572649
2586,1032,0,276,increase,0.04576805606484413,0.08686666190624237
2586,1032,0,288,increase,0.0394180528819561,0.05820278078317642
2586,1032,0,307,decrease,0.07079444825649261,0.05818749964237213
2586,1032,0,473,decrease,0.0856861099600792,0.05486249923706055
2586,1032,0,979,decrease,0.06647638976573944,0.031715277582407
2586,1032,0,1055,increase,0.017576389014720917,0.03673194348812103
2586,1032,0,1069,initiation,0.0,0.053595833480358124
2586,1032,0,1127,decrease,0.0623222216963768,0.030415277928113937
2586,1032,0,1163,initiation,0.0,0.08762499690055847
2586,1032,0,1175,initiation,0.0,0.21465972065925598
2586,1032,0,1187,initiation,0.0,0.06885694712400436
2586,1032,0,1201,decrease,0.08769722282886505,0.04283055290579796
2586,1032,1,30,initiation,0.0,0.5555555820465088
2586,1032,1,42,initiation,0.0,0.11343333125114441
2586,1032,1,58,decrease,0.10723888874053955,0.05084861069917679
2586,1032,1,79,initiation,0.0,0.047369442880153656
2586,1032,1,141,decrease,0.07038193941116333,0.03537360951304436
2586,1032,1,153,stop,0.04785694554448128,0.0
2586,1032,1,165,decrease,0.08389027416706085,0.01855972222983837
2586,1032,1,315,decrease,0.12954720854759216,0.10950416326522827
2586,1032,1,466,decrease,0.14272499084472656,0.11480694264173508
2586,1032,1,628,decrease,0.14814722537994385,0.1292930543422699
2586,1032,1,787,increase,0.12321944534778595,0.14281527698040009
2586,1032,1,989,decrease,0.1295013725757599,0.06452222168445587
2586,1032,1,1001,initiation,0.0,0.09308888763189316
2586,1032,1,1188,decrease,0.10393194854259491,0.05147638916969299
2586,1032,1,1214,decrease,0.09157222509384155,0.045948609709739685
2632,665,0,22,initiation,0.0,0.04814305156469345
2632,665,0,50,decrease,0.08955138921737671,0.042677778750658035
2632,665,0,69,decrease,0.10045555233955383,0.05159861221909523
2632,665,0,122,decrease,0.09827639162540436,0.04819999635219574
2632,665,0,134,initiation,0.0,0.06432221829891205
2632,665,0,387,decrease,0.06096527725458145,0.03003888949751854
2632,665,0,399,initiation,0.0,0.03914027661085129
2632,665,0,418,decrease,0.04403194412589073,0.02259027771651745
2632,665,0,650,decrease,0.05898333340883255,0.029076388105750084
2632,665,0,1305,decrease,0.05587083473801613,0.02739444561302662
2632,665,0,1337,increase,0.008554166182875633,0.02166527882218361
2632,665,1,12,initiation,0.0,0.10517361760139465
2632,665,1,56,increase,0.07939444482326508,0.10568472743034363
2632,665,1,77,decrease,0.10114999860525131,0.04974444583058357
2632,665,1,122,decrease,0.1229916661977768,0.06084861233830452
2632,665,1,140,initiation,0.0,0.04689166694879532
2632,665,1,330,decrease,0.07046250253915787,0.04626805707812309
2632,665,1,350,decrease,0.08637361228466034,0.042476389557123184
2632,665,1,363,initiation,0.0,0.04464166611433029
2632,665,1,387,decrease,0.053841665387153625,0.026709724217653275
2632,665,1,399,initiation,0.0,0.03898888826370239
2632,665,1,418,decrease,0.04127222299575806,0.01802361197769642
2632,665,1,563,decrease,0.0706416666507721,0.034668054431676865
2632,665,1,1306,decrease,0.06970416754484177,0.034445833414793015
2632,665,1,1320,stop,0.0491236075758934,0.0
2632,665,1,1332,initiation,0.0,0.03778194636106491
2632,665,1,1356,decrease,0.04169166460633278,0.02083333395421505
2642,1021,0,12,initiation,0.0,0.08942361176013947
2642,1021,0,24,increase,0.011326388455927372,0.15724998712539673
2642,1021,0,44,decrease,0.15051805973052979,0.07239166647195816
2642,1021,0,59,initiation,0.0,0.0760541707277298
2642,1021,0,104,decrease,0.0791972205042839,0.03942638635635376
2642,1021,0,118,initiation,0.0,0.043154165148735046
2642,1021,0,410,decrease,0.04719305783510208,0.024066666141152382
2642,1021,0,1113,decrease,0.052795834839344025,0.025776388123631477
2642,1021,0,1144,increase,0.008238889276981354,0.02117222175002098
2642,1021,0,1156,initiation,0.0,0.03939861059188843
2642,1021,0,1171,increase,0.008275000378489494,0.03244027867913246
2642,1021,0,1183,initiation,0.0,0.11822500824928284
2642,1021,0,1202,decrease,0.11564166098833084,0.05645138770341873
2642,1021,1,12,stop,1.1111111640930176,0.0
2642,1021,1,44,decrease,0.12003055214881897,0.05842916667461395
2642,1021,1,56,initiation,0.0,0.08502361178398132
2642,1021,1,131,increase,0.08187916874885559,0.25391942262649536
2642,1021,1,143,initiation,0.0,0.15099583566188812
2642,1021,1,188,decrease,0.13749998807907104,0.06809721887111664
2642,1021,1,200,initiation,0.0,0.10742221772670746
2642,1021,1,212,stop,0.10820832848548889,0.0
2642,1021,1,410,decrease,0.10117638111114502,0.05073055624961853
2642,1021,1,746,decrease,0.11323750019073486,0.05591249838471413
2642,1021,1,758,initiation,0.0,0.08171111345291138
2642,1021,1,867,decrease,0.0906125009059906,0.04412500187754631
2642,1021,1,1112,decrease,0.08947639167308807,0.044955555349588394
2642,1021,1,1124,initiation,0.0,0.05407916381955147
2642,1021,1,1203,decrease,0.06895555555820465,0.034477777779102325
2650,4602,0,102,initiation,0.0,0.3312986195087433
2650,4602,0,114,initiation,0.0,0.0952138900756836
2650,4602,0,131,decrease,0.09218888729810715,0.045787498354911804
2650,4602,0,146,initiation,0.0,0.04671110957860947
2650,4602,0,259,decrease,0.045738887041807175,0.023172222077846527
2650,4602,0,271,initiation,0.0,0.07475833594799042
2650,4602,0,582,decrease,0.05776944383978844,0.02822638861835003
2650,4602,1,94,initiation,0.0,0.5555555820465088
2650,4602,1,108,initiation,0.0,0.04836110770702362
2650,4602,1,131,decrease,0.08620277792215347,0.042193055152893066
2650,4602,1,158,decrease,0.07130555808544159,0.03560972213745117
2650,4602,1,170,initiation,0.0,0.0603874996304512
2650,4602,1,220,decrease,0.06465694308280945,0.03217916935682297
2650,4602,1,258,decrease,0.06921111047267914,0.034223612397909164
2650,4602,1,270,initiation,0.0,0.15912359952926636
2650,4602,1,283,stop,0.05988611280918121,0.0
2650,4602,1,466,decrease,0.05290555953979492,0.026151388883590698
2650,4602,1,510,decrease,0.04952916502952576,0.024243054911494255
2650,4602,1,522,increase,0.01762361079454422,0.04376527667045593
2650,4602,1,583,decrease,0.04510138928890228,0.022113889455795288
2650,4602,1,596,decrease,0.07198194414377213,0.018833333626389503
2650,4602,1,624,increase,0.008033333346247673,0.026706945151090622
2653,3480,0,54,initiation,0.0,0.06160278245806694
2653,3480,0,67,decrease,0.11879999935626984,0.057002779096364975
2653,3480,0,85,initiation,0.0,0.05292777717113495
2653,3480,0,205,decrease,0.049481943249702454,0.02509305439889431
2653,3480,0,252,increase,0.010769444517791271,0.03052361123263836
2653,3480,0,313,decrease,0.032927777618169785,0.01650138758122921
2653,3480,0,325,increase,0.00559305539354682,0.05782777816057205
2653,3480,0,426,decrease,0.05244166776537895,0.025729166343808174
2653,3480,0,579,decrease,0.04673472046852112,0.02266249991953373
2653,3480,0,645,decrease,0.02347777783870697,0.0013083332451060414
2653,3480,0,1101,decrease,0.03252500295639038,0.01571805588901043
2653,3480,0,1115,increase,0.011590277776122093,0.02527083456516266
2653,3480,0,1129,decrease,0.02520972117781639,0.012394444085657597
2653,3480,0,1646,decrease,0.024155553430318832,0.011848611757159233
2653,3480,1,153,increase,0.013268056325614452,0.03295694291591644
2653,3480,1,178,initiation,0.0,0.04568333178758621
2653,3480,1,225,decrease,0.05591527372598648,0.027516666799783707
2653,3480,1,237,initiation,0.0,0.045872218906879425
2653,3480,1,254,decrease,0.04596249759197235,0.022348610684275627
2653,3480,1,448,initiation,0.0,0.04455555975437164
2653,3480,1,575,decrease,0.08247639238834381,0.04130416736006737
2653,3480,1,626,initiation,0.0,0.05161944776773453
2653,3480,1,639,initiation,0.0,0.04529861360788345
2653,3480,1,651,initiation,0.0,0.0663958340883255
2653,3480,1,708,decrease,0.06265972554683685,0.03092638961970806
2653,3480,1,780,initiation,0.0,0.049081943929195404
2653,3480,1,828,decrease,0.04677361249923706,0.023133333772420883
2653,3480,1,1156,increase,0.00044583334238268435,0.034422218799591064
2653,3480,1,1761,increase,0.01666666753590107,0.0416666679084301
2675,3317,0,19,initiation,0.0,0.10532638430595398
2675,3317,0,31,stop,0.1764499992132187,0.0
2675,3317,0,43,initiation,0.0,0.05069722235202789
2675,3317,0,107,decrease,0.09798333048820496,0.048116669058799744
2675,3317,0,119,initiation,0.0,0.07660138607025146
2675,3317,0,177,increase,0.07292500138282776,0.09251527488231659
2675,3317,0,189,increase,0.0484597273170948,0.08915833383798599
2675,3317,0,222,decrease,0.08689860999584198,0.04266111180186272
2675,3317,0,256,decrease,0.10077083110809326,0.07514721900224686
2675,3317,0,279,decrease,0.11578749865293503,0.056361112743616104
2675,3317,0,292,initiation,0.0,0.06442360579967499
2675,3317,0,306,initiation,0.0,0.051794447004795074
2675,3317,0,564,decrease,0.06214860826730728,0.029908332973718643
2675,3317,0,984,decrease,0.06014583259820938,0.029738890007138252
2675,3317,0,996,initiation,0.0,0.044708333909511566
2675,3317,0,1008,increase,0.019540278241038322,0.04178749769926071
2675,3317,0,1030,decrease,0.04251944273710251,0.020940277725458145
2675,3317,1,16,initiation,0.0,0.08627083152532578
2675,3317,1,44,decrease,0.10087361186742783,0.04870416969060898
2675,3317,1,85,decrease,0.0846930593252182,0.04229722172021866
2675,3317,1,97,increase,0.030452778562903404,0.07146666944026947
2675,3317,1,175,increase,0.07370000332593918,0.12292639166116714
2675,3317,1,187,initiation,0.0,0.09875278174877167
2675,3317,1,226,decrease,0.10664166510105133,0.0565805584192276
2675,3317,1,239,increase,0.10333056002855301,0.12334445118904114
2675,3317,1,252,decrease,0.1148708313703537,0.092819444835186
2675,3317,1,264,increase,0.05107499659061432,0.11186666786670685
2675,3317,1,278,decrease,0.1261138916015625,0.061669446527957916
2675,3317,1,290,initiation,0.0,0.09610971808433533
2675,3317,1,302,stop,0.04839999973773956,0.0
2675,3317,1,318,decrease,0.07595833390951157,0.03709583356976509
2675,3317,1,330,increase,0.027556944638490677,0.06612639129161835
2675,3317,1,351,increase,0.05438472330570221,0.08282361179590225
2675,3317,1,389,decrease,0.0829569399356842,0.040631942451000214
2675,3317,1,401,increase,0.028381943702697754,0.06967638432979584
2675,3317,1,522,decrease,0.07285694777965546,0.03585138916969299
2675,3317,1,535,increase,0.024194445461034775,0.057895831763744354
2675,3317,1,619,decrease,0.06348472833633423,0.03979305550456047
2675,3317,1,1050,decrease,0.07254861295223236,0.035733334720134735
2678,5674,0,12,initiation,0.0,0.0998736172914505
2678,5674,0,24,increase,0.0785013884305954,0.11735555529594421
2678,5674,0,38,initiation,0.0,0.1185208335518837
2678,5674,0,50,increase,0.05455416440963745,0.08630972355604172
2678,5674,0,87,decrease,0.08028194308280945,0.03917638957500458
2678,5674,0,99,initiation,0.0,0.06348194181919098
2678,5674,0,180,decrease,0.057894445955753326,0.028808334842324257
2678,5674,0,195,initiation,0.0,0.04893333092331886
2678,5674,0,238,decrease,0.05431666597723961,0.027319444343447685
2678,5674,0,272,decrease,0.06534722447395325,0.03204166516661644
2678,5674,0,284,initiation,0.0,0.05075833201408386
2678,5674,0,647,decrease,0.048976391553878784,0.02436111308634281
2678,5674,1,12,increase,0.06086944416165352,0.10716944932937622
2678,5674,1,25,decrease,0.10103611648082733,0.04686666652560234
2678,5674,1,41,initiation,0.0,0.03954305499792099
2678,5674,1,172,decrease,0.04788333177566528,0.02313888818025589
2678,5674,1,184,increase,0.026149999350309372,0.10328333079814911
2678,5674,1,196,initiation,0.0,0.0829361081123352
2678,5674,1,660,decrease,0.07851527631282806,0.038693055510520935
2678,5674,1,742,decrease,0.037118054926395416,0.01835416629910469
2687,5193,0,18,initiation,0.0,0.40224725008010864
2687,5193,0,30,initiation,0.0,0.09142638742923737
2687,5193,0,69,decrease,0.09069722145795822,0.0431777760386467
2687,5193,0,82,initiation,0.0,0.05402082949876785
2687,5193,0,113,decrease,0.056670837104320526,0.02362777665257454
2687,5193,0,149,decrease,0.07709166407585144,0.038063887506723404
2687,5193,0,163,initiation,0.0,0.04197639226913452
2687,5193,0,265,decrease,0.05121944472193718,0.031081946566700935
2687,5193,0,295,decrease,0.05650972202420235,0.029652778059244156
2687,5193,0,512,decrease,0.05656249821186066,0.02761666849255562
2687,5193,1,18,initiation,0.0,0.3238736093044281
2687,5193,1,32,initiation,0.0,0.05081527680158615
2687,5193,1,69,decrease,0.06477360427379608,0.0317208357155323
2687,5193,1,194,initiation,0.0,0.036876387894153595
2687,5193,1,221,decrease,0.04725972190499306,0.01805138774216175
2687,5193,1,233,increase,0.03350694477558136,0.06460417062044144
2687,5193,1,295,decrease,0.06044305860996246,0.030484721064567566
2687,5193,1,342,decrease,0.06414583325386047,0.03204027935862541
2687,5193,1,354,initiation,0.0,0.04401528090238571
2687,5193,1,514,decrease,0.05205555260181427,0.025663889944553375
2708,6022,0,23,initiation,0.0,0.6944444179534912
2708,6022,0,35,initiation,0.0,0.09980972111225128
2708,6022,0,49,decrease,0.1397152841091156,0.06731666624546051
2708,6022,0,84,decrease,0.1736319363117218,0.08407222479581833
2708,6022,0,117,initiation,0.0,0.03884583339095116
2708,6022,0,129,stop,0.047483332455158234,0.0
2708,6022,0,141,increase,0.0323847196996212,0.08704999834299088
2708,6022,0,163,decrease,0.08587083220481873,0.04028055816888809
2708,6022,0,175,increase,0.06451249867677689,0.08598610758781433
2708,6022,0,187,decrease,0.14315277338027954,0.0704430565237999
2708,6022,0,206,initiation,0.0,0.06927916407585144
2708,6022,0,218,increase,0.07417222112417221,0.29883888363838196
2708,6022,0,230,increase,0.0939069464802742,0.1532486081123352
2708,6022,0,242,initiation,0.0,0.12933611869812012
2708,6022,0,256,decrease,0.13065555691719055,0.06378471851348877
2708,6022,0,268,initiation,0.0,0.1043500006198883
2708,6022,0,287,initiation,0.0,0.054766666144132614
2708,6022,0,315,decrease,0.06500277668237686,0.0318305529654026
2708,6022,0,327,initiation,0.0,0.04200971871614456
2708,6022,0,345,decrease,0.04693194478750229,0.02377638779580593
2708,6022,0,357,decrease,0.28310278058052063,0.022381944581866264
2708,6022,0,405,decrease,0.14087222516536713,0.06961528211832047
2708,6022,0,424,initiation,0.0,0.06933750212192535
2708,6022,0,438,decrease,0.13726389408111572,0.06616389006376266
2708,6022,0,450,increase,0.05325416475534439,0.11411666870117188
2708,6022,0,518,decrease,0.11113055050373077,0.053934723138809204
2708,6022,0,624,decrease,0.12400555610656738,0.06101388856768608
2708,6022,0,636,increase,0.04578610882163048,0.10097222030162811
2708,6022,0,682,decrease,0.1036124974489212,0.05060555785894394
2708,6022,0,792,decrease,0.11895278096199036,0.05791666731238365
2708,6022,0,811,initiation,0.0,0.05628611147403717
2708,6022,0,856,decrease,0.07020833343267441,0.035277776420116425
2708,6022,0,977,decrease,0.07150556147098541,0.035099998116493225
2708,6022,0,1005,decrease,0.06563888490200043,0.031918056309223175
2708,6022,0,1086,decrease,0.09117361158132553,0.045226387679576874
2708,6022,0,1098,initiation,0.0,0.07169860601425171
2708,6022,0,1189,decrease,0.0723361074924469,0.037719447165727615
2708,6022,0,1387,decrease,0.08799999952316284,0.042488887906074524
2708,6022,0,1399,initiation,0.0,0.07089583575725555
2708,6022,0,1466,decrease,0.07376110553741455,0.03611944615840912
2708,6022,0,1580,decrease,0.07468472421169281,0.036787498742341995
2708,6022,0,1593,initiation,0.0,0.04708889126777649
2708,6022,0,1770,decrease,0.058512501418590546,0.028562501072883606
2708,6022,1,23,initiation,0.0,0.5555555820465088
2708,6022,1,35,initiation,0.0,0.16169999539852142
2708,6022,1,85,decrease,0.12485139071941376,0.061031945049762726
2708,6022,1,99,stop,0.03869583457708359,0.0
2708,6022,1,155,decrease,0.03889305517077446,0.019708333536982536
2708,6022,1,182,decrease,0.057693056762218475,0.028409721329808235
2708,6022,1,219,decrease,0.07090972363948822,0.03551249951124191
2708,6022,1,231,stop,0.12636806070804596,0.0
2708,6022,1,243,initiation,0.0,0.09292083233594894
2708,6022,1,257,decrease,0.09310416877269745,0.045819446444511414
2708,6022,1,269,increase,0.031009722501039505,0.0754736065864563
2708,6022,1,281,initiation,0.0,0.06020833179354668
2708,6022,1,299,decrease,0.06319444626569748,0.03162222355604172
2708,6022,1,311,initiation,0.0,0.04904722422361374
2708,6022,1,352,increase,0.05465555563569069,0.1689305603504181
2708,6022,1,364,initiation,0.0,0.13635000586509705
2708,6022,1,381,initiation,0.0,0.06863610446453094
2708,6022,1,523,decrease,0.07947777956724167,0.03951944410800934
2708,6022,1,535,increase,0.022583333775401115,0.11039166152477264
2708,6022,1,598,decrease,0.10362638533115387,0.051079168915748596
2708,6022,1,610,initiation,0.0,0.07004722207784653
2708,6022,1,661,decrease,0.07764860987663269,0.03840555623173714
2708,6022,1,802,increase,0.09737083315849304,0.11973333358764648
2708,6022,1,958,decrease,0.11339722573757172,0.05613333359360695
2708,6022,1,1004,decrease,0.10751666128635406,0.057318057864904404
2708,6022,1,1016,initiation,0.0,0.08066527545452118
2708,6022,1,1095,increase,0.0726972222328186,0.10612638294696808
2708,6022,1,1176,increase,0.08943194150924683,0.11918056011199951
2708,6022,1,1256,decrease,0.11324305832386017,0.05567777901887894
2708,6022,1,1387,decrease,0.11308333277702332,0.055816665291786194
2708,6022,1,1462,decrease,0.10055693984031677,0.0501277782022953
2708,6022,1,1589,increase,0.09131389111280441,0.11844583600759506
2708,6022,1,1601,stop,0.117145836353302,0.0
2708,6022,1,1613,initiation,0.0,0.058795832097530365
2708,6022,1,1672,decrease,0.07619166374206543,0.03795972093939781
2708,6022,1,1684,initiation,0.0,0.061065275222063065
2708,6022,1,1770,decrease,0.07225693762302399,0.035701390355825424
2732,5057,0,18,initiation,0.0,0.6944444179534912
2732,5057,0,30,initiation,0.0,0.1026763916015625
2732,5057,0,98,decrease,0.09829583764076233,0.048297218978405
2732,5057,0,110,initiation,0.0,0.07950277626514435
2732,5057,0,262,decrease,0.06584861129522324,0.03385277837514877
2732,5057,0,507,decrease,0.06983888149261475,0.0347694456577301
2732,5057,0,524,initiation,0.0,0.03768055513501167
2732,5057,0,675,decrease,0.04648333042860031,0.02349444478750229
2732,5057,0,692,increase,0.015043055638670921,0.031975001096725464
2732,5057,0,813,decrease,0.02544444426894188,0.012973610311746597
2732,5057,1,18,initiation,0.0,0.03886805474758148
2732,5057,1,30,initiation,0.0,0.10163889080286026
2732,5057,1,98,decrease,0.07945972681045532,0.039315275847911835
2732,5057,1,195,decrease,0.034816667437553406,0.015426388941705227
2732,5057,1,509,decrease,0.07209999859333038,0.03570833057165146
2732,5057,1,684,increase,0.0779472216963768,0.1087736114859581
2732,5057,1,709,increase,0.09203332662582397,0.12037777900695801
2732,5057,1,813,decrease,0.11440277844667435,0.057051386684179306
2742,5228,0,45,stop,0.08249861001968384,0.0
2742,5228,0,74,decrease,0.10151111334562302,0.049315277487039566
2742,5228,0,94,initiation,0.0,0.03738750144839287
2742,5228,0,131,decrease,0.04037083312869072,0.020015278831124306
2742,5228,0,376,decrease,0.046247221529483795,0.020919444039463997
2742,5228,0,434,decrease,0.06899721920490265,0.034066665917634964
2742,5228,0,448,initiation,0.0,0.0365472212433815
2742,5228,0,485,decrease,0.0423097237944603,0.021602777764201164
2742,5228,0,499,decrease,0.05601944401860237,0.027766667306423187
2742,5228,0,511,initiation,0.0,0.04267916828393936
2742,5228,0,566,decrease,0.042774997651576996,0.021084722131490707
2742,5228,0,583,increase,0.011272222734987736,0.02994583174586296
2742,5228,0,630,decrease,0.0313180573284626,0.015631943941116333
2742,5228,0,642,increase,0.028752777725458145,0.05767083540558815
2742,5228,0,711,decrease,0.055137500166893005,0.027088887989521027
2742,5228,0,734,increase,0.010329166427254677,0.027901388704776764
2742,5228,0,870,decrease,0.03097083419561386,0.009513888508081436
2742,5228,0,883,decrease,0.04519721865653992,0.022509723901748657
2742,5228,0,895,decrease,0.05768749862909317,0.028888888657093048
2742,5228,0,948,decrease,0.06708194315433502,0.032455556094646454
2742,5228,0,964,initiation,0.0,0.03751666843891144
2742,5228,0,1307,decrease,0.04033750295639038,0.01946111209690571
2742,5228,0,1319,increase,0.04219444468617439,0.06886667013168335
2742,5228,0,1344,decrease,0.06698472052812576,0.0330069437623024
2742,5228,0,1356,initiation,0.0,0.04974861443042755
2742,5228,0,1452,decrease,0.048819445073604584,0.02375694364309311
2742,5228,1,46,stop,0.1555444449186325,0.0
2742,5228,1,73,decrease,0.0758499950170517,0.03662916645407677
2742,5228,1,93,initiation,0.0,0.038187503814697266
2742,5228,1,105,stop,0.03900139033794403,0.0
2742,5228,1,384,initiation,0.0,0.037793055176734924
2742,5228,1,475,decrease,0.02431805431842804,0.0028319444973021746
2742,5228,1,497,initiation,0.0,0.07086250185966492
2742,5228,1,531,decrease,0.07878610491752625,0.03902222216129303
2742,5228,1,548,initiation,0.0,0.03894583508372307
2742,5228,1,680,increase,0.005800000391900539,0.026133332401514053
2742,5228,1,823,initiation,0.0,0.03662361204624176
2742,5228,1,889,increase,0.01674305647611618,0.0431152768433094
2742,5228,1,901,increase,0.021954167634248734,0.05419027805328369
2742,5228,1,948,decrease,0.05025416612625122,0.024962499737739563
2742,5228,1,960,initiation,0.0,0.03911111131310463
2742,5228,1,1103,decrease,0.04119722172617912,0.020194444805383682
2742,5228,1,1466,increase,0.008412499912083149,0.028149999678134918
2744,1078,0,20,initiation,0.0,0.0533333346247673
2744,1078,0,99,initiation,0.0,0.6944444179534912
2744,1078,0,111,initiation,0.0,0.07212222367525101
2744,1078,0,170,decrease,0.12023472785949707,0.058290280401706696
2744,1078,0,187,initiation,0.0,0.056115277111530304
2744,1078,0,254,decrease,0.062316667288541794,0.030937500298023224
2744,1078,0,266,increase,0.029661111533641815,0.12412916123867035
2744,1078,0,312,decrease,0.11394166946411133,0.055779166519641876
2744,1078,0,452,increase,0.027695834636688232,0.229448601603508
2744,1078,0,464,initiation,0.0,0.09127360582351685
2744,1078,0,491,decrease,0.08912500739097595,0.04385833069682121
2744,1078,0,515,decrease,0.1009763851761818,0.049772221595048904
2744,1078,0,536,initiation,0.0,0.07258889079093933
2744,1078,0,554,decrease,0.0788416713476181,0.038724999874830246
2744,1078,0,566,initiation,0.0,0.0628402829170227
2744,1078,0,697,decrease,0.06233472377061844,0.030962498858571053
2744,1078,0,723,increase,0.012770832516252995,0.031694445759058
2744,1078,0,820,decrease,0.03790000081062317,0.019211111590266228
2744,1078,0,1191,decrease,0.05088749900460243,0.0254638884216547
2744,1078,0,1203,initiation,0.0,0.040890276432037354
2744,1078,0,1300,increase,0.04318471997976303,0.05591527372598648
2744,1078,0,1312,increase,0.01547361072152853,0.05279027670621872
2744,1078,0,1509,decrease,0.05017777904868126,0.024634720757603645
2744,1078,0,1527,increase,0.014011111110448837,0.034547220915555954
2744,1078,1,98,initiation,0.0,0.4843180775642395
2744,1078,1,110,initiation,0.0,0.05553888529539108
2744,1078,1,169,decrease,0.07900694012641907,0.03880000114440918
2744,1078,1,455,stop,0.03692222386598587,0.0
2744,1078,1,467,increase,0.03021666780114174,0.06015000119805336
2744,1078,1,491,decrease,0.0585625022649765,0.029280556365847588
2744,1078,1,503,increase,0.007086111232638359,0.10751388967037201
2744,1078,1,531,initiation,0.0,0.0743444412946701
2744,1078,1,553,decrease,0.09356527030467987,0.046683333814144135
2744,1078,1,565,initiation,0.0,0.06140972301363945
2744,1078,1,668,decrease,0.07394444942474365,0.035854168236255646
2744,1078,1,680,initiation,0.0,0.058912500739097595
2744,1078,1,699,decrease,0.05996527895331383,0.029815277084708214
2744,1078,1,711,increase,0.016223611310124397,0.09940972179174423
2744,1078,1,820,decrease,0.0924166664481163,0.046505555510520935
2744,1078,1,1042,decrease,0.10144444555044174,0.06175555661320686
2744,1078,1,1065,decrease,0.1248277798295021,0.06154860928654671
2744,1078,1,1079,initiation,0.0,0.041341666132211685
2744,1078,1,1109,decrease,0.09927500039339066,0.05049305409193039
2744,1078,1,1163,decrease,0.12162083387374878,0.0586513876914978
2744,1078,1,1191,decrease,0.10909999907016754,0.05322916805744171
2744,1078,1,1301,decrease,0.10074444115161896,0.04994305595755577
2744,1078,1,1579,decrease,0.09189306199550629,0.04529166594147682
2750,5563,0,34,initiation,0.0,0.5779194235801697
2750,5563,0,46,initiation,0.0,0.07980555295944214
2750,5563,0,75,decrease,0.10268055647611618,0.05172083154320717
2750,5563,0,173,decrease,0.11178334057331085,0.053913891315460205
2750,5563,0,383,initiation,0.0,0.045434724539518356
2750,5563,0,395,decrease,0.027259724214673042,0.005262500140815973
2750,5563,0,869,decrease,0.055558331310749054,0.02678472176194191
2750,5563,1,34,initiation,0.0,0.38155969977378845
2750,5563,1,47,initiation,0.0,0.06734583526849747
2750,5563,1,72,decrease,0.07749167084693909,0.03721805661916733
2750,5563,1,88,initiation,0.0,0.037768054753541946
2750,5563,1,174,decrease,0.04690694063901901,0.02306527830660343
2750,5563,1,186,initiation,0.0,0.03803610801696777
2750,5563,1,870,decrease,0.04144027829170227,0.02044583298265934
2763,3346,0,35,initiation,0.0,0.6481930613517761
2763,3346,0,47,initiation,0.0,0.10530555248260498
2763,3346,0,66,decrease,0.10935278236865997,0.05325833335518837
2763,3346,0,78,initiation,0.0,0.06570138782262802
2763,3346,0,204,decrease,0.058726392686367035,0.02913055755198002
2763,3346,0,296,decrease,0.06634305417537689,0.03225833177566528
2763,3346,0,315,initiation,0.0,0.03524027764797211
2763,3346,0,549,decrease,0.04018888622522354,0.020075000822544098
2763,3346,1,31,initiation,0.0,0.5205305814743042
2763,3346,1,43,initiation,0.0,0.13507360219955444
2763,3346,1,74,decrease,0.10911944508552551,0.054322220385074615
2763,3346,1,86,decrease,0.17026250064373016,0.08423611521720886
2763,3346,1,106,initiation,0.0,0.04729027673602104
2763,3346,1,209,increase,0.06891666352748871,0.08861805498600006
2763,3346,1,296,decrease,0.08174027502536774,0.040065277367830276
2763,3346,1,308,increase,0.02714722231030464,0.06387361139059067
2763,3346,1,329,initiation,0.0,0.035495832562446594
2763,3346,1,634,decrease,0.04549860954284668,0.022820832207798958
2779,4230,0,100,initiation,0.0,0.03943472355604172
2779,4230,0,119,decrease,0.09803611040115356,0.04817777872085571
2779,4230,0,131,initiation,0.0,0.07701528072357178
2779,4230,0,243,decrease,0.062162499874830246,0.02030416764318943
2779,4230,0,353,decrease,0.06629861146211624,0.03219166770577431
2779,4230,0,372,initiation,0.0,0.03550694137811661
2779,4230,0,417,increase,0.03836944326758385,0.08038750290870667
2779,4230,0,429,initiation,0.0,0.047631941735744476
2779,4230,0,556,decrease,0.05259721726179123,0.02618749998509884
2779,4230,0,569,decrease,0.04714027792215347,0.02313472144305706
2779,4230,0,594,increase,0.010416666977107525,0.023416666314005852
2779,4230,0,657,decrease,0.02673611044883728,0.01335833314806223
2779,4230,1,95,initiation,0.0,0.052654165774583817
2779,4230,1,108,decrease,0.1131972223520279,0.05497777834534645
2779,4230,1,150,increase,0.011447221972048283,0.03076944500207901
2779,4230,1,357,stop,0.03644305467605591,0.0
2779,4230,1,658,decrease,0.045068055391311646,0.022443056106567383
2794,5274,0,12,stop,0.4522263705730438,0.0
2794,5274,0,216,decrease,0.09400971978902817,0.04601805657148361
2794,5274,0,228,initiation,0.0,0.07472638785839081
2794,5274,0,250,decrease,0.07434861361980438,0.03662777692079544
2794,5274,0,262,initiation,0.0,0.05706111341714859
2794,5274,0,300,decrease,0.05806805565953255,0.028643054887652397
2794,5274,0,312,initiation,0.0,0.038708336651325226
2794,5274,0,342,decrease,0.04183749854564667,0.021022221073508263
2794,5274,0,395,decrease,0.06106944382190704,0.03276250138878822
2794,5274,0,439,decrease,0.07782639563083649,0.046950001269578934
2794,5274,0,593,decrease,0.07984166592359543,0.03972083330154419
2794,5274,0,631,decrease,0.07668055593967438,0.03855138644576073
2794,5274,0,644,decrease,0.08819583058357239,0.04210416600108147
2794,5274,0,665,decrease,0.07662500441074371,0.037308331578969955
2794,5274,0,678,decrease,0.06784583628177643,0.03315555676817894
2794,5274,0,690,initiation,0.0,0.048262499272823334
2794,5274,0,721,decrease,0.05180416628718376,0.025484723970294
2794,5274,0,733,initiation,0.0,0.04173889011144638
2794,5274,0,758,decrease,0.04380694404244423,0.02171805500984192
2794,5274,1,12,initiation,0.0,0.11205694079399109
2794,5274,1,36,decrease,0.10124583542346954,0.048822224140167236
2794,5274,1,53,initiation,0.0,0.04306666553020477
2794,5274,1,77,decrease,0.051222220063209534,0.02506805583834648
2794,5274,1,96,increase,0.011641666293144226,0.03211527690291405
2794,5274,1,218,decrease,0.03770972043275833,0.01901249960064888
2794,5274,1,252,decrease,0.05587916821241379,0.0276652779430151
2794,5274,1,319,decrease,0.06420277804136276,0.03186805546283722
2794,5274,1,342,decrease,0.05549583211541176,0.025122221559286118
2794,5274,1,357,increase,0.07291388511657715,0.0933111160993576
2794,5274,1,401,increase,0.07821805775165558,0.09970277547836304
2794,5274,1,545,decrease,0.0948638916015625,0.047276392579078674
2794,5274,1,803,decrease,0.08414305746555328,0.0410236120223999
2797,5893,0,18,initiation,0.0,0.617983341217041
2797,5893,0,51,initiation,0.0,0.05096527561545372
2797,5893,0,86,decrease,0.043876390904188156,0.02200833335518837
2797,5893,0,118,decrease,0.050631944090127945,0.017630556598305702
2797,5893,0,142,decrease,0.05869166925549507,0.028987500816583633
2797,5893,0,215,decrease,0.06037222221493721,0.02938472107052803
2797,5893,0,231,initiation,0.0,0.036775000393390656
2797,5893,0,249,decrease,0.03695138543844223,0.018181944265961647
2797,5893,0,268,increase,0.00974444393068552,0.024609722197055817
2797,5893,0,296,decrease,0.027550000697374344,0.013359722681343555
2797,5893,0,335,increase,0.009319444186985493,0.025386109948158264
2797,5893,0,348,increase,0.01161388959735632,0.03359444439411163
2797,5893,0,546,decrease,0.03326111286878586,0.015865277498960495
2797,5893,0,673,decrease,0.0369291678071022,0.01834999956190586
2797,5893,0,832,decrease,0.043279167264699936,0.021141666918992996
2797,5893,0,847,increase,0.013790277764201164,0.03239305317401886
2797,5893,0,1197,decrease,0.0343666672706604,0.016604166477918625
2797,5893,0,1214,increase,0.009445833042263985,0.023525001481175423
2797,5893,0,1232,decrease,0.024126388132572174,0.011795833706855774
2797,5893,0,1924,decrease,0.03292916715145111,0.01623888872563839
2797,5893,0,1996,increase,0.001863888930529356,0.014545833691954613
2797,5893,0,2102,initiation,0.0,0.25754445791244507
2797,5893,1,23,initiation,0.0,0.058597221970558167
2797,5893,1,35,increase,0.018484722822904587,0.07983610779047012
2797,5893,1,57,initiation,0.0,0.03811666741967201
2797,5893,1,84,decrease,0.04424166679382324,0.022098612040281296
2797,5893,1,96,initiation,0.0,0.03771389275789261
2797,5893,1,108,stop,0.03817777708172798,0.0
2797,5893,1,126,increase,0.0073958332650363445,0.03955555707216263
2797,5893,1,235,decrease,0.0391722209751606,0.019308334216475487
2797,5893,1,261,initiation,0.0,0.05427221953868866
2797,5893,1,557,decrease,0.052376389503479004,0.025926388800144196
2797,5893,1,569,stop,0.06202222406864166,0.0
2797,5893,1,581,initiation,0.0,0.050979167222976685
2797,5893,1,593,decrease,0.05190694332122803,0.0117083340883255
2797,5893,1,607,increase,0.029794443398714066,0.0676874965429306
2797,5893,1,668,decrease,0.06551110744476318,0.03294305503368378
2797,5893,1,775,decrease,0.07189999520778656,0.035616666078567505
2797,5893,1,791,initiation,0.0,0.0373944453895092
2797,5893,1,803,decrease,0.04919722303748131,0.029163887724280357
2797,5893,1,825,decrease,0.06542222201824188,0.012404166162014008
2797,5893,1,875,decrease,0.07929166406393051,0.039323609322309494
2797,5893,1,1001,decrease,0.07203888893127441,0.03523194417357445
2797,5893,1,1013,decrease,0.08016666769981384,0.039281945675611496
2797,5893,1,1065,decrease,0.08539167046546936,0.04218194633722305
2797,5893,1,1079,decrease,0.07819999754428864,0.03816111013293266
2797,5893,1,1091,increase,0.029895832762122154,0.06897500157356262
2797,5893,1,1152,decrease,0.07130832970142365,0.03525000065565109
2797,5893,1,1164,initiation,0.0,0.061245836317539215
2797,5893,1,1176,stop,0.062448613345623016,0.0
2797,5893,1,1188,decrease,0.07771527767181396,0.003783333348110318
2797,5893,1,1230,decrease,0.0854777842760086,0.042108334600925446
2797,5893,1,1342,decrease,0.07837916910648346,0.03869166597723961
2797,5893,1,1357,initiation,0.0,0.0407777763903141
2797,5893,1,1389,increase,0.011622222140431404,0.034575000405311584
2797,5893,1,1422,stop,0.037062495946884155,0.0
2797,5893,1,1439,decrease,0.05294444411993027,0.026366665959358215
2797,5893,1,1451,initiation,0.0,0.061149999499320984
2797,5893,1,1608,decrease,0.05836111307144165,0.02848888747394085
2797,5893,1,1620,initiation,0.0,0.049759723246097565
2797,5893,1,2018,decrease,0.05160972476005554,0.025418056175112724
2797,5893,1,2030,initiation,0.0,0.04390694200992584
2797,5893,1,2046,decrease,0.044022221118211746,0.021845834329724312
2802,1751,0,12,initiation,0.0,1.2851027250289917
2802,1751,0,24,initiation,0.0,0.15549027919769287
2802,1751,0,47,decrease,0.14478471875190735,0.0710291638970375
2802,1751,0,67,initiation,0.0,0.06632916629314423
2802,1751,0,432,decrease,0.05448611080646515,0.028073610737919807
2802,1751,0,470,decrease,0.06837361305952072,0.03442083299160004
2802,1751,0,482,increase,0.025406943634152412,0.0582069456577301
2802,1751,0,522,decrease,0.061226390302181244,0.032794445753097534
2802,1751,0,534,increase,0.023072222247719765,0.05093749985098839
2802,1751,0,720,decrease,0.05171527713537216,0.025663889944553375
2802,1751,0,734,increase,0.022056944668293,0.04630138725042343
2802,1751,0,1315,decrease,0.04633750021457672,0.022313889116048813
2802,1751,0,1327,initiation,0.0,0.03650416433811188
2802,1751,0,1344,decrease,0.0372583344578743,0.018215278163552284
2802,1751,1,12,stop,0.9722222089767456,0.0
2802,1751,1,47,decrease,0.0991569459438324,0.048375003039836884
2802,1751,1,87,increase,0.007920833304524422,0.028759723529219627
2802,1751,1,299,increase,0.017588887363672256,0.04027916491031647
2802,1751,1,326,decrease,0.04466666653752327,0.022805554792284966
2802,1751,1,338,initiation,0.0,0.07769722491502762
2802,1751,1,367,decrease,0.07334305346012115,0.03604999929666519
2802,1751,1,412,decrease,0.08064305782318115,0.040024999529123306
2802,1751,1,458,decrease,0.08864166587591171,0.035426389425992966
2802,1751,1,473,decrease,0.09901387989521027,0.07629027962684631
2802,1751,1,524,decrease,0.10705693811178207,0.07835416495800018
2802,1751,1,615,decrease,0.11042778193950653,0.05449860915541649
2802,1751,1,627,increase,0.025486111640930176,0.11009027808904648
2802,1751,1,1062,decrease,0.11273610591888428,0.05604027584195137
2802,1751,1,1152,decrease,0.09899027645587921,0.05207638815045357
2802,1751,1,1314,decrease,0.10687777400016785,0.05272916704416275
2802,1751,1,1340,initiation,0.0,0.03532639145851135
2837,2714,0,20,decrease,0.06155139207839966,0.030497223138809204
2837,2714,0,48,decrease,0.07007499784231186,0.03492916747927666
2837,2714,0,69,decrease,0.07985138893127441,0.03887222334742546
2837,2714,0,81,initiation,0.0,0.061165280640125275
2837,2714,0,93,decrease,0.061552777886390686,0.04333888739347458
2837,2714,0,105,stop,0.036326389759778976,0.0
2837,2714,0,126,decrease,0.05983610823750496,0.03011111170053482
2837,2714,0,157,initiation,0.0,0.05567361041903496
2837,2714,0,185,decrease,0.0649736076593399,0.03287778049707413
2837,2714,0,200,initiation,0.0,0.046630557626485825
2837,2714,0,215,decrease,0.11099444329738617,0.05399027839303017
2837,2714,0,235,initiation,0.0,0.051859721541404724
2837,2714,0,250,decrease,0.056966666132211685,0.027465276420116425
2837,2714,0,262,initiation,0.0,0.04360000044107437
2837,2714,0,348,decrease,0.052897222340106964,0.03303055465221405
2837,2714,0,398,decrease,0.06373749673366547,0.03452916815876961
2837,2714,0,427,decrease,0.07268055528402328,0.054229170083999634
2837,2714,0,449,decrease,0.0839555561542511,0.04316527768969536
2837,2714,0,462,increase,0.059490278363227844,0.10828472673892975
2837,2714,0,474,stop,0.10626110434532166,0.0
2837,2714,0,488,initiation,0.0,0.09550555795431137
2837,2714,0,500,increase,0.018636111170053482,0.06658333539962769
2837,2714,0,513,decrease,0.08079305291175842,0.04061666503548622
2837,2714,0,528,decrease,0.10388611257076263,0.05077499896287918
2837,2714,0,549,initiation,0.0,0.042872220277786255
2837,2714,0,562,decrease,0.049926385283470154,0.024602778255939484
2837,2714,0,575,decrease,0.051184721291065216,0.025869444012641907
2837,2714,0,587,initiation,0.0,0.03860694542527199
2837,2714,0,608,initiation,0.0,0.04358472302556038
2837,2714,0,775,decrease,0.0540388859808445,0.02639305591583252
2837,2714,0,791,decrease,0.06737222522497177,0.032749999314546585
2837,2714,0,843,decrease,0.0768069475889206,0.03825000301003456
2837,2714,0,857,initiation,0.0,0.044761113822460175
2837,2714,0,1028,decrease,0.05406805872917175,0.02716805599629879
2837,2714,0,1058,decrease,0.07875694334506989,0.038511112332344055
2837,2714,0,1071,stop,0.06369027495384216,0.0
2837,2714,0,1131,decrease,0.056740276515483856,0.02787916734814644
2837,2714,0,1147,initiation,0.0,0.049861110746860504
2837,2714,0,1187,increase,0.056954167783260345,0.09301110357046127
2837,2714,0,1199,increase,0.004116666503250599,0.05074305459856987
2837,2714,0,1220,initiation,0.0,0.04487777501344681
2837,2714,0,1276,decrease,0.050143055617809296,0.025043055415153503
2837,2714,0,1303,increase,0.011822222732007504,0.02548888698220253
2837,2714,1,53,increase,0.03340277820825577,0.05473055690526962
2837,2714,1,68,decrease,0.05543333292007446,0.02743472345173359
2837,2714,1,85,initiation,0.0,0.049266669899225235
2837,2714,1,97,increase,0.05754166841506958,0.08070000261068344
2837,2714,1,143,decrease,0.038491666316986084,0.019231945276260376
2837,2714,1,185,decrease,0.07407361268997192,0.024226389825344086
2837,2714,1,218,decrease,0.08840972185134888,0.05856805294752121
2837,2714,1,242,decrease,0.10703472793102264,0.05278194323182106
2837,2714,1,441,decrease,0.1264902800321579,0.09776806086301804
2837,2714,1,453,initiation,0.0,0.12033610790967941
2837,2714,1,481,decrease,0.1205027848482132,0.059793055057525635
2837,2714,1,496,initiation,0.0,0.05770277604460716
2837,2714,1,508,stop,0.06592916697263718,0.0
2837,2714,1,536,increase,0.10105833411216736,0.11978194117546082
2837,2714,1,563,decrease,0.12553611397743225,0.08581250160932541
2837,2714,1,575,stop,0.14054998755455017,0.0
2837,2714,1,589,initiation,0.0,0.05703055486083031
2837,2714,1,615,increase,0.07228611409664154,0.22224722802639008
2837,2714,1,627,stop,0.06293889135122299,0.0
2837,2714,1,639,decrease,0.13124722242355347,0.1036124974489212
2837,2714,1,679,decrease,0.133754163980484,0.06618472188711166
2837,2714,1,691,stop,0.11750694364309311,0.0
2837,2714,1,843,decrease,0.10806110501289368,0.053204163908958435
2837,2714,1,855,initiation,0.0,0.08160694688558578
2837,2714,1,900,decrease,0.08802500367164612,0.04356388747692108
2837,2714,1,929,decrease,0.09021110832691193,0.04428194463253021
2837,2714,1,942,initiation,0.0,0.05565555393695831
2837,2714,1,984,decrease,0.06698055565357208,0.03311388939619064
2837,2714,1,1004,decrease,0.083218052983284,0.06417222321033478
2837,2714,1,1032,decrease,0.10232222080230713,0.06451944261789322
2837,2714,1,1072,decrease,0.14019861817359924,0.06395971775054932
2837,2714,1,1084,stop,0.04539305344223976,0.0
2837,2714,1,1096,initiation,0.0,0.09511388838291168
2837,2714,1,1172,decrease,0.11841249465942383,0.05826527625322342
2837,2714,1,1185,decrease,0.10497221350669861,0.05236111208796501
2837,2714,1,1199,decrease,0.09328611195087433,0.04573194310069084
2837,2714,1,1309,decrease,0.08885972201824188,0.04423194378614426
2863,23,0,12,initiation,0.0,0.6944444179534912
2863,23,0,25,initiation,0.0,0.12655000388622284
2863,23,0,37,increase,0.11391667276620865,0.17792777717113495
2863,23,0,55,decrease,0.17151251435279846,0.0828152745962143
2863,23,0,80,initiation,0.0,0.053591664880514145
2863,23,0,168,increase,0.05972916632890701,0.07437777519226074
2863,23,0,180,initiation,0.0,0.039622221142053604
2863,23,0,235,increase,0.011380556039512157,0.027024999260902405
2863,23,0,307,decrease,0.03307916969060898,0.016984721645712852
2863,23,0,319,increase,0.04119027778506279,0.4214555621147156
2863,23,0,331,initiation,0.0,0.15033333003520966
2863,23,0,390,decrease,0.13375000655651093,0.06607639044523239
2863,23,0,435,decrease,0.1112625002861023,0.055338893085718155
2863,23,0,450,initiation,0.0,0.06151944398880005
2863,23,0,558,decrease,0.07226666808128357,0.03587361052632332
2863,23,0,570,initiation,0.0,0.05313750356435776
2863,23,0,787,decrease,0.059888891875743866,0.0303819440305233
2863,23,0,799,stop,0.049849994480609894,0.0
2863,23,0,825,decrease,0.046965278685092926,0.023225000128149986
2863,23,0,871,decrease,0.04150416702032089,0.020541666075587273
2863,23,1,12,initiation,0.0,0.6983582973480225
2863,23,1,24,initiation,0.0,0.12364166975021362
2863,23,1,36,initiation,0.0,0.04452222213149071
2863,23,1,54,decrease,0.15905138850212097,0.0778999999165535
2863,23,1,68,initiation,0.0,0.03577222302556038
2863,23,1,153,decrease,0.09685000777244568,0.04811111092567444
2863,23,1,319,increase,0.021308332681655884,0.233559712767601
2863,23,1,331,initiation,0.0,0.07893888652324677
2863,23,1,352,decrease,0.07656389474868774,0.0374624989926815
2863,23,1,368,decrease,0.08480000495910645,0.041358333081007004
2863,23,1,380,increase,0.06402083486318588,0.10554444789886475
2863,23,1,548,decrease,0.09673333168029785,0.047741666436195374
2863,23,1,697,decrease,0.09535277634859085,0.04670000076293945
2863,23,1,709,increase,0.03298889100551605,0.08341249823570251
2863,23,1,767,decrease,0.09092777967453003,0.049698613584041595
2863,23,1,781,increase,0.07539443671703339,0.10717500001192093
2863,23,1,793,decrease,0.1035708338022232,0.038684722036123276
2863,23,1,831,decrease,0.0915847197175026,0.045762501657009125
2863,23,1,857,decrease,0.08227083086967468,0.040191665291786194
2863,23,1,883,initiation,0.0,0.04060416668653488
2863,23,1,895,stop,0.047894444316625595,0.0
2875,4617,0,121,initiation,0.0,0.04120694473385811
2875,4617,0,139,decrease,0.12186249345541,0.05826527625322342
2875,4617,0,151,initiation,0.0,0.07449722290039062
2875,4617,0,221,decrease,0.07103472203016281,0.05732916668057442
2875,4617,0,423,decrease,0.06898194551467896,0.0340791679918766
2875,4617,0,435,initiation,0.0,0.0532652772963047
2875,4617,0,642,decrease,0.053751390427351,0.026269443333148956
2875,4617,0,818,initiation,0.0,0.05069166421890259
2875,4617,1,120,initiation,0.0,0.05142916738986969
2875,4617,1,139,decrease,0.08142499625682831,0.03913611173629761
2875,4617,1,151,initiation,0.0,0.04628055542707443
2875,4617,1,293,increase,0.05673889070749283,0.11468888819217682
2875,4617,1,305,increase,0.024000000208616257,0.06694027781486511
2875,4617,1,424,decrease,0.0650361180305481,0.032379165291786194
2875,4617,1,436,initiation,0.0,0.041712500154972076
2875,4617,1,695,decrease,0.05037222057580948,0.024513889104127884
2875,4617,1,807,initiation,0.0,0.09287361800670624
2875,4617,1,819,initiation,0.0,0.10598888993263245
2879,4440,0,44,initiation,0.0,0.6944444179534912
2879,4440,0,56,initiation,0.0,0.09791389107704163
2879,4440,0,68,stop,0.13082361221313477,0.0
2879,4440,0,145,decrease,0.13171249628067017,0.06373472511768341
2879,4440,0,161,decrease,0.10872222483158112,0.05344861373305321
2879,4440,0,173,initiation,0.0,0.09005416929721832
2879,4440,0,185,stop,0.08961944282054901,0.0
2879,4440,0,251,decrease,0.07085277885198593,0.0344083346426487
2879,4440,0,263,initiation,0.0,0.05398610979318619
2879,4440,0,601,decrease,0.05602916330099106,0.02753472328186035
2879,4440,0,645,decrease,0.07094722241163254,0.02927222289144993
2879,4440,0,657,initiation,0.0,0.05433610826730728
2879,4440,0,786,increase,0.05481666326522827,0.0782972201704979
2879,4440,0,798,initiation,0.0,0.07109583914279938
2879,4440,0,812,initiation,0.0,0.04677083343267441
2879,4440,0,824,decrease,0.053393058478832245,0.026180556043982506
2879,4440,0,836,initiation,0.0,0.044531941413879395
2879,4440,0,849,stop,0.04523611068725586,0.0
2879,4440,0,861,decrease,0.07171250134706497,0.05340416729450226
2879,4440,0,1155,decrease,0.07375138998031616,0.03661666810512543
2879,4440,0,1167,initiation,0.0,0.05693889036774635
2879,4440,0,1183,decrease,0.05673472583293915,0.02866666577756405
2879,4440,0,1195,initiation,0.0,0.04140694439411163
2879,4440,0,1207,stop,0.04111805558204651,0.0
2879,4440,1,43,initiation,0.0,0.4861111044883728
2879,4440,1,55,initiation,0.0,0.1395638883113861
2879,4440,1,67,decrease,0.1334027796983719,0.08091944456100464
2879,4440,1,98,decrease,0.13460278511047363,0.09957361221313477
2879,4440,1,110,decrease,0.14638888835906982,0.0934777781367302
2879,4440,1,164,decrease,0.1464555561542511,0.07287777960300446
2879,4440,1,226,decrease,0.13009166717529297,0.0651041641831398
2879,4440,1,368,decrease,0.12581388652324677,0.06229305639863014
2879,4440,1,403,initiation,0.0,0.4861111044883728
2879,4440,1,415,initiation,0.0,0.14449861645698547
2879,4440,1,514,decrease,0.1306430548429489,0.0957888811826706
2879,4440,1,571,decrease,0.14258888363838196,0.09806667268276215
2879,4440,1,586,decrease,0.15907083451747894,0.11004027724266052
2879,4440,1,705,decrease,0.16419166326522827,0.0819319486618042
2879,4440,1,790,decrease,0.1641194373369217,0.11317361146211624
2879,4440,1,914,decrease,0.18810972571372986,0.09270694851875305
2879,4440,1,979,decrease,0.1747569441795349,0.0869416669011116
2879,4440,1,1144,decrease,0.16630417108535767,0.08177222311496735
2879,4440,1,1201,decrease,0.1412152796983719,0.07020833343267441
2879,4440,1,1213,increase,0.049691665917634964,0.1155402809381485
2879,4440,1,1225,initiation,0.0,0.10197778046131134
2879,4440,1,1249,decrease,0.1079263910651207,0.05444860830903053
2879,4440,1,1261,increase,0.03965972363948822,0.0940638855099678
2890,5113,0,25,initiation,0.0,1.075951337814331
2890,5113,0,37,initiation,0.0,0.03638888895511627
2890,5113,0,80,decrease,0.153530552983284,0.0741819441318512
2890,5113,0,96,initiation,0.0,0.07210417091846466
2890,5113,0,247,decrease,0.07538194954395294,0.03641388937830925
2890,5113,0,259,initiation,0.0,0.05971388891339302
2890,5113,0,295,decrease,0.05953333526849747,0.029616665095090866
2890,5113,0,307,initiation,0.0,0.04001111164689064
2890,5113,0,429,decrease,0.04649999737739563,0.024186110123991966
2890,5113,0,441,increase,0.06861250102519989,0.0810222178697586
2890,5113,0,587,decrease,0.07267500460147858,0.03610972315073013
2890,5113,0,613,initiation,0.0,0.03656249865889549
2890,5113,0,819,decrease,0.04523611068725586,0.022691665217280388
2890,5113,1,26,stop,0.27736666798591614,0.0
2890,5113,1,38,increase,0.047769445925951004,0.08873055875301361
2890,5113,1,247,decrease,0.07410694658756256,0.035931944847106934
2890,5113,1,261,initiation,0.0,0.0444958321750164
2890,5113,1,379,decrease,0.05750277638435364,0.028324998915195465
2890,5113,1,428,decrease,0.05329027771949768,0.026269443333148956
2890,5113,1,440,initiation,0.0,0.04171944409608841
2890,5113,1,596,decrease,0.04441944509744644,0.022451389580965042
2890,5113,1,608,initiation,0.0,0.0901833325624466
2890,5113,1,620,decrease,0.08944444358348846,0.023637499660253525
2890,5113,1,642,initiation,0.0,0.08674444258213043
2890,5113,1,654,stop,0.12324583530426025,0.0
2890,5113,1,674,decrease,0.0983361080288887,0.04892360791563988
2890,5113,1,686,initiation,0.0,0.07508194446563721
2890,5113,1,717,decrease,0.07799583673477173,0.03848055377602577
2890,5113,1,729,initiation,0.0,0.06640833616256714
2890,5113,1,808,decrease,0.0709083303809166,0.035656943917274475
2890,5113,1,820,decrease,0.08255971968173981,0.04110972210764885
2909,1430,0,16,initiation,0.0,0.3319944441318512
2909,1430,0,28,initiation,0.0,0.09425972402095795
2909,1430,0,45,decrease,0.09198054671287537,0.045552778989076614
2909,1430,0,57,increase,0.02824999950826168,0.07515417039394379
2909,1430,0,69,decrease,0.0738736093044281,0.023827778175473213
2909,1430,0,139,decrease,0.08341249823570251,0.04105416685342789
2909,1430,0,151,initiation,0.0,0.0637236088514328
2909,1430,0,250,decrease,0.05814722180366516,0.028752777725458145
2909,1430,0,265,initiation,0.0,0.037958331406116486
2909,1430,0,482,decrease,0.04072916507720947,0.020349999889731407
2909,1430,0,708,decrease,0.03766666725277901,0.018704166635870934
2909,1430,1,16,initiation,0.0,0.24155695736408234
2909,1430,1,28,initiation,0.0,0.09366388618946075
2909,1430,1,44,decrease,0.0866069495677948,0.041538890451192856
2909,1430,1,56,increase,0.031538888812065125,0.06684444844722748
2909,1430,1,68,decrease,0.06547361612319946,0.0328291654586792
2909,1430,1,139,decrease,0.08116527646780014,0.039702776819467545
2909,1430,1,151,initiation,0.0,0.05619305372238159
2909,1430,1,163,decrease,0.057648614048957825,0.0315847210586071
2909,1430,1,192,decrease,0.07119999825954437,0.03554583340883255
2909,1430,1,205,stop,0.05397778004407883,0.0
2909,1430,1,303,decrease,0.05279861018061638,0.026479167863726616
2909,1430,1,707,decrease,0.06156666576862335,0.030490277335047722
2931,4483,0,12,initiation,0.0,0.6495624780654907
2931,4483,0,24,initiation,0.0,0.09879305213689804
2931,4483,0,54,initiation,0.0,0.03828888759016991
2931,4483,0,66,stop,0.038466669619083405,0.0
2931,4483,0,79,increase,0.028990278020501137,0.10548750311136246
2931,4483,0,123,increase,0.009229166433215141,0.024280555546283722
2931,4483,0,190,decrease,0.02407083287835121,0.011705555953085423
2931,4483,0,202,increase,0.027320832014083862,0.05443750321865082
2931,4483,0,282,decrease,0.04812777787446976,0.02379722334444523
2931,4483,0,294,initiation,0.0,0.03670138865709305
2931,4483,0,313,decrease,0.03671666979789734,0.018338888883590698
2931,4483,0,543,decrease,0.04154583439230919,0.020577777177095413
2931,4483,0,558,increase,0.013868055306375027,0.03149305656552315
2931,4483,0,592,decrease,0.032108332961797714,0.016244444996118546
2931,4483,0,721,decrease,0.04083194583654404,0.020305555313825607
2931,4483,0,733,initiation,0.0,0.06312917172908783
2931,4483,0,811,increase,0.038297221064567566,0.06590833514928818
2931,4483,0,823,initiation,0.0,0.05087777599692345
2931,4483,0,847,increase,0.01130694430321455,0.02930833399295807
2931,4483,0,934,decrease,0.031598612666130066,0.01605694368481636
2931,4483,0,947,initiation,0.0,0.03784999996423721
2931,4483,0,966,decrease,0.04087083414196968,0.020337499678134918
2931,4483,1,12,initiation,0.0,0.7090277671813965
2931,4483,1,24,initiation,0.0,0.10540832579135895
2931,4483,1,60,initiation,0.0,0.05830555409193039
2931,4483,1,72,initiation,0.0,0.060256943106651306
2931,4483,1,92,initiation,0.0,0.04115971922874451
2931,4483,1,127,decrease,0.04940277710556984,0.024706942960619926
2931,4483,1,165,decrease,0.05903055518865585,0.03412638604640961
2931,4483,1,311,decrease,0.06701666116714478,0.03287361189723015
2931,4483,1,621,decrease,0.06636389344930649,0.04426249861717224
2931,4483,1,637,decrease,0.07697360962629318,0.037699997425079346
2931,4483,1,653,decrease,0.06348611414432526,0.031602777540683746
2931,4483,1,666,initiation,0.0,0.03802499920129776
2931,4483,1,737,decrease,0.04920139163732529,0.023630555719137192
2931,4483,1,772,decrease,0.07526110857725143,0.037086110562086105
2931,4483,1,808,initiation,0.0,0.06719999760389328
2931,4483,1,825,decrease,0.06926389038562775,0.033190276473760605
2931,4483,1,876,decrease,0.02866249904036522,0.001726388931274414
2931,4483,1,902,decrease,0.040763888508081436,0.021061111241579056
2931,4483,1,965,decrease,0.049258336424827576,0.024262499064207077
2943,1821,0,12,initiation,0.0,0.2797222137451172
2943,1821,0,24,initiation,0.0,0.09421944618225098
2943,1821,0,42,decrease,0.09130972623825073,0.044018056243658066
2943,1821,0,56,initiation,0.0,0.05981111153960228
2943,1821,0,68,increase,0.023112501949071884,0.06958888471126556
2943,1821,0,95,decrease,0.06537361443042755,0.0324736125767231
2943,1821,0,171,decrease,0.06388333439826965,0.031113889068365097
2943,1821,0,305,decrease,0.054580554366111755,0.0401083305478096
2943,1821,0,326,decrease,0.06200416758656502,0.031230555847287178
2943,1821,0,338,stop,0.07562638819217682,0.0
2943,1821,0,377,decrease,0.06384444236755371,0.03687777370214462
2943,1821,0,432,decrease,0.06949305534362793,0.034659720957279205
2943,1821,0,463,decrease,0.0809125006198883,0.040336109697818756
2943,1821,0,488,decrease,0.09189721941947937,0.04545416682958603
2943,1821,0,507,initiation,0.0,0.04341666400432587
2943,1821,0,563,decrease,0.05602777749300003,0.03370555490255356
2943,1821,0,580,decrease,0.06405971944332123,0.03170277923345566
2943,1821,0,592,initiation,0.0,0.049823611974716187
2943,1821,0,611,decrease,0.050483331084251404,0.02514583244919777
2943,1821,0,636,decrease,0.0645499974489212,0.03212499991059303
2943,1821,0,648,initiation,0.0,0.05004861205816269
2943,1821,0,704,decrease,0.05156249925494194,0.025362499058246613
2943,1821,0,748,decrease,0.06443611532449722,0.031849998980760574
2943,1821,0,760,initiation,0.0,0.04963194206357002
2943,1821,0,879,decrease,0.051459722220897675,0.025366665795445442
2943,1821,0,894,decrease,0.06522917002439499,0.032366666942834854
2943,1821,0,906,initiation,0.0,0.050809722393751144
2943,1821,0,935,decrease,0.051298610866069794,0.025118054822087288
2943,1821,0,947,initiation,0.0,0.035919442772865295
2943,1821,0,1024,decrease,0.04031944274902344,0.01988888904452324
2943,1821,0,1039,initiation,0.0,0.05857222527265549
2943,1821,0,1051,initiation,0.0,0.04160972312092781
2943,1821,0,1070,decrease,0.041511110961437225,0.02102361060678959
2943,1821,0,1090,decrease,0.05538889020681381,0.025995831936597824
2943,1821,1,13,stop,0.5555555820465088,0.0
2943,1821,1,25,increase,0.03450555354356766,0.10743194818496704
2943,1821,1,47,decrease,0.10070139169692993,0.04823194444179535
2943,1821,1,62,initiation,0.0,0.05306388810276985
2943,1821,1,94,decrease,0.06081944704055786,0.029712500050663948
2943,1821,1,106,initiation,0.0,0.07373611629009247
2943,1821,1,124,decrease,0.08069166541099548,0.039152778685092926
2943,1821,1,137,initiation,0.0,0.04849027842283249
2943,1821,1,193,decrease,0.05970277637243271,0.0297805555164814
2943,1821,1,205,initiation,0.0,0.04976250231266022
2943,1821,1,286,decrease,0.052056945860385895,0.026540277525782585
2943,1821,1,304,decrease,0.06272916495800018,0.032370831817388535
2943,1821,1,316,increase,0.05767638981342316,0.09462638944387436
2943,1821,1,328,stop,0.09730972349643707,0.0
2943,1821,1,340,stop,0.09677499532699585,0.0
2943,1821,1,352,increase,0.07008333504199982,0.11953749507665634
2943,1821,1,368,decrease,0.11820971965789795,0.06265278160572052
2943,1821,1,412,decrease,0.12410694360733032,0.09472361207008362
2943,1821,1,424,increase,0.08937638998031616,0.1467638909816742
2943,1821,1,455,decrease,0.14254862070083618,0.07011805474758148
2943,1821,1,490,decrease,0.1583986133337021,0.07956527918577194
2943,1821,1,502,initiation,0.0,0.10347777605056763
2943,1821,1,514,initiation,0.0,0.10500277578830719
2943,1821,1,526,increase,0.08733472228050232,0.12128055095672607
2943,1821,1,539,decrease,0.11958888918161392,0.07306111603975296
2943,1821,1,565,increase,0.11366249620914459,0.145309716463089
2943,1821,1,577,stop,0.14461389183998108,0.0
2943,1821,1,598,initiation,0.0,0.05427916720509529
2943,1821,1,610,initiation,0.0,0.039436109364032745
2943,1821,1,622,increase,0.01868888922035694,0.15633194148540497
2943,1821,1,637,decrease,0.15304306149482727,0.07487361133098602
2943,1821,1,649,initiation,0.0,0.047386109828948975
2943,1821,1,701,increase,0.11943888664245605,0.4081277847290039
2943,1821,1,713,initiation,0.0,0.16324305534362793
2943,1821,1,748,decrease,0.1596805453300476,0.07826250046491623
2943,1821,1,760,increase,0.04797361046075821,0.13496528565883636
2943,1821,1,793,decrease,0.13716387748718262,0.06737083196640015
2943,1821,1,817,initiation,0.0,0.03751666471362114
2943,1821,1,843,initiation,0.0,0.061290279030799866
2943,1821,1,879,decrease,0.07197360694408417,0.03029722161591053
2943,1821,1,891,increase,0.06057361513376236,0.09609999507665634
2943,1821,1,903,initiation,0.0,0.12083472311496735
2943,1821,1,946,decrease,0.11538055539131165,0.05631528049707413
2943,1821,1,959,decrease,0.10239721834659576,0.04986527934670448
2943,1821,1,1008,decrease,0.09266805648803711,0.05635833367705345
2943,1821,1,1049,decrease,0.10444722324609756,0.05255277827382088
2943,1821,1,1091,decrease,0.12253889441490173,0.06094999983906746
2944,536,0,12,initiation,0.0,0.20169027149677277
2944,536,0,24,initiation,0.0,0.0939541682600975
2944,536,0,44,decrease,0.08953332901000977,0.04347222298383713
2944,536,0,56,initiation,0.0,0.050191666930913925
2944,536,0,279,decrease,0.04415277764201164,0.02802777849137783
2944,536,0,701,decrease,0.047623611986637115,0.023020833730697632
2944,536,0,781,decrease,0.05659027770161629,0.02806805446743965
2944,536,0,883,decrease,0.025754166767001152,0.012737499549984932
2944,536,1,13,stop,0.39504584670066833,0.0
2944,536,1,44,decrease,0.07291111350059509,0.0353236123919487
2944,536,1,59,initiation,0.0,0.03666666895151138
2944,536,1,253,decrease,0.04744444414973259,0.023169443011283875
2944,536,1,279,decrease,0.0653083324432373,0.0322069451212883
2944,536,1,306,decrease,0.07274721562862396,0.03703055530786514
2944,536,1,654,decrease,0.0780305564403534,0.03901110962033272
2944,536,1,744,decrease,0.07795971632003784,0.04305555671453476
2944,536,1,791,decrease,0.0863555520772934,0.042541664093732834
2944,536,1,803,initiation,0.0,0.06525138020515442
2944,536,1,884,decrease,0.06992499530315399,0.03461666777729988
2944,536,1,937,decrease,0.08618055284023285,0.042706944048404694
2949,5197,0,12,stop,0.5379166603088379,0.0
2949,5197,0,24,increase,0.09301527589559555,0.10634167492389679
2949,5197,0,68,decrease,0.0954236090183258,0.04625833407044411
2949,5197,0,81,initiation,0.0,0.05882222577929497
2949,5197,0,442,decrease,0.048027776181697845,0.02355000004172325
2949,5197,0,459,increase,0.015351389534771442,0.034073613584041595
2949,5197,0,542,decrease,0.03598888963460922,0.018276389688253403
2949,5197,0,555,decrease,0.04477499797940254,0.026434723287820816
2949,5197,0,585,decrease,0.05210694670677185,0.025869444012641907
2949,5197,0,597,decrease,0.06266666948795319,0.030908333137631416
2949,5197,0,609,initiation,0.0,0.04704861342906952
2949,5197,0,848,decrease,0.0460486114025116,0.022320833057165146
2949,5197,0,869,initiation,0.0,0.05285833030939102
2949,5197,0,898,decrease,0.05003472417593002,0.024306943640112877
2949,5197,0,912,increase,0.028401387855410576,0.07440555840730667
2949,5197,0,1062,decrease,0.055581945925951004,0.027436111122369766
2949,5197,1,12,stop,0.4409833252429962,0.0
2949,5197,1,45,decrease,0.07005833089351654,0.03525833413004875
2949,5197,1,57,increase,0.06572222709655762,0.085916668176651
2949,5197,1,69,stop,0.0838041678071022,0.0
2949,5197,1,85,initiation,0.0,0.03889722004532814
2949,5197,1,158,decrease,0.05403055623173714,0.02677638828754425
2949,5197,1,170,initiation,0.0,0.04539722204208374
2949,5197,1,338,decrease,0.046416666358709335,0.02322361245751381
2949,5197,1,351,initiation,0.0,0.03957916796207428
2949,5197,1,466,decrease,0.04659166559576988,0.0239499993622303
2949,5197,1,478,increase,0.035754166543483734,0.06587083637714386
2949,5197,1,541,decrease,0.06268194317817688,0.03267083317041397
2949,5197,1,553,increase,0.036637499928474426,0.08305694162845612
2949,5197,1,565,increase,0.018545832484960556,0.09016111493110657
2949,5197,1,582,decrease,0.08850972354412079,0.04388472065329552
2949,5197,1,604,initiation,0.0,0.043105557560920715
2949,5197,1,790,decrease,0.054197221994400024,0.026672223582863808
2949,5197,1,815,initiation,0.0,0.05434722453355789
2949,5197,1,849,decrease,0.05434722453355789,0.027173612266778946
2949,5197,1,870,initiation,0.0,0.03806111216545105
2949,5197,1,917,decrease,0.033315278589725494,0.013188889250159264
2949,5197,1,929,increase,0.0008374999742954969,0.05147083103656769
2949,5197,1,1151,decrease,0.046788886189460754,0.023459723219275475
2949,5197,1,1163,stop,0.05672638863325119,0.0
2949,5197,1,1177,decrease,0.065752774477005,0.03206527605652809
2955,4815,0,68,initiation,0.0,0.4022541344165802
2955,4815,0,80,initiation,0.0,0.0902097225189209
2955,4815,0,117,decrease,0.0920611172914505,0.04404166713356972
2955,4815,0,129,increase,0.031045833602547646,0.07291111350059509
2955,4815,0,302,decrease,0.05734722316265106,0.027925001457333565
2955,4815,0,325,increase,0.012997222132980824,0.030880555510520935
2955,4815,0,805,decrease,0.03526249900460243,0.01721249893307686
2955,4815,1,64,initiation,0.0,0.3025375008583069
2955,4815,1,76,initiation,0.0,0.08157221972942352
2955,4815,1,117,decrease,0.07013194262981415,0.0338749997317791
2955,4815,1,130,initiation,0.0,0.04282638803124428
2955,4815,1,145,initiation,0.0,0.03696388751268387
2955,4815,1,301,decrease,0.04042360931634903,0.02011111006140709
2955,4815,1,700,decrease,0.03199305385351181,0.012374999932944775
2955,4815,1,896,decrease,0.04025833308696747,0.019887499511241913
3029,4188,0,129,initiation,0.0,0.10718750953674316
3029,4188,0,148,decrease,0.18788611888885498,0.092819444835186
3029,4188,0,163,initiation,0.0,0.04416666552424431
3029,4188,0,267,decrease,0.09724166989326477,0.04775833711028099
3029,4188,0,296,initiation,0.0,0.03551388904452324
3029,4188,0,481,decrease,0.04390416666865349,0.02209722250699997
3029,4188,0,633,decrease,0.05209444463253021,0.027012499049305916
3029,4188,0,738,decrease,0.0679486095905304,0.03297777846455574
3029,4188,0,753,initiation,0.0,0.038231946527957916
3029,4188,1,120,initiation,0.0,0.04118194431066513
3029,4188,1,148,decrease,0.08668610453605652,0.04246250167489052
3029,4188,1,179,increase,0.011272222734987736,0.03336527943611145
3029,4188,1,293,decrease,0.03755277767777443,0.018520833924412727
3029,4188,1,305,initiation,0.0,0.0857180505990982
3029,4188,1,339,decrease,0.07975417375564575,0.039395831525325775
3029,4188,1,351,initiation,0.0,0.06423749774694443
3029,4188,1,731,decrease,0.06508193910121918,0.03234861046075821
3029,4188,1,743,initiation,0.0,0.052856944501399994
3029,4188,1,774,decrease,0.0540236160159111,0.026743054389953613
3037,2982,0,79,initiation,0.0,0.36712223291397095
3037,2982,0,91,initiation,0.0,0.09529861807823181
3037,2982,0,203,decrease,0.07352638989686966,0.036323610693216324
3037,2982,0,230,increase,0.010659722611308098,0.033775001764297485
3037,2982,0,266,decrease,0.03446666896343231,0.017786111682653427
3037,2982,0,589,decrease,0.04995694383978844,0.025655556470155716
3037,2982,0,657,decrease,0.06119583174586296,0.033141665160655975
3037,2982,0,1566,decrease,0.058958329260349274,0.028930556029081345
3037,2982,0,1588,initiation,0.0,0.055194444954395294
3037,2982,0,1679,decrease,0.05893333628773689,0.02869861200451851
3037,2982,0,1691,initiation,0.0,0.0462055578827858
3037,2982,0,1803,decrease,0.0487680546939373,0.024312498047947884
3037,2982,0,1828,increase,0.009912500157952309,0.024856943637132645
3037,2982,0,1887,decrease,0.028602777048945427,0.014273611828684807
3037,2982,0,1942,increase,0.010286111384630203,0.026302777230739594
3037,2982,0,2026,decrease,0.0365055575966835,0.017662499099969864
3037,2982,0,2047,increase,0.008070833049714565,0.021244443953037262
3037,2982,1,77,initiation,0.0,0.2637639045715332
3037,2982,1,89,initiation,0.0,0.08390139043331146
3037,2982,1,203,decrease,0.0698319524526596,0.03427083045244217
3037,2982,1,254,initiation,0.0,0.047483332455158234
3037,2982,1,328,decrease,0.052024997770786285,0.025845833122730255
3037,2982,1,340,increase,0.04755694419145584,0.07425277680158615
3037,2982,1,373,decrease,0.07086944580078125,0.035781946033239365
3037,2982,1,483,decrease,0.07806666195392609,0.03817778080701828
3037,2982,1,820,decrease,0.09456805884838104,0.04690694436430931
3037,2982,1,832,initiation,0.0,0.07162778079509735
3037,2982,1,1185,decrease,0.0765722244977951,0.038111113011837006
3037,2982,1,1214,increase,0.011961111798882484,0.034263886511325836
3037,2982,1,1331,decrease,0.041595831513404846,0.020658332854509354
3037,2982,1,1356,initiation,0.0,0.043049998581409454
3037,2982,1,1890,decrease,0.04246111214160919,0.005318055395036936
3037,2982,1,2095,decrease,0.05054861307144165,0.02527499943971634
3037,2982,1,2107,initiation,0.0,0.04005138948559761
3037,2982,1,2155,decrease,0.041506946086883545,0.020345833152532578
3037,2982,1,2243,increase,0.011798610910773277,0.035826388746500015
3074,660,0,12,initiation,0.0,0.135040283203125
3074,660,0,29,decrease,0.12908750772476196,0.06167222186923027
3074,660,0,63,initiation,0.0,0.03661666810512543
3074,660,0,75,decrease,0.03584999963641167,0.014348611235618591
3074,660,0,298,decrease,0.041136108338832855,0.020363887771964073
3074,660,0,317,increase,0.010990277864038944,0.02729305624961853
3074,660,0,437,decrease,0.029537498950958252,0.014722222462296486
3074,660,0,674,decrease,0.03887777775526047,0.019269444048404694
3074,660,0,693,increase,0.010305555537343025,0.025283332914114
3074,660,0,995,decrease,0.029002778232097626,0.014122222550213337
3074,660,0,1032,increase,0.009888888336718082,0.029868055135011673
3074,660,0,1911,decrease,0.027704166248440742,0.01345694437623024
3074,660,0,1953,initiation,0.0,0.04225694388151169
3074,660,0,1970,decrease,0.041616667062044144,0.020381944254040718
3074,660,1,132,decrease,0.06841527670621872,0.034329164773225784
3074,660,1,146,initiation,0.0,0.04028194397687912
3074,660,1,161,initiation,0.0,0.040420833975076675
3074,660,1,305,decrease,0.04961944371461868,0.029577776789665222
3074,660,1,423,decrease,0.04935694485902786,0.018608333542943
3074,660,1,995,decrease,0.0598958358168602,0.029801389202475548
3074,660,1,1010,initiation,0.0,0.03815972059965134
3074,660,1,1053,decrease,0.04344027861952782,0.021645832806825638
3074,660,1,1074,increase,0.008115277625620365,0.029266666620969772
3091,107,0,18,initiation,0.0,0.6944444179534912
3091,107,0,30,initiation,0.0,0.03521110862493515
3091,107,0,42,increase,0.06724721938371658,0.15914998948574066
3091,107,0,54,stop,0.15600278973579407,0.0
3091,107,0,66,initiation,0.0,0.09407083690166473
3091,107,0,94,decrease,0.09166805446147919,0.043825000524520874
3091,107,0,109,initiation,0.0,0.0379486121237278
3091,107,0,314,decrease,0.08057500422000885,0.04022499918937683
3091,107,0,330,initiation,0.0,0.04407777637243271
3091,107,0,564,decrease,0.05420277640223503,0.027040276676416397
3091,107,0,587,decrease,0.04832916706800461,0.02393055520951748
3091,107,1,16,initiation,0.0,0.5555555820465088
3091,107,1,28,initiation,0.0,0.05271666869521141
3091,107,1,64,decrease,0.08987361192703247,0.0441402792930603
3091,107,1,95,increase,0.009747222065925598,0.030804166570305824
3091,107,1,107,increase,0.015498612076044083,0.047724999487400055
3091,107,1,119,stop,0.04879999905824661,0.0
3091,107,1,254,decrease,0.03942222148180008,0.0194319449365139
3091,107,1,295,decrease,0.050862498581409454,0.02534305490553379
3091,107,1,307,initiation,0.0,0.0367249995470047
3091,107,1,605,decrease,0.03951527923345566,0.019318055361509323
3093,1783,0,68,initiation,0.0,0.5351513624191284
3093,1783,0,80,initiation,0.0,0.09000833332538605
3093,1783,0,92,stop,0.10799999535083771,0.0
3093,1783,0,104,increase,0.11422359943389893,0.14155139029026031
3093,1783,0,116,initiation,0.0,0.1905485987663269
3093,1783,0,158,initiation,0.0,0.040526390075683594
3093,1783,0,186,decrease,0.04190138727426529,0.02125694416463375
3093,1783,0,198,stop,0.053401388227939606,0.0
3093,1783,0,210,increase,0.058250002562999725,0.07916943728923798
3093,1783,0,308,decrease,0.07071666419506073,0.034979164600372314
3093,1783,0,325,initiation,0.0,0.03913889080286026
3093,1783,0,364,decrease,0.04324860870838165,0.030322223901748657
3093,1783,0,402,decrease,0.05704999715089798,0.03547222167253494
3093,1783,0,563,decrease,0.058527782559394836,0.02851666696369648
3093,1783,0,576,initiation,0.0,0.03519166633486748
3093,1783,0,732,increase,0.043545834720134735,0.07925694435834885
3093,1783,0,744,increase,0.023694444447755814,0.057866666465997696
3093,1783,0,756,stop,0.057225000113248825,0.0
3093,1783,0,815,initiation,0.0,0.05637083202600479
3093,1783,0,857,decrease,0.0580499991774559,0.02918333187699318
3093,1783,0,871,decrease,0.07116666436195374,0.03634166717529297
3093,1783,0,911,decrease,0.08312360942363739,0.04087916761636734
3093,1783,0,934,initiation,0.0,0.03676389157772064
3093,1783,0,947,decrease,0.03762361407279968,0.01824166625738144
3093,1783,0,997,increase,0.02376111038029194,0.04122500121593475
3093,1783,0,1065,decrease,0.04194027930498123,0.021194444969296455
3093,1783,0,1137,decrease,0.05409722402691841,0.026898611336946487
3093,1783,0,1181,decrease,0.04578472301363945,0.02278750017285347
3093,1783,0,1341,decrease,0.041906945407390594,0.02103055641055107
3093,1783,0,1420,decrease,0.053422220051288605,0.02625138685107231
3093,1783,0,1478,decrease,0.047433335334062576,0.02360694482922554
3093,1783,0,1492,decrease,0.05343333259224892,0.02598888799548149
3093,1783,0,1553,decrease,0.0471208319067955,0.023006945848464966
3093,1783,0,1565,increase,0.017549999058246613,0.038693055510520935
3093,1783,0,1592,decrease,0.03888055682182312,0.019661111757159233
3093,1783,0,1604,increase,0.05180139094591141,0.06605833768844604
3093,1783,0,1616,initiation,0.0,0.046444445848464966
3093,1783,0,1669,decrease,0.05138888955116272,0.025926388800144196
3093,1783,0,1681,decrease,0.059001389890909195,0.02925972081720829
3093,1783,0,1694,decrease,0.04976944625377655,0.024609722197055817
3093,1783,0,1706,initiation,0.0,0.044176388531923294
3093,1783,0,1718,stop,0.04480694234371185,0.0
3093,1783,0,1753,decrease,0.04259999841451645,0.020629165694117546
3093,1783,0,2054,decrease,0.04880277439951897,0.02401527762413025
3093,1783,0,2125,initiation,0.0,0.037990279495716095
3093,1783,0,2244,decrease,0.04008055478334427,0.01968333311378956
3093,1783,1,72,initiation,0.0,0.43274998664855957
3093,1783,1,84,initiation,0.0,0.12085972726345062
3093,1783,1,96,decrease,0.15555694699287415,0.10860833525657654
3093,1783,1,120,decrease,0.09703055024147034,0.047438886016607285
3093,1783,1,135,initiation,0.0,0.049704164266586304
3093,1783,1,328,decrease,0.059723611921072006,0.030384723097085953
3093,1783,1,340,decrease,0.10136527568101883,0.010195833630859852
3093,1783,1,361,decrease,0.1182750016450882,0.05801388993859291
3093,1783,1,373,initiation,0.0,0.07693194597959518
3093,1783,1,414,decrease,0.07915833592414856,0.05827222391963005
3093,1783,1,426,increase,0.075897216796875,0.1326402723789215
3093,1783,1,563,decrease,0.11149999499320984,0.057487498968839645
3093,1783,1,720,decrease,0.1057250052690506,0.048193056136369705
3093,1783,1,757,decrease,0.09371943771839142,0.04684722051024437
3093,1783,1,769,initiation,0.0,0.06401805579662323
3093,1783,1,877,increase,0.07026111334562302,0.09031528234481812
3093,1783,1,912,decrease,0.08658472448587418,0.042351387441158295
3093,1783,1,926,initiation,0.0,0.04083194583654404
3093,1783,1,1173,decrease,0.06354860961437225,0.03143888711929321
3093,1783,1,1265,decrease,0.07086388766765594,0.033638887107372284
3093,1783,1,1426,increase,0.05414166674017906,0.07968055456876755
3093,1783,1,1516,decrease,0.07847083359956741,0.038951389491558075
3093,1783,1,1690,increase,0.0647694393992424,0.09075694531202316
3093,1783,1,1702,increase,0.001516666729003191,0.1200999990105629
3093,1783,1,1729,decrease,0.11142777651548386,0.055336110293865204
3093,1783,1,1741,initiation,0.0,0.07768333703279495
3093,1783,1,1791,decrease,0.0837513878941536,0.04021249711513519
3093,1783,1,1803,increase,0.03698194399476051,0.08520416915416718
3093,1783,1,2053,decrease,0.08529999852180481,0.04182500019669533
3093,1783,1,2065,initiation,0.0,0.04843888804316521
3093,1783,1,2138,decrease,0.062226392328739166,0.038487497717142105
3093,1783,1,2244,decrease,0.0770374983549118,0.03802499920129776
3113,1145,0,19,initiation,0.0,0.08609722554683685
3113,1145,0,188,decrease,0.10025554895401001,0.04918888956308365
3113,1145,0,211,initiation,0.0,0.04071666672825813
3113,1145,0,454,decrease,0.05096805468201637,0.02154861018061638
3113,1145,0,506,decrease,0.060879167169332504,0.030363887548446655
3113,1145,0,550,decrease,0.08253611624240875,0.04192500188946724
3113,1145,0,613,decrease,0.09402221441268921,0.046025000512599945
3113,1145,0,625,initiation,0.0,0.07359582930803299
3113,1145,0,722,decrease,0.07295139133930206,0.035390280187129974
3113,1145,0,848,decrease,0.06323055922985077,0.031574998050928116
3113,1145,0,1000,initiation,0.0,0.05262777954339981
3113,1145,0,1013,decrease,0.053599998354911804,0.027584722265601158
3113,1145,0,1150,decrease,0.06321528553962708,0.03148889169096947
3113,1145,0,1162,initiation,0.0,0.03725416958332062
3113,1145,0,1174,decrease,0.045180559158325195,0.031208332628011703
3113,1145,0,1273,decrease,0.06053055822849274,0.0295375008136034
3113,1145,0,1287,stop,0.04728611558675766,0.0
3113,1145,0,1307,decrease,0.04263611137866974,0.02763611078262329
3113,1145,0,1417,decrease,0.050490278750658035,0.024659721180796623
3113,1145,0,1444,decrease,0.05020277947187424,0.02510138973593712
3113,1145,0,1461,decrease,0.05020277947187424,0.03060833364725113
3113,1145,0,1506,decrease,0.059881944209337234,0.029975000768899918
3113,1145,0,1755,decrease,0.06918750703334808,0.03373611345887184
3113,1145,0,1767,initiation,0.0,0.0485902801156044
3113,1145,0,1855,decrease,0.05286805331707001,0.025470834225416183
3113,1145,0,1916,decrease,0.06961388885974884,0.03431388735771179
3113,1145,0,2001,decrease,0.06282638758420944,0.030704166740179062
3113,1145,1,15,initiation,0.0,0.08588889241218567
3113,1145,1,81,decrease,0.08977916836738586,0.04425416886806488
3113,1145,1,93,initiation,0.0,0.049384720623493195
3113,1145,1,153,decrease,0.06345972418785095,0.030683331191539764
3113,1145,1,165,initiation,0.0,0.04838472232222557
3113,1145,1,197,increase,0.04337916523218155,0.06682777404785156
3113,1145,1,262,decrease,0.06416666507720947,0.03200555592775345
3113,1145,1,336,increase,0.08004861325025558,0.10157500207424164
3113,1145,1,428,increase,0.08651527762413025,0.11231528222560883
3113,1145,1,479,decrease,0.10754027962684631,0.05439583584666252
3113,1145,1,502,decrease,0.1369541585445404,0.06720555573701859
3113,1145,1,515,decrease,0.1330847144126892,0.11253473162651062
3113,1145,1,823,decrease,0.14832082390785217,0.0738527774810791
3113,1145,1,850,decrease,0.14828193187713623,0.074024997651577
3113,1145,1,863,initiation,0.0,0.036937497556209564
3113,1145,1,889,decrease,0.09618888795375824,0.04840555787086487
3113,1145,1,905,initiation,0.0,0.05226944386959076
3113,1145,1,993,decrease,0.07173888385295868,0.03623194247484207
3113,1145,1,1005,stop,0.10212500393390656,0.0
3113,1145,1,1017,decrease,0.19856110215187073,0.0369916670024395
3113,1145,1,1029,stop,0.12073194980621338,0.0
3113,1145,1,1051,initiation,0.0,0.05848333239555359
3113,1145,1,1096,decrease,0.08034443855285645,0.04012361168861389
3113,1145,1,1109,initiation,0.0,0.04218194633722305
3113,1145,1,1152,decrease,0.05659861117601395,0.028405554592609406
3113,1145,1,1171,decrease,0.08900555968284607,0.07018055766820908
3113,1145,1,1246,decrease,0.09535416960716248,0.04764999821782112
3113,1145,1,1259,stop,0.0725402683019638,0.0
3113,1145,1,1409,decrease,0.07285971939563751,0.03642499819397926
3113,1145,1,1503,increase,0.07332083582878113,0.09596249461174011
3113,1145,1,1515,increase,0.04855833575129509,0.08787500113248825
3113,1145,1,1579,decrease,0.08634583652019501,0.06656388938426971
3113,1145,1,1635,increase,0.08910000324249268,0.11172778159379959
3113,1145,1,1762,decrease,0.10607083141803741,0.05207916721701622
3113,1145,1,1774,initiation,0.0,0.07538889348506927
3113,1145,1,1842,increase,0.07361111044883728,0.0986708253622055
3113,1145,1,1916,decrease,0.0957944467663765,0.04702360928058624
3113,1145,1,2000,decrease,0.08301805704832077,0.04074583202600479
3118,4906,0,40,decrease,0.10267916321754456,0.04914027824997902
3118,4906,0,67,initiation,0.0,0.03666388988494873
3118,4906,0,120,decrease,0.036476388573646545,0.018770834431052208
3118,4906,0,132,increase,0.017381945624947548,0.0648847222328186
3118,4906,0,764,decrease,0.04946389049291611,0.024344444274902344
3118,4906,0,1049,decrease,0.04810277745127678,0.02750277891755104
3118,4906,0,1127,decrease,0.0584944486618042,0.028433334082365036
3118,4906,0,1280,decrease,0.06300555169582367,0.03135555610060692
3118,4906,0,1341,decrease,0.05379027873277664,0.026200000196695328
3118,4906,0,1398,increase,0.008288889192044735,0.023274999111890793
3118,4906,0,1441,decrease,0.031163889914751053,0.015922222286462784
3118,4906,0,1453,increase,0.04087916761636734,0.07854444533586502
3118,4906,1,41,decrease,0.070354163646698,0.035345833748579025
3118,4906,1,72,increase,0.008886110968887806,0.027518056333065033
3118,4906,1,117,increase,0.031636111438274384,0.4163888990879059
3118,4906,1,152,initiation,0.0,0.054559722542762756
3118,4906,1,309,decrease,0.06113472580909729,0.021052777767181396
3118,4906,1,621,decrease,0.07389166951179504,0.03677638992667198
3118,4906,1,641,initiation,0.0,0.04779444634914398
3118,4906,1,1364,decrease,0.06542778015136719,0.032176390290260315
3118,4906,1,1383,initiation,0.0,0.041313886642456055
3118,4906,1,1408,decrease,0.045988887548446655,0.0231263879686594
3118,4906,1,1420,increase,0.02510138973593712,0.04730833321809769
3118,4906,1,1471,decrease,0.04836805909872055,0.023830557242035866
3150,64,0,81,initiation,0.0,0.6944444179534912
3150,64,0,93,initiation,0.0,0.10017916560173035
3150,64,0,146,decrease,0.10831388831138611,0.09559027850627899
3150,64,0,200,decrease,0.1117749959230423,0.05509861186146736
3150,64,0,214,initiation,0.0,0.06262500584125519
3150,64,0,233,decrease,0.07069583237171173,0.03484027832746506
3150,64,0,245,initiation,0.0,0.05156388878822327
3150,64,0,273,decrease,0.05145833268761635,0.02549583464860916
3150,64,0,290,decrease,0.0695180594921112,0.034918054938316345
3150,64,0,303,decrease,0.08637499809265137,0.04297361150383949
3150,64,0,315,initiation,0.0,0.06753472238779068
3150,64,0,335,decrease,0.06683194637298584,0.02555277943611145
3150,64,0,986,decrease,0.07005000114440918,0.034456945955753326
3150,64,0,998,initiation,0.0,0.05242777615785599
3150,64,0,1818,decrease,0.055448614060878754,0.027279168367385864
3150,64,0,1832,initiation,0.0,0.03629166632890701
3150,64,0,1912,decrease,0.04092361032962799,0.019922222942113876
3150,64,1,75,initiation,0.0,0.5555555820465088
3150,64,1,87,initiation,0.0,0.12264861911535263
3150,64,1,137,decrease,0.10084444284439087,0.05002083256840706
3150,64,1,165,increase,0.1062430590391159,0.13398334383964539
3150,64,1,269,increase,0.11237500607967377,0.13763749599456787
3150,64,1,335,decrease,0.13239027559757233,0.06482638418674469
3150,64,1,353,decrease,0.15710972249507904,0.07745277881622314
3150,64,1,365,decrease,0.0839138850569725,0.05303472280502319
3150,64,1,377,stop,0.39778196811676025,0.0
3150,64,1,396,initiation,0.0,0.039556946605443954
3150,64,1,409,increase,0.11721527576446533,0.14375555515289307
3150,64,1,431,decrease,0.14724305272102356,0.07419027388095856
3150,64,1,459,decrease,0.17091944813728333,0.09480556100606918
3150,64,1,593,decrease,0.18611527979373932,0.09351389110088348
3150,64,1,605,initiation,0.0,0.14766249060630798
3150,64,1,617,stop,0.15098610520362854,0.0
3150,64,1,639,initiation,0.0,0.050259724259376526
3150,64,1,673,decrease,0.07433749735355377,0.03738611191511154
3150,64,1,685,increase,0.0006180555210448802,0.1409333348274231
3150,64,1,707,decrease,0.13734722137451172,0.06741666793823242
3150,64,1,834,decrease,0.1516583263874054,0.07374444603919983
3150,64,1,852,decrease,0.13592222332954407,0.0676611140370369
3150,64,1,864,initiation,0.0,0.11077500134706497
3150,64,1,876,decrease,0.1132763922214508,0.056401390582323074
3150,64,1,896,initiation,0.0,0.046158332377672195
3150,64,1,928,increase,0.06606250256299973,0.465990275144577
3150,64,1,940,initiation,0.0,0.07100138813257217
3150,64,1,953,decrease,0.16532915830612183,0.08011527359485626
3150,64,1,965,stop,0.05876805633306503,0.0
3150,64,1,1005,initiation,0.0,0.06734444200992584
3150,64,1,1057,decrease,0.08159583061933517,0.04686944559216499
3150,64,1,1085,decrease,0.09399861097335815,0.046518053859472275
3150,64,1,1141,decrease,0.11291805654764175,0.056418053805828094
3150,64,1,1153,increase,0.07372083514928818,0.11338749527931213
3150,64,1,1282,decrease,0.1120208352804184,0.05537083372473717
3150,64,1,1296,stop,0.05801111459732056,0.0
3150,64,1,1308,increase,0.03295694291591644,0.11235694587230682
3150,64,1,1320,initiation,0.0,0.18475693464279175
3150,64,1,1348,initiation,0.0,0.0545097216963768
3150,64,1,1386,decrease,0.07712361216545105,0.026604168117046356
3150,64,1,1517,decrease,0.10195277631282806,0.06704860925674438
3150,64,1,1529,decrease,0.11551805585622787,0.054459720849990845
3150,64,1,1541,increase,0.12231805920600891,0.15011805295944214
3150,64,1,1555,increase,0.07372638583183289,0.14985555410385132
3150,64,1,1580,decrease,0.1444624960422516,0.0734708309173584
3150,64,1,1780,decrease,0.1581013947725296,0.0784805566072464
3150,64,1,1792,initiation,0.0,0.11227083206176758
3150,64,1,1805,initiation,0.0,0.0716194435954094
3150,64,1,1818,decrease,0.08800555765628815,0.04450555518269539
3150,64,1,1830,initiation,0.0,0.06833332777023315
3150,64,1,1876,decrease,0.07879027724266052,0.03054305538535118
3150,64,1,1896,decrease,0.10453472286462784,0.05123055726289749
3150,64,1,1908,initiation,0.0,0.07782360911369324
3150,64,1,1921,decrease,0.08030277490615845,0.04698055610060692
3169,5109,0,74,initiation,0.0,0.6944444179534912
3169,5109,0,86,initiation,0.0,0.1006055623292923
3169,5109,0,112,decrease,0.11966250091791153,0.05858472362160683
3169,5109,0,131,initiation,0.0,0.05140139162540436
3169,5109,0,570,decrease,0.045076388865709305,0.02123750001192093
3169,5109,0,586,increase,0.014644443988800049,0.0314486101269722
3169,5109,0,772,decrease,0.03509027883410454,0.016895832493901253
3169,5109,1,65,initiation,0.0,0.5555555820465088
3169,5109,1,78,initiation,0.0,0.05793055146932602
3169,5109,1,112,decrease,0.07594166696071625,0.03695416823029518
3169,5109,1,404,initiation,0.0,0.044143058359622955
3169,5109,1,572,decrease,0.04199305549263954,0.020838888362050056
3169,5109,1,773,decrease,0.04878055304288864,0.02410416677594185
3170,275,0,51,initiation,0.0,0.4244999885559082
3170,275,0,63,initiation,0.0,0.08050012588500977
3170,275,0,88,decrease,0.09099984169006348,0.05800032615661621
3170,275,0,111,initiation,0.0,0.03550004959106445
3170,275,0,143,decrease,0.04500007629394531,0.028500080108642578
3170,275,0,358,decrease,0.04450035095214844,0.012499809265136719
3170,275,0,479,decrease,0.055999755859375,0.034000396728515625
3170,275,0,675,decrease,0.048999786376953125,0.02700042724609375
3170,275,0,687,initiation,0.0,0.03800201416015625
3170,275,0,701,decrease,0.036998748779296875,0.017499923706054688
3170,275,1,43,initiation,0.0,0.3349999785423279
3170,275,1,57,decrease,0.03400003910064697,0.006999969482421875
3170,275,1,99,decrease,0.09400033950805664,0.05200004577636719
3170,275,1,121,initiation,0.0,0.043000221252441406
3170,275,1,215,decrease,0.04850006103515625,0.015499591827392578
3170,275,1,296,decrease,0.07049942016601562,0.03399944305419922
3170,275,1,339,decrease,0.09000015258789062,0.0710000991821289
3170,275,1,368,decrease,0.10799884796142578,0.037499427795410156
3170,275,1,387,decrease,0.10599994659423828,0.08249950408935547
3170,275,1,480,decrease,0.11100006103515625,0.04500007629394531
3170,275,1,492,increase,0.03349876403808594,0.0885009765625
3170,275,1,529,increase,0.07500267028808594,0.10599899291992188
3170,275,1,576,decrease,0.1035003662109375,0.08300018310546875
3170,275,1,588,initiation,0.0,0.03899955749511719
3170,275,1,634,decrease,0.144500732421875,0.09749984741210938
3170,275,1,670,decrease,0.09600067138671875,0.039501190185546875
3170,275,1,689,initiation,0.0,0.04699897766113281
3170,275,1,701,increase,0.05100059509277344,0.11900138854980469
3170,275,1,716,decrease,0.07950019836425781,0.059497833251953125
3170,275,1,740,initiation,0.0,0.03700065612792969
3170,275,1,752,increase,0.0410003662109375,0.06450080871582031
3172,5026,0,229,initiation,0.0,0.1942986100912094
3172,5026,0,241,initiation,0.0,0.11907917261123657
3172,5026,0,253,decrease,0.11755416542291641,0.014127777889370918
3172,5026,0,277,decrease,0.13268610835075378,0.06530416756868362
3172,5026,0,299,initiation,0.0,0.04049305617809296
3172,5026,0,570,decrease,0.05309722572565079,0.036831945180892944
3172,5026,0,818,decrease,0.05773472413420677,0.03778194636106491
3172,5026,0,1164,decrease,0.05896666646003723,0.028752777725458145
3172,5026,1,227,initiation,0.0,0.5555555820465088
3172,5026,1,239,initiation,0.0,0.04931666702032089
3172,5026,1,278,decrease,0.09402916580438614,0.0455833338201046
3172,5026,1,290,initiation,0.0,0.05825277417898178
3172,5026,1,396,initiation,0.0,0.062130555510520935
3172,5026,1,408,stop,0.06410138309001923,0.0
3172,5026,1,571,increase,0.048565275967121124,0.08539444208145142
3172,5026,1,583,increase,0.024304168298840523,0.06853750348091125
3172,5026,1,611,decrease,0.065752774477005,0.03326388821005821
3172,5026,1,706,decrease,0.0751652792096138,0.03698750212788582
3172,5026,1,718,increase,0.028558334335684776,0.06191527843475342
3172,5026,1,791,decrease,0.06491111218929291,0.032491665333509445
3172,5026,1,1041,decrease,0.07451805472373962,0.037029165774583817
3172,5026,1,1053,increase,0.02590000070631504,0.06144999712705612
3172,5026,1,1172,decrease,0.06513194739818573,0.03210555389523506
3175,802,0,12,stop,0.7930291295051575,0.0
3175,802,0,33,decrease,0.1174125075340271,0.056877776980400085
3175,802,0,46,initiation,0.0,0.06815694272518158
3175,802,0,1006,decrease,0.05578333139419556,0.0263527799397707
3175,802,1,12,initiation,0.0,0.08617222309112549
3175,802,1,34,decrease,0.07992222160100937,0.03947777673602104
3175,802,1,190,decrease,0.025279168039560318,0.0037611110601574183
3175,802,1,339,increase,0.0200333334505558,0.03894999995827675
3175,802,1,743,decrease,0.03568610921502113,0.014181945472955704
3175,802,1,883,increase,0.020305555313825607,0.039020828902721405
3175,802,1,1006,decrease,0.03771388903260231,0.01849583350121975
3196,3090,0,55,initiation,0.0,0.6481708288192749
3196,3090,0,67,initiation,0.0,0.10054445266723633
3196,3090,0,117,decrease,0.09982222318649292,0.048523612320423126
3196,3090,0,133,initiation,0.0,0.053672224283218384
3196,3090,0,184,decrease,0.06134860962629318,0.030340276658535004
3196,3090,0,196,initiation,0.0,0.04001805558800697
3196,3090,0,242,increase,0.04165139049291611,0.05683472380042076
3196,3090,0,256,decrease,0.05040277913212776,0.025345833972096443
3196,3090,0,335,decrease,0.05495277792215347,0.02734583243727684
3196,3090,0,347,increase,0.045847222208976746,0.08275139331817627
3196,3090,0,371,decrease,0.08097361028194427,0.03944999724626541
3196,3090,0,383,initiation,0.0,0.06308750063180923
3196,3090,0,444,decrease,0.062062498182058334,0.03105555661022663
3196,3090,0,486,decrease,0.07382917404174805,0.037162501364946365
3196,3090,0,553,decrease,0.08216111361980438,0.04086250066757202
3196,3090,0,565,initiation,0.0,0.06663194298744202
3196,3090,0,839,decrease,0.06470972299575806,0.032091669738292694
3196,3090,0,851,initiation,0.0,0.04998888820409775
3196,3090,0,894,decrease,0.05208472162485123,0.025533335283398628
3196,3090,0,906,initiation,0.0,0.03747916594147682
3196,3090,0,973,decrease,0.04096388816833496,0.020719444379210472
3196,3090,0,1348,decrease,0.053558334708213806,0.02661111019551754
3196,3090,0,1360,initiation,0.0,0.03870416805148125
3196,3090,0,1392,decrease,0.040090277791023254,0.019923610612750053
3196,3090,0,1462,increase,0.013548611663281918,0.03129027783870697
3196,3090,0,1517,decrease,0.03287222236394882,0.016272220760583878
3196,3090,1,53,initiation,0.0,0.3241124749183655
3196,3090,1,65,initiation,0.0,0.09402361512184143
3196,3090,1,118,decrease,0.07546666264533997,0.03809444233775139
3196,3090,1,134,initiation,0.0,0.03844583034515381
3196,3090,1,150,decrease,0.04474305361509323,0.01730833388864994
3196,3090,1,184,decrease,0.05404166877269745,0.026391668245196342
3196,3090,1,196,initiation,0.0,0.042548611760139465
3196,3090,1,244,decrease,0.04471111297607422,0.022426387295126915
3196,3090,1,256,decrease,0.05794166773557663,0.028323611244559288
3196,3090,1,407,decrease,0.06360556185245514,0.03166944533586502
3196,3090,1,419,increase,0.01867777854204178,0.10022082924842834
3196,3090,1,466,decrease,0.09293749928474426,0.04566249996423721
3196,3090,1,613,decrease,0.10768888890743256,0.053594447672367096
3196,3090,1,625,initiation,0.0,0.08298750221729279
3196,3090,1,802,decrease,0.08874305337667465,0.044123608618974686
3196,3090,1,814,stop,0.1162305623292923,0.0
3196,3090,1,826,initiation,0.0,0.08511944115161896
3196,3090,1,847,increase,0.07548333704471588,0.10112083703279495
3196,3090,1,897,decrease,0.100119449198246,0.04817916452884674
3196,3090,1,972,decrease,0.08810972422361374,0.04430694133043289
3196,3090,1,1076,decrease,0.10743194818496704,0.05351666733622551
3196,3090,1,1088,initiation,0.0,0.08225417137145996
3196,3090,1,1110,decrease,0.08537361025810242,0.042876388877630234
3196,3090,1,1262,decrease,0.08892221748828888,0.04337361082434654
3196,3090,1,1274,initiation,0.0,0.06444860994815826
3196,3090,1,1397,increase,0.07112777233123779,0.09717917442321777
3196,3090,1,1409,increase,0.021581944078207016,0.09496250748634338
3196,3090,1,1449,decrease,0.09017777442932129,0.04447222128510475
3196,3090,1,1461,initiation,0.0,0.06498055160045624
3196,3090,1,1620,decrease,0.07164027541875839,0.034570835530757904
3196,3090,1,1679,decrease,0.08991388976573944,0.04431944340467453
3220,6007,0,25,initiation,0.0,0.4808291494846344
3220,6007,0,37,initiation,0.0,0.047886110842227936
3220,6007,0,60,decrease,0.11434166878461838,0.05532083660364151
3220,6007,0,72,increase,0.0397319458425045,0.09238611161708832
3220,6007,0,114,decrease,0.08416805416345596,0.04140138998627663
3220,6007,0,143,increase,0.014559721574187279,0.034676387906074524
3220,6007,0,207,decrease,0.034966666251420975,0.017580555751919746
3220,6007,0,224,initiation,0.0,0.0834013894200325
3220,6007,0,236,increase,0.00505694467574358,0.04949027672410011
3220,6007,0,259,decrease,0.04879721999168396,0.024401389062404633
3220,6007,0,353,decrease,0.057976387441158295,0.028790278360247612
3220,6007,0,366,stop,0.04534166678786278,0.0
3220,6007,0,544,increase,0.03240000084042549,0.04940972477197647
3220,6007,0,661,decrease,0.047022219747304916,0.02376111038029194
3220,6007,0,894,decrease,0.050938889384269714,0.025087499991059303
3220,6007,0,1063,decrease,0.04958333447575569,0.024909721687436104
3220,6007,0,1075,initiation,0.0,0.04041805490851402
3220,6007,0,1153,decrease,0.04243333265185356,0.020734721794724464
3220,6007,0,1229,decrease,0.05047638714313507,0.02918333373963833
3220,6007,0,1253,decrease,0.05863194540143013,0.02872638963162899
3220,6007,0,1270,initiation,0.0,0.05402638763189316
3220,6007,0,1297,decrease,0.06190139055252075,0.030459722504019737
3220,6007,0,1491,decrease,0.05785277485847473,0.043306946754455566
3220,6007,0,1503,initiation,0.0,0.057927779853343964
3220,6007,0,1764,decrease,0.05570971965789795,0.027537498623132706
3220,6007,0,1885,decrease,0.05568333715200424,0.027365276589989662
3220,6007,0,1906,increase,0.013562500476837158,0.03132222592830658
3220,6007,0,1923,increase,0.012424999848008156,0.02643333375453949
3220,6007,1,21,initiation,0.0,0.2906889021396637
3220,6007,1,34,initiation,0.0,0.05067361146211624
3220,6007,1,46,decrease,0.07443611323833466,0.009534722194075584
3220,6007,1,59,decrease,0.0801069438457489,0.03774722293019295
3220,6007,1,90,increase,0.008281944319605827,0.03140416741371155
3220,6007,1,273,initiation,0.0,0.06596388667821884
3220,6007,1,314,decrease,0.0957263857126236,0.04630972072482109
3220,6007,1,328,initiation,0.0,0.05319027602672577
3220,6007,1,713,decrease,0.06736111640930176,0.033266667276620865
3220,6007,1,785,decrease,0.06709305197000504,0.041418056935071945
3220,6007,1,855,decrease,0.0734138935804367,0.035781946033239365
3220,6007,1,920,decrease,0.06676945090293884,0.04101249948143959
3220,6007,1,991,decrease,0.07245694100856781,0.03615555539727211
3220,6007,1,1021,decrease,0.06639305502176285,0.03209027647972107
3220,6007,1,1053,decrease,0.06074444204568863,0.02994999848306179
3220,6007,1,1253,decrease,0.06402499973773956,0.031216666102409363
3220,6007,1,1277,decrease,0.0684875026345253,0.033912498503923416
3220,6007,1,1407,decrease,0.0756722241640091,0.0375513881444931
3220,6007,1,1492,decrease,0.0752958357334137,0.05493055656552315
3220,6007,1,1597,decrease,0.08852361142635345,0.0640166699886322
3220,6007,1,1879,decrease,0.09205000102519989,0.046251386404037476
3220,6007,1,1891,increase,0.03400833159685135,0.07888054847717285
3220,6007,1,1903,initiation,0.0,0.07067638635635376
3220,6007,1,1925,decrease,0.07221944630146027,0.03550833463668823
3221,3227,0,16,initiation,0.0,0.6944444179534912
3221,3227,0,28,initiation,0.0,0.09826388955116272
3221,3227,0,131,decrease,0.11870139092206955,0.05575694516301155
3221,3227,0,143,initiation,0.0,0.09144444763660431
3221,3227,0,223,decrease,0.0842902809381485,0.04155833274126053
3221,3227,0,238,initiation,0.0,0.049238890409469604
3221,3227,0,288,decrease,0.05426944047212601,0.026790278032422066
3221,3227,0,760,decrease,0.07013750076293945,0.034102778881788254
3221,3227,1,15,initiation,0.0,0.37184444069862366
3221,3227,1,27,initiation,0.0,0.11994444578886032
3221,3227,1,86,decrease,0.0956375002861023,0.046833336353302
3221,3227,1,98,initiation,0.0,0.06133611500263214
3221,3227,1,131,decrease,0.06440138816833496,0.031909722834825516
3221,3227,1,143,initiation,0.0,0.05035138875246048
3221,3227,1,223,decrease,0.05464722216129303,0.027323611080646515
3221,3227,1,242,increase,0.012730555608868599,0.03444305807352066
3221,3227,1,286,increase,0.03807361423969269,0.086920827627182
3221,3227,1,298,increase,0.01444166712462902,0.05133610963821411
3221,3227,1,658,decrease,0.050858333706855774,0.02581110969185829
3221,3227,1,703,decrease,0.05609166622161865,0.027633333578705788
3221,3227,1,715,increase,0.019148610532283783,0.04625416547060013
3221,3227,1,743,decrease,0.04728333652019501,0.023569444194436073
3221,3227,1,761,decrease,0.04160555452108383,0.020868055522441864
3223,2283,0,12,initiation,0.0,0.7381736040115356
3223,2283,0,24,initiation,0.0,0.11931249499320984
3223,2283,0,39,decrease,0.11661666631698608,0.05648889020085335
3223,2283,0,51,initiation,0.0,0.06617916375398636
3223,2283,0,76,increase,0.0749666690826416,0.09376111626625061
3223,2283,0,88,initiation,0.0,0.10575972497463226
3223,2283,0,153,decrease,0.0912555530667305,0.04525972530245781
3223,2283,0,168,stop,0.0651666671037674,0.0
3223,2283,0,180,increase,0.023154165595769882,0.054972223937511444
3223,2283,0,194,initiation,0.0,0.03564444184303284
3223,2283,0,325,decrease,0.04227777570486069,0.021627776324748993
3223,2283,0,373,decrease,0.057055555284023285,0.028023611754179
3223,2283,0,402,decrease,0.04997638612985611,0.024829167872667313
3223,2283,0,414,increase,0.049388885498046875,0.07298611104488373
3223,2283,0,426,increase,0.04189583286643028,0.07054166495800018
3223,2283,0,440,decrease,0.0701402798295021,0.034583333879709244
3223,2283,0,452,stop,0.0566902793943882,0.0
3223,2283,0,487,decrease,0.05271805822849274,0.026366665959358215
3223,2283,0,524,decrease,0.06668610870838165,0.03269444406032562
3223,2283,0,569,decrease,0.05879027768969536,0.02916666679084301
3223,2283,0,581,increase,0.021516665816307068,0.04947083443403244
3223,2283,0,634,decrease,0.050401389598846436,0.024537499994039536
3223,2283,0,772,decrease,0.054176390171051025,0.02690555527806282
3223,2283,0,816,decrease,0.049020834267139435,0.024280555546283722
3223,2283,0,828,increase,0.016620833426713943,0.07981249690055847
3223,2283,0,1037,decrease,0.06900833547115326,0.03417777642607689
3223,2283,0,1049,initiation,0.0,0.053204163908958435
3223,2283,0,1061,decrease,0.053947221487760544,0.02567361108958721
3223,2283,0,1130,decrease,0.06822361052036285,0.03320138901472092
3223,2283,0,1142,initiation,0.0,0.052441664040088654
3223,2283,0,1199,decrease,0.05423055589199066,0.027080554515123367
3223,2283,0,1211,increase,0.020972222089767456,0.04560833424329758
3223,2283,0,1223,decrease,0.045540276914834976,0.022463887929916382
3223,2283,0,1322,decrease,0.043226391077041626,0.02128611132502556
3223,2283,0,1384,initiation,0.0,0.04388611018657684
3223,2283,0,1445,decrease,0.04716110974550247,0.023076388984918594
3223,2283,0,1494,initiation,0.0,0.5637361407279968
3223,2283,0,1506,initiation,0.0,0.16079166531562805
3223,2283,0,1534,initiation,0.0,0.057390280067920685
3223,2283,0,1565,decrease,0.0683986097574234,0.03420277684926987
3223,2283,1,12,stop,0.5555555820465088,0.0
3223,2283,1,24,increase,0.0769486129283905,0.09682638943195343
3223,2283,1,80,decrease,0.08048194646835327,0.039306946098804474
3223,2283,1,150,decrease,0.09645694494247437,0.04756110906600952
3223,2283,1,166,decrease,0.0809430480003357,0.04118472337722778
3223,2283,1,178,increase,0.028804166242480278,0.07125139236450195
3223,2283,1,402,decrease,0.07583054900169373,0.038991667330265045
3223,2283,1,422,increase,0.05634722113609314,0.0884263888001442
3223,2283,1,501,decrease,0.09628194570541382,0.04683055356144905
3223,2283,1,519,initiation,0.0,0.07327916473150253
3223,2283,1,531,increase,0.0788569450378418,0.11009305715560913
3223,2283,1,571,decrease,0.106122225522995,0.07708056271076202
3223,2283,1,757,decrease,0.11310555785894394,0.04162639006972313
3223,2283,1,773,initiation,0.0,0.04744305461645126
3223,2283,1,941,decrease,0.11179167032241821,0.056299999356269836
3223,2283,1,1023,decrease,0.11242222785949707,0.05576249584555626
3223,2283,1,1035,initiation,0.0,0.08731666207313538
3223,2283,1,1073,decrease,0.09231666475534439,0.04463888704776764
3223,2283,1,1224,decrease,0.11272639036178589,0.05566805601119995
3223,2283,1,1236,initiation,0.0,0.08565416932106018
3223,2283,1,1250,initiation,0.0,0.05354444682598114
3223,2283,1,1301,decrease,0.07169860601425171,0.035568054765462875
3223,2283,1,1313,initiation,0.0,0.058912500739097595
3223,2283,1,1480,decrease,0.06486249715089798,0.03189444541931152
3256,423,0,56,initiation,0.0,0.6944444179534912
3256,423,0,68,initiation,0.0,0.1079055517911911
3256,423,0,83,decrease,0.12953612208366394,0.06298749893903732
3256,423,0,107,initiation,0.0,0.041502777487039566
3256,423,0,248,decrease,0.043647222220897675,0.02175416611135006
3256,423,0,779,decrease,0.04758471995592117,0.023637499660253525
3256,423,0,798,increase,0.013722222298383713,0.030791666358709335
3256,423,0,822,decrease,0.03152361512184143,0.0156027777120471
3256,423,0,1188,decrease,0.04583055526018143,0.022563889622688293
3256,423,1,56,initiation,0.0,0.3718625009059906
3256,423,1,70,initiation,0.0,0.04802222177386284
3256,423,1,83,decrease,0.0692611113190651,0.033755555748939514
3256,423,1,115,increase,0.008365277200937271,0.02822638861835003
3256,423,1,273,initiation,0.0,0.05458194389939308
3256,423,1,348,decrease,0.05262361094355583,0.025983333587646484
3256,423,1,370,increase,0.011372221633791924,0.03411666676402092
3256,423,1,448,stop,0.036670833826065063,0.0
3256,423,1,460,stop,0.04561249911785126,0.0
3256,423,1,511,decrease,0.052740275859832764,0.0260180551558733
3256,423,1,626,initiation,0.0,0.04733055457472801
3256,423,1,644,decrease,0.04657083377242088,0.022994443774223328
3256,423,1,797,decrease,0.05186111107468605,0.02554166503250599
3256,423,1,809,initiation,0.0,0.04266111180186272
3256,423,1,822,decrease,0.04300139099359512,0.021419445052742958
3256,423,1,1134,decrease,0.051673609763383865,0.02531111240386963
3256,423,1,1188,decrease,0.059718057513237,0.029601387679576874
3279,5648,0,31,decrease,0.11595138907432556,0.05456250160932541
3279,5648,0,43,increase,0.03661944344639778,0.09270139038562775
3279,5648,0,216,decrease,0.07052777707576752,0.03430555760860443
3279,5648,0,232,initiation,0.0,0.03640277683734894
3279,5648,0,271,decrease,0.03959861025214195,0.024626389145851135
3279,5648,0,334,decrease,0.04723750054836273,0.022959722205996513
3279,5648,0,652,decrease,0.04283750057220459,0.021888889372348785
3279,5648,0,727,decrease,0.05033055692911148,0.025148611515760422
3279,5648,0,739,increase,0.01497500017285347,0.05610833317041397
3279,5648,0,1167,increase,0.042012497782707214,0.05663055554032326
3279,5648,0,1211,decrease,0.055299997329711914,0.027230557054281235
3279,5648,1,23,increase,0.10384583473205566,0.6074000000953674
3279,5648,1,51,initiation,0.0,0.06773749738931656
3279,5648,1,124,decrease,0.08342777192592621,0.04133055359125137
3279,5648,1,136,initiation,0.0,0.04684722423553467
3279,5648,1,178,decrease,0.06019444391131401,0.029973609372973442
3279,5648,1,200,increase,0.01233055628836155,0.03390694409608841
3279,5648,1,218,decrease,0.03640277683734894,0.017047222703695297
3279,5648,1,248,decrease,0.06557361036539078,0.03351249918341637
3279,5648,1,266,decrease,0.07759860903024673,0.038454167544841766
3279,5648,1,356,decrease,0.08209444582462311,0.040376387536525726
3279,5648,1,368,increase,0.030584722757339478,0.07120972126722336
3279,5648,1,538,decrease,0.07910694181919098,0.038959722965955734
3279,5648,1,1060,decrease,0.09707916527986526,0.04805833473801613
3279,5648,1,1213,decrease,0.10343611240386963,0.05099305510520935
3279,5648,1,1241,initiation,0.0,0.03657083213329315
3279,5648,1,1254,decrease,0.038572221994400024,0.019688887521624565
3279,5648,1,1266,initiation,0.0,0.07345832884311676
3279,5648,1,1278,increase,0.007300000172108412,0.059631943702697754
3279,5648,1,1290,increase,0.02208472229540348,0.07501110434532166
3279,5648,1,1345,decrease,0.07180138677358627,0.03464444354176521
3287,280,0,69,initiation,0.0,0.6944444179534912
3287,280,0,86,initiation,0.0,0.058747224509716034
3287,280,0,98,stop,0.14843888580799103,0.0
3287,280,0,115,initiation,0.0,0.062034722417593
3287,280,0,264,decrease,0.0560416653752327,0.028227776288986206
3287,280,0,276,increase,0.045152775943279266,0.08968749642372131
3287,280,0,290,initiation,0.0,0.061173610389232635
3287,280,0,428,increase,0.0627513900399208,0.09081944078207016
3287,280,0,440,increase,0.008134721778333187,0.0794791653752327
3287,280,0,691,decrease,0.06955694407224655,0.034416668117046356
3287,280,0,793,decrease,0.06838194280862808,0.03380972146987915
3287,280,0,805,initiation,0.0,0.05131249874830246
3287,280,0,1574,decrease,0.05344722419977188,0.026830555871129036
3287,280,0,2473,decrease,0.0509277768433094,0.02480972371995449
3287,280,0,2642,decrease,0.0261069443076849,0.01298611145466566
3287,280,0,2664,decrease,0.02671249955892563,0.013398611918091774
3287,280,0,2684,initiation,0.0,0.037958331406116486
3287,280,0,2708,decrease,0.04238194227218628,0.02106389030814171
3287,280,1,66,initiation,0.0,0.5555555820465088
3287,280,1,78,initiation,0.0,0.14697083830833435
3287,280,1,202,decrease,0.10889583081007004,0.053725000470876694
3287,280,1,263,decrease,0.09625832736492157,0.047248613089323044
3287,280,1,275,increase,0.03285972401499748,0.08083750307559967
3287,280,1,337,decrease,0.0857597216963768,0.04214444383978844
3287,280,1,390,decrease,0.11027222126722336,0.054955556988716125
3287,280,1,411,decrease,0.13661804795265198,0.11730416119098663
3287,280,1,423,decrease,0.1502263844013214,0.11690278351306915
3287,280,1,435,decrease,0.1690666675567627,0.05913333222270012
3287,280,1,580,decrease,0.17438888549804688,0.08454027771949768
3287,280,1,592,increase,0.05535416677594185,0.14033472537994385
3287,280,1,625,decrease,0.14531666040420532,0.07272499799728394
3287,280,1,668,decrease,0.1359027773141861,0.06812916696071625
3287,280,1,680,decrease,0.16954165697097778,0.08083472400903702
3287,280,1,699,decrease,0.15015140175819397,0.07380972802639008
3287,280,1,716,decrease,0.1340833306312561,0.06726250052452087
3287,280,1,728,increase,0.051468055695295334,0.12291111052036285
3287,280,1,784,decrease,0.13925416767597198,0.06859027594327927
3287,280,1,796,stop,0.11704722046852112,0.0
3287,280,1,893,decrease,0.11543889343738556,0.05738472566008568
3287,280,1,1012,decrease,0.10656250268220901,0.051980555057525635
3287,280,1,1175,decrease,0.0954805538058281,0.04706528037786484
3287,280,1,1187,initiation,0.0,0.04292916879057884
3287,280,1,1417,decrease,0.09467083215713501,0.04710416868329048
3287,280,1,1433,initiation,0.0,0.04426250234246254
3287,280,1,1474,decrease,0.05872777849435806,0.030401388183236122
3287,280,1,1541,decrease,0.07302777469158173,0.037974998354911804
3287,280,1,1634,decrease,0.09589999914169312,0.04783055558800697
3287,280,1,1646,increase,0.050837501883506775,0.08073194324970245
3287,280,1,1659,decrease,0.08127222210168839,0.04104166477918625
3287,280,1,1671,initiation,0.0,0.06726111471652985
3287,280,1,1711,decrease,0.07200416922569275,0.03538472205400467
3287,280,1,2156,decrease,0.08542083203792572,0.04135555401444435
3287,280,1,2168,initiation,0.0,0.048205554485321045
3287,280,1,2200,decrease,0.059231944382190704,0.02991666831076145
3287,280,1,2212,decrease,0.07756249606609344,0.036984723061323166
3287,280,1,2240,decrease,0.10163611173629761,0.050712499767541885
3287,280,1,2380,decrease,0.09636527299880981,0.046856943517923355
3287,280,1,2392,initiation,0.0,0.06660416722297668
3287,280,1,2407,decrease,0.06826388835906982,0.033488888293504715
3287,280,1,2419,initiation,0.0,0.05500555783510208
3287,280,1,2475,decrease,0.06156249716877937,0.028941664844751358
3287,280,1,2662,decrease,0.08516805619001389,0.041854165494441986
3287,280,1,2681,increase,0.030330555513501167,0.09157083928585052
3287,280,1,2740,decrease,0.09591250121593475,0.048059724271297455
3298,1894,0,17,initiation,0.0,0.6944444179534912
3298,1894,0,29,initiation,0.0,0.6254555583000183
3298,1894,0,41,increase,0.04024166613817215,0.2228236198425293
3298,1894,0,53,stop,0.21455278992652893,0.0
3298,1894,0,68,initiation,0.0,0.043368056416511536
3298,1894,0,139,decrease,0.09066528081893921,0.04609721899032593
3298,1894,0,222,decrease,0.10476943850517273,0.05080833286046982
3298,1894,0,257,decrease,0.08946111053228378,0.07477499544620514
3298,1894,0,269,stop,0.08384305238723755,0.0
3298,1894,0,289,increase,0.10776250064373016,0.13871528208255768
3298,1894,0,301,decrease,0.19627360999584198,0.03659027814865112
3298,1894,0,313,increase,0.0414680577814579,0.17119444906711578
3298,1894,0,342,decrease,0.16470833122730255,0.1524791717529297
3298,1894,0,470,decrease,0.14518889784812927,0.07132083922624588
3298,1894,0,582,decrease,0.12404721975326538,0.0600055530667305
3298,1894,0,594,increase,0.04836944490671158,0.10292361676692963
3298,1894,0,630,decrease,0.10392916202545166,0.05159444361925125
3298,1894,1,21,stop,0.5555555820465088,0.0
3298,1894,1,121,decrease,0.12496528029441833,0.061658333986997604
3298,1894,1,260,decrease,0.10903611034154892,0.053813885897397995
3298,1894,1,272,initiation,0.0,0.12463194131851196
3298,1894,1,297,decrease,0.1244138851761818,0.061674997210502625
3298,1894,1,312,decrease,0.1571125090122223,0.12138888984918594
3298,1894,1,326,decrease,0.17046666145324707,0.08406944572925568
3298,1894,1,339,increase,0.1409333348274231,0.168747216463089
3298,1894,1,351,decrease,0.16449305415153503,0.07970277965068817
3298,1894,1,363,increase,0.13734860718250275,0.16272777318954468
3298,1894,1,376,decrease,0.1617875099182129,0.11203749477863312
3298,1894,1,397,decrease,0.1757291555404663,0.08635972440242767
3298,1894,1,409,increase,0.05777222290635109,0.13696527481079102
3298,1894,1,552,decrease,0.14488887786865234,0.07137499749660492
3298,1894,1,629,decrease,0.13159304857254028,0.06516388803720474
3298,1894,1,746,decrease,0.043763890862464905,0.02197638899087906
3319,2613,0,68,initiation,0.0,0.04025416821241379
3319,2613,0,80,stop,0.16875000298023224,0.0
3319,2613,0,93,initiation,0.0,0.07289999723434448
3319,2613,0,669,decrease,0.060051389038562775,0.02939305640757084
3319,2613,0,684,decrease,0.07605278491973877,0.06081805378198624
3319,2613,0,823,decrease,0.05952499806880951,0.029306944459676743
3319,2613,1,60,initiation,0.0,0.049427781254053116
3319,2613,1,82,decrease,0.10494028031826019,0.05094305798411369
3319,2613,1,94,initiation,0.0,0.07207222282886505
3319,2613,1,106,initiation,0.0,0.061254166066646576
3319,2613,1,224,decrease,0.06228333339095116,0.030562499538064003
3319,2613,1,236,stop,0.08670555800199509,0.0
3319,2613,1,364,decrease,0.08469721674919128,0.042161110788583755
3319,2613,1,416,decrease,0.07928888499736786,0.039088886231184006
3319,2613,1,428,increase,0.026693055406212807,0.06687638908624649
3319,2613,1,521,decrease,0.0702027827501297,0.03497638925909996
3319,2613,1,533,increase,0.023723609745502472,0.058399997651576996
3319,2613,1,622,decrease,0.060765281319618225,0.0305597223341465
3319,2613,1,634,initiation,0.0,0.048815276473760605
3319,2613,1,656,decrease,0.05041111260652542,0.025211112573742867
3319,2613,1,668,initiation,0.0,0.04686805605888367
3319,2613,1,680,stop,0.04030138999223709,0.0
3319,2613,1,696,decrease,0.07482500374317169,0.03708333522081375
3319,2613,1,709,stop,0.056223608553409576,0.0
3319,2613,1,721,increase,0.0199416670948267,0.04898611456155777
3319,2613,1,750,stop,0.05112361162900925,0.0
3319,2613,1,798,decrease,0.07153889536857605,0.03126666694879532
3319,2613,1,812,initiation,0.0,0.05079028010368347
3319,2613,1,824,decrease,0.05849027633666992,0.029334722086787224
3325,3440,0,64,initiation,0.0,0.38351529836654663
3325,3440,0,76,initiation,0.0,0.09949027746915817
3325,3440,0,110,decrease,0.09128333628177643,0.058355554938316345
3325,3440,0,134,initiation,0.0,0.041256941854953766
3325,3440,0,152,decrease,0.04488888755440712,0.02624444290995598
3325,3440,0,175,decrease,0.056397221982479095,0.028047222644090652
3325,3440,0,187,increase,0.019059721380472183,0.047111112624406815
3325,3440,0,216,decrease,0.04585278034210205,0.02784305438399315
3325,3440,0,313,decrease,0.048277780413627625,0.024290278553962708
3325,3440,0,491,decrease,0.05337221920490265,0.026406945660710335
3325,3440,0,503,initiation,0.0,0.04069444537162781
3325,3440,0,532,decrease,0.04098055511713028,0.02018333226442337
3325,3440,0,549,increase,0.013859722763299942,0.02850416675209999
3325,3440,0,616,increase,0.01021250057965517,0.027933333069086075
3325,3440,0,637,decrease,0.028763888403773308,0.015769444406032562
3325,3440,0,765,decrease,0.032390277832746506,0.016076387837529182
3325,3440,0,958,decrease,0.029262499883770943,0.014498610980808735
3325,3440,0,970,increase,0.011390278115868568,0.024166665971279144
3325,3440,0,1054,decrease,0.025176387280225754,0.010672221891582012
3325,3440,0,1081,decrease,0.030573610216379166,0.015101389028131962
3325,3440,0,1093,increase,0.011506943963468075,0.02513333410024643
3325,3440,0,1567,decrease,0.03316250070929527,0.015013889409601688
3325,3440,0,1606,decrease,0.036452777683734894,0.01798333413898945
3325,3440,1,62,initiation,0.0,0.5555555820465088
3325,3440,1,74,initiation,0.0,0.12572500109672546
3325,3440,1,86,stop,0.1211666688323021,0.0
3325,3440,1,98,initiation,0.0,0.06920972466468811
3325,3440,1,124,decrease,0.06650972366333008,0.03286666423082352
3325,3440,1,164,decrease,0.057426389306783676,0.03386250138282776
3325,3440,1,312,decrease,0.06737499684095383,0.03397500142455101
3325,3440,1,486,decrease,0.07516805827617645,0.03677638992667198
3325,3440,1,498,increase,0.027884721755981445,0.061537500470876694
3325,3440,1,510,stop,0.06251110881567001,0.0
3325,3440,1,522,increase,0.023059723898768425,0.051523610949516296
3325,3440,1,675,decrease,0.05561944842338562,0.028772221878170967
3325,3440,1,695,decrease,0.06789861619472504,0.033456943929195404
3325,3440,1,707,initiation,0.0,0.054036110639572144
3325,3440,1,1617,decrease,0.05514861270785332,0.02734999917447567
3348,3684,0,90,initiation,0.0,0.04016944393515587
3348,3684,0,108,decrease,0.09524722397327423,0.04677777737379074
3348,3684,0,123,decrease,0.11891250312328339,0.057697221636772156
3348,3684,0,140,initiation,0.0,0.05621666461229324
3348,3684,0,158,increase,0.0665680542588234,0.08914028108119965
3348,3684,0,170,stop,0.04185555502772331,0.0
3348,3684,0,182,stop,0.10084027051925659,0.0
3348,3684,0,207,initiation,0.0,0.037716664373874664
3348,3684,0,371,decrease,0.041147224605083466,0.020818056538701057
3348,3684,0,468,decrease,0.05191805586218834,0.025729166343808174
3348,3684,0,542,decrease,0.045927777886390686,0.022348610684275627
3348,3684,0,554,initiation,0.0,0.03718472272157669
3348,3684,0,762,decrease,0.039201389998197556,0.018679168075323105
3348,3684,0,782,increase,0.01092500053346157,0.024712499231100082
3348,3684,0,1679,decrease,0.028909722343087196,0.013927777297794819
3348,3684,1,87,increase,0.028056945651769638,0.07104305922985077
3348,3684,1,123,decrease,0.08534444868564606,0.04153750091791153
3348,3684,1,157,increase,0.010863889008760452,0.034687500447034836
3348,3684,1,169,decrease,0.0350986123085022,0.009234722703695297
3348,3684,1,184,decrease,0.0456930547952652,0.02267500013113022
3348,3684,1,196,increase,0.04502639174461365,0.07432777434587479
3348,3684,1,210,initiation,0.0,0.04713471978902817
3348,3684,1,371,decrease,0.054426390677690506,0.031136110424995422
3348,3684,1,542,decrease,0.06992638856172562,0.03456111252307892
3348,3684,1,554,initiation,0.0,0.05913611501455307
3348,3684,1,759,decrease,0.061981942504644394,0.031054165214300156
3348,3684,1,772,initiation,0.0,0.04926110804080963
3348,3684,1,851,decrease,0.05398472398519516,0.026502778753638268
3348,3684,1,863,initiation,0.0,0.04365833103656769
3348,3684,1,909,decrease,0.04499027878046036,0.02238749898970127
3348,3684,1,921,initiation,0.0,0.0354333333671093
3348,3684,1,1752,decrease,0.03821805492043495,0.01912916637957096
3351,1563,0,19,initiation,0.0,0.6944444179534912
3351,1563,0,31,initiation,0.0,0.10351666808128357
3351,1563,0,45,decrease,0.11844027787446976,0.05742916464805603
3351,1563,0,57,initiation,0.0,0.11272777616977692
3351,1563,0,142,decrease,0.09115971624851227,0.04475277662277222
3351,1563,0,161,decrease,0.11912083625793457,0.0580500029027462
3351,1563,0,173,initiation,0.0,0.0923638865351677
3351,1563,0,264,decrease,0.09150277823209763,0.04535694792866707
3351,1563,0,277,decrease,0.07857916504144669,0.06492361426353455
3351,1563,0,381,decrease,0.08412499725818634,0.041697222739458084
3351,1563,0,413,increase,0.013294443488121033,0.03274860978126526
3351,1563,0,428,decrease,0.03426944464445114,0.01719583198428154
3351,1563,0,452,decrease,0.04695972055196762,0.02845555543899536
3351,1563,0,472,increase,0.055052779614925385,0.07558611035346985
3351,1563,0,484,initiation,0.0,0.07684722542762756
3351,1563,0,507,decrease,0.07205555588006973,0.03602083399891853
3351,1563,0,519,increase,0.06512221693992615,0.07796388864517212
3351,1563,0,537,initiation,0.0,0.061129167675971985
3351,1563,0,601,decrease,0.07036250084638596,0.033990278840065
3351,1563,0,613,initiation,0.0,0.05318193882703781
3351,1563,0,636,increase,0.05389028042554855,0.06816805899143219
3351,1563,0,648,increase,0.032512497156858444,0.06422083079814911
3351,1563,0,957,decrease,0.0669500008225441,0.0332319438457489
3351,1563,0,969,initiation,0.0,0.04824861139059067
3351,1563,0,985,decrease,0.05020277947187424,0.02503194473683834
3351,1563,0,1103,decrease,0.06712360680103302,0.03251389041543007
3351,1563,1,12,initiation,0.0,0.9868111610412598
3351,1563,1,25,initiation,0.0,0.09080000221729279
3351,1563,1,43,decrease,0.11093194782733917,0.054152779281139374
3351,1563,1,59,initiation,0.0,0.0535319447517395
3351,1563,1,117,decrease,0.06494027376174927,0.032152775675058365
3351,1563,1,169,decrease,0.061605554074048996,0.027929166331887245
3351,1563,1,214,decrease,0.07499166578054428,0.03838749974966049
3351,1563,1,428,decrease,0.08142638951539993,0.061444446444511414
3351,1563,1,638,decrease,0.09139861166477203,0.045488886535167694
3351,1563,1,650,increase,0.03547777980566025,0.0793069452047348
3351,1563,1,770,decrease,0.0819944441318512,0.04087499901652336
3351,1563,1,788,decrease,0.09360833466053009,0.04588333144783974
3351,1563,1,800,increase,0.032955557107925415,0.07956250011920929
3351,1563,1,845,decrease,0.08173194527626038,0.04043055698275566
3351,1563,1,876,decrease,0.09297221899032593,0.04597500339150429
3351,1563,1,1018,decrease,0.08209861069917679,0.06113611161708832
3351,1563,1,1104,decrease,0.08698749542236328,0.043348610401153564
3368,4280,0,20,initiation,0.0,0.04858610779047012
3368,4280,0,32,stop,0.10333193838596344,0.0
3368,4280,0,49,initiation,0.0,0.04563611000776291
3368,4280,0,69,decrease,0.053598612546920776,0.02808055654168129
3368,4280,0,81,increase,0.05945555865764618,0.09100554883480072
3368,4280,0,99,decrease,0.08833333849906921,0.042868055403232574
3368,4280,0,112,initiation,0.0,0.05165138840675354
3368,4280,0,153,decrease,0.05456527695059776,0.02690555527806282
3368,4280,0,487,decrease,0.04641389101743698,0.022284721955657005
3368,4280,0,527,increase,0.004752777516841888,0.033819444477558136
3368,4280,0,578,increase,0.03503333404660225,0.05678194388747215
3368,4280,0,590,initiation,0.0,0.0479680560529232
3368,4280,0,698,decrease,0.04575555771589279,0.02240000106394291
3368,4280,0,751,initiation,0.0,0.03720416501164436
3368,4280,0,793,decrease,0.046916663646698,0.023051388561725616
3368,4280,0,810,increase,0.01330555509775877,0.03297360986471176
3368,4280,0,830,decrease,0.03297360986471176,0.014818055555224419
3368,4280,0,880,decrease,0.04584444314241409,0.029786109924316406
3368,4280,0,908,decrease,0.07036666572093964,0.03483472019433975
3368,4280,0,920,initiation,0.0,0.05551805719733238
3368,4280,0,1002,decrease,0.053325001150369644,0.025555554777383804
3368,4280,1,16,initiation,0.0,0.04262638837099075
3368,4280,1,32,decrease,0.15580973029136658,0.07531249523162842
3368,4280,1,44,initiation,0.0,0.1001819372177124
3368,4280,1,148,decrease,0.09486110508441925,0.07184305787086487
3368,4280,1,382,decrease,0.11282361298799515,0.05570555850863457
3368,4280,1,394,initiation,0.0,0.08662082999944687
3368,4280,1,410,initiation,0.0,0.06673333793878555
3368,4280,1,422,increase,0.06072777882218361,0.08092222362756729
3368,4280,1,488,decrease,0.0837513878941536,0.041430555284023285
3368,4280,1,516,increase,0.01529027707874775,0.03571249917149544
3368,4280,1,581,decrease,0.045209720730781555,0.02259722352027893
3368,4280,1,626,increase,0.06868194788694382,0.09009027481079102
3368,4280,1,663,decrease,0.08570139110088348,0.04210277646780014
3368,4280,1,697,decrease,0.07286249846220016,0.03647360950708389
3368,4280,1,716,initiation,0.0,0.03626111149787903
3368,4280,1,743,decrease,0.041256941854953766,0.020883332937955856
3368,4280,1,775,decrease,0.0905652791261673,0.04404027760028839
3368,4280,1,799,initiation,0.0,0.054762501269578934
3368,4280,1,840,increase,0.05508055537939072,0.07722917199134827
3368,4280,1,1031,decrease,0.07397361099720001,0.036351390182971954
3368,4280,1,1043,initiation,0.0,0.04761805385351181
3368,4280,1,1067,decrease,0.051443055272102356,0.02551666647195816
3407,388,0,21,initiation,0.0,0.1472972184419632
3407,388,0,33,initiation,0.0,0.0850222259759903
3407,388,0,91,increase,0.07314027845859528,0.11478333175182343
3407,388,0,103,initiation,0.0,0.11038471758365631
3407,388,0,118,decrease,0.10673194378614426,0.05216805636882782
3407,388,0,130,initiation,0.0,0.07515833526849747
3407,388,0,159,initiation,0.0,0.03604999929666519
3407,388,0,174,decrease,0.03359583392739296,0.01302500069141388
3407,388,0,222,decrease,0.035402778536081314,0.017277777194976807
3407,388,0,569,decrease,0.04305277764797211,0.020669443532824516
3407,388,1,16,initiation,0.0,0.4861111044883728
3407,388,1,28,initiation,0.0,0.09121111035346985
3407,388,1,142,decrease,0.08291389048099518,0.040986113250255585
3407,388,1,154,stop,0.0646597221493721,0.0
3407,388,1,224,increase,0.06582082808017731,0.08825694024562836
3407,388,1,245,decrease,0.08641805499792099,0.05839444324374199
3407,388,1,257,increase,0.07047361135482788,0.10527777671813965
3407,388,1,421,decrease,0.09940139204263687,0.04888471961021423
3407,388,1,433,initiation,0.0,0.07664445042610168
3407,388,1,529,decrease,0.07778055965900421,0.045931942760944366
3407,388,1,627,decrease,0.09004028141498566,0.044599998742341995
3421,5634,0,17,initiation,0.0,0.6944444179534912
3421,5634,0,29,initiation,0.0,0.1354375034570694
3421,5634,0,41,stop,0.13496527075767517,0.0
3421,5634,0,58,initiation,0.0,0.04726388677954674
3421,5634,0,99,decrease,0.06459861248731613,0.031958334147930145
3421,5634,0,143,decrease,0.07225694507360458,0.03542083501815796
3421,5634,0,213,decrease,0.060750000178813934,0.02984444610774517
3421,5634,0,348,decrease,0.04902639240026474,0.02450694516301155
3421,5634,0,496,decrease,0.054559722542762756,0.026781946420669556
3421,5634,0,536,increase,0.01225138921290636,0.029688889160752296
3421,5634,0,633,decrease,0.03472083434462547,0.0175180546939373
3421,5634,0,645,stop,0.044301390647888184,0.0
3421,5634,0,657,increase,0.014194444753229618,0.03462500125169754
3421,5634,0,692,decrease,0.03550555557012558,0.022562500089406967
3421,5634,0,759,decrease,0.041062500327825546,0.02031249925494194
3421,5634,0,850,decrease,0.03676944226026535,0.023427776992321014
3421,5634,0,863,decrease,0.042673610150814056,0.020616667345166206
3421,5634,0,886,initiation,0.0,0.0424458347260952
3421,5634,0,898,initiation,0.0,0.04281388968229294
3421,5634,0,944,increase,0.032415278255939484,0.049755554646253586
3421,5634,0,956,increase,0.02420138753950596,0.05570971965789795
3421,5634,0,990,decrease,0.0594513900578022,0.030069444328546524
3421,5634,1,13,initiation,0.0,0.8720444440841675
3421,5634,1,25,initiation,0.0,0.12950833141803741
3421,5634,1,41,decrease,0.1202777773141861,0.05788471922278404
3421,5634,1,74,increase,0.010348611511290073,0.030368056148290634
3421,5634,1,493,increase,0.03864027559757233,0.058759719133377075
3421,5634,1,505,increase,0.02954999916255474,0.06465138494968414
3421,5634,1,631,increase,0.05798611044883728,0.23614028096199036
3421,5634,1,643,increase,0.012506945058703423,0.09729444235563278
3421,5634,1,668,decrease,0.09173472225666046,0.04556944593787193
3421,5634,1,744,decrease,0.07538888603448868,0.0372375026345253
3421,5634,1,756,increase,0.02568194270133972,0.062373608350753784
3421,5634,1,768,increase,0.026115277782082558,0.05858749896287918
3421,5634,1,836,decrease,0.06262777745723724,0.03141389042139053
3421,5634,1,981,decrease,0.06377638876438141,0.03157777711749077
3431,3174,0,28,initiation,0.0,0.6944444179534912
3431,3174,0,40,initiation,0.0,0.08741527795791626
3431,3174,0,76,decrease,0.15048053860664368,0.07411666214466095
3431,3174,0,90,initiation,0.0,0.07535555958747864
3431,3174,0,102,stop,0.08981527388095856,0.0
3431,3174,0,117,initiation,0.0,0.046004168689250946
3431,3174,0,631,decrease,0.04733610898256302,0.02380138821899891
3431,3174,0,650,initiation,0.0,0.035599999129772186
3431,3174,0,718,decrease,0.08728611469268799,0.043393056839704514
3431,3174,0,730,initiation,0.0,0.0691041648387909
3431,3174,0,959,decrease,0.06529861688613892,0.03223055601119995
3431,3174,0,971,initiation,0.0,0.04915555566549301
3431,3174,0,983,stop,0.04879027605056763,0.0
3431,3174,0,1007,decrease,0.04307222366333008,0.026952777057886124
3431,3174,0,1202,decrease,0.053276389837265015,0.02617916837334633
3431,3174,1,23,initiation,0.0,0.5555555820465088
3431,3174,1,36,initiation,0.0,0.06562083214521408
3431,3174,1,57,decrease,0.09654583036899567,0.04703889042139053
3431,3174,1,69,initiation,0.0,0.8408430814743042
3431,3174,1,81,initiation,0.0,0.15321388840675354
3431,3174,1,123,initiation,0.0,0.039472222328186035
3431,3174,1,157,decrease,0.045544445514678955,0.02287638932466507
3431,3174,1,169,initiation,0.0,0.0365680530667305
3431,3174,1,192,decrease,0.03814444690942764,0.014204166829586029
3431,3174,1,204,increase,0.03202222287654877,0.05947916954755783
3431,3174,1,321,increase,0.057851389050483704,0.09786944836378098
3431,3174,1,333,initiation,0.0,0.11091111600399017
3431,3174,1,346,decrease,0.10776527971029282,0.05515694618225098
3431,3174,1,358,increase,0.08155417442321777,0.14531250298023224
3431,3174,1,423,decrease,0.13365139067173004,0.06659722328186035
3431,3174,1,444,initiation,0.0,0.057447224855422974
3431,3174,1,465,decrease,0.07496249675750732,0.039205554872751236
3431,3174,1,507,decrease,0.10849166661500931,0.05413472279906273
3431,3174,1,540,increase,0.10801944136619568,0.12717638909816742
3431,3174,1,552,increase,0.0038124998100101948,0.1397097259759903
3431,3174,1,566,initiation,0.0,0.037719447165727615
3431,3174,1,578,stop,0.10417361557483673,0.0
3431,3174,1,592,initiation,0.0,0.05847083404660225
3431,3174,1,614,decrease,0.06790556013584137,0.033315278589725494
3431,3174,1,626,stop,0.08235833048820496,0.0
3431,3174,1,638,stop,0.3832722008228302,0.0
3431,3174,1,650,stop,0.16423611342906952,0.0
3431,3174,1,664,initiation,0.0,0.07432916760444641
3431,3174,1,676,stop,0.09781944751739502,0.0
3431,3174,1,718,decrease,0.13281527161598206,0.06594999879598618
3431,3174,1,730,initiation,0.0,0.0880027785897255
3431,3174,1,742,initiation,0.0,0.09259583055973053
3431,3174,1,762,decrease,0.0939333364367485,0.05796944350004196
3431,3174,1,776,decrease,0.10734027624130249,0.052170831710100174
3431,3174,1,788,decrease,0.09704583883285522,0.04671666771173477
3431,3174,1,802,initiation,0.0,0.07094444334506989
3431,3174,1,817,decrease,0.07571666687726974,0.038002777844667435
3431,3174,1,829,initiation,0.0,0.06752639263868332
3431,3174,1,1043,decrease,0.07356944680213928,0.03654305636882782
3431,3174,1,1087,decrease,0.07436250150203705,0.036104168742895126
3431,3174,1,1099,increase,0.024948609992861748,0.062408335506916046
3431,3174,1,1196,decrease,0.06444722414016724,0.03437361121177673
3431,3174,1,1208,initiation,0.0,0.10590694844722748
3431,3174,1,1221,decrease,0.10519860684871674,0.05168472230434418
3439,1978,0,12,initiation,0.0,0.6944444179534912
3439,1978,0,24,initiation,0.0,0.09247361123561859
3439,1978,0,63,decrease,0.12598472833633423,0.0624111108481884
3439,1978,0,151,decrease,0.1280222237110138,0.08564861118793488
3439,1978,0,163,increase,0.04675277695059776,0.1072097197175026
3439,1978,0,175,initiation,0.0,0.09451527893543243
3439,1978,0,1193,decrease,0.07679583132266998,0.037433333694934845
3439,1978,1,12,initiation,0.0,1.1111111640930176
3439,1978,1,24,initiation,0.0,0.15426111221313477
3439,1978,1,43,decrease,0.14200279116630554,0.06769583374261856
3439,1978,1,268,decrease,0.09930276870727539,0.06961943954229355
3439,1978,1,327,decrease,0.10633750259876251,0.05347499996423721
3439,1978,1,407,decrease,0.10067222267389297,0.05002500116825104
3439,1978,1,713,decrease,0.09523472189903259,0.047341663390398026
3439,1978,1,879,decrease,0.08928749710321426,0.04432499781250954
3439,1978,1,898,initiation,0.0,0.03861111402511597
3439,1978,1,945,decrease,0.051926389336586,0.025636110454797745
3439,1978,1,1237,decrease,0.05522638559341431,0.027397222816944122
3468,4632,0,59,initiation,0.0,0.1914583444595337
3468,4632,0,71,initiation,0.0,0.08741805702447891
3468,4632,0,265,decrease,0.059356942772865295,0.029213888570666313
3468,4632,0,277,initiation,0.0,0.04692777991294861
3468,4632,0,308,decrease,0.0471208319067955,0.02294166572391987
3468,4632,0,320,initiation,0.0,0.03630972281098366
3468,4632,0,348,decrease,0.036315277218818665,0.017480555921792984
3468,4632,0,365,increase,0.010905555449426174,0.025668054819107056
3468,4632,0,430,decrease,0.028422223404049873,0.013858333230018616
3468,4632,0,442,increase,0.026737499982118607,0.050562500953674316
3468,4632,0,884,decrease,0.04372221976518631,0.021022221073508263
3468,4632,0,899,increase,0.014018055982887745,0.03221388906240463
3468,4632,0,1027,decrease,0.03500833362340927,0.017047222703695297
3468,4632,0,1156,decrease,0.035584721714258194,0.018865277990698814
3468,4632,0,1457,decrease,0.04195694625377655,0.019776389002799988
3468,4632,1,53,initiation,0.0,0.24457360804080963
3468,4632,1,65,initiation,0.0,0.08846665918827057
3468,4632,1,154,decrease,0.06928333640098572,0.03433472290635109
3468,4632,1,437,increase,0.009423610754311085,0.03188472241163254
3468,4632,1,451,increase,0.01868888922035694,0.0480513870716095
3468,4632,1,521,decrease,0.04274444282054901,0.020551389083266258
3468,4632,1,647,decrease,0.05960138887166977,0.02936111018061638
3468,4632,1,659,initiation,0.0,0.04733472317457199
3468,4632,1,972,decrease,0.050305552780628204,0.024738889187574387
3468,4632,1,1156,decrease,0.05012638866901398,0.025304166600108147
3468,4632,1,1457,decrease,0.058290280401706696,0.028927776962518692
3498,5920,0,824,decrease,0.050862498581409454,0.02473333477973938
3498,5920,0,836,decrease,0.2215583324432373,0.10270693898200989
3498,5920,0,870,initiation,0.0,0.03639722242951393
3498,5920,0,882,stop,0.040583331137895584,0.0
3498,5920,1,76,initiation,0.0,0.03577638790011406
3498,5920,1,165,increase,0.016337499022483826,0.042552776634693146
3498,5920,1,203,decrease,0.04135972261428833,0.020291665568947792
3498,5920,1,229,decrease,0.05069582909345627,0.024626391008496284
3498,5920,1,241,initiation,0.0,0.03932638838887215
3498,5920,1,825,decrease,0.0405319444835186,0.0198083333671093
3498,5920,1,855,initiation,0.0,0.03852222114801407
3498,5920,1,880,decrease,0.05280138924717903,0.026241665706038475
3498,5920,1,892,initiation,0.0,0.09938333928585052
3498,5920,1,991,decrease,0.09443750232458115,0.04696666821837425
3499,5884,0,18,initiation,0.0,0.6944444179534912
3499,5884,0,32,initiation,0.0,0.09048333764076233
3499,5884,0,54,decrease,0.1548069417476654,0.07533472031354904
3499,5884,0,72,initiation,0.0,0.0718708336353302
3499,5884,0,84,decrease,0.08029861748218536,0.048968054354190826
3499,5884,0,96,stop,0.11062917113304138,0.0
3499,5884,0,211,decrease,0.07269444316625595,0.03545694425702095
3499,5884,0,225,initiation,0.0,0.043602779507637024
3499,5884,0,237,initiation,0.0,0.03995972126722336
3499,5884,0,251,decrease,0.04155416786670685,0.02059861086308956
3499,5884,0,263,increase,0.015190278179943562,0.035043053328990936
3499,5884,0,276,increase,0.017127778381109238,0.0463833324611187
3499,5884,0,290,stop,0.04843055456876755,0.0
3499,5884,0,302,increase,0.05152638629078865,0.07701389491558075
3499,5884,0,364,decrease,0.07305555045604706,0.05949722230434418
3499,5884,0,1502,decrease,0.06272639334201813,0.02981666661798954
3499,5884,0,1514,initiation,0.0,0.044805556535720825
3499,5884,0,1565,decrease,0.047252777963876724,0.023293055593967438
3499,5884,0,1583,increase,0.013009721413254738,0.030949998646974564
3499,5884,0,1605,decrease,0.03238888829946518,0.016255555674433708
3499,5884,0,1651,decrease,0.01945694535970688,0.006384722422808409
3499,5884,0,1669,decrease,0.038075000047683716,0.018613889813423157
3499,5884,1,17,initiation,0.0,0.5555555820465088
3499,5884,1,29,initiation,0.0,0.06918749958276749
3499,5884,1,48,increase,0.11475278437137604,0.3916388750076294
3499,5884,1,88,initiation,0.0,0.037736110389232635
3499,5884,1,184,decrease,0.05449305474758148,0.026915278285741806
3499,5884,1,211,decrease,0.049719445407390594,0.02428472228348255
3499,5884,1,223,increase,0.016786111518740654,0.04296111315488815
3499,5884,1,235,stop,0.042008332908153534,0.0
3499,5884,1,270,decrease,0.03754305839538574,0.01895555481314659
3499,5884,1,287,decrease,0.048245832324028015,0.022874999791383743
3499,5884,1,328,decrease,0.06461111456155777,0.019950000569224358
3499,5884,1,364,decrease,0.07883332669734955,0.03903749957680702
3499,5884,1,398,increase,0.08809305727481842,0.10853749513626099
3499,5884,1,411,increase,0.06512083113193512,0.1053958386182785
3499,5884,1,423,decrease,0.10572777688503265,0.07247638702392578
3499,5884,1,466,increase,0.11624583601951599,0.16096806526184082
3499,5884,1,478,initiation,0.0,0.16492637991905212
3499,5884,1,512,decrease,0.15660694241523743,0.07820694148540497
3499,5884,1,525,initiation,0.0,0.03887777775526047
3499,5884,1,539,initiation,0.0,0.06644999980926514
3499,5884,1,569,increase,0.08786805719137192,0.24928194284439087
3499,5884,1,581,initiation,0.0,0.16404028236865997
3499,5884,1,593,stop,0.1611236035823822,0.0
3499,5884,1,672,decrease,0.1320805549621582,0.06446527689695358
3499,5884,1,684,initiation,0.0,0.10706250369548798
3499,5884,1,766,decrease,0.11182639002799988,0.0559791661798954
3499,5884,1,778,initiation,0.0,0.08809861540794373
3499,5884,1,874,decrease,0.09290972352027893,0.04565277695655823
3499,5884,1,886,initiation,0.0,0.059687502682209015
3499,5884,1,1020,decrease,0.07459583878517151,0.036311108618974686
3499,5884,1,1478,decrease,0.07479722052812576,0.036569442600011826
3499,5884,1,1490,increase,0.025805555284023285,0.12195555865764618
3499,5884,1,1502,decrease,0.1215333342552185,0.059788890182971954
3499,5884,1,1515,initiation,0.0,0.07180139422416687
3499,5884,1,1565,decrease,0.08292499929666519,0.04114861041307449
3499,5884,1,1577,increase,0.031027777120471,0.07039444148540497
3499,5884,1,1651,decrease,0.07411111146211624,0.03624305501580238
3507,5082,0,83,initiation,0.0,0.041531942784786224
3507,5082,0,124,decrease,0.08451250195503235,0.0563819482922554
3507,5082,0,605,decrease,0.06283888965845108,0.03110416792333126
3507,5082,0,624,initiation,0.0,0.035858333110809326
3507,5082,0,748,decrease,0.041788890957832336,0.020916666835546494
3507,5082,0,932,decrease,0.04397638887166977,0.021440278738737106
3507,5082,0,949,increase,0.014269445091485977,0.030363889411091805
3507,5082,0,1044,decrease,0.032859720289707184,0.01623055525124073
3507,5082,1,79,initiation,0.0,0.038862500339746475
3507,5082,1,93,decrease,0.12256388366222382,0.058311112225055695
3507,5082,1,1045,decrease,0.03746388852596283,0.018609723076224327
3537,2784,0,107,initiation,0.0,0.6944444179534912
3537,2784,0,119,initiation,0.0,0.12759166955947876
3537,2784,0,189,decrease,0.1180763840675354,0.05844305455684662
3537,2784,0,217,initiation,0.0,0.036375001072883606
3537,2784,0,229,stop,0.040166668593883514,0.0
3537,2784,0,241,increase,0.010054166428744793,0.09401805698871613
3537,2784,0,253,increase,0.09294166415929794,0.10938332974910736
3537,2784,0,273,decrease,0.10755138099193573,0.05233472213149071
3537,2784,0,288,initiation,0.0,0.05789444223046303
3537,2784,0,322,decrease,0.06655555963516235,0.033181946724653244
3537,2784,0,334,decrease,0.08706527948379517,0.018393056467175484
3537,2784,0,361,decrease,0.09923888742923737,0.04919444024562836
3537,2784,0,376,initiation,0.0,0.05656805634498596
3537,2784,0,411,decrease,0.06093888729810715,0.031449999660253525
3537,2784,0,426,decrease,0.07963193953037262,0.039156947284936905
3537,2784,0,438,initiation,0.0,0.07401250302791595
3537,2784,0,534,decrease,0.07530972361564636,0.03719305619597435
3537,2784,0,546,initiation,0.0,0.057790279388427734
3537,2784,0,649,decrease,0.05948472023010254,0.029394444078207016
3537,2784,0,993,decrease,0.059776388108730316,0.029794443398714066
3537,2784,0,1005,initiation,0.0,0.07823749631643295
3537,2784,0,1017,decrease,0.07682222127914429,0.01644027791917324
3537,2784,0,1029,stop,0.04681389033794403,0.0
3537,2784,0,1291,decrease,0.07648194581270218,0.0507499985396862
3537,2784,0,1321,decrease,0.0851791650056839,0.04237638786435127
3537,2784,0,1333,initiation,0.0,0.06680972874164581
3537,2784,0,1368,decrease,0.06700416654348373,0.03322361037135124
3537,2784,0,1474,decrease,0.06689722090959549,0.03379860892891884
3537,2784,0,1698,decrease,0.06688055396080017,0.03312777727842331
3537,2784,0,1710,initiation,0.0,0.08128055185079575
3537,2784,0,1729,initiation,0.0,0.07539999485015869
3537,2784,0,1743,initiation,0.0,0.05934583395719528
3537,2784,0,1808,increase,0.06489583104848862,0.08717361092567444
3537,2784,0,1822,initiation,0.0,0.036093056201934814
3537,2784,0,1834,stop,0.08160138875246048,0.0
3537,2784,0,1846,increase,0.028763888403773308,0.06221389025449753
3537,2784,0,1895,decrease,0.06356944143772125,0.03128194436430931
3537,2784,0,1914,decrease,0.05606111139059067,0.028058333322405815
3537,2784,0,1926,initiation,0.0,0.03586388751864433
3537,2784,0,1959,decrease,0.04094305634498596,0.020577777177095413
3537,2784,0,1980,increase,0.011304166167974472,0.025212500244379044
3537,2784,0,2070,decrease,0.03216388821601868,0.01611388847231865
3537,2784,1,102,initiation,0.0,0.5555555820465088
3537,2784,1,114,initiation,0.0,0.14028333127498627
3537,2784,1,179,decrease,0.10902638733386993,0.05288610979914665
3537,2784,1,206,initiation,0.0,0.03946944326162338
3537,2784,1,229,decrease,0.04488333314657211,0.022450000047683716
3537,2784,1,245,increase,0.01288333348929882,0.03489583358168602
3537,2784,1,257,initiation,0.0,0.06539306044578552
3537,2784,1,361,decrease,0.06181805580854416,0.030670832842588425
3537,2784,1,373,initiation,0.0,0.04732361063361168
3537,2784,1,385,decrease,0.04780694097280502,0.02399027906358242
3537,2784,1,458,increase,0.014315278269350529,0.04344305396080017
3537,2784,1,1004,decrease,0.04055694490671158,0.0203208327293396
3537,2784,1,1962,decrease,0.0407097190618515,0.020804166793823242
3537,2784,1,2092,decrease,0.06149027869105339,0.030370833352208138
3545,2498,0,38,initiation,0.0,0.04871527850627899
3545,2498,0,50,stop,0.09914582967758179,0.0
3545,2498,0,62,initiation,0.0,0.05060138925909996
3545,2498,0,75,stop,0.05142083019018173,0.0
3545,2498,0,87,initiation,0.0,0.03853055462241173
3545,2498,0,177,decrease,0.03420416638255119,0.017044445499777794
3545,2498,0,210,decrease,0.0448930561542511,0.021645832806825638
3545,2498,0,227,increase,0.011865277774631977,0.030787501484155655
3545,2498,0,334,decrease,0.030016664415597916,0.014940277673304081
3545,2498,0,346,increase,0.023880556225776672,0.06737639009952545
3545,2498,0,908,decrease,0.04927361011505127,0.024294445291161537
3545,2498,0,920,initiation,0.0,0.03767360746860504
3545,2498,0,939,decrease,0.03730972111225128,0.018409721553325653
3545,2498,0,1049,increase,0.009390277788043022,0.03034583479166031
3545,2498,0,1061,increase,0.014241666533052921,0.04495972394943237
3545,2498,0,1348,decrease,0.04066527634859085,0.020311109721660614
3545,2498,0,1365,increase,0.012984721921384335,0.027679167687892914
3545,2498,0,1498,decrease,0.030913889408111572,0.01505972258746624
3545,2498,1,26,initiation,0.0,0.15459443628787994
3545,2498,1,38,initiation,0.0,0.14807361364364624
3545,2498,1,59,decrease,0.1318763792514801,0.06309166550636292
3545,2498,1,71,initiation,0.0,0.08712361752986908
3545,2498,1,86,initiation,0.0,0.05310139060020447
3545,2498,1,269,decrease,0.06627082824707031,0.032898612320423126
3545,2498,1,281,initiation,0.0,0.0507916659116745
3545,2498,1,354,decrease,0.05454166978597641,0.027861110866069794
3545,2498,1,366,initiation,0.0,0.05854860693216324
3545,2498,1,403,increase,0.057851389050483704,0.07706111669540405
3545,2498,1,657,decrease,0.07332083582878113,0.036116667091846466
3545,2498,1,669,increase,0.02434999868273735,0.06042361259460449
3545,2498,1,1550,decrease,0.06327222287654877,0.03108055517077446
3560,6037,0,25,initiation,0.0,0.3671208322048187
3560,6037,0,37,initiation,0.0,0.09796389192342758
3560,6037,0,51,increase,0.062293052673339844,0.11081667244434357
3560,6037,0,63,stop,0.07943472266197205,0.0
3560,6037,0,92,decrease,0.09524722397327423,0.04608055576682091
3560,6037,0,104,initiation,0.0,0.05586250126361847
3560,6037,0,116,stop,0.06431110948324203,0.0
3560,6037,0,265,decrease,0.04590555652976036,0.019619444385170937
3560,6037,0,288,decrease,0.06960000097751617,0.03400416672229767
3560,6037,0,300,increase,0.024112500250339508,0.05784444510936737
3560,6037,0,375,decrease,0.05477222055196762,0.028054166585206985
3560,6037,0,431,decrease,0.06251806020736694,0.03030972182750702
3560,6037,0,443,initiation,0.0,0.04912639036774635
3560,6037,0,639,decrease,0.04915138706564903,0.024530556052923203
3560,6037,1,21,initiation,0.0,0.24158471822738647
3560,6037,1,34,initiation,0.0,0.054197221994400024
3560,6037,1,61,decrease,0.0658569484949112,0.03218749910593033
3560,6037,1,74,initiation,0.0,0.03798055648803711
3560,6037,1,93,decrease,0.04431111365556717,0.021591665223240852
3560,6037,1,144,initiation,0.0,0.04721388965845108
3560,6037,1,184,decrease,0.04721805453300476,0.023404166102409363
3560,6037,1,239,initiation,0.0,0.04732638970017433
3560,6037,1,259,decrease,0.04726805537939072,0.023152777925133705
3560,6037,1,271,initiation,0.0,0.08997222036123276
3560,6037,1,639,decrease,0.08168333768844604,0.04005972295999527
3560,6037,1,655,initiation,0.0,0.04612778127193451
3560,6037,1,683,decrease,0.0564027801156044,0.028309721499681473
3572,3867,0,12,initiation,0.0,0.6944444179534912
3572,3867,0,24,initiation,0.0,0.09206806123256683
3572,3867,0,36,increase,0.0656013935804367,0.1132027804851532
3572,3867,0,85,decrease,0.10250277817249298,0.04970138892531395
3572,3867,0,100,initiation,0.0,0.055791668593883514
3572,3867,0,651,decrease,0.05401388928294182,0.026430556550621986
3572,3867,0,797,decrease,0.048726387321949005,0.02444305643439293
3572,3867,0,1784,decrease,0.04322222247719765,0.021626388654112816
3572,3867,0,2344,decrease,0.042331941425800323,0.020754165947437286
3572,3867,1,13,initiation,0.0,0.05416250228881836
3572,3867,1,30,decrease,0.10636389255523682,0.05060972273349762
3572,3867,1,42,initiation,0.0,0.07564166188240051
3572,3867,1,85,decrease,0.07527083158493042,0.037283334881067276
3572,3867,1,99,initiation,0.0,0.042969442903995514
3572,3867,1,418,decrease,0.05216111242771149,0.025679167360067368
3572,3867,1,574,decrease,0.05757083371281624,0.028049997985363007
3572,3867,1,823,decrease,0.051802776753902435,0.02576388791203499
3572,3867,1,1695,decrease,0.05136805772781372,0.02558888867497444
3572,3867,1,1708,increase,0.022913888096809387,0.046856943517923355
3572,3867,1,1850,decrease,0.05234861373901367,0.026084722951054573
3572,3867,1,2345,decrease,0.051402777433395386,0.025313887745141983
3572,3867,1,2410,initiation,0.0,0.03639722242951393
3572,3867,1,2482,initiation,0.0,0.29501110315322876
3572,3867,1,2494,initiation,0.0,0.07193472236394882
3572,3867,1,2551,decrease,0.06232916936278343,0.03016805648803711
3573,3038,0,15,initiation,0.0,0.6944444179534912
3573,3038,0,27,initiation,0.0,0.08714444190263748
3573,3038,0,58,decrease,0.15031111240386963,0.0768750011920929
3573,3038,0,86,decrease,0.1775069534778595,0.0848861113190651
3573,3038,0,106,initiation,0.0,0.07147777080535889
3573,3038,0,134,decrease,0.08124444633722305,0.04049583151936531
3573,3038,0,210,decrease,0.0936819463968277,0.045452781021595
3573,3038,0,222,initiation,0.0,0.07270416617393494
3573,3038,0,497,increase,0.06940555572509766,0.08244305849075317
3573,3038,0,511,increase,0.06990416347980499,0.08943888545036316
3573,3038,0,523,decrease,0.08855000138282776,0.04023472219705582
3573,3038,0,550,decrease,0.07953333854675293,0.038959722965955734
3573,3038,0,562,increase,0.031300000846385956,0.06752083450555801
3573,3038,0,1049,decrease,0.0655902773141861,0.03231249749660492
3573,3038,0,1061,initiation,0.0,0.04120277985930443
3573,3038,0,1082,increase,0.046431947499513626,0.42623886466026306
3573,3038,1,12,initiation,0.0,1.1111111640930176
3573,3038,1,24,initiation,0.0,0.15197083353996277
3573,3038,1,68,decrease,0.1263180524110794,0.061351388692855835
3573,3038,1,85,decrease,0.10431250184774399,0.05224861204624176
3573,3038,1,101,initiation,0.0,0.04706527665257454
3573,3038,1,178,decrease,0.06651249527931213,0.033565279096364975
3573,3038,1,494,decrease,0.07848194241523743,0.03931389003992081
3573,3038,1,506,increase,0.09486805647611618,0.1447875201702118
3573,3038,1,537,decrease,0.11981388926506042,0.04584861174225807
3573,3038,1,872,decrease,0.10742916166782379,0.0538402758538723
3573,3038,1,933,decrease,0.0923541709780693,0.0459861122071743
3573,3038,1,945,increase,0.03668055683374405,0.08496805280447006
3573,3038,1,1048,decrease,0.08867916464805603,0.0441819466650486
3573,3038,1,1067,initiation,0.0,0.042288888245821
3573,3038,1,1099,decrease,0.049073610454797745,0.024920834228396416
3610,4519,0,12,initiation,0.0,0.12404583394527435
3610,4519,0,24,stop,0.060559723526239395,0.0
3610,4519,0,51,decrease,0.09141110628843307,0.04405416548252106
3610,4519,0,65,initiation,0.0,0.047441668808460236
3610,4519,0,104,decrease,0.05936666950583458,0.03902916610240936
3610,4519,0,699,decrease,0.05382777750492096,0.026920832693576813
3610,4519,0,711,initiation,0.0,0.04562778025865555
3610,4519,0,731,increase,0.013433333486318588,0.033455558121204376
3610,4519,0,993,decrease,0.04443749785423279,0.02259722352027893
3610,4519,0,1132,decrease,0.04841666668653488,0.024933332577347755
3610,4519,0,1144,increase,0.014127777889370918,0.07474583387374878
3610,4519,0,1214,decrease,0.06779305636882782,0.0339430533349514
3610,4519,0,1226,initiation,0.0,0.05482916533946991
3610,4519,0,1322,decrease,0.05435694381594658,0.02659027837216854
3610,4519,0,1334,initiation,0.0,0.04176250100135803
3610,4519,0,1599,decrease,0.04536527767777443,0.022023610770702362
3610,4519,0,1611,initiation,0.0,0.07031527906656265
3610,4519,0,1659,decrease,0.06610000133514404,0.032805558294057846
3610,4519,1,17,decrease,0.10641666501760483,0.051112499088048935
3610,4519,1,35,initiation,0.0,0.043736111372709274
3610,4519,1,308,decrease,0.06151111051440239,0.030736109241843224
3610,4519,1,333,decrease,0.057163890451192856,0.027844445779919624
3610,4519,1,704,decrease,0.0576944425702095,0.02836666628718376
3610,4519,1,739,decrease,0.049465276300907135,0.02443472295999527
3610,4519,1,782,decrease,0.05026805400848389,0.0251499991863966
3610,4519,1,868,decrease,0.0467861071228981,0.02327639050781727
3610,4519,1,880,increase,0.01674722135066986,0.04009722173213959
3610,4519,1,942,decrease,0.04194860905408859,0.020448610186576843
3610,4519,1,1072,decrease,0.050700001418590546,0.025429166853427887
3610,4519,1,1151,decrease,0.05446111410856247,0.027122221887111664
3610,4519,1,1166,decrease,0.04800555855035782,0.024090277031064034
3610,4519,1,1178,initiation,0.0,0.038413889706134796
3610,4519,1,1209,decrease,0.04009305685758591,0.0204986110329628
3610,4519,1,1225,decrease,0.052025001496076584,0.02970277890563011
3610,4519,1,1242,decrease,0.0579819455742836,0.02880694344639778
3610,4519,1,1284,decrease,0.050373610109090805,0.025155555456876755
3610,4519,1,1296,initiation,0.0,0.03947361186146736
3610,4519,1,1615,decrease,0.041826389729976654,0.02089861035346985
3610,4519,1,1660,decrease,0.04222777858376503,0.020927777513861656
3617,4600,0,43,initiation,0.0,0.04142777621746063
3617,4600,0,65,decrease,0.11216388642787933,0.05478055775165558
3617,4600,0,89,initiation,0.0,0.03589305281639099
3617,4600,0,101,decrease,0.04383472353219986,0.021780556067824364
3617,4600,0,113,increase,0.0306249987334013,0.09175138920545578
3617,4600,0,144,decrease,0.08611111342906952,0.04163888841867447
3617,4600,0,168,initiation,0.0,0.035769447684288025
3617,4600,0,204,decrease,0.0366152748465538,0.019022222608327866
3617,4600,0,275,decrease,0.04837360978126526,0.023984720930457115
3617,4600,0,561,decrease,0.025287499651312828,0.013018055818974972
3617,4600,0,573,increase,0.02848472073674202,0.04943472146987915
3617,4600,0,641,decrease,0.0449819415807724,0.022268056869506836
3617,4600,0,667,increase,0.008802777156233788,0.021056946367025375
3617,4600,1,38,initiation,0.0,0.056695833802223206
3617,4600,1,202,decrease,0.08774861693382263,0.0439833328127861
3617,4600,1,214,initiation,0.0,0.06518332660198212
3617,4600,1,240,decrease,0.06726805865764618,0.03371666371822357
3617,4600,1,256,initiation,0.0,0.042872220277786255
3617,4600,1,274,decrease,0.04817777872085571,0.024327779188752174
3617,4600,1,286,initiation,0.0,0.03865833580493927
3617,4600,1,562,decrease,0.0343666672706604,0.012333333492279053
3617,4600,1,597,decrease,0.044629164040088654,0.024223610758781433
3617,4600,1,641,decrease,0.05338333547115326,0.026205556467175484
3617,4600,1,653,initiation,0.0,0.04089861363172531
3617,4600,1,675,decrease,0.04212778061628342,0.020798612385988235
3629,103,0,17,initiation,0.0,0.6481624841690063
3629,103,0,29,initiation,0.0,0.0892736092209816
3629,103,0,73,decrease,0.10119305551052094,0.051468055695295334
3629,103,0,135,decrease,0.11097083240747452,0.05426250025629997
3629,103,0,151,initiation,0.0,0.05595555156469345
3629,103,0,183,decrease,0.06282778084278107,0.031005553901195526
3629,103,0,195,initiation,0.0,0.04869305342435837
3629,103,0,207,stop,0.04913888871669769,0.0
3629,103,0,579,decrease,0.05754861235618591,0.02844861149787903
3629,103,0,627,initiation,0.0,0.04774861037731171
3629,103,0,1391,decrease,0.05315694585442543,0.026623612269759178
3629,103,0,1419,increase,0.06135000288486481,0.07637638598680496
3629,103,0,1435,initiation,0.0,0.04820694401860237
3629,103,0,1526,decrease,0.057794444262981415,0.028509723022580147
3629,103,0,1704,decrease,0.05180139094591141,0.02571944333612919
3629,103,0,1931,initiation,0.0,0.09700139611959457
3629,103,0,1943,initiation,0.0,0.07193750143051147
3629,103,0,1994,decrease,0.065198615193367,0.032261110842227936
3629,103,1,26,initiation,0.0,0.07340972125530243
3629,103,1,42,decrease,0.07493333518505096,0.03669166564941406
3629,103,1,68,increase,0.013088888488709927,0.03517360985279083
3629,103,1,80,increase,0.01736944355070591,0.048406943678855896
3629,103,1,135,decrease,0.0482972227036953,0.023738887161016464
3629,103,1,153,increase,0.01291388925164938,0.03398749977350235
3629,103,1,184,stop,0.03535277768969536,0.0
3629,103,1,207,stop,0.03659861162304878,0.0
3629,103,1,224,decrease,0.04220416769385338,0.020815279334783554
3629,103,1,240,increase,0.013047222048044205,0.03177499771118164
3629,103,1,511,decrease,0.03484722226858139,0.008956944569945335
3629,103,1,552,decrease,0.039972223341464996,0.020245833322405815
3629,103,1,772,decrease,0.05578194558620453,0.03005972132086754
3629,103,1,1214,decrease,0.06313888728618622,0.03144027665257454
3629,103,1,1228,initiation,0.0,0.037579163908958435
3629,103,1,1353,decrease,0.04719582945108414,0.023048609495162964
3629,103,1,1365,increase,0.013913888484239578,0.0766083300113678
3629,103,1,1393,decrease,0.07367777824401855,0.036245834082365036
3629,103,1,1406,initiation,0.0,0.04478055238723755
3629,103,1,1426,decrease,0.05365832895040512,0.02611805684864521
3629,103,1,1438,initiation,0.0,0.043187499046325684
3629,103,1,1503,increase,0.04640555381774902,0.21528750658035278
3629,103,1,1515,initiation,0.0,0.04284583404660225
3629,103,1,1527,stop,0.07606666535139084,0.0
3629,103,1,1544,initiation,0.0,0.03577639162540436
3629,103,1,1556,stop,0.04435277730226517,0.0
3629,103,1,1568,increase,0.05091944336891174,0.07528889179229736
3629,103,1,1603,decrease,0.07245555520057678,0.03580694645643234
3629,103,1,1615,increase,0.024465277791023254,0.05851111188530922
3629,103,1,1664,decrease,0.06274999678134918,0.03138750046491623
3629,103,1,1703,decrease,0.07189999520778656,0.035536110401153564
3629,103,1,1940,increase,0.014297221787273884,0.03371666744351387
3629,103,1,1994,decrease,0.040619440376758575,0.020274998620152473
3631,2533,0,53,initiation,0.0,0.038341667503118515
3631,2533,0,75,decrease,0.0997583344578743,0.049238886684179306
3631,2533,0,87,increase,0.03264722228050232,0.07886527478694916
3631,2533,0,630,decrease,0.05201944336295128,0.02484722062945366
3631,2533,0,643,initiation,0.0,0.03575694561004639
3631,2533,0,875,decrease,0.04034722223877907,0.019724998623132706
3631,2533,0,887,decrease,0.041280556470155716,0.020105555653572083
3631,2533,0,930,decrease,0.05465555936098099,0.027063889428973198
3631,2533,0,944,initiation,0.0,0.03618749976158142
3631,2533,0,999,decrease,0.039270833134651184,0.019309721887111664
3631,2533,0,1088,decrease,0.032083332538604736,0.015636112540960312
3631,2533,0,1267,initiation,0.0,0.042358335107564926
3631,2533,0,1279,decrease,0.056280553340911865,0.014915278181433678
3631,2533,0,1411,decrease,0.01921388879418373,0.006876389030367136
3631,2533,0,1448,increase,0.03365694731473923,0.04625694453716278
3631,2533,0,1460,increase,0.007138888817280531,0.04189583286643028
3631,2533,0,2393,decrease,0.034647222608327866,0.01897222176194191
3631,2533,0,2456,decrease,0.039597220718860626,0.01583472266793251
3631,2533,0,2496,decrease,0.04711249843239784,0.02278333157300949
3631,2533,0,2508,initiation,0.0,0.037372224032878876
3631,2533,0,2520,stop,0.03647083044052124,0.0
3631,2533,1,47,initiation,0.0,0.0768750011920929
3631,2533,1,70,decrease,0.11185139417648315,0.0543111115694046
3631,2533,1,94,initiation,0.0,0.04050832986831665
3631,2533,1,882,increase,0.04623611271381378,0.07286666333675385
3631,2533,1,894,increase,0.0018555554561316967,0.05883333086967468
3631,2533,1,908,increase,0.022737501189112663,0.06997222453355789
3631,2533,1,1007,decrease,0.06555138528347015,0.030612502247095108
3631,2533,1,1224,decrease,0.07444722950458527,0.03698055446147919
3631,2533,1,1236,initiation,0.0,0.06157916784286499
3631,2533,1,1262,decrease,0.06300972402095795,0.0308944433927536
3631,2533,1,1274,stop,0.10026944428682327,0.0
3631,2533,1,1305,initiation,0.0,0.04269305616617203
3631,2533,1,1476,decrease,0.0660402774810791,0.03290416672825813
3631,2533,1,1488,initiation,0.0,0.05304583162069321
3631,2533,1,2452,decrease,0.05514305830001831,0.027295833453536034
3631,2533,1,2464,initiation,0.0,0.0431152805685997
3631,2533,1,2476,stop,0.042929165065288544,0.0
3631,2533,1,2491,increase,0.011897222138941288,0.03237500041723251
3631,2533,1,2503,decrease,0.0332736112177372,0.0018986110808327794
3631,2533,1,2515,decrease,0.047102779150009155,0.022843055427074432
3641,1817,0,19,initiation,0.0,0.6944444179534912
3641,1817,0,31,initiation,0.0,0.08718471974134445
3641,1817,0,46,decrease,0.13433749973773956,0.06501249969005585
3641,1817,0,58,increase,0.04669027775526047,0.10729861259460449
3641,1817,0,551,decrease,0.07022222876548767,0.034934721887111664
3641,1817,0,572,initiation,0.0,0.03578472137451172
3641,1817,0,591,decrease,0.03712083399295807,0.018668055534362793
3641,1817,0,603,stop,0.05378749966621399,0.0
3641,1817,1,15,initiation,0.0,0.5555555820465088
3641,1817,1,29,initiation,0.0,0.05965694412589073
3641,1817,1,44,decrease,0.08872917294502258,0.04317916929721832
3641,1817,1,63,initiation,0.0,0.04032500088214874
3641,1817,1,138,decrease,0.045423611998558044,0.022938890382647514
3641,1817,1,150,initiation,0.0,0.07940833270549774
3641,1817,1,331,decrease,0.07284027338027954,0.03677777573466301
3641,1817,1,551,decrease,0.08183194696903229,0.04041805490851402
3641,1817,1,565,initiation,0.0,0.05304583162069321
3641,1817,1,601,decrease,0.06036250293254852,0.03032916598021984
3663,4624,0,44,initiation,0.0,0.6944444179534912
3663,4624,0,56,decrease,0.13984304666519165,0.04870694503188133
3663,4624,0,215,decrease,0.14082223176956177,0.06939861178398132
3663,4624,0,230,initiation,0.0,0.07473333179950714
3663,4624,0,284,decrease,0.08701944351196289,0.043204165995121
3663,4624,0,319,increase,0.11071667075157166,0.12299028038978577
3663,4624,0,754,decrease,0.10796944797039032,0.0535527765750885
3663,4624,0,766,initiation,0.0,0.09470416605472565
3663,4624,0,1230,decrease,0.0958208367228508,0.04668750241398811
3663,4624,0,1242,initiation,0.0,0.0694499984383583
3663,4624,0,1262,decrease,0.07011944055557251,0.03454999998211861
3663,4624,1,44,initiation,0.0,0.5555555820465088
3663,4624,1,56,initiation,0.0,0.13550832867622375
3663,4624,1,83,decrease,0.11929305642843246,0.057758331298828125
3663,4624,1,103,decrease,0.09279166907072067,0.04499027878046036
3663,4624,1,123,initiation,0.0,0.03767777979373932
3663,4624,1,168,decrease,0.04582221806049347,0.02292916737496853
3663,4624,1,180,increase,0.01621111109852791,0.0364999994635582
3663,4624,1,231,decrease,0.04016388952732086,0.019962500780820847
3663,4624,1,243,increase,0.014584722928702831,0.03370555490255356
3663,4624,1,267,initiation,0.0,0.07044167071580887
3663,4624,1,324,decrease,0.09539583325386047,0.049747224897146225
3663,4624,1,336,initiation,0.0,0.10825694352388382
3663,4624,1,348,increase,0.053481943905353546,0.13923749327659607
3663,4624,1,364,initiation,0.0,0.05435138940811157
3663,4624,1,446,decrease,0.1351708471775055,0.06709166616201401
3663,4624,1,582,decrease,0.1338263750076294,0.06636527925729752
3663,4624,1,791,decrease,0.14495833218097687,0.07249166816473007
3663,4624,1,803,decrease,0.14880138635635376,0.05676667019724846
3663,4624,1,843,decrease,0.13139304518699646,0.06478333473205566
3663,4624,1,975,decrease,0.1450861096382141,0.0724930539727211
3663,4624,1,991,initiation,0.0,0.06737500429153442
3663,4624,1,1178,decrease,0.09616388380527496,0.0477638877928257
3663,4624,1,1190,decrease,0.13145555555820465,0.06415139138698578
3663,4624,1,1234,decrease,0.10918472707271576,0.053545836359262466
3663,4624,1,1249,initiation,0.0,0.05507083237171173
3663,4624,1,1262,decrease,0.06260416656732559,0.03172777593135834
3670,1170,0,12,initiation,0.0,0.05035416781902313
3670,1170,0,33,decrease,0.10316666960716248,0.04873333498835564
3670,1170,0,100,decrease,0.07998194545507431,0.03845694288611412
3670,1170,0,112,initiation,0.0,0.047604165971279144
3670,1170,0,154,decrease,0.054088883101940155,0.02642499841749668
3670,1170,0,273,decrease,0.0649527758359909,0.031873609870672226
3670,1170,0,493,decrease,0.05394027754664421,0.026576388627290726
3670,1170,0,516,decrease,0.04595694690942764,0.028725000098347664
3670,1170,0,619,decrease,0.05352500081062317,0.026165278628468513
3670,1170,0,631,initiation,0.0,0.04006389155983925
3670,1170,0,643,stop,0.039977774024009705,0.0
3670,1170,1,12,initiation,0.0,0.0778583362698555
3670,1170,1,31,decrease,0.07411666959524155,0.03625694289803505
3670,1170,1,46,initiation,0.0,0.03711527958512306
3670,1170,1,58,initiation,0.0,0.05781666934490204
3670,1170,1,99,decrease,0.06743055582046509,0.03355416655540466
3670,1170,1,128,increase,0.011037499643862247,0.0340527780354023
3670,1170,1,156,stop,0.03600277751684189,0.0
3670,1170,1,168,increase,0.0084361108019948,0.06829166412353516
3670,1170,1,222,decrease,0.06497500091791153,0.03264722228050232
3670,1170,1,236,initiation,0.0,0.03837639093399048
3670,1170,1,516,decrease,0.04765833169221878,0.024088889360427856
3670,1170,1,619,decrease,0.05624444782733917,0.02750694565474987
3670,1170,1,696,decrease,0.05065138638019562,0.025151388719677925
3691,6079,0,44,initiation,0.0,0.5427680611610413
3691,6079,0,56,initiation,0.0,0.09823471307754517
3691,6079,0,253,decrease,0.07221388816833496,0.03557361289858818
3691,6079,0,269,initiation,0.0,0.0391513891518116
3691,6079,0,294,decrease,0.044337499886751175,0.02139861136674881
3691,6079,0,311,increase,0.013045832514762878,0.03127361088991165
3691,6079,0,344,decrease,0.03324166685342789,0.015768054872751236
3691,6079,0,819,decrease,0.02909861132502556,0.015001388266682625
3691,6079,0,843,decrease,0.042463887482881546,0.02092638984322548
3691,6079,1,44,initiation,0.0,0.2598986029624939
3691,6079,1,56,initiation,0.0,0.09131389111280441
3691,6079,1,78,increase,0.08260833472013474,0.2922458350658417
3691,6079,1,104,initiation,0.0,0.05562083423137665
3691,6079,1,254,decrease,0.07005416601896286,0.03487083315849304
3691,6079,1,267,initiation,0.0,0.038631945848464966
3691,6079,1,294,decrease,0.049243055284023285,0.02492777816951275
3691,6079,1,306,initiation,0.0,0.04025277867913246
3691,6079,1,345,decrease,0.042338889092206955,0.02119722217321396
3691,6079,1,361,increase,0.012815278023481369,0.03148333355784416
3693,4854,0,47,initiation,0.0,0.6130444407463074
3693,4854,0,59,initiation,0.0,0.0898180603981018
3693,4854,0,90,decrease,0.10373750329017639,0.05001666769385338
3693,4854,0,111,decrease,0.1252097189426422,0.06128472089767456
3693,4854,0,123,initiation,0.0,0.0875222235918045
3693,4854,0,495,decrease,0.06620693951845169,0.032479166984558105
3693,4854,1,42,initiation,0.0,0.34740692377090454
3693,4854,1,54,initiation,0.0,0.09554027020931244
3693,4854,1,495,decrease,0.0720958337187767,0.03533194214105606
3693,4854,1,508,initiation,0.0,0.04243750125169754
3693,4854,1,676,decrease,0.0536625012755394,0.026737499982118607
3710,4515,0,65,initiation,0.0,0.6944444179534912
3710,4515,0,84,initiation,0.0,0.04307499900460243
3710,4515,0,110,decrease,0.07951527833938599,0.04003055766224861
3710,4515,0,130,decrease,0.09245000034570694,0.05007500201463699
3710,4515,0,146,decrease,0.10277917236089706,0.04982638731598854
3710,4515,0,158,initiation,0.0,0.06017499417066574
3710,4515,0,814,decrease,0.05262777581810951,0.02598888799548149
3710,4515,0,826,initiation,0.0,0.052848611027002335
3710,4515,0,1296,decrease,0.050191666930913925,0.02457638829946518
3710,4515,0,1308,increase,0.018147222697734833,0.041818056255578995
3710,4515,0,1346,decrease,0.042984720319509506,0.02102638967335224
3710,4515,0,1361,increase,0.014122222550213337,0.03246388956904411
3710,4515,0,1425,decrease,0.03435416519641876,0.017456945031881332
3710,4515,0,1439,increase,0.012537500821053982,0.0274222232401371
3710,4515,0,1527,decrease,0.03033750131726265,0.015041666105389595
3710,4515,0,1539,increase,0.011856944300234318,0.02534305490553379
3710,4515,0,1772,decrease,0.029000001028180122,0.014130555093288422
3710,4515,0,1784,increase,0.010756944306194782,0.023984722793102264
3710,4515,0,1843,decrease,0.024922221899032593,0.012098611332476139
3710,4515,1,65,initiation,0.0,0.5555555820465088
3710,4515,1,78,initiation,0.0,0.08358749747276306
3710,4515,1,838,decrease,0.08383889496326447,0.0424041673541069
3710,4515,1,850,initiation,0.0,0.08373333513736725
3710,4515,1,1006,decrease,0.08412222564220428,0.04174027591943741
3710,4515,1,1634,decrease,0.09241388738155365,0.04588888958096504
3710,4515,1,1774,decrease,0.09256111085414886,0.029548611491918564
3710,4515,1,1896,decrease,0.11073750257492065,0.05394860729575157
3729,6043,0,28,initiation,0.0,0.24786944687366486
3729,6043,0,40,initiation,0.0,0.10029305517673492
3729,6043,0,118,decrease,0.08299583196640015,0.04101249948143959
3729,6043,0,143,initiation,0.0,0.03882499784231186
3729,6043,0,1106,decrease,0.034926384687423706,0.014006944373250008
3729,6043,0,1525,decrease,0.04138471931219101,0.019962500780820847
3729,6043,0,1542,increase,0.012747222557663918,0.028193054720759392
3729,6043,0,1592,decrease,0.029508333653211594,0.014958334155380726
3729,6043,1,18,initiation,0.0,0.3993208110332489
3729,6043,1,30,initiation,0.0,0.05941110849380493
3729,6043,1,86,decrease,0.0728222206234932,0.03409722074866295
3729,6043,1,133,decrease,0.088677778840065,0.04381805658340454
3729,6043,1,145,initiation,0.0,0.057483330368995667
3729,6043,1,349,decrease,0.06855694204568863,0.033751390874385834
3729,6043,1,450,decrease,0.0774611160159111,0.038612499833106995
3729,6043,1,562,decrease,0.0855194479227066,0.04131250083446503
3729,6043,1,1031,decrease,0.10204306244850159,0.051051389425992966
3729,6043,1,1043,initiation,0.0,0.07835555076599121
3729,6043,1,1220,decrease,0.08488056063652039,0.042399998754262924
3729,6043,1,1458,decrease,0.09336110949516296,0.0581388883292675
3729,6043,1,1470,increase,0.06729722023010254,0.12621110677719116
3729,6043,1,1540,decrease,0.1197083368897438,0.05777222290635109
3729,6043,1,1575,decrease,0.11969582736492157,0.05841666832566261
3729,6043,1,1604,decrease,0.10822916030883789,0.05425555258989334
3729,6043,1,1670,decrease,0.10086944699287415,0.05030694603919983
3729,6043,1,1682,initiation,0.0,0.0794791653752327
3729,6043,1,1713,decrease,0.08163611590862274,0.04094305634498596
3777,3384,0,27,initiation,0.0,0.45048612356185913
3777,3384,0,41,initiation,0.0,0.057140275835990906
3777,3384,0,68,decrease,0.1130194440484047,0.05474860966205597
3777,3384,0,80,initiation,0.0,0.08574305474758148
3777,3384,0,97,initiation,0.0,0.039541665464639664
3777,3384,0,109,stop,0.08149445056915283,0.0
3777,3384,1,12,stop,0.7037138938903809,0.0
3777,3384,1,32,decrease,0.10679305344820023,0.051031943410634995
3777,3384,1,47,initiation,0.0,0.05311805382370949
3777,3384,1,68,decrease,0.09304861724376678,0.045709721744060516
3777,3384,1,91,increase,0.021373610943555832,0.05995278060436249
3777,3384,1,464,decrease,0.06368055939674377,0.030993055552244186
3777,3384,1,487,initiation,0.0,0.04794861376285553
3777,3384,1,656,decrease,0.0632736086845398,0.031034721061587334
3785,4541,0,12,stop,0.14483332633972168,0.0
3785,4541,0,26,decrease,0.13424444198608398,0.06401527673006058
3785,4541,0,39,initiation,0.0,0.0782763808965683
3785,4541,0,51,decrease,0.08701249957084656,0.013563888147473335
3785,4541,0,931,decrease,0.06866944581270218,0.03316250070929527
3785,4541,0,943,initiation,0.0,0.05290139093995094
3785,4541,0,1413,decrease,0.05683194473385811,0.029738890007138252
3785,4541,0,1430,decrease,0.07361944764852524,0.03524027764797211
3785,4541,0,1442,initiation,0.0,0.05402500182390213
3785,4541,0,2190,decrease,0.05405694618821144,0.027219444513320923
3785,4541,0,2202,stop,0.07030972093343735,0.0
3785,4541,0,2218,initiation,0.0,0.04758194461464882
3785,4541,0,2528,decrease,0.053481943905353546,0.026072220876812935
3785,4541,1,17,initiation,0.0,0.07057777792215347
3785,4541,1,29,stop,0.07401110976934433,0.0
3785,4541,1,155,initiation,0.0,0.04230833426117897
3785,4541,1,221,decrease,0.04026666283607483,0.019911112263798714
3785,4541,1,263,decrease,0.04842500016093254,0.023980556055903435
3785,4541,1,359,initiation,0.0,0.0502583347260952
3785,4541,1,382,decrease,0.04950833320617676,0.02422083169221878
3785,4541,1,730,decrease,0.055137500166893005,0.02729305438697338
3785,4541,1,843,decrease,0.06297777593135834,0.03114444389939308
3785,4541,1,861,initiation,0.0,0.058981943875551224
3785,4541,1,1063,decrease,0.047240279614925385,0.023145833984017372
3785,4541,1,1075,initiation,0.0,0.040877778083086014
3785,4541,1,1143,decrease,0.04194166511297226,0.021633334457874298
3785,4541,1,1211,decrease,0.04697916656732559,0.02350555546581745
3785,4541,1,1224,initiation,0.0,0.036488890647888184
3785,4541,1,1273,decrease,0.038454167544841766,0.01967916637659073
3785,4541,1,1357,decrease,0.04744305461645126,0.023431945592164993
3785,4541,1,1369,initiation,0.0,0.04150555655360222
3785,4541,1,1582,decrease,0.04202499985694885,0.021029166877269745
3785,4541,1,1604,decrease,0.03804444521665573,0.01899583265185356
3785,4541,1,1616,increase,0.01423611119389534,0.03464444726705551
3785,4541,1,2041,decrease,0.03577499836683273,0.015226389281451702
3785,4541,1,2074,stop,0.03590833395719528,0.0
3785,4541,1,2249,initiation,0.0,0.037712499499320984
3785,4541,1,2529,decrease,0.03909444436430931,0.019313888624310493
3785,4541,1,2541,initiation,0.0,0.05781111121177673
3785,4541,1,2581,decrease,0.05631111189723015,0.027993056923151016
3803,3101,0,233,initiation,0.0,0.6944444179534912
3803,3101,0,245,initiation,0.0,0.08181805908679962
3803,3101,0,262,decrease,0.1639263927936554,0.07982361316680908
3803,3101,0,275,initiation,0.0,0.04238888993859291
3803,3101,0,300,increase,0.09839999675750732,0.5825791358947754
3803,3101,0,314,initiation,0.0,0.06001250073313713
3803,3101,0,340,decrease,0.1371999979019165,0.06784027814865112
3803,3101,0,352,initiation,0.0,0.10846249759197235
3803,3101,0,514,decrease,0.09429582953453064,0.045286111533641815
3803,3101,0,526,initiation,0.0,0.07221250236034393
3803,3101,0,679,decrease,0.07329027354717255,0.03627638891339302
3803,3101,0,893,decrease,0.07251249998807907,0.03528055548667908
3803,3101,0,905,initiation,0.0,0.048379167914390564
3803,3101,0,1041,decrease,0.05640833452343941,0.027174999937415123
3803,3101,1,232,initiation,0.0,0.5555555820465088
3803,3101,1,244,initiation,0.0,0.07470972090959549
3803,3101,1,261,decrease,0.10754721611738205,0.051656946539878845
3803,3101,1,278,initiation,0.0,0.04138750210404396
3803,3101,1,299,increase,0.05335000157356262,0.3364610970020294
3803,3101,1,328,initiation,0.0,0.048286110162734985
3803,3101,1,479,decrease,0.06349582970142365,0.031979165971279144
3803,3101,1,497,initiation,0.0,0.035373613238334656
3803,3101,1,513,decrease,0.03690972179174423,0.01828611083328724
3803,3101,1,854,increase,0.015565277077257633,0.041693054139614105
3803,3101,1,890,decrease,0.04380972310900688,0.02176666632294655
3803,3101,1,1051,initiation,0.0,0.05985694378614426
3803,3101,1,1091,decrease,0.055775001645088196,0.027340276166796684
3812,3623,0,87,decrease,0.061770834028720856,0.02966388873755932
3812,3623,0,104,initiation,0.0,0.03681666776537895
3812,3623,0,116,stop,0.03684166818857193,0.0
3812,3623,0,131,increase,0.011612500064074993,0.025204166769981384
3812,3623,0,182,increase,0.026906944811344147,0.07304861396551132
3812,3623,0,194,initiation,0.0,0.05447360873222351
3812,3623,0,516,decrease,0.04457499831914902,0.0221458338201046
3812,3623,0,929,decrease,0.03910139203071594,0.019470833241939545
3812,3623,0,1007,decrease,0.04722222313284874,0.02777777798473835
3812,3623,0,1039,decrease,0.02777777798473835,0.013888888992369175
3812,3623,1,12,stop,0.049654170870780945,0.0
3812,3623,1,30,increase,0.012105555273592472,0.03503333032131195
3812,3623,1,89,stop,0.03567083179950714,0.0
3812,3623,1,102,increase,0.01119166612625122,0.029904166236519814
3812,3623,1,182,increase,0.026204166933894157,0.10611389577388763
3812,3623,1,194,initiation,0.0,0.03971666842699051
3812,3623,1,252,decrease,0.056513890624046326,0.027920834720134735
3812,3623,1,327,decrease,0.050231944769620895,0.025029165670275688
3812,3623,1,791,decrease,0.03158055245876312,0.0065833330154418945
3812,3623,1,812,decrease,0.03689027577638626,0.018304167315363884
3812,3623,1,826,increase,0.010354166850447655,0.030323609709739685
3812,3623,1,964,initiation,0.0,0.05940277874469757
3812,3623,1,1059,decrease,0.05564028024673462,0.027495834976434708
3812,3623,1,1096,decrease,0.0553097203373909,0.02714027836918831
3829,580,0,12,stop,0.5950208306312561,0.0
3829,580,0,24,increase,0.09044027328491211,0.11075833439826965
3829,580,0,62,decrease,0.09921389818191528,0.049323610961437225
3829,580,0,74,increase,0.03494444489479065,0.0805513858795166
3829,580,0,86,stop,0.0796569436788559,0.0
3829,580,0,110,decrease,0.06214166432619095,0.030230555683374405
3829,580,0,122,initiation,0.0,0.045701391994953156
3829,580,0,214,decrease,0.04346666485071182,0.021469444036483765
3829,580,0,232,increase,0.011686110869050026,0.029169443994760513
3829,580,0,340,increase,0.031227778643369675,0.06886805593967438
3829,580,0,352,increase,0.022594446316361427,0.04568888992071152
3829,580,0,429,decrease,0.04297778010368347,0.02120833471417427
3829,580,0,466,decrease,0.03705694526433945,0.018299998715519905
3829,580,0,481,increase,0.012424999848008156,0.027990277856588364
3829,580,0,611,decrease,0.03071250021457672,0.014820832759141922
3829,580,1,12,stop,0.1357833296060562,0.0
3829,580,1,38,decrease,0.07914166152477264,0.03812916576862335
3829,580,1,60,initiation,0.0,0.03769861161708832
3829,580,1,173,decrease,0.041523613035678864,0.021348612383008003
3829,580,1,200,decrease,0.05046805739402771,0.024395834654569626
3829,580,1,212,initiation,0.0,0.04098055511713028
3829,580,1,340,decrease,0.041927777230739594,0.016455555334687233
3829,580,1,429,decrease,0.049061112105846405,0.024525001645088196
3829,580,1,473,decrease,0.0462736114859581,0.022676387801766396
3829,580,1,486,stop,0.037348613142967224,0.0
3829,580,1,564,decrease,0.04855000227689743,0.024966666474938393
3829,580,1,594,decrease,0.056687504053115845,0.027611110359430313
3846,1474,0,92,initiation,0.0,0.14754444360733032
3846,1474,0,116,initiation,0.0,0.04680972173810005
3846,1474,0,138,decrease,0.08849583566188812,0.043844446539878845
3846,1474,0,150,increase,0.03224027529358864,0.0718236118555069
3846,1474,0,403,decrease,0.05339027941226959,0.02596944384276867
3846,1474,0,415,initiation,0.0,0.04000416398048401
3846,1474,0,480,decrease,0.04114444553852081,0.020936110988259315
3846,1474,0,869,decrease,0.053187500685453415,0.040869444608688354
3846,1474,0,908,decrease,0.047131944447755814,0.023690275847911835
3846,1474,0,2260,decrease,0.04529166966676712,0.02252916805446148
3846,1474,1,87,initiation,0.0,0.4704694449901581
3846,1474,1,100,initiation,0.0,0.06645417213439941
3846,1474,1,125,decrease,0.0915013924241066,0.04418611153960228
3846,1474,1,160,initiation,0.0,0.038576386868953705
3846,1474,1,275,initiation,0.0,0.03899861127138138
3846,1474,1,402,decrease,0.040295831859111786,0.019631944596767426
3846,1474,1,2440,initiation,0.0,0.04697638750076294
3846,1474,1,2461,decrease,0.06242222338914871,0.030512500554323196
3873,3470,0,27,initiation,0.0,0.6944444179534912
3873,3470,0,39,initiation,0.0,0.10209305584430695
3873,3470,0,178,decrease,0.08539027720689774,0.04197777807712555
3873,3470,0,193,initiation,0.0,0.045512497425079346
3873,3470,0,214,decrease,0.05264027416706085,0.02614305540919304
3873,3470,0,226,increase,0.018590278923511505,0.04304305464029312
3873,3470,0,238,increase,0.017625000327825546,0.03794444352388382
3873,3470,0,266,decrease,0.039061110466718674,0.018529165536165237
3873,3470,0,959,decrease,0.049243055284023285,0.023476388305425644
3873,3470,0,1014,initiation,0.0,0.037287499755620956
3873,3470,0,1123,decrease,0.038055554032325745,0.018401388078927994
3873,3470,0,1143,increase,0.00993611104786396,0.024097222834825516
3873,3470,0,1232,decrease,0.026737499982118607,0.013387500308454037
3873,3470,1,25,initiation,0.0,0.4861111044883728
3873,3470,1,37,initiation,0.0,0.12195833027362823
3873,3470,1,214,decrease,0.10415416955947876,0.05186111107468605
3873,3470,1,421,decrease,0.09566249698400497,0.047426387667655945
3873,3470,1,898,decrease,0.09536944329738617,0.0465875007212162
3873,3470,1,958,decrease,0.09474721550941467,0.04718194529414177
3873,3470,1,1016,initiation,0.0,0.046243056654930115
3873,3470,1,1143,decrease,0.05132361501455307,0.025236111134290695
3873,3470,1,1155,initiation,0.0,0.03970416635274887
3873,3470,1,1198,decrease,0.041595831513404846,0.0208125002682209
3873,3470,1,1232,decrease,0.0524861142039299,0.025809722021222115
3875,1268,0,40,decrease,0.10740555822849274,0.05091805383563042
3875,1268,0,52,increase,0.04128333553671837,0.08601944148540497
3875,1268,0,64,decrease,0.08591249585151672,0.041947223246097565
3875,1268,0,76,stop,0.098330557346344,0.0
3875,1268,0,88,increase,0.03150555491447449,0.07890138775110245
3875,1268,0,108,decrease,0.07632499933242798,0.038968052715063095
3875,1268,0,215,decrease,0.07799722254276276,0.039258334785699844
3875,1268,0,227,initiation,0.0,0.06801111251115799
3875,1268,0,240,decrease,0.05395694077014923,0.0233041662722826
3875,1268,0,252,stop,0.09191666543483734,0.0
3875,1268,0,264,initiation,0.0,0.06574166566133499
3875,1268,0,276,decrease,0.07473056018352509,0.056761112064123154
3875,1268,0,295,decrease,0.08856527507305145,0.043638888746500015
3875,1268,0,307,initiation,0.0,0.07144583761692047
3875,1268,0,324,increase,0.024940278381109238,0.04370972514152527
3875,1268,0,431,decrease,0.07022916525602341,0.033768054097890854
3875,1268,0,443,initiation,0.0,0.05553610622882843
3875,1268,0,465,decrease,0.055052779614925385,0.027270833030343056
3875,1268,0,671,decrease,0.0676458328962326,0.03226666897535324
3875,1268,0,688,initiation,0.0,0.03601527959108353
3875,1268,0,701,stop,0.03833194449543953,0.0
3875,1268,0,713,decrease,0.053724996745586395,0.027058333158493042
3875,1268,0,739,decrease,0.06940972059965134,0.033533331006765366
3875,1268,0,751,initiation,0.0,0.05376388877630234
3875,1268,0,769,decrease,0.05341944098472595,0.02655416540801525
3875,1268,0,821,decrease,0.06801389157772064,0.03343750163912773
3875,1268,0,833,initiation,0.0,0.05266111344099045
3875,1268,0,875,decrease,0.053680554032325745,0.02650555595755577
3875,1268,0,887,initiation,0.0,0.03831666707992554
3875,1268,0,899,increase,0.03968888521194458,0.0931958332657814
3875,1268,0,911,initiation,0.0,0.06978055834770203
3875,1268,0,923,stop,0.07004861533641815,0.0
3875,1268,0,935,increase,0.025256942957639694,0.05308888852596283
3875,1268,0,947,increase,0.027888888493180275,0.07064583152532578
3875,1268,0,964,decrease,0.06876666843891144,0.03425416722893715
3875,1268,0,976,initiation,0.0,0.052888888865709305
3875,1268,0,1071,decrease,0.054354168474674225,0.027408331632614136
3875,1268,0,1116,decrease,0.06762082874774933,0.03283749893307686
3875,1268,0,1128,initiation,0.0,0.05229305475950241
3875,1268,0,1206,initiation,0.0,0.03890000283718109
3875,1268,1,40,decrease,0.08602917194366455,0.041943054646253586
3875,1268,1,52,increase,0.029052777215838432,0.0690625011920929
3875,1268,1,105,decrease,0.07015000283718109,0.03469444438815117
3875,1268,1,119,stop,0.05188888683915138,0.0
3875,1268,1,131,increase,0.01835416629910469,0.042194440960884094
3875,1268,1,191,decrease,0.04940694570541382,0.024388888850808144
3875,1268,1,203,initiation,0.0,0.035438887774944305
3875,1268,1,218,stop,0.03645416721701622,0.0
3875,1268,1,240,decrease,0.06419721990823746,0.03362499922513962
3875,1268,1,252,decrease,0.07959583401679993,0.04691527783870697
3875,1268,1,266,decrease,0.08699999749660492,0.04279583320021629
3875,1268,1,279,increase,0.06275694817304611,0.08155416697263718
3875,1268,1,300,increase,0.0669763833284378,0.09669443964958191
3875,1268,1,359,increase,0.07402361184358597,0.10453194379806519
3875,1268,1,407,decrease,0.10030417144298553,0.049711111932992935
3875,1268,1,447,decrease,0.08850693702697754,0.043530553579330444
3875,1268,1,469,increase,0.06972916424274445,0.09089444577693939
3875,1268,1,544,decrease,0.08892083168029785,0.04387222230434418
3875,1268,1,556,initiation,0.0,0.05901528149843216
3875,1268,1,597,decrease,0.08958472311496735,0.04371805489063263
3875,1268,1,673,decrease,0.07859306037425995,0.039229169487953186
3875,1268,1,685,increase,0.02885972149670124,0.06462083756923676
3875,1268,1,700,decrease,0.06591388583183289,0.041180554777383804
3875,1268,1,713,decrease,0.08138055354356766,0.059420835226774216
3875,1268,1,838,decrease,0.08879444003105164,0.04369860887527466
3875,1268,1,868,decrease,0.07552361488342285,0.03803333267569542
3875,1268,1,880,increase,0.02988194301724434,0.06309305131435394
3875,1268,1,949,decrease,0.06830278038978577,0.04917500168085098
3875,1268,1,999,decrease,0.07967500388622284,0.06005694344639778
3875,1268,1,1011,increase,0.06810833513736725,0.10648055374622345
3875,1268,1,1094,decrease,0.09870694577693939,0.049274999648332596
3875,1268,1,1107,decrease,0.09247083961963654,0.04218888655304909
3875,1268,1,1158,decrease,0.08786249905824661,0.04357638955116272
3875,1268,1,1179,initiation,0.0,0.044418055564165115
3875,1268,1,1196,increase,0.050765279680490494,0.22667360305786133
3875,1268,1,1208,stop,0.07245000451803207,0.0
3935,2508,0,88,initiation,0.0,0.07331527769565582
3935,2508,0,100,decrease,0.09830000251531601,0.04704860970377922
3935,2508,0,112,initiation,0.0,0.07024027407169342
3935,2508,0,253,decrease,0.0634569451212883,0.02126944437623024
3935,2508,0,265,decrease,0.0880763903260231,0.044018056243658066
3935,2508,0,688,decrease,0.06848472356796265,0.03403055667877197
3935,2508,0,720,increase,0.013465276919305325,0.03110416606068611
3935,2508,0,748,decrease,0.032661110162734985,0.016072221100330353
3935,2508,1,75,initiation,0.0,0.5555555820465088
3935,2508,1,93,initiation,0.0,0.06377777457237244
3935,2508,1,105,stop,0.07715277373790741,0.0
3935,2508,1,135,increase,0.00713611114770174,0.033609721809625626
3935,2508,1,161,initiation,0.0,0.06230555474758148
3935,2508,1,208,decrease,0.060301389545202255,0.02979305572807789
3935,2508,1,241,increase,0.0057986113242805,0.030024999752640724
3935,2508,1,263,initiation,0.0,0.048330556601285934
3935,2508,1,275,initiation,0.0,0.060866668820381165
3935,2508,1,341,decrease,0.06750000268220901,0.03342361003160477
3935,2508,1,366,initiation,0.0,0.03638055548071861
3935,2508,1,768,decrease,0.04106111079454422,0.020093055441975594
3943,1835,0,28,initiation,0.0,0.6944444179534912
3943,1835,0,40,initiation,0.0,0.058205556124448776
3943,1835,0,53,decrease,0.1774708330631256,0.08714861422777176
3943,1835,0,76,initiation,0.0,0.06130138784646988
3943,1835,0,264,decrease,0.05805972218513489,0.028083331882953644
3943,1835,0,276,increase,0.020119445398449898,0.048561111092567444
3943,1835,0,372,decrease,0.04769027978181839,0.025756943970918655
3943,1835,0,469,decrease,0.055037498474121094,0.027330555021762848
3943,1835,0,629,decrease,0.06278610974550247,0.030574999749660492
3943,1835,0,641,initiation,0.0,0.048055555671453476
3943,1835,0,730,decrease,0.04951805621385574,0.024436110630631447
3943,1835,1,18,initiation,0.0,0.5555555820465088
3943,1835,1,31,initiation,0.0,0.043263889849185944
3943,1835,1,153,decrease,0.10322777926921844,0.05154861509799957
3943,1835,1,165,initiation,0.0,0.061372220516204834
3943,1835,1,238,decrease,0.07992222160100937,0.039711110293865204
3943,1835,1,250,increase,0.07541944831609726,0.10672083497047424
3943,1835,1,312,decrease,0.10309305787086487,0.04392499849200249
3943,1835,1,375,decrease,0.11254443973302841,0.05609999597072601
3943,1835,1,457,decrease,0.12194444239139557,0.06050972267985344
3943,1835,1,469,decrease,0.13657084107398987,0.06735138595104218
3943,1835,1,513,decrease,0.12065693736076355,0.06006111204624176
3943,1835,1,745,decrease,0.1308930516242981,0.06506805121898651
3972,614,0,40,initiation,0.0,0.6944444179534912
3972,614,0,52,initiation,0.0,0.07653889060020447
3972,614,0,69,decrease,0.16814027726650238,0.08108194917440414
3972,614,0,96,initiation,0.0,0.036806944757699966
3972,614,0,115,decrease,0.0507236123085022,0.025126388296484947
3972,614,0,127,increase,0.030259722843766212,0.09740416705608368
3972,614,0,181,decrease,0.08892221748828888,0.0434708334505558
3972,614,0,212,increase,0.01396388839930296,0.03357499837875366
3972,614,0,248,decrease,0.035305555909872055,0.017874998971819878
3972,614,1,39,initiation,0.0,0.5555555820465088
3972,614,1,56,initiation,0.0,0.08040833473205566
3972,614,1,68,decrease,0.09172222018241882,0.04340416565537453
3972,614,1,87,initiation,0.0,0.03777777776122093
3972,614,1,99,stop,0.056765273213386536,0.0
3972,614,1,111,initiation,0.0,0.04677777737379074
3972,614,1,123,initiation,0.0,0.05608749762177467
3972,614,1,192,decrease,0.0553097203373909,0.02682499960064888
3972,614,1,204,initiation,0.0,0.04496944695711136
3972,614,1,247,decrease,0.0457402765750885,0.022862501442432404
3972,614,1,259,initiation,0.0,0.0653916671872139
3972,614,1,686,decrease,0.06208055466413498,0.03087083250284195
3972,614,1,698,initiation,0.0,0.05392639338970184
3972,614,1,731,decrease,0.05498749762773514,0.027068056166172028
3988,907,0,18,initiation,0.0,0.6944444179534912
3988,907,0,30,initiation,0.0,0.10179860889911652
3988,907,0,69,decrease,0.12084999680519104,0.05916527658700943
3988,907,0,94,initiation,0.0,0.036427777260541916
3988,907,0,242,decrease,0.04116944223642349,0.020319445058703423
3988,907,0,254,increase,0.0458708330988884,0.07418610900640488
3988,907,0,268,decrease,0.0726763904094696,0.03560694307088852
3988,907,0,364,decrease,0.056533332914114,0.027444444596767426
3988,907,0,376,initiation,0.0,0.06534166634082794
3988,907,0,420,increase,0.06376250088214874,0.09787361323833466
3988,907,0,432,increase,0.03938055410981178,0.07568611204624176
3988,907,0,448,decrease,0.07558333873748779,0.03762916848063469
3988,907,0,460,initiation,0.0,0.06041666865348816
3988,907,0,955,decrease,0.05636805295944214,0.027831943705677986
3988,907,0,1065,decrease,0.061056945472955704,0.02972777746617794
3988,907,0,1114,decrease,0.0606750026345253,0.029781945049762726
3988,907,0,1126,stop,0.0544624999165535,0.0
3988,907,0,1176,decrease,0.047729164361953735,0.023411111906170845
3988,907,0,1236,decrease,0.05156805366277695,0.025790277868509293
3988,907,0,1248,initiation,0.0,0.03804166615009308
3988,907,0,1319,decrease,0.040376387536525726,0.020052777603268623
3988,907,1,18,initiation,0.0,0.45593610405921936
3988,907,1,30,initiation,0.0,0.07301528006792068
3988,907,1,68,decrease,0.08611944317817688,0.04226110875606537
3988,907,1,99,increase,0.010556944645941257,0.032616667449474335
3988,907,1,224,decrease,0.038443055003881454,0.01885833404958248
3988,907,1,238,initiation,0.0,0.0884375050663948
3988,907,1,250,initiation,0.0,0.05188889056444168
3988,907,1,268,decrease,0.05061250180006027,0.02492777816951275
3988,907,1,288,decrease,0.044756945222616196,0.021418055519461632
3988,907,1,300,initiation,0.0,0.03625277429819107
3988,907,1,327,stop,0.03745972365140915,0.0
3988,907,1,360,increase,0.026061110198497772,0.046606943011283875
3988,907,1,374,initiation,0.0,0.05992083624005318
3988,907,1,405,initiation,0.0,0.041293054819107056
3988,907,1,417,stop,0.042419444769620895,0.0
3988,907,1,429,decrease,0.07015138864517212,0.035212501883506775
3988,907,1,448,decrease,0.08118055760860443,0.04001666605472565
3988,907,1,750,decrease,0.06866943836212158,0.034106943756341934
3988,907,1,855,decrease,0.0686916708946228,0.03390555828809738
3988,907,1,867,initiation,0.0,0.05373333394527435
3988,907,1,944,decrease,0.056720834225416183,0.028393056243658066
3988,907,1,1064,decrease,0.060777779668569565,0.02999444492161274
3988,907,1,1076,initiation,0.0,0.047780558466911316
3988,907,1,1126,decrease,0.05508333444595337,0.02723333239555359
3988,907,1,1138,increase,0.018654165789484978,0.0472986102104187
3988,907,1,1263,decrease,0.04918750375509262,0.024141667410731316
3988,907,1,1320,decrease,0.05801388993859291,0.02872638963162899
3988,907,1,1332,initiation,0.0,0.04341805726289749
4011,2222,0,16,initiation,0.0,0.04131527617573738
4011,2222,0,28,stop,0.12011250108480453,0.0
4011,2222,0,93,decrease,0.21279166638851166,0.10509583353996277
4011,2222,0,247,initiation,0.0,0.059361107647418976
4011,2222,0,310,decrease,0.0636138916015625,0.03035833314061165
4011,2222,0,760,decrease,0.05800694227218628,0.028012501075863838
4011,2222,0,772,initiation,0.0,0.045148611068725586
4011,2222,0,918,decrease,0.04680555313825607,0.023649999871850014
4011,2222,1,12,initiation,0.0,0.14089444279670715
4011,2222,1,93,decrease,0.11111944913864136,0.0548444427549839
4011,2222,1,317,increase,0.02249305509030819,0.04873333126306534
4011,2222,1,570,increase,0.03437083214521408,0.05827777832746506
4011,2222,1,759,increase,0.06445972621440887,0.085048608481884
4011,2222,1,777,increase,0.06359028071165085,0.09516388922929764
4011,2222,1,789,stop,0.09267638623714447,0.0
4011,2222,1,801,increase,0.06621111184358597,0.09024027734994888
4011,2222,1,922,decrease,0.08556527644395828,0.04248333349823952
4020,4681,0,23,initiation,0.0,0.4373764097690582
4020,4681,0,46,initiation,0.0,0.045754168182611465
4020,4681,0,58,increase,0.06253055483102798,0.08822639286518097
4020,4681,0,86,decrease,0.09425416588783264,0.04530972242355347
4020,4681,0,100,initiation,0.0,0.05399027466773987
4020,4681,0,309,decrease,0.048197221010923386,0.02320833131670952
4020,4681,0,346,decrease,0.07086111605167389,0.03425833210349083
4020,4681,0,406,decrease,0.07738055288791656,0.037886109203100204
4020,4681,0,418,initiation,0.0,0.06226944550871849
4020,4681,0,587,decrease,0.059590280055999756,0.02984444610774517
4020,4681,0,599,initiation,0.0,0.04657360911369324
4020,4681,0,621,decrease,0.04740416631102562,0.023426389321684837
4020,4681,0,716,decrease,0.05968611314892769,0.028866667300462723
4020,4681,0,738,increase,0.01381805632263422,0.03319166600704193
4020,4681,0,759,initiation,0.0,0.03597777336835861
4020,4681,0,787,decrease,0.036245834082365036,0.01764722354710102
4020,4681,1,38,initiation,0.0,0.055395834147930145
4020,4681,1,56,increase,0.021376388147473335,0.05404583364725113
4020,4681,1,86,decrease,0.06876388937234879,0.03400694578886032
4020,4681,1,98,increase,0.030281944200396538,0.04905971884727478
4020,4681,1,110,stop,0.06723472476005554,0.0
4020,4681,1,250,decrease,0.0808805525302887,0.04016388952732086
4020,4681,1,262,increase,0.028323611244559288,0.07029305398464203
4020,4681,1,296,decrease,0.07151110470294952,0.03156527504324913
4020,4681,1,327,decrease,0.10064027458429337,0.049679167568683624
4020,4681,1,339,increase,0.09348471462726593,0.1382611095905304
4020,4681,1,351,decrease,0.1383083462715149,0.03741944208741188
4020,4681,1,407,decrease,0.14738056063652039,0.07343749701976776
4020,4681,1,426,initiation,0.0,0.07343193888664246
4020,4681,1,621,decrease,0.08693194389343262,0.06597638875246048
4020,4681,1,787,decrease,0.09594027698040009,0.047822222113609314
4032,3536,0,79,initiation,0.0,0.6944444179534912
4032,3536,0,91,initiation,0.0,0.08321249485015869
4032,3536,0,113,decrease,0.15461388230323792,0.07456111162900925
4032,3536,0,125,initiation,0.0,0.08833055198192596
4032,3536,0,148,decrease,0.1003805547952652,0.04868749901652336
4032,3536,0,166,initiation,0.0,0.04609444737434387
4032,3536,0,348,decrease,0.049081943929195404,0.02403055503964424
4032,3536,0,360,increase,0.023984720930457115,0.08886110782623291
4032,3536,0,561,decrease,0.07322083413600922,0.03620833158493042
4032,3536,0,573,initiation,0.0,0.046748608350753784
4032,3536,0,744,decrease,0.056054167449474335,0.027884721755981445
4032,3536,0,879,decrease,0.07100416719913483,0.03506944328546524
4032,3536,0,1218,decrease,0.0792597234249115,0.03939861059188843
4032,3536,0,1230,increase,0.029334722086787224,0.06671527028083801
4032,3536,0,1351,decrease,0.06938888877630234,0.034352775663137436
4032,3536,0,1418,decrease,0.061876390129327774,0.0444277785718441
4032,3536,0,1490,decrease,0.07007361203432083,0.03358888998627663
4032,3536,0,1627,decrease,0.06310693919658661,0.03099999949336052
4032,3536,0,1850,decrease,0.07613193988800049,0.03770972043275833
4032,3536,1,77,initiation,0.0,0.5555555820465088
4032,3536,1,90,initiation,0.0,0.07133889198303223
4032,3536,1,148,decrease,0.08464166522026062,0.04141944646835327
4032,3536,1,194,initiation,0.0,0.03738471865653992
4032,3536,1,213,decrease,0.038862500339746475,0.019248612225055695
4032,3536,1,225,initiation,0.0,0.07924722135066986
4032,3536,1,349,decrease,0.07125694304704666,0.03522777929902077
4032,3536,1,562,decrease,0.07900972664356232,0.03862639144062996
4032,3536,1,575,initiation,0.0,0.043202780187129974
4032,3536,1,595,decrease,0.056297220289707184,0.0286902766674757
4032,3536,1,936,increase,0.06849027425050735,0.0888347178697586
4032,3536,1,948,increase,0.040505554527044296,0.0762166678905487
4032,3536,1,1218,increase,0.07396528124809265,0.0954180583357811
4032,3536,1,1230,increase,0.027077777311205864,0.0845513865351677
4032,3536,1,1332,decrease,0.08169028162956238,0.040808334946632385
4032,3536,1,1350,initiation,0.0,0.07501110434532166
4032,3536,1,1362,increase,0.03481388837099075,0.09027916193008423
4032,3536,1,1496,increase,0.08705416321754456,0.1067291647195816
4032,3536,1,1592,increase,0.0891013890504837,0.11062639206647873
4032,3536,1,1801,decrease,0.10713055729866028,0.05354444310069084
4032,3536,1,1851,decrease,0.10725000500679016,0.052723608911037445
4032,3536,1,1866,initiation,0.0,0.053348608314991
4032,3536,1,1970,decrease,0.07649999856948853,0.03793888911604881
4032,3536,1,2017,increase,0.014830555766820908,0.035568054765462875
4032,3536,1,2041,decrease,0.045366667211055756,0.02271110936999321
4042,5998,0,36,initiation,0.0,0.6944444179534912
4042,5998,0,49,initiation,0.0,0.05435972288250923
4042,5998,0,191,decrease,0.09386666864156723,0.045161109417676926
4042,5998,0,559,decrease,0.07003194093704224,0.034861110150814056
4042,5998,0,645,decrease,0.06923471391201019,0.03451666608452797
4042,5998,0,657,initiation,0.0,0.051556944847106934
4042,5998,0,872,increase,0.05597083270549774,0.4932903051376343
4042,5998,0,898,initiation,0.0,0.06574027240276337
4042,5998,0,1143,decrease,0.06634722650051117,0.03244583308696747
4042,5998,1,14,initiation,0.0,0.5555555820465088
4042,5998,1,26,initiation,0.0,0.04017222300171852
4042,5998,1,65,decrease,0.09990137815475464,0.0483236089348793
4042,5998,1,205,initiation,0.0,0.04113055765628815
4042,5998,1,229,increase,0.008405555970966816,0.027304166927933693
4042,5998,1,290,increase,0.031663887202739716,0.05176805704832077
4042,5998,1,303,initiation,0.0,0.039544444531202316
4042,5998,1,324,increase,0.04247083514928818,0.0645652785897255
4042,5998,1,336,increase,0.018566666170954704,0.04859583079814911
4042,5998,1,393,decrease,0.049916669726371765,0.025772221386432648
4042,5998,1,483,decrease,0.05495277792215347,0.02811666578054428
4042,5998,1,769,decrease,0.06797083467245102,0.033675000071525574
4042,5998,1,797,increase,0.009884722530841827,0.031093057245016098
4042,5998,1,824,initiation,0.0,0.059494443237781525
4042,5998,1,842,increase,0.060813888907432556,0.08401389420032501
4042,5998,1,854,increase,0.016526389867067337,0.08754166960716248
4042,5998,1,868,stop,0.0961499959230423,0.0
4042,5998,1,899,initiation,0.0,0.04830416664481163
4042,5998,1,935,increase,0.06525416672229767,0.09793610870838165
4042,5998,1,947,increase,0.023968055844306946,0.10609305649995804
4042,5998,1,961,decrease,0.10232360661029816,0.05091666802763939
4042,5998,1,973,initiation,0.0,0.07423610985279083
4042,5998,1,1142,decrease,0.07742221653461456,0.0385291650891304
4057,4380,0,33,initiation,0.0,0.6944444179534912
4057,4380,0,45,stop,1.3888888359069824,0.0
4057,4380,0,86,initiation,0.0,0.04356805607676506
4057,4380,0,788,decrease,0.03924305737018585,0.019652776420116425
4057,4380,1,31,initiation,0.0,0.4861111044883728
4057,4380,1,43,initiation,0.0,0.11042916774749756
4057,4380,1,446,decrease,0.09900416433811188,0.049558334052562714
4057,4380,1,682,decrease,0.0987125039100647,0.04869861155748367
4057,4380,1,789,decrease,0.03699583187699318,0.018311111256480217
4087,1684,0,12,stop,0.6833069324493408,0.0
4087,1684,0,24,increase,0.02157638780772686,0.1273013949394226
4087,1684,0,76,decrease,0.11185416579246521,0.05456527695059776
4087,1684,0,88,initiation,0.0,0.06906110793352127
4087,1684,0,141,decrease,0.07105833292007446,0.03536666929721832
4087,1684,0,153,initiation,0.0,0.05479305610060692
4087,1684,0,438,decrease,0.05072777718305588,0.025283334776759148
4087,1684,0,498,increase,0.03672083467245102,0.051794447004795074
4087,1684,0,510,increase,0.025822220370173454,0.06613472104072571
4087,1684,0,528,decrease,0.06500555574893951,0.03240833431482315
4087,1684,0,540,initiation,0.0,0.049429163336753845
4087,1684,0,552,initiation,0.0,0.040045831352472305
4087,1684,0,564,stop,0.040611110627651215,0.0
4087,1684,0,584,increase,0.01369722280651331,0.029741667211055756
4087,1684,0,660,decrease,0.03310277685523033,0.016383333131670952
4087,1684,0,672,decrease,0.05148472264409065,0.015444444492459297
4087,1684,0,691,decrease,0.0674361139535904,0.03358888998627663
4087,1684,0,757,decrease,0.05830416828393936,0.028623610734939575
4087,1684,0,785,decrease,0.05104999989271164,0.02594861201941967
4087,1684,0,797,initiation,0.0,0.0844416618347168
4087,1684,0,809,initiation,0.0,0.07530833035707474
4087,1684,0,822,increase,0.04749166965484619,0.0863347202539444
4087,1684,0,861,increase,0.011116666719317436,0.028761111199855804
4087,1684,0,932,decrease,0.033416666090488434,0.016915278509259224
4087,1684,0,976,initiation,0.0,0.2968916594982147
4087,1684,0,988,initiation,0.0,0.06443888694047928
4087,1684,1,13,initiation,0.0,0.06565000116825104
4087,1684,1,76,decrease,0.06872360408306122,0.033537499606609344
4087,1684,1,89,initiation,0.0,0.040670834481716156
4087,1684,1,364,decrease,0.04886528104543686,0.024037498980760574
4087,1684,1,376,initiation,0.0,0.03905139118432999
4087,1684,1,407,decrease,0.03967777639627457,0.01901249960064888
4087,1684,1,423,increase,0.010691666975617409,0.029315277934074402
4087,1684,1,579,decrease,0.03236111253499985,0.004788888618350029
4087,1684,1,669,decrease,0.04214166849851608,0.02160416729748249
4087,1684,1,709,decrease,0.04995833337306976,0.029369443655014038
4087,1684,1,738,decrease,0.05445416644215584,0.026694443076848984
4087,1684,1,786,increase,0.048234723508358,0.07958472520112991
4087,1684,1,798,increase,0.023273611441254616,0.06897638738155365
4087,1684,1,826,decrease,0.06714722514152527,0.03326527774333954
4087,1684,1,840,initiation,0.0,0.03880694508552551
4087,1684,1,978,decrease,0.04858333617448807,0.02409166842699051
4087,1684,1,991,decrease,0.0694444477558136,0.03401666879653931
4095,3728,0,30,initiation,0.0,0.5420833230018616
4095,3728,0,42,initiation,0.0,0.09752639383077621
4095,3728,0,54,stop,0.10497500002384186,0.0
4095,3728,0,66,decrease,0.07714582979679108,0.032915275543928146
4095,3728,0,78,decrease,0.07663610577583313,0.03754722326993942
4095,3728,0,158,decrease,0.059054166078567505,0.030512500554323196
4095,3728,0,416,decrease,0.057350002229213715,0.02822638861835003
4095,3728,0,478,initiation,0.0,0.048702776432037354
4095,3728,0,528,decrease,0.057426389306783676,0.028086110949516296
4095,3728,0,552,increase,0.013645833358168602,0.029765278100967407
4095,3728,0,624,decrease,0.03350694477558136,0.016374999657273293
4095,3728,1,28,initiation,0.0,0.5555555820465088
4095,3728,1,40,initiation,0.0,0.14435139298439026
4095,3728,1,52,stop,0.1361333429813385,0.0
4095,3728,1,78,increase,0.013195834122598171,0.032999999821186066
4095,3728,1,146,decrease,0.04075555503368378,0.01275833323597908
4095,3728,1,231,decrease,0.0624527782201767,0.030727777630090714
4095,3728,1,243,initiation,0.0,0.04415278136730194
4095,3728,1,301,decrease,0.048302777111530304,0.02439027838408947
4095,3728,1,328,increase,0.048225000500679016,0.07833055406808853
4095,3728,1,436,decrease,0.07251527905464172,0.03491250053048134
4095,3728,1,476,initiation,0.0,0.05107777938246727
4095,3728,1,675,decrease,0.07124027609825134,0.035301387310028076
4102,607,0,16,initiation,0.0,0.4332166314125061
4102,607,0,28,initiation,0.0,0.08312083035707474
4102,607,0,57,decrease,0.09578750282526016,0.045613888651132584
4102,607,0,75,initiation,0.0,0.03997361287474632
4102,607,0,87,initiation,0.0,0.07409721612930298
4102,607,0,99,stop,0.07380972802639008,0.0
4102,607,0,114,decrease,0.09695972502231598,0.046812500804662704
4102,607,0,129,decrease,0.07966527342796326,0.03916805610060692
4102,607,0,143,decrease,0.06558471918106079,0.03110000118613243
4102,607,0,155,decrease,0.0760861188173294,0.033618055284023285
4102,607,0,187,decrease,0.08532500267028809,0.04099583253264427
4102,607,0,199,increase,0.03212083503603935,0.06941666454076767
4102,607,0,302,decrease,0.06409722566604614,0.03195971995592117
4102,607,0,321,decrease,0.07631944119930267,0.028095833957195282
4102,607,0,372,increase,0.00986944418400526,0.022227779030799866
4102,607,0,486,decrease,0.031073611229658127,0.015236111357808113
4102,607,0,501,increase,0.010227777995169163,0.02374861016869545
4102,607,0,593,decrease,0.027904165908694267,0.013598611578345299
4102,607,1,12,initiation,0.0,0.35202640295028687
4102,607,1,24,initiation,0.0,0.0704430565237999
4102,607,1,65,decrease,0.0646125003695488,0.03171944245696068
4102,607,1,85,initiation,0.0,0.03845694661140442
4102,607,1,99,decrease,0.04175277799367905,0.02110833302140236
4102,607,1,112,decrease,0.05353333428502083,0.025941666215658188
4102,607,1,124,initiation,0.0,0.040049999952316284
4102,607,1,139,initiation,0.0,0.03636527806520462
4102,607,1,154,stop,0.03570833429694176,0.0
4102,607,1,302,decrease,0.05375555530190468,0.026222221553325653
4102,607,1,322,increase,0.014454166404902935,0.03447499871253967
4102,607,1,487,decrease,0.03770972043275833,0.018930556252598763
4102,607,1,589,decrease,0.033137500286102295,0.012483333237469196
4102,607,1,645,decrease,0.046420834958553314,0.022990277037024498
4102,607,1,657,increase,0.02866527810692787,0.07633750140666962
4102,607,1,682,decrease,0.07282361388206482,0.036145832389593124
4113,3069,0,17,initiation,0.0,0.09614028036594391
4113,3069,0,29,stop,0.1555500030517578,0.0
4113,3069,0,42,initiation,0.0,0.07232777774333954
4113,3069,0,54,stop,0.08436805754899979,0.0
4113,3069,0,66,increase,0.1436736136674881,0.17438194155693054
4113,3069,0,83,initiation,0.0,0.04036666452884674
4113,3069,0,95,initiation,0.0,0.07675694674253464
4113,3069,0,111,decrease,0.08123472332954407,0.06838333606719971
4113,3069,0,123,decrease,0.09900277853012085,0.07837361097335815
4113,3069,0,174,decrease,0.10304445028305054,0.05067777633666992
4113,3069,0,186,increase,0.03983472287654877,0.08465833216905594
4113,3069,0,198,stop,0.08406944572925568,0.0
4113,3069,0,210,initiation,0.0,0.06657777726650238
4113,3069,0,288,decrease,0.06660278141498566,0.03482639044523239
4113,3069,0,300,initiation,0.0,0.059909723699092865
4113,3069,0,314,decrease,0.06606249511241913,0.033497221767902374
4113,3069,0,435,decrease,0.07825416326522827,0.03916805610060692
4113,3069,0,524,decrease,0.08893610537052155,0.043945834040641785
4113,3069,0,563,increase,0.01184999942779541,0.0250847227871418
4113,3069,0,667,decrease,0.03659583255648613,0.0180958341807127
4113,3069,1,12,initiation,0.0,0.11390277743339539
4113,3069,1,25,decrease,0.14365555346012115,0.06693611294031143
4113,3069,1,39,initiation,0.0,0.05749444663524628
4113,3069,1,65,decrease,0.0635041669011116,0.03607777878642082
4113,3069,1,79,initiation,0.0,0.04143889248371124
4113,3069,1,291,increase,0.04383333399891853,0.06782916933298111
4113,3069,1,315,decrease,0.06537777185440063,0.032402776181697845
4113,3069,1,344,increase,0.08002916723489761,0.10535694658756256
4113,3069,1,461,decrease,0.09502221643924713,0.0467652790248394
4113,3069,1,473,stop,0.07330000400543213,0.0
4113,3069,1,485,initiation,0.0,0.05200555548071861
4113,3069,1,621,decrease,0.06259861588478088,0.031091665849089622
4113,3069,1,633,initiation,0.0,0.04670555889606476
4113,3069,1,676,decrease,0.05065694451332092,0.025234723463654518
4113,3069,1,688,initiation,0.0,0.036586109548807144
4113,3069,1,703,decrease,0.03761805593967438,0.018954167142510414
4122,4491,0,22,initiation,0.0,0.6944444179534912
4122,4491,0,34,initiation,0.0,0.10116805136203766
4122,4491,0,48,increase,0.1027805507183075,0.134077787399292
4122,4491,0,90,decrease,0.11948749423027039,0.058097224682569504
4122,4491,0,106,initiation,0.0,0.06291666626930237
4122,4491,0,258,decrease,0.05924583598971367,0.028816666454076767
4122,4491,0,288,decrease,0.052562497556209564,0.02506944350898266
4122,4491,0,881,decrease,0.04574861004948616,0.025790277868509293
4122,4491,0,965,decrease,0.04990693926811218,0.024897223338484764
4122,4491,1,22,initiation,0.0,0.49844029545783997
4122,4491,1,34,initiation,0.0,0.10785972326993942
4122,4491,1,53,decrease,0.10079166293144226,0.04822222515940666
4122,4491,1,77,initiation,0.0,0.03568194434046745
4122,4491,1,166,decrease,0.04025277867913246,0.020012499764561653
4122,4491,1,178,initiation,0.0,0.06848055124282837
4122,4491,1,884,decrease,0.06041250377893448,0.030327778309583664
4122,4491,1,965,decrease,0.07094722241163254,0.03537638857960701
4143,2446,0,45,initiation,0.0,0.6944444179534912
4143,2446,0,57,initiation,0.0,0.09750555455684662
4143,2446,0,94,decrease,0.12009166181087494,0.05797082930803299
4143,2446,0,398,decrease,0.07257638871669769,0.036040276288986206
4143,2446,0,411,decrease,0.08572360873222351,0.06464305520057678
4143,2446,0,449,decrease,0.09175694733858109,0.04534027725458145
4143,2446,0,1187,decrease,0.07163749635219574,0.03533611074090004
4143,2446,0,1668,decrease,0.06881527602672577,0.03387777879834175
4143,2446,0,1680,initiation,0.0,0.053462497889995575
4143,2446,0,1936,decrease,0.057370834052562714,0.028098613023757935
4143,2446,0,2766,decrease,0.05607083439826965,0.027520833536982536
4143,2446,0,2871,decrease,0.02583194524049759,0.003715277649462223
4143,2446,0,2895,decrease,0.033444441854953766,0.016726389527320862
4143,2446,1,45,initiation,0.0,0.5014486312866211
4143,2446,1,57,initiation,0.0,0.05167638882994652
4143,2446,1,87,decrease,0.08854444324970245,0.042984720319509506
4143,2446,1,122,increase,0.007591666653752327,0.026622220873832703
4143,2446,1,352,increase,0.016040276736021042,0.040634721517562866
4143,2446,1,396,increase,0.038813889026641846,0.272109717130661
4143,2446,1,408,initiation,0.0,0.08973333239555359
4143,2446,1,421,decrease,0.08552916347980499,0.04245694354176521
4143,2446,1,433,increase,0.026836112141609192,0.06901944428682327
4143,2446,1,446,increase,0.03457361087203026,0.08067916333675385
4143,2446,1,465,decrease,0.07973749935626984,0.049598608165979385
4143,2446,1,522,decrease,0.09309028089046478,0.058836109936237335
4143,2446,1,564,decrease,0.09756666421890259,0.04761805385351181
4143,2446,1,580,initiation,0.0,0.07189305871725082
4143,2446,1,592,decrease,0.0742708295583725,0.006725000217556953
4143,2446,1,604,decrease,0.08671944588422775,0.04299861192703247
4143,2446,1,616,increase,0.07974305748939514,0.10977916419506073
4143,2446,1,628,decrease,0.1102430522441864,0.04573750123381615
4143,2446,1,707,decrease,0.0958152711391449,0.046844445168972015
4143,2446,1,814,decrease,0.09513472020626068,0.046719446778297424
4143,2446,1,829,initiation,0.0,0.06393055617809296
4143,2446,1,856,decrease,0.0719652771949768,0.03709166496992111
4143,2446,1,898,decrease,0.0966833308339119,0.048616670072078705
4143,2446,1,913,decrease,0.1082402765750885,0.053837500512599945
4143,2446,1,950,decrease,0.09345139563083649,0.04708888754248619
4143,2446,1,962,increase,0.0367041677236557,0.08183333277702332
4143,2446,1,974,stop,0.08242222666740417,0.0
4143,2446,1,997,decrease,0.08414582908153534,0.04211527854204178
4143,2446,1,1091,decrease,0.09561111032962799,0.04659999907016754
4143,2446,1,1103,initiation,0.0,0.05835416913032532
4143,2446,1,1124,decrease,0.07121250033378601,0.03613194450736046
4143,2446,1,1138,decrease,0.08522222191095352,0.042173609137535095
4143,2446,1,1150,increase,0.027068056166172028,0.07216944545507431
4143,2446,1,1183,decrease,0.07369444519281387,0.036859720945358276
4143,2446,1,1195,increase,0.06799305230379105,0.09922916442155838
4143,2446,1,1233,decrease,0.09670555591583252,0.047716666013002396
4143,2446,1,1245,initiation,0.0,0.059022221714258194
4143,2446,1,1384,decrease,0.07487083226442337,0.037340279668569565
4143,2446,1,1396,initiation,0.0,0.061331942677497864
4143,2446,1,1460,decrease,0.06475138664245605,0.040901388972997665
4143,2446,1,1529,decrease,0.07507777959108353,0.03822638839483261
4143,2446,1,1543,initiation,0.0,0.043138887733221054
4143,2446,1,1742,decrease,0.055973611772060394,0.027876388281583786
4143,2446,1,1897,decrease,0.0654597207903862,0.03241666778922081
4143,2446,1,1909,initiation,0.0,0.05248333513736725
4143,2446,1,1968,decrease,0.05568055808544159,0.027655556797981262
4143,2446,1,2090,decrease,0.0657472163438797,0.032256945967674255
4143,2446,1,2102,initiation,0.0,0.053506944328546524
4143,2446,1,2131,decrease,0.05452777445316315,0.026904167607426643
4143,2446,1,2393,decrease,0.06556805968284607,0.03395555540919304
4143,2446,1,2525,decrease,0.08536944538354874,0.04243472218513489
4143,2446,1,2542,initiation,0.0,0.03979305550456047
4143,2446,1,2866,decrease,0.05634305626153946,0.02837083302438259
4143,2446,1,2878,increase,0.0395333357155323,0.07891805469989777
4143,2446,1,2895,decrease,0.07723333686590195,0.03778194263577461
4145,118,0,28,initiation,0.0,0.6944444179534912
4145,118,0,40,initiation,0.0,0.13300694525241852
4145,118,0,132,decrease,0.1163138896226883,0.05695277824997902
4145,118,0,144,initiation,0.0,0.0895194411277771
4145,118,0,189,decrease,0.08651944994926453,0.04208610951900482
4145,118,0,201,initiation,0.0,0.06288889050483704
4145,118,0,243,decrease,0.0630069449543953,0.03154861181974411
4145,118,0,300,decrease,0.08104027807712555,0.03992222249507904
4145,118,0,323,decrease,0.07199166715145111,0.03489583358168602
4145,118,0,335,increase,0.02567361108958721,0.05857916921377182
4145,118,0,393,decrease,0.059219442307949066,0.02975555509328842
4145,118,0,543,decrease,0.07578332722187042,0.037437498569488525
4145,118,0,575,increase,0.011490277014672756,0.03402777761220932
4145,118,0,755,decrease,0.043772220611572266,0.02178611047565937
4145,118,0,769,initiation,0.0,0.04014722257852554
4145,118,0,875,decrease,0.044626384973526,0.022361110895872116
4145,118,1,23,initiation,0.0,0.5555555820465088
4145,118,1,35,initiation,0.0,0.12058193981647491
4145,118,1,121,decrease,0.10661250352859497,0.0528625026345253
4145,118,1,140,initiation,0.0,0.0462944433093071
4145,118,1,190,decrease,0.05914027988910675,0.029786109924316406
4145,118,1,243,decrease,0.08397360891103745,0.042618054896593094
4145,118,1,257,initiation,0.0,0.06906528025865555
4145,118,1,269,stop,0.08085833489894867,0.0
4145,118,1,281,initiation,0.0,0.05346527695655823
4145,118,1,318,decrease,0.05876527726650238,0.029011111706495285
4145,118,1,405,increase,0.02857777662575245,0.5703333616256714
4145,118,1,417,initiation,0.0,0.15513193607330322
4145,118,1,507,decrease,0.1255277693271637,0.0627194494009018
4145,118,1,519,initiation,0.0,0.12277361005544662
4145,118,1,804,decrease,0.1233055517077446,0.06077638640999794
4145,118,1,816,initiation,0.0,0.09403194487094879
4145,118,1,861,decrease,0.09977500140666962,0.049912501126527786
4179,1577,0,12,initiation,0.0,0.3891749978065491
4179,1577,0,24,initiation,0.0,0.12768055498600006
4179,1577,0,57,decrease,0.14178889989852905,0.06944166868925095
4179,1577,0,79,initiation,0.0,0.05514860898256302
4179,1577,0,114,decrease,0.0600527748465538,0.028711112216114998
4179,1577,0,127,initiation,0.0,0.039116665720939636
4179,1577,0,317,decrease,0.04080972075462341,0.01992083340883255
4179,1577,0,329,increase,0.033561110496520996,0.07524583488702774
4179,1577,0,416,decrease,0.06651943922042847,0.0328763872385025
4179,1577,0,428,initiation,0.0,0.04846249893307686
4179,1577,0,520,decrease,0.04883749783039093,0.023766666650772095
4179,1577,0,532,increase,0.055897220969200134,0.08296944200992584
4179,1577,0,594,decrease,0.07782360911369324,0.03806527704000473
4179,1577,0,606,initiation,0.0,0.05933750048279762
4179,1577,0,717,decrease,0.05891527980566025,0.028720835223793983
4179,1577,0,731,initiation,0.0,0.0435805544257164
4179,1577,0,1452,decrease,0.04544444382190704,0.023237500339746475
4179,1577,0,1603,decrease,0.057038888335227966,0.028323611244559288
4179,1577,0,1615,initiation,0.0,0.03554583340883255
4179,1577,0,1768,decrease,0.043001387268304825,0.021961111575365067
4179,1577,0,1854,decrease,0.05764583498239517,0.028706945478916168
4179,1577,1,13,stop,0.5555555820465088,0.0
4179,1577,1,25,initiation,0.0,0.10279999673366547
4179,1577,1,57,decrease,0.09505972266197205,0.046020831912755966
4179,1577,1,79,initiation,0.0,0.036301389336586
4179,1577,1,91,decrease,0.04880138486623764,0.02421666868031025
4179,1577,1,103,increase,0.028011109679937363,0.06997083127498627
4179,1577,1,118,initiation,0.0,0.048027779906988144
4179,1577,1,130,stop,0.058706946671009064,0.0
4179,1577,1,147,initiation,0.0,0.0373263880610466
4179,1577,1,318,decrease,0.04224027693271637,0.021315278485417366
4179,1577,1,338,increase,0.0525277778506279,0.5825375318527222
4179,1577,1,351,initiation,0.0,0.0994972288608551
4179,1577,1,404,decrease,0.12455277144908905,0.061412498354911804
4179,1577,1,429,initiation,0.0,0.04775833338499069
4179,1577,1,445,initiation,0.0,0.04262777790427208
4179,1577,1,517,increase,0.057620830833911896,0.20327778160572052
4179,1577,1,529,initiation,0.0,0.08974999189376831
4179,1577,1,552,decrease,0.08790417015552521,0.04345416650176048
4179,1577,1,564,increase,0.0333000011742115,0.07597221434116364
4179,1577,1,594,decrease,0.07601805776357651,0.037744443863630295
4179,1577,1,606,initiation,0.0,0.06498472392559052
4179,1577,1,666,stop,0.06631805747747421,0.0
4179,1577,1,745,decrease,0.07669027894735336,0.038152776658535004
4179,1577,1,757,increase,0.06279166787862778,0.0966416597366333
4179,1577,1,1052,decrease,0.09300416707992554,0.046045832335948944
4179,1577,1,1064,initiation,0.0,0.05752360820770264
4179,1577,1,1279,decrease,0.07561250030994415,0.037376388907432556
4179,1577,1,1452,decrease,0.06890416145324707,0.03420000150799751
4179,1577,1,1464,initiation,0.0,0.056098610162734985
4179,1577,1,1653,decrease,0.05880139023065567,0.028808334842324257
4179,1577,1,1665,initiation,0.0,0.04831944406032562
4179,1577,1,1679,decrease,0.047974999994039536,0.023827778175473213
4179,1577,1,1692,decrease,0.0591638907790184,0.036416664719581604
4179,1577,1,1704,initiation,0.0,0.09044305235147476
4179,1577,1,1722,initiation,0.0,0.04551389068365097
4179,1577,1,1734,stop,0.05623888969421387,0.0
4179,1577,1,1746,initiation,0.0,0.04625555872917175
4179,1577,1,1784,decrease,0.048225000500679016,0.024173611775040627
4179,1577,1,1797,initiation,0.0,0.0381736122071743
4179,1577,1,1857,decrease,0.040731944143772125,0.020238887518644333
4179,1577,1,1869,increase,0.016668055206537247,0.0596499964594841
4179,1577,1,1942,decrease,0.057620834559202194,0.028337499126791954
4198,2705,0,16,initiation,0.0,0.6944444179534912
4198,2705,0,28,initiation,0.0,0.10129167139530182
4198,2705,0,320,decrease,0.07415555417537689,0.0364111103117466
4198,2705,0,333,initiation,0.0,0.044498614966869354
4198,2705,0,556,decrease,0.05380833148956299,0.026916665956377983
4198,2705,0,897,decrease,0.05879444628953934,0.028884723782539368
4198,2705,0,909,initiation,0.0,0.043812498450279236
4198,2705,0,965,decrease,0.0447624996304512,0.02217361144721508
4198,2705,1,16,initiation,0.0,0.31485554575920105
4198,2705,1,28,initiation,0.0,0.07319166511297226
4198,2705,1,83,decrease,0.07210972160100937,0.036245834082365036
4198,2705,1,897,decrease,0.0839819461107254,0.042197223752737045
4198,2705,1,966,decrease,0.07557639479637146,0.03700000047683716
4198,2705,1,978,stop,0.038697220385074615,0.0
4198,2705,1,1015,decrease,0.10460972040891647,0.0516805537045002
4202,6050,0,32,initiation,0.0,0.6944444179534912
4202,6050,0,44,initiation,0.0,0.08399305492639542
4202,6050,0,56,stop,0.15851667523384094,0.0
4202,6050,0,68,initiation,0.0,0.10610972344875336
4202,6050,0,81,stop,0.10762916505336761,0.0
4202,6050,0,93,initiation,0.0,0.16034860908985138
4202,6050,0,175,decrease,0.1348986029624939,0.06551527976989746
4202,6050,0,188,initiation,0.0,0.03534861281514168
4202,6050,0,408,decrease,0.08336666971445084,0.04164722189307213
4202,6050,0,1014,decrease,0.07772083580493927,0.03860694542527199
4202,6050,0,1098,decrease,0.07785417139530182,0.03791250288486481
4202,6050,1,32,initiation,0.0,0.5555555820465088
4202,6050,1,44,initiation,0.0,0.12564027309417725
4202,6050,1,56,stop,0.12209722399711609,0.0
4202,6050,1,68,initiation,0.0,0.07576528191566467
4202,6050,1,80,stop,0.07608333230018616,0.0
4202,6050,1,176,decrease,0.10585834085941315,0.05183611065149307
4202,6050,1,821,decrease,0.09076250344514847,0.0500597208738327
4202,6050,1,913,decrease,0.10264305770397186,0.05130694806575775
4202,6050,1,971,decrease,0.1282472312450409,0.06383611261844635
4202,6050,1,1098,decrease,0.14830970764160156,0.07364444434642792
4202,6050,1,1122,initiation,0.0,0.05441805720329285
4202,6050,1,1207,increase,0.08433888852596283,0.10568749904632568
4202,6050,1,1219,stop,0.10480555891990662,0.0
4258,1878,0,30,initiation,0.0,0.04104583337903023
4258,1878,0,54,decrease,0.12555277347564697,0.06138194352388382
4258,1878,0,67,initiation,0.0,0.07458888739347458
4258,1878,0,119,decrease,0.07366527616977692,0.036601390689611435
4258,1878,0,131,initiation,0.0,0.0577361136674881
4258,1878,0,143,stop,0.05702916905283928,0.0
4258,1878,0,634,decrease,0.051766667515039444,0.03216666728258133
4258,1878,0,882,decrease,0.047506943345069885,0.023311112076044083
4258,1878,0,985,decrease,0.04139305651187897,0.020380554720759392
4258,1878,0,997,increase,0.014725000597536564,0.034223612397909164
4258,1878,0,1201,decrease,0.03892916440963745,0.01893194392323494
4258,1878,0,1235,decrease,0.019588889554142952,0.00555972196161747
4258,1878,0,1331,increase,0.0044791665859520435,0.021643053740262985
4258,1878,0,1343,initiation,0.0,0.038656942546367645
4258,1878,0,1432,decrease,0.03648611158132553,0.018280554562807083
4258,1878,0,1506,decrease,0.04090416431427002,0.024945832788944244
4258,1878,0,1602,decrease,0.03368610888719559,0.01647222228348255
4258,1878,0,1615,increase,0.012591666541993618,0.02684444561600685
4258,1878,0,2010,decrease,0.0291583314538002,0.01463194377720356
4258,1878,1,24,initiation,0.0,0.04544166475534439
4258,1878,1,54,decrease,0.09968472272157669,0.04892222210764885
4258,1878,1,82,increase,0.01188611052930355,0.03551805764436722
4258,1878,1,122,decrease,0.04004722088575363,0.01997777819633484
4258,1878,1,138,decrease,0.06922361254692078,0.034134723246097565
4258,1878,1,172,increase,0.012276388704776764,0.04043055698275566
4258,1878,1,405,decrease,0.04840555787086487,0.024368055164813995
4258,1878,1,465,decrease,0.0576055571436882,0.02436250075697899
4258,1878,1,516,decrease,0.06833194196224213,0.0338749997317791
4258,1878,1,528,initiation,0.0,0.053159721195697784
4258,1878,1,632,decrease,0.06520277261734009,0.02899722382426262
4258,1878,1,726,decrease,0.073565274477005,0.036338888108730316
4258,1878,1,738,initiation,0.0,0.05872777849435806
4258,1878,1,760,decrease,0.06028194725513458,0.029870834201574326
4258,1878,1,830,decrease,0.06268750131130219,0.030806943774223328
4258,1878,1,850,decrease,0.056462500244379044,0.027605554088950157
4258,1878,1,878,increase,0.052177779376506805,0.08386249840259552
4258,1878,1,1024,decrease,0.06719999760389328,0.0331638902425766
4258,1878,1,1051,decrease,0.05826527625322342,0.028797220438718796
4258,1878,1,1063,initiation,0.0,0.05758194625377655
4258,1878,1,1078,increase,0.03905416652560234,0.06453055143356323
4258,1878,1,1339,decrease,0.06812778115272522,0.037986114621162415
4258,1878,1,1374,decrease,0.07917499542236328,0.039491668343544006
4258,1878,1,1386,initiation,0.0,0.05887777358293533
4258,1878,1,1424,decrease,0.060777779668569565,0.030012499541044235
4258,1878,1,1436,increase,0.08225695043802261,0.10233889520168304
4258,1878,1,1466,decrease,0.09833750128746033,0.048616670072078705
4258,1878,1,2010,decrease,0.078575000166893,0.03939861059188843
4261,4803,0,25,initiation,0.0,0.6944444179534912
4261,4803,0,37,initiation,0.0,0.08814167231321335
4261,4803,0,56,decrease,0.14908194541931152,0.07443471997976303
4261,4803,0,68,initiation,0.0,0.08839999884366989
4261,4803,0,126,decrease,0.09054027497768402,0.043477777391672134
4261,4803,0,199,decrease,0.09803055226802826,0.04738472402095795
4261,4803,0,211,initiation,0.0,0.07516250014305115
4261,4803,0,244,decrease,0.07357083261013031,0.035648610442876816
4261,4803,0,378,decrease,0.08518888801336288,0.04096111282706261
4261,4803,0,390,initiation,0.0,0.08356110751628876
4261,4803,0,499,decrease,0.08157499879598618,0.040166668593883514
4261,4803,0,511,initiation,0.0,0.06300416588783264
4261,4803,0,652,decrease,0.06496666371822357,0.0331638902425766
4261,4803,0,904,decrease,0.0773722231388092,0.03781111165881157
4261,4803,0,916,initiation,0.0,0.052056942135095596
4261,4803,1,24,initiation,0.0,0.5555555820465088
4261,4803,1,36,initiation,0.0,0.042993053793907166
4261,4803,1,55,decrease,0.10353055596351624,0.05003749951720238
4261,4803,1,80,initiation,0.0,0.03668055683374405
4261,4803,1,125,decrease,0.040005557239055634,0.020584722980856895
4261,4803,1,137,increase,0.024299999698996544,0.06872083246707916
4261,4803,1,199,decrease,0.06374166905879974,0.03158055618405342
4261,4803,1,211,initiation,0.0,0.049408331513404846
4261,4803,1,243,decrease,0.05085277557373047,0.025365278124809265
4261,4803,1,255,increase,0.03927916660904884,0.07843749970197678
4261,4803,1,376,decrease,0.0726083368062973,0.03683749958872795
4261,4803,1,904,decrease,0.10328888893127441,0.05131249874830246
4261,4803,1,925,initiation,0.0,0.044591665267944336
4261,4803,1,943,decrease,0.05177222192287445,0.026273610070347786
4261,4803,1,982,initiation,0.0,0.04805000126361847
4275,1581,0,69,initiation,0.0,0.29635417461395264
4275,1581,0,81,initiation,0.0,0.08669305592775345
4275,1581,0,110,decrease,0.08142083883285522,0.03932499885559082
4275,1581,0,129,initiation,0.0,0.03689444437623024
4275,1581,0,159,decrease,0.04075416922569275,0.020888889208436012
4275,1581,0,171,increase,0.018138889223337173,0.07470833510160446
4275,1581,0,268,decrease,0.062231943011283875,0.02295694313943386
4275,1581,0,284,decrease,0.08200277388095856,0.03974860906600952
4275,1581,0,301,initiation,0.0,0.03974027559161186
4275,1581,0,342,decrease,0.046181946992874146,0.02271944470703602
4275,1581,0,458,decrease,0.053680554032325745,0.025930555537343025
4275,1581,0,506,initiation,0.0,0.26211807131767273
4275,1581,0,518,initiation,0.0,0.051479168236255646
4275,1581,0,530,initiation,0.0,0.08530417084693909
4275,1581,0,542,initiation,0.0,0.09887222945690155
4275,1581,0,554,stop,0.048556942492723465,0.0
4275,1581,0,591,initiation,0.0,0.069423608481884
4275,1581,0,607,decrease,0.03450833261013031,0.012327778153121471
4275,1581,0,623,initiation,0.0,0.056672222912311554
4275,1581,0,635,stop,0.062356941401958466,0.0
4275,1581,0,654,decrease,0.04998333007097244,0.024461111053824425
4275,1581,0,857,decrease,0.05709722265601158,0.02824583277106285
4275,1581,0,986,initiation,0.0,0.6944444179534912
4275,1581,0,1024,initiation,0.0,0.039893053472042084
4275,1581,0,1036,stop,0.0883694440126419,0.0
4275,1581,0,1065,initiation,0.0,0.03680972382426262
4275,1581,0,1077,increase,0.0023652776144444942,0.049238890409469604
4275,1581,0,1094,decrease,0.048694442957639694,0.025184720754623413
4275,1581,0,1176,initiation,0.0,0.24830971658229828
4275,1581,0,1188,initiation,0.0,0.07453611493110657
4275,1581,0,1200,stop,0.0713638886809349,0.0
4275,1581,0,1216,initiation,0.0,0.04955139011144638
4275,1581,0,1236,decrease,0.05842222273349762,0.028711112216114998
4275,1581,0,1249,decrease,0.06917639076709747,0.034009721130132675
4275,1581,0,1290,initiation,0.0,0.13463054597377777
4275,1581,0,1336,initiation,0.0,0.07200416177511215
4275,1581,0,1348,initiation,0.0,0.05986666679382324
4275,1581,0,1393,initiation,0.0,0.06317916512489319
4275,1581,0,1451,initiation,0.0,0.048375003039836884
4275,1581,0,1470,initiation,0.0,0.04020833224058151
4275,1581,0,1488,decrease,0.039622221142053604,0.020145833492279053
4275,1581,0,1504,increase,0.012458333745598793,0.028647221624851227
4275,1581,1,71,initiation,0.0,0.27439165115356445
4275,1581,1,83,initiation,0.0,0.09895972162485123
4275,1581,1,112,decrease,0.08924305438995361,0.04342777654528618
4275,1581,1,127,initiation,0.0,0.04726805537939072
4275,1581,1,156,decrease,0.056134723126888275,0.02780138887465
4275,1581,1,243,increase,0.006665277294814587,0.028531944379210472
4275,1581,1,270,decrease,0.04383472353219986,0.02146805450320244
4275,1581,1,513,decrease,0.048843055963516235,0.02502499893307686
4275,1581,1,543,decrease,0.05785694345831871,0.02896527759730816
4275,1581,1,642,decrease,0.0650569498538971,0.032116666436195374
4275,1581,1,654,initiation,0.0,0.052319444715976715
4275,1581,1,709,decrease,0.05496250092983246,0.027186110615730286
4275,1581,1,721,increase,0.020920833572745323,0.04563472419977188
4275,1581,1,735,initiation,0.0,0.03566805645823479
4277,846,0,34,initiation,0.0,0.6944444179534912
4277,846,0,46,initiation,0.0,0.09839166700839996
4277,846,0,108,decrease,0.1298999935388565,0.06337916851043701
4277,846,0,127,initiation,0.0,0.055645834654569626
4277,846,0,307,decrease,0.05788750201463699,0.029538888484239578
4277,846,0,454,decrease,0.07081250101327896,0.034409720450639725
4277,846,0,466,increase,0.025958333164453506,0.05810416489839554
4277,846,0,629,decrease,0.05896666646003723,0.028776388615369797
4277,846,0,881,decrease,0.052993059158325195,0.026080556213855743
4277,846,0,908,decrease,0.04479166865348816,0.022283334285020828
4277,846,0,923,increase,0.015258333645761013,0.034183330833911896
4277,846,0,1005,decrease,0.03779444471001625,0.018436111509799957
4277,846,0,1018,increase,0.01370277814567089,0.030230555683374405
4277,846,0,1046,decrease,0.031073611229658127,0.015413888730108738
4277,846,1,34,initiation,0.0,0.5555555820465088
4277,846,1,46,initiation,0.0,0.1190958321094513
4277,846,1,107,decrease,0.09485416859388351,0.04680278152227402
4277,846,1,313,initiation,0.0,0.06036527827382088
4277,846,1,454,decrease,0.05550277605652809,0.02710833214223385
4277,846,1,1004,decrease,0.07669860869646072,0.03757500275969505
4277,846,1,1016,initiation,0.0,0.06071944162249565
4277,846,1,1046,decrease,0.063880555331707,0.03136388957500458
4287,2395,0,18,initiation,0.0,0.6944444179534912
4287,2395,0,30,initiation,0.0,0.09888333082199097
4287,2395,0,52,decrease,0.13589027523994446,0.06541111320257187
4287,2395,0,71,initiation,0.0,0.045483335852622986
4287,2395,0,199,increase,0.0543736070394516,0.07036805152893066
4287,2395,0,211,increase,0.044155552983284,0.06117499992251396
4287,2395,0,717,decrease,0.051100000739097595,0.02548888698220253
4287,2395,0,831,decrease,0.05872361361980438,0.028620833531022072
4287,2395,0,843,initiation,0.0,0.046715278178453445
4287,2395,0,901,decrease,0.048318058252334595,0.023512501269578934
4287,2395,0,921,increase,0.013270833529531956,0.03051111102104187
4287,2395,0,1001,increase,0.009909722954034805,0.028184721246361732
4287,2395,0,1022,decrease,0.03120138868689537,0.015401388518512249
4287,2395,0,1036,initiation,0.0,0.03521944582462311
4287,2395,1,18,initiation,0.0,0.5540083050727844
4287,2395,1,30,initiation,0.0,0.077194444835186
4287,2395,1,51,decrease,0.09901943802833557,0.048559725284576416
4287,2395,1,77,initiation,0.0,0.03615555539727211
4287,2395,1,201,decrease,0.04029305279254913,0.020408334210515022
4287,2395,1,213,initiation,0.0,0.09363888949155807
4287,2395,1,493,increase,0.06578610837459564,0.0899694412946701
4287,2395,1,600,decrease,0.08067777752876282,0.0396638885140419
4287,2395,1,614,increase,0.039254166185855865,0.06820138543844223
4287,2395,1,628,increase,0.04031805321574211,0.09484861046075821
4287,2395,1,641,increase,0.045515276491642,0.10694999992847443
4287,2395,1,662,decrease,0.1052805632352829,0.05189305543899536
4287,2395,1,674,initiation,0.0,0.07921110838651657
4287,2395,1,690,decrease,0.07905416190624237,0.03937361389398575
4287,2395,1,702,initiation,0.0,0.06625277549028397
4287,2395,1,756,decrease,0.07088333368301392,0.035506945103406906
4287,2395,1,839,increase,0.06545833498239517,0.08985555917024612
4287,2395,1,920,decrease,0.08637777715921402,0.042980555444955826
4287,2395,1,936,initiation,0.0,0.04503055661916733
4287,2395,1,950,decrease,0.05281110852956772,0.026568055152893066
4287,2395,1,1040,decrease,0.03783611208200455,0.01877777837216854
4316,5202,0,62,initiation,0.0,0.6944444179534912
4316,5202,0,74,initiation,0.0,0.10061804950237274
4316,5202,0,94,decrease,0.11735972762107849,0.05701666325330734
4316,5202,0,106,initiation,0.0,0.09112222492694855
4316,5202,0,154,decrease,0.08234444260597229,0.03978194296360016
4316,5202,0,166,increase,0.028269443660974503,0.06683194637298584
4316,5202,0,377,decrease,0.05560138821601868,0.029266666620969772
4316,5202,0,398,decrease,0.07012222707271576,0.03806805610656738
4316,5202,0,414,initiation,0.0,0.04620833322405815
4316,5202,0,438,decrease,0.08072638511657715,0.0400666669011116
4316,5202,0,453,initiation,0.0,0.04509583115577698
4316,5202,0,465,stop,0.05035833269357681,0.0
4316,5202,0,481,increase,0.016481943428516388,0.034731943160295486
4316,5202,0,638,decrease,0.04098471999168396,0.021409722045063972
4316,5202,0,738,decrease,0.05349583178758621,0.027262499555945396
4316,5202,0,989,decrease,0.06079722195863724,0.02998194471001625
4316,5202,0,1001,initiation,0.0,0.045965276658535004
4316,5202,0,1091,decrease,0.04753333330154419,0.02365555427968502
4316,5202,1,62,initiation,0.0,0.4197708070278168
4316,5202,1,76,initiation,0.0,0.07101528346538544
4316,5202,1,94,decrease,0.07899999618530273,0.03844444453716278
4316,5202,1,107,initiation,0.0,0.04456944763660431
4316,5202,1,154,decrease,0.05113333463668823,0.025384722277522087
4316,5202,1,166,initiation,0.0,0.03971527889370918
4316,5202,1,259,decrease,0.04183611273765564,0.02075277827680111
4316,5202,1,276,increase,0.010015278123319149,0.03138333186507225
4316,5202,1,301,decrease,0.032620832324028015,0.009911111555993557
4316,5202,1,362,decrease,0.04219722002744675,0.02133333310484886
4316,5202,1,374,initiation,0.0,0.08460555970668793
4316,5202,1,386,increase,0.01815694384276867,0.09232082962989807
4316,5202,1,398,decrease,0.09049166738986969,0.044975001364946365
4316,5202,1,414,initiation,0.0,0.03849722445011139
4316,5202,1,439,decrease,0.10610000044107437,0.051891665905714035
4316,5202,1,454,initiation,0.0,0.05839722231030464
4316,5202,1,466,stop,0.07237499952316284,0.0
4316,5202,1,740,decrease,0.06695972383022308,0.033469442278146744
4316,5202,1,990,decrease,0.07517638802528381,0.038104165345430374
4316,5202,1,1002,increase,0.036920834332704544,0.10611388832330704
4316,5202,1,1054,decrease,0.10195139050483704,0.050352778285741806
4316,5202,1,1069,initiation,0.0,0.0627875030040741
4316,5202,1,1091,decrease,0.07089860737323761,0.035559721291065216
4316,5202,1,1112,initiation,0.0,0.041434720158576965
4316,5202,1,1133,decrease,0.04405833035707474,0.02218611165881157
4316,5202,1,1155,initiation,0.0,0.04785972088575363
4330,722,0,12,initiation,0.0,0.523865282535553
4330,722,0,24,initiation,0.0,0.15278194844722748
4330,722,0,76,decrease,0.13526806235313416,0.06590139120817184
4330,722,0,91,initiation,0.0,0.06809722632169724
4330,722,0,553,decrease,0.06359165906906128,0.03116111271083355
4330,722,0,565,initiation,0.0,0.04943333566188812
4330,722,0,780,decrease,0.051738888025283813,0.025640279054641724
4330,722,0,811,increase,0.00859583355486393,0.02099444344639778
4330,722,1,12,initiation,0.0,1.0349527597427368
4330,722,1,24,initiation,0.0,0.17361527681350708
4330,722,1,357,decrease,0.12157777696847916,0.0607222244143486
4330,722,1,552,decrease,0.12060000002384186,0.0596083328127861
4330,722,1,564,initiation,0.0,0.08537222445011139
4330,722,1,689,decrease,0.09608888626098633,0.04745972529053688
4330,722,1,779,decrease,0.08346111327409744,0.04125416651368141
4330,722,1,791,increase,0.026504166424274445,0.06546666473150253
4330,722,1,849,decrease,0.07078194618225098,0.03464027866721153
4383,2676,0,12,initiation,0.0,0.5866833329200745
4383,2676,0,24,initiation,0.0,0.11127221584320068
4383,2676,0,51,decrease,0.10270416736602783,0.05037499964237213
4383,2676,0,66,initiation,0.0,0.05594305694103241
4383,2676,0,126,decrease,0.056280557066202164,0.028445834293961525
4383,2676,0,231,decrease,0.0658888891339302,0.032434724271297455
4383,2676,0,244,initiation,0.0,0.04103611037135124
4383,2676,0,276,decrease,0.04395972192287445,0.02234305627644062
4383,2676,0,303,decrease,0.05561111122369766,0.027461109682917595
4383,2676,0,315,initiation,0.0,0.04299861192703247
4383,2676,0,499,decrease,0.044426389038562775,0.021787500008940697
4383,2676,0,528,decrease,0.037752777338027954,0.01873333379626274
4383,2676,0,1033,decrease,0.036076389253139496,0.018018055707216263
4383,2676,0,1362,decrease,0.03491111099720001,0.017429165542125702
4383,2676,0,1375,increase,0.012162500061094761,0.02828611060976982
4383,2676,0,1671,decrease,0.030063889920711517,0.014672222547233105
4383,2676,1,12,initiation,0.0,0.9107652902603149
4383,2676,1,29,initiation,0.0,0.0734083354473114
4383,2676,1,51,decrease,0.08021944761276245,0.038968052715063095
4383,2676,1,220,increase,0.013472221791744232,0.038701388984918594
4383,2676,1,232,stop,0.038752779364585876,0.0
4383,2676,1,268,increase,0.012305554933845997,0.038495831191539764
4383,2676,1,305,decrease,0.03649166598916054,0.012988889589905739
4383,2676,1,317,initiation,0.0,0.07184860855340958
4383,2676,1,449,decrease,0.06258055567741394,0.03221388906240463
4383,2676,1,498,decrease,0.07386110723018646,0.03564166650176048
4383,2676,1,510,initiation,0.0,0.06136389076709747
4383,2676,1,555,decrease,0.06232361122965813,0.03200139105319977
4383,2676,1,661,decrease,0.0712222158908844,0.037143055349588394
4383,2676,1,911,decrease,0.0817069411277771,0.04005555436015129
4383,2676,1,923,increase,0.02725694514811039,0.06807916611433029
4383,2676,1,1395,decrease,0.07090277969837189,0.03545694425702095
4383,2676,1,1407,increase,0.02737361006438732,0.058598607778549194
4383,2676,1,1444,decrease,0.06074027717113495,0.03020833246409893
4383,2676,1,1470,initiation,0.0,0.04835694655776024
4383,2676,1,1671,decrease,0.0625472217798233,0.030286110937595367
4390,5356,0,19,initiation,0.0,0.27300000190734863
4390,5356,0,31,initiation,0.0,0.041499972343444824
4390,5356,0,62,decrease,0.08799982070922852,0.06599998474121094
4390,5356,0,74,initiation,0.0,0.06200003623962402
4390,5356,0,259,decrease,0.0540008544921875,0.026500701904296875
4390,5356,0,284,decrease,0.053999900817871094,0.03199958801269531
4390,5356,0,984,increase,0.010999679565429688,0.032501220703125
4390,5356,0,1011,decrease,0.033000946044921875,0.016000747680664062
4390,5356,1,19,initiation,0.0,0.23250006139278412
4390,5356,1,33,initiation,0.0,0.058499932289123535
4390,5356,1,62,decrease,0.05949997901916504,0.03099989891052246
4390,5356,1,78,initiation,0.0,0.03849983215332031
4390,5356,1,101,decrease,0.03949999809265137,0.01849985122680664
4390,5356,1,113,initiation,0.0,0.09100031852722168
4390,5356,1,125,stop,0.10450005531311035,0.0
4390,5356,1,137,decrease,0.06649994850158691,0.0005002021789550781
4390,5356,1,157,initiation,0.0,0.03749990463256836
4390,5356,1,177,decrease,0.03849983215332031,0.008999824523925781
4390,5356,1,255,increase,0.012000083923339844,0.1185002326965332
4390,5356,1,1014,increase,0.024499893188476562,0.07549858093261719
4390,5356,1,1026,initiation,0.0,0.03549957275390625
4390,5356,1,1042,stop,0.035999298095703125,0.0
4390,5356,1,1123,decrease,0.04199981689453125,0.0214996337890625
4447,5625,0,13,initiation,0.0,0.6944444179534912
4447,5625,0,25,initiation,0.0,0.10308333486318588
4447,5625,0,90,increase,0.09884999692440033,0.17448194324970245
4447,5625,0,102,decrease,0.11144861578941345,0.058137502521276474
4447,5625,0,141,decrease,0.11521666496992111,0.05625277757644653
4447,5625,0,153,increase,0.036205556243658066,0.09334444254636765
4447,5625,0,165,initiation,0.0,0.08038055896759033
4447,5625,0,392,decrease,0.07049582898616791,0.03492916747927666
4447,5625,0,404,initiation,0.0,0.05490277707576752
4447,5625,0,417,decrease,0.05562777817249298,0.02759999968111515
4447,5625,0,469,decrease,0.07014722377061844,0.03513055667281151
4447,5625,0,518,decrease,0.08264721930027008,0.04025277867913246
4447,5625,0,530,initiation,0.0,0.06551666557788849
4447,5625,0,602,decrease,0.06789444386959076,0.03303888812661171
4447,5625,1,13,stop,0.5555555820465088,0.0
4447,5625,1,25,initiation,0.0,0.08576111495494843
4447,5625,1,37,decrease,0.08386944234371185,0.04057777673006058
4447,5625,1,90,increase,0.026337500661611557,0.08459305018186569
4447,5625,1,102,initiation,0.0,0.05521527677774429
4447,5625,1,141,decrease,0.05247638747096062,0.02557361125946045
4447,5625,1,153,initiation,0.0,0.04322638735175133
4447,5625,1,210,decrease,0.043522223830223083,0.01736527867615223
4447,5625,1,222,increase,0.025381943210959435,0.06084722280502319
4447,5625,1,433,decrease,0.058387503027915955,0.029043054208159447
4447,5625,1,448,decrease,0.06736944615840912,0.03344999998807907
4447,5625,1,500,decrease,0.07351110875606537,0.037081941962242126
4447,5625,1,512,stop,0.08287361264228821,0.0
4447,5625,1,524,initiation,0.0,0.06362222135066986
4447,5625,1,560,decrease,0.060798611491918564,0.029741665348410606
4447,5625,1,578,decrease,0.055715277791023254,0.02821388840675354
4447,5625,1,602,decrease,0.05333888903260231,0.02640972100198269
4457,372,0,28,initiation,0.0,0.6944444179534912
4457,372,0,40,initiation,0.0,0.08495555818080902
4457,372,0,52,stop,0.1891263723373413,0.0
4457,372,0,64,initiation,0.0,0.045770835131406784
4457,372,0,165,decrease,0.09310555458068848,0.04545694589614868
4457,372,0,177,initiation,0.0,0.06949305534362793
4457,372,0,447,decrease,0.0626722201704979,0.03165694326162338
4457,372,0,459,initiation,0.0,0.04382777586579323
4457,372,0,618,decrease,0.04909305274486542,0.02489861100912094
4457,372,0,873,decrease,0.049144446849823,0.023847222328186035
4457,372,0,1189,initiation,0.0,0.03732222318649292
4457,372,0,1211,increase,0.013241667300462723,0.03388750180602074
4457,372,0,1260,decrease,0.031636111438274384,0.01509583368897438
4457,372,1,28,initiation,0.0,0.487502783536911
4457,372,1,40,initiation,0.0,0.056068055331707
4457,372,1,52,stop,0.10279443860054016,0.0
4457,372,1,66,initiation,0.0,0.04684583097696304
4457,372,1,137,decrease,0.050527773797512054,0.024977777153253555
4457,372,1,149,initiation,0.0,0.036541663110256195
4457,372,1,449,decrease,0.04013749957084656,0.020556943491101265
4457,372,1,872,decrease,0.049484722316265106,0.024562498554587364
4457,372,1,1190,initiation,0.0,0.035894446074962616
4457,372,1,1240,decrease,0.04327777773141861,0.020915277302265167
4464,1117,0,96,initiation,0.0,0.40225139260292053
4464,1117,0,108,initiation,0.0,0.0987180545926094
4464,1117,0,136,decrease,0.09341805428266525,0.04594305530190468
4464,1117,0,149,initiation,0.0,0.05730416625738144
4464,1117,0,286,decrease,0.04998472332954407,0.02563333325088024
4464,1117,0,298,increase,0.040344443172216415,0.07540972530841827
4464,1117,0,406,decrease,0.06602777540683746,0.031966667622327805
4464,1117,0,423,initiation,0.0,0.03881249949336052
4464,1117,0,473,decrease,0.04036388918757439,0.020644444972276688
4464,1117,0,576,increase,0.052522219717502594,0.06935416907072067
4464,1117,0,588,increase,0.010887499898672104,0.0643458366394043
4464,1117,0,754,decrease,0.05927500128746033,0.029956944286823273
4464,1117,0,766,increase,0.027662498876452446,0.05871249735355377
4464,1117,0,891,decrease,0.05740833282470703,0.028373612090945244
4464,1117,1,96,initiation,0.0,0.23333193361759186
4464,1117,1,108,initiation,0.0,0.05674999952316284
4464,1117,1,136,increase,0.07105555385351181,0.1674819439649582
4464,1117,1,265,increase,0.005884722340852022,0.03208472207188606
4464,1117,1,282,increase,0.03196944296360016,0.05850694701075554
4464,1117,1,296,initiation,0.0,0.03648333624005318
4464,1117,1,405,decrease,0.055166665464639664,0.027855554595589638
4464,1117,1,417,initiation,0.0,0.044475000351667404
4464,1117,1,464,decrease,0.04686944559216499,0.02569444477558136
4464,1117,1,476,decrease,0.06279166042804718,0.02171805500984192
4464,1117,1,488,initiation,0.0,0.0850222259759903
4464,1117,1,521,decrease,0.08150695264339447,0.03975972160696983
4464,1117,1,533,initiation,0.0,0.05937916412949562
4464,1117,1,559,decrease,0.06115972250699997,0.030186109244823456
4464,1117,1,775,decrease,0.07086110860109329,0.0351250022649765
4464,1117,1,824,decrease,0.07885972410440445,0.03924861177802086
4464,1117,1,836,initiation,0.0,0.05281110852956772
4464,1117,1,892,decrease,0.06189027801156044,0.03076944313943386
4530,3699,0,88,initiation,0.0,0.47252362966537476
4530,3699,0,100,initiation,0.0,0.0935249999165535
4530,3699,0,150,decrease,0.09184722602367401,0.04368194565176964
4530,3699,0,169,initiation,0.0,0.04219166934490204
4530,3699,0,182,decrease,0.04538194090127945,0.022640278562903404
4530,3699,0,194,decrease,0.03646111115813255,0.020008333027362823
4530,3699,0,206,increase,0.02495555579662323,0.09709583222866058
4530,3699,0,470,decrease,0.07167360931634903,0.03547638654708862
4530,3699,0,485,initiation,0.0,0.039916668087244034
4530,3699,0,872,increase,0.050886109471321106,0.08667916804552078
4530,3699,0,884,increase,0.014879167079925537,0.07830972224473953
4530,3699,0,896,stop,0.07590833306312561,0.0
4530,3699,0,925,decrease,0.0727388858795166,0.03529027849435806
4530,3699,0,992,decrease,0.06067916750907898,0.029947223141789436
4530,3699,1,87,initiation,0.0,0.4027999937534332
4530,3699,1,99,initiation,0.0,0.0912138894200325
4530,3699,1,149,decrease,0.07512778043746948,0.037090279161930084
4530,3699,1,169,initiation,0.0,0.0382152795791626
4530,3699,1,472,decrease,0.047329165041446686,0.02444305643439293
4530,3699,1,484,increase,0.0005263888742774725,0.07778194546699524
4530,3699,1,694,decrease,0.06998611241579056,0.03444305434823036
4530,3699,1,706,increase,0.023948611691594124,0.05815694481134415
4530,3699,1,847,decrease,0.06108611077070236,0.030476389452815056
4530,3699,1,930,decrease,0.06988471746444702,0.03504166752099991
4530,3699,1,992,decrease,0.09387083351612091,0.046302780508995056
4530,3699,1,1082,initiation,0.0,0.08008889108896255
4530,3699,1,1095,initiation,0.0,0.05670139193534851
4530,3699,1,1107,stop,0.06433610618114471,0.0
4567,2118,0,12,stop,0.4022597372531891,0.0
4567,2118,0,25,decrease,0.09862916171550751,0.06265833228826523
4567,2118,0,37,stop,0.1108027845621109,0.0
4567,2118,0,52,initiation,0.0,0.05263610929250717
4567,2118,0,72,decrease,0.06206667050719261,0.029398610815405846
4567,2118,0,84,initiation,0.0,0.04652083292603493
4567,2118,0,100,decrease,0.04525972157716751,0.022433333098888397
4567,2118,0,113,initiation,0.0,0.04036527872085571
4567,2118,0,187,decrease,0.040922220796346664,0.020084721967577934
4567,2118,0,227,decrease,0.05118333548307419,0.031441666185855865
4567,2118,0,296,decrease,0.05378472059965134,0.026572221890091896
4567,2118,0,343,decrease,0.045391663908958435,0.02210972085595131
4567,2118,0,596,decrease,0.05138888955116272,0.02498749829828739
4567,2118,1,13,initiation,0.0,0.044866666197776794
4567,2118,1,36,decrease,0.08901805430650711,0.043033331632614136
4567,2118,1,48,initiation,0.0,0.06386111676692963
4567,2118,1,72,decrease,0.0627875030040741,0.031030554324388504
4567,2118,1,86,initiation,0.0,0.03600277751684189
4567,2118,1,98,increase,0.04354444146156311,0.32549723982810974
4567,2118,1,110,initiation,0.0,0.0836208313703537
4567,2118,1,298,decrease,0.07761527597904205,0.032002776861190796
4567,2118,1,341,decrease,0.09458194673061371,0.04663610830903053
4567,2118,1,493,decrease,0.08481945097446442,0.04254305735230446
4567,2118,1,524,decrease,0.07587083429098129,0.03736944496631622
4567,2118,1,551,initiation,0.0,0.05979027599096298
4567,2118,1,586,decrease,0.060968056321144104,0.03012361004948616
4589,4884,0,103,initiation,0.0,0.6944444179534912
4589,4884,0,115,initiation,0.0,0.09190972149372101
4589,4884,0,201,decrease,0.10586249828338623,0.0509069450199604
4589,4884,0,222,initiation,0.0,0.04220833629369736
4589,4884,0,430,decrease,0.04923611134290695,0.024130556732416153
4589,4884,0,442,increase,0.0435805544257164,0.09088194370269775
4589,4884,0,1636,decrease,0.06282500177621841,0.03091944381594658
4589,4884,0,1648,initiation,0.0,0.04532361030578613
4589,4884,0,1877,decrease,0.05160416662693024,0.02626388892531395
4589,4884,1,105,stop,0.5555555820465088,0.0
4589,4884,1,117,increase,0.05243472382426262,0.09162639081478119
4589,4884,1,193,decrease,0.07593472301959991,0.03755277767777443
4589,4884,1,438,initiation,0.0,0.05514722317457199
4589,4884,1,754,decrease,0.04920000210404396,0.017249999567866325
4589,4884,1,960,decrease,0.063472218811512,0.03154444321990013
4589,4884,1,984,decrease,0.0640375018119812,0.032458335161209106
4589,4884,1,1602,decrease,0.07290832698345184,0.03585138916969299
4589,4884,1,1624,decrease,0.07278333604335785,0.03669999912381172
4589,4884,1,1636,decrease,0.08422777056694031,0.04722083359956741
4589,4884,1,1652,initiation,0.0,0.048544444143772125
4589,4884,1,1672,decrease,0.0597652792930603,0.029608335345983505
4589,4884,1,1878,decrease,0.07230694591999054,0.03582083433866501
4589,4884,1,1900,initiation,0.0,0.036673612892627716
4589,4884,1,1912,decrease,0.038409724831581116,0.0193875003606081
4630,2741,0,12,stop,1.1113359928131104,0.0
4630,2741,0,40,decrease,0.13124166429042816,0.06355416774749756
4630,2741,0,823,decrease,0.06808333098888397,0.03370000049471855
4630,2741,1,12,stop,0.24227499961853027,0.0
4630,2741,1,39,decrease,0.09508194029331207,0.04603610932826996
4630,2741,1,51,initiation,0.0,0.05512777715921402
4630,2741,1,130,decrease,0.0599430575966835,0.029515277594327927
4630,2741,1,660,decrease,0.05905972421169281,0.029326388612389565
4630,2741,1,822,decrease,0.058952778577804565,0.029391666874289513
4646,4973,0,19,initiation,0.0,0.6944444179534912
4646,4973,0,31,initiation,0.0,0.09143194556236267
4646,4973,0,92,decrease,0.07845278084278107,0.03818611055612564
4646,4973,0,124,increase,0.010981944389641285,0.027005555108189583
4646,4973,0,147,increase,0.02698611095547676,0.18981388211250305
4646,4973,0,159,initiation,0.0,0.0629180520772934
4646,4973,0,676,decrease,0.046654168516397476,0.02283610962331295
4646,4973,1,18,initiation,0.0,0.19091250002384186
4646,4973,1,30,initiation,0.0,0.050784721970558167
4646,4973,1,48,initiation,0.0,0.04089166969060898
4646,4973,1,60,stop,0.04646249860525131,0.0
4646,4973,1,92,initiation,0.0,0.12029305845499039
4646,4973,1,104,initiation,0.0,0.08182361721992493
4646,4973,1,148,decrease,0.07620694488286972,0.03770555555820465
4651,3657,0,111,initiation,0.0,0.6944444179534912
4651,3657,0,123,initiation,0.0,0.0787736102938652
4651,3657,0,144,decrease,0.16138194501399994,0.14898055791854858
4651,3657,0,156,stop,0.14645276963710785,0.0
4651,3657,0,193,decrease,0.12110833078622818,0.05928472429513931
4651,3657,0,249,decrease,0.12642499804496765,0.06241388991475105
4651,3657,0,261,initiation,0.0,0.09701111167669296
4651,3657,0,296,decrease,0.09318472445011139,0.04581805318593979
4651,3657,0,308,initiation,0.0,0.07510694861412048
4651,3657,0,560,decrease,0.07318194210529327,0.036306943744421005
4651,3657,0,894,decrease,0.0710972249507904,0.035099998116493225
4651,3657,0,906,initiation,0.0,0.04542500153183937
4651,3657,0,956,decrease,0.05191666632890701,0.025936109945178032
4651,3657,0,1340,decrease,0.05564860999584198,0.02777361124753952
4651,3657,0,1365,decrease,0.060034722089767456,0.02992222271859646
4651,3657,0,1387,increase,0.01499305572360754,0.03429444506764412
4651,3657,0,1449,decrease,0.03796527534723282,0.018865277990698814
4651,3657,0,1461,increase,0.05389166623353958,0.07995416224002838
4651,3657,0,1672,decrease,0.06628194451332092,0.033008333295583725
4651,3657,0,1700,increase,0.012180556543171406,0.028236109763383865
4651,3657,0,1756,increase,0.03228333592414856,0.18624305725097656
4651,3657,1,105,initiation,0.0,0.4861111044883728
4651,3657,1,117,initiation,0.0,0.13983750343322754
4651,3657,1,138,decrease,0.14703750610351562,0.07052361220121384
4651,3657,1,150,initiation,0.0,0.10379861295223236
4651,3657,1,296,decrease,0.09309999644756317,0.04599166288971901
4651,3657,1,308,initiation,0.0,0.05483194440603256
4651,3657,1,481,decrease,0.06936249881982803,0.03513888642191887
4651,3657,1,580,decrease,0.08146527409553528,0.04095971956849098
4651,3657,1,596,initiation,0.0,0.04983055591583252
4651,3657,1,895,decrease,0.08080416917800903,0.03999999910593033
4651,3657,1,907,initiation,0.0,0.04824027791619301
4651,3657,1,1120,decrease,0.06411249935626984,0.03239166736602783
4651,3657,1,1132,initiation,0.0,0.06996666640043259
4651,3657,1,1154,decrease,0.06990139186382294,0.034530553966760635
4651,3657,1,1167,initiation,0.0,0.03958194702863693
4651,3657,1,1335,decrease,0.05404721945524216,0.026531945914030075
4651,3657,1,1367,initiation,0.0,0.22878611087799072
4651,3657,1,1379,initiation,0.0,0.09690555185079575
4651,3657,1,1450,decrease,0.08300694823265076,0.04140694439411163
4651,3657,1,1557,decrease,0.09264305233955383,0.045790281146764755
4651,3657,1,1569,initiation,0.0,0.07584166526794434
4651,3657,1,1671,decrease,0.08045277744531631,0.03996805474162102
4651,3657,1,1698,increase,0.012327778153121471,0.03423750028014183
4651,3657,1,1759,increase,0.04360000044107437,0.5080944299697876
4651,3657,1,1794,initiation,0.0,0.038883332163095474
4651,3657,1,1806,stop,0.04812361299991608,0.0
4658,952,0,118,initiation,0.0,0.2265888899564743
4658,952,0,130,initiation,0.0,0.08902916312217712
4658,952,0,148,decrease,0.08750833570957184,0.04186944290995598
4658,952,0,166,initiation,0.0,0.04211805760860443
4658,952,0,255,decrease,0.04002222418785095,0.019968055188655853
4658,952,0,303,decrease,0.04795555770397186,0.02465694397687912
4658,952,0,344,decrease,0.04932083189487457,0.024752778932452202
4658,952,0,359,decrease,0.04445832967758179,0.02147500030696392
4658,952,0,373,increase,0.014081944711506367,0.034858331084251404
4658,952,0,455,increase,0.03428055718541145,0.052295833826065063
4658,952,0,467,initiation,0.0,0.04341805726289749
4658,952,0,909,increase,0.04039861261844635,0.058334723114967346
4658,952,0,924,increase,0.023573610931634903,0.03736944496631622
4658,952,0,974,decrease,0.0408666655421257,0.021573610603809357
4658,952,0,990,decrease,0.04739166796207428,0.02350972220301628
4658,952,0,1143,decrease,0.047652777284383774,0.022870831191539764
4658,952,1,112,initiation,0.0,0.25612637400627136
4658,952,1,124,initiation,0.0,0.06565278023481369
4658,952,1,148,decrease,0.0667777806520462,0.032676391303539276
4658,952,1,162,initiation,0.0,0.03904722258448601
4658,952,1,283,decrease,0.04526389017701149,0.022255556657910347
4658,952,1,301,decrease,0.05388888716697693,0.026750000193715096
4658,952,1,313,initiation,0.0,0.06141389161348343
4658,952,1,384,decrease,0.06016666442155838,0.029448609799146652
4658,952,1,396,initiation,0.0,0.05016110837459564
4658,952,1,497,decrease,0.05213610827922821,0.026551390066742897
4658,952,1,552,decrease,0.06021805480122566,0.02974861115217209
4658,952,1,669,decrease,0.06723333895206451,0.033715277910232544
4658,952,1,682,decrease,0.07662083208560944,0.03832777962088585
4658,952,1,694,decrease,0.07160555571317673,0.006790277548134327
4658,952,1,706,stop,0.11062639206647873,0.0
4658,952,1,799,increase,0.08930833637714386,0.10908889025449753
4658,952,1,811,initiation,0.0,0.10818749666213989
4658,952,1,842,decrease,0.10511805862188339,0.052541669458150864
4658,952,1,856,stop,0.03680972382426262,0.0
4658,952,1,868,initiation,0.0,0.05888194590806961
4658,952,1,881,initiation,0.0,0.046409722417593
4658,952,1,912,decrease,0.05642777681350708,0.02147500030696392
4658,952,1,932,decrease,0.08445555716753006,0.04204583540558815
4658,952,1,1039,decrease,0.07406666874885559,0.03672083094716072
4658,952,1,1136,decrease,0.08928055316209793,0.0575111098587513
4658,952,1,1148,stop,0.09740278124809265,0.0
4677,3121,0,25,initiation,0.0,0.6246985793113708
4677,3121,0,37,initiation,0.0,0.12066527456045151
4677,3121,0,59,decrease,0.11639444530010223,0.05647222325205803
4677,3121,0,72,initiation,0.0,0.06392499804496765
4677,3121,0,238,decrease,0.05955277755856514,0.029394444078207016
4677,3121,0,250,initiation,0.0,0.042750000953674316
4677,3121,0,960,decrease,0.04220277816057205,0.020605556666851044
4677,3121,0,1286,decrease,0.04092361032962799,0.01992500014603138
4677,3121,0,1335,decrease,0.05388888716697693,0.027774998918175697
4677,3121,0,1538,decrease,0.05979027599096298,0.03016805648803711
4677,3121,0,1550,increase,0.005350000225007534,0.09071527421474457
4677,3121,0,1701,decrease,0.0797041654586792,0.03920277580618858
4677,3121,0,1713,initiation,0.0,0.06285972148180008
4677,3121,0,1758,decrease,0.06461388617753983,0.031547222286462784
4677,3121,0,1770,increase,0.07880416512489319,0.09416389465332031
4677,3121,0,1826,decrease,0.09083332866430283,0.044911108911037445
4677,3121,1,18,initiation,0.0,0.5555555820465088
4677,3121,1,30,initiation,0.0,0.07733472436666489
4677,3121,1,62,decrease,0.09953610599040985,0.06800833344459534
4677,3121,1,239,decrease,0.09619444608688354,0.04816528037190437
4677,3121,1,281,decrease,0.08643055707216263,0.04343055561184883
4677,3121,1,354,decrease,0.1060597226023674,0.05231944099068642
4677,3121,1,448,decrease,0.09660555422306061,0.04769027978181839
4677,3121,1,462,initiation,0.0,0.058093056082725525
4677,3121,1,964,decrease,0.09613055735826492,0.04722222313284874
4677,3121,1,976,initiation,0.0,0.09664861857891083
4677,3121,1,1024,decrease,0.09634861350059509,0.04791666567325592
4677,3121,1,1276,decrease,0.08660277724266052,0.053631946444511414
4677,3121,1,1471,decrease,0.09552361071109772,0.06854166835546494
4677,3121,1,1492,decrease,0.10607500374317169,0.05282638967037201
4677,3121,1,1655,decrease,0.10360001027584076,0.05222777649760246
4677,3121,1,1702,decrease,0.14225417375564575,0.06989999860525131
4677,3121,1,1721,initiation,0.0,0.06035138666629791
4677,3121,1,1757,increase,0.08147361129522324,0.3562944531440735
4677,3121,1,1769,initiation,0.0,0.15244722366333008
4677,3121,1,1792,decrease,0.14624027907848358,0.07172499597072601
4677,3121,1,1804,initiation,0.0,0.03912777826189995
4677,3121,1,1826,decrease,0.09913749992847443,0.04946805536746979
4677,3121,1,1867,increase,0.01109722163528204,0.02996944449841976
4677,3121,1,1880,increase,0.01585138961672783,0.03545694425702095
4677,3121,1,1910,decrease,0.03857500106096268,0.019502777606248856
4677,3121,1,1922,stop,0.05156666785478592,0.0
4677,3121,1,1934,increase,0.01631944440305233,0.0392611101269722
4701,2572,0,144,initiation,0.0,0.08510277420282364
4701,2572,0,156,stop,0.1667666733264923,0.0
4701,2572,0,177,initiation,0.0,0.053352776914834976
4701,2572,0,212,decrease,0.06369583308696747,0.03220555558800697
4701,2572,0,224,stop,0.07961666584014893,0.0
4701,2572,0,236,initiation,0.0,0.059663888067007065
4701,2572,0,266,decrease,0.05735694617033005,0.028502777218818665
4701,2572,0,358,decrease,0.06765416264533997,0.0333208329975605
4701,2572,0,409,decrease,0.05857916921377182,0.028091667219996452
4701,2572,0,637,decrease,0.06417638808488846,0.03201249986886978
4701,2572,0,667,decrease,0.058590278029441833,0.02830694429576397
4701,2572,0,679,initiation,0.0,0.03578750044107437
4701,2572,0,691,stop,0.04087916761636734,0.0
4701,2572,1,140,initiation,0.0,0.09991250187158585
4701,2572,1,154,decrease,0.12449444830417633,0.06007777899503708
4701,2572,1,172,initiation,0.0,0.04693888872861862
4701,2572,1,209,decrease,0.05922916531562805,0.02925555408000946
4701,2572,1,229,initiation,0.0,0.04555832967162132
4701,2572,1,241,increase,0.016858333721756935,0.03549722582101822
4701,2572,1,265,decrease,0.037174999713897705,0.018433334305882454
4701,2572,1,277,increase,0.008156944997608662,0.0766291618347168
4701,2572,1,306,decrease,0.08101806044578552,0.06221805512905121
4701,2572,1,352,decrease,0.08499027788639069,0.04243472218513489
4701,2572,1,443,decrease,0.07181805372238159,0.03543611243367195
4701,2572,1,553,increase,0.06636805832386017,0.11792083829641342
4701,2572,1,565,increase,0.048863887786865234,0.07640833407640457
4701,2572,1,691,decrease,0.08596250414848328,0.042730554938316345
4701,2572,1,714,initiation,0.0,0.038991667330265045
4701,2572,1,740,decrease,0.04321388900279999,0.02171805500984192
4709,2951,0,22,increase,0.003499999875202775,0.6944444179534912
4709,2951,0,34,initiation,0.0,0.09929722547531128
4709,2951,0,63,initiation,0.0,0.0663958340883255
4709,2951,0,163,decrease,0.07372916489839554,0.033868055790662766
4709,2951,0,175,initiation,0.0,0.056088887155056
4709,2951,0,209,decrease,0.0543111115694046,0.02782222256064415
4709,2951,0,357,decrease,0.06332777440547943,0.031011110171675682
4709,2951,0,369,initiation,0.0,0.048563890159130096
4709,2951,0,427,decrease,0.05003610998392105,0.03456944599747658
4709,2951,0,440,increase,0.05802222341299057,0.09692777693271637
4709,2951,0,453,stop,0.043638888746500015,0.0
4709,2951,0,465,initiation,0.0,0.07451805472373962
4709,2951,0,544,decrease,0.0711750015616417,0.03481388837099075
4709,2951,0,558,increase,0.029644444584846497,0.05655694007873535
4709,2951,0,593,decrease,0.049924999475479126,0.024637499824166298
4709,2951,0,619,decrease,0.04395277798175812,0.022163888439536095
4709,2951,0,649,initiation,0.0,0.03579583019018173
4709,2951,0,682,decrease,0.0375722199678421,0.018445832654833794
4709,2951,0,694,increase,0.014479166828095913,0.03122500143945217
4709,2951,1,21,initiation,0.0,0.5555555820465088
4709,2951,1,33,initiation,0.0,0.07642222195863724
4709,2951,1,56,initiation,0.0,0.05944305658340454
4709,2951,1,630,decrease,0.06061944365501404,0.028256943449378014
4709,2951,1,649,initiation,0.0,0.0521249994635582
4709,2951,1,683,decrease,0.059772223234176636,0.029924999922513962
4717,5619,0,33,initiation,0.0,0.593000054359436
4717,5619,0,45,initiation,0.0,0.10450005531311035
4717,5619,0,63,decrease,0.10799980163574219,0.09100008010864258
4717,5619,0,574,increase,0.048999786376953125,0.141998291015625
4717,5619,0,586,initiation,0.0,0.07799911499023438
4717,5619,0,628,decrease,0.07450103759765625,0.048999786376953125
4717,5619,1,32,initiation,0.0,0.0364999994635582
4717,5619,1,44,initiation,0.0,0.09250009059906006
4717,5619,1,63,decrease,0.09299993515014648,0.06400012969970703
4717,5619,1,219,increase,0.057000160217285156,0.08949995040893555
4717,5619,1,231,increase,0.0015001296997070312,0.09649991989135742
4717,5619,1,257,increase,0.07399940490722656,0.1035003662109375
4717,5619,1,350,decrease,0.09549903869628906,0.03950023651123047
4717,5619,1,370,initiation,0.0,0.04199981689453125
4717,5619,1,512,increase,0.05699920654296875,0.19449996948242188
4717,5619,1,524,initiation,0.0,0.1100006103515625
4717,5619,1,574,decrease,0.09699821472167969,0.062000274658203125
4717,5619,1,586,increase,0.048000335693359375,0.09349822998046875
4717,5619,1,625,decrease,0.095001220703125,0.07449913024902344
4735,4129,0,14,initiation,0.0,0.6944444179534912
4735,4129,0,26,initiation,0.0,0.135227769613266
4735,4129,0,38,stop,0.13362917304039001,0.0
4735,4129,0,79,decrease,0.10334861278533936,0.05057638883590698
4735,4129,0,176,decrease,0.07788055390119553,0.03878472000360489
4735,4129,0,188,initiation,0.0,0.047018058598041534
4735,4129,0,569,decrease,0.05445416644215584,0.02642916515469551
4735,4129,0,706,decrease,0.04914861172437668,0.023991666734218597
4735,4129,0,757,decrease,0.020726388320326805,0.0014236110728234053
4735,4129,0,770,decrease,0.02927500009536743,0.013726389035582542
4735,4129,0,794,decrease,0.03831250220537186,0.018440278246998787
4735,4129,1,12,initiation,0.0,0.5555555820465088
4735,4129,1,24,initiation,0.0,0.06059861183166504
4735,4129,1,36,stop,0.10577084124088287,0.0
4735,4129,1,49,initiation,0.0,0.055776387453079224
4735,4129,1,85,decrease,0.060244448482990265,0.03005138784646988
4735,4129,1,101,initiation,0.0,0.03772638738155365
4735,4129,1,138,decrease,0.041193053126335144,0.020362500101327896
4735,4129,1,175,decrease,0.038248613476753235,0.01876944489777088
4735,4129,1,249,decrease,0.03395972400903702,0.014344444498419762
4735,4129,1,268,decrease,0.04399305582046509,0.02206527814269066
4735,4129,1,794,decrease,0.05247361212968826,0.025781944394111633
4769,5805,0,153,initiation,0.0,0.47113335132598877
4769,5805,0,165,initiation,0.0,0.10128749907016754
4769,5805,0,189,decrease,0.09839444607496262,0.04748610779643059
4769,5805,0,201,initiation,0.0,0.059393055737018585
4769,5805,0,356,decrease,0.052134718745946884,0.025268057361245155
4769,5805,0,368,initiation,0.0,0.03757639229297638
4769,5805,0,381,decrease,0.0375041663646698,0.019336111843585968
4769,5805,0,399,increase,0.04528749734163284,0.0983986109495163
4769,5805,0,411,initiation,0.0,0.0644138902425766
4769,5805,0,778,decrease,0.05286944657564163,0.03147916868329048
4769,5805,0,1096,decrease,0.055375002324581146,0.03392361104488373
4769,5805,0,1232,decrease,0.06767638772726059,0.0339430533349514
4769,5805,1,153,initiation,0.0,0.2646513879299164
4769,5805,1,165,initiation,0.0,0.0894152820110321
4769,5805,1,188,decrease,0.0816027820110321,0.03966805711388588
4769,5805,1,201,initiation,0.0,0.04719861224293709
4769,5805,1,234,decrease,0.05257916450500488,0.025801388546824455
4769,5805,1,246,initiation,0.0,0.040877774357795715
4769,5805,1,288,decrease,0.042988888919353485,0.021227778866887093
4769,5805,1,356,decrease,0.06206805258989334,0.030855555087327957
4769,5805,1,408,increase,0.01595277711749077,0.04749999940395355
4769,5805,1,427,increase,0.043368056416511536,0.061997219920158386
4769,5805,1,472,decrease,0.05896111577749252,0.029212500900030136
4769,5805,1,847,decrease,0.06929028034210205,0.034393057227134705
4769,5805,1,1112,decrease,0.06895694136619568,0.03417222201824188
4769,5805,1,1232,decrease,0.08684166520833969,0.04258611053228378
4769,5805,1,1307,increase,0.01558472216129303,0.0434027761220932
4769,5805,1,1325,decrease,0.0428694449365139,0.02124166674911976
4780,3419,0,35,initiation,0.0,0.1914638876914978
4780,3419,0,47,initiation,0.0,0.0853833332657814
4780,3419,0,109,decrease,0.08795277774333954,0.042169444262981415
4780,3419,0,121,initiation,0.0,0.06847222149372101
4780,3419,0,134,initiation,0.0,0.04758194461464882
4780,3419,0,187,decrease,0.0494791641831398,0.023404166102409363
4780,3419,0,262,decrease,0.041358333081007004,0.020306944847106934
4780,3419,0,318,decrease,0.05052083358168602,0.02569444477558136
4780,3419,0,473,decrease,0.043869443237781525,0.021227778866887093
4780,3419,0,488,initiation,0.0,0.0369291678071022
4780,3419,0,1195,decrease,0.03977777808904648,0.019231945276260376
4780,3419,0,1215,increase,0.011083333753049374,0.025288889184594154
4780,3419,0,1295,decrease,0.027575001120567322,0.013345833867788315
4780,3419,1,24,initiation,0.0,0.5555555820465088
4780,3419,1,41,initiation,0.0,0.03566388785839081
4780,3419,1,89,decrease,0.08457499742507935,0.04134722426533699
4780,3419,1,115,initiation,0.0,0.03891805559396744
4780,3419,1,127,stop,0.039270833134651184,0.0
4780,3419,1,143,decrease,0.04935694485902786,0.02446666546165943
4780,3419,1,191,decrease,0.026180556043982506,0.004047222435474396
4780,3419,1,264,initiation,0.0,0.04786388948559761
4780,3419,1,371,decrease,0.07305416464805603,0.03622500225901604
4780,3419,1,383,increase,0.025340279564261436,0.06266944110393524
4780,3419,1,1099,decrease,0.06471388787031174,0.031986113637685776
4780,3419,1,1113,initiation,0.0,0.04156111180782318
4780,3419,1,1212,decrease,0.04981250315904617,0.02486666664481163
4780,3419,1,1295,decrease,0.057451389729976654,0.028518056496977806
4788,3331,0,28,initiation,0.0,0.6944444179534912
4788,3331,0,40,initiation,0.0,0.04358333349227905
4788,3331,0,79,decrease,0.13285000622272491,0.06606388837099075
4788,3331,0,95,initiation,0.0,0.07054305076599121
4788,3331,0,115,decrease,0.07321527600288391,0.03673750162124634
4788,3331,0,524,decrease,0.06800000369548798,0.03350000083446503
4788,3331,0,536,initiation,0.0,0.049872227013111115
4788,3331,0,637,decrease,0.0535527765750885,0.026298610493540764
4788,3331,0,1080,decrease,0.05309999734163284,0.026294443756341934
4788,3331,0,1431,decrease,0.06233472004532814,0.03068055585026741
4788,3331,1,28,initiation,0.0,0.5134513974189758
4788,3331,1,40,initiation,0.0,0.14538472890853882
4788,3331,1,54,decrease,0.13773193955421448,0.0998680591583252
4788,3331,1,78,decrease,0.13956806063652039,0.06729444116353989
4788,3331,1,94,initiation,0.0,0.055198609828948975
4788,3331,1,525,decrease,0.07930555939674377,0.03935416415333748
4788,3331,1,537,initiation,0.0,0.05920138955116272
4788,3331,1,1198,decrease,0.06729166954755783,0.043134722858667374
4788,3331,1,1432,decrease,0.0793749988079071,0.03938611224293709
4805,5671,0,105,initiation,0.0,0.039787497371435165
4805,5671,0,156,increase,0.09561111032962799,0.37043333053588867
4805,5671,0,168,increase,0.0037638889625668526,0.13209304213523865
4805,5671,0,185,decrease,0.12945276498794556,0.0633680522441864
4805,5671,0,200,initiation,0.0,0.06735138595104218
4805,5671,0,212,stop,0.07673194259405136,0.0
4805,5671,0,225,initiation,0.0,0.04739305377006531
4805,5671,0,688,decrease,0.0542847216129303,0.02628472074866295
4805,5671,0,1520,decrease,0.05069444328546524,0.02459722012281418
4805,5671,1,94,initiation,0.0,0.5555555820465088
4805,5671,1,106,initiation,0.0,0.12481944262981415
4805,5671,1,158,decrease,0.09381528198719025,0.046484723687171936
4805,5671,1,185,decrease,0.13364306092262268,0.06527639180421829
4805,5671,1,201,initiation,0.0,0.05043472349643707
4805,5671,1,422,decrease,0.07230556011199951,0.03577222302556038
4805,5671,1,444,increase,0.013762500137090683,0.032612502574920654
4805,5671,1,491,decrease,0.04141666740179062,0.020972222089767456
4805,5671,1,518,decrease,0.07005833089351654,0.034763891249895096
4805,5671,1,530,initiation,0.0,0.05192500352859497
4805,5671,1,630,increase,0.04575972259044647,0.06881111115217209
4805,5671,1,652,decrease,0.0651097223162651,0.03202083334326744
4805,5671,1,678,increase,0.09781527519226074,0.1216583400964737
4805,5671,1,718,decrease,0.10154999792575836,0.07038749754428864
4805,5671,1,760,decrease,0.10889027267694473,0.05440972000360489
4805,5671,1,1043,decrease,0.09589444100856781,0.0475180558860302
4805,5671,1,1055,initiation,0.0,0.06598611176013947
4805,5671,1,1090,increase,0.07331804931163788,0.09364999830722809
4805,5671,1,1184,decrease,0.09667638689279556,0.047737497836351395
4805,5671,1,1249,increase,0.09636666625738144,0.11807917058467865
4805,5671,1,1414,decrease,0.11059166491031647,0.05492500215768814
4805,5671,1,1460,increase,0.0250847227871418,0.047098614275455475
4805,5671,1,1477,increase,0.038212500512599945,0.0633680522441864
4805,5671,1,1520,decrease,0.06261805444955826,0.03048611246049404
4805,5671,1,1539,increase,0.014551389031112194,0.03446250036358833
4805,5671,1,1556,stop,0.037373609840869904,0.0
4858,1067,0,12,stop,0.5601986050605774,0.0
4858,1067,0,32,decrease,0.13946667313575745,0.06700555235147476
4858,1067,0,60,initiation,0.0,0.03695416823029518
4858,1067,0,72,stop,0.08936528116464615,0.0
4858,1067,0,181,decrease,0.057997219264507294,0.028238890692591667
4858,1067,0,193,increase,0.04995138943195343,0.08517083525657654
4858,1067,0,232,decrease,0.08103610575199127,0.03892916440963745
4858,1067,0,244,initiation,0.0,0.06236250326037407
4858,1067,0,361,decrease,0.058920834213495255,0.028568055480718613
4858,1067,0,398,decrease,0.07444305717945099,0.03606388717889786
4858,1067,0,410,initiation,0.0,0.05779583752155304
4858,1067,0,785,decrease,0.05617638677358627,0.027852779254317284
4858,1067,0,797,initiation,0.0,0.04124027490615845
4858,1067,0,972,decrease,0.04524721950292587,0.022433333098888397
4858,1067,0,989,increase,0.01343055535107851,0.03115277737379074
4858,1067,0,1002,increase,0.01585972122848034,0.045968055725097656
4858,1067,0,1029,decrease,0.04659305512905121,0.02276388742029667
4858,1067,0,1046,increase,0.014409721828997135,0.03189166635274887
4858,1067,0,1109,decrease,0.034433335065841675,0.016559721902012825
4858,1067,1,31,decrease,0.09029722213745117,0.04426111280918121
4858,1067,1,51,initiation,0.0,0.036383334547281265
4858,1067,1,67,decrease,0.04547777771949768,0.02271944470703602
4858,1067,1,79,increase,0.04588749632239342,0.07686667144298553
4858,1067,1,95,decrease,0.07596667110919952,0.03716805577278137
4858,1067,1,107,increase,0.027958331629633904,0.06317639350891113
4858,1067,1,150,decrease,0.0638861134648323,0.03205833584070206
4858,1067,1,162,increase,0.024004168808460236,0.08470416069030762
4858,1067,1,182,decrease,0.084044449031353,0.025022223591804504
4858,1067,1,213,decrease,0.09995555877685547,0.06640972197055817
4858,1067,1,231,decrease,0.10896389186382294,0.05350138992071152
4858,1067,1,244,initiation,0.0,0.06081527844071388
4858,1067,1,275,decrease,0.07841528207063675,0.039093054831027985
4858,1067,1,314,decrease,0.08862222731113434,0.04982500150799751
4858,1067,1,361,decrease,0.09730277955532074,0.06306527554988861
4858,1067,1,373,decrease,0.1072152778506279,0.07929861545562744
4858,1067,1,389,decrease,0.1158749982714653,0.08966249972581863
4858,1067,1,401,decrease,0.12637916207313538,0.06241250038146973
4858,1067,1,426,decrease,0.12200555205345154,0.09370416402816772
4858,1067,1,446,decrease,0.13162222504615784,0.06494583189487457
4858,1067,1,480,decrease,0.13051804900169373,0.06454166769981384
4858,1067,1,492,initiation,0.0,0.10747499763965607
4858,1067,1,597,decrease,0.11229445040225983,0.05565555393695831
4858,1067,1,609,initiation,0.0,0.07754027843475342
4858,1067,1,629,initiation,0.0,0.04393749684095383
4858,1067,1,641,stop,0.05443749949336052,0.0
4858,1067,1,653,initiation,0.0,0.04805278033018112
4858,1067,1,679,decrease,0.051652777940034866,0.025820832699537277
4858,1067,1,691,initiation,0.0,0.04288194328546524
4858,1067,1,724,decrease,0.04545833542943001,0.02284027822315693
4858,1067,1,736,initiation,0.0,0.040211111307144165
4858,1067,1,757,decrease,0.0463625006377697,0.02266666665673256
4858,1067,1,781,increase,0.007577777374535799,0.02719722129404545
4858,1067,1,971,initiation,0.0,0.04055555537343025
4858,1067,1,983,increase,0.004681944381445646,0.04688194394111633
4858,1067,1,1109,decrease,0.04757777601480484,0.023088889196515083
4870,4932,0,14,initiation,0.0,0.6481694579124451
4870,4932,0,26,initiation,0.0,0.10052083432674408
4870,4932,0,38,decrease,0.1128111183643341,0.054334718734025955
4870,4932,0,50,increase,0.04113472253084183,0.09141527861356735
4870,4932,0,105,decrease,0.08040139079093933,0.03953611105680466
4870,4932,0,117,initiation,0.0,0.06230971962213516
4870,4932,0,149,decrease,0.05975833535194397,0.03114861063659191
4870,4932,0,410,decrease,0.059909723699092865,0.029447222128510475
4870,4932,0,599,decrease,0.05227361246943474,0.024784721434116364
4870,4932,0,713,decrease,0.057999998331069946,0.02836666628718376
4870,4932,0,784,decrease,0.05765833333134651,0.0278666652739048
4870,4932,0,809,increase,0.012202777899801731,0.028454167768359184
4870,4932,1,12,initiation,0.0,0.35722780227661133
4870,4932,1,24,initiation,0.0,0.08579583466053009
4870,4932,1,36,stop,0.08274860680103302,0.0
4870,4932,1,49,initiation,0.0,0.03839583322405815
4870,4932,1,132,decrease,0.04589305818080902,0.022958334535360336
4870,4932,1,149,decrease,0.06544027477502823,0.037425000220537186
4870,4932,1,684,decrease,0.06770417094230652,0.03347361087799072
4870,4932,1,850,decrease,0.06749444454908371,0.033391665667295456
4897,1183,0,71,initiation,0.0,0.04468610882759094
4897,1183,0,188,decrease,0.06823194026947021,0.033505555242300034
4897,1183,0,202,initiation,0.0,0.04049305617809296
4897,1183,0,270,decrease,0.04245833307504654,0.020363887771964073
4897,1183,0,548,increase,0.0362388901412487,0.054258331656455994
4897,1183,0,928,decrease,0.04788888990879059,0.023997221142053604
4897,1183,0,1022,decrease,0.0478791669011116,0.02336111105978489
4897,1183,0,1034,decrease,0.03845972567796707,0.02015555649995804
4897,1183,0,1047,increase,0.015405555255711079,0.03421249985694885
4897,1183,0,1059,decrease,0.03471389040350914,0.017222221940755844
4897,1183,1,68,initiation,0.0,0.05043472349643707
4897,1183,1,188,decrease,0.06823055446147919,0.03382499888539314
4897,1183,1,267,decrease,0.03211388736963272,0.010331944562494755
4897,1183,1,290,decrease,0.06342361122369766,0.030837498605251312
4897,1183,1,302,initiation,0.0,0.04958333075046539
4897,1183,1,826,increase,0.042116664350032806,0.06336528062820435
4897,1183,1,854,decrease,0.06168889254331589,0.03083055466413498
4897,1183,1,866,initiation,0.0,0.04693472385406494
4897,1183,1,878,decrease,0.04782916605472565,0.023831944912672043
4897,1183,1,890,initiation,0.0,0.0380375012755394
4897,1183,1,919,decrease,0.039984721690416336,0.01949722319841385
4897,1183,1,1059,decrease,0.04142916575074196,0.02031249925494194
4898,5514,0,13,stop,0.5164222121238708,0.0
4898,5514,0,25,initiation,0.0,0.14833471179008484
4898,5514,0,47,initiation,0.0,0.06818194687366486
4898,5514,0,748,decrease,0.05225694552063942,0.025793055072426796
4898,5514,0,1303,decrease,0.04926111176609993,0.023850001394748688
4898,5514,1,13,initiation,0.0,0.054997220635414124
4898,5514,1,30,decrease,0.11010972410440445,0.05304722115397453
4898,5514,1,49,initiation,0.0,0.04563472419977188
4898,5514,1,296,decrease,0.054248612374067307,0.02683333307504654
4898,5514,1,308,increase,0.03575694561004639,0.07765833288431168
4898,5514,1,351,increase,0.05723194405436516,0.08106805384159088
4898,5514,1,372,decrease,0.07978610694408417,0.03925138711929321
4898,5514,1,386,decrease,0.0718916654586792,0.035011112689971924
4898,5514,1,398,increase,0.028433334082365036,0.062198612838983536
4898,5514,1,435,decrease,0.06328055262565613,0.031655553728342056
4898,5514,1,724,decrease,0.059373609721660614,0.03005138784646988
4898,5514,1,885,decrease,0.06475971639156342,0.03196388855576515
4898,5514,1,1197,decrease,0.06269722431898117,0.031356945633888245
4898,5514,1,1216,decrease,0.07398749887943268,0.036775000393390656
4898,5514,1,1237,increase,0.0656319409608841,0.08885694295167923
4898,5514,1,1266,decrease,0.08654028177261353,0.054309722036123276
4898,5514,1,1303,decrease,0.09328749775886536,0.04614861309528351
4920,1973,0,38,initiation,0.0,0.6944444179534912
4920,1973,0,50,initiation,0.0,0.09814582765102386
4920,1973,0,75,decrease,0.14254306256771088,0.06863056123256683
4920,1973,0,152,decrease,0.09875693917274475,0.04870138689875603
4920,1973,0,164,initiation,0.0,0.07832222431898117
4920,1973,0,302,decrease,0.0690625011920929,0.03444722294807434
4920,1973,0,314,initiation,0.0,0.04282499849796295
4920,1973,0,335,decrease,0.050631944090127945,0.024272222071886063
4920,1973,0,357,decrease,0.0691986083984375,0.03506249934434891
4920,1973,0,458,decrease,0.08182638883590698,0.04003055766224861
4920,1973,0,470,initiation,0.0,0.06377778202295303
4920,1973,0,627,decrease,0.06354027986526489,0.03108055517077446
4920,1973,0,639,initiation,0.0,0.040247220546007156
4920,1973,0,716,decrease,0.04779999703168869,0.024958333000540733
4920,1973,0,829,decrease,0.06482082605361938,0.03166111186146736
4920,1973,0,843,initiation,0.0,0.05742499977350235
4920,1973,0,855,stop,0.0630069449543953,0.0
4920,1973,0,867,initiation,0.0,0.04309722036123276
4920,1973,0,890,decrease,0.044886112213134766,0.02223888784646988
4920,1973,0,1046,decrease,0.06303749978542328,0.03115277737379074
4920,1973,0,1072,initiation,0.0,0.06023472175002098
4920,1973,0,1084,stop,0.07804027944803238,0.0
4920,1973,0,1107,initiation,0.0,0.05243749916553497
4920,1973,0,1126,decrease,0.05754166841506958,0.029520832002162933
4920,1973,0,1138,stop,0.07682083547115326,0.0
4920,1973,1,30,initiation,0.0,0.4861111044883728
4920,1973,1,42,initiation,0.0,0.10423333942890167
4920,1973,1,75,decrease,0.09082777798175812,0.044248610734939575
4920,1973,1,112,decrease,0.07562777400016785,0.0374569445848465
4920,1973,1,127,initiation,0.0,0.038543056696653366
4920,1973,1,156,decrease,0.04606805369257927,0.02300555445253849
4920,1973,1,175,increase,0.011388888582587242,0.032609723508358
4920,1973,1,219,stop,0.03613471984863281,0.0
4920,1973,1,252,decrease,0.051266662776470184,0.024916667491197586
4920,1973,1,264,initiation,0.0,0.03658472001552582
4920,1973,1,306,decrease,0.03876805305480957,0.018784722313284874
4920,1973,1,329,decrease,0.06408333778381348,0.03113749995827675
4920,1973,1,341,initiation,0.0,0.04834027588367462
4920,1973,1,364,increase,0.043634720146656036,0.06431666016578674
4920,1973,1,443,decrease,0.06983472406864166,0.03483611345291138
4920,1973,1,455,initiation,0.0,0.05506666749715805
4920,1973,1,772,decrease,0.05881389230489731,0.029280556365847588
4920,1973,1,784,stop,0.06109583377838135,0.0
4920,1973,1,796,decrease,0.06480278074741364,0.03399444371461868
4920,1973,1,834,decrease,0.08114583045244217,0.044693056493997574
4920,1973,1,1050,decrease,0.08857638388872147,0.05150138959288597
4920,1973,1,1062,initiation,0.0,0.08730138838291168
4920,1973,1,1087,decrease,0.08762222528457642,0.06143749877810478
4920,1973,1,1099,stop,0.10162360966205597,0.0
4920,1973,1,1126,decrease,0.08717499673366547,0.057229168713092804
4920,1973,1,1138,stop,0.09919166564941406,0.0
4920,1973,1,1160,initiation,0.0,0.035709723830223083
4920,1973,1,1172,stop,0.03718472272157669,0.0
4920,1973,1,1188,increase,0.011469445191323757,0.030101388692855835
4948,4134,0,16,initiation,0.0,0.038547221571207047
4948,4134,0,28,stop,0.10028055310249329,0.0
4948,4134,0,47,initiation,0.0,0.04309305548667908
4948,4134,0,59,increase,0.012858333997428417,0.05498472601175308
4948,4134,0,674,decrease,0.03628750145435333,0.018033333122730255
4948,4134,0,693,increase,0.010526388883590698,0.023819442838430405
4948,4134,0,735,decrease,0.02486666664481163,0.012309721671044827
4948,4134,1,12,initiation,0.0,0.04705138877034187
4948,4134,1,24,stop,0.09999445080757141,0.0
4948,4134,1,37,decrease,0.14052638411521912,0.0922805517911911
4948,4134,1,476,decrease,0.08893333375453949,0.06894166767597198
4948,4134,1,659,decrease,0.09636527299880981,0.04798610880970955
4948,4134,1,671,initiation,0.0,0.07577361166477203
4948,4134,1,697,initiation,0.0,0.03844722360372543
4948,4134,1,716,decrease,0.041693054139614105,0.02088194340467453
4954,3420,0,26,initiation,0.0,0.6944444179534912
4954,3420,0,38,initiation,0.0,0.09553194791078568
4954,3420,0,174,decrease,0.09613750129938126,0.04782916605472565
4954,3420,0,189,initiation,0.0,0.05081944540143013
4954,3420,0,369,decrease,0.05879305303096771,0.03001111000776291
4954,3420,0,411,decrease,0.07399444282054901,0.03613610938191414
4954,3420,0,423,initiation,0.0,0.057580556720495224
4954,3420,0,762,decrease,0.056756943464279175,0.027740277349948883
4954,3420,1,26,initiation,0.0,0.48319584131240845
4954,3420,1,39,initiation,0.0,0.062134724110364914
4954,3420,1,173,decrease,0.07375277578830719,0.036713890731334686
4954,3420,1,195,initiation,0.0,0.037397220730781555
4954,3420,1,253,decrease,0.043759722262620926,0.021744444966316223
4954,3420,1,265,initiation,0.0,0.03721389174461365
4954,3420,1,318,decrease,0.0391097217798233,0.019684722647070885
4954,3420,1,345,decrease,0.05085555464029312,0.02526666596531868
4954,3420,1,364,decrease,0.0578041672706604,0.028318054974079132
4954,3420,1,376,increase,0.0011222222819924355,0.07962778210639954
4954,3420,1,410,decrease,0.07612639665603638,0.036552779376506805
4954,3420,1,432,initiation,0.0,0.03876250237226486
4954,3420,1,568,decrease,0.04488889127969742,0.02332499995827675
4954,3420,1,608,decrease,0.05575833469629288,0.028012501075863838
4954,3420,1,623,decrease,0.06720416992902756,0.033181946724653244
4954,3420,1,635,initiation,0.0,0.053127776831388474
4954,3420,1,647,stop,0.05310972034931183,0.0
4954,3420,1,697,decrease,0.04750832915306091,0.02422499842941761
4954,3420,1,721,decrease,0.0665472149848938,0.03316527605056763
4954,3420,1,733,initiation,0.0,0.0513458326458931
4954,3420,1,762,decrease,0.05155416578054428,0.02559305541217327
4966,5469,0,13,stop,0.6944444179534912,0.0
4966,5469,0,25,increase,0.09374722093343735,0.1257166564464569
4966,5469,0,214,decrease,0.08635416626930237,0.042226389050483704
4966,5469,0,226,initiation,0.0,0.06855972111225128
4966,5469,0,307,decrease,0.06727083027362823,0.033088888972997665
4966,5469,0,321,decrease,0.057402778416872025,0.028266666457057
4966,5469,0,360,decrease,0.05185416340827942,0.02570277824997902
4966,5469,0,373,initiation,0.0,0.036286111921072006
4966,5469,0,414,decrease,0.038786113262176514,0.020283333957195282
4966,5469,0,483,decrease,0.04719027876853943,0.023616665974259377
4966,5469,0,511,decrease,0.041229166090488434,0.02519722282886505
4966,5469,0,715,decrease,0.04833333194255829,0.023225000128149986
4966,5469,0,980,decrease,0.04693194478750229,0.02319166623055935
4966,5469,0,1663,decrease,0.041293054819107056,0.02000138908624649
4966,5469,0,1791,increase,0.015387500636279583,0.03342916816473007
4966,5469,0,1948,decrease,0.03154999762773514,0.015795834362506866
4966,5469,1,12,stop,0.5238930583000183,0.0
4966,5469,1,70,decrease,0.07509583234786987,0.0373944453895092
4966,5469,1,103,increase,0.009888888336718082,0.029729165136814117
4966,5469,1,257,initiation,0.0,0.04608333110809326
4966,5469,1,274,initiation,0.0,0.0355694442987442
4966,5469,1,325,decrease,0.034990277141332626,0.011004166677594185
4966,5469,1,362,decrease,0.04053333401679993,0.0202763881534338
4966,5469,1,414,decrease,0.053050003945827484,0.02724860981106758
4966,5469,1,472,decrease,0.06286388635635376,0.030359720811247826
4966,5469,1,485,decrease,0.07399861514568329,0.03690694272518158
4966,5469,1,511,decrease,0.08212360739707947,0.06045833230018616
4966,5469,1,703,decrease,0.08724305778741837,0.04322638735175133
4966,5469,1,849,decrease,0.0876263901591301,0.04218055680394173
4966,5469,1,861,initiation,0.0,0.05702916532754898
4966,5469,1,965,decrease,0.06923055648803711,0.03407499939203262
4966,5469,1,977,initiation,0.0,0.05692499876022339
4966,5469,1,1010,decrease,0.05882500112056732,0.0288472231477499
4966,5469,1,1022,initiation,0.0,0.04894999787211418
4966,5469,1,1522,decrease,0.05155416578054428,0.02582361176609993
4966,5469,1,1546,initiation,0.0,0.05260000005364418
4966,5469,1,1674,decrease,0.051398612558841705,0.025701386854052544
4966,5469,1,1698,increase,0.00977083295583725,0.029959723353385925
4966,5469,1,1756,initiation,0.0,0.04559028148651123
4966,5469,1,1785,decrease,0.054063886404037476,0.02648194320499897
4966,5469,1,1797,initiation,0.0,0.043990276753902435
4966,5469,1,1944,decrease,0.04458194598555565,0.0219680555164814
4998,4375,0,100,initiation,0.0,0.6944444179534912
4998,4375,0,112,initiation,0.0,0.09956249594688416
4998,4375,0,143,decrease,0.1433291733264923,0.06992638856172562
4998,4375,0,170,initiation,0.0,0.04658472165465355
4998,4375,0,242,decrease,0.04683472216129303,0.022575000301003456
4998,4375,0,254,decrease,0.05031249672174454,0.0073986114002764225
4998,4375,0,282,increase,0.054277777671813965,0.2671374976634979
4998,4375,0,294,initiation,0.0,0.12603610754013062
4998,4375,0,309,initiation,0.0,0.07028472423553467
4998,4375,0,518,decrease,0.070741668343544,0.034583333879709244
4998,4375,1,100,initiation,0.0,0.5555555820465088
4998,4375,1,112,initiation,0.0,0.08031944185495377
4998,4375,1,144,decrease,0.0949055477976799,0.046655554324388504
4998,4375,1,157,initiation,0.0,0.04616805911064148
4998,4375,1,222,decrease,0.05727500095963478,0.02835138887166977
4998,4375,1,260,initiation,0.0,0.03536805510520935
4998,4375,1,279,increase,0.039872221648693085,0.37077224254608154
4998,4375,1,291,initiation,0.0,0.13400694727897644
4998,4375,1,315,initiation,0.0,0.046077776700258255
4998,4375,1,463,decrease,0.06113472208380699,0.029781945049762726
4998,4375,1,475,initiation,0.0,0.048402778804302216
4998,4375,1,487,decrease,0.04806111007928848,0.0061111110262572765
4998,4375,1,499,stop,0.060672223567962646,0.0
5004,6016,0,101,initiation,0.0,0.6944444179534912
5004,6016,0,113,initiation,0.0,0.08748888969421387
5004,6016,0,173,decrease,0.1356722116470337,0.06613333523273468
5004,6016,0,194,initiation,0.0,0.054347217082977295
5004,6016,0,773,decrease,0.054394446313381195,0.026459723711013794
5004,6016,0,948,decrease,0.053631946444511414,0.02683333307504654
5004,6016,0,1590,decrease,0.059425000101327896,0.029923610389232635
5004,6016,0,1985,decrease,0.0577152781188488,0.029580555856227875
5004,6016,0,2096,decrease,0.07035833597183228,0.034793056547641754
5004,6016,0,2118,decrease,0.10010555386543274,0.04921666905283928
5004,6016,0,2130,increase,0.03640555590391159,0.0821777731180191
5004,6016,0,2142,stop,0.08264860510826111,0.0
5004,6016,0,2158,decrease,0.06440000236034393,0.03185972198843956
5004,6016,1,99,stop,0.5267861485481262,0.0
5004,6016,1,111,increase,0.008395833894610405,0.08437638729810715
5004,6016,1,173,decrease,0.0728277787566185,0.03578055277466774
5004,6016,1,187,initiation,0.0,0.04107222333550453
5004,6016,1,531,decrease,0.05181944742798805,0.025800000876188278
5004,6016,1,586,decrease,0.06127221882343292,0.030734721571207047
5004,6016,1,700,decrease,0.06943750381469727,0.03364444524049759
5004,6016,1,724,decrease,0.07942222058773041,0.03974860906600952
5004,6016,1,798,decrease,0.08706110715866089,0.043098609894514084
5004,6016,1,946,decrease,0.08634444326162338,0.04203472286462784
5004,6016,1,958,increase,0.030694445595145226,0.07490277290344238
5004,6016,1,1324,decrease,0.07730694115161896,0.038568053394556046
5004,6016,1,1336,initiation,0.0,0.06538472324609756
5004,6016,1,1434,decrease,0.06818889081478119,0.03369583189487457
5004,6016,1,1983,decrease,0.06823194772005081,0.03384305536746979
5004,6016,1,1997,initiation,0.0,0.04114861041307449
5004,6016,1,2236,decrease,0.050741665065288544,0.025212500244379044
5032,5947,0,18,initiation,0.0,0.6944444179534912
5032,5947,0,30,initiation,0.0,0.08821111172437668
5032,5947,0,42,stop,0.13283056020736694,0.0
5032,5947,0,54,initiation,0.0,0.09612083435058594
5032,5947,0,119,decrease,0.07643194496631622,0.03786666691303253
5032,5947,0,681,decrease,0.05455416440963745,0.027000000700354576
5032,5947,0,697,increase,0.013526389375329018,0.045879170298576355
5032,5947,0,758,decrease,0.04693472385406494,0.022938890382647514
5032,5947,0,792,decrease,0.04199028015136719,0.0204986110329628
5032,5947,0,809,increase,0.011404166929423809,0.02896944433450699
5032,5947,0,836,decrease,0.02997777611017227,0.014901389367878437
5032,5947,0,852,initiation,0.0,0.03910555690526962
5032,5947,1,18,initiation,0.0,0.5555555820465088
5032,5947,1,32,initiation,0.0,0.0829930528998375
5032,5947,1,44,stop,0.09668055176734924,0.0
5032,5947,1,56,initiation,0.0,0.06951388716697693
5032,5947,1,70,increase,0.03470555692911148,0.06330833584070206
5032,5947,1,169,decrease,0.059227779507637024,0.029504166916012764
5032,5947,1,247,decrease,0.05597638711333275,0.02920694276690483
5032,5947,1,262,decrease,0.06737777590751648,0.03241249918937683
5032,5947,1,274,increase,0.04089999943971634,0.09594166278839111
5032,5947,1,286,initiation,0.0,0.11311249434947968
5032,5947,1,329,decrease,0.10890694707632065,0.05299999937415123
5032,5947,1,341,initiation,0.0,0.03604722395539284
5032,5947,1,353,stop,0.0863194465637207,0.0
5032,5947,1,394,decrease,0.07837638258934021,0.03871944546699524
5032,5947,1,578,decrease,0.06811666488647461,0.03423472121357918
5032,5947,1,619,decrease,0.06932777166366577,0.03402222320437431
5032,5947,1,665,decrease,0.06355555355548859,0.030743055045604706
5032,5947,1,677,initiation,0.0,0.05316250026226044
5032,5947,1,800,decrease,0.05620555579662323,0.027295833453536034
5032,5947,1,812,initiation,0.0,0.046748608350753784
5032,5947,1,907,decrease,0.04756249859929085,0.023762498050928116
5048,2280,0,24,initiation,0.0,0.0904083326458931
5048,2280,0,36,initiation,0.0,0.17647777497768402
5048,2280,0,48,stop,0.18774443864822388,0.0
5048,2280,0,62,initiation,0.0,0.03539722412824631
5048,2280,0,489,decrease,0.06800556182861328,0.033444445580244064
5048,2280,0,501,initiation,0.0,0.04176666587591171
5048,2280,0,584,decrease,0.05107361078262329,0.02507638931274414
5048,2280,0,604,increase,0.016018055379390717,0.03244861215353012
5048,2280,1,30,initiation,0.0,0.09152638912200928
5048,2280,1,45,decrease,0.11890416592359543,0.05600277706980705
5048,2280,1,60,initiation,0.0,0.06300416588783264
5048,2280,1,120,decrease,0.06836389005184174,0.03397222235798836
5048,2280,1,132,initiation,0.0,0.055025000125169754
5048,2280,1,268,decrease,0.05738888680934906,0.0228805560618639
5048,2280,1,306,decrease,0.06881111115217209,0.03412916511297226
5048,2280,1,318,initiation,0.0,0.05503055453300476
5048,2280,1,409,decrease,0.05681528151035309,0.024522222578525543
5048,2280,1,584,decrease,0.06751388311386108,0.03343750163912773
5048,2280,1,596,initiation,0.0,0.05376666784286499
5048,2280,1,608,increase,0.02692638710141182,0.04791666567325592
5048,2280,1,634,decrease,0.07930000126361847,0.03896666690707207
5070,1381,0,47,initiation,0.0,0.6944444179534912
5070,1381,0,59,initiation,0.0,0.09707917273044586
5070,1381,0,79,decrease,0.1214541643857956,0.06064583361148834
5070,1381,0,91,initiation,0.0,0.14509722590446472
5070,1381,0,107,decrease,0.1450444459915161,0.06939027458429337
5070,1381,0,127,initiation,0.0,0.05792916566133499
5070,1381,0,821,decrease,0.053893059492111206,0.022780556231737137
5070,1381,0,1571,decrease,0.05964166671037674,0.029680557548999786
5070,1381,0,1583,decrease,0.07614444196224213,0.05131250247359276
5070,1381,0,1600,decrease,0.08582916855812073,0.043816667050123215
5070,1381,0,1616,initiation,0.0,0.06730695068836212
5070,1381,0,1635,decrease,0.07041111588478088,0.03571249917149544
5070,1381,0,1681,decrease,0.08718611299991608,0.06237499415874481
5070,1381,0,1702,decrease,0.09851666539907455,0.04766111448407173
5070,1381,0,1715,initiation,0.0,0.05803472176194191
5070,1381,0,2102,decrease,0.06589999794960022,0.03303194418549538
5070,1381,1,47,initiation,0.0,0.5376916527748108
5070,1381,1,59,initiation,0.0,0.0705791637301445
5070,1381,1,83,decrease,0.0926305502653122,0.045209720730781555
5070,1381,1,291,initiation,0.0,0.052948612719774246
5070,1381,1,750,decrease,0.05412916839122772,0.02681250125169754
5070,1381,1,769,decrease,0.06074722111225128,0.030331945046782494
5070,1381,1,781,stop,0.06150555610656738,0.0
5070,1381,1,793,initiation,0.0,0.10849721729755402
5070,1381,1,817,initiation,0.0,0.038483332842588425
5070,1381,1,829,initiation,0.0,0.05825694650411606
5070,1381,1,856,decrease,0.05993333458900452,0.02976388856768608
5070,1381,1,875,decrease,0.05578472092747688,0.027538888156414032
5070,1381,1,887,initiation,0.0,0.04406527802348137
5070,1381,1,899,stop,0.0444958321750164,0.0
5070,1381,1,923,decrease,0.058029163628816605,0.03168749809265137
5070,1381,1,979,decrease,0.06901944428682327,0.03426944464445114
5070,1381,1,1013,decrease,0.07989305257797241,0.03943333402276039
5070,1381,1,1027,initiation,0.0,0.04437222331762314
5070,1381,1,1065,decrease,0.05596388876438141,0.02803611196577549
5070,1381,1,1077,initiation,0.0,0.044745832681655884
5070,1381,1,1206,decrease,0.048124998807907104,0.023884722962975502
5070,1381,1,1230,decrease,0.042912498116493225,0.021329166367650032
5070,1381,1,1242,initiation,0.0,0.03540971875190735
5070,1381,1,1284,decrease,0.037441667169332504,0.018708333373069763
5070,1381,1,1528,increase,0.05207916349172592,0.07287222146987915
5070,1381,1,1540,increase,0.02645000070333481,0.059869445860385895
5070,1381,1,1561,decrease,0.05934999883174896,0.029527777805924416
5070,1381,1,1573,initiation,0.0,0.04756666719913483
5070,1381,1,1597,decrease,0.0488152801990509,0.02451944351196289
5070,1381,1,1655,decrease,0.05857500433921814,0.028826387599110603
5070,1381,1,1682,decrease,0.07081805169582367,0.0346541665494442
5070,1381,1,1705,initiation,0.0,0.06033888831734657
5070,1381,1,1721,initiation,0.0,0.07048611342906952
5070,1381,1,1733,increase,0.035487499088048935,0.08316527307033539
5070,1381,1,1745,increase,0.040788888931274414,0.09521666914224625
5070,1381,1,1757,stop,0.046186111867427826,0.0
5070,1381,1,1779,increase,0.04902777820825577,0.07459444552659988
5070,1381,1,1835,decrease,0.0782347172498703,0.0394861102104187
5070,1381,1,1847,stop,0.09201666712760925,0.0
5070,1381,1,1859,initiation,0.0,0.07636666297912598
5070,1381,1,2128,decrease,0.07720555365085602,0.03835694491863251
5077,728,0,109,initiation,0.0,0.6944444179534912
5077,728,0,121,initiation,0.0,0.09610694646835327
5077,728,0,135,decrease,0.13323333859443665,0.10164999961853027
5077,728,0,165,decrease,0.14675277471542358,0.07084861397743225
5077,728,0,183,initiation,0.0,0.060931943356990814
5077,728,0,353,decrease,0.06478333473205566,0.03183194622397423
5077,728,0,366,initiation,0.0,0.039690278470516205
5077,728,0,402,decrease,0.04441111162304878,0.02426944486796856
5077,728,0,509,decrease,0.062223609536886215,0.029988886788487434
5077,728,0,528,decrease,0.05518888682126999,0.02672777697443962
5077,728,0,540,initiation,0.0,0.04459860920906067
5077,728,0,561,decrease,0.0455152802169323,0.022538889199495316
5077,728,0,573,initiation,0.0,0.035959720611572266
5077,728,0,639,decrease,0.038180552423000336,0.018840277567505836
5077,728,0,1110,decrease,0.04699721932411194,0.022865276783704758
5077,728,1,109,initiation,0.0,0.5063610672950745
5077,728,1,121,initiation,0.0,0.05710555613040924
5077,728,1,135,decrease,0.09594444930553436,0.07555277645587921
5077,728,1,165,decrease,0.10142222046852112,0.04951528087258339
5077,728,1,184,initiation,0.0,0.04183333367109299
5077,728,1,385,decrease,0.05788055434823036,0.028354167938232422
5077,728,1,402,decrease,0.07069027423858643,0.035284724086523056
5077,728,1,414,decrease,0.0847083330154419,0.025729166343808174
5077,728,1,509,decrease,0.08718055486679077,0.04340139031410217
5077,728,1,521,decrease,0.07947083562612534,0.03850555792450905
5077,728,1,533,stop,0.06792639195919037,0.0
5077,728,1,561,decrease,0.0637083351612091,0.031511109322309494
5077,728,1,639,decrease,0.06252916902303696,0.03889305517077446
5077,728,1,734,decrease,0.06791111081838608,0.033662497997283936
5077,728,1,1146,decrease,0.06854027509689331,0.03383750095963478
5077,728,1,1158,stop,0.0632583349943161,0.0
5077,728,1,1170,increase,0.020472221076488495,0.0529513880610466
5077,728,1,1262,decrease,0.05636805295944214,0.028312500566244125
5109,3224,0,23,initiation,0.0,0.6944444179534912
5109,3224,0,35,initiation,0.0,0.10275000333786011
5109,3224,0,126,decrease,0.09895416349172592,0.047870833426713943
5109,3224,0,145,initiation,0.0,0.05720972269773483
5109,3224,0,217,decrease,0.059849999845027924,0.03075277805328369
5109,3224,0,243,decrease,0.07444721460342407,0.036404166370630264
5109,3224,0,255,increase,0.029480556026101112,0.062384724617004395
5109,3224,0,291,decrease,0.06184583157300949,0.03448472172021866
5109,3224,0,355,decrease,0.06875833123922348,0.033836111426353455
5109,3224,0,403,decrease,0.05894305557012558,0.028291668742895126
5109,3224,0,627,decrease,0.06331805884838104,0.03149722144007683
5109,3224,0,751,decrease,0.06289861351251602,0.030783332884311676
5109,3224,0,763,initiation,0.0,0.0471000000834465
5109,3224,0,1099,decrease,0.050820834934711456,0.024708334356546402
5109,3224,0,1128,decrease,0.06529444456100464,0.03226805478334427
5109,3224,0,1140,initiation,0.0,0.04908472299575806
5109,3224,0,1193,decrease,0.049715276807546616,0.024243054911494255
5109,3224,0,1205,increase,0.018097221851348877,0.03970833122730255
5109,3224,0,1245,decrease,0.04074305668473244,0.02044166810810566
5109,3224,0,1291,decrease,0.036173611879348755,0.018291667103767395
5109,3224,0,1334,increase,0.034797221422195435,0.05314861238002777
5109,3224,0,1506,decrease,0.050559721887111664,0.024547221139073372
5109,3224,0,1714,decrease,0.059393055737018585,0.029159722849726677
5109,3224,0,1726,initiation,0.0,0.04297638684511185
5109,3224,0,1827,decrease,0.046041667461395264,0.023843055590987206
5109,3224,0,1883,decrease,0.06141527742147446,0.029750000685453415
5109,3224,0,1895,increase,0.02111666649580002,0.05091944336891174
5109,3224,0,1967,decrease,0.05047222226858139,0.024973612278699875
5109,3224,1,29,initiation,0.0,0.06723055988550186
5109,3224,1,126,decrease,0.07994305342435837,0.039694443345069885
5109,3224,1,139,initiation,0.0,0.048326388001441956
5109,3224,1,224,initiation,0.0,0.03791666403412819
5109,3224,1,247,decrease,0.08673055469989777,0.044288888573646545
5109,3224,1,263,decrease,0.09624582529067993,0.04720277711749077
5109,3224,1,275,increase,0.03184027597308159,0.07900277525186539
5109,3224,1,289,decrease,0.07886388897895813,0.03892222419381142
5109,3224,1,301,increase,0.02880694344639778,0.0649888888001442
5109,3224,1,344,decrease,0.06719306111335754,0.03426111117005348
5109,3224,1,486,decrease,0.07776249945163727,0.039306946098804474
5109,3224,1,590,decrease,0.08788888901472092,0.04372499883174896
5109,3224,1,939,decrease,0.08705277740955353,0.04330972209572792
5109,3224,1,951,increase,0.027868056669831276,0.07303750514984131
5109,3224,1,1130,decrease,0.07730555534362793,0.04139722138643265
5109,3224,1,1164,decrease,0.08840139210224152,0.04346666485071182
5109,3224,1,1504,decrease,0.08667777478694916,0.04309999942779541
5109,3224,1,1516,initiation,0.0,0.04588194191455841
5109,3224,1,1716,decrease,0.06698472052812576,0.033444445580244064
5109,3224,1,1793,increase,0.06638055294752121,0.08594861626625061
5109,3224,1,1860,decrease,0.0880972221493721,0.04510694369673729
5109,3224,1,1997,decrease,0.09656806290149689,0.048059724271297455
5142,4814,0,24,initiation,0.0,0.27049720287323
5142,4814,0,36,initiation,0.0,0.08775833249092102
5142,4814,0,60,decrease,0.08869583904743195,0.0420430563390255
5142,4814,0,72,initiation,0.0,0.06842777132987976
5142,4814,0,156,decrease,0.0578722208738327,0.028790278360247612
5142,4814,0,177,decrease,0.0825069472193718,0.03940694406628609
5142,4814,0,191,initiation,0.0,0.04609166830778122
5142,4814,0,203,stop,0.05271250009536743,0.0
5142,4814,0,215,initiation,0.0,0.03810416907072067
5142,4814,0,338,decrease,0.039213888347148895,0.019555555656552315
5142,4814,0,350,initiation,0.0,0.03642083331942558
5142,4814,0,477,decrease,0.037852779030799866,0.01855277828872204
5142,4814,0,578,decrease,0.049268051981925964,0.024169445037841797
5142,4814,0,997,decrease,0.041083335876464844,0.020068056881427765
5142,4814,0,1098,decrease,0.04005694389343262,0.019911112263798714
5142,4814,1,20,initiation,0.0,0.5555555820465088
5142,4814,1,34,initiation,0.0,0.041308335959911346
5142,4814,1,59,decrease,0.08384305238723755,0.04079305753111839
5142,4814,1,76,initiation,0.0,0.03580278158187866
5142,4814,1,176,decrease,0.0522611141204834,0.02565833553671837
5142,4814,1,188,initiation,0.0,0.04268750175833702
5142,4814,1,302,decrease,0.044526390731334686,0.02229861170053482
5142,4814,1,578,decrease,0.053615275770425797,0.026622220873832703
5142,4814,1,731,decrease,0.052480556070804596,0.025648610666394234
5142,4814,1,824,decrease,0.05662500113248825,0.027904165908694267
5142,4814,1,1165,decrease,0.05628333240747452,0.028115278109908104
5155,2383,0,165,initiation,0.0,0.17800000309944153
5155,2383,0,177,initiation,0.0,0.0559999942779541
5155,2383,0,373,decrease,0.053499698638916016,0.026000022888183594
5155,2383,0,385,initiation,0.0,0.04199981689453125
5155,2383,0,427,increase,0.0410003662109375,0.06499958038330078
5155,2383,0,439,increase,0.011999130249023438,0.05200004577636719
5155,2383,0,493,decrease,0.048999786376953125,0.024000167846679688
5155,2383,0,505,initiation,0.0,0.03849983215332031
5155,2383,0,533,decrease,0.03949928283691406,0.008999824523925781
5155,2383,0,547,increase,0.010499954223632812,0.02950000762939453
5155,2383,0,846,decrease,0.03299903869628906,0.009499549865722656
5155,2383,1,165,initiation,0.0,0.1224430501461029
5155,2383,1,177,initiation,0.0,0.07773750275373459
5155,2383,1,234,decrease,0.06480416655540466,0.0320972241461277
5155,2383,1,255,initiation,0.0,0.05941110849380493
5155,2383,1,398,decrease,0.07010694593191147,0.042694441974163055
5155,2383,1,424,decrease,0.07928332686424255,0.05609166622161865
5155,2383,1,492,decrease,0.0866541638970375,0.04264861345291138
5155,2383,1,532,decrease,0.07678194344043732,0.03836666792631149
5155,2383,1,701,decrease,0.07273750007152557,0.0361916683614254
5155,2383,1,823,increase,0.07760277390480042,0.101604163646698
5155,2383,1,835,initiation,0.0,0.10765278339385986
5155,2383,1,853,increase,0.09383055567741394,0.1152527779340744
5155,2383,1,881,decrease,0.11175139248371124,0.05460694804787636
5155,2383,1,920,initiation,0.0,0.12025971710681915
5155,2383,1,932,increase,0.0051750000566244125,0.05151666700839996
5155,2383,1,944,increase,0.018606944009661674,0.06250972300767899
5155,2383,1,1022,decrease,0.061980556696653366,0.029859723523259163
5155,2383,1,1035,initiation,0.0,0.03655138611793518
5155,2383,1,1054,increase,0.012745833024382591,0.033702775835990906
5155,2383,1,1129,stop,0.03805694356560707,0.0
5155,2383,1,1148,decrease,0.057038888335227966,0.027679167687892914
5164,2755,0,44,initiation,0.0,0.6944444179534912
5164,2755,0,56,initiation,0.0,0.10017499327659607
5164,2755,0,79,decrease,0.11925694346427917,0.056919440627098083
5164,2755,0,98,initiation,0.0,0.052404168993234634
5164,2755,0,154,decrease,0.05397361144423485,0.026686111465096474
5164,2755,0,268,decrease,0.057191669940948486,0.028301389887928963
5164,2755,0,280,initiation,0.0,0.044284723699092865
5164,2755,0,352,decrease,0.04399166628718376,0.021549999713897705
5164,2755,0,368,increase,0.013391667045652866,0.03145972266793251
5164,2755,0,430,decrease,0.033306945115327835,0.017893055453896523
5164,2755,0,579,decrease,0.04375416785478592,0.02199999988079071
5164,2755,0,596,increase,0.014315278269350529,0.03133055567741394
5164,2755,0,612,decrease,0.03192777931690216,0.015740277245640755
5164,2755,0,624,stop,0.0442972257733345,0.0
5164,2755,0,774,decrease,0.051745831966400146,0.03125416859984398
5164,2755,0,1407,decrease,0.05502361059188843,0.026326388120651245
5164,2755,0,1486,initiation,0.0,0.03884582966566086
5164,2755,0,1498,decrease,0.06074166297912598,0.029123611748218536
5164,2755,1,40,initiation,0.0,0.5555555820465088
5164,2755,1,52,initiation,0.0,0.11706666648387909
5164,2755,1,79,decrease,0.10532499849796295,0.05122222378849983
5164,2755,1,271,stop,0.03626805543899536,0.0
5164,2755,1,354,decrease,0.05506666749715805,0.016680555418133736
5164,2755,1,366,initiation,0.0,0.10211250185966492
5164,2755,1,430,decrease,0.09284860640764236,0.04418611153960228
5164,2755,1,579,decrease,0.10939861088991165,0.05344028025865555
5164,2755,1,591,initiation,0.0,0.08414027839899063
5164,2755,1,611,decrease,0.0862986147403717,0.043291665613651276
5164,2755,1,623,decrease,0.06983333826065063,0.037812501192092896
5164,2755,1,774,decrease,0.08120277523994446,0.03967222198843956
5164,2755,1,934,decrease,0.10759861767292023,0.054123613983392715
5164,2755,1,946,initiation,0.0,0.08287917077541351
5164,2755,1,1074,decrease,0.09002639353275299,0.04418611153960228
5164,2755,1,1148,decrease,0.08050833642482758,0.04657222330570221
5164,2755,1,1583,decrease,0.08946805447340012,0.045495834201574326
5164,2755,1,1609,decrease,0.11169861257076263,0.05504722148180008
5167,5360,0,19,initiation,0.0,0.6944444179534912
5167,5360,0,31,initiation,0.0,0.1196763888001442
5167,5360,0,62,decrease,0.1119527816772461,0.08376528322696686
5167,5360,0,74,decrease,0.12929028272628784,0.10721111297607422
5167,5360,0,102,decrease,0.14394444227218628,0.06910832971334457
5167,5360,0,142,decrease,0.11505694687366486,0.05744027718901634
5167,5360,0,227,decrease,0.09024861454963684,0.05514305457472801
5167,5360,0,239,initiation,0.0,0.07238472253084183
5167,5360,0,252,initiation,0.0,0.050958335399627686
5167,5360,0,280,decrease,0.05846666544675827,0.02862916700541973
5167,5360,0,292,increase,0.038999997079372406,0.06794444471597672
5167,5360,0,373,decrease,0.06478333473205566,0.031259723007678986
5167,5360,0,415,decrease,0.05852777510881424,0.029136111959815025
5167,5360,0,428,decrease,0.04670277610421181,0.024545833468437195
5167,5360,0,527,decrease,0.048068057745695114,0.02386944554746151
5167,5360,0,544,increase,0.01415972225368023,0.03349583223462105
5167,5360,0,612,increase,0.03716389089822769,0.0523916631937027
5167,5360,0,624,initiation,0.0,0.07244166731834412
5167,5360,0,636,decrease,0.07129444181919098,0.035015277564525604
5167,5360,0,666,decrease,0.06870972365140915,0.03331805765628815
5167,5360,0,680,increase,0.06076250225305557,0.090434730052948
5167,5360,0,692,stop,0.08765000104904175,0.0
5167,5360,0,722,decrease,0.07571528106927872,0.037401389330625534
5167,5360,0,884,decrease,0.06269444525241852,0.030859721824526787
5167,5360,1,13,initiation,0.0,0.6624180674552917
5167,5360,1,25,initiation,0.0,0.09823611378669739
5167,5360,1,55,decrease,0.08707083761692047,0.03445972502231598
5167,5360,1,67,increase,0.07349999994039536,0.10791249573230743
5167,5360,1,331,decrease,0.10414166748523712,0.051870834082365036
5167,5360,1,391,decrease,0.09388194978237152,0.04687083512544632
5167,5360,1,403,increase,0.031740278005599976,0.08089861273765564
5167,5360,1,424,decrease,0.08240694552659988,0.040930554270744324
5167,5360,1,436,stop,0.07421388477087021,0.0
5167,5360,1,449,initiation,0.0,0.04084999859333038
5167,5360,1,470,decrease,0.05023055523633957,0.025695832446217537
5167,5360,1,490,increase,0.012222222052514553,0.03379721939563751
5167,5360,1,529,decrease,0.03870555758476257,0.019527778029441833
5167,5360,1,541,initiation,0.0,0.059606947004795074
5167,5360,1,610,increase,0.0566222220659256,0.2176263928413391
5167,5360,1,622,initiation,0.0,0.08957916498184204
5167,5360,1,721,decrease,0.080823615193367,0.04047638922929764
5167,5360,1,733,initiation,0.0,0.06091666966676712
5178,1819,0,117,initiation,0.0,0.6944444179534912
5178,1819,0,129,stop,0.32784444093704224,0.0
5178,1819,0,170,decrease,0.1886138916015625,0.09134861826896667
5178,1819,0,199,initiation,0.0,0.07483333349227905
5178,1819,0,234,decrease,0.08298472315073013,0.0380847230553627
5178,1819,0,248,decrease,0.10411666333675385,0.05125555396080017
5178,1819,0,260,initiation,0.0,0.07918888330459595
5178,1819,0,274,initiation,0.0,0.05411110818386078
5178,1819,0,389,decrease,0.059829168021678925,0.029034722596406937
5178,1819,0,404,initiation,0.0,0.038870833814144135
5178,1819,0,495,decrease,0.043408334255218506,0.021375000476837158
5178,1819,0,713,decrease,0.05481666699051857,0.026973610743880272
5178,1819,0,725,initiation,0.0,0.042330555617809296
5178,1819,0,774,increase,0.042733334004879,0.7164347171783447
5178,1819,0,803,initiation,0.0,0.0676666647195816
5178,1819,0,954,decrease,0.07316111028194427,0.03632916510105133
5178,1819,0,981,initiation,0.0,0.043170832097530365
5178,1819,0,1160,decrease,0.055391665548086166,0.02802777849137783
5178,1819,0,1214,decrease,0.07521528005599976,0.03646944463253021
5178,1819,0,1226,initiation,0.0,0.04584583267569542
5178,1819,1,117,initiation,0.0,0.5555555820465088
5178,1819,1,131,initiation,0.0,0.08635138720273972
5178,1819,1,170,decrease,0.09631527960300446,0.048540279269218445
5178,1819,1,936,initiation,0.0,0.03849444538354874
5178,1819,1,1166,decrease,0.024818055331707,0.0013500000350177288
5178,1819,1,1183,stop,0.036343052983284,0.0
5180,5996,0,12,initiation,0.0,0.6130416989326477
5180,5996,0,24,initiation,0.0,0.11230972409248352
5180,5996,0,44,initiation,0.0,0.613034725189209
5180,5996,0,56,initiation,0.0,0.1132708340883255
5180,5996,0,68,decrease,0.0540861114859581,0.035426389425992966
5180,5996,0,101,decrease,0.0850486159324646,0.04119722172617912
5180,5996,0,116,initiation,0.0,0.04357500001788139
5180,5996,0,275,decrease,0.04387222230434418,0.02230694517493248
5180,5996,0,1177,decrease,0.045576389878988266,0.023002777248620987
5180,5996,0,1189,increase,0.0406888909637928,0.07381249964237213
5180,5996,0,1323,decrease,0.06609722226858139,0.0321180559694767
5180,5996,0,1341,initiation,0.0,0.03593055531382561
5180,5996,0,1452,decrease,0.04167778044939041,0.02089861035346985
5180,5996,0,1561,decrease,0.05403055623173714,0.02638472244143486
5180,5996,1,48,stop,0.6551402807235718,0.0
5180,5996,1,60,increase,0.05369305610656738,0.07752222567796707
5180,5996,1,200,initiation,0.0,0.04760555177927017
5180,5996,1,273,decrease,0.0496097207069397,0.02420138753950596
5180,5996,1,364,initiation,0.0,0.03673333302140236
5180,5996,1,482,decrease,0.04009305685758591,0.019829167053103447
5180,5996,1,494,stop,0.15173611044883728,0.0
5180,5996,1,529,initiation,0.0,0.043473608791828156
5180,5996,1,575,decrease,0.04665694385766983,0.022943053394556046
5180,5996,1,587,initiation,0.0,0.06710971891880035
5180,5996,1,620,decrease,0.06545555591583252,0.03273611143231392
5180,5996,1,633,stop,0.08406388759613037,0.0
5180,5996,1,645,increase,0.07246389240026474,0.1223541647195816
5180,5996,1,737,decrease,0.11281250417232513,0.05658472329378128
5180,5996,1,749,initiation,0.0,0.09352639317512512
5180,5996,1,777,decrease,0.09436388313770294,0.046747222542762756
5180,5996,1,934,initiation,0.0,0.060976386070251465
5180,5996,1,1070,decrease,0.05564305558800697,0.02811666578054428
5180,5996,1,1082,increase,0.04429444298148155,0.07554027438163757
5180,5996,1,1255,decrease,0.0719388872385025,0.0355222225189209
5180,5996,1,1269,decrease,0.08245416730642319,0.040443055331707
5180,5996,1,1308,decrease,0.08778055012226105,0.043287500739097595
5180,5996,1,1323,initiation,0.0,0.056413888931274414
5180,5996,1,1459,decrease,0.06328749656677246,0.03169305622577667
5180,5996,1,1560,decrease,0.07148332893848419,0.03579166904091835
5189,4659,0,67,initiation,0.0,0.6944444179534912
5189,4659,0,81,initiation,0.0,0.09329861402511597
5189,4659,0,93,initiation,0.0,0.06910694390535355
5189,4659,0,125,decrease,0.13967221975326538,0.0669708326458931
5189,4659,0,147,initiation,0.0,0.1579652726650238
5189,4659,0,159,increase,0.02998611144721508,0.0933527797460556
5189,4659,0,188,decrease,0.08930277824401855,0.0640638917684555
5189,4659,0,271,decrease,0.08830972015857697,0.043820835649967194
5189,4659,0,283,initiation,0.0,0.06577777862548828
5189,4659,0,340,decrease,0.06558749824762344,0.03508194163441658
5189,4659,0,1010,decrease,0.06059444695711136,0.02929166704416275
5189,4659,1,63,initiation,0.0,0.5555555820465088
5189,4659,1,76,initiation,0.0,0.06360694766044617
5189,4659,1,124,decrease,0.08363471925258636,0.04140555486083031
5189,4659,1,138,initiation,0.0,0.09202639758586884
5189,4659,1,151,stop,0.04635555297136307,0.0
5189,4659,1,205,decrease,0.056498609483242035,0.028051389381289482
5189,4659,1,350,decrease,0.06721944361925125,0.032947223633527756
5189,4659,1,724,decrease,0.05707361176609993,0.02808472327888012
5189,4659,1,1043,decrease,0.061109721660614014,0.029720833525061607
5197,2594,0,29,initiation,0.0,0.23702916502952576
5197,2594,0,41,initiation,0.0,0.0556916669011116
5197,2594,0,63,decrease,0.11273333430290222,0.05442221835255623
5197,2594,0,79,initiation,0.0,0.05400833487510681
5197,2594,0,708,decrease,0.04510555416345596,0.021952778100967407
5197,2594,0,727,increase,0.010974999517202377,0.02912638708949089
5197,2594,0,757,decrease,0.030459720641374588,0.014886111952364445
5197,2594,1,27,initiation,0.0,0.0696486085653305
5197,2594,1,39,initiation,0.0,0.12654027342796326
5197,2594,1,64,decrease,0.11547361314296722,0.056647222489118576
5197,2594,1,77,initiation,0.0,0.06507638841867447
5197,2594,1,210,decrease,0.07576388865709305,0.03717361018061638
5197,2594,1,222,increase,0.02617916837334633,0.06471388787031174
5197,2594,1,426,decrease,0.06709583103656769,0.03317222371697426
5197,2594,1,438,initiation,0.0,0.05558333545923233
5197,2594,1,451,initiation,0.0,0.039387501776218414
5197,2594,1,563,decrease,0.04965416342020035,0.022237500175833702
5197,2594,1,708,decrease,0.05822083353996277,0.028902776539325714
5206,3782,0,23,initiation,0.0,0.0841125026345253
5206,3782,0,50,decrease,0.1156347244977951,0.056134723126888275
5206,3782,0,62,initiation,0.0,0.07415693998336792
5206,3782,0,541,decrease,0.062369443476200104,0.03043055534362793
5206,3782,0,606,decrease,0.053837500512599945,0.02673611044883728
5206,3782,0,642,decrease,0.047163888812065125,0.023080555722117424
5206,3782,0,659,increase,0.016411110758781433,0.034566666930913925
5206,3782,0,676,decrease,0.035216666758060455,0.017787499353289604
5206,3782,1,12,initiation,0.0,0.9485013484954834
5206,3782,1,24,initiation,0.0,0.07791805267333984
5206,3782,1,220,decrease,0.06457361578941345,0.032011110335588455
5206,3782,1,329,decrease,0.06853194534778595,0.0482972227036953
5206,3782,1,426,decrease,0.08089999854564667,0.03244027867913246
5206,3782,1,483,decrease,0.08811388909816742,0.044809721410274506
5206,3782,1,543,decrease,0.09646110981702805,0.04711666703224182
5206,3782,1,555,initiation,0.0,0.0915902778506279
5206,3782,1,603,decrease,0.07813610881567001,0.038881946355104446
5206,3782,1,615,initiation,0.0,0.06833472102880478
5206,3782,1,645,decrease,0.06964166462421417,0.03511250019073486
5206,3782,1,665,initiation,0.0,0.05000694468617439
5206,3782,1,677,decrease,0.06010138988494873,0.029872221872210503
5206,3782,1,692,initiation,0.0,0.03691111132502556
5301,2050,0,128,initiation,0.0,0.35499998927116394
5301,2050,0,140,decrease,0.24000000953674316,0.04349994659423828
5301,2050,0,208,decrease,0.15549945831298828,0.14050006866455078
5301,2050,0,221,initiation,0.0,0.04699993133544922
5301,2050,0,1159,decrease,0.07600021362304688,0.0469970703125
5301,2050,1,124,initiation,0.0,0.5360485911369324
5301,2050,1,137,initiation,0.0,0.0718444436788559
5301,2050,1,208,decrease,0.07672916352748871,0.03808194398880005
5301,2050,1,465,initiation,0.0,0.039783332496881485
5301,2050,1,1179,increase,0.05478750169277191,0.14889027178287506
5301,2050,1,1191,initiation,0.0,0.11406250298023224
5301,2050,1,1335,decrease,0.10136528313159943,0.049405552446842194
5308,5606,0,35,initiation,0.0,0.683305561542511
5308,5606,0,49,initiation,0.0,0.04122083634138107
5308,5606,0,69,decrease,0.15238194167613983,0.07362499833106995
5308,5606,0,81,initiation,0.0,0.11519583314657211
5308,5606,0,169,decrease,0.09500417113304138,0.046061113476753235
5308,5606,0,189,initiation,0.0,0.041644446551799774
5308,5606,0,417,decrease,0.05013333261013031,0.024819444864988327
5308,5606,0,430,increase,0.06508055329322815,0.07898472249507904
5308,5606,0,460,decrease,0.07840833067893982,0.032600000500679016
5308,5606,0,592,decrease,0.08809167146682739,0.04322361201047897
5308,5606,0,852,decrease,0.07990971952676773,0.04048749804496765
5308,5606,0,871,initiation,0.0,0.0391513891518116
5308,5606,0,921,decrease,0.04582639038562775,0.022588888183236122
5308,5606,0,939,decrease,0.06508749723434448,0.031240276992321014
5308,5606,0,983,decrease,0.0765666663646698,0.03681805729866028
5308,5606,0,995,initiation,0.0,0.05971110984683037
5308,5606,0,1194,decrease,0.06235833466053009,0.030363887548446655
5308,5606,0,1206,initiation,0.0,0.05001527816057205
5308,5606,0,1223,decrease,0.05061944201588631,0.025234723463654518
5308,5606,0,1236,initiation,0.0,0.06250138580799103
5308,5606,0,1305,decrease,0.06231944262981415,0.030806943774223328
5308,5606,0,1373,initiation,0.0,0.04367222264409065
5308,5606,1,33,initiation,0.0,0.5555555820465088
5308,5606,1,45,initiation,0.0,0.13510556519031525
5308,5606,1,68,decrease,0.13758888840675354,0.06496667116880417
5308,5606,1,85,initiation,0.0,0.04943888634443283
5308,5606,1,292,decrease,0.06428611278533936,0.04257499799132347
5308,5606,1,404,increase,0.07264444231987,0.09511111676692963
5308,5606,1,435,increase,0.08716250211000443,0.10710833966732025
5308,5606,1,541,decrease,0.11103750765323639,0.0555347241461277
5308,5606,1,553,decrease,0.15788888931274414,0.12808749079704285
5308,5606,1,852,decrease,0.12071527540683746,0.060398612171411514
5308,5606,1,864,initiation,0.0,0.08781388401985168
5308,5606,1,968,decrease,0.09855694323778152,0.048940278589725494
5308,5606,1,980,increase,0.00710277771577239,0.1013902798295021
5308,5606,1,1195,decrease,0.09835277497768402,0.0491027794778347
5308,5606,1,1210,initiation,0.0,0.043994445353746414
5308,5606,1,1306,decrease,0.06471249461174011,0.03163472190499306
5308,5606,1,1326,increase,0.013595832511782646,0.033702779561281204
5308,5606,1,1379,decrease,0.04140138626098633,0.02121666632592678
5308,5606,1,1412,decrease,0.08258888870477676,0.040154166519641876
5322,3169,0,12,initiation,0.0,0.07399582862854004
5322,3169,0,103,decrease,0.06482083350419998,0.032144442200660706
5322,3169,0,115,initiation,0.0,0.0477902814745903
5322,3169,0,213,decrease,0.04691805690526962,0.02386111207306385
5322,3169,0,410,decrease,0.055154167115688324,0.027513887733221054
5322,3169,0,430,increase,0.013975000008940697,0.03342916816473007
5322,3169,0,652,decrease,0.03945833444595337,0.021365277469158173
5322,3169,0,1377,decrease,0.04082222282886505,0.02019166760146618
5322,3169,1,19,initiation,0.0,0.04013333469629288
5322,3169,1,212,decrease,0.04125833511352539,0.02040138840675354
5322,3169,1,224,initiation,0.0,0.06384444236755371
5322,3169,1,319,decrease,0.057709723711013794,0.021586110815405846
5322,3169,1,399,decrease,0.07513472437858582,0.037020836025476456
5322,3169,1,413,stop,0.055262498557567596,0.0
5322,3169,1,425,increase,0.02071666717529297,0.05427638813853264
5322,3169,1,1054,decrease,0.057523611932992935,0.02864166721701622
5322,3169,1,1066,initiation,0.0,0.04684583097696304
5322,3169,1,1165,decrease,0.048387497663497925,0.02493194490671158
5322,3169,1,1213,decrease,0.05823194235563278,0.028477776795625687
5322,3169,1,1225,initiation,0.0,0.04737500101327896
5322,3169,1,1265,decrease,0.048334721475839615,0.023830557242035866
5322,3169,1,1303,increase,0.010533333756029606,0.0290694460272789
5344,1397,0,19,initiation,0.0,0.28477221727371216
5344,1397,0,31,initiation,0.0,0.09367221593856812
5344,1397,0,67,decrease,0.08801250159740448,0.042156945914030075
5344,1397,0,82,initiation,0.0,0.045633330941200256
5344,1397,0,95,decrease,0.051806941628456116,0.02529027685523033
5344,1397,0,107,increase,0.04231388866901398,0.07938194274902344
5344,1397,0,231,decrease,0.06461666524410248,0.03168610855937004
5344,1397,0,243,initiation,0.0,0.0513458326458931
5344,1397,0,257,initiation,0.0,0.036169447004795074
5344,1397,0,746,decrease,0.041600000113248825,0.020048610866069794
5344,1397,0,877,decrease,0.054697223007678986,0.026836112141609192
5344,1397,0,1033,decrease,0.0469847247004509,0.02288472093641758
5344,1397,0,1192,decrease,0.05125416815280914,0.024623611941933632
5344,1397,0,1304,decrease,0.0444013886153698,0.021929165348410606
5344,1397,0,1388,initiation,0.0,0.03821805492043495
5344,1397,0,1435,decrease,0.03833611309528351,0.018177777528762817
5344,1397,0,1453,increase,0.009137500077486038,0.02599305473268032
5344,1397,0,1496,decrease,0.027223611250519753,0.013409721665084362
5344,1397,1,19,initiation,0.0,0.37298333644866943
5344,1397,1,31,initiation,0.0,0.12085555493831635
5344,1397,1,44,decrease,0.11122500151395798,0.05316250026226044
5344,1397,1,67,decrease,0.14969584345817566,0.07135694473981857
5344,1397,1,94,initiation,0.0,0.035859718918800354
5344,1397,1,137,increase,0.03249027580022812,0.06685833632946014
5344,1397,1,880,decrease,0.062429167330265045,0.04230416566133499
5344,1397,1,902,increase,0.0793333351612091,0.10273472964763641
5344,1397,1,1069,decrease,0.09455138444900513,0.04665972292423248
5344,1397,1,1250,decrease,0.08326250314712524,0.06473889201879501
5344,1397,1,1496,decrease,0.08376805484294891,0.04151666536927223
5345,5913,0,19,initiation,0.0,0.6944444179534912
5345,5913,0,31,initiation,0.0,0.08420556038618088
5345,5913,0,129,decrease,0.12645694613456726,0.06138194352388382
5345,5913,0,166,decrease,0.13893473148345947,0.06852222234010696
5345,5913,0,202,decrease,0.1511874943971634,0.07548472285270691
5345,5913,0,214,initiation,0.0,0.12497501075267792
5345,5913,0,362,decrease,0.11331944167613983,0.05737777799367905
5345,5913,0,389,decrease,0.1564013957977295,0.07680000364780426
5345,5913,0,401,increase,0.054172225296497345,0.13043054938316345
5345,5913,0,702,decrease,0.11913888901472092,0.05941527709364891
5345,5913,1,14,initiation,0.0,0.5555555820465088
5345,5913,1,27,initiation,0.0,0.08910833299160004
5345,5913,1,60,decrease,0.11762084066867828,0.057883329689502716
5345,5913,1,80,initiation,0.0,0.04982916638255119
5345,5913,1,203,decrease,0.06097777560353279,0.030298611149191856
5345,5913,1,215,initiation,0.0,0.047252777963876724
5345,5913,1,353,decrease,0.05067083239555359,0.025079164654016495
5345,5913,1,640,decrease,0.06059861183166504,0.03000694327056408
5345,5913,1,701,decrease,0.07196250557899475,0.03509444370865822
5352,2410,0,188,initiation,0.0,0.3326888680458069
5352,2410,0,200,initiation,0.0,0.09166666865348816
5352,2410,0,230,decrease,0.09095416963100433,0.043586112558841705
5352,2410,0,242,increase,0.0345652773976326,0.07055972516536713
5352,2410,0,254,stop,0.07106944918632507,0.0
5352,2410,0,267,initiation,0.0,0.03594027832150459
5352,2410,0,379,decrease,0.03918055444955826,0.018969444558024406
5352,2410,0,397,increase,0.011002778075635433,0.025759723037481308
5352,2410,0,559,decrease,0.027783334255218506,0.012391666881740093
5352,2410,0,1111,decrease,0.03314444422721863,0.016494445502758026
5352,2410,0,1125,increase,0.01045694388449192,0.02602499909698963
5352,2410,0,1207,decrease,0.027529167011380196,0.013443055562675
5352,2410,1,188,initiation,0.0,0.1676347255706787
5352,2410,1,201,initiation,0.0,0.0373263880610466
5352,2410,1,230,decrease,0.060837503522634506,0.030072223395109177
5352,2410,1,242,initiation,0.0,0.04973472282290459
5352,2410,1,254,stop,0.04970555379986763,0.0
5352,2410,1,554,increase,0.027852777391672134,0.05641666799783707
5352,2410,1,567,initiation,0.0,0.05523750185966492
5352,2410,1,610,decrease,0.053276389837265015,0.025941666215658188
5352,2410,1,653,initiation,0.0,0.03583750128746033
5352,2410,1,697,decrease,0.0494319424033165,0.02457638829946518
5352,2410,1,709,initiation,0.0,0.040631942451000214
5352,2410,1,808,decrease,0.0415569469332695,0.020876388996839523
5352,2410,1,892,decrease,0.048904165625572205,0.024086110293865204
5352,2410,1,904,initiation,0.0,0.04065833240747452
5352,2410,1,933,decrease,0.04111805558204651,0.020330555737018585
5352,2410,1,949,increase,0.013437500223517418,0.03239722177386284
5352,2410,1,1207,decrease,0.030334722250699997,0.010316666215658188
5352,2410,1,1219,decrease,0.03592916578054428,0.017309723421931267
5360,1935,0,32,initiation,0.0,0.6944444179534912
5360,1935,0,44,initiation,0.0,0.07841666787862778
5360,1935,0,138,decrease,0.1338222324848175,0.06443888694047928
5360,1935,0,160,initiation,0.0,0.0539291650056839
5360,1935,0,624,decrease,0.05780694633722305,0.028266666457057
5360,1935,0,1511,decrease,0.0534166656434536,0.026609722524881363
5360,1935,0,1676,decrease,0.05272778123617172,0.026051389053463936
5360,1935,0,1801,decrease,0.06560000032186508,0.03210277855396271
5360,1935,0,2471,decrease,0.030904166400432587,0.01511805597692728
5360,1935,0,2493,decrease,0.054131947457790375,0.02661111019551754
5360,1935,0,2563,decrease,0.04450139030814171,0.021731944754719734
5360,1935,0,2577,increase,0.015005555003881454,0.03345416486263275
5360,1935,0,2777,decrease,0.03526249900460243,0.017194444313645363
5360,1935,0,2789,increase,0.01684027723968029,0.04540416598320007
5360,1935,0,2964,decrease,0.04210972040891647,0.02036111056804657
5360,1935,0,2984,increase,0.010494444519281387,0.025172222405672073
5360,1935,0,3005,decrease,0.025615278631448746,0.012506945058703423
5360,1935,1,25,initiation,0.0,0.5555555820465088
5360,1935,1,40,initiation,0.0,0.08438055217266083
5360,1935,1,72,decrease,0.09732361137866974,0.07805833965539932
5360,1935,1,147,decrease,0.09386111050844193,0.04585833474993706
5360,1935,1,987,decrease,0.08558055758476257,0.042375002056360245
5360,1935,1,999,increase,0.033884722739458084,0.10751527547836304
5360,1935,1,1179,decrease,0.1030527800321579,0.05085138604044914
5360,1935,1,1204,initiation,0.0,0.041244447231292725
5360,1935,1,1739,decrease,0.05986250191926956,0.029705556109547615
5360,1935,1,2188,decrease,0.05966389179229736,0.029580555856227875
5360,1935,1,2205,decrease,0.07043194770812988,0.03569166734814644
5360,1935,1,2217,stop,0.038809724152088165,0.0
5360,1935,1,2229,decrease,0.3457597494125366,0.08269582688808441
5360,1935,1,2420,decrease,0.08570277690887451,0.04226110875606537
5360,1935,1,2964,decrease,0.08607222139835358,0.042080555111169815
5360,1935,1,2976,increase,0.030740277841687202,0.07399722188711166
5388,5605,0,93,initiation,0.0,0.6944444179534912
5388,5605,0,105,initiation,0.0,0.10241527855396271
5388,5605,0,120,decrease,0.12049444019794464,0.05688055232167244
5388,5605,0,137,initiation,0.0,0.05799722671508789
5388,5605,0,330,increase,0.05186805874109268,0.20926666259765625
5388,5605,0,385,increase,0.012220833450555801,0.026533333584666252
5388,5605,0,485,increase,0.031381942331790924,0.04733194410800934
5388,5605,0,501,increase,0.03104860894382,0.05349583178758621
5388,5605,0,791,decrease,0.05414305627346039,0.026241665706038475
5388,5605,0,1048,decrease,0.05200972408056259,0.026561111211776733
5388,5605,0,1060,initiation,0.0,0.051866669207811356
5388,5605,0,1072,stop,0.08958889544010162,0.0
5388,5605,0,1084,stop,0.07643333077430725,0.0
5388,5605,0,1520,decrease,0.06420694291591644,0.032212499529123306
5388,5605,0,1537,initiation,0.0,0.03981389105319977
5388,5605,0,1774,decrease,0.0465611107647419,0.02312222309410572
5388,5605,0,1792,increase,0.014155556447803974,0.030802778899669647
5388,5605,0,1871,decrease,0.035059720277786255,0.016859721392393112
5388,5605,1,92,initiation,0.0,0.5555555820465088
5388,5605,1,106,initiation,0.0,0.07549028098583221
5388,5605,1,121,decrease,0.08165000379085541,0.03938055410981178
5388,5605,1,141,initiation,0.0,0.042201388627290726
5388,5605,1,332,decrease,0.042872220277786255,0.022131945937871933
5388,5605,1,459,increase,0.014883332885801792,0.03427083045244217
5388,5605,1,478,increase,0.01725138910114765,0.038972221314907074
5388,5605,1,490,stop,0.04501666873693466,0.0
5388,5605,1,817,decrease,0.05153333395719528,0.025047222152352333
5388,5605,1,829,initiation,0.0,0.039791665971279144
5388,5605,1,1048,decrease,0.04254166781902313,0.0216361116617918
5388,5605,1,1060,increase,0.009990277700126171,0.06435416638851166
5388,5605,1,1074,initiation,0.0,0.07370972633361816
5388,5605,1,1086,stop,0.039194442331790924,0.0
5388,5605,1,1112,decrease,0.057127781212329865,0.022588888183236122
5388,5605,1,1575,decrease,0.0682833343744278,0.033245835453271866
5388,5605,1,1590,initiation,0.0,0.040037497878074646
5388,5605,1,1800,decrease,0.05027361214160919,0.025159722194075584
5407,1366,0,103,initiation,0.0,0.6701138615608215
5407,1366,0,115,initiation,0.0,0.08474861085414886
5407,1366,0,131,decrease,0.11123611032962799,0.053938888013362885
5407,1366,0,144,initiation,0.0,0.06115833669900894
5407,1366,0,164,decrease,0.06832917034626007,0.03550555557012558
5407,1366,0,347,decrease,0.06451527774333954,0.03160000219941139
5407,1366,0,464,decrease,0.07173889130353928,0.03560277819633484
5407,1366,0,560,decrease,0.061556942760944366,0.030269445851445198
5407,1366,0,720,decrease,0.05576249957084656,0.02740277722477913
5407,1366,0,776,decrease,0.07091666758060455,0.03457777947187424
5407,1366,0,788,initiation,0.0,0.053781941533088684
5407,1366,0,1059,decrease,0.05450555682182312,0.026483334600925446
5407,1366,1,94,initiation,0.0,0.5555555820465088
5407,1366,1,107,initiation,0.0,0.047002777457237244
5407,1366,1,131,decrease,0.10908333212137222,0.053252775222063065
5407,1366,1,146,initiation,0.0,0.055399999022483826
5407,1366,1,336,decrease,0.06451527774333954,0.03304722160100937
5407,1366,1,629,decrease,0.073512502014637,0.03671944513916969
5407,1366,1,643,stop,0.054379165172576904,0.0
5407,1366,1,655,initiation,0.0,0.04936249926686287
5407,1366,1,986,decrease,0.05486111342906952,0.027387499809265137
5407,1366,1,1060,decrease,0.06449166685342789,0.03211250156164169
5407,1366,1,1077,initiation,0.0,0.03954583406448364
5407,1366,1,1104,decrease,0.042520832270383835,0.021115276962518692
5434,2754,0,12,initiation,0.0,1.3588874340057373
5434,2754,0,24,initiation,0.0,0.1523958444595337
5434,2754,0,72,decrease,0.1329069435596466,0.06568055599927902
5434,2754,0,84,initiation,0.0,0.03718888759613037
5434,2754,0,220,decrease,0.07392916828393936,0.03875555470585823
5434,2754,0,286,decrease,0.08777916431427002,0.04314166679978371
5434,2754,0,298,initiation,0.0,0.06826944649219513
5434,2754,0,335,decrease,0.06722778081893921,0.032733336091041565
5434,2754,0,347,initiation,0.0,0.04340694472193718
5434,2754,0,396,decrease,0.05050555616617203,0.02902499958872795
5434,2754,0,580,decrease,0.05887361243367195,0.0290666650980711
5434,2754,0,827,decrease,0.05710555613040924,0.02836666628718376
5434,2754,0,876,increase,0.012898610904812813,0.0337444469332695
5434,2754,0,920,decrease,0.03510972112417221,0.01821249909698963
5434,2754,0,964,increase,0.014451388269662857,0.03233610838651657
5434,2754,0,996,decrease,0.03382638841867447,0.01662222295999527
5434,2754,1,12,initiation,0.0,0.28652915358543396
5434,2754,1,24,initiation,0.0,0.08400416374206543
5434,2754,1,288,decrease,0.06695693731307983,0.0334986113011837
5434,2754,1,300,increase,0.022318055853247643,0.05609722062945366
5434,2754,1,312,stop,0.05648055672645569,0.0
5434,2754,1,324,increase,0.01692499965429306,0.046488888561725616
5434,2754,1,346,decrease,0.047786109149456024,0.02395833283662796
5434,2754,1,358,initiation,0.0,0.03819166496396065
5434,2754,1,382,decrease,0.03927222266793251,0.019122222438454628
5434,2754,1,403,initiation,0.0,0.04147361218929291
5434,2754,1,540,decrease,0.0447833314538002,0.022491667419672012
5434,2754,1,561,decrease,0.06152360886335373,0.03068472258746624
5434,2754,1,586,decrease,0.07014860957860947,0.034356944262981415
5434,2754,1,603,decrease,0.07914583384990692,0.038273610174655914
5434,2754,1,828,decrease,0.08354166895151138,0.04132499918341637
5434,2754,1,840,initiation,0.0,0.05376388877630234
5434,2754,1,886,decrease,0.06536805629730225,0.032669443637132645
5434,2754,1,928,initiation,0.0,0.05055694282054901
5434,2754,1,992,decrease,0.05288194119930267,0.026595832780003548
5439,4963,0,133,initiation,0.0,0.6944444179534912
5439,4963,0,145,initiation,0.0,0.07023750245571136
5439,4963,0,158,decrease,0.13844583928585052,0.06640972197055817
5439,4963,0,182,initiation,0.0,0.04570694640278816
5439,4963,0,227,decrease,0.05143611133098602,0.026004165410995483
5439,4963,0,325,decrease,0.056962497532367706,0.027888888493180275
5439,4963,0,351,increase,0.013433333486318588,0.027795832604169846
5439,4963,0,387,decrease,0.02873055636882782,0.014884722419083118
5439,4963,0,399,increase,0.03359166905283928,0.07152222096920013
5439,4963,0,591,increase,0.05950833112001419,0.08451806008815765
5439,4963,0,603,initiation,0.0,0.05541389063000679
5439,4963,0,615,initiation,0.0,0.10311944037675858
5439,4963,0,627,stop,0.11238611489534378,0.0
5439,4963,0,639,initiation,0.0,0.0807555615901947
5439,4963,0,764,decrease,0.07548750191926956,0.03734583407640457
5439,4963,0,868,decrease,0.07326667010784149,0.03652361407876015
5439,4963,0,880,initiation,0.0,0.05781249701976776
5439,4963,0,899,decrease,0.05935416743159294,0.029484722763299942
5439,4963,0,923,increase,0.012787499465048313,0.03234028071165085
5439,4963,0,1360,decrease,0.04433472454547882,0.022023610770702362
5439,4963,1,133,initiation,0.0,0.5555555820465088
5439,4963,1,148,initiation,0.0,0.04153472185134888
5439,4963,1,160,stop,0.09412360936403275,0.0
5439,4963,1,181,initiation,0.0,0.04049722105264664
5439,4963,1,227,decrease,0.042391665279865265,0.021074999123811722
5439,4963,1,425,decrease,0.05103055760264397,0.0251291673630476
5439,4963,1,437,increase,0.0182972215116024,0.04416527599096298
5439,4963,1,594,decrease,0.04556805640459061,0.02240000106394291
5439,4963,1,1082,decrease,0.04210555553436279,0.020495833829045296
5439,4963,1,1094,decrease,0.07067916542291641,0.036662500351667404
5439,4963,1,1170,decrease,0.0507916659116745,0.02477777749300003
5439,4963,1,1360,decrease,0.04682639241218567,0.023044442757964134
5463,2713,0,42,initiation,0.0,0.4376041889190674
5463,2713,0,54,initiation,0.0,0.0966208353638649
5463,2713,0,66,decrease,0.10236527770757675,0.06610972434282303
5463,2713,0,78,stop,0.11127500236034393,0.0
5463,2713,0,97,initiation,0.0,0.044070832431316376
5463,2713,0,240,decrease,0.044656943529844284,0.022155554965138435
5463,2713,0,252,initiation,0.0,0.03523194417357445
5463,2713,0,308,decrease,0.034869447350502014,0.017340276390314102
5463,2713,0,345,initiation,0.0,0.04360416531562805
5463,2713,0,430,decrease,0.04175833240151405,0.02872638963162899
5463,2713,0,503,decrease,0.050769444555044174,0.025318056344985962
5463,2713,0,527,decrease,0.05823194608092308,0.029404165223240852
5463,2713,0,603,decrease,0.06699444353580475,0.03399444371461868
5463,2713,0,677,decrease,0.07633888721466064,0.037037499248981476
5463,2713,0,689,initiation,0.0,0.059401385486125946
5463,2713,0,755,decrease,0.05935138836503029,0.029531944543123245
5463,2713,0,767,initiation,0.0,0.044981949031353
5463,2713,0,1122,decrease,0.048524998128414154,0.02376111038029194
5463,2713,1,36,initiation,0.0,0.5555555820465088
5463,2713,1,50,initiation,0.0,0.06706944108009338
5463,2713,1,75,decrease,0.0845833271741867,0.041886113584041595
5463,2713,1,98,initiation,0.0,0.036601386964321136
5463,2713,1,240,decrease,0.04516666755080223,0.022629166021943092
5463,2713,1,308,decrease,0.04219583421945572,0.02086944505572319
5463,2713,1,320,initiation,0.0,0.03631805628538132
5463,2713,1,340,stop,0.036694444715976715,0.0
5463,2713,1,429,decrease,0.04558749869465828,0.02291250042617321
5463,2713,1,503,decrease,0.05315277725458145,0.02742222137749195
5463,2713,1,525,decrease,0.06187361106276512,0.03095138818025589
5463,2713,1,537,increase,0.05618888884782791,0.08189444243907928
5463,2713,1,885,decrease,0.07559583336114883,0.037429165095090866
5463,2713,1,897,initiation,0.0,0.04681527614593506
5463,2713,1,1122,decrease,0.05986666679382324,0.02998194471001625
5469,1184,0,12,initiation,0.0,1.1560735702514648
5469,1184,0,24,initiation,0.0,0.18982084095478058
5469,1184,0,36,stop,0.1830861121416092,0.0
5469,1184,0,56,initiation,0.0,0.06498333066701889
5469,1184,0,188,increase,0.049929164350032806,0.0699986070394516
5469,1184,0,208,decrease,0.06779305636882782,0.032991666346788406
5469,1184,0,220,increase,0.07782500237226486,0.09309305995702744
5469,1184,0,247,decrease,0.0863194465637207,0.05499166622757912
5469,1184,0,515,decrease,0.07961805164813995,0.03978611156344414
5469,1184,0,940,decrease,0.07514583319425583,0.036190275102853775
5469,1184,0,964,decrease,0.06411249935626984,0.031583331525325775
5469,1184,0,976,increase,0.023520832881331444,0.05242361128330231
5469,1184,1,12,stop,1.1111111640930176,0.0
5469,1184,1,66,decrease,0.11015138030052185,0.05474722012877464
5469,1184,1,78,initiation,0.0,0.08713611215353012
5469,1184,1,207,decrease,0.08686389029026031,0.06455972045660019
5469,1184,1,421,decrease,0.1072624996304512,0.05242222175002098
5469,1184,1,433,increase,0.05032221972942352,0.10753194987773895
5469,1184,1,552,decrease,0.1055680513381958,0.0522402748465538
5469,1184,1,564,initiation,0.0,0.0825124979019165
5469,1184,1,593,increase,0.06650139391422272,0.09444443881511688
5469,1184,1,654,decrease,0.093770831823349,0.05103472247719765
5469,1184,1,699,decrease,0.1031888872385025,0.03383889049291611
5469,1184,1,731,decrease,0.11646667122840881,0.057968053966760635
5469,1184,1,856,decrease,0.1121416687965393,0.055929169058799744
5469,1184,1,868,initiation,0.0,0.11232222616672516
5469,1184,1,979,decrease,0.11176805198192596,0.055501386523246765
5486,3703,0,256,initiation,0.0,0.12745139002799988
5486,3703,0,268,initiation,0.0,0.08947639167308807
5486,3703,0,280,increase,0.04617639258503914,0.0886722207069397
5486,3703,0,835,decrease,0.05345555394887924,0.02671111188828945
5486,3703,0,1179,decrease,0.052041664719581604,0.02571944333612919
5486,3703,0,1191,initiation,0.0,0.04228055477142334
5486,3703,0,1217,decrease,0.04307500272989273,0.021054167300462723
5486,3703,1,213,initiation,0.0,0.5200527906417847
5486,3703,1,679,increase,0.011477777734398842,0.033556945621967316
5486,3703,1,981,initiation,0.0,0.03564583510160446
5548,3528,0,73,decrease,0.08652360737323761,0.04283055290579796
5548,3528,0,87,initiation,0.0,0.04632500186562538
5548,3528,0,656,decrease,0.04803749918937683,0.024223610758781433
5548,3528,1,70,decrease,0.07908888906240463,0.03950972110033035
5548,3528,1,171,initiation,0.0,0.03621527925133705
5548,3528,1,183,initiation,0.0,0.08688195049762726
5548,3528,1,195,stop,0.08605694025754929,0.0
5548,3528,1,218,initiation,0.0,0.04329860955476761
5548,3528,1,656,decrease,0.04713333398103714,0.02295694313943386
5558,4849,0,115,initiation,0.0,0.4278097450733185
5558,4849,0,127,initiation,0.0,0.04248333349823952
5558,4849,0,148,decrease,0.08114027976989746,0.03914999961853027
5558,4849,0,160,initiation,0.0,0.0468277782201767
5558,4849,0,219,decrease,0.05001527816057205,0.03604583442211151
5558,4849,0,248,decrease,0.054286111146211624,0.026718053966760635
5558,4849,0,657,decrease,0.049016669392585754,0.024331944063305855
5558,4849,0,735,decrease,0.03983888775110245,0.01964166760444641
5558,4849,0,922,decrease,0.0361500009894371,0.018149999901652336
5558,4849,0,935,increase,0.014054167084395885,0.029030557721853256
5558,4849,0,992,increase,0.019401388242840767,0.045706942677497864
5558,4849,0,1044,increase,0.011237499304115772,0.027258332818746567
5558,4849,1,116,initiation,0.0,0.5555555820465088
5558,4849,1,128,initiation,0.0,0.12559166550636292
5558,4849,1,151,decrease,0.11073888838291168,0.05358472466468811
5558,4849,1,164,initiation,0.0,0.056595832109451294
5558,4849,1,941,decrease,0.0683152824640274,0.03379722312092781
5558,4849,1,953,initiation,0.0,0.050991665571928024
5558,4849,1,1066,decrease,0.05517221987247467,0.027495834976434708
5560,5013,0,107,initiation,0.0,0.6944444179534912
5560,5013,0,123,decrease,0.07522222399711609,0.031179165467619896
5560,5013,0,135,stop,0.16574443876743317,0.0
5560,5013,0,155,initiation,0.0,0.06734444200992584
5560,5013,0,167,increase,0.010736111551523209,0.0833124965429306
5560,5013,0,211,decrease,0.07711249589920044,0.03829027712345123
5560,5013,0,352,decrease,0.07770000398159027,0.03718055784702301
5560,5013,0,364,initiation,0.0,0.0653708279132843
5560,5013,0,377,decrease,0.07523471862077713,0.03705277666449547
5560,5013,0,570,decrease,0.08143888413906097,0.039491668343544006
5560,5013,0,582,initiation,0.0,0.06380833685398102
5560,5013,0,622,decrease,0.06479860842227936,0.03245000168681145
5560,5013,0,634,decrease,0.06528610736131668,0.0329652801156044
5560,5013,0,646,increase,0.04061666503548622,0.08269999921321869
5560,5013,0,669,decrease,0.08153055608272552,0.0402444452047348
5560,5013,0,686,initiation,0.0,0.04486111178994179
5560,5013,1,106,initiation,0.0,0.5555555820465088
5560,5013,1,118,initiation,0.0,0.08597777783870697
5560,5013,1,133,decrease,0.12226666510105133,0.058558329939842224
5560,5013,1,151,initiation,0.0,0.049663886427879333
5560,5013,1,209,decrease,0.05830416828393936,0.029047220945358276
5560,5013,1,221,decrease,0.0762944445014,0.031712498515844345
5560,5013,1,361,decrease,0.0875374972820282,0.04417916759848595
5560,5013,1,380,decrease,0.10066527873277664,0.053913891315460205
5560,5013,1,406,decrease,0.11106249690055847,0.06563333421945572
5560,5013,1,425,decrease,0.12117500603199005,0.05977221950888634
5560,5013,1,437,initiation,0.0,0.09329305589199066
5560,5013,1,484,decrease,0.0960458368062973,0.04753333330154419
5560,5013,1,496,initiation,0.0,0.07105833292007446
5560,5013,1,569,decrease,0.07674583792686462,0.03797638788819313
5560,5013,1,581,initiation,0.0,0.06314166635274887
5560,5013,1,602,decrease,0.06516805291175842,0.03026527911424637
5560,5013,1,618,initiation,0.0,0.0403069444000721
5560,5013,1,749,increase,0.01489999983459711,0.0346333310008049
5566,2240,0,16,initiation,0.0,0.4262791574001312
5566,2240,0,28,initiation,0.0,0.04141527786850929
5566,2240,0,50,decrease,0.1223958358168602,0.05988055467605591
5566,2240,0,86,increase,0.01253472175449133,0.03416944295167923
5566,2240,0,99,decrease,0.034206945449113846,0.016477778553962708
5566,2240,0,162,decrease,0.043529167771339417,0.02157638780772686
5566,2240,0,181,decrease,0.05528610944747925,0.029202776029706
5566,2240,0,206,initiation,0.0,0.045249998569488525
5566,2240,0,218,decrease,0.0516388863325119,0.0062597221694886684
5566,2240,0,230,increase,0.020758332684636116,0.07560277730226517
5566,2240,0,324,decrease,0.06736111640930176,0.03357916697859764
5566,2240,0,486,decrease,0.07045139372348785,0.03452083095908165
5566,2240,0,498,initiation,0.0,0.05672638863325119
5566,2240,0,708,decrease,0.058101389557123184,0.028490278869867325
5566,2240,0,846,decrease,0.057595834136009216,0.02830694429576397
5566,2240,0,858,initiation,0.0,0.04427361488342285
5566,2240,0,1430,decrease,0.04709166660904884,0.023377778008580208
5566,2240,1,15,initiation,0.0,0.24584999680519104
5566,2240,1,30,initiation,0.0,0.06794722378253937
5566,2240,1,50,decrease,0.07156527787446976,0.034659720957279205
5566,2240,1,75,initiation,0.0,0.037731945514678955
5566,2240,1,213,decrease,0.03912083059549332,0.018676389008760452
5566,2240,1,229,increase,0.01229166705161333,0.031181946396827698
5566,2240,1,493,decrease,0.03309861198067665,0.004119444638490677
5566,2240,1,522,initiation,0.0,0.04530972242355347
5566,2240,1,741,decrease,0.04565972089767456,0.023012500256299973
5566,2240,1,904,decrease,0.051600001752376556,0.025586111471056938
5566,2240,1,934,decrease,0.05870833247900009,0.030415277928113937
5566,2240,1,1028,decrease,0.06444583833217621,0.03197639063000679
5566,2240,1,1083,decrease,0.06479860842227936,0.03232777491211891
5566,2240,1,1124,decrease,0.0716041624546051,0.035875000059604645
5566,2240,1,1136,increase,0.02515277825295925,0.06327222287654877
5566,2240,1,1265,decrease,0.06508611142635345,0.031441666185855865
5566,2240,1,1279,initiation,0.0,0.041788890957832336
5566,2240,1,1291,stop,0.049173612147569656,0.0
5566,2240,1,1460,decrease,0.04439305514097214,0.022279167547822
5578,4480,0,126,initiation,0.0,0.6944444179534912
5578,4480,0,138,initiation,0.0,0.11512639373540878
5578,4480,0,626,decrease,0.07035277783870697,0.035119444131851196
5578,4480,0,657,decrease,0.0843430608510971,0.04199722409248352
5578,4480,0,669,initiation,0.0,0.09782500565052032
5578,4480,0,681,stop,0.048265278339385986,0.0
5578,4480,0,693,initiation,0.0,0.09461666643619537
5578,4480,0,710,decrease,0.09457499533891678,0.04702360928058624
5578,4480,0,728,decrease,0.1081722229719162,0.05749444663524628
5578,4480,0,770,decrease,0.117679163813591,0.058480553328990936
5578,4480,0,782,initiation,0.0,0.08427639305591583
5578,4480,0,991,decrease,0.08459582924842834,0.04207361117005348
5578,4480,0,1003,increase,0.032777778804302216,0.0696638822555542
5578,4480,0,1015,increase,0.022334720939397812,0.08493193984031677
5578,4480,0,1163,decrease,0.08380000293254852,0.04114722087979317
5578,4480,0,1175,initiation,0.0,0.06833333522081375
5578,4480,0,1249,decrease,0.07037360966205597,0.03498055785894394
5578,4480,0,1295,decrease,0.07111944258213043,0.03549027815461159
5578,4480,0,1307,initiation,0.0,0.05630277842283249
5578,4480,0,1341,decrease,0.058141667395830154,0.028416665270924568
5578,4480,0,1353,initiation,0.0,0.043800000101327896
5578,4480,0,1446,decrease,0.04895694553852081,0.0241486094892025
5578,4480,0,1460,initiation,0.0,0.03566388785839081
5578,4480,0,1553,decrease,0.039855554699897766,0.019504167139530182
5578,4480,1,119,initiation,0.0,0.5555555820465088
5578,4480,1,131,initiation,0.0,0.0796361118555069
5578,4480,1,288,decrease,0.09331527352333069,0.04592221975326538
5578,4480,1,438,initiation,0.0,0.041212499141693115
5578,4480,1,465,decrease,0.04024861007928848,0.019168054684996605
5578,4480,1,477,increase,0.006562499795109034,0.03193333372473717
5578,4480,1,489,increase,0.02837499976158142,0.10842777788639069
5578,4480,1,501,stop,0.10687777400016785,0.0
5578,4480,1,527,decrease,0.1211305558681488,0.08514165878295898
5578,4480,1,539,decrease,0.13314445316791534,0.08522916585206985
5578,4480,1,560,decrease,0.13663750886917114,0.06721944361925125
5578,4480,1,575,initiation,0.0,0.07499166578054428
5578,4480,1,587,initiation,0.0,0.135940283536911
5578,4480,1,625,decrease,0.13339999318122864,0.0647749975323677
5578,4480,1,637,initiation,0.0,0.07936528325080872
5578,4480,1,678,decrease,0.09977082908153534,0.06074722483754158
5578,4480,1,707,decrease,0.11156528443098068,0.05630694329738617
5578,4480,1,741,decrease,0.13242223858833313,0.0691041648387909
5578,4480,1,770,decrease,0.15347915887832642,0.07613611221313477
5578,4480,1,789,initiation,0.0,0.06505139172077179
5578,4480,1,991,decrease,0.09095555543899536,0.045654162764549255
5578,4480,1,1003,increase,0.033399999141693115,0.08156666159629822
5578,4480,1,1015,increase,0.052104171365499496,0.09191527962684631
5578,4480,1,1124,decrease,0.09187222272157669,0.04617916792631149
5578,4480,1,1136,initiation,0.0,0.09494027495384216
5578,4480,1,1343,decrease,0.09203194081783295,0.045436110347509384
5578,4480,1,1355,initiation,0.0,0.06644583493471146
5578,4480,1,1385,decrease,0.07093611359596252,0.03444860875606537
5578,4480,1,1397,initiation,0.0,0.05871666222810745
5578,4480,1,1531,decrease,0.06362222135066986,0.031559720635414124
5578,4480,1,1548,initiation,0.0,0.039190277457237244
5578,4480,1,1587,decrease,0.04308055341243744,0.021025000140070915
5608,5221,0,47,initiation,0.0,0.47112083435058594
5608,5221,0,59,initiation,0.0,0.10243333876132965
5608,5221,0,168,initiation,0.0,0.04158055782318115
5608,5221,0,225,decrease,0.03832083195447922,0.018827777355909348
5608,5221,0,255,decrease,0.0484541691839695,0.02396249957382679
5608,5221,0,272,increase,0.013463889248669147,0.034098610281944275
5608,5221,0,338,decrease,0.032713890075683594,0.016009721904993057
5608,5221,0,378,decrease,0.044022224843502045,0.030465276911854744
5608,5221,0,526,decrease,0.04567499831318855,0.022281942889094353
5608,5221,0,538,initiation,0.0,0.036520831286907196
5608,5221,0,762,decrease,0.036690279841423035,0.018211111426353455
5608,5221,0,1168,increase,0.03004305623471737,0.04679583013057709
5608,5221,0,1290,decrease,0.044215280562639236,0.021743055433034897
5608,5221,0,1336,decrease,0.038288891315460205,0.018788889050483704
5608,5221,0,1349,increase,0.014665277674794197,0.030945833772420883
5608,5221,0,1387,decrease,0.031604163348674774,0.015219444409012794
5608,5221,1,46,initiation,0.0,0.09423471987247467
5608,5221,1,58,initiation,0.0,0.07950000464916229
5608,5221,1,166,increase,0.010734722018241882,0.02983194589614868
5608,5221,1,231,increase,0.01702638901770115,0.046395834535360336
5608,5221,1,255,decrease,0.05016666650772095,0.02462916634976864
5608,5221,1,337,increase,0.017145834863185883,0.1397930532693863
5608,5221,1,349,initiation,0.0,0.05448194593191147
5608,5221,1,377,decrease,0.05042777955532074,0.02520138956606388
5608,5221,1,526,decrease,0.06385138630867004,0.03130972012877464
5608,5221,1,540,initiation,0.0,0.03862083703279495
5608,5221,1,716,decrease,0.0472986102104187,0.02317500114440918
5608,5221,1,739,increase,0.009320833720266819,0.027979165315628052
5608,5221,1,954,initiation,0.0,0.05652777850627899
5608,5221,1,1170,decrease,0.03321666643023491,0.012111111544072628
5608,5221,1,1232,increase,0.011393055319786072,0.03280000016093254
5616,3947,0,53,initiation,0.0,0.6944444179534912
5616,3947,0,65,initiation,0.0,0.07718055695295334
5616,3947,0,85,decrease,0.16327083110809326,0.07881388813257217
5616,3947,0,102,initiation,0.0,0.04003055766224861
5616,3947,0,115,decrease,0.08628889173269272,0.042669445276260376
5616,3947,0,127,initiation,0.0,0.06107083335518837
5616,3947,0,368,decrease,0.051411114633083344,0.026402778923511505
5616,3947,0,380,increase,0.011180555447936058,0.11474722623825073
5616,3947,0,1045,decrease,0.08369027823209763,0.041749998927116394
5616,3947,1,49,initiation,0.0,0.5555555820465088
5616,3947,1,62,initiation,0.0,0.08378888666629791
5616,3947,1,85,decrease,0.09640693664550781,0.04639861360192299
5616,3947,1,111,initiation,0.0,0.03647083789110184
5616,3947,1,166,decrease,0.039319444447755814,0.019562499597668648
5616,3947,1,178,initiation,0.0,0.06041805446147919
5616,3947,1,367,decrease,0.056429166346788406,0.02814166620373726
5616,3947,1,379,initiation,0.0,0.08737361431121826
5616,3947,1,937,decrease,0.07978472113609314,0.039702776819467545
5616,3947,1,949,initiation,0.0,0.06620277464389801
5616,3947,1,998,decrease,0.06864166259765625,0.034106943756341934
5616,3947,1,1045,decrease,0.08112916350364685,0.040013886988162994
5616,3947,1,1059,initiation,0.0,0.04770972207188606
5616,3947,1,1087,decrease,0.05583472549915314,0.027824999764561653
5616,3947,1,1112,increase,0.009718055836856365,0.032568056136369705
5616,3947,1,1139,stop,0.035377778112888336,0.0
5662,986,0,25,initiation,0.0,0.6944444179534912
5662,986,0,37,initiation,0.0,0.09895417094230652
5662,986,0,106,decrease,0.10620972514152527,0.0512361116707325
5662,986,0,120,initiation,0.0,0.0576055534183979
5662,986,0,572,decrease,0.05535277724266052,0.027630554512143135
5662,986,0,598,decrease,0.07044722139835358,0.03500138968229294
5662,986,0,610,initiation,0.0,0.055275000631809235
5662,986,0,643,decrease,0.053558334708213806,0.026462499052286148
5662,986,1,23,initiation,0.0,0.35622638463974
5662,986,1,35,initiation,0.0,0.07740138471126556
5662,986,1,105,decrease,0.0722472220659256,0.03558889031410217
5662,986,1,329,initiation,0.0,0.04683750122785568
5662,986,1,344,decrease,0.057970836758613586,0.029148610308766365
5662,986,1,377,decrease,0.06409305334091187,0.031820833683013916
5662,986,1,391,increase,0.03868333250284195,0.08482500165700912
5662,986,1,598,decrease,0.07833333313465118,0.038745831698179245
5662,986,1,633,increase,0.014045833609998226,0.035216666758060455
5662,986,1,647,stop,0.03704027831554413,0.0
5662,986,1,700,decrease,0.05345555767416954,0.02638888917863369
5669,2672,0,12,initiation,0.0,0.08739722520112991
5669,2672,0,27,increase,0.14563195407390594,0.23916666209697723
5669,2672,0,82,increase,0.013031944632530212,0.03451527655124664
5669,2672,0,94,initiation,0.0,0.045036111027002335
5669,2672,0,106,stop,0.14116111397743225,0.0
5669,2672,0,133,decrease,0.10853472352027893,0.053587500005960464
5669,2672,0,145,initiation,0.0,0.08140832930803299
5669,2672,0,280,decrease,0.07441110908985138,0.05486944317817688
5669,2672,0,480,decrease,0.07594722509384155,0.037801388651132584
5669,2672,0,527,decrease,0.06594027578830719,0.032430555671453476
5669,2672,0,539,initiation,0.0,0.0521513894200325
5669,2672,0,563,decrease,0.05395139008760452,0.026741666719317436
5669,2672,0,968,decrease,0.06549583375453949,0.032620832324028015
5669,2672,0,980,stop,0.047943055629730225,0.0
5669,2672,0,992,increase,0.03009027987718582,0.0919250026345253
5669,2672,0,1033,decrease,0.09257499873638153,0.04597222059965134
5669,2672,0,1096,decrease,0.10071110725402832,0.049808330833911896
5669,2672,0,1108,increase,0.037244442850351334,0.08450417220592499
5669,2672,0,1150,decrease,0.08425000309944153,0.04100833088159561
5669,2672,0,1162,initiation,0.0,0.06898611038923264
5669,2672,0,1174,stop,0.06882500648498535,0.0
5669,2672,0,1186,increase,0.023501388728618622,0.05447082966566086
5669,2672,0,1270,decrease,0.05993610993027687,0.028684722259640694
5669,2672,0,1282,initiation,0.0,0.05232638865709305
5669,2672,0,1515,decrease,0.062162499874830246,0.030512500554323196
5669,2672,0,1533,initiation,0.0,0.05152639001607895
5669,2672,0,1644,decrease,0.06224583089351654,0.030518054962158203
5669,2672,1,12,increase,0.1042138859629631,0.16549444198608398
5669,2672,1,84,decrease,0.12362639605998993,0.09304444491863251
5669,2672,1,103,decrease,0.13780555129051208,0.06857777386903763
5669,2672,1,115,initiation,0.0,0.09613888710737228
5669,2672,1,127,initiation,0.0,0.0849541649222374
5669,2672,1,150,initiation,0.0,0.037873610854148865
5669,2672,1,169,increase,0.013563888147473335,0.032108332961797714
5669,2672,1,220,increase,0.04442916810512543,0.2223111093044281
5669,2672,1,246,initiation,0.0,0.05733055621385574
5669,2672,1,258,increase,0.10054028034210205,0.15752223134040833
5669,2672,1,279,decrease,0.1511416733264923,0.07514305412769318
5669,2672,1,327,increase,0.17055556178092957,0.18916666507720947
5669,2672,1,358,decrease,0.1826055645942688,0.115786112844944
5669,2672,1,480,decrease,0.17735832929611206,0.08808611333370209
5669,2672,1,497,decrease,0.1611555516719818,0.08002916723489761
5669,2672,1,509,increase,0.05764166638255119,0.12773749232292175
5669,2672,1,526,decrease,0.13230139017105103,0.06624861061573029
5669,2672,1,538,initiation,0.0,0.10179583728313446
5669,2672,1,991,decrease,0.11701805889606476,0.06897638738155365
5669,2672,1,1022,decrease,0.1464972198009491,0.12649306654930115
5669,2672,1,1070,increase,0.02596111036837101,0.15739861130714417
5669,2672,1,1171,decrease,0.15287500619888306,0.07558055222034454
5669,2672,1,1277,increase,0.13096249103546143,0.1591055542230606
5669,2672,1,1375,decrease,0.15246249735355377,0.0760805532336235
5669,2672,1,1387,initiation,0.0,0.044074997305870056
5669,2672,1,1516,decrease,0.15262360870838165,0.07523471862077713
5669,2672,1,1529,initiation,0.0,0.07865417003631592
5669,2672,1,1644,decrease,0.1400972306728363,0.07007499784231186
5675,1991,0,46,initiation,0.0,0.6944444179534912
5675,1991,0,67,initiation,0.0,0.05532083660364151
5675,1991,0,81,decrease,0.10725139081478119,0.05132083222270012
5675,1991,0,93,stop,0.130888894200325,0.0
5675,1991,0,105,initiation,0.0,0.09585139155387878
5675,1991,0,147,decrease,0.08742222189903259,0.04330138862133026
5675,1991,0,159,initiation,0.0,0.0701138898730278
5675,1991,0,243,decrease,0.07222499698400497,0.036804165691137314
5675,1991,0,300,decrease,0.10042500495910645,0.048358336091041565
5675,1991,0,318,initiation,0.0,0.049456946551799774
5675,1991,0,479,decrease,0.05623749643564224,0.03433889150619507
5675,1991,0,608,decrease,0.0630388855934143,0.03154999762773514
5675,1991,0,946,decrease,0.06735000014305115,0.032805558294057846
5675,1991,0,958,initiation,0.0,0.044551387429237366
5675,1991,0,979,decrease,0.04808611050248146,0.02331249974668026
5675,1991,1,44,initiation,0.0,0.5371333360671997
5675,1991,1,56,initiation,0.0,0.10455000400543213
5675,1991,1,71,decrease,0.0980486124753952,0.048419442027807236
5675,1991,1,83,stop,0.5555555820465088,0.0
5675,1991,1,107,initiation,0.0,0.06067083030939102
5675,1991,1,147,decrease,0.07397361099720001,0.037102777510881424
5675,1991,1,160,initiation,0.0,0.04247083514928818
5675,1991,1,188,decrease,0.05373333394527435,0.027254166081547737
5675,1991,1,200,increase,0.06953611224889755,0.09478749334812164
5675,1991,1,249,increase,0.07971388846635818,0.10281945019960403
5675,1991,1,289,increase,0.08720138669013977,0.11140277981758118
5675,1991,1,303,decrease,0.10978055000305176,0.05395694449543953
5675,1991,1,320,increase,0.09391666948795319,0.12123750150203705
5675,1991,1,332,increase,0.10342501103878021,0.1219666600227356
5675,1991,1,380,decrease,0.12860971689224243,0.06384583562612534
5675,1991,1,430,decrease,0.12735694646835327,0.06380555033683777
5675,1991,1,760,decrease,0.12459444254636765,0.061738889664411545
5675,1991,1,825,decrease,0.1261499971151352,0.06258194148540497
5675,1991,1,946,decrease,0.12337499856948853,0.060043055564165115
5675,1991,1,958,initiation,0.0,0.097065269947052
5675,1991,1,979,decrease,0.10071110725402832,0.050204165279865265
5680,227,0,53,initiation,0.0,0.6944444179534912
5680,227,0,65,initiation,0.0,0.09910555183887482
5680,227,0,83,decrease,0.12239166349172592,0.06024305522441864
5680,227,0,101,initiation,0.0,0.052004165947437286
5680,227,0,264,decrease,0.04924444109201431,0.024052778258919716
5680,227,0,276,initiation,0.0,0.03602083399891853
5680,227,0,314,decrease,0.03635694459080696,0.014954166486859322
5680,227,0,335,decrease,0.04900694638490677,0.02401111088693142
5680,227,0,347,increase,0.03655972331762314,0.07373055815696716
5680,227,0,398,decrease,0.06895972788333893,0.03375277668237686
5680,227,0,410,initiation,0.0,0.054358333349227905
5680,227,0,803,decrease,0.04805833101272583,0.025858333334326744
5680,227,0,874,decrease,0.06081527844071388,0.03035833314061165
5680,227,1,46,initiation,0.0,0.5555555820465088
5680,227,1,58,initiation,0.0,0.0748930498957634
5680,227,1,247,decrease,0.0766291618347168,0.03754860907793045
5680,227,1,259,increase,0.029006944969296455,0.06655000150203705
5680,227,1,277,initiation,0.0,0.04144027829170227
5680,227,1,294,decrease,0.049376390874385834,0.02484305389225483
5680,227,1,306,decrease,0.06495416909456253,0.026091665029525757
5680,227,1,318,decrease,0.0798402726650238,0.028590276837348938
5680,227,1,337,decrease,0.09568333625793457,0.047352779656648636
5680,227,1,349,increase,0.07663333415985107,0.13059721887111664
5680,227,1,398,decrease,0.1234472244977951,0.06060277670621872
5680,227,1,410,initiation,0.0,0.10273055732250214
5680,227,1,801,decrease,0.105704165995121,0.052372220903635025
5680,227,1,816,initiation,0.0,0.055533334612846375
5680,227,1,876,decrease,0.07404860854148865,0.03668055683374405
5680,227,1,888,initiation,0.0,0.046452779322862625
5680,227,1,905,decrease,0.05654861032962799,0.028216667473316193
5682,1674,0,45,initiation,0.0,0.3891805410385132
5682,1674,0,58,initiation,0.0,0.040361110121011734
5682,1674,0,310,decrease,0.07582221925258636,0.03661944344639778
5682,1674,0,340,increase,0.013276388868689537,0.03074583411216736
5682,1674,0,580,decrease,0.046147219836711884,0.023661110550165176
5682,1674,0,641,decrease,0.052836112678050995,0.027751389890909195
5682,1674,0,653,stop,0.06529861688613892,0.0
5682,1674,0,685,decrease,0.05125138908624649,0.025318056344985962
5682,1674,0,697,stop,0.045863889157772064,0.0
5682,1674,0,709,increase,0.020330555737018585,0.05084861069917679
5682,1674,0,724,initiation,0.0,0.04152916744351387
5682,1674,0,742,increase,0.04525833576917648,0.06922361254692078
5682,1674,0,754,increase,0.04009583592414856,0.056841664016246796
5682,1674,0,797,decrease,0.05367777496576309,0.034429166465997696
5682,1674,0,818,decrease,0.07812917232513428,0.03882916644215584
5682,1674,0,830,initiation,0.0,0.06173194572329521
5682,1674,0,846,initiation,0.0,0.04369722306728363
5682,1674,0,889,decrease,0.04729444533586502,0.022709721699357033
5682,1674,0,1025,decrease,0.04333750158548355,0.020818056538701057
5682,1674,0,1039,decrease,0.03763333335518837,0.018779166042804718
5682,1674,0,1094,increase,0.0016111111035570502,0.014981944113969803
5682,1674,0,1114,increase,0.008840277791023254,0.02533472329378128
5682,1674,0,1126,increase,0.02525000087916851,0.05664166808128357
5682,1674,0,1210,decrease,0.03223888576030731,0.016902778297662735
5682,1674,0,1263,decrease,0.04061250016093254,0.01718750037252903
5682,1674,0,1308,decrease,0.05313194543123245,0.026669444516301155
5682,1674,1,37,initiation,0.0,0.5555555820465088
5682,1674,1,50,initiation,0.0,0.08764167129993439
5682,1674,1,396,decrease,0.08651389181613922,0.04279583320021629
5682,1674,1,408,initiation,0.0,0.06319583207368851
5682,1674,1,521,decrease,0.06863750517368317,0.034477777779102325
5682,1674,1,555,decrease,0.07875832915306091,0.03909444436430931
5682,1674,1,633,decrease,0.08619861304759979,0.043029166758060455
5682,1674,1,799,decrease,0.08143749833106995,0.04424722120165825
5682,1674,1,818,decrease,0.09842360764741898,0.04835277795791626
5682,1674,1,850,decrease,0.08565416932106018,0.04225138947367668
5682,1674,1,862,increase,0.030040277168154716,0.0741611123085022
5682,1674,1,910,decrease,0.07601111382246017,0.03822360932826996
5682,1674,1,923,initiation,0.0,0.0467652752995491
5682,1674,1,1237,decrease,0.0596291646361351,0.02982083335518837
5682,1674,1,1263,decrease,0.06002499908208847,0.029827777296304703
5731,4575,0,12,decrease,1.3888888359069824,0.1146874949336052
5731,4575,0,24,initiation,0.0,0.2161458432674408
5731,4575,0,56,initiation,0.0,0.06193611025810242
5731,4575,0,68,decrease,0.07681666314601898,0.02756805717945099
5731,4575,0,132,decrease,0.0925416648387909,0.045322220772504807
5731,4575,0,145,increase,0.03579999879002571,0.06852082908153534
5731,4575,0,157,stop,0.07249027490615845,0.0
5731,4575,0,169,initiation,0.0,0.051936108618974686
5731,4575,0,205,decrease,0.052876390516757965,0.025933334603905678
5731,4575,0,218,decrease,0.07165694236755371,0.035172220319509506
5731,4575,0,230,initiation,0.0,0.06353194266557693
5731,4575,0,242,increase,0.055723611265420914,0.07026944309473038
5731,4575,0,282,decrease,0.08528333902359009,0.042112499475479126
5731,4575,0,294,initiation,0.0,0.06602500379085541
5731,4575,0,325,decrease,0.06478889286518097,0.03168472275137901
5731,4575,0,337,increase,0.026181943714618683,0.05330555886030197
5731,4575,0,415,decrease,0.05471250042319298,0.027929166331887245
5731,4575,0,429,initiation,0.0,0.04392639175057411
5731,4575,0,468,decrease,0.08751389384269714,0.0752333328127861
5731,4575,0,491,decrease,0.07913055270910263,0.039124999195337296
5731,4575,0,503,initiation,0.0,0.059631943702697754
5731,4575,0,534,decrease,0.060608334839344025,0.02960694395005703
5731,4575,0,546,initiation,0.0,0.038237497210502625
5731,4575,0,749,decrease,0.04903055727481842,0.024520834907889366
5731,4575,0,761,initiation,0.0,0.05657638981938362
5731,4575,0,773,stop,0.3169097304344177,0.0
5731,4575,0,785,initiation,0.0,0.10035138577222824
5731,4575,0,797,stop,0.10091249644756317,0.0
5731,4575,1,12,stop,1.1111111640930176,0.0
5731,4575,1,29,decrease,0.13631249964237213,0.06559167057275772
5731,4575,1,41,initiation,0.0,0.09237638860940933
5731,4575,1,53,stop,0.09136110544204712,0.0
5731,4575,1,157,decrease,0.0738944485783577,0.03673333302140236
5731,4575,1,229,decrease,0.08451806008815765,0.042766667902469635
5731,4575,1,244,decrease,0.09810277819633484,0.05498889088630676
5731,4575,1,263,decrease,0.10974305868148804,0.07114721834659576
5731,4575,1,291,decrease,0.1198749989271164,0.0783444494009018
5731,4575,1,313,decrease,0.13158750534057617,0.10634444653987885
5731,4575,1,396,decrease,0.13704167306423187,0.06827916204929352
5731,4575,1,430,initiation,0.0,0.44582363963127136
5731,4575,1,442,initiation,0.0,0.1440708339214325
5731,4575,1,573,decrease,0.13585416972637177,0.0675097182393074
5731,4575,1,585,initiation,0.0,0.08123889565467834
5731,4575,1,806,decrease,0.10329166054725647,0.051302775740623474
5741,2811,0,27,initiation,0.0,0.6944444179534912
5741,2811,0,39,initiation,0.0,0.09996388852596283
5741,2811,0,116,decrease,0.10324305295944214,0.05035416781902313
5741,2811,0,131,initiation,0.0,0.05220139026641846
5741,2811,0,148,decrease,0.06102500110864639,0.03004305623471737
5741,2811,0,160,initiation,0.0,0.03610000014305115
5741,2811,0,244,decrease,0.042391665279865265,0.020540276542305946
5741,2811,0,256,stop,0.060411110520362854,0.0
5741,2811,0,271,decrease,0.07731805741786957,0.03853055462241173
5741,2811,0,291,initiation,0.0,0.038172222673892975
5741,2811,0,306,decrease,0.03914861008524895,0.019422221928834915
5741,2811,0,319,increase,0.014016666449606419,0.03226250037550926
5741,2811,0,348,increase,0.008930555544793606,0.022483333945274353
5741,2811,0,360,increase,0.023205554112792015,0.05752083286643028
5741,2811,0,376,initiation,0.0,0.06337638944387436
5741,2811,0,438,decrease,0.04272500053048134,0.02050972171127796
5741,2811,0,461,increase,0.008758333511650562,0.024287499487400055
5741,2811,0,568,decrease,0.028248611837625504,0.013815277256071568
5741,2811,0,581,increase,0.028725000098347664,0.045383334159851074
5741,2811,0,600,decrease,0.04612360894680023,0.022643055766820908
5741,2811,0,612,increase,0.016490278765559196,0.037854164838790894
5741,2811,0,626,decrease,0.03826388716697693,0.019066665321588516
5741,2811,0,677,decrease,0.043648611754179,0.02178611047565937
5741,2811,0,692,initiation,0.0,0.0699513852596283
5741,2811,0,704,increase,0.03825833275914192,0.06758750230073929
5741,2811,0,750,decrease,0.06613055616617203,0.03219861164689064
5741,2811,0,762,initiation,0.0,0.0534430555999279
5741,2811,0,849,decrease,0.04802916571497917,0.02575138956308365
5741,2811,1,13,stop,0.5555555820465088,0.0
5741,2811,1,25,increase,0.061351388692855835,0.12749722599983215
5741,2811,1,116,decrease,0.10103055834770203,0.05030833184719086
5741,2811,1,137,initiation,0.0,0.041074998676776886
5741,2811,1,181,decrease,0.05592361092567444,0.027961110696196556
5741,2811,1,193,initiation,0.0,0.043965280055999756
5741,2811,1,243,decrease,0.04783333092927933,0.024836111813783646
5741,2811,1,304,decrease,0.07028333842754364,0.035898610949516296
5741,2811,1,587,decrease,0.07903333008289337,0.03905555605888367
5741,2811,1,599,initiation,0.0,0.06512083113193512
5741,2811,1,624,decrease,0.06716249883174896,0.032749999314546585
5741,2811,1,636,initiation,0.0,0.053522221744060516
5741,2811,1,850,decrease,0.05931388959288597,0.028191667050123215
5751,501,0,17,initiation,0.0,0.6944444179534912
5751,501,0,29,decrease,0.1945861130952835,0.045747220516204834
5751,501,0,146,decrease,0.15335971117019653,0.07455555349588394
5751,501,0,158,increase,0.0525486096739769,0.12577638030052185
5751,501,0,175,decrease,0.12430138885974884,0.06075138971209526
5751,501,0,187,initiation,0.0,0.09693056344985962
5751,501,0,209,decrease,0.09762915968894958,0.047134723514318466
5751,501,0,221,initiation,0.0,0.07478749752044678
5751,501,0,284,decrease,0.07559166848659515,0.037513889372348785
5751,501,0,302,initiation,0.0,0.6944444179534912
5751,501,0,314,increase,0.0339638888835907,0.09006805717945099
5751,501,0,328,decrease,0.13260416686534882,0.11668332666158676
5751,501,0,372,decrease,0.11575832962989807,0.05644305422902107
5751,501,0,384,initiation,0.0,0.08825833350419998
5751,501,0,435,decrease,0.08204028010368347,0.06876805424690247
5751,501,0,489,decrease,0.09570416808128357,0.04715000092983246
5751,501,0,501,initiation,0.0,0.06989306211471558
5751,501,0,635,decrease,0.06796111166477203,0.032245833426713943
5751,501,0,647,decrease,0.1629222184419632,0.09046249836683273
5751,501,0,1409,decrease,0.07479861378669739,0.03596111014485359
5751,501,0,1440,increase,0.011798610910773277,0.030424999073147774
5751,501,0,1460,decrease,0.032011114060878754,0.015901388600468636
5751,501,1,12,initiation,0.0,0.36515137553215027
5751,501,1,24,initiation,0.0,0.1378527730703354
5751,501,1,57,decrease,0.11677638441324234,0.056393057107925415
5751,501,1,89,increase,0.011944444850087166,0.033815279603004456
5751,501,1,176,decrease,0.04371527582406998,0.022204168140888214
5751,501,1,209,decrease,0.07219027727842331,0.034941669553518295
5751,501,1,221,initiation,0.0,0.053752779960632324
5751,501,1,237,initiation,0.0,0.0389736108481884
5751,501,1,275,decrease,0.042827777564525604,0.019511111080646515
5751,501,1,295,decrease,0.07347500324249268,0.03616388887166977
5751,501,1,307,initiation,0.0,0.13154999911785126
5751,501,1,319,increase,0.06632916629314423,0.11977222561836243
5751,501,1,331,decrease,0.056659720838069916,0.033897221088409424
5751,501,1,374,decrease,0.08111110329627991,0.03582499921321869
5751,501,1,491,decrease,0.09006111323833466,0.05105277895927429
5751,501,1,518,decrease,0.1040305569767952,0.06820694357156754
5751,501,1,635,decrease,0.11272361129522324,0.05596249923110008
5751,501,1,994,decrease,0.10011249780654907,0.04973471909761429
5751,501,1,1452,decrease,0.09919722378253937,0.05008750036358833
5751,501,1,1464,increase,0.034801386296749115,0.08432222902774811
5751,501,1,1477,decrease,0.08423055708408356,0.04222360998392105
5772,4335,0,53,initiation,0.0,0.6944444179534912
5772,4335,0,65,initiation,0.0,0.09462777525186539
5772,4335,0,158,decrease,0.1034972220659256,0.05041944235563278
5772,4335,0,170,initiation,0.0,0.08233055472373962
5772,4335,0,182,stop,0.0824180543422699,0.0
5772,4335,0,197,initiation,0.0,0.04211944341659546
5772,4335,0,264,decrease,0.04764166474342346,0.023423610255122185
5772,4335,0,325,increase,0.05614999681711197,0.2311638742685318
5772,4335,0,354,initiation,0.0,0.07108194380998611
5772,4335,0,398,decrease,0.08100000023841858,0.03956666961312294
5772,4335,0,420,decrease,0.08521249890327454,0.04212361201643944
5772,4335,0,432,initiation,0.0,0.0673736110329628
5772,4335,0,584,decrease,0.06674861162900925,0.03307222202420235
5772,4335,0,596,increase,0.02727638930082321,0.05648055300116539
5772,4335,0,670,decrease,0.057665273547172546,0.02865000069141388
5772,4335,0,1352,decrease,0.056183334439992905,0.028530554845929146
5772,4335,0,1524,decrease,0.062477774918079376,0.03061250038444996
5772,4335,0,1657,decrease,0.06130555272102356,0.03061250038444996
5772,4335,0,1669,initiation,0.0,0.0438055545091629
5772,4335,0,2241,decrease,0.04962916672229767,0.02393750101327896
5772,4335,0,2255,initiation,0.0,0.07060138881206512
5772,4335,0,2267,initiation,0.0,0.051055558025836945
5772,4335,0,2279,decrease,0.049550000578165054,0.03050694428384304
5772,4335,0,2343,decrease,0.060256943106651306,0.03039444610476494
5772,4335,0,2359,initiation,0.0,0.05743194371461868
5772,4335,0,2440,decrease,0.060648612678050995,0.02954583428800106
5772,4335,0,2561,decrease,0.058666668832302094,0.03070833347737789
5772,4335,0,2573,initiation,0.0,0.06508472561836243
5772,4335,0,2586,increase,0.04221111163496971,0.07594999670982361
5772,4335,0,2740,decrease,0.0692611113190651,0.033519446849823
5772,4335,0,2752,initiation,0.0,0.0536208339035511
5772,4335,0,2780,decrease,0.05274444445967674,0.025966664776206017
5772,4335,0,2792,initiation,0.0,0.03555833548307419
5772,4335,0,2816,decrease,0.0380583330988884,0.019784722477197647
5772,4335,1,49,initiation,0.0,0.5555555820465088
5772,4335,1,63,initiation,0.0,0.06744582951068878
5772,4335,1,85,decrease,0.08167777955532074,0.03964722156524658
5772,4335,1,117,increase,0.01002500019967556,0.03186527639627457
5772,4335,1,192,initiation,0.0,0.04827083647251129
5772,4335,1,264,decrease,0.05342916399240494,0.027255555614829063
5772,4335,1,326,decrease,0.06180277466773987,0.031018055975437164
5772,4335,1,346,initiation,0.0,0.05148472264409065
5772,4335,1,400,decrease,0.06237083300948143,0.023730555549263954
5772,4335,1,1282,decrease,0.06944721937179565,0.03450138866901398
5772,4335,1,1301,initiation,0.0,0.06022638827562332
5772,4335,1,2119,decrease,0.06890416145324707,0.034018054604530334
5772,4335,1,2242,decrease,0.06876388937234879,0.03404722362756729
5772,4335,1,2265,initiation,0.0,0.03635694459080696
5772,4335,1,2300,decrease,0.03971805423498154,0.019797222688794136
5772,4335,1,2351,decrease,0.04387778043746948,0.023076388984918594
5772,4335,1,2649,decrease,0.04288194328546524,0.021105555817484856
5772,4335,1,2667,increase,0.010774999856948853,0.031805556267499924
5777,4850,0,34,initiation,0.0,0.4721166789531708
5777,4850,0,46,initiation,0.0,0.10980694741010666
5777,4850,0,72,decrease,0.11630972474813461,0.05538055673241615
5777,4850,0,97,initiation,0.0,0.09307499974966049
5777,4850,0,109,increase,0.014508333057165146,0.05545832961797714
5777,4850,0,135,decrease,0.05331944674253464,0.02663888968527317
5777,4850,0,147,initiation,0.0,0.05454166978597641
5777,4850,0,168,initiation,0.0,0.03520972281694412
5777,4850,0,180,stop,0.0358097217977047,0.0
5777,4850,0,202,increase,0.01321666594594717,0.03442361205816269
5777,4850,0,218,decrease,0.03499722480773926,0.0179180558770895
5777,4850,0,274,decrease,0.04706944525241852,0.023288888856768608
5777,4850,0,323,decrease,0.05859166756272316,0.028531942516565323
5777,4850,0,517,decrease,0.04794583469629288,0.023652778938412666
5777,4850,0,529,initiation,0.0,0.03886111080646515
5777,4850,0,972,decrease,0.04013889282941818,0.01992500014603138
5777,4850,0,1185,decrease,0.03923611342906952,0.019205555319786072
5777,4850,0,1205,increase,0.010601388290524483,0.024679165333509445
5777,4850,0,1248,decrease,0.026133332401514053,0.012884723022580147
5777,4850,0,1269,decrease,0.035350002348423004,0.01785000041127205
5777,4850,0,1294,initiation,0.0,0.061177778989076614
5777,4850,0,1319,decrease,0.0653652772307396,0.03194444626569748
5777,4850,0,1331,initiation,0.0,0.04982777684926987
5777,4850,0,1375,decrease,0.04850972443819046,0.023799998685717583
5777,4850,0,1392,increase,0.01480555534362793,0.03401666879653931
5777,4850,0,1438,decrease,0.03509721904993057,0.017340276390314102
5777,4850,0,1453,increase,0.010472222231328487,0.02693333476781845
5777,4850,0,1510,increase,0.02923055738210678,0.04827360808849335
5777,4850,0,1551,increase,0.009586110711097717,0.022322222590446472
5777,4850,0,1576,decrease,0.023900000378489494,0.01115972176194191
5777,4850,0,1668,decrease,0.04492222145199776,0.02218611165881157
5777,4850,1,31,initiation,0.0,0.5555555820465088
5777,4850,1,43,initiation,0.0,0.15129166841506958
5777,4850,1,90,decrease,0.12035694718360901,0.05866944417357445
5777,4850,1,102,stop,0.2154444456100464,0.0
5777,4850,1,121,initiation,0.0,0.05961249768733978
5777,4850,1,135,decrease,0.07147499918937683,0.03743888810276985
5777,4850,1,165,initiation,0.0,0.04212777689099312
5777,4850,1,177,increase,0.023630555719137192,0.06527777761220932
5777,4850,1,1288,decrease,0.07977499812841415,0.04019999876618385
5777,4850,1,1375,decrease,0.08991806209087372,0.04418611153960228
5777,4850,1,1667,decrease,0.08020694553852081,0.039169445633888245
5781,5550,0,26,initiation,0.0,0.6944444179534912
5781,5550,0,38,initiation,0.0,0.08955278247594833
5781,5550,0,106,decrease,0.12289027869701385,0.05938194692134857
5781,5550,0,127,initiation,0.0,0.04889722168445587
5781,5550,0,343,decrease,0.056676387786865234,0.029076388105750084
5781,5550,0,430,decrease,0.06368611752986908,0.031155554577708244
5781,5550,0,442,increase,0.023294443264603615,0.0521513894200325
5781,5550,0,536,decrease,0.05235833302140236,0.03373472020030022
5781,5550,0,1107,decrease,0.056575000286102295,0.027383333072066307
5781,5550,1,26,initiation,0.0,0.5038958191871643
5781,5550,1,40,initiation,0.0,0.06972639262676239
5781,5550,1,106,decrease,0.07534444332122803,0.03686527535319328
5781,5550,1,340,initiation,0.0,0.04184999689459801
5781,5550,1,352,initiation,0.0,0.05941110849380493
5781,5550,1,413,decrease,0.05497360974550247,0.02687361277639866
5781,5550,1,936,initiation,0.0,0.0361236110329628
5781,5550,1,1059,decrease,0.035433329641819,0.011565277352929115
5781,5550,1,1108,decrease,0.04111944139003754,0.020622221753001213
5787,3630,0,13,initiation,0.0,0.6944444179534912
5787,3630,0,25,initiation,0.0,0.10028471797704697
5787,3630,0,40,decrease,0.12386944890022278,0.06081666424870491
5787,3630,0,52,increase,0.039944443851709366,0.10179027915000916
5787,3630,0,67,decrease,0.09981389343738556,0.04750416427850723
5787,3630,0,82,initiation,0.0,0.05432083457708359
5787,3630,0,185,decrease,0.052893057465553284,0.026302777230739594
5787,3630,0,197,decrease,0.06486805528402328,0.03350000083446503
5787,3630,0,209,decrease,0.08269722014665604,0.041127778589725494
5787,3630,0,221,initiation,0.0,0.04915139079093933
5787,3630,0,235,decrease,0.057951390743255615,0.028880557045340538
5787,3630,0,247,initiation,0.0,0.04480694234371185
5787,3630,0,386,increase,0.04431666433811188,0.06607222557067871
5787,3630,0,398,initiation,0.0,0.06448611617088318
5787,3630,0,519,decrease,0.058213889598846436,0.02812083251774311
5787,3630,0,563,increase,0.041934721171855927,0.05814722180366516
5787,3630,0,739,decrease,0.055181942880153656,0.027530556544661522
5787,3630,0,947,decrease,0.054002776741981506,0.026329167187213898
5787,3630,0,959,initiation,0.0,0.043772220611572266
5787,3630,0,2733,decrease,0.04218749701976776,0.021477777510881424
5787,3630,0,2801,decrease,0.06109166890382767,0.030819445848464966
5787,3630,0,2823,decrease,0.05989722162485123,0.029208334162831306
5787,3630,0,2835,initiation,0.0,0.04692083224654198
5787,3630,0,2847,stop,0.04644722491502762,0.0
5787,3630,0,2860,increase,0.01365694496780634,0.03402222320437431
5787,3630,0,2872,stop,0.0402180552482605,0.0
5787,3630,0,2884,increase,0.01381805632263422,0.06387361139059067
5787,3630,0,3091,decrease,0.0587819442152977,0.028599997982382774
5787,3630,0,3157,decrease,0.05238194391131401,0.02552083320915699
5787,3630,0,3169,increase,0.02044166810810566,0.0423097237944603
5787,3630,0,3367,decrease,0.045827776193618774,0.02226249873638153
5787,3630,0,3676,decrease,0.052302777767181396,0.025806942954659462
5787,3630,0,3688,initiation,0.0,0.04368472099304199
5787,3630,0,3894,decrease,0.04499027878046036,0.02342499978840351
5787,3630,0,4000,decrease,0.05349583178758621,0.025461111217737198
5787,3630,0,4012,initiation,0.0,0.04260416701436043
5787,3630,0,4280,increase,0.04536527767777443,0.16404861211776733
5787,3630,0,4292,initiation,0.0,0.09235277771949768
5787,3630,0,4442,decrease,0.0792597234249115,0.03902222216129303
5787,3630,0,4454,initiation,0.0,0.06229444220662117
5787,3630,0,4470,decrease,0.06243471801280975,0.03119305521249771
5787,3630,1,12,initiation,0.0,0.5555555820465088
5787,3630,1,26,initiation,0.0,0.06949305534362793
5787,3630,1,39,decrease,0.08718611299991608,0.042116664350032806
5787,3630,1,70,increase,0.010893055237829685,0.03400278091430664
5787,3630,1,193,initiation,0.0,0.039673611521720886
5787,3630,1,212,decrease,0.0568000003695488,0.026359722018241882
5787,3630,1,235,decrease,0.06749305874109268,0.032995834946632385
5787,3630,1,249,initiation,0.0,0.03979722410440445
5787,3630,1,385,increase,0.04622500389814377,0.15551389753818512
5787,3630,1,397,increase,0.0013861111365258694,0.06934583187103271
5787,3630,1,518,decrease,0.06442361325025558,0.031731944531202316
5787,3630,1,562,decrease,0.061633333563804626,0.03176666796207428
5787,3630,1,683,decrease,0.06763333082199097,0.033149998635053635
5787,3630,1,815,decrease,0.06224722042679787,0.030455555766820908
5787,3630,1,860,decrease,0.06208749860525131,0.030897222459316254
5787,3630,1,947,decrease,0.056558333337306976,0.027994444593787193
5787,3630,1,1308,decrease,0.053123608231544495,0.025733333081007004
5787,3630,1,1320,initiation,0.0,0.040751390159130096
5787,3630,1,1825,decrease,0.04395972192287445,0.021481944248080254
5787,3630,1,2623,decrease,0.04394861310720444,0.02142222225666046
5787,3630,1,2824,decrease,0.05262916535139084,0.026241665706038475
5787,3630,1,2857,increase,0.013001388870179653,0.033759720623493195
5787,3630,1,2904,stop,0.03557500243186951,0.0
5787,3630,1,2916,increase,0.039226386696100235,0.06088888645172119
5787,3630,1,2929,initiation,0.0,0.04285833239555359
5787,3630,1,2980,increase,0.035111114382743835,0.054038889706134796
5787,3630,1,3030,decrease,0.05290694534778595,0.026061110198497772
5787,3630,1,3042,initiation,0.0,0.043763890862464905
5787,3630,1,3214,decrease,0.045851387083530426,0.02322777919471264
5787,3630,1,3233,decrease,0.05473055690526962,0.027209721505641937
5787,3630,1,3257,increase,0.012440277263522148,0.03145000338554382
5787,3630,1,3685,initiation,0.0,0.037566665560007095
5787,3630,1,3894,decrease,0.05289166793227196,0.02620277740061283
5787,3630,1,3999,decrease,0.061981942504644394,0.03048611246049404
5787,3630,1,4013,initiation,0.0,0.03979305550456047
5787,3630,1,4284,decrease,0.04737222194671631,0.02390277571976185
5787,3630,1,4470,decrease,0.05274166911840439,0.025999998673796654
5809,1658,0,34,initiation,0.0,0.5164361596107483
5809,1658,0,46,initiation,0.0,0.10110972821712494
5809,1658,0,81,decrease,0.09751111268997192,0.047179169952869415
5809,1658,0,93,stop,0.11378611624240875,0.0
5809,1658,0,105,increase,0.05480416491627693,0.11489027738571167
5809,1658,0,117,initiation,0.0,0.09876249730587006
5809,1658,0,174,decrease,0.08984999358654022,0.043679166585206985
5809,1658,0,186,initiation,0.0,0.0715777724981308
5809,1658,0,239,decrease,0.06836805492639542,0.0328555554151535
5809,1658,0,263,initiation,0.0,0.03622916713356972
5809,1658,0,422,decrease,0.04235833138227463,0.02178194373846054
5809,1658,0,461,decrease,0.05644861236214638,0.028691668063402176
5809,1658,0,484,decrease,0.07075417041778564,0.0350361093878746
5809,1658,0,496,initiation,0.0,0.05371110886335373
5809,1658,0,757,increase,0.05182777717709541,0.21655555069446564
5809,1658,0,769,initiation,0.0,0.08244583010673523
5809,1658,0,955,decrease,0.07107777893543243,0.03439166396856308
5809,1658,0,967,initiation,0.0,0.05569583177566528
5809,1658,0,1121,decrease,0.05745694786310196,0.02837499976158142
5809,1658,0,1133,initiation,0.0,0.04269722104072571
5809,1658,0,1149,decrease,0.042620833963155746,0.021361110731959343
5809,1658,0,1161,stop,0.05830277502536774,0.0
5809,1658,0,1173,initiation,0.0,0.043865278363227844
5809,1658,0,1215,decrease,0.04466111212968826,0.023129167035222054
5809,1658,0,1980,decrease,0.05470416694879532,0.02726944535970688
5809,1658,0,1992,initiation,0.0,0.0383249968290329
5809,1658,0,2312,decrease,0.04471805691719055,0.021763889119029045
5809,1658,1,31,initiation,0.0,0.5555555820465088
5809,1658,1,46,initiation,0.0,0.07494722306728363
5809,1658,1,78,decrease,0.09199027717113495,0.04513055458664894
5809,1658,1,97,initiation,0.0,0.04609305411577225
5809,1658,1,109,stop,0.053038887679576874,0.0
5809,1658,1,131,decrease,0.049065276980400085,0.024177778512239456
5809,1658,1,145,initiation,0.0,0.03666527569293976
5809,1658,1,174,decrease,0.039379168301820755,0.019272223114967346
5809,1658,1,234,initiation,0.0,0.05234583467245102
5809,1658,1,250,decrease,0.05216944217681885,0.025594443082809448
5809,1658,1,262,initiation,0.0,0.040908332914114
5809,1658,1,279,decrease,0.04071389138698578,0.0198527779430151
5809,1658,1,297,initiation,0.0,0.04275833070278168
5809,1658,1,315,decrease,0.04984166473150253,0.02458472177386284
5809,1658,1,341,decrease,0.05905972421169281,0.029218057170510292
5809,1658,1,365,decrease,0.06816666573286057,0.033597223460674286
5809,1658,1,377,initiation,0.0,0.05698055401444435
5809,1658,1,409,decrease,0.057329170405864716,0.027829168364405632
5809,1658,1,432,decrease,0.06709583103656769,0.033194445073604584
5809,1658,1,453,decrease,0.07667083293199539,0.03793888911604881
5809,1658,1,484,decrease,0.08402778208255768,0.04165139049291611
5809,1658,1,496,increase,0.03265972062945366,0.07302777469158173
5809,1658,1,546,decrease,0.07385972142219543,0.037590280175209045
5809,1658,1,566,decrease,0.08144722133874893,0.040344443172216415
5809,1658,1,578,stop,0.07849027961492538,0.0
5809,1658,1,590,decrease,0.12078472226858139,0.0011513888603076339
5809,1658,1,610,decrease,0.13581666350364685,0.06660138815641403
5809,1658,1,622,initiation,0.0,0.1150013878941536
5809,1658,1,642,decrease,0.11598333716392517,0.05702916905283928
5809,1658,1,654,initiation,0.0,0.09564860910177231
5809,1658,1,670,initiation,0.0,0.06094305217266083
5809,1658,1,703,decrease,0.0781194418668747,0.03979722037911415
5809,1658,1,715,increase,0.05479583144187927,0.09926944971084595
5809,1658,1,738,decrease,0.09876388311386108,0.04544999822974205
5809,1658,1,759,decrease,0.1085125058889389,0.05310972034931183
5809,1658,1,771,initiation,0.0,0.08691805601119995
5809,1658,1,790,decrease,0.08777222037315369,0.043719444423913956
5809,1658,1,849,decrease,0.09868055582046509,0.04889444261789322
5809,1658,1,873,decrease,0.08785833418369293,0.04361249879002571
5809,1658,1,885,increase,0.03242916613817215,0.07767222076654434
5809,1658,1,1007,decrease,0.08131945133209229,0.04055972024798393
5809,1658,1,1019,increase,0.02821805514395237,0.07066666334867477
5809,1658,1,1123,decrease,0.07306944578886032,0.03613055497407913
5809,1658,1,1135,initiation,0.0,0.06220972537994385
5809,1658,1,1148,decrease,0.06304582953453064,0.04340694472193718
5809,1658,1,1553,decrease,0.07294027507305145,0.03628194332122803
5809,1658,1,1565,initiation,0.0,0.062102772295475006
5809,1658,1,1619,decrease,0.06420417129993439,0.031986113637685776
5809,1658,1,2028,decrease,0.07264305651187897,0.0361027754843235
5809,1658,1,2040,initiation,0.0,0.062090277671813965
5809,1658,1,2120,decrease,0.06435278058052063,0.03266666829586029
5809,1658,1,2312,decrease,0.07318472117185593,0.035608332604169846
5824,3742,0,73,initiation,0.0,0.06820277869701385
5824,3742,0,185,decrease,0.06831944733858109,0.033069442957639694
5824,3742,0,198,initiation,0.0,0.042779166251420975
5824,3742,0,301,decrease,0.04481666535139084,0.020929167047142982
5824,3742,0,374,increase,0.036988887935876846,0.05042500048875809
5824,3742,0,439,decrease,0.0484541654586792,0.023140277713537216
5824,3742,0,451,initiation,0.0,0.03622499853372574
5824,3742,0,561,decrease,0.03736666589975357,0.018437499180436134
5824,3742,1,61,initiation,0.0,0.18215276300907135
5824,3742,1,73,initiation,0.0,0.1277972161769867
5824,3742,1,129,decrease,0.10456804931163788,0.051637500524520874
5824,3742,1,145,initiation,0.0,0.047413893043994904
5824,3742,1,184,decrease,0.06488054990768433,0.032108332961797714
5824,3742,1,198,initiation,0.0,0.03843750059604645
5824,3742,1,272,decrease,0.047849997878074646,0.027318056672811508
5824,3742,1,302,decrease,0.057100001722574234,0.019772222265601158
5824,3742,1,414,increase,0.043841663748025894,0.07040555775165558
5824,3742,1,462,increase,0.05720555782318115,0.07903333008289337
5824,3742,1,562,decrease,0.08350138366222382,0.04148472100496292
5871,4956,0,34,initiation,0.0,0.22113889455795288
5871,4956,0,46,initiation,0.0,0.09037639200687408
5871,4956,0,72,decrease,0.11476527899503708,0.055851392447948456
5871,4956,0,86,initiation,0.0,0.053748611360788345
5871,4956,0,813,decrease,0.04880138859152794,0.024081945419311523
5871,4956,0,1054,decrease,0.04727916419506073,0.023491665720939636
5871,4956,1,39,initiation,0.0,0.04042361304163933
5871,4956,1,72,decrease,0.0584472231566906,0.02817361056804657
5871,4956,1,149,decrease,0.02721250057220459,0.0026874998584389687
5871,4956,1,161,increase,0.021587500348687172,0.041802778840065
5871,4956,1,198,decrease,0.07391666620969772,0.03652777522802353
5871,4956,1,210,increase,0.02505277842283249,0.05955972149968147
5871,4956,1,249,decrease,0.06099861115217209,0.02976110950112343
5871,4956,1,261,initiation,0.0,0.04911111295223236
5871,4956,1,273,stop,0.049577780067920685,0.0
5871,4956,1,990,decrease,0.04314861446619034,0.021022221073508263
5871,4956,1,1005,increase,0.012118056416511536,0.03150833398103714
5871,4956,1,1054,decrease,0.03328055515885353,0.008619444444775581
5913,1327,0,27,initiation,0.0,0.6944444179534912
5913,1327,0,39,initiation,0.0,0.10263749957084656
5913,1327,0,54,decrease,0.12674304842948914,0.061347220093011856
5913,1327,0,68,initiation,0.0,0.06753472238779068
5913,1327,0,85,decrease,0.07820416986942291,0.03846944496035576
5913,1327,0,174,decrease,0.08016249537467957,0.05013055354356766
5913,1327,0,228,decrease,0.0845152735710144,0.041256945580244064
5913,1327,0,240,increase,0.05905555561184883,0.07159166038036346
5913,1327,0,504,decrease,0.06481249630451202,0.03294305503368378
5913,1327,0,698,decrease,0.07056527584791183,0.05133333429694176
5913,1327,0,720,decrease,0.0774611085653305,0.03848888725042343
5913,1327,0,812,decrease,0.06856805086135864,0.03439444303512573
5913,1327,0,824,initiation,0.0,0.05041666328907013
5913,1327,0,893,decrease,0.05276111140847206,0.026318054646253586
5913,1327,0,905,initiation,0.0,0.04177222400903702
5913,1327,0,940,decrease,0.04383750259876251,0.021776389330625534
5913,1327,0,961,increase,0.010377777740359306,0.02676388993859291
5913,1327,0,988,decrease,0.0288236103951931,0.014390277676284313
5913,1327,1,22,initiation,0.0,0.5555555820465088
5913,1327,1,36,initiation,0.0,0.07346805930137634
5913,1327,1,250,decrease,0.09489722549915314,0.047070831060409546
5913,1327,1,262,increase,0.03660833463072777,0.08239860832691193
5913,1327,1,390,decrease,0.08537083864212036,0.04112638905644417
5913,1327,1,454,decrease,0.09507638961076736,0.04739583283662796
5913,1327,1,720,decrease,0.09424860775470734,0.04661944881081581
5913,1327,1,732,initiation,0.0,0.06444444507360458
5913,1327,1,852,decrease,0.07523055374622345,0.03687499836087227
5913,1327,1,864,initiation,0.0,0.06139444187283516
5913,1327,1,893,decrease,0.0636819452047348,0.031130554154515266
5913,1327,1,905,initiation,0.0,0.05163055658340454
5913,1327,1,940,decrease,0.05378194898366928,0.027069443836808205
5913,1327,1,952,initiation,0.0,0.04207777976989746
5913,1327,1,970,decrease,0.04348750039935112,0.021441666409373283
5913,1327,1,1015,decrease,0.05674999952316284,0.027590276673436165
5937,873,0,31,initiation,0.0,1.0290971994400024
5937,873,0,43,initiation,0.0,0.13327917456626892
5937,873,0,67,increase,0.1274944543838501,0.6139055490493774
5937,873,0,79,initiation,0.0,0.16942360997200012
5937,873,0,128,decrease,0.15108054876327515,0.07306944578886032
5937,873,0,154,initiation,0.0,0.05046805739402771
5937,873,0,207,decrease,0.05721249803900719,0.02822916768491268
5937,873,0,219,increase,0.027554165571928024,0.09082361310720444
5937,873,0,377,decrease,0.0831083357334137,0.04058055579662323
5937,873,0,389,initiation,0.0,0.06430972367525101
5937,873,0,406,decrease,0.0651041641831398,0.03364028036594391
5937,873,0,418,increase,0.06106527894735336,0.11430138349533081
5937,873,0,833,decrease,0.09380555897951126,0.04644027724862099
5937,873,0,847,initiation,0.0,0.05665833130478859
5937,873,0,1148,decrease,0.07086944580078125,0.036023613065481186
5937,873,0,1160,stop,0.10250833630561829,0.0
5937,873,0,1178,initiation,0.0,0.04775138571858406
5937,873,0,1217,increase,0.054362501949071884,0.08165277540683746
5937,873,0,1243,initiation,0.0,0.06710833311080933
5937,873,0,1255,decrease,0.0693555548787117,0.0508597195148468
5937,873,0,1288,increase,0.06416110694408417,0.08882638812065125
5937,873,0,1300,increase,0.029543055221438408,0.052444443106651306
5937,873,0,1313,increase,0.06319722533226013,0.09455833584070206
5937,873,0,1601,decrease,0.08550971746444702,0.041527777910232544
5937,873,0,1613,initiation,0.0,0.06775694340467453
5937,873,0,1625,decrease,0.06732083857059479,0.054544445127248764
5937,873,0,1905,decrease,0.06500972807407379,0.03222222253680229
5937,873,1,34,stop,0.5555555820465088,0.0
5937,873,1,101,decrease,0.0913236141204834,0.04488888755440712
5937,873,1,213,increase,0.009622221812605858,0.044684723019599915
5937,873,1,225,initiation,0.0,0.11034166812896729
5937,873,1,376,decrease,0.08690416812896729,0.04322916641831398
5937,873,1,388,increase,0.03176944702863693,0.07054444402456284
5937,873,1,833,decrease,0.07456527650356293,0.037291668355464935
5937,873,1,845,increase,0.026801390573382378,0.05953333526849747
5937,873,1,1128,decrease,0.06398472189903259,0.031990278512239456
5937,873,1,1159,decrease,0.09083332866430283,0.044656943529844284
5937,873,1,1601,decrease,0.07518472522497177,0.03701527789235115
5937,873,1,1613,initiation,0.0,0.0491027757525444
5937,873,1,2030,decrease,0.05776111036539078,0.028268055990338326
5948,6060,0,68,initiation,0.0,0.6944444179534912
5948,6060,0,81,initiation,0.0,0.06864860653877258
5948,6060,0,103,decrease,0.13773749768733978,0.06650416553020477
5948,6060,0,120,initiation,0.0,0.06406666338443756
5948,6060,0,163,decrease,0.07007639110088348,0.035462502390146255
5948,6060,0,182,decrease,0.0839291661977768,0.04089166596531868
5948,6060,0,205,initiation,0.0,0.03846944123506546
5948,6060,0,366,decrease,0.03923888877034187,0.019076388329267502
5948,6060,0,378,increase,0.027037499472498894,0.06751666963100433
5948,6060,0,400,decrease,0.06628194451332092,0.03270416706800461
5948,6060,0,412,initiation,0.0,0.048624999821186066
5948,6060,0,436,decrease,0.04826110973954201,0.02360277622938156
5948,6060,0,458,initiation,0.0,0.046509720385074615
5948,6060,0,517,decrease,0.06437083333730698,0.031418055295944214
5948,6060,0,533,initiation,0.0,0.08665972203016281
5948,6060,0,807,decrease,0.044688887894153595,0.021961111575365067
5948,6060,0,824,initiation,0.0,0.04383194446563721
5948,6060,0,836,stop,0.04471666365861893,0.0
5948,6060,0,857,increase,0.011788888834416866,0.025530554354190826
5948,6060,0,922,decrease,0.028629165142774582,0.01389722153544426
5948,6060,1,65,initiation,0.0,0.5555555820465088
5948,6060,1,78,initiation,0.0,0.04090000316500664
5948,6060,1,104,decrease,0.08145833015441895,0.03957916796207428
5948,6060,1,130,initiation,0.0,0.03645416721701622
5948,6060,1,143,stop,0.03665555641055107,0.0
5948,6060,1,155,increase,0.015715276822447777,0.0881180539727211
5948,6060,1,380,decrease,0.07966388761997223,0.038413889706134796
5948,6060,1,392,initiation,0.0,0.06782500445842743
5948,6060,1,404,stop,0.06778888404369354,0.0
5948,6060,1,540,decrease,0.06107500195503235,0.030130555853247643
5948,6060,1,903,decrease,0.06989583373069763,0.02333194389939308
5948,6060,1,921,decrease,0.08085554838180542,0.04018611088395119
5949,1970,0,14,initiation,0.0,0.6944444179534912
5949,1970,0,26,initiation,0.0,0.10122916102409363
5949,1970,0,127,decrease,0.1030166745185852,0.049759723246097565
5949,1970,0,139,increase,0.037934720516204834,0.08136667311191559
5949,1970,0,159,decrease,0.07945972681045532,0.03912361338734627
5949,1970,0,171,initiation,0.0,0.062356945127248764
5949,1970,0,301,decrease,0.05919444561004639,0.02939305640757084
5949,1970,0,313,initiation,0.0,0.041850000619888306
5949,1970,0,367,decrease,0.04459027945995331,0.02782222256064415
5949,1970,0,383,decrease,0.05191250145435333,0.025616666302084923
5949,1970,0,424,decrease,0.045029167085886,0.022094445303082466
5949,1970,0,436,decrease,0.06586945056915283,0.045262500643730164
5949,1970,0,743,decrease,0.04554999619722366,0.02297361195087433
5949,1970,1,12,initiation,0.0,0.4093083143234253
5949,1970,1,24,initiation,0.0,0.051874998956918716
5949,1970,1,40,decrease,0.09253194183111191,0.04450555518269539
5949,1970,1,68,increase,0.010408333502709866,0.034748610109090805
5949,1970,1,127,increase,0.03665138781070709,0.29342085123062134
5949,1970,1,139,initiation,0.0,0.07548889517784119
5949,1970,1,322,decrease,0.07122915983200073,0.03500000014901161
5949,1970,1,427,decrease,0.06546805799007416,0.03263333439826965
5949,1970,1,439,increase,0.02494722232222557,0.059812501072883606
5949,1970,1,678,decrease,0.06133750081062317,0.03052777796983719
5949,1970,1,725,initiation,0.0,0.04775416851043701
5949,1970,1,754,decrease,0.06328749656677246,0.029868055135011673
5966,5375,0,23,initiation,0.0,0.6944444179534912
5966,5375,0,35,initiation,0.0,0.10748333483934402
5966,5375,0,56,decrease,0.13573750853538513,0.06519722193479538
5966,5375,0,74,initiation,0.0,0.06350556015968323
5966,5375,0,120,decrease,0.06663055717945099,0.03355138748884201
5966,5375,0,164,decrease,0.09284166991710663,0.04601110890507698
5966,5375,0,176,initiation,0.0,0.07268055528402328
5966,5375,0,289,decrease,0.06731250137090683,0.03274305537343025
5966,5375,0,317,increase,0.012701389379799366,0.0314277783036232
5966,5375,0,355,decrease,0.03374166786670685,0.016608333215117455
5966,5375,0,391,decrease,0.051879167556762695,0.025320835411548615
5966,5375,0,405,decrease,0.07057638466358185,0.034513890743255615
5966,5375,0,821,decrease,0.07135277986526489,0.034122224897146225
5966,5375,0,836,initiation,0.0,0.04047500342130661
5966,5375,0,951,decrease,0.04808194562792778,0.023370832204818726
5966,5375,0,963,stop,0.03859027847647667,0.0
5966,5375,0,985,increase,0.011251389048993587,0.024795833975076675
5966,5375,0,1040,decrease,0.029415277764201164,0.014406944625079632
5966,5375,0,1071,decrease,0.04057222232222557,0.022990277037024498
5966,5375,0,1102,decrease,0.047288887202739716,0.02482638880610466
5966,5375,0,1116,increase,0.04375555366277695,0.06694860756397247
5966,5375,0,1144,decrease,0.06374861299991608,0.03148749843239784
5966,5375,0,1167,increase,0.013636111281812191,0.034365277737379074
5966,5375,0,1183,increase,0.012086110189557076,0.027788888663053513
5966,5375,0,1231,decrease,0.030370833352208138,0.015216667205095291
5966,5375,0,1243,increase,0.017791667953133583,0.049840278923511505
5966,5375,0,1373,decrease,0.047143056988716125,0.023499999195337296
5966,5375,0,1409,decrease,0.05648750066757202,0.02753472328186035
5966,5375,0,1429,increase,0.014188888482749462,0.034687500447034836
5966,5375,0,1473,decrease,0.03995833545923233,0.019627777859568596
5966,5375,0,1540,increase,0.007352777756750584,0.025866666808724403
5966,5375,0,1578,decrease,0.027013888582587242,0.013283333741128445
5966,5375,1,23,initiation,0.0,0.5555555820465088
5966,5375,1,36,initiation,0.0,0.04746389016509056
5966,5375,1,55,decrease,0.08657500147819519,0.04814722388982773
5966,5375,1,86,initiation,0.0,0.04519305378198624
5966,5375,1,98,stop,0.05264444649219513,0.0
5966,5375,1,119,decrease,0.06424999982118607,0.03230833262205124
5966,5375,1,165,decrease,0.07332777976989746,0.035725001245737076
5966,5375,1,177,initiation,0.0,0.06024722009897232
5966,5375,1,289,decrease,0.06298194825649261,0.031075000762939453
5966,5375,1,318,increase,0.009923610836267471,0.029676388949155807
5966,5375,1,362,initiation,0.0,0.0429791659116745
5966,5375,1,961,increase,0.053559720516204834,0.07519721984863281
5966,5375,1,973,increase,0.022358331829309464,0.054059721529483795
5966,5375,1,1069,decrease,0.06299999356269836,0.030901389196515083
5966,5375,1,1081,initiation,0.0,0.05113610997796059
5966,5375,1,1187,decrease,0.053518056869506836,0.026426389813423157
5966,5375,1,1474,decrease,0.06238333508372307,0.030929164960980415
5966,5375,1,1490,initiation,0.0,0.03605138510465622
5966,5375,1,1511,decrease,0.040731944143772125,0.020565278828144073
5966,5375,1,1523,initiation,0.0,0.07675693929195404
5966,5375,1,1572,decrease,0.07281111180782318,0.03549027815461159
5998,1096,0,41,initiation,0.0,0.6944444179534912
5998,1096,0,53,stop,0.08808055520057678,0.0
5998,1096,0,83,decrease,0.15943193435668945,0.07705555856227875
5998,1096,0,107,initiation,0.0,0.06642638891935349
5998,1096,0,119,increase,0.017658332362771034,0.07847361266613007
5998,1096,0,131,increase,0.0456249974668026,0.08355555683374405
5998,1096,0,160,decrease,0.08130833506584167,0.03927222266793251
5998,1096,0,172,increase,0.029831944033503532,0.06733888387680054
5998,1096,0,229,increase,0.07258056104183197,0.08920833468437195
5998,1096,0,242,initiation,0.0,0.05700000002980232
5998,1096,0,271,increase,0.07690277695655823,0.112136110663414
5998,1096,0,283,increase,0.020416665822267532,0.09394027292728424
5998,1096,0,316,decrease,0.0900736153125763,0.04386388882994652
5998,1096,0,328,initiation,0.0,0.06909166276454926
5998,1096,0,429,decrease,0.06724166870117188,0.03364444524049759
5998,1096,0,543,decrease,0.06522083282470703,0.03255138918757439
5998,1096,0,679,decrease,0.06321249902248383,0.031522221863269806
5998,1096,0,691,increase,0.02496805414557457,0.052116669714450836
5998,1096,0,1424,decrease,0.05099721997976303,0.025426387786865234
5998,1096,0,1461,decrease,0.051661111414432526,0.021316666156053543
5998,1096,0,1689,decrease,0.05552639067173004,0.03885138779878616
5998,1096,0,1811,decrease,0.051015280187129974,0.025127775967121124
5998,1096,0,1835,initiation,0.0,0.04707222059369087
5998,1096,0,1848,initiation,0.0,0.05144583433866501
5998,1096,0,1860,stop,0.05212777853012085,0.0
5998,1096,1,32,initiation,0.0,0.4861111044883728
5998,1096,1,44,stop,0.3301916718482971,0.0
5998,1096,1,82,decrease,0.13898470997810364,0.06816805899143219
5998,1096,1,116,initiation,0.0,0.05399166792631149
5998,1096,1,128,increase,0.028409721329808235,0.07045000046491623
5998,1096,1,240,increase,0.06573888659477234,0.08477500081062317
5998,1096,1,280,decrease,0.08233332633972168,0.05853055417537689
5998,1096,1,347,decrease,0.08938610553741455,0.04435139149427414
5998,1096,1,359,initiation,0.0,0.07076944410800934
5998,1096,1,506,decrease,0.08087778091430664,0.039831943809986115
5998,1096,1,677,decrease,0.08228471875190735,0.040861111134290695
5998,1096,1,690,stop,0.06502916663885117,0.0
5998,1096,1,1174,decrease,0.06724027544260025,0.03303888812661171
5998,1096,1,1463,decrease,0.06741249561309814,0.03428333252668381
5998,1096,1,1508,decrease,0.07594583928585052,0.037344444543123245
5998,1096,1,1681,decrease,0.06868471950292587,0.03394722193479538
5998,1096,1,1695,initiation,0.0,0.045266665518283844
5998,1096,1,1839,decrease,0.05582500249147415,0.0281777773052454
5998,1096,1,1915,decrease,0.06154027581214905,0.030665278434753418
6009,1694,0,54,initiation,0.0,0.3776819407939911
6009,1694,0,73,initiation,0.0,0.04873749986290932
6009,1694,0,91,decrease,0.1160263940691948,0.05664444342255592
6009,1694,0,103,initiation,0.0,0.08914999663829803
6009,1694,0,152,decrease,0.08074861019849777,0.039690278470516205
6009,1694,0,204,decrease,0.11117638647556305,0.05508749932050705
6009,1694,0,220,initiation,0.0,0.056505557149648666
6009,1694,0,441,increase,0.05149722099304199,0.07219583541154861
6009,1694,0,607,decrease,0.06943471729755402,0.035406943410634995
6009,1694,0,690,decrease,0.08581805229187012,0.04171666502952576
6009,1694,0,708,initiation,0.0,0.050809722393751144
6009,1694,0,736,decrease,0.05529305338859558,0.027205554768443108
6009,1694,0,748,decrease,0.10662221908569336,0.03816944360733032
6009,1694,0,787,decrease,0.08360971510410309,0.041051387786865234
6009,1694,0,799,increase,0.027851387858390808,0.06973610818386078
6009,1694,0,831,increase,0.06633472442626953,0.07976527512073517
6009,1694,0,847,increase,0.07909999787807465,0.13524165749549866
6009,1694,0,861,initiation,0.0,0.06793750077486038
6009,1694,0,1155,decrease,0.08110277354717255,0.039976391941308975
6009,1694,0,1167,initiation,0.0,0.062405556440353394
6009,1694,0,1190,increase,0.05044305697083473,0.07107222080230713
6009,1694,0,1243,decrease,0.07092083990573883,0.03562222421169281
6009,1694,0,1280,decrease,0.06353888660669327,0.031111110001802444
6009,1694,0,1296,initiation,0.0,0.04629305750131607
6009,1694,0,1308,increase,0.03117777779698372,0.10168333351612091
6009,1694,0,1384,decrease,0.08372500538825989,0.04293333366513252
6009,1694,0,1396,increase,0.009915277361869812,0.09225555509328842
6009,1694,0,1417,decrease,0.0906125009059906,0.0436902791261673
6009,1694,0,1478,decrease,0.07025972008705139,0.03446250036358833
6009,1694,0,1511,decrease,0.06058333069086075,0.02910555526614189
6009,1694,0,1584,decrease,0.022304166108369827,0.009081944823265076
6009,1694,0,1596,increase,0.0032347221858799458,0.04028888791799545
6009,1694,0,1624,decrease,0.040727779269218445,0.019980555400252342
6009,1694,0,1644,decrease,0.048836108297109604,0.023887498304247856
6009,1694,0,1656,initiation,0.0,0.039056941866874695
6009,1694,0,1965,decrease,0.04303888976573944,0.023625001311302185
6009,1694,0,2010,decrease,0.05016111582517624,0.024948609992861748
6009,1694,0,2092,decrease,0.0653708279132843,0.03188888728618622
6009,1694,0,2104,initiation,0.0,0.05179722234606743
6009,1694,0,2122,decrease,0.05636944621801376,0.037393055856227875
6009,1694,0,2672,increase,0.05680694431066513,0.06973055750131607
6009,1694,0,2684,increase,0.02489444427192211,0.06906528025865555
6009,1694,0,2721,increase,0.06269721686840057,0.07747777551412582
6009,1694,0,2807,decrease,0.07238610833883286,0.03534027561545372
6009,1694,0,2836,decrease,0.07128055393695831,0.035083334892988205
6009,1694,0,2848,increase,0.027513887733221054,0.057733334600925446
6009,1694,0,2883,increase,0.058404166251420975,0.1294138878583908
6009,1694,0,2895,initiation,0.0,0.0930652767419815
6009,1694,0,2993,decrease,0.0844208300113678,0.04111805558204651
6009,1694,1,59,initiation,0.0,0.054487500339746475
6009,1694,1,71,stop,0.11480694264173508,0.0
6009,1694,1,83,initiation,0.0,0.08380277454853058
6009,1694,1,204,decrease,0.07589028030633926,0.03754860907793045
6009,1694,1,216,initiation,0.0,0.06402499973773956
6009,1694,1,308,decrease,0.06539444625377655,0.03188472241163254
6009,1694,1,327,initiation,0.0,0.04071805626153946
6009,1694,1,485,decrease,0.046445831656455994,0.023301389068365097
6009,1694,1,497,initiation,0.0,0.06996805965900421
6009,1694,1,519,decrease,0.06813472509384155,0.034077778458595276
6009,1694,1,532,decrease,0.10589722543954849,0.030023612082004547
6009,1694,1,604,increase,0.10565833002328873,0.1615472286939621
6009,1694,1,616,increase,0.03746805340051651,0.11651527881622314
6009,1694,1,628,decrease,0.11606944352388382,0.05721388757228851
6009,1694,1,667,decrease,0.11423194408416748,0.05599583685398102
6009,1694,1,685,decrease,0.10175833106040955,0.050466664135456085
6009,1694,1,715,initiation,0.0,0.044265277683734894
6009,1694,1,746,decrease,0.04942777752876282,0.030823612585663795
6009,1694,1,787,decrease,0.059373609721660614,0.02937222272157669
6009,1694,1,841,decrease,0.05398055911064148,0.026779167354106903
6009,1694,1,853,increase,0.016049999743700027,0.07799583673477173
6009,1694,1,867,decrease,0.07755833864212036,0.02877083420753479
6009,1694,1,879,decrease,0.08550416678190231,0.04590694606304169
6009,1694,1,891,increase,0.018231945112347603,0.10910972207784653
6009,1694,1,915,increase,0.10748333483934402,0.14649862051010132
6009,1694,1,927,initiation,0.0,0.1296125054359436
6009,1694,1,939,increase,0.06365416944026947,0.10468889027833939
6009,1694,1,1046,decrease,0.11265832930803299,0.044934723526239395
6009,1694,1,1138,decrease,0.12320417165756226,0.057476386427879333
6009,1694,1,1166,initiation,0.0,0.03772500157356262
6009,1694,1,1178,increase,0.053119443356990814,0.08022360503673553
6009,1694,1,1190,initiation,0.0,0.08054722100496292
6009,1694,1,1202,decrease,0.08134305477142334,0.020645832642912865
6009,1694,1,1228,decrease,0.09338749945163727,0.04678333178162575
6009,1694,1,1240,increase,0.08298750221729279,0.12130972743034363
6009,1694,1,1266,increase,0.1260097175836563,0.14488333463668823
6009,1694,1,1278,decrease,0.16291667520999908,0.08145833760499954
6009,1694,1,1314,initiation,0.0,0.05306388810276985
6009,1694,1,1332,initiation,0.0,0.03966250270605087
6009,1694,1,1344,stop,0.04051249846816063,0.0
6009,1694,1,1391,decrease,0.04881666600704193,0.02445833384990692
6009,1694,1,1403,initiation,0.0,0.07157638669013977
6009,1694,1,1417,decrease,0.07095833122730255,0.034869447350502014
6009,1694,1,1429,initiation,0.0,0.057451389729976654
6009,1694,1,1477,decrease,0.05640833452343941,0.028026390820741653
6009,1694,1,1489,initiation,0.0,0.04657916724681854
6009,1694,1,1522,decrease,0.047229163348674774,0.0237722210586071
6009,1694,1,1980,increase,0.027811110019683838,0.40584301948547363
6009,1694,1,1992,initiation,0.0,0.058795832097530365
6009,1694,1,2012,decrease,0.0724305510520935,0.03322361037135124
6009,1694,1,2046,decrease,0.07981111109256744,0.03928888961672783
6009,1694,1,2087,increase,0.008894444443285465,0.031663887202739716
6009,1694,1,2330,decrease,0.037126392126083374,0.018331944942474365
6009,1694,1,2601,decrease,0.034861110150814056,0.0005986110772937536
6009,1694,1,2711,increase,0.03360694646835327,0.06297222524881363
6009,1694,1,2723,increase,0.015809722244739532,0.037970833480358124
6009,1694,1,2748,initiation,0.0,0.036395832896232605
6009,1694,1,2993,decrease,0.03711944445967674,0.018490277230739594
6034,4652,0,25,initiation,0.0,0.39805832505226135
6034,4652,0,37,initiation,0.0,0.19894859194755554
6034,4652,0,50,decrease,0.2041180580854416,0.09824860841035843
6034,4652,0,68,initiation,0.0,0.04650416970252991
6034,4652,0,198,decrease,0.0923958346247673,0.044834718108177185
6034,4652,0,212,initiation,0.0,0.05578472092747688
6034,4652,0,269,decrease,0.06025555729866028,0.030629165470600128
6034,4652,0,507,increase,0.05485416576266289,0.09676388651132584
6034,4652,0,519,initiation,0.0,0.075772225856781
6034,4652,0,537,increase,0.07481388747692108,0.09311666339635849
6034,4652,0,584,decrease,0.08820555359125137,0.04272500053048134
6034,4652,0,596,decrease,0.07786388695240021,0.038377776741981506
6034,4652,0,608,stop,0.06588611006736755,0.0
6034,4652,0,656,decrease,0.060811109840869904,0.048043057322502136
6034,4652,0,673,decrease,0.06971944868564606,0.03366111218929291
6034,4652,0,737,decrease,0.060055553913116455,0.029831944033503532
6034,4652,0,756,initiation,0.0,0.03580000251531601
6034,4652,0,810,decrease,0.038511112332344055,0.019155554473400116
6034,4652,1,30,initiation,0.0,0.10270694643259048
6034,4652,1,50,decrease,0.13120000064373016,0.06332500278949738
6034,4652,1,62,initiation,0.0,0.08857639133930206
6034,4652,1,106,increase,0.08519443869590759,0.1899680495262146
6034,4652,1,118,increase,0.08107917010784149,0.11303471773862839
6034,4652,1,130,increase,0.11244305968284607,0.18532916903495789
6034,4652,1,155,increase,0.11689028143882751,0.13620416820049286
6034,4652,1,286,decrease,0.125941663980484,0.061662498861551285
6034,4652,1,367,decrease,0.11397777497768402,0.057144444435834885
6034,4652,1,385,initiation,0.0,0.047805555164813995
6034,4652,1,626,increase,0.06339582800865173,0.08758333325386047
6034,4652,1,804,decrease,0.08322639018297195,0.0411333329975605
6040,4862,0,44,initiation,0.0,0.6944444179534912
6040,4862,0,56,initiation,0.0,0.1160583347082138
6040,4862,0,74,decrease,0.1152736097574234,0.05793333426117897
6040,4862,0,97,decrease,0.1211458295583725,0.057855553925037384
6040,4862,0,109,increase,0.044386111199855804,0.10067222267389297
6040,4862,0,121,stop,0.09805833548307419,0.0
6040,4862,0,174,decrease,0.06702083349227905,0.03285416588187218
6040,4862,0,189,initiation,0.0,0.03629027679562569
6040,4862,0,201,stop,0.041898611932992935,0.0
6040,4862,0,217,increase,0.011154166422784328,0.029661111533641815
6040,4862,0,238,decrease,0.03435833379626274,0.012502777390182018
6040,4862,0,269,decrease,0.04857499897480011,0.02404305711388588
6040,4862,0,740,decrease,0.05128888785839081,0.02573055401444435
6040,4862,0,796,decrease,0.076347216963768,0.06288333237171173
6040,4862,0,1523,decrease,0.055779166519641876,0.027937499806284904
6040,4862,0,1538,initiation,0.0,0.050413887947797775
6040,4862,0,1645,decrease,0.055258333683013916,0.026847222819924355
6040,4862,0,1685,decrease,0.0554874986410141,0.027209721505641937
6040,4862,0,1697,initiation,0.0,0.03983333334326744
6040,4862,0,1743,decrease,0.041640281677246094,0.020070834085345268
6040,4862,0,1756,increase,0.015787499025464058,0.03329027444124222
6040,4862,0,1795,decrease,0.034756943583488464,0.017197221517562866
6040,4862,0,1849,decrease,0.04515833407640457,0.022345833480358124
6040,4862,0,1873,increase,0.05923888832330704,0.07483194768428802
6040,4862,0,1888,initiation,0.0,0.05614861100912094
6040,4862,0,1900,stop,0.05839305743575096,0.0
6040,4862,0,1912,increase,0.01745833270251751,0.04216388612985611
6040,4862,0,1926,decrease,0.04293333366513252,0.02057499997317791
6040,4862,0,1970,initiation,0.0,0.0835374966263771
6040,4862,0,1983,increase,0.013237500563263893,0.030843056738376617
6040,4862,0,2001,decrease,0.036936111748218536,0.01843472197651863
6040,4862,0,2016,initiation,0.0,0.05242639034986496
6040,4862,0,2028,stop,0.054597221314907074,0.0
6040,4862,0,2043,initiation,0.0,0.03611110895872116
6040,4862,0,2055,stop,0.03813055530190468,0.0
6040,4862,0,2080,increase,0.010824999772012234,0.02436666563153267
6040,4862,0,2092,decrease,0.04965277761220932,0.015436111949384212
6040,4862,0,2104,increase,0.013500000350177288,0.03806111216545105
6040,4862,1,40,initiation,0.0,0.47423192858695984
6040,4862,1,54,initiation,0.0,0.08370417356491089
6040,4862,1,66,decrease,0.10597916692495346,0.06754166632890701
6040,4862,1,80,initiation,0.0,0.049186110496520996
6040,4862,1,234,decrease,0.05123472213745117,0.025505555793642998
6040,4862,1,279,increase,0.011950000189244747,0.030887499451637268
6040,4862,1,335,initiation,0.0,0.04640138894319534
6040,4862,1,348,decrease,0.04613194614648819,0.02268611080944538
6040,4862,1,360,increase,0.008362499997019768,0.05318889021873474
6040,4862,1,397,decrease,0.06031250208616257,0.029563887044787407
6040,4862,1,411,decrease,0.06878750026226044,0.0348111093044281
6040,4862,1,425,decrease,0.07751527428627014,0.03787500038743019
6040,4862,1,568,decrease,0.08794304728507996,0.044136110693216324
6040,4862,1,627,decrease,0.07962360978126526,0.03980694338679314
6040,4862,1,639,increase,0.02952639013528824,0.0708402767777443
6040,4862,1,719,decrease,0.07315278053283691,0.03634166717529297
6040,4862,1,731,initiation,0.0,0.08232222497463226
6040,4862,1,792,decrease,0.08029027283191681,0.03938889130949974
6040,4862,1,804,increase,0.029987499117851257,0.07123611122369766
6040,4862,1,825,decrease,0.07201805710792542,0.03578055277466774
6040,4862,1,846,decrease,0.08134444802999496,0.04072500020265579
6040,4862,1,882,decrease,0.08902083337306976,0.04401111230254173
6040,4862,1,894,initiation,0.0,0.06874166429042816
6040,4862,1,1116,decrease,0.07280278205871582,0.036274999380111694
6040,4862,1,1128,increase,0.02607777714729309,0.06345278024673462
6040,4862,1,1140,stop,0.06413472443819046,0.0
6040,4862,1,1216,decrease,0.057815276086330414,0.02953055500984192
6040,4862,1,1228,decrease,0.06775416433811188,0.03297777846455574
6040,4862,1,1240,initiation,0.0,0.0565124973654747
6040,4862,1,1273,decrease,0.05792222172021866,0.029698610305786133
6040,4862,1,1424,decrease,0.06570416688919067,0.03228888660669327
6040,4862,1,1457,stop,0.06614305078983307,0.0
6040,4862,1,1469,initiation,0.0,0.09158472716808319
6040,4862,1,1547,decrease,0.08771805465221405,0.044051386415958405
6040,4862,1,1567,initiation,0.0,0.05523194372653961
6040,4862,1,1687,decrease,0.06547082960605621,0.032563887536525726
6040,4862,1,1699,initiation,0.0,0.05557221919298172
6040,4862,1,1851,decrease,0.05805972218513489,0.00317499996162951
6040,4862,1,1875,decrease,0.0668138861656189,0.0331847220659256
6040,4862,1,1887,initiation,0.0,0.05618055909872055
6040,4862,1,1899,stop,0.05631528049707413,0.0
6040,4862,1,1931,decrease,0.048965275287628174,0.02418472245335579
6040,4862,1,1943,initiation,0.0,0.041345834732055664
6040,4862,1,1978,increase,0.04168194532394409,0.07315139472484589
6040,4862,1,1990,increase,0.018597222864627838,0.05514305457472801
6040,4862,1,2030,decrease,0.05951249599456787,0.02890000119805336
6040,4862,1,2042,initiation,0.0,0.04973611235618591
6040,4862,1,2055,decrease,0.049529168754816055,0.02525000087916851
6040,4862,1,2069,initiation,0.0,0.043025001883506775
6040,4862,1,2111,decrease,0.053898610174655914,0.0265097226947546
6053,1957,0,29,initiation,0.0,0.6944444179534912
6053,1957,0,41,initiation,0.0,0.04559027776122093
6053,1957,0,58,decrease,0.1551513969898224,0.07490694522857666
6053,1957,0,70,initiation,0.0,0.11962361633777618
6053,1957,0,98,decrease,0.12209305167198181,0.05905972048640251
6053,1957,0,110,initiation,0.0,0.03583749756217003
6053,1957,0,181,decrease,0.07357639074325562,0.03619583323597908
6053,1957,0,560,decrease,0.0732041671872139,0.03608611226081848
6053,1957,0,572,increase,0.05713750049471855,0.07388749718666077
6053,1957,0,760,decrease,0.07131250202655792,0.03519027680158615
6053,1957,0,775,initiation,0.0,0.04372638836503029
6053,1957,0,799,decrease,0.047591667622327805,0.023290276527404785
6053,1957,0,811,initiation,0.0,0.03744722157716751
6053,1957,0,857,decrease,0.04064027965068817,0.019955554977059364
6053,1957,0,886,initiation,0.0,0.29537639021873474
6053,1957,1,27,initiation,0.0,0.3136236071586609
6053,1957,1,39,initiation,0.0,0.05166389048099518
6053,1957,1,59,decrease,0.07848472148180008,0.03792500123381615
6053,1957,1,75,initiation,0.0,0.03557360917329788
6053,1957,1,89,increase,0.03066388890147209,0.05173749849200249
6053,1957,1,101,stop,0.051301389932632446,0.0
6053,1957,1,181,decrease,0.0430263876914978,0.016898611560463905
6053,1957,1,193,increase,0.051895834505558014,0.07239305973052979
6053,1957,1,761,decrease,0.0660458356142044,0.03254028037190437
6053,1957,1,773,initiation,0.0,0.052222222089767456
6053,1957,1,799,decrease,0.05472777783870697,0.026669444516301155
6053,1957,1,812,initiation,0.0,0.04184861108660698
6053,1957,1,866,decrease,0.06671944260597229,0.03315555676817894
6053,1957,1,892,initiation,0.0,0.036537498235702515
6053,1957,1,911,decrease,0.0679694414138794,0.03330972045660019
6053,1957,1,957,initiation,0.0,0.5555555820465088
6061,4772,0,109,initiation,0.0,0.6944444179534912
6061,4772,0,121,initiation,0.0,0.12242361158132553
6061,4772,0,147,decrease,0.11642500013113022,0.05615000054240227
6061,4772,0,225,initiation,0.0,0.03522361069917679
6061,4772,0,313,decrease,0.03290277719497681,0.016508333384990692
6061,4772,0,331,initiation,0.0,0.036427777260541916
6061,4772,0,428,decrease,0.03840694576501846,0.01891944371163845
6061,4772,0,642,decrease,0.046626389026641846,0.022697221487760544
6061,4772,0,655,initiation,0.0,0.0415777787566185
6061,4772,0,1311,decrease,0.042427778244018555,0.02111666649580002
6061,4772,0,1471,decrease,0.05264444276690483,0.02546527609229088
6061,4772,0,1484,initiation,0.0,0.036726389080286026
6061,4772,0,1726,decrease,0.04014027863740921,0.01960138790309429
6061,4772,0,1806,decrease,0.05372777581214905,0.02594444528222084
6061,4772,0,1819,initiation,0.0,0.037272222340106964
6061,4772,0,2263,decrease,0.03907083347439766,0.019945833832025528
6061,4772,0,2310,decrease,0.052727777510881424,0.025947220623493195
6061,4772,1,105,initiation,0.0,0.5555555820465088
6061,4772,1,119,initiation,0.0,0.06348749995231628
6061,4772,1,163,decrease,0.0751444399356842,0.03666944429278374
6061,4772,1,349,initiation,0.0,0.03896666690707207
6061,4772,1,423,decrease,0.051213886588811874,0.025361111387610435
6061,4772,1,435,increase,0.018149999901652336,0.07106805592775345
6061,4772,1,454,decrease,0.06964583694934845,0.03488055616617203
6061,4772,1,466,increase,0.058973610401153564,0.08925139158964157
6061,4772,1,646,decrease,0.08358888328075409,0.041284721344709396
6061,4772,1,723,decrease,0.1007569432258606,0.05010416731238365
6061,4772,1,735,initiation,0.0,0.07854722440242767
6061,4772,1,1092,decrease,0.08246805518865585,0.041737500578165054
6061,4772,1,1377,decrease,0.09972222149372101,0.04940972477197647
6061,4772,1,1393,initiation,0.0,0.056401390582323074
6061,4772,1,1472,decrease,0.07299721986055374,0.036593057215213776
6061,4772,1,1484,initiation,0.0,0.06255555152893066
6061,4772,1,1592,decrease,0.06547361612319946,0.03265833482146263
6061,4772,1,1807,decrease,0.07417916506528854,0.03683333471417427
6061,4772,1,1819,initiation,0.0,0.06337222456932068
6061,4772,1,1891,decrease,0.06525416672229767,0.032531943172216415
6061,4772,1,2159,decrease,0.06580694019794464,0.03332916647195816
6061,4772,1,2172,decrease,0.039459723979234695,0.019204165786504745
6061,4772,1,2310,decrease,0.09108472615480423,0.045406945049762726
6071,6003,0,53,initiation,0.0,0.6944444179534912
6071,6003,0,65,stop,0.4032277762889862,0.0
6071,6003,0,93,decrease,0.19735556840896606,0.10041110962629318
6071,6003,0,129,initiation,0.0,0.04087083414196968
6071,6003,0,194,decrease,0.09955000877380371,0.04873333498835564
6071,6003,0,206,initiation,0.0,0.07777222245931625
6071,6003,0,260,increase,0.0756722241640091,0.4384569525718689
6071,6003,0,283,initiation,0.0,0.050211112946271896
6071,6003,0,325,decrease,0.11836527287960052,0.05698472261428833
6071,6003,0,351,initiation,0.0,0.039326392114162445
6071,6003,0,458,decrease,0.05310000106692314,0.026955556124448776
6071,6003,0,1528,decrease,0.06621389091014862,0.03263333439826965
6071,6003,0,1541,initiation,0.0,0.041830554604530334
6071,6003,0,1682,decrease,0.05076666548848152,0.0258402768522501
6071,6003,0,1866,decrease,0.05810416489839554,0.028676388785243034
6071,6003,0,1987,decrease,0.05079860985279083,0.02556527778506279
6071,6003,1,53,initiation,0.0,0.42256247997283936
6071,6003,1,65,initiation,0.0,0.07969722151756287
6071,6003,1,93,increase,0.08787361532449722,0.550433337688446
6071,6003,1,129,initiation,0.0,0.045745834708213806
6071,6003,1,195,decrease,0.061533331871032715,0.0304263886064291
6071,6003,1,262,decrease,0.05594305321574211,0.02827499993145466
6071,6003,1,326,decrease,0.06479305028915405,0.03176944702863693
6071,6003,1,428,decrease,0.036904167383909225,0.018066667020320892
6071,6003,1,440,initiation,0.0,0.08619999885559082
6071,6003,1,543,decrease,0.07590138912200928,0.038159724324941635
6071,6003,1,637,decrease,0.08507221937179565,0.04201110824942589
6071,6003,1,649,increase,0.029411111027002335,0.07191388309001923
6071,6003,1,846,decrease,0.07494444400072098,0.036690276116132736
6071,6003,1,858,initiation,0.0,0.06224583089351654
6071,6003,1,1195,decrease,0.06555833667516708,0.0324055552482605
6071,6003,1,1207,initiation,0.0,0.0522194430232048
6071,6003,1,1777,decrease,0.0558222234249115,0.02778611145913601
6071,6003,1,1807,decrease,0.06731528043746948,0.03326527774333954
6071,6003,1,1869,decrease,0.0754319429397583,0.03745277598500252
6071,6003,1,1990,decrease,0.08393055200576782,0.04204583540558815
6071,6003,1,2008,initiation,0.0,0.03977777808904648
6071,6003,1,2020,stop,0.04855000227689743,0.0
6074,1179,0,15,initiation,0.0,0.6944444179534912
6074,1179,0,30,initiation,0.0,0.08375000208616257
6074,1179,0,141,decrease,0.16018471121788025,0.07862222194671631
6074,1179,0,157,initiation,0.0,0.03557361289858818
6074,1179,0,309,decrease,0.08818888664245605,0.043412499129772186
6074,1179,0,328,initiation,0.0,0.04046110808849335
6074,1179,0,436,decrease,0.053894445300102234,0.02777361124753952
6074,1179,0,448,decrease,0.07638195157051086,0.0377291664481163
6074,1179,0,581,decrease,0.07370416820049286,0.0363277792930603
6074,1179,0,593,initiation,0.0,0.051470834761857986
6074,1179,0,605,stop,0.05178472399711609,0.0
6074,1179,0,791,decrease,0.0715152770280838,0.035394445061683655
6074,1179,0,803,increase,0.027509720996022224,0.05845555663108826
6074,1179,0,857,decrease,0.059990279376506805,0.02971944585442543
6074,1179,0,1219,decrease,0.05543055385351181,0.0285124983638525
6074,1179,0,1231,increase,0.0423569455742836,0.06807638704776764
6074,1179,0,1623,decrease,0.06229444593191147,0.045480553060770035
6074,1179,0,1649,decrease,0.07014722377061844,0.03482639044523239
6074,1179,0,1685,decrease,0.08884860575199127,0.043816667050123215
6074,1179,0,1742,decrease,0.07397222518920898,0.035951390862464905
6074,1179,0,1754,initiation,0.0,0.06256388872861862
6074,1179,0,1766,increase,0.04964999854564667,0.06485555320978165
6074,1179,0,1840,decrease,0.06521111726760864,0.032269444316625595
6074,1179,0,1853,initiation,0.0,0.04221666604280472
6074,1179,0,1934,decrease,0.04858194291591644,0.023545831441879272
6074,1179,0,1983,decrease,0.04988333582878113,0.02494305558502674
6074,1179,0,2000,initiation,0.0,0.04096111282706261
6074,1179,0,2026,decrease,0.04968471825122833,0.024634720757603645
6074,1179,1,12,initiation,0.0,0.5555555820465088
6074,1179,1,24,initiation,0.0,0.14907361567020416
6074,1179,1,63,decrease,0.11807778477668762,0.05762500315904617
6074,1179,1,81,initiation,0.0,0.036323610693216324
6074,1179,1,242,decrease,0.05594860762357712,0.028777776286005974
6074,1179,1,280,decrease,0.08181944489479065,0.039694443345069885
6074,1179,1,292,initiation,0.0,0.060123611241579056
6074,1179,1,310,increase,0.062259722501039505,0.29194721579551697
6074,1179,1,322,initiation,0.0,0.1575264036655426
6074,1179,1,354,decrease,0.1397361159324646,0.06882639229297638
6074,1179,1,366,initiation,0.0,0.09613750129938126
6074,1179,1,525,decrease,0.10268472135066986,0.05065833032131195
6074,1179,1,583,decrease,0.10214583575725555,0.08278332650661469
6074,1179,1,792,decrease,0.11487499624490738,0.05643888935446739
6074,1179,1,953,decrease,0.10686388611793518,0.0531972199678421
6074,1179,1,969,initiation,0.0,0.058933332562446594
6074,1179,1,1185,decrease,0.10525138676166534,0.04862777888774872
6074,1179,1,1197,increase,0.035786110907793045,0.08133333176374435
6074,1179,1,1443,increase,0.09641389548778534,0.1298624873161316
6074,1179,1,1868,decrease,0.10894028097391129,0.05416250228881836
6088,3244,0,25,initiation,0.0,0.6944444179534912
6088,3244,0,37,initiation,0.0,0.1030527725815773
6088,3244,0,481,decrease,0.06703055649995804,0.032648611813783646
6088,3244,0,493,initiation,0.0,0.05466805398464203
6088,3244,0,607,decrease,0.05686111003160477,0.028398612514138222
6088,3244,0,968,decrease,0.056865278631448746,0.028354167938232422
6088,3244,0,995,increase,0.01281111128628254,0.027641667053103447
6088,3244,0,1023,decrease,0.02958333119750023,0.0149347223341465
6088,3244,1,17,initiation,0.0,0.5094263553619385
6088,3244,1,29,initiation,0.0,0.04887361079454422
6088,3244,1,457,decrease,0.07510554790496826,0.03745555505156517
6088,3244,1,469,initiation,0.0,0.06218888983130455
6088,3244,1,481,decrease,0.06284584105014801,0.031530555337667465
6088,3244,1,493,initiation,0.0,0.05094027519226074
6088,3244,1,969,decrease,0.0560416653752327,0.027193056419491768
6088,3244,1,981,initiation,0.0,0.04402777552604675
6088,3244,1,1134,decrease,0.046300001442432404,0.022869443520903587
6090,5962,0,69,initiation,0.0,0.5076485872268677
6090,5962,0,81,initiation,0.0,0.10219305753707886
6090,5962,0,112,decrease,0.0982208400964737,0.047393057495355606
6090,5962,0,131,initiation,0.0,0.04808750003576279
6090,5962,0,317,decrease,0.04205555468797684,0.020527778193354607
6090,5962,0,330,decrease,0.05439305678009987,0.02743889018893242
6090,5962,0,342,initiation,0.0,0.05830416828393936
6090,5962,0,360,decrease,0.05804166942834854,0.028852777555584908
6090,5962,0,411,decrease,0.05014999955892563,0.024766666814684868
6090,5962,0,555,increase,0.037013888359069824,0.04929583519697189
6090,5962,0,567,initiation,0.0,0.04218749701976776
6090,5962,0,666,decrease,0.042681947350502014,0.021005554124712944
6090,5962,0,679,increase,0.015115277841687202,0.034509722143411636
6090,5962,0,701,increase,0.03467083349823952,0.12638333439826965
6090,5962,0,713,increase,0.0013749999925494194,0.04892221838235855
6090,5962,0,805,increase,0.051818057894706726,0.14860416948795319
6090,5962,0,837,initiation,0.0,0.04242916405200958
6090,5962,0,990,decrease,0.04363611340522766,0.021631944924592972
6090,5962,0,1056,increase,0.0369708314538002,0.04990972578525543
6090,5962,0,1719,decrease,0.04465833306312561,0.022441668435931206
6090,5962,0,1754,decrease,0.03975972160696983,0.019409723579883575
6090,5962,1,68,initiation,0.0,0.2545138895511627
6090,5962,1,81,initiation,0.0,0.06035277992486954
6090,5962,1,117,decrease,0.06485694646835327,0.03201388940215111
6090,5962,1,150,increase,0.007348611019551754,0.02669583261013031
6090,5962,1,225,initiation,0.0,0.3558986186981201
6090,5962,1,237,initiation,0.0,0.037704166024923325
6090,5962,1,305,decrease,0.06871944665908813,0.03407499939203262
6090,5962,1,317,initiation,0.0,0.059513889253139496
6090,5962,1,359,decrease,0.059615276753902435,0.02909861132502556
6090,5962,1,374,initiation,0.0,0.037194445729255676
6090,5962,1,386,decrease,0.0412430539727211,0.018122222274541855
6090,5962,1,398,decrease,0.03869583457708359,0.019519444555044174
6090,5962,1,411,increase,0.013290277682244778,0.03433888778090477
6090,5962,1,449,stop,0.03634027764201164,0.0
6090,5962,1,583,decrease,0.044547222554683685,0.022259723395109177
6090,5962,1,598,increase,0.012240277603268623,0.035087499767541885
6090,5962,1,668,stop,0.036722224205732346,0.0
6090,5962,1,706,stop,0.037695832550525665,0.0
6090,5962,1,794,decrease,0.047659724950790405,0.024245833978056908
6090,5962,1,806,increase,0.05319444462656975,0.08619027584791183
6090,5962,1,818,increase,0.01507361140102148,0.06209167093038559
6090,5962,1,869,decrease,0.06017500162124634,0.029766665771603584
6090,5962,1,881,initiation,0.0,0.05019444599747658
6090,5962,1,908,decrease,0.0508805587887764,0.025675000622868538
6090,5962,1,920,decrease,0.04808611050248146,0.019954165443778038
6090,5962,1,977,decrease,0.048706941306591034,0.02430972270667553
6090,5962,1,989,increase,0.025238890200853348,0.049913886934518814
6090,5962,1,1097,decrease,0.04847361147403717,0.02435416728258133
6090,5962,1,1722,decrease,0.04728750139474869,0.023665277287364006
6090,5962,1,1761,decrease,0.051777780055999756,0.02606527879834175
6090,5962,1,1773,initiation,0.0,0.04221110790967941
6090,5962,1,1800,decrease,0.04306666553020477,0.021497221663594246
6097,3015,0,16,initiation,0.0,0.6944444179534912
6097,3015,0,28,initiation,0.0,0.08266666531562805
6097,3015,0,55,decrease,0.15439444780349731,0.07470139116048813
6097,3015,0,80,initiation,0.0,0.05165833234786987
6097,3015,0,178,decrease,0.053608331829309464,0.02738194540143013
6097,3015,0,209,decrease,0.06731388717889786,0.05013055354356766
6097,3015,0,499,decrease,0.06591111421585083,0.03282361105084419
6097,3015,0,612,decrease,0.02491110935807228,0.012316666543483734
6097,3015,1,16,initiation,0.0,0.5555555820465088
6097,3015,1,28,initiation,0.0,0.06459305435419083
6097,3015,1,55,decrease,0.0996430516242981,0.04877083748579025
6097,3015,1,77,initiation,0.0,0.04101944714784622
6097,3015,1,110,decrease,0.04380277544260025,0.022837501019239426
6097,3015,1,122,increase,0.02620277740061283,0.08095277845859528
6097,3015,1,206,increase,0.07654999941587448,0.1709749847650528
6097,3015,1,218,increase,0.039779163897037506,0.09293749928474426
6097,3015,1,657,decrease,0.08317361027002335,0.04109027609229088
6104,2712,0,101,initiation,0.0,0.6130430698394775
6104,2712,0,113,initiation,0.0,0.10668611526489258
6104,2712,0,339,decrease,0.07270416617393494,0.036944445222616196
6104,2712,0,351,initiation,0.0,0.05753055587410927
6104,2712,0,363,increase,0.029561111703515053,0.07339861243963242
6104,2712,0,377,decrease,0.07148055732250214,0.03539999946951866
6104,2712,0,794,decrease,0.061423610895872116,0.029988886788487434
6104,2712,0,810,initiation,0.0,0.03749722242355347
6104,2712,0,826,decrease,0.03902222216129303,0.018973611295223236
6104,2712,0,869,initiation,0.0,0.04394860938191414
6104,2712,0,913,decrease,0.04421527683734894,0.021740278229117393
6104,2712,0,931,decrease,0.05832638964056969,0.028219444677233696
6104,2712,0,943,initiation,0.0,0.043840281665325165
6104,2712,0,958,decrease,0.0430680550634861,0.021369444206357002
6104,2712,1,94,initiation,0.0,0.5555555820465088
6104,2712,1,106,initiation,0.0,0.11014167219400406
6104,2712,1,144,decrease,0.08886111527681351,0.04346388950943947
6104,2712,1,156,initiation,0.0,0.05503333359956741
6104,2712,1,353,decrease,0.060095835477113724,0.017888888716697693
6104,2712,1,395,increase,0.07931806147098541,0.10937638580799103
6104,2712,1,819,decrease,0.10911667346954346,0.053688887506723404
6104,2712,1,841,initiation,0.0,0.03931944817304611
6104,2712,1,910,increase,0.05685972049832344,0.11838472634553909
6104,2712,1,922,initiation,0.0,0.11280416697263718
6104,2712,1,961,decrease,0.10286805033683777,0.05045972391963005
6105,3937,0,12,initiation,0.0,0.6944444179534912
6105,3937,0,24,initiation,0.0,0.09240555763244629
6105,3937,0,36,decrease,0.1330791711807251,0.06542360782623291
6105,3937,0,48,decrease,0.12283888459205627,0.07261250168085098
6105,3937,0,246,decrease,0.09058472514152527,0.04456249997019768
6105,3937,0,258,initiation,0.0,0.06467221677303314
6105,3937,0,412,decrease,0.0675041675567627,0.0322277769446373
6105,3937,0,424,initiation,0.0,0.04824444651603699
6105,3937,0,461,decrease,0.050466667860746384,0.03533055633306503
6105,3937,0,533,decrease,0.05863749980926514,0.029168054461479187
6105,3937,0,583,decrease,0.0591638907790184,0.029195833951234818
6105,3937,0,613,increase,0.011069444008171558,0.024690277874469757
6105,3937,0,739,decrease,0.03289305418729782,0.016486110165715218
6105,3937,1,12,initiation,0.0,0.34063196182250977
6105,3937,1,24,initiation,0.0,0.12194861471652985
6105,3937,1,36,decrease,0.11364583671092987,0.054172225296497345
6105,3937,1,461,decrease,0.07745833694934845,0.029230555519461632
6105,3937,1,542,decrease,0.10416527837514877,0.08546250313520432
6105,3937,1,739,decrease,0.10752639174461365,0.052666664123535156
6107,4376,0,28,initiation,0.0,0.6130444407463074
6107,4376,0,40,initiation,0.0,0.09303055703639984
6107,4376,0,52,stop,0.11114999651908875,0.0
6107,4376,0,104,decrease,0.08113888651132584,0.03980416804552078
6107,4376,0,161,decrease,0.0846722275018692,0.04146388918161392
6107,4376,0,176,initiation,0.0,0.04825277626514435
6107,4376,0,501,decrease,0.04924444109201431,0.02381666749715805
6107,4376,0,513,increase,0.018884722143411636,0.04037916660308838
6107,4376,0,769,decrease,0.0422472208738327,0.020640278235077858
6107,4376,1,29,initiation,0.0,1.0523250102996826
6107,4376,1,41,initiation,0.0,0.12099999189376831
6107,4376,1,53,stop,0.11837638914585114,0.0
6107,4376,1,66,initiation,0.0,0.05882222205400467
6107,4376,1,81,decrease,0.07016250491142273,0.0342569462954998
6107,4376,1,160,increase,0.022579167038202286,0.5672625303268433
6107,4376,1,174,initiation,0.0,0.068869449198246
6107,4376,1,257,decrease,0.10333749651908875,0.050987496972084045
6107,4376,1,269,initiation,0.0,0.08045277744531631
6107,4376,1,590,decrease,0.08391944319009781,0.04157361015677452
6107,4376,1,769,decrease,0.09213888645172119,0.04601110890507698
6114,120,0,13,stop,0.14242221415042877,0.0
6114,120,0,42,decrease,0.08204028010368347,0.04011527821421623
6114,120,0,54,increase,0.02883888967335224,0.06664027273654938
6114,120,0,77,decrease,0.06333056092262268,0.03137083351612091
6114,120,0,93,initiation,0.0,0.037756942212581635
6114,120,0,130,decrease,0.03723888844251633,0.018595833331346512
6114,120,0,180,decrease,0.04469166696071625,0.022283334285020828
6114,120,0,192,initiation,0.0,0.04479999840259552
6114,120,0,319,decrease,0.04022499918937683,0.01988055557012558
6114,120,0,336,increase,0.013059722259640694,0.029036112129688263
6114,120,0,407,decrease,0.030015278607606888,0.014643056318163872
6114,120,0,429,decrease,0.036400001496076584,0.01850833371281624
6114,120,0,517,decrease,0.03972499817609787,0.021716667339205742
6114,120,0,798,decrease,0.04192083328962326,0.022473610937595367
6114,120,0,827,increase,0.0468069426715374,0.061637502163648605
6114,120,0,968,decrease,0.05510694533586502,0.027440277859568596
6114,120,0,983,decrease,0.054415278136730194,0.02689305692911148
6114,120,0,1010,decrease,0.04784861207008362,0.025929167866706848
6114,120,0,1022,stop,0.04347638785839081,0.0
6114,120,0,1093,decrease,0.03892083466053009,0.01907361112535
6114,120,0,1110,increase,0.012405555695295334,0.028494443744421005
6114,120,0,1255,decrease,0.032338887453079224,0.016124999150633812
6114,120,0,1401,increase,0.008731944486498833,0.022224999964237213
6114,120,0,1436,decrease,0.028615277260541916,0.01427222229540348
6114,120,0,1448,increase,0.03527083247900009,0.04968472197651863
6114,120,0,1472,decrease,0.04810278117656708,0.02376111038029194
6114,120,0,1484,initiation,0.0,0.03649166598916054
6114,120,0,1496,increase,0.010809722356498241,0.04725555330514908
6114,120,0,1524,decrease,0.045508332550525665,0.02189583331346512
6114,120,0,1539,increase,0.015516666695475578,0.034081943333148956
6114,120,0,1563,increase,0.002888888819143176,0.034037500619888306
6114,120,0,1629,decrease,0.03392361104488373,0.01660972088575363
6114,120,0,1647,increase,0.008795833215117455,0.023127779364585876
6114,120,0,1968,decrease,0.026462500914931297,0.012870833277702332
6114,120,1,15,initiation,0.0,0.06844722479581833
6114,120,1,41,decrease,0.0787208303809166,0.0385083332657814
6114,120,1,53,initiation,0.0,0.05054166913032532
6114,120,1,76,decrease,0.05791110917925835,0.028741667047142982
6114,120,1,88,initiation,0.0,0.04871944338083267
6114,120,1,196,decrease,0.05000138655304909,0.025095833465456963
6114,120,1,218,increase,0.012401388958096504,0.033145833760499954
6114,120,1,839,decrease,0.02889583259820938,0.00882361177355051
6114,120,1,890,increase,0.01587083376944065,0.041627779603004456
6114,120,1,902,stop,0.04194166511297226,0.0
6114,120,1,916,increase,0.01210416667163372,0.032216668128967285
6114,120,1,1015,decrease,0.028666667640209198,0.007900000549852848
6114,120,1,1035,stop,0.03688888996839523,0.0
6114,120,1,1071,increase,0.027670834213495255,0.061783336102962494
6114,120,1,1094,increase,0.021784722805023193,0.052577778697013855
6114,120,1,1113,decrease,0.053341664373874664,0.026616666465997696
6114,120,1,1284,decrease,0.0572236105799675,0.028612500056624413
6114,120,1,1433,decrease,0.057455554604530334,0.028441667556762695
6114,120,1,1445,increase,0.019458333030343056,0.049380555748939514
6114,120,1,1472,decrease,0.050227776169776917,0.024715278297662735
6114,120,1,1484,initiation,0.0,0.04239444434642792
6114,120,1,1496,initiation,0.0,0.052299998700618744
6114,120,1,1525,decrease,0.05157916992902756,0.025304166600108147
6114,120,1,1537,initiation,0.0,0.041688889265060425
6114,120,1,1865,decrease,0.04312083125114441,0.0211444441229105
6114,120,1,1881,increase,0.011851388961076736,0.03397916629910469
6170,5010,0,99,initiation,0.0,0.6380375027656555
6170,5010,0,111,initiation,0.0,0.11762777715921402
6170,5010,0,235,decrease,0.10413055121898651,0.04962499812245369
6170,5010,0,247,initiation,0.0,0.07716666907072067
6170,5010,0,287,decrease,0.07446944713592529,0.035856943577528
6170,5010,0,313,decrease,0.0838194489479065,0.04008333384990692
6170,5010,0,328,initiation,0.0,0.045633330941200256
6170,5010,0,624,decrease,0.04982221871614456,0.02468472346663475
6170,5010,0,636,initiation,0.0,0.04019305855035782
6170,5010,0,1122,decrease,0.04025833308696747,0.019652776420116425
6170,5010,0,1194,decrease,0.059049997478723526,0.030556943267583847
6170,5010,0,1229,increase,0.07338888943195343,0.7320736050605774
6170,5010,0,1266,initiation,0.0,0.05427222326397896
6170,5010,0,1291,decrease,0.06264027953147888,0.03135138750076294
6170,5010,1,96,initiation,0.0,0.4861111044883728
6170,5010,1,108,stop,0.1991611123085022,0.0
6170,5010,1,126,decrease,0.09511388838291168,0.046501386910676956
6170,5010,1,138,initiation,0.0,0.17135556042194366
6170,5010,1,152,decrease,0.07615832984447479,0.03757360950112343
6170,5010,1,236,decrease,0.0737902820110321,0.03686527535319328
6170,5010,1,248,initiation,0.0,0.06338749825954437
6170,5010,1,284,increase,0.06389722228050232,0.08267639577388763
6170,5010,1,296,increase,0.007176388520747423,0.07510833442211151
6170,5010,1,313,decrease,0.07363055646419525,0.03660277649760246
6170,5010,1,327,initiation,0.0,0.042201388627290726
6170,5010,1,402,decrease,0.059543050825595856,0.029413888230919838
6170,5010,1,434,decrease,0.06542222201824188,0.02978888899087906
6170,5010,1,597,decrease,0.07299582660198212,0.03623750060796738
6170,5010,1,626,decrease,0.08273055404424667,0.04152083396911621
6170,5010,1,638,increase,0.058384720236063004,0.09132499992847443
6170,5010,1,681,decrease,0.08994166553020477,0.04456805810332298
6170,5010,1,774,decrease,0.09780417382717133,0.04849305748939514
6170,5010,1,1121,decrease,0.08694305270910263,0.04357083514332771
6170,5010,1,1173,increase,0.005369444377720356,0.024158332496881485
6170,5010,1,1192,initiation,0.0,0.03656388819217682
6170,5010,1,1212,decrease,0.03757360950112343,0.018797222524881363
6170,5010,1,1224,initiation,0.0,0.059636108577251434
6170,5010,1,1236,initiation,0.0,0.08715693652629852
6170,5010,1,1251,decrease,0.08596806228160858,0.04228472337126732
6170,5010,1,1306,decrease,0.08229999989271164,0.04087361320853233
6170,5010,1,1320,initiation,0.0,0.048944443464279175
6170,5010,1,1344,decrease,0.062005553394556046,0.031101388856768608
6174,5070,0,158,initiation,0.0,0.6944444179534912
6174,5070,0,170,initiation,0.0,0.08925972133874893
6174,5070,0,388,decrease,0.09613055735826492,0.046675000339746475
6174,5070,0,401,initiation,0.0,0.058283332735300064
6174,5070,0,596,decrease,0.06666527688503265,0.03355694189667702
6174,5070,0,829,decrease,0.06113472580909729,0.029790276661515236
6174,5070,0,920,initiation,0.0,0.05232638865709305
6174,5070,0,942,increase,0.01378194522112608,0.033287499099969864
6174,5070,0,1015,decrease,0.03560694307088852,0.017484722658991814
6174,5070,1,156,initiation,0.0,0.5555555820465088
6174,5070,1,168,initiation,0.0,0.04481527581810951
6174,5070,1,211,decrease,0.08766806125640869,0.04276805371046066
6174,5070,1,224,initiation,0.0,0.049420833587646484
6174,5070,1,362,decrease,0.05906527489423752,0.02914583496749401
6174,5070,1,374,increase,0.021554166451096535,0.04834583401679993
6174,5070,1,408,decrease,0.04998333752155304,0.02502777799963951
6174,5070,1,599,decrease,0.05888611078262329,0.030255556106567383
6174,5070,1,753,decrease,0.0687805563211441,0.03524444252252579
6174,5070,1,910,decrease,0.07838611304759979,0.03878333419561386
6174,5070,1,1014,increase,0.026815276592969894,0.19415000081062317
6174,5070,1,1026,initiation,0.0,0.07028055936098099
6174,5070,1,1087,decrease,0.06387221813201904,0.031695831567049026
6181,736,0,22,initiation,0.0,0.06230555474758148
6181,736,0,36,decrease,0.06599028408527374,0.0322277769446373
6181,736,0,48,initiation,0.0,0.053748615086078644
6181,736,0,481,decrease,0.040308333933353424,0.020004166290163994
6181,736,0,497,increase,0.012908332981169224,0.028216667473316193
6181,736,0,539,decrease,0.0297361109405756,0.014322222210466862
6181,736,0,551,stop,0.04266111180186272,0.0
6181,736,0,564,initiation,0.0,0.037356942892074585
6181,736,0,602,increase,0.039895832538604736,0.07544166594743729
6181,736,0,614,increase,0.006719444412738085,0.028266666457057
6181,736,0,647,initiation,0.0,0.035802777856588364
6181,736,0,716,increase,0.008390277624130249,0.023266667500138283
6181,736,0,1102,decrease,0.030481943860650063,0.015016666613519192
6181,736,0,1282,initiation,0.0,0.04014027863740921
6181,736,0,1295,increase,0.0008236111025325954,0.02748333290219307
6181,736,0,1343,decrease,0.026133332401514053,0.012690277770161629
6181,736,0,1442,decrease,0.024147219955921173,0.011868055909872055
6181,736,1,12,stop,0.27795693278312683,0.0
6181,736,1,24,initiation,0.0,0.05820416659116745
6181,736,1,36,stop,0.057148613035678864,0.0
6181,736,1,105,initiation,0.0,0.04050000011920929
6181,736,1,127,increase,0.0116194449365139,0.030469443649053574
6181,736,1,290,decrease,0.031393058598041534,0.0043638888746500015
6181,736,1,316,increase,0.03899861127138138,0.07395555824041367
6181,736,1,328,initiation,0.0,0.05253611132502556
6181,736,1,340,stop,0.05341111123561859,0.0
6181,736,1,366,decrease,0.059013888239860535,0.03007499873638153
6181,736,1,408,decrease,0.06383194029331207,0.031901389360427856
6181,736,1,420,initiation,0.0,0.05599166825413704
6181,736,1,439,decrease,0.05733055621385574,0.028136109933257103
6181,736,1,482,decrease,0.06417916715145111,0.03150555491447449
6181,736,1,494,increase,0.020715277642011642,0.05625277757644653
6181,736,1,513,decrease,0.0564916655421257,0.02798333391547203
6181,736,1,525,initiation,0.0,0.04884166643023491
6181,736,1,549,decrease,0.04964583367109299,0.02432222105562687
6181,736,1,665,decrease,0.05492916703224182,0.027569444850087166
6181,736,1,677,initiation,0.0,0.04906805232167244
6181,736,1,726,decrease,0.05055555701255798,0.025879165157675743
6181,736,1,741,decrease,0.05849861353635788,0.028180556371808052
6181,736,1,787,decrease,0.06404444575309753,0.03187499940395355
6181,736,1,842,decrease,0.07001110911369324,0.03405555710196495
6181,736,1,855,initiation,0.0,0.04609861224889755
6181,736,1,881,decrease,0.05648055300116539,0.027484722435474396
6181,736,1,894,stop,0.06624166667461395,0.0
6181,736,1,906,increase,0.03616805747151375,0.07807916402816772
6181,736,1,940,decrease,0.07745138555765152,0.0379694439470768
6181,736,1,952,initiation,0.0,0.05543194338679314
6181,736,1,1085,decrease,0.06343472003936768,0.03164583444595337
6181,736,1,1097,increase,0.020888889208436012,0.055213890969753265
6181,736,1,1141,initiation,0.0,0.03542499989271164
6181,736,1,1177,decrease,0.036876387894153595,0.017976388335227966
6181,736,1,1213,decrease,0.03780972212553024,0.018755555152893066
6181,736,1,1295,decrease,0.04404027760028839,0.019041666761040688
6181,736,1,1307,increase,0.021280555054545403,0.05785694345831871
6181,736,1,1328,initiation,0.0,0.042230553925037384
6181,736,1,1348,decrease,0.043186113238334656,0.02126111090183258
6210,257,0,48,initiation,0.0,0.6944444179534912
6210,257,0,60,initiation,0.0,0.06397499889135361
6210,257,0,88,decrease,0.11719165742397308,0.05752222239971161
6210,257,0,106,initiation,0.0,0.05475694313645363
6210,257,0,130,decrease,0.05986805260181427,0.029383333399891853
6210,257,0,142,initiation,0.0,0.04788472503423691
6210,257,0,188,decrease,0.04614861309528351,0.020874999463558197
6210,257,0,203,initiation,0.0,0.051002778112888336
6210,257,0,378,decrease,0.04800277575850487,0.02392638847231865
6210,257,0,485,increase,0.04810555651783943,0.06040000170469284
6210,257,0,654,decrease,0.05557222664356232,0.027743056416511536
6210,257,1,41,initiation,0.0,0.5555555820465088
6210,257,1,53,initiation,0.0,0.12316388636827469
6210,257,1,88,decrease,0.14389444887638092,0.06936527788639069
6210,257,1,101,initiation,0.0,0.0758083313703537
6210,257,1,130,decrease,0.08813472092151642,0.04405694454908371
6210,257,1,142,increase,0.029108334332704544,0.07447083294391632
6210,257,1,187,decrease,0.07857361435890198,0.03847777843475342
6210,257,1,199,initiation,0.0,0.08075416833162308
6210,257,1,376,decrease,0.08946250379085541,0.0438680537045002
6210,257,1,508,decrease,0.07842916250228882,0.039084725081920624
6210,257,1,578,decrease,0.09013055264949799,0.05456527695059776
6210,257,1,654,decrease,0.09885834157466888,0.04806666821241379
6225,6054,0,13,stop,0.3098069429397583,0.0
6225,6054,0,29,decrease,0.11715138703584671,0.056272219866514206
6225,6054,0,49,initiation,0.0,0.04585278034210205
6225,6054,0,65,decrease,0.052933335304260254,0.02658611163496971
6225,6054,0,112,decrease,0.0713375061750412,0.03563888743519783
6225,6054,0,129,initiation,0.0,0.04791250079870224
6225,6054,0,181,decrease,0.05208472162485123,0.025568056851625443
6225,6054,0,193,initiation,0.0,0.03851388767361641
6225,6054,0,225,decrease,0.03816527873277664,0.018719444051384926
6225,6054,0,244,increase,0.01055833324790001,0.024683332070708275
6225,6054,0,309,decrease,0.038224998861551285,0.019398611038923264
6225,6054,0,354,decrease,0.050212498754262924,0.024751387536525726
6225,6054,0,588,decrease,0.054205555468797684,0.026011111214756966
6225,6054,0,600,initiation,0.0,0.04071805626153946
6225,6054,0,980,decrease,0.04328472167253494,0.021022221073508263
6225,6054,0,994,initiation,0.0,0.0495680570602417
6225,6054,0,1067,decrease,0.052643053233623505,0.026102779433131218
6225,6054,1,12,stop,0.6535778045654297,0.0
6225,6054,1,29,decrease,0.12398611009120941,0.05860277637839317
6225,6054,1,41,initiation,0.0,0.06515694409608841
6225,6054,1,88,increase,0.05159027874469757,0.08212222158908844
6225,6054,1,109,decrease,0.08035694062709808,0.04002916440367699
6225,6054,1,122,decrease,0.10738889873027802,0.051968056708574295
6225,6054,1,135,initiation,0.0,0.054777778685092926
6225,6054,1,166,decrease,0.0646597221493721,0.03271527960896492
6225,6054,1,178,initiation,0.0,0.05116388946771622
6225,6054,1,190,initiation,0.0,0.04423888772726059
6225,6054,1,226,decrease,0.04794999957084656,0.02376527711749077
6225,6054,1,242,increase,0.013158333487808704,0.034219443798065186
6225,6054,1,254,initiation,0.0,0.0619458332657814
6225,6054,1,301,decrease,0.0592527762055397,0.029422221705317497
6225,6054,1,313,increase,0.019898610189557076,0.04756110906600952
6225,6054,1,339,decrease,0.05826249718666077,0.028538890182971954
6225,6054,1,588,decrease,0.07322777807712555,0.036323610693216324
6225,6054,1,880,increase,0.060487501323223114,0.0826430544257164
6225,6054,1,921,decrease,0.07769306004047394,0.03852222114801407
6225,6054,1,934,initiation,0.0,0.04267916828393936
6225,6054,1,978,increase,0.0535527765750885,0.14409443736076355
6225,6054,1,990,initiation,0.0,0.11260832846164703
6225,6054,1,1067,decrease,0.09840555489063263,0.049154166132211685
6233,4051,0,12,initiation,0.0,0.19962084293365479
6233,4051,0,24,initiation,0.0,0.10045278072357178
6233,4051,0,72,decrease,0.11769583821296692,0.058116670697927475
6233,4051,0,86,initiation,0.0,0.06113611161708832
6233,4051,0,166,decrease,0.06448472291231155,0.03646666556596756
6233,4051,0,178,increase,0.03781527653336525,0.09485277533531189
6233,4051,0,190,stop,0.09166666865348816,0.0
6233,4051,0,202,increase,0.022701388224959373,0.06189583241939545
6233,4051,0,500,decrease,0.05896666646003723,0.02874305471777916
6233,4051,0,512,initiation,0.0,0.04406527802348137
6233,4051,0,704,decrease,0.046327777206897736,0.022813890129327774
6233,4051,1,12,initiation,0.0,0.3905888795852661
6233,4051,1,24,initiation,0.0,0.09478054940700531
6233,4051,1,72,decrease,0.07830417156219482,0.03847360983490944
6233,4051,1,166,decrease,0.03588888794183731,0.016737500205636024
6233,4051,1,178,initiation,0.0,0.08180694282054901
6233,4051,1,190,stop,0.08227360993623734,0.0
6233,4051,1,202,initiation,0.0,0.03736250102519989
6233,4051,1,354,decrease,0.04532777518033981,0.022477777674794197
6233,4051,1,370,decrease,0.056909725069999695,0.02827361226081848
6233,4051,1,382,initiation,0.0,0.0434500016272068
6233,4051,1,475,decrease,0.0447833314538002,0.022434722632169724
6233,4051,1,705,stop,0.03591805696487427,0.0
6241,3864,0,13,stop,0.6944444179534912,0.0
6241,3864,0,25,increase,0.0991777777671814,0.13525694608688354
6241,3864,0,37,stop,0.1324513852596283,0.0
6241,3864,0,56,initiation,0.0,0.055501390248537064
6241,3864,0,68,decrease,0.11698750406503677,0.05246249586343765
6241,3864,0,80,decrease,0.07904165983200073,0.0324055552482605
6241,3864,0,204,decrease,0.07546389102935791,0.03642222285270691
6241,3864,0,216,initiation,0.0,0.05849028006196022
6241,3864,0,602,decrease,0.05505416542291641,0.027780557051301003
6241,3864,0,698,decrease,0.06584999710321426,0.03191666677594185
6241,3864,0,1159,decrease,0.05745694041252136,0.042891666293144226
6241,3864,0,1180,decrease,0.048436108976602554,0.023588888347148895
6241,3864,0,1193,initiation,0.0,0.0354805551469326
6241,3864,0,1403,decrease,0.04158472269773483,0.020552778616547585
6241,3864,0,1454,initiation,0.0,0.043368056416511536
6241,3864,0,1528,decrease,0.043393056839704514,0.02185138873755932
6241,3864,0,1720,decrease,0.047837503254413605,0.023330556228756905
6241,3864,0,1962,decrease,0.05145416781306267,0.02496805414557457
6241,3864,0,2091,decrease,0.05994722247123718,0.02928750030696392
6241,3864,0,2115,increase,0.014130555093288422,0.030952777713537216
6241,3864,1,13,initiation,0.0,0.03595694527029991
6241,3864,1,34,decrease,0.08477222174406052,0.04141805320978165
6241,3864,1,292,initiation,0.0,0.048965275287628174
6241,3864,1,604,stop,0.044288888573646545,0.0
6241,3864,1,896,decrease,0.05169583484530449,0.02538333274424076
6241,3864,1,973,initiation,0.0,0.06285138428211212
6241,3864,1,1017,decrease,0.061234720051288605,0.030141666531562805
6241,3864,1,1029,increase,0.036154165863990784,0.07038194686174393
6241,3864,1,1068,decrease,0.06818471848964691,0.03394722193479538
6241,3864,1,1142,decrease,0.07464306056499481,0.03696388751268387
6241,3864,1,1154,stop,0.0607430562376976,0.0
6241,3864,1,1166,initiation,0.0,0.052586112171411514
6241,3864,1,1178,initiation,0.0,0.04393194615840912
6241,3864,1,1204,increase,0.010877777822315693,0.03213055431842804
6241,3864,1,1331,decrease,0.03693750128149986,0.01822916604578495
6241,3864,1,1343,initiation,0.0,0.05456944555044174
6241,3864,1,1355,stop,0.2191944420337677,0.0
6241,3864,1,1403,decrease,0.09382221847772598,0.046812500804662704
6241,3864,1,1435,initiation,0.0,0.0371277779340744
6241,3864,1,1527,decrease,0.0439361110329628,0.02169722132384777
6241,3864,1,1539,increase,0.0028416665736585855,0.06139028072357178
6241,3864,1,1732,decrease,0.05852361023426056,0.03038611076772213
6241,3864,1,1814,decrease,0.0637027770280838,0.03150139003992081
6241,3864,1,1863,decrease,0.05860278010368347,0.02922222390770912
6241,3864,1,1904,decrease,0.05895555764436722,0.029588889330625534
6241,3864,1,1916,initiation,0.0,0.04900555685162544
6241,3864,1,1966,decrease,0.05490972101688385,0.027469445019960403
6241,3864,1,2002,decrease,0.059477776288986206,0.029577776789665222
6241,3864,1,2014,initiation,0.0,0.049727775156497955
6241,3864,1,2092,decrease,0.051144447177648544,0.025188889354467392
6241,3864,1,2104,initiation,0.0,0.03879722207784653
6296,1917,0,87,initiation,0.0,0.040990278124809265
6296,1917,0,307,decrease,0.08673055469989777,0.042193055152893066
6296,1917,0,319,initiation,0.0,0.057123612612485886
6296,1917,0,667,decrease,0.06201944500207901,0.031105555593967438
6296,1917,0,1456,decrease,0.05865972489118576,0.02869861200451851
6296,1917,0,1477,initiation,0.0,0.03997638821601868
6296,1917,0,1489,decrease,0.07587083429098129,0.03725138679146767
6296,1917,0,1534,decrease,0.07325972616672516,0.03644999861717224
6296,1917,0,1558,increase,0.05459583178162575,0.07350555062294006
6296,1917,0,1765,decrease,0.06916806101799011,0.033270832151174545
6296,1917,0,1794,increase,0.011730555444955826,0.028822222724556923
6296,1917,0,1813,decrease,0.03073333390057087,0.015351389534771442
6296,1917,1,82,initiation,0.0,0.0619458369910717
6296,1917,1,435,decrease,0.09378333389759064,0.046424999833106995
6296,1917,1,447,increase,0.030933331698179245,0.07949305325746536
6296,1917,1,461,increase,0.05062500014901161,0.09489444643259048
6296,1917,1,529,decrease,0.09387083351612091,0.04621944576501846
6296,1917,1,541,initiation,0.0,0.05033888667821884
6296,1917,1,619,decrease,0.09420138597488403,0.04725833609700203
6296,1917,1,631,increase,0.07584305107593536,0.1477791666984558
6296,1917,1,910,decrease,0.13520000874996185,0.06686388701200485
6296,1917,1,1210,decrease,0.13428056240081787,0.06690694391727448
6296,1917,1,1765,decrease,0.12427917122840881,0.061105553060770035
6296,1917,1,1814,decrease,0.11179444193840027,0.054855551570653915
6297,4900,0,37,initiation,0.0,0.22107639908790588
6297,4900,0,49,initiation,0.0,0.1555180549621582
6297,4900,0,61,stop,0.15451526641845703,0.0
6297,4900,0,82,initiation,0.0,0.0554666668176651
6297,4900,0,354,decrease,0.048213891685009,0.023329168558120728
6297,4900,0,366,initiation,0.0,0.03739027678966522
6297,4900,0,395,decrease,0.03792500123381615,0.018818054348230362
6297,4900,0,407,increase,0.015087500214576721,0.03235277533531189
6297,4900,0,495,increase,0.024272222071886063,0.040888890624046326
6297,4900,0,529,decrease,0.03972500190138817,0.019797222688794136
6297,4900,0,541,increase,0.014265277422964573,0.03353055566549301
6297,4900,0,1291,decrease,0.03413194417953491,0.01650555618107319
6297,4900,0,1311,increase,0.00799583364278078,0.02074444480240345
6297,4900,0,1500,decrease,0.024573611095547676,0.011625000275671482
6297,4900,0,1560,decrease,0.02138611115515232,0.008816666901111603
6297,4900,0,1821,increase,0.000551388890016824,0.019990278407931328
6297,4900,0,1835,decrease,0.020108334720134735,0.003297222312539816
6297,4900,0,1847,increase,0.0291791670024395,0.0627930536866188
6297,4900,0,1859,increase,0.015712499618530273,0.03775833547115326
6297,4900,0,1871,decrease,0.037505555897951126,0.0181402787566185
6297,4900,0,2006,decrease,0.031700000166893005,0.01505972258746624
6297,4900,0,2066,initiation,0.0,0.04711805656552315
6297,4900,0,2079,increase,0.00389166665263474,0.01931527629494667
6297,4900,0,2173,decrease,0.020281944423913956,0.0018736111233010888
6297,4900,1,48,initiation,0.0,0.05250277370214462
6297,4900,1,60,stop,0.10471388697624207,0.0
6297,4900,1,72,initiation,0.0,0.07779444754123688
6297,4900,1,264,decrease,0.0675986111164093,0.03316666558384895
6297,4900,1,276,initiation,0.0,0.057099997997283936
6297,4900,1,290,initiation,0.0,0.05020972341299057
6297,4900,1,302,decrease,0.05688055604696274,0.028216667473316193
6297,4900,1,314,initiation,0.0,0.046756941825151443
6297,4900,1,397,decrease,0.050005555152893066,0.025043055415153503
6297,4900,1,446,decrease,0.059361111372709274,0.030351389199495316
6297,4900,1,490,decrease,0.06816666573286057,0.04261250048875809
6297,4900,1,546,decrease,0.0763833299279213,0.037852779030799866
6297,4900,1,653,decrease,0.07054722309112549,0.03555277734994888
6297,4900,1,665,initiation,0.0,0.07012917101383209
6297,4900,1,677,initiation,0.0,0.09800277650356293
6297,4900,1,1016,decrease,0.07463333010673523,0.05600555241107941
6297,4900,1,1263,decrease,0.0834430605173111,0.04171666502952576
6297,4900,1,1275,initiation,0.0,0.07129861414432526
6297,4900,1,1577,decrease,0.07464999705553055,0.03703055530786514
6297,4900,1,1589,initiation,0.0,0.06365694105625153
6297,4900,1,1758,decrease,0.062094442546367645,0.030958333984017372
6297,4900,1,1770,stop,0.049865275621414185,0.0
6297,4900,1,1877,decrease,0.05286388844251633,0.025947220623493195
6297,4900,1,2017,decrease,0.04956389218568802,0.024708334356546402
6297,4900,1,2055,initiation,0.0,0.03795972093939781
6297,4900,1,2176,decrease,0.04961944371461868,0.024711111560463905
6297,4900,1,2189,decrease,0.06063194200396538,0.027933334931731224
6297,4900,1,2505,decrease,0.06653055548667908,0.033375002443790436
6324,1677,0,76,initiation,0.0,0.5076388716697693
6324,1677,0,88,initiation,0.0,0.10244166851043701
6324,1677,0,116,decrease,0.09842777997255325,0.03773055598139763
6324,1677,0,196,decrease,0.10192500054836273,0.05055694654583931
6324,1677,0,208,initiation,0.0,0.07202917337417603
6324,1677,0,333,decrease,0.0660458356142044,0.0321388877928257
6324,1677,0,351,initiation,0.0,0.03952360898256302
6324,1677,0,855,decrease,0.04435139149427414,0.021954167634248734
6324,1677,0,869,initiation,0.0,0.03927221894264221
6324,1677,0,1119,decrease,0.04370416700839996,0.020895833149552345
6324,1677,1,34,initiation,0.0,0.24121806025505066
6324,1677,1,46,initiation,0.0,0.06765694916248322
6324,1677,1,113,decrease,0.06709305942058563,0.03326111286878586
6324,1677,1,126,stop,0.05050278082489967,0.0
6324,1677,1,138,increase,0.02767222188413143,0.06606805324554443
6324,1677,1,196,decrease,0.06697916984558105,0.03288472071290016
6324,1677,1,209,initiation,0.0,0.040804170072078705
6324,1677,1,323,decrease,0.050179168581962585,0.024255556985735893
6324,1677,1,365,increase,0.006126388441771269,0.030618056654930115
6324,1677,1,870,initiation,0.0,0.037412501871585846
6324,1677,1,1120,decrease,0.03998611122369766,0.019777776673436165
6330,1719,0,21,initiation,0.0,0.6944444179534912
6330,1719,0,33,initiation,0.0,0.10021388530731201
6330,1719,0,58,initiation,0.0,0.057955555617809296
6330,1719,0,191,decrease,0.05454722046852112,0.02388194389641285
6330,1719,0,306,decrease,0.06840555369853973,0.03334583342075348
6330,1719,0,634,decrease,0.054180555045604706,0.026151388883590698
6330,1719,0,666,decrease,0.04779583215713501,0.023866666480898857
6330,1719,0,678,initiation,0.0,0.03856944292783737
6330,1719,0,737,decrease,0.04049305617809296,0.020120833069086075
6330,1719,0,757,increase,0.010494444519281387,0.02514166571199894
6330,1719,0,831,decrease,0.029415279626846313,0.014050000347197056
6330,1719,1,17,initiation,0.0,0.23954445123672485
6330,1719,1,29,initiation,0.0,0.09497778117656708
6330,1719,1,41,stop,0.09371110796928406,0.0
6330,1719,1,79,decrease,0.10102083534002304,0.04955277964472771
6330,1719,1,99,initiation,0.0,0.04167361184954643
6330,1719,1,157,decrease,0.054555557668209076,0.027343055233359337
6330,1719,1,323,decrease,0.08335138857364655,0.04135694354772568
6330,1719,1,393,decrease,0.07668055593967438,0.03819861263036728
6330,1719,1,405,increase,0.028073610737919807,0.06444305181503296
6330,1719,1,832,decrease,0.06390416622161865,0.03129861131310463
6333,955,0,12,increase,0.05835000053048134,0.09647777676582336
6333,955,0,102,decrease,0.08352638781070709,0.040255554020404816
6333,955,0,114,increase,0.027518054470419884,0.07007639110088348
6333,955,0,155,decrease,0.06615833193063736,0.034038886427879333
6333,955,0,167,initiation,0.0,0.05868055671453476
6333,955,0,179,stop,0.06625694036483765,0.0
6333,955,0,323,decrease,0.051613885909318924,0.030570833012461662
6333,955,0,337,increase,0.031183332204818726,0.07286805659532547
6333,955,0,400,decrease,0.06898194551467896,0.04766944423317909
6333,955,0,412,initiation,0.0,0.05824027583003044
6333,955,0,424,increase,0.0017888888251036406,0.06748472154140472
6333,955,0,444,decrease,0.06801389157772064,0.03261805698275566
6333,955,0,456,decrease,0.07541250437498093,0.0417555533349514
6333,955,0,609,decrease,0.06271804869174957,0.03115694597363472
6333,955,0,621,increase,0.023204168304800987,0.051968052983284
6333,955,0,657,decrease,0.052359722554683685,0.025841668248176575
6333,955,0,713,initiation,0.0,0.05166666954755783
6333,955,0,750,decrease,0.046888887882232666,0.015983333811163902
6333,955,0,762,decrease,0.060240279883146286,0.043933331966400146
6333,955,0,1145,decrease,0.05710138753056526,0.027356944978237152
6333,955,1,34,decrease,0.08000138401985168,0.03885277733206749
6333,955,1,46,initiation,0.0,0.05026944354176521
6333,955,1,62,decrease,0.0522819422185421,0.026423610746860504
6333,955,1,74,initiation,0.0,0.038750000298023224
6333,955,1,207,decrease,0.04412499815225601,0.02183055691421032
6333,955,1,222,decrease,0.038443055003881454,0.019398611038923264
6333,955,1,248,decrease,0.03478333353996277,0.012605556286871433
6333,955,1,319,stop,0.03646250069141388,0.0
6333,955,1,713,initiation,0.0,0.048220835626125336
6333,955,1,1025,decrease,0.043611109256744385,0.02212083339691162
6333,955,1,1103,decrease,0.03955833241343498,0.019663888961076736
6345,3553,0,60,initiation,0.0,0.6944444179534912
6345,3553,0,72,initiation,0.0,0.10137777030467987
6345,3553,0,121,decrease,0.11209166795015335,0.05427499860525131
6345,3553,0,134,initiation,0.0,0.06502500176429749
6345,3553,0,195,decrease,0.06761527806520462,0.03578750044107437
6345,3553,0,559,decrease,0.07522083818912506,0.0371694415807724
6345,3553,0,1007,decrease,0.07123471796512604,0.03499166667461395
6345,3553,1,56,initiation,0.0,0.42398473620414734
6345,3553,1,68,initiation,0.0,0.10738333314657211
6345,3553,1,87,decrease,0.09775416553020477,0.04697499796748161
6345,3553,1,114,increase,0.011758333072066307,0.033868055790662766
6345,3553,1,198,decrease,0.039355553686618805,0.015387500636279583
6345,3553,1,249,decrease,0.06116388738155365,0.03053194470703602
6345,3553,1,291,decrease,0.08258610963821411,0.030952777713537216
6345,3553,1,374,increase,0.09002222120761871,0.11298194527626038
6345,3553,1,563,decrease,0.10857361555099487,0.05351666733622551
6345,3553,1,723,decrease,0.1078791692852974,0.053349997848272324
6345,3553,1,785,increase,0.08348055183887482,0.11130554974079132
6345,3553,1,871,decrease,0.10769861936569214,0.05320277810096741
6345,3553,1,933,decrease,0.09656111150979996,0.04746944457292557
6345,3553,1,1006,decrease,0.08651944249868393,0.04308055341243744
6345,3553,1,1022,initiation,0.0,0.04297500103712082
6346,5525,0,12,stop,0.6944444179534912,0.0
6346,5525,0,24,increase,0.09853889048099518,0.1270597279071808
6346,5525,0,243,decrease,0.08311527967453003,0.04886805638670921
6346,5525,0,412,decrease,0.08674167096614838,0.04218611121177673
6346,5525,0,489,decrease,0.0773611068725586,0.038434721529483795
6346,5525,0,504,decrease,0.07704305648803711,0.03853472322225571
6346,5525,0,516,initiation,0.0,0.05799444764852524
6346,5525,0,565,decrease,0.06564166396856308,0.039702776819467545
6346,5525,0,581,decrease,0.07382916659116745,0.06006111204624176
6346,5525,0,776,decrease,0.07759444415569305,0.039766665548086166
6346,5525,0,990,decrease,0.08641250431537628,0.04121944308280945
6346,5525,0,1096,decrease,0.07672639191150665,0.0381472222507
6346,5525,0,1110,initiation,0.0,0.06669999659061432
6346,5525,0,1381,decrease,0.07659722119569778,0.03808194398880005
6346,5525,0,1395,decrease,0.10470694303512573,0.05195416882634163
6346,5525,0,1443,decrease,0.1261972188949585,0.06309860944747925
6346,5525,0,1462,initiation,0.0,0.060661107301712036
6346,5525,0,1498,decrease,0.06726805865764618,0.03396249935030937
6346,5525,1,12,initiation,0.0,0.1192583367228508
6346,5525,1,34,decrease,0.10476943850517273,0.04427222162485123
6346,5525,1,46,increase,0.054123613983392715,0.16984166204929352
6346,5525,1,248,increase,0.12630833685398102,0.156312495470047
6346,5525,1,301,decrease,0.14862221479415894,0.07410277426242828
6346,5525,1,333,increase,0.13302777707576752,0.164429172873497
6346,5525,1,447,decrease,0.17061249911785126,0.08449722081422806
6346,5525,1,505,decrease,0.145247220993042,0.07275833189487457
6346,5525,1,517,initiation,0.0,0.10096527636051178
6346,5525,1,989,decrease,0.13154999911785126,0.06544861197471619
6346,5525,1,1001,increase,0.04560694843530655,0.1063833236694336
6346,5525,1,1019,decrease,0.10969305038452148,0.05492500215768814
6346,5525,1,1377,decrease,0.11453889310359955,0.0568208321928978
6346,5525,1,1389,increase,0.1453152894973755,0.17221945524215698
6346,5525,1,1401,increase,0.09692221879959106,0.2142374962568283
6346,5525,1,1416,decrease,0.1869097203016281,0.12157361209392548
6346,5525,1,1435,initiation,0.0,0.04336527734994888
6346,5525,1,1451,decrease,0.10927499830722809,0.05409305542707443
6346,5525,1,1463,decrease,0.17701110243797302,0.11002083122730255
6346,5525,1,1485,decrease,0.2264888882637024,0.10967639088630676
6346,5525,1,1497,initiation,0.0,0.15617915987968445
6346,5525,1,1545,decrease,0.16512221097946167,0.08263611048460007
6346,5525,1,1562,initiation,0.0,0.07293055951595306
6346,5525,1,1576,decrease,0.08305277675390244,0.043049998581409454
6346,5525,1,1597,initiation,0.0,0.03582916781306267
122,3210,0,107,initiation,0.0,0.6944444179534912
122,3210,0,119,initiation,0.0,0.11913472414016724
122,3210,0,131,stop,0.12213750183582306,0.0
122,3210,0,143,initiation,0.0,0.11971944570541382
122,3210,0,177,decrease,0.10920277237892151,0.05288194492459297
122,3210,0,189,initiation,0.0,0.0799708366394043
122,3210,0,299,decrease,0.06897500157356262,0.03430555760860443
122,3210,0,311,increase,0.02525833435356617,0.0574222207069397
122,3210,0,457,decrease,0.055391665548086166,0.027908332645893097
122,3210,0,523,increase,0.0490083321928978,0.06875138729810715
122,3210,0,535,increase,0.015586111694574356,0.059215277433395386
122,3210,0,561,decrease,0.05925833433866501,0.028897222131490707
122,3210,0,573,initiation,0.0,0.04785139113664627
122,3210,0,644,decrease,0.04914027824997902,0.02385694533586502
122,3210,0,850,decrease,0.04859860986471176,0.024191666394472122
122,3210,0,1350,decrease,0.04682638868689537,0.02445555478334427
122,3210,0,1379,initiation,0.0,0.03617500141263008
122,3210,0,1475,decrease,0.04509444534778595,0.022445831447839737
122,3210,0,1533,decrease,0.051427777856588364,0.025638887658715248
122,3210,0,1556,increase,0.011788888834416866,0.026976387947797775
122,3210,1,106,initiation,0.0,0.4861111044883728
122,3210,1,118,stop,0.15792778134346008,0.0
122,3210,1,150,initiation,0.0,0.043687500059604645
122,3210,1,176,decrease,0.04390833154320717,0.02155277691781521
122,3210,1,194,increase,0.013772223144769669,0.03253333270549774
122,3210,1,291,initiation,0.0,0.06690138578414917
122,3210,1,401,decrease,0.061274997889995575,0.03033333271741867
122,3210,1,419,initiation,0.0,0.038943056017160416
122,3210,1,524,decrease,0.042899999767541885,0.021231943741440773
122,3210,1,536,initiation,0.0,0.03618472069501877
122,3210,1,562,decrease,0.037073612213134766,0.01817222125828266
122,3210,1,574,increase,0.013912499882280827,0.03267916664481163
122,3210,1,670,increase,0.013873611576855183,0.0337180569767952
122,3210,1,1351,decrease,0.034938886761665344,0.005788889247924089
122,3210,1,1476,decrease,0.043090276420116425,0.017163889482617378
122,3210,1,1488,increase,0.016701389104127884,0.0644347220659256
122,3210,1,1500,increase,0.03227083384990692,0.07387222349643707
122,3210,1,1515,decrease,0.07316666841506958,0.03557499870657921
122,3210,1,1550,increase,0.008037500083446503,0.02929166704416275
124,748,0,25,initiation,0.0,0.05874583125114441
124,748,0,59,decrease,0.07815000414848328,0.038333334028720856
124,748,0,71,initiation,0.0,0.061137497425079346
124,748,0,129,decrease,0.056034721434116364,0.0268208347260952
124,748,0,141,initiation,0.0,0.04123888909816742
124,748,0,223,increase,0.039124999195337296,0.05535833537578583
124,748,0,235,increase,0.0006750000175088644,0.051136113703250885
124,748,0,247,increase,0.01747777685523033,0.06345972418785095
124,748,0,414,decrease,0.05343888700008392,0.025934722274541855
124,748,0,426,initiation,0.0,0.04042777791619301
124,748,0,582,decrease,0.04152083396911621,0.02055416628718376
124,748,0,598,increase,0.01226805616170168,0.029880555346608162
124,748,0,813,decrease,0.03354444354772568,0.01583055593073368
124,748,1,18,initiation,0.0,0.037833333015441895
124,748,1,48,decrease,0.10596388578414917,0.0511472225189209
124,748,1,61,initiation,0.0,0.05565277859568596
124,748,1,148,decrease,0.06522500514984131,0.03290277719497681
124,748,1,183,decrease,0.08629167079925537,0.042972221970558167
124,748,1,224,decrease,0.11797361075878143,0.05767083168029785
124,748,1,236,initiation,0.0,0.08861666917800903
124,748,1,429,decrease,0.09222916513681412,0.045616667717695236
124,748,1,464,decrease,0.08118194341659546,0.04034722223877907
124,748,1,602,decrease,0.08266250044107437,0.04116111248731613
124,748,1,620,decrease,0.06965693831443787,0.03475138917565346
124,748,1,632,increase,0.02516110986471176,0.05885833501815796
124,748,1,672,increase,0.056029170751571655,0.07669305801391602
124,748,1,817,decrease,0.07336527854204178,0.03638055548071861
281,4689,0,20,initiation,0.0,0.6944444179534912
281,4689,0,32,initiation,0.0,0.1023888885974884
281,4689,0,44,initiation,0.0,0.10557499527931213
281,4689,0,92,decrease,0.09192639589309692,0.044991668313741684
281,4689,0,104,initiation,0.0,0.07241111248731613
281,4689,0,145,decrease,0.06786249577999115,0.03337777778506279
281,4689,0,157,initiation,0.0,0.05129444599151611
281,4689,0,176,decrease,0.05028194189071655,0.023322222754359245
281,4689,0,877,decrease,0.052663885056972504,0.025526387616991997
281,4689,1,20,initiation,0.0,0.4647458493709564
281,4689,1,32,initiation,0.0,0.08424444496631622
281,4689,1,50,initiation,0.0,0.042630553245544434
281,4689,1,62,initiation,0.0,0.07615000009536743
281,4689,1,78,decrease,0.09911666810512543,0.04861249774694443
281,4689,1,111,increase,0.010531945154070854,0.03086249902844429
281,4689,1,146,stop,0.03564583510160446,0.0
281,4689,1,182,increase,0.011412500403821468,0.03305000066757202
281,4689,1,334,decrease,0.03859444707632065,0.01950972154736519
281,4689,1,363,initiation,0.0,0.03828055411577225
281,4689,1,931,decrease,0.047841668128967285,0.02341388911008835
369,548,0,42,initiation,0.0,0.5772208571434021
369,548,0,57,initiation,0.0,0.07389583438634872
369,548,0,69,increase,0.08124305307865143,0.13419722020626068
369,548,0,101,decrease,0.1219986081123352,0.060026392340660095
369,548,0,116,initiation,0.0,0.06465417146682739
369,548,0,251,decrease,0.06452500075101852,0.03151388838887215
369,548,0,308,decrease,0.05430416390299797,0.02690972201526165
369,548,0,465,decrease,0.05312638729810715,0.02658611163496971
369,548,0,1363,decrease,0.04561666399240494,0.022286109626293182
369,548,1,39,initiation,0.0,0.4861111044883728
369,548,1,51,initiation,0.0,0.06461388617753983
369,548,1,102,decrease,0.07518333196640015,0.037073612213134766
369,548,1,122,initiation,0.0,0.03791944682598114
369,548,1,283,decrease,0.04367222264409065,0.021904166787862778
369,548,1,295,initiation,0.0,0.08870972692966461
369,548,1,307,increase,0.0430680550634861,0.06587222218513489
369,548,1,325,decrease,0.07208333909511566,0.03606666624546051
369,548,1,340,decrease,0.08291250467300415,0.03857777640223503
369,548,1,352,decrease,0.09369166195392609,0.05660971999168396
369,548,1,484,decrease,0.14140832424163818,0.07011111080646515
369,548,1,496,initiation,0.0,0.11725138872861862
369,548,1,528,initiation,0.0,0.048338890075683594
369,548,1,639,decrease,0.06894999742507935,0.03622500225901604
369,548,1,804,increase,0.0778583288192749,0.10067082941532135
369,548,1,818,initiation,0.0,0.04620972275733948
369,548,1,907,decrease,0.10500555485486984,0.051906947046518326
369,548,1,921,initiation,0.0,0.05921805649995804
369,548,1,933,stop,0.9722222089767456,0.0
369,548,1,981,decrease,0.1626611053943634,0.08009722083806992
369,548,1,1005,initiation,0.0,0.06414305418729782
369,548,1,1046,increase,0.08105693757534027,0.128211110830307
369,548,1,1058,initiation,0.0,0.12882360816001892
369,548,1,1298,decrease,0.12207916378974915,0.05978750064969063
369,548,1,1310,initiation,0.0,0.09804999828338623
369,548,1,1364,decrease,0.10277639329433441,0.05099305510520935
369,548,1,1387,initiation,0.0,0.04394722357392311
369,548,1,1399,stop,0.049145832657814026,0.0
369,548,1,1411,increase,0.017973611131310463,0.042568057775497437
369,548,1,1435,decrease,0.046550001949071884,0.023266667500138283
405,121,0,65,initiation,0.0,0.24576805531978607
405,121,0,77,initiation,0.0,0.11164166778326035
405,121,0,250,decrease,0.08266666531562805,0.040930554270744324
405,121,0,611,decrease,0.06750278174877167,0.03330416604876518
405,121,1,65,initiation,0.0,0.1723722219467163
405,121,1,77,initiation,0.0,0.09059028327465057
405,121,1,340,decrease,0.07596944272518158,0.03744861111044884
405,121,1,605,decrease,0.07835833728313446,0.0391513891518116
416,5627,0,15,initiation,0.0,0.5866819620132446
416,5627,0,37,initiation,0.0,0.07050000131130219
416,5627,0,53,decrease,0.08159860968589783,0.03929722309112549
416,5627,0,133,initiation,0.0,0.0376138910651207
416,5627,0,155,decrease,0.04005694389343262,0.01971111074090004
416,5627,0,167,increase,0.02518611215054989,0.07215694338083267
416,5627,0,328,decrease,0.05732777714729309,0.028358332812786102
416,5627,0,340,initiation,0.0,0.04487638920545578
416,5627,0,597,decrease,0.04410138726234436,0.02172083407640457
416,5627,1,14,initiation,0.0,0.5555555820465088
416,5627,1,32,initiation,0.0,0.04118333384394646
416,5627,1,53,decrease,0.08580972254276276,0.04139166697859764
416,5627,1,73,initiation,0.0,0.03766944259405136
416,5627,1,158,decrease,0.043130554258823395,0.02186666801571846
416,5627,1,192,decrease,0.06086388975381851,0.02150416560471058
416,5627,1,261,decrease,0.07860555499792099,0.03927638754248619
416,5627,1,273,initiation,0.0,0.054544441401958466
416,5627,1,598,decrease,0.05979999899864197,0.029561111703515053
416,5627,1,612,initiation,0.0,0.03653471916913986
416,5627,1,665,decrease,0.04152638837695122,0.020702777430415154
591,2791,0,31,initiation,0.0,0.6944444179534912
591,2791,0,53,initiation,0.0,0.03950555622577667
591,2791,0,102,decrease,0.07705138623714447,0.037780556827783585
591,2791,0,114,initiation,0.0,0.058008331805467606
591,2791,0,135,decrease,0.05669722333550453,0.028030553832650185
591,2791,0,147,initiation,0.0,0.03907777741551399
591,2791,0,211,decrease,0.03820555657148361,0.019099999219179153
591,2791,0,271,decrease,0.05036110803484917,0.024634720757603645
591,2791,0,309,increase,0.009222222492098808,0.02861388958990574
591,2791,0,321,decrease,0.029140278697013855,0.009019444696605206
591,2791,0,338,increase,0.01992916688323021,0.03388749808073044
591,2791,0,404,decrease,0.035531945526599884,0.02320694550871849
591,2791,0,430,decrease,0.041313886642456055,0.020345833152532578
591,2791,0,442,increase,0.016651390120387077,0.034513890743255615
591,2791,0,546,decrease,0.03462916612625122,0.01713472232222557
591,2791,0,559,increase,0.013437500223517418,0.028643056750297546
591,2791,0,579,initiation,0.0,0.049234725534915924
591,2791,0,605,increase,0.00979722198098898,0.02329999953508377
591,2791,0,638,decrease,0.02411944419145584,0.006461110897362232
591,2791,0,671,decrease,0.030455555766820908,0.01484166644513607
591,2791,1,30,initiation,0.0,0.5555555820465088
591,2791,1,44,initiation,0.0,0.08803054690361023
591,2791,1,56,stop,0.12725694477558136,0.0
591,2791,1,100,decrease,0.09171250462532043,0.044834718108177185
591,2791,1,121,initiation,0.0,0.04006388783454895
591,2791,1,212,decrease,0.052643053233623505,0.013622221536934376
591,2791,1,355,decrease,0.06075138971209526,0.032006945461034775
591,2791,1,404,decrease,0.07114166766405106,0.03519027680158615
591,2791,1,418,initiation,0.0,0.03653611242771149
591,2791,1,472,decrease,0.08087639510631561,0.039541665464639664
591,2791,1,648,decrease,0.07006944715976715,0.034647222608327866
591,2791,1,674,decrease,0.08141249418258667,0.039613887667655945
591,2791,1,686,decrease,0.09013193845748901,0.04572777822613716
751,2602,0,19,initiation,0.0,0.6944444179534912
751,2602,0,31,initiation,0.0,0.07896527647972107
751,2602,0,47,decrease,0.1514958292245865,0.0726347267627716
751,2602,0,59,initiation,0.0,0.09085416793823242
751,2602,0,83,decrease,0.09803193807601929,0.04916388541460037
751,2602,0,252,decrease,0.08924028277397156,0.04408888891339302
751,2602,0,264,initiation,0.0,0.06816527992486954
751,2602,0,426,decrease,0.0681944489479065,0.03043888881802559
751,2602,0,615,decrease,0.08026666939258575,0.039698611944913864
751,2602,0,627,initiation,0.0,0.05946110934019089
751,2602,0,1073,decrease,0.06325694173574448,0.03132777661085129
751,2602,0,1153,increase,0.05673055723309517,0.0723000019788742
751,2602,0,1165,increase,0.048216670751571655,0.06441111117601395
751,2602,0,1208,decrease,0.06403888761997223,0.031694445759058
751,2602,0,1220,initiation,0.0,0.0411333329975605
751,2602,0,1312,decrease,0.04716944321990013,0.024166665971279144
751,2602,0,1331,decrease,0.06703055649995804,0.032991666346788406
751,2602,0,1343,increase,0.023491665720939636,0.054370831698179245
751,2602,0,1372,decrease,0.054233334958553314,0.02697083353996277
751,2602,0,1441,decrease,0.047591667622327805,0.023504167795181274
751,2602,0,1456,decrease,0.0598069429397583,0.046186111867427826
751,2602,0,1488,decrease,0.0663277804851532,0.033129166811704636
751,2602,0,1500,initiation,0.0,0.0456986129283905
751,2602,0,1512,stop,0.046348609030246735,0.0
751,2602,0,1604,decrease,0.06332916766405106,0.031602777540683746
751,2602,0,1617,initiation,0.0,0.03983749821782112
751,2602,0,1665,decrease,0.04517778009176254,0.022112499922513962
751,2602,0,1686,increase,0.011752777732908726,0.02665138989686966
751,2602,1,16,initiation,0.0,0.5555555820465088
751,2602,1,28,initiation,0.0,0.13363471627235413
751,2602,1,46,decrease,0.12159860879182816,0.058533333241939545
751,2602,1,58,initiation,0.0,0.0733819454908371
751,2602,1,123,decrease,0.07169027626514435,0.03493333235383034
751,2602,1,139,initiation,0.0,0.03776250034570694
751,2602,1,151,decrease,0.03947500139474869,0.007273611146956682
751,2602,1,163,increase,0.028501389548182487,0.07830972969532013
751,2602,1,175,initiation,0.0,0.10892222076654434
751,2602,1,190,initiation,0.0,0.06406527757644653
751,2602,1,218,decrease,0.07029999792575836,0.033944446593523026
751,2602,1,230,initiation,0.0,0.05302639305591583
751,2602,1,292,decrease,0.05841388553380966,0.02881527692079544
751,2602,1,426,decrease,0.08247916400432587,0.05326944589614868
751,2602,1,845,decrease,0.09387499839067459,0.04706944525241852
751,2602,1,1083,decrease,0.08395694196224213,0.06490693986415863
751,2602,1,1095,initiation,0.0,0.06322638690471649
751,2602,1,1155,decrease,0.06835971772670746,0.03467777743935585
751,2602,1,1177,decrease,0.08502361178398132,0.055734723806381226
751,2602,1,1207,decrease,0.09658610820770264,0.04755833372473717
751,2602,1,1219,increase,0.032499998807907104,0.07870139181613922
751,2602,1,1326,decrease,0.08135972917079926,0.052719444036483765
751,2602,1,1338,stop,0.09998194128274918,0.0
751,2602,1,1386,decrease,0.08063611388206482,0.03985833376646042
751,2602,1,1530,decrease,0.08246666193008423,0.050538890063762665
751,2602,1,1605,decrease,0.09443888813257217,0.046562500298023224
751,2602,1,1617,increase,0.034744445234537125,0.07646666467189789
751,2602,1,1685,decrease,0.08079861104488373,0.04044444486498833
811,2735,0,13,stop,0.3807458281517029,0.0
811,2735,0,28,decrease,0.12440555542707443,0.06105416640639305
811,2735,0,44,initiation,0.0,0.05993194133043289
811,2735,0,56,increase,0.034849997609853745,0.08638472855091095
811,2735,0,368,decrease,0.059369444847106934,0.03907916694879532
811,2735,0,924,decrease,0.05968333035707474,0.029716666787862778
811,2735,0,976,decrease,0.051229167729616165,0.027793055400252342
811,2735,0,988,decrease,0.06052638962864876,0.02916666679084301
811,2735,0,1004,decrease,0.07428471744060516,0.036601390689611435
811,2735,0,1016,initiation,0.0,0.05768194422125816
811,2735,0,1055,decrease,0.058306943625211716,0.028834721073508263
811,2735,0,1151,decrease,0.048823609948158264,0.023661110550165176
811,2735,0,1163,increase,0.04218055680394173,0.07694999873638153
811,2735,0,1181,decrease,0.07602360844612122,0.037106942385435104
811,2735,0,1205,initiation,0.0,0.03521944582462311
811,2735,0,1353,decrease,0.04087083414196968,0.021124999970197678
811,2735,0,1429,decrease,0.05383888632059097,0.026201387867331505
811,2735,1,12,stop,0.9722222089767456,0.0
811,2735,1,29,decrease,0.1265430450439453,0.061098612844944
811,2735,1,65,increase,0.013240277767181396,0.034873612225055695
811,2735,1,109,decrease,0.039516665041446686,0.019754165783524513
811,2735,1,166,decrease,0.03200555592775345,0.012915277853608131
811,2735,1,178,stop,0.04260694235563278,0.0
811,2735,1,309,decrease,0.0575374998152256,0.0285124983638525
811,2735,1,321,initiation,0.0,0.046344444155693054
811,2735,1,358,decrease,0.048180557787418365,0.023823611438274384
811,2735,1,370,initiation,0.0,0.037675000727176666
811,2735,1,923,decrease,0.04033749923110008,0.019886109977960587
811,2735,1,993,stop,0.03624166548252106,0.0
811,2735,1,1005,decrease,0.048108331859111786,0.023843055590987206
811,2735,1,1055,decrease,0.04019305482506752,0.01979583315551281
811,2735,1,1190,initiation,0.0,0.05443750321865082
811,2735,1,1409,decrease,0.048705555498600006,0.024084720760583878
816,1421,0,14,initiation,0.0,0.6944444179534912
816,1421,0,26,initiation,0.0,0.10145555436611176
816,1421,0,44,decrease,0.1194097176194191,0.05650833621621132
816,1421,0,56,initiation,0.0,0.0713847279548645
816,1421,0,251,decrease,0.05992916598916054,0.029058335348963737
816,1421,0,265,initiation,0.0,0.03979860991239548
816,1421,0,296,decrease,0.04091527685523033,0.02000555582344532
816,1421,0,314,decrease,0.03501805663108826,0.016983332112431526
816,1421,0,327,increase,0.013762500137090683,0.028930556029081345
816,1421,0,392,decrease,0.03182777762413025,0.016159722581505775
816,1421,0,512,decrease,0.04503055661916733,0.023079168051481247
816,1421,0,565,decrease,0.053073614835739136,0.02643750049173832
816,1421,0,577,initiation,0.0,0.03518889099359512
816,1421,0,667,decrease,0.038991667330265045,0.021431945264339447
816,1421,0,711,decrease,0.04440416395664215,0.02185000106692314
816,1421,0,725,decrease,0.06614583730697632,0.034037500619888306
816,1421,0,737,stop,0.044297222048044205,0.0
816,1421,0,755,initiation,0.0,0.05434583127498627
816,1421,0,842,decrease,0.05503471940755844,0.026862500235438347
816,1421,0,1001,decrease,0.048093054443597794,0.023561112582683563
816,1421,0,1022,increase,0.011272222734987736,0.02929583378136158
816,1421,0,1055,decrease,0.030973609536886215,0.01573750004172325
816,1421,0,1097,decrease,0.040655553340911865,0.020363887771964073
816,1421,1,14,initiation,0.0,0.44764721393585205
816,1421,1,27,initiation,0.0,0.04214722290635109
816,1421,1,39,increase,0.08162916451692581,0.20705834031105042
816,1421,1,60,initiation,0.0,0.07685555517673492
816,1421,1,81,decrease,0.08933472633361816,0.04363610967993736
816,1421,1,93,increase,0.029806945472955704,0.07685694098472595
816,1421,1,115,decrease,0.0761638879776001,0.03789861127734184
816,1421,1,127,increase,0.027372222393751144,0.06513611227273941
816,1421,1,251,decrease,0.06741943955421448,0.0328083336353302
816,1421,1,263,stop,0.05485277622938156,0.0
816,1421,1,275,decrease,0.04401111230254173,0.02520138956606388
816,1421,1,287,stop,0.046412497758865356,0.0
816,1421,1,299,initiation,0.0,0.03798055648803711
816,1421,1,323,decrease,0.038616664707660675,0.01855555549263954
816,1421,1,335,increase,0.014112500473856926,0.03562777861952782
816,1421,1,392,decrease,0.037454165518283844,0.018663888797163963
816,1421,1,514,decrease,0.04570833593606949,0.006208333186805248
816,1421,1,566,decrease,0.050640277564525604,0.025263888761401176
816,1421,1,578,initiation,0.0,0.04173194617033005
816,1421,1,664,increase,0.04290694370865822,0.06343333423137665
816,1421,1,676,initiation,0.0,0.0516180545091629
816,1421,1,711,decrease,0.05110694468021393,0.025211112573742867
816,1421,1,723,increase,0.017870832234621048,0.04697638750076294
816,1421,1,742,increase,0.03076528012752533,0.05131944641470909
816,1421,1,836,decrease,0.05000833421945572,0.025668056681752205
816,1421,1,848,initiation,0.0,0.06880416721105576
816,1421,1,905,decrease,0.06755971908569336,0.03359583392739296
816,1421,1,917,initiation,0.0,0.05612500011920929
816,1421,1,1099,decrease,0.05646666884422302,0.027876388281583786
816,1421,1,1111,initiation,0.0,0.047227777540683746
816,1421,1,1127,decrease,0.048281945288181305,0.023681946098804474
822,12,0,79,initiation,0.0,0.5076444149017334
822,12,0,91,initiation,0.0,0.10006249696016312
822,12,0,103,stop,0.10397499799728394,0.0
822,12,0,118,increase,0.019540278241038322,0.05060555413365364
822,12,0,168,decrease,0.06477639079093933,0.04147222265601158
822,12,0,299,decrease,0.062005553394556046,0.030748611316084862
822,12,0,311,initiation,0.0,0.04772638529539108
822,12,0,616,decrease,0.04598194360733032,0.023000000044703484
822,12,0,628,stop,0.05179999768733978,0.0
822,12,0,1140,decrease,0.04354027658700943,0.0212777778506279
822,12,0,1152,initiation,0.0,0.03541249781847
822,12,0,1401,decrease,0.03745833411812782,0.018849998712539673
822,12,0,1482,decrease,0.05498472601175308,0.02714722231030464
822,12,0,1494,initiation,0.0,0.04154999926686287
822,12,0,1518,decrease,0.040994442999362946,0.020758332684636116
822,12,0,1548,increase,0.011262500658631325,0.027326390147209167
822,12,0,1562,decrease,0.027927778661251068,0.0005000000237487257
822,12,0,1585,decrease,0.04192916676402092,0.021036110818386078
822,12,0,1655,decrease,0.053199999034404755,0.02605833299458027
822,12,0,1668,decrease,0.04687222093343735,0.022579167038202286
822,12,0,1680,increase,0.018231945112347603,0.038718052208423615
822,12,0,1692,stop,0.03901944309473038,0.0
822,12,0,1722,initiation,0.0,0.039969444274902344
822,12,0,1741,decrease,0.04069722443819046,0.019826387986540794
822,12,0,1828,increase,0.002397222211584449,0.03323749825358391
822,12,0,1843,increase,0.033088888972997665,0.16496805846691132
822,12,0,1875,initiation,0.0,0.03988472372293472
822,12,0,1907,decrease,0.042218055576086044,0.020527778193354607
822,12,1,76,initiation,0.0,0.38302361965179443
822,12,1,88,initiation,0.0,0.10333472490310669
822,12,1,100,stop,0.09800972044467926,0.0
822,12,1,112,initiation,0.0,0.08912360668182373
822,12,1,136,initiation,0.0,0.0399305559694767
822,12,1,148,stop,0.04729583114385605,0.0
822,12,1,174,initiation,0.0,0.036105554550886154
822,12,1,275,stop,0.03862916678190231,0.0
822,12,1,299,decrease,0.08640694618225098,0.04155277833342552
822,12,1,311,increase,0.030908333137631416,0.06732361018657684
822,12,1,965,decrease,0.0661708414554596,0.03275277838110924
822,12,1,1027,stop,0.035426389425992966,0.0
822,12,1,1425,decrease,0.056570835411548615,0.028545832261443138
822,12,1,1438,increase,0.044669441878795624,0.08229027688503265
822,12,1,1481,decrease,0.07724028080701828,0.03827916830778122
822,12,1,1493,increase,0.02694583125412464,0.06287500262260437
822,12,1,1521,decrease,0.07138055562973022,0.015894444659352303
822,12,1,1669,decrease,0.037045832723379135,0.016534721478819847
822,12,1,1681,increase,0.04255139082670212,0.06222916394472122
822,12,1,1755,decrease,0.056473612785339355,0.028898609802126884
822,12,1,1771,initiation,0.0,0.03907083719968796
822,12,1,1788,decrease,0.0436902791261673,0.021731944754719734
822,12,1,1815,initiation,0.0,0.03562361001968384
822,12,1,1908,stop,0.036730557680130005,0.0
1082,1924,0,22,initiation,0.0,0.6944444179534912
1082,1924,0,35,initiation,0.0,0.07653611153364182
1082,1924,0,56,decrease,0.170400008559227,0.08400833606719971
1082,1924,0,73,initiation,0.0,0.0513041652739048
1082,1924,0,298,decrease,0.10227499902248383,0.051322221755981445
1082,1924,0,313,initiation,0.0,0.07468749582767487
1082,1924,0,403,decrease,0.08283749967813492,0.041155554354190826
1082,1924,0,415,initiation,0.0,0.0688847228884697
1082,1924,0,515,decrease,0.12513333559036255,0.06191110983490944
1082,1924,0,721,decrease,0.10238194465637207,0.0506819449365139
1082,1924,0,733,initiation,0.0,0.08440694212913513
1082,1924,0,863,decrease,0.08793750405311584,0.04395972192287445
1082,1924,0,897,initiation,0.0,0.04653611034154892
1082,1924,0,941,decrease,0.05666527897119522,0.029087500646710396
1082,1924,0,953,increase,0.06875833123922348,0.09369861334562302
1082,1924,0,1047,decrease,0.0907430499792099,0.04553055763244629
1082,1924,0,1070,initiation,0.0,0.04183611273765564
1082,1924,1,18,initiation,0.0,0.5555555820465088
1082,1924,1,30,initiation,0.0,0.06548333168029785
1082,1924,1,56,decrease,0.09234166145324707,0.04506388679146767
1082,1924,1,85,increase,0.013115277513861656,0.03457638993859291
1082,1924,1,1074,decrease,0.038765281438827515,0.01875833235681057
1102,52,0,12,initiation,0.0,0.3432958424091339
1102,52,0,24,initiation,0.0,0.12233611196279526
1102,52,0,44,decrease,0.11552360653877258,0.05667777732014656
1102,52,0,56,initiation,0.0,0.07828749716281891
1102,52,0,723,decrease,0.055520832538604736,0.02776527591049671
1102,52,0,737,increase,0.033173613250255585,0.05581805482506752
1102,52,0,957,decrease,0.054762497544288635,0.02654305472970009
1102,52,1,12,initiation,0.0,0.5203347206115723
1102,52,1,24,initiation,0.0,0.11590833961963654
1102,52,1,44,decrease,0.10496249794960022,0.051063887774944305
1102,52,1,65,initiation,0.0,0.038805555552244186
1102,52,1,882,decrease,0.04668194055557251,0.022874999791383743
1102,52,1,954,decrease,0.046840280294418335,0.0234819445759058
1157,2763,0,26,initiation,0.0,0.04174166917800903
1157,2763,0,42,decrease,0.0949583351612091,0.04649027809500694
1157,2763,0,57,decrease,0.029508333653211594,0.010516666807234287
1157,2763,0,156,decrease,0.07543472945690155,0.03702777624130249
1157,2763,0,185,increase,0.014029166661202908,0.03092777729034424
1157,2763,0,311,decrease,0.034986112266778946,0.01915416680276394
1157,2763,0,375,decrease,0.04589582979679108,0.023048609495162964
1157,2763,0,388,decrease,0.05843750387430191,0.028248611837625504
1157,2763,0,423,increase,0.055545832961797714,0.10539166629314423
1157,2763,0,435,increase,0.04936111345887184,0.09038610756397247
1157,2763,0,447,stop,0.09041666984558105,0.0
1157,2763,0,464,initiation,0.0,0.11642639338970184
1157,2763,0,476,initiation,0.0,0.062433332204818726
1157,2763,0,514,decrease,0.06097361445426941,0.02964305691421032
1157,2763,0,526,initiation,0.0,0.04674583300948143
1157,2763,0,538,increase,0.02602916583418846,0.060411110520362854
1157,2763,0,550,stop,0.06024305522441864,0.0
1157,2763,0,586,decrease,0.0478736087679863,0.023604167625308037
1157,2763,0,598,initiation,0.0,0.03568333387374878
1157,2763,0,637,decrease,0.036961108446121216,0.018054166808724403
1157,2763,0,649,initiation,0.0,0.08262082934379578
1157,2763,0,664,increase,0.016962500289082527,0.03327639028429985
1157,2763,0,746,decrease,0.04020277410745621,0.020237499848008156
1157,2763,0,782,decrease,0.05180139094591141,0.025402778759598732
1157,2763,0,830,decrease,0.04619999974966049,0.014637499116361141
1157,2763,0,843,stop,0.035377778112888336,0.0
1157,2763,0,988,decrease,0.036395832896232605,0.01784166693687439
1157,2763,0,1001,increase,0.01390694361180067,0.028837502002716064
1157,2763,0,1146,decrease,0.031420834362506866,0.015763889998197556
1157,2763,0,1225,increase,0.010326389223337173,0.030154166743159294
1157,2763,0,1373,increase,0.003783333348110318,0.023309722542762756
1157,2763,0,1385,initiation,0.0,0.05221111327409744
1157,2763,0,1427,decrease,0.048148609697818756,0.02361111156642437
1157,2763,0,1443,increase,0.013936111703515053,0.033912502229213715
1157,2763,0,1547,decrease,0.0322069451212883,0.015768054872751236
1157,2763,0,1582,decrease,0.02772916667163372,0.013597222045063972
1157,2763,0,1703,increase,0.002744444413110614,0.015690278261899948
1157,2763,0,1740,decrease,0.016320832073688507,0.0011500000255182385
1157,2763,0,1836,increase,0.021218055859208107,0.04987916722893715
1157,2763,0,1848,initiation,0.0,0.07564306259155273
1157,2763,0,1860,stop,0.07463610917329788,0.0
1157,2763,0,1872,initiation,0.0,0.04553472250699997
1157,2763,0,2019,decrease,0.03798888623714447,0.018841667100787163
1157,2763,0,2034,increase,0.011627777479588985,0.02828194573521614
1157,2763,0,2126,decrease,0.029797222465276718,0.014459722675383091
1157,2763,0,2141,increase,0.009090278297662735,0.02227083407342434
1157,2763,0,2192,decrease,0.02380416728556156,0.011566666886210442
1157,2763,0,2211,decrease,0.03922083228826523,0.01875833235681057
1157,2763,0,2224,increase,0.012583333998918533,0.030831944197416306
1157,2763,0,2267,decrease,0.030791666358709335,0.012790277600288391
1157,2763,0,2466,decrease,0.039112500846385956,0.01946388930082321
1157,2763,0,2478,stop,0.03874305635690689,0.0
1157,2763,0,2499,increase,0.012131944298744202,0.02643750235438347
1157,2763,0,2564,increase,0.01067500002682209,0.0287138894200325
1157,2763,0,2642,increase,0.029644444584846497,0.04375694692134857
1157,2763,0,2661,increase,0.013619444333016872,0.029552776366472244
1157,2763,0,2673,decrease,0.03002222254872322,0.012723611667752266
1157,2763,0,3019,decrease,0.03751944378018379,0.0187416672706604
1157,2763,0,3032,initiation,0.0,0.037263888865709305
1157,2763,0,3140,decrease,0.03730139136314392,0.01820416748523712
1157,2763,0,3173,decrease,0.03694722056388855,0.018012499436736107
1157,2763,1,23,initiation,0.0,0.09684999287128448
1157,2763,1,42,decrease,0.11548750102519989,0.05594722554087639
1157,2763,1,55,initiation,0.0,0.05837778002023697
1157,2763,1,208,decrease,0.06615138798952103,0.03264722228050232
1157,2763,1,220,initiation,0.0,0.05316527932882309
1157,2763,1,311,decrease,0.05617360770702362,0.02841527760028839
1157,2763,1,332,decrease,0.11661389470100403,0.058674998581409454
1157,2763,1,381,decrease,0.1256013810634613,0.0967097207903862
1157,2763,1,501,increase,0.15127083659172058,0.17413194477558136
1157,2763,1,627,increase,0.17029166221618652,0.19501110911369324
1157,2763,1,838,decrease,0.18704167008399963,0.09342777729034424
1157,2763,1,850,initiation,0.0,0.13539445400238037
1157,2763,1,1333,decrease,0.1477999985218048,0.06927916407585144
1157,2763,1,1352,initiation,0.0,0.06414583325386047
1157,2763,1,1506,decrease,0.09159305691719055,0.04536110907793045
1157,2763,1,1839,decrease,0.08275694400072098,0.04534444212913513
1157,2763,1,1889,decrease,0.1036124974489212,0.05116527900099754
1157,2763,1,2019,decrease,0.10152360796928406,0.05012083426117897
1157,2763,1,2477,decrease,0.09235833585262299,0.04592360928654671
1157,2763,1,2489,stop,0.07281111180782318,0.0
1157,2763,1,2644,decrease,0.0731416642665863,0.03702361136674881
1157,2763,1,2842,decrease,0.08314583450555801,0.056494440883398056
1157,2763,1,2876,decrease,0.10529583692550659,0.05165416747331619
1157,2763,1,2970,decrease,0.09003888815641403,0.04537361115217209
1157,2763,1,2982,initiation,0.0,0.06753750145435333
1157,2763,1,3028,increase,0.06326944380998611,0.08535833656787872
1157,2763,1,3140,decrease,0.08333610743284225,0.041308335959911346
1157,2763,1,3173,decrease,0.07720139622688293,0.038172222673892975
1172,2102,0,25,initiation,0.0,0.03769027814269066
1172,2102,0,45,decrease,0.1099499985575676,0.05406944453716278
1172,2102,0,67,initiation,0.0,0.04347500205039978
1172,2102,0,81,initiation,0.0,0.03650138899683952
1172,2102,0,126,decrease,0.0399986132979393,0.01947638764977455
1172,2102,0,149,increase,0.007859721779823303,0.021497223526239395
1172,2102,0,177,decrease,0.022309724241495132,0.004197222180664539
1172,2102,0,780,decrease,0.03199583292007446,0.015773611143231392
1172,2102,0,1046,increase,0.01158333383500576,0.027340278029441833
1172,2102,0,1090,decrease,0.03545833379030228,0.01700972206890583
1172,2102,1,22,initiation,0.0,0.040251389145851135
1172,2102,1,46,decrease,0.06620138883590698,0.03244861215353012
1172,2102,1,93,initiation,0.0,0.03674999997019768
1172,2102,1,534,increase,0.03993611037731171,0.07246667146682739
1172,2102,1,546,initiation,0.0,0.05438888818025589
1172,2102,1,609,decrease,0.05184027552604675,0.02579166553914547
1172,2102,1,621,initiation,0.0,0.04325694590806961
1172,2102,1,650,decrease,0.04367777705192566,0.021401388570666313
1172,2102,1,1040,initiation,0.0,0.04709166660904884
1172,2102,1,1076,decrease,0.04555555805563927,0.022063888609409332
1172,2102,1,1091,decrease,0.053833335638046265,0.026369445025920868
1172,2102,1,1103,initiation,0.0,0.04389166831970215
1191,5068,0,22,initiation,0.0,0.10700972378253937
1191,5068,0,94,decrease,0.13529443740844727,0.06614167243242264
1191,5068,0,107,initiation,0.0,0.03673611208796501
1191,5068,0,473,decrease,0.0724513828754425,0.03595277667045593
1191,5068,0,485,increase,0.026734722778201103,0.05995694547891617
1191,5068,0,508,decrease,0.060313887894153595,0.03018472157418728
1191,5068,0,904,decrease,0.06954166293144226,0.03436944633722305
1191,5068,0,1046,decrease,0.0831611156463623,0.040736112743616104
1191,5068,0,1507,decrease,0.04041944444179535,0.020947221666574478
1191,5068,0,1689,decrease,0.05468888580799103,0.02707500010728836
1191,5068,0,1754,decrease,0.07109305262565613,0.03603889048099518
1191,5068,0,2183,decrease,0.05883333459496498,0.02974861115217209
1191,5068,0,2440,decrease,0.058008335530757904,0.02884305641055107
1191,5068,0,2452,initiation,0.0,0.04595416784286499
1191,5068,0,2907,decrease,0.049861110746860504,0.024319443851709366
1191,5068,1,17,initiation,0.0,0.05228055268526077
1191,5068,1,93,decrease,0.08964861184358597,0.0442236103117466
1191,5068,1,107,initiation,0.0,0.052679166197776794
1191,5068,1,134,decrease,0.061149999499320984,0.030823612585663795
1191,5068,1,160,decrease,0.08959027379751205,0.04419305548071861
1191,5068,1,173,initiation,0.0,0.05058055371046066
1191,5068,1,298,decrease,0.06324861198663712,0.03165694326162338
1191,5068,1,423,decrease,0.08524166792631149,0.04345416650176048
1191,5068,1,502,decrease,0.10758055746555328,0.05312638729810715
1191,5068,1,555,decrease,0.1064569503068924,0.05291805788874626
1191,5068,1,877,decrease,0.12682916224002838,0.06270833313465118
1191,5068,1,901,decrease,0.127761110663414,0.06284861266613007
1191,5068,1,918,initiation,0.0,0.06083333492279053
1191,5068,1,1389,decrease,0.0837777704000473,0.042811110615730286
1191,5068,1,1442,decrease,0.10748611390590668,0.05347638577222824
1191,5068,1,1912,decrease,0.10494305193424225,0.05178749933838844
1191,5068,1,2906,decrease,0.10477499663829803,0.0520833320915699
1249,2923,0,59,initiation,0.0,0.6944444179534912
1249,2923,0,72,initiation,0.0,0.0936347246170044
1249,2923,0,106,decrease,0.12783333659172058,0.06150278076529503
1249,2923,0,118,initiation,0.0,0.08692361414432526
1249,2923,0,329,decrease,0.06747777760028839,0.03371250256896019
1249,2923,0,341,initiation,0.0,0.05331944674253464
1249,2923,0,696,decrease,0.053268056362867355,0.025130555033683777
1249,2923,0,708,initiation,0.0,0.04353055730462074
1249,2923,0,784,decrease,0.04467638581991196,0.021784722805023193
1249,2923,0,1260,decrease,0.041688889265060425,0.019816666841506958
1249,2923,1,55,initiation,0.0,0.4861111044883728
1249,2923,1,69,initiation,0.0,0.08189722150564194
1249,2923,1,105,decrease,0.10107360780239105,0.049106940627098083
1249,2923,1,340,initiation,0.0,0.04979860782623291
1249,2923,1,995,decrease,0.04574861377477646,0.022361110895872116
1249,2923,1,1099,decrease,0.045455556362867355,0.022598611190915108
1249,2923,1,1261,decrease,0.05024305358529091,0.024886110797524452
1249,2923,1,1273,initiation,0.0,0.04214721918106079
1267,3526,0,98,initiation,0.0,0.6944444179534912
1267,3526,0,110,decrease,0.24589306116104126,0.14042359590530396
1267,3526,0,141,decrease,0.19007915258407593,0.0928291603922844
1267,3526,0,153,initiation,0.0,0.13840416073799133
1267,3526,0,165,stop,0.13700972497463226,0.0
1267,3526,0,178,initiation,0.0,0.07715694606304169
1267,3526,0,378,decrease,0.07620139420032501,0.037361111491918564
1267,3526,0,454,decrease,0.09102778136730194,0.04547777771949768
1267,3526,0,466,initiation,0.0,0.06965972483158112
1267,3526,0,588,decrease,0.07038889080286026,0.035159721970558167
1267,3526,0,1378,increase,0.06601527333259583,0.7281402349472046
1267,3526,1,93,initiation,0.0,0.5555555820465088
1267,3526,1,105,initiation,0.0,0.06309166550636292
1267,3526,1,141,decrease,0.09537778049707413,0.04638194665312767
1267,3526,1,154,initiation,0.0,0.04962916672229767
1267,3526,1,166,stop,0.06365139037370682,0.0
1267,3526,1,178,initiation,0.0,0.047744445502758026
1267,3526,1,229,decrease,0.05076666921377182,0.024868056178092957
1267,3526,1,387,initiation,0.0,0.04500139132142067
1267,3526,1,456,decrease,0.07574722170829773,0.03774166479706764
1267,3526,1,468,increase,0.08051666617393494,0.10161110758781433
1267,3526,1,529,decrease,0.09491388499736786,0.04510277509689331
1267,3526,1,692,decrease,0.10400138795375824,0.051197223365306854
1267,3526,1,705,initiation,0.0,0.06841805577278137
1267,3526,1,1313,decrease,0.08363610506057739,0.040215276181697845
1267,3526,1,1325,initiation,0.0,0.0667930543422699
1267,3526,1,1381,decrease,0.07092222571372986,0.026670832186937332
1267,3526,1,1398,initiation,0.0,0.04488333314657211
1267,3526,1,1437,decrease,0.058787502348423004,0.028849998489022255
1267,3526,1,1458,decrease,0.07352638989686966,0.03631805628538132
1267,3526,1,1510,decrease,0.08456110954284668,0.04039166867733002
1337,1017,0,112,initiation,0.0,0.6944444179534912
1337,1017,0,124,stop,0.4030694365501404,0.0
1337,1017,0,142,initiation,0.0,0.05768611282110214
1337,1017,0,166,decrease,0.10719861090183258,0.051544442772865295
1337,1017,0,178,initiation,0.0,0.08292499929666519
1337,1017,0,345,decrease,0.06864722073078156,0.03317499905824661
1337,1017,0,357,initiation,0.0,0.0481875017285347
1337,1017,0,417,decrease,0.05009305477142334,0.02065555565059185
1337,1017,0,436,decrease,0.06775694340467453,0.033315278589725494
1337,1017,0,448,initiation,0.0,0.048484720289707184
1337,1017,0,804,decrease,0.04967360943555832,0.024658333510160446
1337,1017,1,106,initiation,0.0,0.5555555820465088
1337,1017,1,120,initiation,0.0,0.08056388795375824
1337,1017,1,132,decrease,0.12056389451026917,0.05757778137922287
1337,1017,1,153,initiation,0.0,0.06392499804496765
1337,1017,1,166,stop,0.05880416929721832,0.0
1337,1017,1,189,increase,0.008626388385891914,0.03376249969005585
1337,1017,1,286,decrease,0.03772222250699997,0.018679168075323105
1337,1017,1,310,initiation,0.0,0.050894442945718765
1337,1017,1,322,initiation,0.0,0.06241944432258606
1337,1017,1,345,decrease,0.06083611398935318,0.029725000262260437
1337,1017,1,357,initiation,0.0,0.046901386231184006
1337,1017,1,378,increase,0.010916667059063911,0.03484722226858139
1337,1017,1,417,decrease,0.03702083230018616,0.018469445407390594
1337,1017,1,484,decrease,0.048159725964069366,0.023618053644895554
1337,1017,1,502,increase,0.016161110252141953,0.048479169607162476
1337,1017,1,603,decrease,0.047773607075214386,0.02403055503964424
1337,1017,1,697,decrease,0.057427778840065,0.028454165905714035
1337,1017,1,709,initiation,0.0,0.04462222382426262
1337,1017,1,767,decrease,0.04669861122965813,0.02320833131670952
1337,1017,1,784,increase,0.015413888730108738,0.034554168581962585
1337,1017,1,812,decrease,0.03615555539727211,0.017605554312467575
1687,2364,0,13,initiation,0.0,0.27541667222976685
1687,2364,0,25,initiation,0.0,0.12897777557373047
1687,2364,0,40,decrease,0.12671250104904175,0.06086944416165352
1687,2364,0,64,initiation,0.0,0.04101388901472092
1687,2364,0,122,decrease,0.046622224152088165,0.023923611268401146
1687,2364,0,752,decrease,0.048563890159130096,0.023652778938412666
1687,2364,0,773,increase,0.01224583387374878,0.028945833444595337
1687,2364,0,811,decrease,0.030645832419395447,0.0150236114859581
1687,2364,1,12,initiation,0.0,0.5555555820465088
1687,2364,1,24,initiation,0.0,0.07594999670982361
1687,2364,1,40,decrease,0.10289028286933899,0.04975138604640961
1687,2364,1,63,initiation,0.0,0.03605416417121887
1687,2364,1,121,decrease,0.04003194719552994,0.020038889721035957
1687,2364,1,136,initiation,0.0,0.06756666302680969
1687,2364,1,148,stop,0.06884583085775375,0.0
1687,2364,1,211,decrease,0.05487777665257454,0.027291666716337204
1687,2364,1,624,decrease,0.07740417122840881,0.03824722394347191
1687,2364,1,755,decrease,0.07680416107177734,0.0377291664481163
1687,2364,1,947,decrease,0.07049444317817688,0.034861110150814056
1687,2364,1,1014,initiation,0.0,0.04192499816417694
1687,2364,1,1026,stop,0.04129999876022339,0.0
1826,5461,0,13,initiation,0.0,0.42421528697013855
1826,5461,0,25,initiation,0.0,0.0901680588722229
1826,5461,0,120,decrease,0.0778166651725769,0.0389527752995491
1826,5461,0,132,initiation,0.0,0.06218194589018822
1826,5461,0,144,stop,0.06058472394943237,0.0
1826,5461,0,222,decrease,0.04439166560769081,0.02167638950049877
1826,5461,0,234,increase,0.03226388990879059,0.07239305973052979
1826,5461,0,672,decrease,0.05828194320201874,0.02924305573105812
1826,5461,0,684,initiation,0.0,0.04404166713356972
1826,5461,0,696,stop,0.04327916353940964,0.0
1826,5461,1,12,initiation,0.0,0.3344472348690033
1826,5461,1,24,initiation,0.0,0.11266666650772095
1826,5461,1,92,decrease,0.09203194081783295,0.045383330434560776
1826,5461,1,104,initiation,0.0,0.06726805865764618
1826,5461,1,259,decrease,0.07067082822322845,0.03523888811469078
1826,5461,1,302,decrease,0.08072777837514877,0.04040833190083504
1826,5461,1,314,increase,0.03048333339393139,0.06879305839538574
1826,5461,1,399,decrease,0.06596527993679047,0.032415278255939484
1826,5461,1,495,decrease,0.061250001192092896,0.031361110508441925
1826,5461,1,548,decrease,0.07840555906295776,0.03893750160932541
1826,5461,1,560,initiation,0.0,0.08065415918827057
1826,5461,1,672,decrease,0.07927499711513519,0.03853749856352806
1826,5461,1,685,initiation,0.0,0.046647220849990845
1918,4788,0,135,decrease,0.0894777774810791,0.044599998742341995
1918,4788,0,173,increase,0.009484722279012203,0.02563333511352539
1918,4788,0,295,decrease,0.03231944516301155,0.017270833253860474
1918,4788,0,340,decrease,0.04485555738210678,0.021711111068725586
1918,4788,0,387,decrease,0.054580554366111755,0.02728472277522087
1918,4788,0,411,decrease,0.07538333535194397,0.03661666810512543
1918,4788,0,423,initiation,0.0,0.05788611248135567
1918,4788,0,502,decrease,0.05602361261844635,0.027061110362410545
1918,4788,0,623,decrease,0.0490555576980114,0.024441666901111603
1918,4788,0,723,decrease,0.04377083480358124,0.021761111915111542
1918,4788,0,1514,decrease,0.0423777773976326,0.027916666120290756
1918,4788,0,1545,decrease,0.04773472249507904,0.024226389825344086
1918,4788,0,1558,stop,0.08360277861356735,0.0
1918,4788,0,1570,initiation,0.0,0.06075972318649292
1918,4788,0,1583,increase,0.0297569427639246,0.08259444683790207
1918,4788,0,2405,decrease,0.06079722195863724,0.029979165643453598
1918,4788,0,2527,decrease,0.06035277619957924,0.029577776789665222
1918,4788,0,2675,decrease,0.02548888884484768,0.012231945060193539
1918,4788,1,135,decrease,0.07691805064678192,0.037833333015441895
1918,4788,1,266,decrease,0.03754860907793045,0.018941666930913925
1918,4788,1,278,initiation,0.0,0.07248750329017639
1918,4788,1,301,increase,0.053558334708213806,0.07611389458179474
1918,4788,1,339,decrease,0.07294444739818573,0.03624166548252106
1918,4788,1,412,decrease,0.08702361583709717,0.04303888976573944
1918,4788,1,425,initiation,0.0,0.05303610861301422
1918,4788,1,1024,increase,0.05115000158548355,0.07594722509384155
1918,4788,1,1292,decrease,0.07384305447340012,0.03648333251476288
1918,4788,1,1304,increase,0.03225972130894661,0.06388610601425171
1918,4788,1,1577,decrease,0.07548472285270691,0.03812916576862335
1918,4788,1,1628,decrease,0.08613750338554382,0.042419444769620895
1918,4788,1,1641,initiation,0.0,0.053219445049762726
1918,4788,1,2436,decrease,0.06575694680213928,0.032758332788944244
1918,4788,1,2616,decrease,0.08085277676582336,0.03992222249507904
1918,4788,1,2634,decrease,0.09232500195503235,0.04530000314116478
1918,4788,1,2666,decrease,0.08267360925674438,0.04108055308461189
1918,4788,1,2679,initiation,0.0,0.05183333531022072
1918,4788,1,2702,decrease,0.0840916633605957,0.04129444435238838
1925,1828,0,101,initiation,0.0,0.6944444179534912
1925,1828,0,113,initiation,0.0,0.07433194667100906
1925,1828,0,137,decrease,0.12842638790607452,0.06316666305065155
1925,1828,0,159,initiation,0.0,0.05027083307504654
1925,1828,0,282,decrease,0.04895138740539551,0.024456944316625595
1925,1828,0,829,decrease,0.04787638783454895,0.023452777415513992
1925,1828,1,99,initiation,0.0,0.3281708359718323
1925,1828,1,113,initiation,0.0,0.040150001645088196
1925,1828,1,137,decrease,0.07835555076599121,0.03768472000956535
1925,1828,1,158,initiation,0.0,0.04118333384394646
1925,1828,1,283,stop,0.042618054896593094,0.0
1925,1828,1,445,decrease,0.05095416679978371,0.025341667234897614
1925,1828,1,457,initiation,0.0,0.03914444521069527
1925,1828,1,618,decrease,0.04230416566133499,0.021137500181794167
1925,1828,1,630,initiation,0.0,0.0651458352804184
1925,1828,1,830,decrease,0.06093472242355347,0.03012777678668499
1944,1828,0,147,initiation,0.0,0.09998055547475815
1944,1828,0,166,decrease,0.1352541744709015,0.06551805883646011
1944,1828,0,183,initiation,0.0,0.06607777625322342
1944,1828,0,343,increase,0.05796527862548828,0.13314028084278107
1944,1828,0,355,increase,0.004680555313825607,0.0755833312869072
1944,1828,0,397,decrease,0.07091666758060455,0.03459027782082558
1944,1828,0,409,initiation,0.0,0.05345693975687027
1944,1828,0,466,decrease,0.0521722212433815,0.025975000113248825
1944,1828,0,519,decrease,0.06770972162485123,0.03327222168445587
1944,1828,0,531,stop,0.072163887321949,0.0
1944,1828,0,562,decrease,0.0715986117720604,0.03467361256480217
1944,1828,0,579,decrease,0.06368750333786011,0.031308334320783615
1944,1828,0,755,decrease,0.05665833130478859,0.02733750082552433
1944,1828,0,796,decrease,0.04977777600288391,0.02427777647972107
1944,1828,0,1498,decrease,0.04796944558620453,0.023573610931634903
1944,1828,0,1518,increase,0.014755555428564548,0.02986527793109417
1944,1828,0,1584,decrease,0.0323638916015625,0.015688888728618622
1944,1828,1,148,initiation,0.0,0.07199166715145111
1944,1828,1,345,decrease,0.08602083474397659,0.042561110109090805
1944,1828,1,357,increase,0.03944999724626541,0.08511805534362793
1944,1828,1,400,decrease,0.08578333258628845,0.04375416785478592
1944,1828,1,449,decrease,0.09525138139724731,0.048084720969200134
1944,1828,1,462,decrease,0.10648611187934875,0.05224166437983513
1944,1828,1,504,decrease,0.09351249784231186,0.052804168313741684
1944,1828,1,526,decrease,0.10407917201519012,0.0697527751326561
1944,1828,1,546,decrease,0.11428472399711609,0.056950002908706665
1944,1828,1,575,decrease,0.12313194572925568,0.06054166704416275
1944,1828,1,587,increase,0.05137777701020241,0.11068055778741837
1944,1828,1,778,decrease,0.11103054881095886,0.07639722526073456
1944,1828,1,790,increase,0.03985971957445145,0.09992361068725586
1944,1828,1,903,decrease,0.10150833427906036,0.05204860866069794
1944,1828,1,973,decrease,0.11156804859638214,0.055512502789497375
1944,1828,1,1045,decrease,0.11172500252723694,0.05563749745488167
1944,1828,1,1057,stop,0.08629167079925537,0.0
1944,1828,1,1069,initiation,0.0,0.07958056032657623
1944,1828,1,1101,decrease,0.08143333345651627,0.04085833206772804
1944,1828,1,1113,initiation,0.0,0.07171528041362762
1944,1828,1,1176,decrease,0.07497083395719528,0.03735416755080223
1944,1828,1,1498,decrease,0.084954172372818,0.042406946420669556
1944,1828,1,1531,initiation,0.0,0.042709723114967346
1944,1828,1,1583,decrease,0.0479416698217392,0.024037498980760574
2281,3675,0,106,initiation,0.0,0.6944444179534912
2281,3675,0,118,initiation,0.0,0.07985833287239075
2281,3675,0,134,initiation,0.0,0.03666111081838608
2281,3675,0,163,decrease,0.1018347218632698,0.040409721434116364
2281,3675,0,175,stop,0.11706805229187012,0.0
2281,3675,0,187,increase,0.04312777891755104,0.09181389212608337
2281,3675,0,266,decrease,0.08155415952205658,0.04010972008109093
2281,3675,0,280,initiation,0.0,0.04452500119805336
2281,3675,0,360,decrease,0.05225277692079544,0.025547221302986145
2281,3675,0,372,initiation,0.0,0.10784167051315308
2281,3675,0,438,decrease,0.10664305090904236,0.05273611098527908
2281,3675,0,450,initiation,0.0,0.08426111191511154
2281,3675,0,481,decrease,0.08475278317928314,0.04141944646835327
2281,3675,0,493,initiation,0.0,0.06464305520057678
2281,3675,0,594,decrease,0.06509861350059509,0.0328555554151535
2281,3675,0,1280,decrease,0.06298055499792099,0.03108472377061844
2281,3675,1,105,initiation,0.0,0.5555555820465088
2281,3675,1,119,initiation,0.0,0.06891249865293503
2281,3675,1,135,initiation,0.0,0.05274583399295807
2281,3675,1,160,increase,0.06247499957680702,0.12831249833106995
2281,3675,1,172,initiation,0.0,0.07603472471237183
2281,3675,1,209,increase,0.011127778328955173,0.03206944465637207
2281,3675,1,358,increase,0.03776388615369797,0.26608195900917053
2281,3675,1,372,initiation,0.0,0.05722638592123985
2281,3675,1,417,decrease,0.10608471930027008,0.08012361079454422
2281,3675,1,475,decrease,0.10748333483934402,0.05088333413004875
2281,3675,1,514,decrease,0.09456250071525574,0.04678750038146973
2281,3675,1,526,initiation,0.0,0.06021527945995331
2281,3675,1,594,decrease,0.07455138862133026,0.03745972365140915
2281,3675,1,606,initiation,0.0,0.06274444609880447
2281,3675,1,727,decrease,0.06579861044883728,0.03314027935266495
2281,3675,1,877,decrease,0.06611806154251099,0.03261110931634903
2281,3675,1,894,initiation,0.0,0.07153194397687912
2281,3675,1,1392,decrease,0.07428333163261414,0.03738194704055786
2311,3466,0,242,initiation,0.0,0.6130444407463074
2311,3466,0,254,initiation,0.0,0.0835944414138794
2311,3466,0,285,decrease,0.10375972092151642,0.04950416833162308
2311,3466,0,301,initiation,0.0,0.0509902760386467
2311,3466,0,1546,decrease,0.040930554270744324,0.019881943240761757
2311,3466,0,1698,decrease,0.02594861015677452,0.012426388449966908
2311,3466,1,242,initiation,0.0,0.24248887598514557
2311,3466,1,255,initiation,0.0,0.056720830500125885
2311,3466,1,267,decrease,0.07321944832801819,0.04674861207604408
2311,3466,1,284,decrease,0.07917778193950653,0.038822222501039505
2311,3466,1,305,initiation,0.0,0.04194166511297226
2311,3466,1,505,decrease,0.044304169714450836,0.02239583246409893
2311,3466,1,617,decrease,0.05361250042915344,0.026197221130132675
2311,3466,1,629,initiation,0.0,0.04361250251531601
2311,3466,1,966,decrease,0.04573194682598114,0.022749999538064003
2311,3466,1,978,initiation,0.0,0.03554166853427887
2311,3466,1,1078,stop,0.03755277767777443,0.0
2311,3466,1,1090,increase,0.033080555498600006,0.06552083790302277
2311,3466,1,1197,decrease,0.06099722161889076,0.029972221702337265
2311,3466,1,1209,initiation,0.0,0.06172361224889755
2311,3466,1,1435,decrease,0.060684725642204285,0.030095834285020828
2311,3466,1,1547,decrease,0.06845000386238098,0.033315278589725494
2311,3466,1,1559,increase,0.04387083277106285,0.08699028193950653
2311,3466,1,1698,decrease,0.08362916857004166,0.04156944528222084
2380,4399,0,12,initiation,0.0,0.11898332834243774
2380,4399,0,202,decrease,0.08013194799423218,0.03977777808904648
2380,4399,0,218,initiation,0.0,0.04372083395719528
2380,4399,0,308,decrease,0.05086527764797211,0.025987500324845314
2380,4399,0,736,decrease,0.059509724378585815,0.029561111703515053
2380,4399,0,748,initiation,0.0,0.04479999840259552
2380,4399,0,886,decrease,0.04768333584070206,0.02484305389225483
2380,4399,0,1105,decrease,0.058294445276260376,0.028526388108730316
2380,4399,0,1117,initiation,0.0,0.04263611137866974
2380,4399,0,1148,decrease,0.04389166831970215,0.021484721451997757
2380,4399,1,12,increase,0.05292778089642525,0.10216943919658661
2380,4399,1,27,decrease,0.09616526961326599,0.04613055661320686
2380,4399,1,203,decrease,0.10733610391616821,0.053320832550525665
2380,4399,1,217,initiation,0.0,0.0550847202539444
2380,4399,1,257,decrease,0.07374583184719086,0.03672083094716072
2380,4399,1,309,decrease,0.09723193943500519,0.04843611270189285
2380,4399,1,365,decrease,0.13731110095977783,0.06776388734579086
2380,4399,1,377,initiation,0.0,0.09529166668653488
2380,4399,1,410,decrease,0.10151667147874832,0.050794441252946854
2380,4399,1,736,decrease,0.10466805100440979,0.051790278404951096
2380,4399,1,748,initiation,0.0,0.07736805081367493
2380,4399,1,884,decrease,0.08511249721050262,0.041823610663414
2380,4399,1,899,initiation,0.0,0.039597220718860626
2380,4399,1,941,decrease,0.053045835345983505,0.02666805498301983
2380,4399,1,990,initiation,0.0,0.03793472424149513
2380,4399,1,1002,initiation,0.0,0.08672361075878143
2380,4399,1,1149,decrease,0.0761166661977768,0.03715138882398605
2380,4399,1,1168,initiation,0.0,0.036280557513237
2380,4399,1,1187,decrease,0.04014861211180687,0.02033333294093609
2380,4399,1,1199,stop,0.05639027804136276,0.0
2380,4399,1,1233,decrease,0.04453194513916969,0.022456945851445198
2392,4064,0,42,initiation,0.0,0.40226390957832336
2392,4064,0,54,initiation,0.0,0.0950888842344284
2392,4064,0,75,decrease,0.09635139256715775,0.045879166573286057
2392,4064,0,87,initiation,0.0,0.07186249643564224
2392,4064,0,1441,decrease,0.044079165905714035,0.021369444206357002
2392,4064,1,42,initiation,0.0,0.22920000553131104
2392,4064,1,54,initiation,0.0,0.08688610792160034
2392,4064,1,75,decrease,0.0800444483757019,0.03890972211956978
2392,4064,1,96,initiation,0.0,0.03588610887527466
2392,4064,1,375,decrease,0.039031945168972015,0.018974998965859413
2392,4064,1,1301,decrease,0.0255291685461998,0.006418055389076471
2392,4064,1,1451,decrease,0.03350555896759033,0.002397222211584449
2392,4064,1,1503,decrease,0.043429166078567505,0.020874999463558197
2488,5329,0,21,initiation,0.0,0.05035138875246048
2488,5329,0,39,decrease,0.08653472363948822,0.04155416786670685
2488,5329,0,51,initiation,0.0,0.05420277640223503
2488,5329,0,86,decrease,0.05721527710556984,0.0431777760386467
2488,5329,0,98,decrease,0.067530557513237,0.033198609948158264
2488,5329,0,131,decrease,0.07499722391366959,0.03705277666449547
2488,5329,0,143,increase,0.024169445037841797,0.06168333441019058
2488,5329,0,161,decrease,0.06135694310069084,0.0301833339035511
2488,5329,0,173,initiation,0.0,0.04842222481966019
2488,5329,0,506,decrease,0.04602222144603729,0.02259722352027893
2488,5329,1,16,stop,0.3560222089290619,0.0
2488,5329,1,28,increase,0.041398610919713974,0.07387083768844604
2488,5329,1,40,decrease,0.07224583625793457,0.034594446420669556
2488,5329,1,97,increase,0.005849999841302633,0.03037777729332447
2488,5329,1,109,initiation,0.0,0.04977083206176758
2488,5329,1,134,decrease,0.0484749972820282,0.02383749932050705
2488,5329,1,146,initiation,0.0,0.03744860738515854
2488,5329,1,506,decrease,0.038551390171051025,0.01863749884068966
2671,5272,0,142,initiation,0.0,0.15632638335227966
2671,5272,0,154,initiation,0.0,0.08556666970252991
2671,5272,0,200,decrease,0.07536250352859497,0.03618333488702774
2671,5272,0,213,initiation,0.0,0.04193888604640961
2671,5272,0,1211,decrease,0.03538888692855835,0.017762498930096626
2671,5272,0,1229,increase,0.02134583331644535,0.036177776753902435
2671,5272,0,1315,decrease,0.03497222065925598,0.017358332872390747
2671,5272,1,136,initiation,0.0,0.31490832567214966
2671,5272,1,148,initiation,0.0,0.03686527535319328
2671,5272,1,199,decrease,0.06528611481189728,0.03204166516661644
2671,5272,1,285,initiation,0.0,0.04335833340883255
2671,5272,1,357,decrease,0.046631939709186554,0.02324027754366398
2671,5272,1,963,initiation,0.0,0.03540555387735367
2671,5272,1,1423,decrease,0.03830694407224655,0.018872221931815147
2805,1391,0,32,initiation,0.0,0.48760277032852173
2805,1391,0,45,initiation,0.0,0.09337916970252991
2805,1391,0,82,decrease,0.16342222690582275,0.07857777923345566
2805,1391,0,97,initiation,0.0,0.08282361179590225
2805,1391,0,157,decrease,0.08872916549444199,0.04400555416941643
2805,1391,0,175,initiation,0.0,0.042580556124448776
2805,1391,0,469,decrease,0.05178888887166977,0.025229167193174362
2805,1391,0,481,increase,0.02105138823390007,0.10492360591888428
2805,1391,0,510,decrease,0.10053472220897675,0.04902222380042076
2805,1391,0,525,initiation,0.0,0.05148611217737198
2805,1391,0,544,decrease,0.06175694614648819,0.031340278685092926
2805,1391,0,556,increase,0.035548608750104904,0.07964028418064117
2805,1391,0,606,decrease,0.0772777795791626,0.03808888792991638
2805,1391,0,618,initiation,0.0,0.05858194828033447
2805,1391,0,631,initiation,0.0,0.04375416785478592
2805,1391,0,857,decrease,0.05327361077070236,0.026116667315363884
2805,1391,0,920,initiation,0.0,0.5847347378730774
2805,1391,0,951,initiation,0.0,0.0540180578827858
2805,1391,0,988,decrease,0.06383472681045532,0.031583331525325775
2805,1391,1,29,initiation,0.0,0.5555555820465088
2805,1391,1,52,initiation,0.0,0.03997499868273735
2805,1391,1,81,decrease,0.0817749947309494,0.040170833468437195
2805,1391,1,158,increase,0.024645833298563957,0.0872444435954094
2805,1391,1,170,initiation,0.0,0.0674416646361351
2805,1391,1,210,decrease,0.06880694627761841,0.033897221088409424
2805,1391,1,222,initiation,0.0,0.11409444361925125
2805,1391,1,234,decrease,0.11364444345235825,0.05447222292423248
2805,1391,1,468,decrease,0.09255555272102356,0.04619166627526283
2805,1391,1,480,initiation,0.0,0.059054166078567505
2805,1391,1,512,decrease,0.07051805406808853,0.02718472294509411
2805,1391,1,530,decrease,0.09540972858667374,0.04718611016869545
2805,1391,1,542,decrease,0.09502222388982773,0.035468053072690964
2805,1391,1,556,decrease,0.1058972179889679,0.051519446074962616
2805,1391,1,637,decrease,0.1219305545091629,0.060459718108177185
2805,1391,1,702,decrease,0.11049027740955353,0.0549333319067955
2805,1391,1,725,decrease,0.0977763831615448,0.04809444397687912
2805,1391,1,737,increase,0.03687499836087227,0.08732639253139496
2805,1391,1,866,decrease,0.09144721925258636,0.04650833457708359
2805,1391,1,899,decrease,0.11835694313049316,0.058711111545562744
2805,1391,1,912,initiation,0.0,0.03552499786019325
2805,1391,1,928,decrease,0.1071736067533493,0.043259721249341965
2834,1718,0,56,initiation,0.0,0.6944444179534912
2834,1718,0,68,initiation,0.0,0.10794860869646072
2834,1718,0,83,decrease,0.1588277816772461,0.07749305665493011
2834,1718,0,108,initiation,0.0,0.05526944249868393
2834,1718,0,129,decrease,0.06132917106151581,0.029701389372348785
2834,1718,0,141,increase,0.06936805695295334,0.0976875051856041
2834,1718,0,208,decrease,0.0863819420337677,0.04184027761220932
2834,1718,0,220,initiation,0.0,0.06427638977766037
2834,1718,0,449,decrease,0.05842500180006027,0.029766665771603584
2834,1718,0,461,increase,0.05857916921377182,0.08596527576446533
2834,1718,0,473,increase,0.042484723031520844,0.07808055728673935
2834,1718,0,731,decrease,0.0682152807712555,0.03418194502592087
2834,1718,0,758,initiation,0.0,0.039838891476392746
2834,1718,0,1013,increase,0.05386805534362793,0.07110416889190674
2834,1718,0,1026,stop,0.32774585485458374,0.0
2834,1718,0,1063,initiation,0.0,0.03970000147819519
2834,1718,0,1084,decrease,0.0474555566906929,0.023015277460217476
2834,1718,1,52,initiation,0.0,0.5555555820465088
2834,1718,1,64,initiation,0.0,0.1307833194732666
2834,1718,1,83,decrease,0.1334083378314972,0.06439722329378128
2834,1718,1,95,initiation,0.0,0.09185833483934402
2834,1718,1,329,decrease,0.08530972898006439,0.042649999260902405
2834,1718,1,341,increase,0.030865278095006943,0.06994027644395828
2834,1718,1,379,decrease,0.07327499985694885,0.03732360899448395
2834,1718,1,437,decrease,0.09801249206066132,0.05316666513681412
2834,1718,1,462,decrease,0.1106041669845581,0.060718052089214325
2834,1718,1,582,decrease,0.11744999885559082,0.05822082981467247
2834,1718,1,735,decrease,0.10635694861412048,0.05261944606900215
2834,1718,1,834,decrease,0.095548614859581,0.04691111296415329
2834,1718,1,846,increase,0.03172222152352333,0.08053472638130188
2834,1718,1,859,initiation,0.0,0.06303749978542328
2834,1718,1,875,decrease,0.06810972094535828,0.03451111167669296
2834,1718,1,905,initiation,0.0,0.046044446527957916
2834,1718,1,979,decrease,0.05139722302556038,0.02599305659532547
2834,1718,1,1096,decrease,0.06314444541931152,0.03133611008524895
3068,2350,0,58,initiation,0.0,0.0416458323597908
3068,2350,0,70,decrease,0.09809722006320953,0.07634444534778595
3068,2350,0,84,decrease,0.13254167139530182,0.0635875016450882
3068,2350,0,99,initiation,0.0,0.07568889111280441
3068,2350,0,151,decrease,0.07469722628593445,0.0367249995470047
3068,2350,0,163,initiation,0.0,0.057540275156497955
3068,2350,0,188,decrease,0.056687500327825546,0.018662501126527786
3068,2350,0,386,decrease,0.06004583090543747,0.029479166492819786
3068,2350,0,398,initiation,0.0,0.045904166996479034
3068,2350,0,423,decrease,0.04550277814269066,0.02306944504380226
3068,2350,0,440,increase,0.01356805581599474,0.032225001603364944
3068,2350,0,507,decrease,0.03552916646003723,0.01814444549381733
3068,2350,0,772,decrease,0.04753194376826286,0.023056944832205772
3068,2350,0,790,increase,0.013050000183284283,0.03298194706439972
3068,2350,0,844,decrease,0.03544444590806961,0.016998611390590668
3068,2350,0,858,initiation,0.0,0.0357472226023674
3068,2350,1,43,initiation,0.0,0.08635416626930237
3068,2350,1,85,decrease,0.12174999713897705,0.059174999594688416
3068,2350,1,97,initiation,0.0,0.08391666412353516
3068,2350,1,143,decrease,0.08730971813201904,0.04312777891755104
3068,2350,1,155,stop,0.06784860789775848,0.0
3068,2350,1,170,decrease,0.057576388120651245,0.029330555349588394
3068,2350,1,200,increase,0.08023055642843246,0.10658611357212067
3068,2350,1,420,decrease,0.09755277633666992,0.04838194325566292
3068,2350,1,781,increase,0.07583055645227432,0.10230416059494019
3068,2350,1,826,decrease,0.09759722650051117,0.0486111119389534
3068,2350,1,867,decrease,0.0846986174583435,0.041579168289899826
3114,3925,0,34,initiation,0.0,0.40190693736076355
3114,3925,0,46,initiation,0.0,0.09054166078567505
3114,3925,0,143,decrease,0.07737638801336288,0.03820555657148361
3114,3925,0,155,initiation,0.0,0.05776944383978844
3114,3925,0,332,decrease,0.050923608243465424,0.0244388896971941
3114,3925,0,518,decrease,0.06076805293560028,0.029956944286823273
3114,3925,0,605,decrease,0.06884722411632538,0.03408055752515793
3114,3925,1,31,initiation,0.0,0.35463473200798035
3114,3925,1,43,initiation,0.0,0.10417221486568451
3114,3925,1,627,decrease,0.0769013911485672,0.03760555759072304
3166,487,0,239,initiation,0.0,0.06899166852235794
3166,487,0,251,stop,0.05930555611848831,0.0
3166,487,0,263,initiation,0.0,0.05725972354412079
3166,487,0,352,decrease,0.05430833250284195,0.02661111019551754
3166,487,0,364,initiation,0.0,0.039977774024009705
3166,487,0,473,decrease,0.03774444758892059,0.01946111209690571
3166,487,0,502,initiation,0.0,0.03644583374261856
3166,487,0,536,decrease,0.04557083547115326,0.022808333858847618
3166,487,0,676,decrease,0.052965275943279266,0.026047222316265106
3166,487,0,1020,decrease,0.04360416531562805,0.02152777835726738
3166,487,0,1177,decrease,0.03987777978181839,0.0196097232401371
3166,487,0,1194,increase,0.0125749995931983,0.027490276843309402
3166,487,0,1302,increase,0.020883332937955856,0.06102083623409271
3166,487,0,1314,initiation,0.0,0.046111106872558594
3166,487,1,234,initiation,0.0,0.09286388754844666
3166,487,1,246,stop,0.12011666595935822,0.0
3166,487,1,258,increase,0.03309444338083267,0.0804888904094696
3166,487,1,473,increase,0.07387222349643707,0.12695834040641785
3166,487,1,486,initiation,0.0,0.06649444252252579
3166,487,1,1232,decrease,0.07259027659893036,0.035568054765462875
3166,487,1,1244,increase,0.027008332312107086,0.05996111035346985
3166,487,1,1261,increase,0.05583055689930916,0.07550972700119019
3166,487,1,1320,decrease,0.07323610782623291,0.036347221583127975
3237,3195,0,15,initiation,0.0,0.6944444179534912
3237,3195,0,27,initiation,0.0,0.1017402857542038
3237,3195,0,43,decrease,0.11456805467605591,0.05537916719913483
3237,3195,0,55,increase,0.0393972210586071,0.09311388432979584
3237,3195,0,293,decrease,0.06523055583238602,0.032991666346788406
3237,3195,0,307,initiation,0.0,0.05679167062044144
3237,3195,0,342,decrease,0.062465280294418335,0.03128194436430931
3237,3195,0,354,increase,0.07146111130714417,0.08906111121177673
3237,3195,0,577,decrease,0.07677361369132996,0.03804861009120941
3237,3195,0,771,decrease,0.07483610510826111,0.03720000013709068
3237,3195,0,783,increase,0.02707500010728836,0.06149027496576309
3237,3195,0,836,decrease,0.06391943991184235,0.050987500697374344
3237,3195,0,849,decrease,0.05819166451692581,0.02824999950826168
3237,3195,0,937,decrease,0.05223055183887482,0.02575555630028248
3237,3195,0,949,increase,0.018933333456516266,0.0439152792096138
3237,3195,0,962,decrease,0.04420972242951393,0.022279167547822
3237,3195,0,1029,decrease,0.04187222197651863,0.020763888955116272
3237,3195,0,1041,stop,0.03789166361093521,0.0
3237,3195,0,1109,decrease,0.03820138797163963,0.019219445064663887
3237,3195,1,12,initiation,0.0,0.635415256023407
3237,3195,1,24,initiation,0.0,0.0989999920129776
3237,3195,1,42,decrease,0.09207500517368317,0.04478472098708153
3237,3195,1,55,initiation,0.0,0.047930553555488586
3237,3195,1,67,decrease,0.05941528081893921,0.016665278002619743
3237,3195,1,153,decrease,0.06737639009952545,0.03372083231806755
3237,3195,1,246,decrease,0.060762498527765274,0.03025694377720356
3237,3195,1,258,initiation,0.0,0.04987083375453949
3237,3195,1,292,decrease,0.04924861341714859,0.024554166942834854
3237,3195,1,306,initiation,0.0,0.05184027925133705
3237,3195,1,318,initiation,0.0,0.048468053340911865
3237,3195,1,341,decrease,0.04951111227273941,0.024634720757603645
3237,3195,1,766,decrease,0.056462500244379044,0.027840277180075645
3237,3195,1,964,decrease,0.05614166706800461,0.02787916734814644
3237,3195,1,1110,decrease,0.050769444555044174,0.024869443848729134
3352,6057,0,70,decrease,0.05290833115577698,0.025616666302084923
3352,6057,0,82,initiation,0.0,0.03853472322225571
3352,6057,0,162,decrease,0.03979027643799782,0.025241665542125702
3352,6057,0,623,decrease,0.04908749833703041,0.024388888850808144
3352,6057,0,709,decrease,0.04893333464860916,0.0241069458425045
3352,6057,0,728,increase,0.014056945219635963,0.03176388889551163
3352,6057,0,1144,decrease,0.03651527687907219,0.018186111003160477
3352,6057,1,175,increase,0.013741666451096535,0.03382638841867447
3352,6057,1,196,initiation,0.0,0.04299444332718849
3352,6057,1,237,decrease,0.041693054139614105,0.020774999633431435
3352,6057,1,256,increase,0.009538888931274414,0.030891666188836098
3426,5364,0,18,initiation,0.0,0.3319888710975647
3426,5364,0,30,initiation,0.0,0.09461527317762375
3426,5364,0,46,decrease,0.095506951212883,0.043937500566244125
3426,5364,0,58,initiation,0.0,0.054540276527404785
3426,5364,0,828,decrease,0.04039861261844635,0.02004583366215229
3426,5364,0,845,increase,0.012658333405852318,0.02909861132502556
3426,5364,1,14,initiation,0.0,0.27945277094841003
3426,5364,1,26,initiation,0.0,0.08047221601009369
3426,5364,1,46,decrease,0.07540833204984665,0.036322221159935
3426,5364,1,58,initiation,0.0,0.04324444383382797
3426,5364,1,81,initiation,0.0,0.038104165345430374
3426,5364,1,494,increase,0.03555416688323021,0.05976250022649765
3426,5364,1,650,decrease,0.05625416710972786,0.02835972234606743
3426,5364,1,699,decrease,0.0651666671037674,0.03216249868273735
3426,5364,1,711,decrease,0.16679860651493073,0.04477083310484886
3426,5364,1,853,decrease,0.07238750159740448,0.035773612558841705
3426,5364,1,870,initiation,0.0,0.03717777878046036
3426,5364,1,899,decrease,0.04515555500984192,0.022318055853247643
3449,2179,0,127,initiation,0.0,0.15633194148540497
3449,2179,0,139,initiation,0.0,0.08834584057331085
3449,2179,0,207,decrease,0.06860833615064621,0.03273194283246994
3449,2179,0,228,initiation,0.0,0.05930277705192566
3449,2179,0,244,decrease,0.055529169738292694,0.026916665956377983
3449,2179,0,256,initiation,0.0,0.041938889771699905
3449,2179,0,407,decrease,0.03965277969837189,0.020131943747401237
3449,2179,0,419,increase,0.048463888466358185,0.09897777438163757
3449,2179,0,431,increase,0.030629167333245277,0.06153471767902374
3449,2179,0,447,decrease,0.05868055671453476,0.029133332893252373
3449,2179,0,459,increase,0.02212083339691162,0.04720555618405342
3449,2179,0,473,decrease,0.046880558133125305,0.03430694714188576
3449,2179,0,492,decrease,0.05756666511297226,0.03997361287474632
3449,2179,0,954,decrease,0.04872778058052063,0.024275001138448715
3449,2179,0,971,initiation,0.0,0.03547777980566025
3449,2179,1,121,initiation,0.0,0.5555555820465088
3449,2179,1,135,initiation,0.0,0.058988891541957855
3449,2179,1,147,stop,0.07882639020681381,0.0
3449,2179,1,178,increase,0.011631944216787815,0.033052779734134674
3449,2179,1,297,decrease,0.0349680557847023,0.0019222220871597528
3449,2179,1,309,increase,0.02202777750790119,0.050123609602451324
3449,2179,1,335,decrease,0.04991527646780014,0.024429168552160263
3449,2179,1,347,initiation,0.0,0.04052083194255829
3449,2179,1,388,decrease,0.04096250236034393,0.02022361010313034
3449,2179,1,404,increase,0.01153472252190113,0.03312777727842331
3449,2179,1,499,decrease,0.03270833194255829,0.0017402778612449765
3449,2179,1,541,increase,0.04247083514928818,0.07500556111335754
3449,2179,1,553,increase,0.017334721982479095,0.05010833591222763
3449,2179,1,592,increase,0.05307083576917648,0.08627638965845108
3449,2179,1,604,initiation,0.0,0.05638749897480011
3449,2179,1,649,decrease,0.049145832657814026,0.025466667488217354
3449,2179,1,692,decrease,0.04762083292007446,0.023840278387069702
3449,2179,1,727,decrease,0.055516667664051056,0.02846805565059185
3449,2179,1,750,decrease,0.060333333909511566,0.029813887551426888
3449,2179,1,788,increase,0.03820694237947464,0.0603611096739769
3449,2179,1,834,decrease,0.06255138665437698,0.03080972284078598
3449,2179,1,846,initiation,0.0,0.05350833386182785
3449,2179,1,879,decrease,0.054273609071969986,0.026904167607426643
3449,2179,1,895,initiation,0.0,0.037363890558481216
3449,2179,1,918,increase,0.03938194364309311,0.0758499950170517
3449,2179,1,930,increase,0.020386110991239548,0.0485694445669651
3449,2179,1,990,decrease,0.04766944423317909,0.023677777498960495
3759,5745,0,20,initiation,0.0,0.6944444179534912
3759,5745,0,32,initiation,0.0,0.11843472719192505
3759,5745,0,236,decrease,0.0806402787566185,0.03947083279490471
3759,5745,0,248,initiation,0.0,0.0636347234249115
3759,5745,0,291,decrease,0.06478333473205566,0.031377777457237244
3759,5745,0,350,decrease,0.07754027843475342,0.03773055598139763
3759,5745,0,372,decrease,0.09034860879182816,0.045036111027002335
3759,5745,0,384,stop,0.04066527634859085,0.0
3759,5745,0,424,decrease,0.09978611767292023,0.04951944202184677
3759,5745,0,436,initiation,0.0,0.09787221997976303
3759,5745,0,980,decrease,0.08410555869340897,0.0422000028192997
3759,5745,0,993,initiation,0.0,0.0502583347260952
3759,5745,0,1151,decrease,0.06239583343267441,0.03091944381594658
3759,5745,0,1193,decrease,0.07788750529289246,0.037918057292699814
3759,5745,0,1205,initiation,0.0,0.06043611094355583
3759,5745,0,1258,increase,0.06221389025449753,0.09293888509273529
3759,5745,0,1270,initiation,0.0,0.09255693852901459
3759,5745,0,1348,decrease,0.08795416355133057,0.042868055403232574
3759,5745,1,15,initiation,0.0,0.4861111044883728
3759,5745,1,27,initiation,0.0,0.06850972026586533
3759,5745,1,165,decrease,0.08131527900695801,0.039895832538604736
3759,5745,1,178,initiation,0.0,0.048859722912311554
3759,5745,1,193,decrease,0.054366666823625565,0.02743055485188961
3759,5745,1,260,increase,0.08084027469158173,0.15397778153419495
3759,5745,1,272,initiation,0.0,0.1354486048221588
3759,5745,1,287,decrease,0.131422221660614,0.06508611142635345
3759,5745,1,335,decrease,0.14585834741592407,0.07219583541154861
3759,5745,1,481,decrease,0.15154583752155304,0.07504166662693024
3759,5745,1,983,increase,0.1587444543838501,0.37028470635414124
3759,5745,1,995,increase,0.10206666588783264,0.19890138506889343
3759,5745,1,1159,decrease,0.18887916207313538,0.09322638809680939
3759,5745,1,1171,initiation,0.0,0.14745277166366577
3759,5745,1,1251,decrease,0.15753749012947083,0.07608889043331146
3759,5745,1,1265,initiation,0.0,0.061262503266334534
3759,5745,1,1277,initiation,0.0,0.1096472218632698
3759,5745,1,1317,increase,0.11381110548973083,0.18201249837875366
3759,5745,1,1329,initiation,0.0,0.17121249437332153
3759,5745,1,1381,decrease,0.16146527230739594,0.07928472012281418
3857,1665,0,16,initiation,0.0,0.055376388132572174
3857,1665,0,28,stop,0.1460055559873581,0.0
3857,1665,0,40,initiation,0.0,0.24768610298633575
3857,1665,0,52,stop,0.10708333551883698,0.0
3857,1665,0,77,decrease,0.1605638861656189,0.07813750207424164
3857,1665,0,127,increase,0.012202777899801731,0.026501387357711792
3857,1665,0,164,stop,0.03737499937415123,0.0
3857,1665,0,176,increase,0.01931944489479065,0.03820277750492096
3857,1665,0,295,increase,0.02934027835726738,0.04664583504199982
3857,1665,0,340,decrease,0.04438333213329315,0.022199999541044235
3857,1665,0,359,increase,0.011406945064663887,0.029775001108646393
3857,1665,0,410,increase,0.02018750086426735,0.03758750110864639
3857,1665,0,447,decrease,0.037194445729255676,0.019068054854869843
3857,1665,0,465,decrease,0.060572221875190735,0.03079722262918949
3857,1665,0,490,increase,0.01233472116291523,0.029273610562086105
3857,1665,0,1105,decrease,0.03190694749355316,0.01568611152470112
3857,1665,1,16,initiation,0.0,0.05154861509799957
3857,1665,1,28,stop,0.11892777681350708,0.0
3857,1665,1,40,initiation,0.0,0.05870972201228142
3857,1665,1,52,stop,0.0677555575966835,0.0
3857,1665,1,78,decrease,0.1574208289384842,0.07677777856588364
3857,1665,1,157,increase,0.030497223138809204,0.17430278658866882
3857,1665,1,176,initiation,0.0,0.05591388791799545
3857,1665,1,231,decrease,0.07069583237171173,0.050187498331069946
3857,1665,1,252,decrease,0.08034583181142807,0.04128750041127205
3857,1665,1,266,increase,0.09335555136203766,0.20491665601730347
3857,1665,1,286,increase,0.1056361123919487,0.1426749974489212
3857,1665,1,298,decrease,0.1203097254037857,0.00767638860270381
3857,1665,1,310,stop,0.14403194189071655,0.0
3857,1665,1,322,initiation,0.0,0.08187361061573029
3857,1665,1,334,initiation,0.0,0.07737082988023758
3857,1665,1,346,stop,0.07672777771949768,0.0
3857,1665,1,394,initiation,0.0,0.054447222501039505
3857,1665,1,465,decrease,0.08106666803359985,0.0394861102104187
3857,1665,1,481,initiation,0.0,0.04300277680158615
3857,1665,1,568,decrease,0.054576389491558075,0.027174999937415123
3857,1665,1,956,increase,0.055279165506362915,0.12893055379390717
3857,1665,1,973,initiation,0.0,0.056119441986083984
3857,1665,1,1076,decrease,0.0647222250699997,0.031481944024562836
3857,1665,1,1088,initiation,0.0,0.049045830965042114
3857,1665,1,1106,decrease,0.050504170358181,0.025381943210959435
3860,5856,0,15,initiation,0.0,0.6666861176490784
3860,5856,0,27,initiation,0.0,0.11954028159379959
3860,5856,0,39,decrease,0.14266806840896606,0.06924722343683243
3860,5856,0,51,initiation,0.0,0.11067777872085571
3860,5856,0,63,decrease,0.10879722237586975,0.05356944352388382
3860,5856,0,75,initiation,0.0,0.07744999974966049
3860,5856,0,87,initiation,0.0,0.0626777783036232
3860,5856,0,1490,decrease,0.046708330512046814,0.020641667768359184
3860,5856,0,1503,initiation,0.0,0.04276944696903229
3860,5856,0,1567,decrease,0.045463889837265015,0.02355416677892208
3860,5856,0,1600,decrease,0.05364444479346275,0.026286112144589424
3860,5856,0,1612,initiation,0.0,0.04976944252848625
3860,5856,0,1715,decrease,0.054673612117767334,0.027187500149011612
3860,5856,0,1727,initiation,0.0,0.04211527854204178
3860,5856,0,1863,decrease,0.04405555501580238,0.021965276449918747
3860,5856,0,1900,decrease,0.04433194547891617,0.02208472229540348
3860,5856,0,1912,increase,0.04584861174225807,0.07352499663829803
3860,5856,0,1958,decrease,0.06959861516952515,0.034897223114967346
3860,5856,0,1976,initiation,0.0,0.038709722459316254
3860,5856,0,2023,decrease,0.041280556470155716,0.0199416670948267
3860,5856,0,2039,increase,0.013544443994760513,0.02942083403468132
3860,5856,0,2153,decrease,0.03114444389939308,0.015386111102998257
3860,5856,1,15,initiation,0.0,0.3913249969482422
3860,5856,1,28,initiation,0.0,0.04644305631518364
3860,5856,1,63,decrease,0.08221389353275299,0.04064027592539787
3860,5856,1,205,initiation,0.0,0.03587638959288597
3860,5856,1,281,increase,0.06869028508663177,0.10184167325496674
3860,5856,1,293,increase,0.027141666039824486,0.07745694369077682
3860,5856,1,483,decrease,0.07419166713953018,0.036581944674253464
3860,5856,1,495,initiation,0.0,0.06328333169221878
3860,5856,1,507,decrease,0.06538611650466919,0.009845833294093609
3860,5856,1,668,decrease,0.0743444412946701,0.05306388810276985
3860,5856,1,778,decrease,0.08261805772781372,0.04295000061392784
3860,5856,1,845,decrease,0.08639167249202728,0.04174444451928139
3860,5856,1,857,initiation,0.0,0.07067500054836273
3860,5856,1,1001,decrease,0.07460972666740417,0.035972222685813904
3860,5856,1,1013,initiation,0.0,0.06276944279670715
3860,5856,1,1326,decrease,0.06557638943195343,0.031140277162194252
3860,5856,1,1338,initiation,0.0,0.0667305588722229
3860,5856,1,1373,decrease,0.06605693697929382,0.034970831125974655
3860,5856,1,1446,decrease,0.07114444673061371,0.03449999913573265
3860,5856,1,1479,increase,0.04729583486914635,0.07185416668653488
3860,5856,1,1741,decrease,0.07316666841506958,0.03653194382786751
3860,5856,1,1801,decrease,0.0763888955116272,0.03698750212788582
3860,5856,1,1855,decrease,0.07437500357627869,0.04316111281514168
3860,5856,1,1959,decrease,0.07834166288375854,0.039088886231184006
3860,5856,1,1976,initiation,0.0,0.059259720146656036
3860,5856,1,2176,decrease,0.06576527655124664,0.03209860995411873
3874,5342,0,13,initiation,0.0,0.6944444179534912
3874,5342,0,25,initiation,0.0,0.12493888288736343
3874,5342,0,45,decrease,0.158006951212883,0.07717500627040863
3874,5342,0,76,initiation,0.0,0.039641667157411575
3874,5342,0,88,stop,0.044640276581048965,0.0
3874,5342,0,487,decrease,0.058093056082725525,0.029140278697013855
3874,5342,0,560,decrease,0.07139444351196289,0.03482639044523239
3874,5342,0,572,initiation,0.0,0.05408889055252075
3874,5342,0,658,decrease,0.05506666749715805,0.027133332565426826
3874,5342,0,670,initiation,0.0,0.03555416688323021
3874,5342,0,730,decrease,0.04110416769981384,0.020415278151631355
3874,5342,0,824,increase,0.043065279722213745,0.7163221836090088
3874,5342,1,12,initiation,0.0,0.8205180764198303
3874,5342,1,24,initiation,0.0,0.1058083325624466
3874,5342,1,67,decrease,0.09224165976047516,0.044919442385435104
3874,5342,1,96,initiation,0.0,0.036072224378585815
3874,5342,1,195,decrease,0.04223889112472534,0.021076388657093048
3874,5342,1,207,increase,0.01588750071823597,0.06352639198303223
3874,5342,1,409,decrease,0.05883888900279999,0.02932361140847206
3874,5342,1,560,decrease,0.06740555167198181,0.0327402763068676
3874,5342,1,572,initiation,0.0,0.05585416406393051
3874,5342,1,741,decrease,0.058743055909872055,0.02939583547413349
3874,5342,1,825,decrease,0.058440275490283966,0.028797220438718796
3874,5342,1,837,initiation,0.0,0.04706110805273056
3874,5342,1,901,decrease,0.04924999922513962,0.02449999935925007
3961,1456,0,55,stop,0.5779055953025818,0.0
3961,1456,0,79,decrease,0.10562916845083237,0.052287500351667404
3961,1456,0,91,initiation,0.0,0.06090833246707916
3961,1456,0,104,decrease,0.36667221784591675,0.06686250120401382
3961,1456,0,159,decrease,0.07521666586399078,0.03701666742563248
3961,1456,0,227,decrease,0.07775832712650299,0.03878888860344887
3961,1456,0,242,initiation,0.0,0.04065278172492981
3961,1456,0,265,decrease,0.04822639375925064,0.02416389063000679
3961,1456,0,307,decrease,0.060748614370822906,0.030073611065745354
3961,1456,0,345,decrease,0.05220416560769081,0.02881944365799427
3961,1456,0,526,decrease,0.05698750168085098,0.02820972353219986
3961,1456,0,538,initiation,0.0,0.042593054473400116
3961,1456,0,628,decrease,0.04486111178994179,0.02621944434940815
3961,1456,0,641,increase,0.06071250140666962,0.07303889095783234
3961,1456,0,674,increase,0.01348888874053955,0.02993750013411045
3961,1456,0,720,decrease,0.03228750079870224,0.016481943428516388
3961,1456,0,864,decrease,0.04597917199134827,0.022838888689875603
3961,1456,0,886,increase,0.01387083437293768,0.03233472257852554
3961,1456,0,932,decrease,0.033856943249702454,0.01679166778922081
3961,1456,0,1025,decrease,0.02414444461464882,0.011730555444955826
3961,1456,0,1060,decrease,0.03788749873638153,0.019068054854869843
3961,1456,0,1097,increase,0.0007638888782821596,0.025013890117406845
3961,1456,0,1139,decrease,0.025786111131310463,0.012795833870768547
3961,1456,1,53,stop,0.2602805495262146,0.0
3961,1456,1,65,increase,0.04130416736006737,0.07587361335754395
3961,1456,1,79,decrease,0.07249444723129272,0.03475138917565346
3961,1456,1,280,initiation,0.0,0.05511944741010666
3961,1456,1,342,decrease,0.06411805748939514,0.03173472359776497
3961,1456,1,354,initiation,0.0,0.05255277827382088
3961,1456,1,388,decrease,0.05456528067588806,0.026826389133930206
3961,1456,1,628,decrease,0.06279721856117249,0.021901389583945274
3961,1456,1,645,decrease,0.08249583095312119,0.04062361270189285
3961,1456,1,657,increase,0.06509583443403244,0.10860554873943329
3961,1456,1,718,decrease,0.10306666791439056,0.051184721291065216
3961,1456,1,731,initiation,0.0,0.058234721422195435
3961,1456,1,945,decrease,0.07805971801280975,0.0398833341896534
3961,1456,1,1036,decrease,0.08640000224113464,0.04223472252488136
3961,1456,1,1060,decrease,0.07569999992847443,0.03789583221077919
3961,1456,1,1077,initiation,0.0,0.03822638839483261
3961,1456,1,1207,decrease,0.05402778089046478,0.025856945663690567
4000,5457,0,37,initiation,0.0,0.3319958448410034
4000,5457,0,57,initiation,0.0,0.0355694442987442
4000,5457,0,97,decrease,0.08310694992542267,0.04279722273349762
4000,5457,0,204,decrease,0.07782500237226486,0.038818053901195526
4000,5457,0,256,decrease,0.07628054916858673,0.03668055683374405
4000,5457,0,273,initiation,0.0,0.038066666573286057
4000,5457,0,597,decrease,0.04674027860164642,0.02317916601896286
4000,5457,1,33,initiation,0.0,0.5555555820465088
4000,5457,1,47,initiation,0.0,0.042193055152893066
4000,5457,1,78,decrease,0.08738750219345093,0.0432722233235836
4000,5457,1,95,initiation,0.0,0.04829999804496765
4000,5457,1,156,decrease,0.05471944436430931,0.027465276420116425
4000,5457,1,179,decrease,0.06423194706439972,0.03165833279490471
4000,5457,1,235,decrease,0.0577569454908371,0.0286694448441267
4000,5457,1,256,decrease,0.05408749729394913,0.026618055999279022
4000,5457,1,268,increase,0.018337499350309372,0.048233337700366974
4000,5457,1,304,decrease,0.049836110323667526,0.024569444358348846
4000,5457,1,326,increase,0.03853750228881836,0.05983055382966995
4000,5457,1,338,decrease,0.05939027667045593,0.0191652774810791
4000,5457,1,389,decrease,0.06364999711513519,0.03138472139835358
4000,5457,1,479,decrease,0.06646111607551575,0.03272083401679993
4000,5457,1,491,initiation,0.0,0.05695972219109535
4000,5457,1,627,decrease,0.05940277874469757,0.029306944459676743
4027,690,0,12,initiation,0.0,0.10793888568878174
4027,690,0,47,decrease,0.1373986005783081,0.06611111015081406
4027,690,0,78,initiation,0.0,0.04615972191095352
4027,690,0,199,decrease,0.04677499830722809,0.022700000554323196
4027,690,0,212,decrease,0.06204722076654434,0.029899999499320984
4027,690,0,224,decrease,0.08400000631809235,0.044579166918992996
4027,690,0,239,initiation,0.0,0.05094583332538605
4027,690,0,400,increase,0.053724996745586395,0.09184028208255768
4027,690,0,412,stop,0.28376251459121704,0.0
4027,690,0,431,initiation,0.0,0.059672221541404724
4027,690,0,443,initiation,0.0,0.056102778762578964
4027,690,0,849,decrease,0.05391111224889755,0.026427777484059334
4027,690,0,1126,decrease,0.05170416831970215,0.022993054240942
4027,690,0,1138,increase,0.06358471512794495,0.08833055943250656
4027,690,0,1194,initiation,0.0,0.04131527990102768
4027,690,0,1206,increase,0.042487502098083496,0.05716388672590256
4027,690,0,1224,initiation,0.0,0.06759999692440033
4027,690,0,1259,initiation,0.0,0.05622916668653488
4027,690,0,1271,initiation,0.0,0.04555555433034897
4027,690,0,1283,decrease,0.049004167318344116,0.024441666901111603
4027,690,0,1333,increase,0.015856944024562836,0.03233611211180687
4027,690,0,1346,stop,0.039041668176651,0.0
4027,690,1,12,initiation,0.0,0.1332263946533203
4027,690,1,47,decrease,0.11152638494968414,0.05391250178217888
4027,690,1,65,initiation,0.0,0.046965278685092926
4027,690,1,227,decrease,0.05880694091320038,0.030508331954479218
4027,690,1,290,decrease,0.08663194626569748,0.04398889094591141
4027,690,1,466,decrease,0.09850555658340454,0.05008750036358833
4027,690,1,478,increase,0.055073611438274384,0.12647083401679993
4027,690,1,908,decrease,0.11822777986526489,0.04944583401083946
4027,690,1,922,decrease,0.13260695338249207,0.06404583156108856
4027,690,1,934,initiation,0.0,0.10189861059188843
4027,690,1,1006,decrease,0.10725555568933487,0.05249999836087227
4027,690,1,1175,decrease,0.09745277464389801,0.04814999923110008
4027,690,1,1187,initiation,0.0,0.07194861024618149
4027,690,1,1250,decrease,0.07657083123922348,0.05342083424329758
4027,690,1,1291,decrease,0.08660277724266052,0.042484723031520844
4098,2680,0,64,initiation,0.0,0.6086416244506836
4098,2680,0,76,initiation,0.0,0.09935694187879562
4098,2680,0,97,decrease,0.10762916505336761,0.05195971950888634
4098,2680,0,111,initiation,0.0,0.0586249977350235
4098,2680,0,131,decrease,0.06549583375453949,0.03190416842699051
4098,2680,0,200,decrease,0.08431805670261383,0.04201110824942589
4098,2680,0,235,decrease,0.0942888855934143,0.04758055508136749
4098,2680,0,399,decrease,0.09170415997505188,0.04493611305952072
4098,2680,0,411,initiation,0.0,0.07395139336585999
4098,2680,0,426,decrease,0.07375555485486984,0.036662500351667404
4098,2680,0,443,initiation,0.0,0.03816249966621399
4098,2680,0,1491,decrease,0.05023472011089325,0.024984722957015038
4098,2680,0,1509,increase,0.016334721818566322,0.03458888828754425
4098,2680,0,1694,decrease,0.03900416940450668,0.019940277561545372
4098,2680,1,58,initiation,0.0,0.5555555820465088
4098,2680,1,71,initiation,0.0,0.07730694115161896
4098,2680,1,97,decrease,0.11034999787807465,0.053765274584293365
4098,2680,1,109,initiation,0.0,0.07675694674253464
4098,2680,1,199,decrease,0.07549583166837692,0.03737916797399521
4098,2680,1,904,decrease,0.09330971539020538,0.04686250165104866
4098,2680,1,992,increase,0.11269722878932953,0.15355001389980316
4098,2680,1,1315,decrease,0.11085139214992523,0.05482083559036255
4098,2680,1,1327,initiation,0.0,0.08812917023897171
4098,2680,1,1459,decrease,0.09204582870006561,0.046005554497241974
4098,2680,1,1471,initiation,0.0,0.05713333189487457
4098,2680,1,1492,decrease,0.0692611113190651,0.03460833057761192
4098,2680,1,1507,initiation,0.0,0.04387778043746948
4098,2680,1,1700,decrease,0.06440277397632599,0.03160138800740242
4186,5464,0,24,initiation,0.0,0.09465416520833969
4186,5464,0,36,initiation,0.0,0.09074444323778152
4186,5464,0,79,decrease,0.08287083357572556,0.0392611101269722
4186,5464,0,131,initiation,0.0,0.098351389169693
4186,5464,0,143,initiation,0.0,0.06407777965068817
4186,5464,0,301,decrease,0.0516597256064415,0.025168055668473244
4186,5464,0,313,initiation,0.0,0.03667638823390007
4186,5464,0,344,decrease,0.03823889046907425,0.018348611891269684
4186,5464,0,363,increase,0.008854166604578495,0.024793054908514023
4186,5464,0,759,decrease,0.029369443655014038,0.014186110347509384
4186,5464,1,24,initiation,0.0,0.29156944155693054
4186,5464,1,37,initiation,0.0,0.07237083464860916
4186,5464,1,79,decrease,0.07782778143882751,0.038233332335948944
4186,5464,1,189,increase,0.02873888798058033,0.07926110923290253
4186,5464,1,201,initiation,0.0,0.08144722878932953
4186,5464,1,300,decrease,0.07337638735771179,0.036690276116132736
4186,5464,1,332,initiation,0.0,0.056970831006765366
4186,5464,1,762,decrease,0.05792916566133499,0.02889583446085453
4186,5464,1,840,decrease,0.06542360782623291,0.03272361308336258
4186,5464,1,860,decrease,0.07431666553020477,0.036686111241579056
4186,5464,1,872,increase,0.06105833500623703,0.0908583402633667
4186,5464,1,899,decrease,0.08937777578830719,0.04384305328130722
4312,1029,0,13,stop,0.6944444179534912,0.0
4312,1029,0,52,initiation,0.0,0.051079168915748596
4312,1029,0,64,stop,0.061674997210502625,0.0
4312,1029,0,76,increase,0.061302777379751205,0.11942499876022339
4312,1029,0,106,decrease,0.11249999701976776,0.0546402782201767
4312,1029,0,124,initiation,0.0,0.059373609721660614
4312,1029,0,154,decrease,0.05968333035707474,0.02930416725575924
4312,1029,0,183,decrease,0.07280833274126053,0.0364111103117466
4312,1029,0,195,stop,0.08783888816833496,0.0
4312,1029,0,207,initiation,0.0,0.06037221848964691
4312,1029,0,226,decrease,0.06019027531147003,0.04627499729394913
4312,1029,0,345,decrease,0.06484583020210266,0.032068055123090744
4312,1029,0,357,initiation,0.0,0.04933194816112518
4312,1029,0,370,decrease,0.04922221973538399,0.025640279054641724
4312,1029,0,406,decrease,0.06432221829891205,0.03177361190319061
4312,1029,0,430,increase,0.012127778492867947,0.033679164946079254
4312,1029,0,454,increase,0.007968055084347725,0.020654167979955673
4312,1029,0,493,initiation,0.0,0.04836944490671158
4312,1029,0,581,decrease,0.05306805670261383,0.02647777646780014
4312,1029,0,593,initiation,0.0,0.05468055233359337
4312,1029,0,609,decrease,0.047240279614925385,0.0347430557012558
4312,1029,0,632,decrease,0.05329166725277901,0.025769446045160294
4312,1029,1,12,stop,0.5555555820465088,0.0
4312,1029,1,24,stop,0.12626388669013977,0.0
4312,1029,1,41,decrease,0.09190555661916733,0.04472222179174423
4312,1029,1,63,initiation,0.0,0.042988888919353485
4312,1029,1,129,decrease,0.049800001084804535,0.023984720930457115
4312,1029,1,224,decrease,0.07003194093704224,0.03484444320201874
4312,1029,1,236,initiation,0.0,0.055743053555488586
4312,1029,1,278,decrease,0.059074997901916504,0.028862500563263893
4312,1029,1,290,initiation,0.0,0.04496805742383003
4312,1029,1,482,decrease,0.04929583519697189,0.025700001046061516
4312,1029,1,634,decrease,0.05905138701200485,0.029480556026101112
4312,1029,1,679,decrease,0.07914027571678162,0.03849305585026741
4312,1029,1,691,initiation,0.0,0.05471805855631828
4433,2013,0,21,initiation,0.0,0.09833472222089767
4433,2013,0,33,initiation,0.0,0.15715694427490234
4433,2013,0,145,decrease,0.11969583481550217,0.05744583159685135
4433,2013,0,185,increase,0.011016666889190674,0.03037083148956299
4433,2013,0,309,decrease,0.03861388936638832,0.01967777870595455
4433,2013,0,497,decrease,0.055465277284383774,0.0340999998152256
4433,2013,0,651,decrease,0.06063888967037201,0.02985277771949768
4433,2013,1,23,initiation,0.0,0.04265138879418373
4433,2013,1,35,initiation,0.0,0.1145777776837349
4433,2013,1,145,decrease,0.09220416843891144,0.045294445008039474
4433,2013,1,157,initiation,0.0,0.06951666623353958
4433,2013,1,392,increase,0.0917680561542511,0.1656736135482788
4433,2013,1,404,increase,0.07282361388206482,0.10223333537578583
4433,2013,1,483,decrease,0.10355417430400848,0.08417361229658127
4433,2013,1,495,stop,0.09592638909816742,0.0
4433,2013,1,514,initiation,0.0,0.055488891899585724
4433,2013,1,549,decrease,0.07407917082309723,0.038313888013362885
4433,2013,1,651,decrease,0.08332361280918121,0.0411958321928978
4435,5262,0,123,initiation,0.0,0.6657291650772095
4435,5262,0,135,initiation,0.0,0.08220694214105606
4435,5262,0,148,decrease,0.11271806061267853,0.05448194593191147
4435,5262,0,165,initiation,0.0,0.056397221982479095
4435,5262,0,213,decrease,0.057608336210250854,0.027669446542859077
4435,5262,0,225,increase,0.072623610496521,0.09055416285991669
4435,5262,0,322,decrease,0.0771888867020607,0.03720833361148834
4435,5262,0,340,initiation,0.0,0.03713610768318176
4435,5262,0,544,decrease,0.04349721968173981,0.021391667425632477
4435,5262,1,123,initiation,0.0,0.40671807527542114
4435,5262,1,135,initiation,0.0,0.09500138461589813
4435,5262,1,147,decrease,0.0916527807712555,0.04378333315253258
4435,5262,1,163,initiation,0.0,0.0433138906955719
4435,5262,1,176,initiation,0.0,0.037219442427158356
4435,5262,1,213,decrease,0.040772221982479095,0.020363887771964073
4435,5262,1,225,increase,0.042770832777023315,0.06213333457708359
4435,5262,1,323,decrease,0.05843472480773926,0.028994442895054817
4435,5262,1,335,initiation,0.0,0.04717361181974411
4435,5262,1,545,decrease,0.049484722316265106,0.024683332070708275
4435,5262,1,557,initiation,0.0,0.038652777671813965
4435,5262,1,625,decrease,0.040666669607162476,0.0201222226023674
4453,4619,0,31,initiation,0.0,0.4507041573524475
4453,4619,0,43,initiation,0.0,0.10633333027362823
4453,4619,0,66,decrease,0.12221944332122803,0.06174027547240257
4453,4619,0,80,initiation,0.0,0.036933332681655884
4453,4619,0,272,decrease,0.07133889198303223,0.034765277057886124
4453,4619,0,999,decrease,0.05750694498419762,0.028140276670455933
4453,4619,1,31,initiation,0.0,0.4791875183582306
4453,4619,1,44,initiation,0.0,0.07473333179950714
4453,4619,1,67,decrease,0.08276249468326569,0.040283333510160446
4453,4619,1,101,initiation,0.0,0.03935833275318146
4453,4619,1,147,decrease,0.04234861209988594,0.02077361010015011
4453,4619,1,159,initiation,0.0,0.10954583436250687
4453,4619,1,249,decrease,0.0987180545926094,0.04877222329378128
4453,4619,1,370,increase,0.012897222302854061,0.03461666777729988
4453,4619,1,404,increase,0.018763888627290726,0.04014027863740921
4453,4619,1,418,decrease,0.03948472440242767,0.019672222435474396
4453,4619,1,432,stop,0.0375722236931324,0.0
4453,4619,1,632,decrease,0.043937500566244125,0.02191527746617794
4453,4619,1,647,increase,0.013588889501988888,0.034513890743255615
4453,4619,1,663,decrease,0.0348319448530674,0.009663889184594154
4453,4619,1,741,decrease,0.04401666671037674,0.021518055349588394
4453,4619,1,753,initiation,0.0,0.03630555421113968
4453,4619,1,805,decrease,0.038580555468797684,0.019534721970558167
4453,4619,1,818,decrease,0.045552778989076614,0.022620834410190582
4453,4619,1,833,increase,0.037877775728702545,0.05843888968229294
4453,4619,1,998,decrease,0.0562930554151535,0.02778194472193718
4453,4619,1,1039,initiation,0.0,0.17379166185855865
4462,6052,0,20,initiation,0.0,0.23717361688613892
4462,6052,0,32,initiation,0.0,0.11227639019489288
4462,6052,0,46,decrease,0.10979583114385605,0.05393333360552788
4462,6052,0,59,initiation,0.0,0.06053333356976509
4462,6052,0,104,decrease,0.06324861198663712,0.031712498515844345
4462,6052,0,144,decrease,0.055868055671453476,0.0278458334505558
4462,6052,0,231,decrease,0.06421111524105072,0.03347500041127205
4462,6052,0,265,decrease,0.07665972411632538,0.03771388903260231
4462,6052,0,277,initiation,0.0,0.06078194081783295
4462,6052,0,292,decrease,0.06128055602312088,0.030404167249798775
4462,6052,0,304,initiation,0.0,0.04693055897951126
4462,6052,0,426,decrease,0.04865694418549538,0.023818055167794228
4462,6052,0,442,decrease,0.06249583512544632,0.03150833398103714
4462,6052,0,454,initiation,0.0,0.04795832931995392
4462,6052,0,564,decrease,0.04817638918757439,0.02578749880194664
4462,6052,0,576,stop,0.062034722417593,0.0
4462,6052,0,588,increase,0.01847083307802677,0.04735972359776497
4462,6052,0,630,decrease,0.04702500253915787,0.023415276780724525
4462,6052,1,20,initiation,0.0,0.3032333254814148
4462,6052,1,32,initiation,0.0,0.0647069439291954
4462,6052,1,47,decrease,0.0829305499792099,0.039347223937511444
4462,6052,1,142,initiation,0.0,0.2132333368062973
4462,6052,1,169,initiation,0.0,0.03983055427670479
4462,6052,1,181,stop,0.044551391154527664,0.0
4462,6052,1,197,stop,0.06897500157356262,0.0
4462,6052,1,258,decrease,0.042968057096004486,0.020919444039463997
4462,6052,1,274,increase,0.012601388618350029,0.031494446098804474
4462,6052,1,568,decrease,0.034251391887664795,0.008870833553373814
4462,6052,1,580,stop,0.044643059372901917,0.0
4481,5982,0,49,initiation,0.0,0.08526945114135742
4481,5982,0,134,decrease,0.08831805735826492,0.04204722121357918
4481,5982,0,146,initiation,0.0,0.06817500293254852
4481,5982,0,172,decrease,0.06597916781902313,0.03171111270785332
4481,5982,0,184,initiation,0.0,0.04874861240386963
4481,5982,0,384,decrease,0.04564860835671425,0.02272222377359867
4481,5982,0,396,initiation,0.0,0.03604583442211151
4481,5982,0,637,decrease,0.038479164242744446,0.01619027741253376
4481,5982,0,835,decrease,0.043933331966400146,0.021816667169332504
4481,5982,0,855,increase,0.01287361141294241,0.02826249971985817
4481,5982,0,975,decrease,0.03162500262260437,0.015715276822447777
4481,5982,0,1395,increase,0.013209722004830837,0.03514999896287918
4481,5982,0,1407,initiation,0.0,0.04448889195919037
4481,5982,0,1457,decrease,0.04042360931634903,0.02016250044107437
4481,5982,0,1472,increase,0.013409721665084362,0.02978472225368023
4481,5982,0,1492,increase,0.010336111299693584,0.023230556398630142
4481,5982,1,38,initiation,0.0,0.14784860610961914
4481,5982,1,50,initiation,0.0,0.11920832842588425
4481,5982,1,133,decrease,0.09641388803720474,0.04767777770757675
4481,5982,1,154,initiation,0.0,0.03758750110864639
4481,5982,1,384,decrease,0.05569722503423691,0.027255555614829063
4481,5982,1,396,increase,0.01964166760444641,0.04788055270910263
4481,5982,1,439,decrease,0.049122221767902374,0.018311111256480217
4481,5982,1,487,decrease,0.06004861369729042,0.030238887295126915
4481,5982,1,507,increase,0.06716388463973999,0.10483750700950623
4481,5982,1,520,increase,0.0229250006377697,0.050983332097530365
4481,5982,1,545,decrease,0.09863333404064178,0.048815276473760605
4481,5982,1,582,decrease,0.08320000022649765,0.04181249812245369
4481,5982,1,594,increase,0.02827361226081848,0.07090139389038086
4481,5982,1,623,decrease,0.07224861532449722,0.040772225707769394
4481,5982,1,635,increase,0.08626805245876312,0.10893750190734863
4481,5982,1,730,decrease,0.09355971962213516,0.046162500977516174
4481,5982,1,743,initiation,0.0,0.051318056881427765
4481,5982,1,835,decrease,0.07008472084999084,0.03448055684566498
4481,5982,1,847,initiation,0.0,0.041830554604530334
4481,5982,1,859,stop,0.05021527782082558,0.0
4481,5982,1,978,decrease,0.07343055307865143,0.03690138831734657
4481,5982,1,990,initiation,0.0,0.061056941747665405
4481,5982,1,1088,decrease,0.06411944329738617,0.031890276819467545
4481,5982,1,1207,decrease,0.05832500010728836,0.028915278613567352
4481,5982,1,1365,decrease,0.05482777953147888,0.027105556800961494
4481,5982,1,1396,increase,0.055298611521720886,0.07586389034986496
4481,5982,1,1408,initiation,0.0,0.07984166592359543
4481,5982,1,1457,decrease,0.07502777874469757,0.03729722276329994
4481,5982,1,1469,initiation,0.0,0.0613236129283905
4481,5982,1,1540,decrease,0.06366249918937683,0.02825833484530449
4481,5982,1,1553,initiation,0.0,0.05090972036123276
4481,5982,1,1592,decrease,0.06430277228355408,0.03162083402276039
4481,5982,1,1604,initiation,0.0,0.05144444480538368
4481,5982,1,1726,increase,0.05461110919713974,0.1317083239555359
4481,5982,1,1748,initiation,0.0,0.05408472195267677
4481,5982,1,2117,decrease,0.06433333456516266,0.03199305385351181
4481,5982,1,2137,decrease,0.0643722265958786,0.02576666697859764
4481,5982,1,2294,decrease,0.07567916810512543,0.03702361136674881
4481,5982,1,2323,decrease,0.09627916663885117,0.047136109322309494
4481,5982,1,2345,initiation,0.0,0.03968333452939987
4481,5982,1,2902,decrease,0.05483610928058624,0.027388887479901314
4497,2212,0,49,initiation,0.0,0.6944444179534912
4497,2212,0,62,initiation,0.0,0.05302361026406288
4497,2212,0,79,decrease,0.14140695333480835,0.06755555421113968
4497,2212,0,100,initiation,0.0,0.05401666462421417
4497,2212,0,116,increase,0.06330833584070206,0.12536805868148804
4497,2212,0,128,initiation,0.0,0.10759305208921432
4497,2212,0,140,stop,0.10450278222560883,0.0
4497,2212,0,152,initiation,0.0,0.07165832817554474
4497,2212,0,182,decrease,0.06851249933242798,0.033419445157051086
4497,2212,0,194,initiation,0.0,0.0498347245156765
4497,2212,0,210,increase,0.03998055309057236,0.05788750201463699
4497,2212,0,232,decrease,0.056341663002967834,0.032006945461034775
4497,2212,0,357,decrease,0.060438890010118484,0.02908194251358509
4497,2212,0,369,increase,0.024052778258919716,0.05021805316209793
4497,2212,0,404,decrease,0.05049305409193039,0.02440277673304081
4497,2212,0,423,decrease,0.04376944527029991,0.022413888946175575
4497,2212,0,662,decrease,0.05588611215353012,0.027387499809265137
4497,2212,0,788,increase,0.003947222139686346,0.019143056124448776
4497,2212,0,804,increase,0.019188888370990753,0.047527775168418884
4497,2212,0,826,initiation,0.0,0.061125002801418304
4497,2212,0,893,decrease,0.06187361478805542,0.030495833605527878
4497,2212,1,49,initiation,0.0,0.5550069808959961
4497,2212,1,62,initiation,0.0,0.07842499762773514
4497,2212,1,79,decrease,0.0930541604757309,0.04508889093995094
4497,2212,1,101,initiation,0.0,0.04144305735826492
4497,2212,1,120,decrease,0.04671110957860947,0.019034722819924355
4497,2212,1,137,decrease,0.07384444773197174,0.03662500157952309
4497,2212,1,163,increase,0.012205556035041809,0.03455694764852524
4497,2212,1,229,increase,0.03882777690887451,0.07019305974245071
4497,2212,1,241,initiation,0.0,0.062408335506916046
4497,2212,1,255,decrease,0.060809724032878876,0.030275000259280205
4497,2212,1,342,decrease,0.06644583493471146,0.03296250104904175
4497,2212,1,354,increase,0.023983333259820938,0.05594027787446976
4497,2212,1,366,increase,0.01939166709780693,0.0676041692495346
4497,2212,1,404,decrease,0.06671111285686493,0.03301111236214638
4497,2212,1,416,initiation,0.0,0.05344028025865555
4497,2212,1,433,initiation,0.0,0.04162360727787018
4497,2212,1,567,decrease,0.04662360996007919,0.023684721440076828
4497,2212,1,579,increase,0.02077638916671276,0.07159999758005142
4497,2212,1,591,stop,0.07052639126777649,0.0
4497,2212,1,662,decrease,0.05832916498184204,0.02908194251358509
4497,2212,1,686,increase,0.01185416616499424,0.03200972080230713
4497,2212,1,714,stop,0.03530694544315338,0.0
4497,2212,1,811,decrease,0.05671805515885353,0.03465694189071655
4497,2212,1,844,increase,0.01321249920874834,0.03200416639447212
4497,2212,1,921,decrease,0.04072500020265579,0.019962500780820847
4547,5761,0,22,initiation,0.0,0.2475736141204834
4547,5761,0,34,initiation,0.0,0.09031111001968384
4547,5761,0,53,decrease,0.08900416642427444,0.04320555552840233
4547,5761,0,67,initiation,0.0,0.050644442439079285
4547,5761,0,118,decrease,0.051597222685813904,0.025029165670275688
4547,5761,0,131,initiation,0.0,0.03618055582046509
4547,5761,0,221,decrease,0.03351110965013504,0.017043055966496468
4547,5761,0,257,decrease,0.04541805386543274,0.02286388911306858
4547,5761,0,269,decrease,0.05786389112472534,0.006540277972817421
4547,5761,0,519,increase,0.045301392674446106,0.05860000103712082
4547,5761,0,553,decrease,0.05429305508732796,0.03151944279670715
4547,5761,0,565,initiation,0.0,0.042895834892988205
4547,5761,0,577,stop,0.043287500739097595,0.0
4547,5761,0,590,increase,0.012698610313236713,0.03030138835310936
4547,5761,0,625,decrease,0.03162083402276039,0.016201388090848923
4547,5761,0,686,decrease,0.04317222163081169,0.021130554378032684
4547,5761,0,701,increase,0.013831944204866886,0.03244583308696747
4547,5761,0,936,decrease,0.035709723830223083,0.0175152774900198
4547,5761,0,1002,decrease,0.035754166543483734,0.018145833164453506
4547,5761,0,1057,decrease,0.04295139014720917,0.021320832893252373
4547,5761,0,1069,initiation,0.0,0.05560694634914398
4547,5761,0,1081,decrease,0.054868053644895554,0.027477778494358063
4547,5761,0,1093,initiation,0.0,0.039912499487400055
4547,5761,0,1105,stop,0.04060972481966019,0.0
4547,5761,1,21,initiation,0.0,0.5555555820465088
4547,5761,1,33,initiation,0.0,0.1187666654586792
4547,5761,1,52,decrease,0.11060694605112076,0.052988890558481216
4547,5761,1,66,initiation,0.0,0.05649721994996071
4547,5761,1,119,decrease,0.06422777473926544,0.031170833855867386
4547,5761,1,131,increase,0.02062777802348137,0.052247222512960434
4547,5761,1,221,decrease,0.055065274238586426,0.025248613208532333
4547,5761,1,257,decrease,0.06581805646419525,0.0326513908803463
4547,5761,1,269,decrease,0.07914721965789795,0.05050972104072571
4547,5761,1,295,decrease,0.08714305609464645,0.06655416637659073
4547,5761,1,310,decrease,0.0974263846874237,0.04893333092331886
4547,5761,1,339,decrease,0.11525416374206543,0.057726386934518814
4547,5761,1,385,decrease,0.1317513883113861,0.06792639195919037
4547,5761,1,441,decrease,0.14943888783454895,0.07390694320201874
4547,5761,1,522,decrease,0.14698472619056702,0.07199722528457642
4547,5761,1,550,decrease,0.16867917776107788,0.08343055844306946
4547,5761,1,562,increase,0.0598333366215229,0.14166250824928284
4547,5761,1,574,stop,0.14294582605361938,0.0
4547,5761,1,631,increase,0.12137500196695328,0.1418847292661667
4547,5761,1,645,decrease,0.13924305140972137,0.06816666573286057
4547,5761,1,658,initiation,0.0,0.038443055003881454
4547,5761,1,670,increase,0.04793749749660492,0.08267222344875336
4547,5761,1,682,initiation,0.0,0.08108611404895782
4547,5761,1,726,decrease,0.08752777427434921,0.06255833804607391
4547,5761,1,842,decrease,0.09874860942363739,0.04903333634138107
4547,5761,1,854,increase,0.03888750076293945,0.10166805982589722
4547,5761,1,868,decrease,0.10000278055667877,0.07672916352748871
4547,5761,1,885,increase,0.09283055365085602,0.12456805258989334
4547,5761,1,1062,decrease,0.12379583716392517,0.06185555458068848
4547,5761,1,1074,increase,0.04390277713537216,0.1028124988079071
4547,5761,1,1086,increase,0.051806941628456116,0.09954722225666046
4547,5761,1,1108,decrease,0.09625138342380524,0.04624861106276512
4616,287,0,84,initiation,0.0,0.6944444179534912
4616,287,0,96,initiation,0.0,0.0388166680932045
4616,287,0,144,decrease,0.11005695164203644,0.05314860865473747
4616,287,0,172,initiation,0.0,0.03860139101743698
4616,287,0,313,initiation,0.0,0.04844861105084419
4616,287,0,357,decrease,0.06546667218208313,0.032140277326107025
4616,287,0,369,initiation,0.0,0.04761388897895813
4616,287,0,872,decrease,0.04425555467605591,0.021966665983200073
4616,287,1,84,initiation,0.0,0.5555555820465088
4616,287,1,100,initiation,0.0,0.04194444417953491
4616,287,1,144,decrease,0.06663194298744202,0.0327875018119812
4616,287,1,316,initiation,0.0,0.039302777498960495
4616,287,1,725,decrease,0.038269445300102234,0.018894445151090622
4616,287,1,737,increase,0.011859721504151821,0.051375001668930054
4616,287,1,947,decrease,0.049409717321395874,0.024400001391768456
4695,3484,0,73,initiation,0.0,0.06640694290399551
4695,3484,0,109,decrease,0.09307083487510681,0.04474305734038353
4695,3484,0,121,initiation,0.0,0.049647219479084015
4695,3484,0,134,increase,0.04625000059604645,0.07544583082199097
4695,3484,0,708,decrease,0.06245972216129303,0.030811110511422157
4695,3484,0,720,initiation,0.0,0.04979861155152321
4695,3484,0,757,decrease,0.05069305747747421,0.024416666477918625
4695,3484,1,61,initiation,0.0,0.5555555820465088
4695,3484,1,76,initiation,0.0,0.06689444184303284
4695,3484,1,88,decrease,0.06680555641651154,0.03219444304704666
4695,3484,1,100,initiation,0.0,0.08006943762302399
4695,3484,1,136,increase,0.011390278115868568,0.03380555659532547
4695,3484,1,153,initiation,0.0,0.037558332085609436
4695,3484,1,349,decrease,0.05016666650772095,0.02513333410024643
4695,3484,1,374,increase,0.010418055579066277,0.030063888058066368
4695,3484,1,387,initiation,0.0,0.05200555920600891
4695,3484,1,730,decrease,0.050276391208171844,0.024740276858210564
4695,3484,1,742,initiation,0.0,0.041187502443790436
4695,3484,1,757,decrease,0.04132222384214401,0.02054722234606743
5017,2246,0,21,initiation,0.0,0.6086596846580505
5017,2246,0,33,initiation,0.0,0.10549861192703247
5017,2246,0,45,stop,0.10993333160877228,0.0
5017,2246,0,58,initiation,0.0,0.06111111491918564
5017,2246,0,70,stop,1.3888888359069824,0.0
5017,2246,0,148,initiation,0.0,0.06264444440603256
5017,2246,0,161,increase,0.08354721963405609,0.09865139424800873
5017,2246,0,195,decrease,0.09407082945108414,0.0453847199678421
5017,2246,0,207,initiation,0.0,0.0742708295583725
5017,2246,0,268,decrease,0.07168611139059067,0.03562916815280914
5017,2246,0,282,decrease,0.06417499482631683,0.030723610892891884
5017,2246,0,294,increase,0.023184724152088165,0.054499998688697815
5017,2246,0,310,initiation,0.0,0.0372583344578743
5017,2246,0,730,decrease,0.03976111114025116,0.01913333311676979
5017,2246,1,19,initiation,0.0,0.5555555820465088
5017,2246,1,35,initiation,0.0,0.036552779376506805
5017,2246,1,47,stop,0.09240416437387466,0.0
5017,2246,1,59,initiation,0.0,0.06907222419977188
5017,2246,1,74,decrease,0.06871527433395386,0.03298055753111839
5017,2246,1,100,initiation,0.0,0.036266665905714035
5017,2246,1,140,decrease,0.037069447338581085,0.01835833303630352
5017,2246,1,152,initiation,0.0,0.06779861450195312
5017,2246,1,348,decrease,0.06306388974189758,0.031212499365210533
5017,2246,1,360,initiation,0.0,0.05304722487926483
5017,2246,1,730,decrease,0.0533958338201046,0.026387501507997513
5137,5628,0,13,initiation,0.0,0.6944444179534912
5137,5628,0,25,initiation,0.0,0.08881249278783798
5137,5628,0,102,decrease,0.1305333375930786,0.10008889436721802
5137,5628,0,117,decrease,0.13841527700424194,0.06783194839954376
5137,5628,0,134,decrease,0.12015694379806519,0.05811944603919983
5137,5628,0,195,decrease,0.09744999557733536,0.04648750275373459
5137,5628,0,448,decrease,0.07661250233650208,0.03749722242355347
5137,5628,0,460,initiation,0.0,0.07609861344099045
5137,5628,0,658,decrease,0.0787472277879715,0.03831805661320686
5137,5628,0,674,decrease,0.06823471933603287,0.03349027782678604
5137,5628,0,686,initiation,0.0,0.05555000156164169
5137,5628,0,821,decrease,0.06574583053588867,0.033495835959911346
5137,5628,0,1949,decrease,0.0570930540561676,0.02816111035645008
5137,5628,0,2017,initiation,0.0,0.220245823264122
5137,5628,0,2029,initiation,0.0,0.06363888829946518
5137,5628,0,2053,decrease,0.06295277178287506,0.031011110171675682
5137,5628,1,12,initiation,0.0,1.1111111640930176
5137,5628,1,24,initiation,0.0,0.19128888845443726
5137,5628,1,45,decrease,0.1680375039577484,0.08113055676221848
5137,5628,1,60,initiation,0.0,0.06076527386903763
5137,5628,1,73,increase,0.0736486092209816,0.09514027833938599
5137,5628,1,97,decrease,0.09479027986526489,0.046430554240942
5137,5628,1,109,initiation,0.0,0.18946945667266846
5137,5628,1,121,decrease,0.182406947016716,0.14294582605361938
5137,5628,1,194,decrease,0.14105555415153503,0.06967499852180481
5137,5628,1,292,decrease,0.12211111187934875,0.061112500727176666
5137,5628,1,304,initiation,0.0,0.09597361087799072
5137,5628,1,316,initiation,0.0,0.07819028198719025
5137,5628,1,333,decrease,0.08228889107704163,0.04159722477197647
5137,5628,1,345,increase,0.02631944604218006,0.06693194806575775
5137,5628,1,517,decrease,0.07854028046131134,0.04685833305120468
5137,5628,1,551,decrease,0.09488055855035782,0.07335416972637177
5137,5628,1,591,decrease,0.13166943192481995,0.0894097238779068
5137,5628,1,636,decrease,0.13487499952316284,0.10370972752571106
5137,5628,1,648,decrease,0.14689166843891144,0.10347777605056763
5137,5628,1,771,decrease,0.15580277144908905,0.07535278052091599
5137,5628,1,836,decrease,0.14122222363948822,0.07042916864156723
5137,5628,1,945,decrease,0.12454166263341904,0.06128472089767456
5137,5628,1,1003,decrease,0.11611250042915344,0.05785277858376503
5137,5628,1,1266,increase,0.09680277109146118,0.11996527761220932
5137,5628,1,1278,initiation,0.0,0.10199722647666931
5137,5628,1,1617,decrease,0.1039944440126419,0.0512569434940815
5137,5628,1,1949,decrease,0.10384306311607361,0.05184582993388176
5137,5628,1,1961,initiation,0.0,0.05760277807712555
5137,5628,1,1977,decrease,0.06796527653932571,0.03423333540558815
5137,5628,1,1989,initiation,0.0,0.053312499076128006
5137,5628,1,2021,decrease,0.05940277874469757,0.029575001448392868
5137,5628,1,2054,decrease,0.07895416766405106,0.039044443517923355
5140,3803,0,32,initiation,0.0,0.05661805719137192
5140,3803,0,47,decrease,0.08084721863269806,0.038968052715063095
5140,3803,0,59,initiation,0.0,0.04666944593191147
5140,3803,0,920,decrease,0.03441527485847473,0.017084721475839615
5140,3803,0,942,decrease,0.05459444597363472,0.027134723961353302
5140,3803,0,1139,decrease,0.04210972040891647,0.014768055640161037
5140,3803,0,1156,increase,0.01335833314806223,0.02868194505572319
5140,3803,0,1481,decrease,0.03273194283246994,0.01606111042201519
5140,3803,0,1524,increase,0.00628749979659915,0.019615277647972107
5140,3803,1,18,initiation,0.0,0.2512555718421936
5140,3803,1,30,initiation,0.0,0.08790416270494461
5140,3803,1,47,decrease,0.08118194341659546,0.038256943225860596
5140,3803,1,63,initiation,0.0,0.03612499684095383
5140,3803,1,127,decrease,0.0426444448530674,0.021352777257561684
5140,3803,1,190,decrease,0.06937083601951599,0.02360277622938156
5140,3803,1,212,initiation,0.0,0.03808055445551872
5140,3803,1,273,decrease,0.05030694231390953,0.023568054661154747
5140,3803,1,329,decrease,0.06832777708768845,0.019474999979138374
5140,3803,1,341,increase,0.05583055317401886,0.10228888690471649
5140,3803,1,594,decrease,0.09321388602256775,0.04519999772310257
5140,3803,1,615,initiation,0.0,0.06787222623825073
5140,3803,1,942,decrease,0.07582361251115799,0.03727639093995094
5140,3803,1,954,initiation,0.0,0.056659720838069916
5140,3803,1,1139,decrease,0.061533331871032715,0.030533332377672195
5140,3803,1,1151,initiation,0.0,0.045847222208976746
5140,3803,1,1386,decrease,0.04954861104488373,0.024651389569044113
5140,3803,1,1467,decrease,0.05040694400668144,0.02439027838408947
5140,3803,1,1481,decrease,0.08404305577278137,0.03975833207368851
5140,3803,1,1496,initiation,0.0,0.03977638855576515
5140,3803,1,1517,decrease,0.04736805707216263,0.02309444546699524
5140,3803,1,1529,decrease,0.07086805254220963,0.04094305634498596
5140,3803,1,1541,initiation,0.0,0.05534305423498154
5140,3803,1,1642,decrease,0.05826805531978607,0.02881944365799427
5274,5598,0,14,initiation,0.0,0.4380819499492645
5274,5598,0,26,initiation,0.0,0.10028471797704697
5274,5598,0,45,decrease,0.09830555319786072,0.04775138944387436
5274,5598,0,57,increase,0.03368888795375824,0.07914861291646957
5274,5598,0,189,decrease,0.061994440853595734,0.02999861165881157
5274,5598,0,201,initiation,0.0,0.047147221863269806
5274,5598,0,750,decrease,0.043425001204013824,0.021372221410274506
5274,5598,0,762,increase,0.024419445544481277,0.05081666260957718
5274,5598,0,1033,decrease,0.046861112117767334,0.02333194389939308
5274,5598,1,12,initiation,0.0,0.21622638404369354
5274,5598,1,25,initiation,0.0,0.0658416673541069
5274,5598,1,46,decrease,0.07290972024202347,0.035076387226581573
5274,5598,1,274,decrease,0.03137222304940224,0.00786666665226221
5274,5598,1,286,initiation,0.0,0.04045138880610466
5274,5598,1,359,decrease,0.039229169487953186,0.02007361128926277
5274,5598,1,371,stop,0.042645834386348724,0.0
5274,5598,1,390,decrease,0.047591667622327805,0.02370416559278965
5274,5598,1,403,initiation,0.0,0.03534860908985138
5274,5598,1,452,decrease,0.03673333302140236,0.015273611061275005
5274,5598,1,464,increase,0.02112777717411518,0.05850555747747421
5274,5598,1,724,decrease,0.054923608899116516,0.027662498876452446
5274,5598,1,1032,decrease,0.06259582936763763,0.031220832839608192
5333,4459,0,12,initiation,0.0,0.12675556540489197
5333,4459,0,31,decrease,0.12071805447340012,0.05875277519226074
5333,4459,0,46,initiation,0.0,0.06513889133930206
5333,4459,0,96,decrease,0.06638889014720917,0.0320708341896534
5333,4459,0,108,increase,0.02374444529414177,0.054818056523799896
5333,4459,0,401,increase,0.044801387935876846,0.0677347257733345
5333,4459,0,413,increase,0.0049624997191131115,0.05684444308280945
5333,4459,0,445,decrease,0.055626384913921356,0.02734166756272316
5333,4459,0,457,initiation,0.0,0.04218333587050438
5333,4459,0,500,increase,0.034558333456516266,0.047498609870672226
5333,4459,0,818,decrease,0.04452499747276306,0.02312222309410572
5333,4459,0,882,decrease,0.05097083002328873,0.02529027685523033
5333,4459,0,905,initiation,0.0,0.0360347218811512
5333,4459,0,921,increase,0.050820834934711456,0.07897916436195374
5333,4459,0,933,increase,0.02233888767659664,0.06362777948379517
5333,4459,0,962,decrease,0.06070277839899063,0.03067222237586975
5333,4459,0,980,increase,0.05304444581270218,0.09683055430650711
5333,4459,0,994,stop,0.03658055514097214,0.0
5333,4459,0,1082,decrease,0.058331944048404694,0.028316667303442955
5333,4459,0,1105,increase,0.011812499724328518,0.031841665506362915
5333,4459,0,1117,decrease,0.0336291640996933,0.009480555541813374
5333,4459,0,1131,decrease,0.04137222096323967,0.02178194373846054
5333,4459,0,1163,decrease,0.048669442534446716,0.028545834124088287
5333,4459,0,1175,initiation,0.0,0.07090277969837189
5333,4459,0,1215,decrease,0.06962361186742783,0.03382638841867447
5333,4459,0,1460,decrease,0.05788611248135567,0.027723612263798714
5333,4459,0,1472,initiation,0.0,0.03667222335934639
5333,4459,0,1500,increase,0.04588610678911209,0.07806805521249771
5333,4459,0,1512,initiation,0.0,0.06573888659477234
5333,4459,0,1524,stop,0.06580555438995361,0.0
5333,4459,1,32,decrease,0.0842430591583252,0.04011944308876991
5333,4459,1,44,increase,0.027380555868148804,0.0660138875246048
5333,4459,1,142,decrease,0.06441527605056763,0.031579166650772095
5333,4459,1,402,decrease,0.08724027872085571,0.0430680550634861
5333,4459,1,417,initiation,0.0,0.04715416580438614
5333,4459,1,494,decrease,0.06268472224473953,0.03124583326280117
5333,4459,1,551,decrease,0.07263194024562836,0.03578472137451172
5333,4459,1,564,initiation,0.0,0.04158472269773483
5333,4459,1,586,decrease,0.05019861087203026,0.025402778759598732
5333,4459,1,656,decrease,0.05351527780294418,0.01824166625738144
5333,4459,1,777,decrease,0.07244444638490677,0.03588750213384628
5333,4459,1,828,increase,0.011716666631400585,0.032116666436195374
5333,4459,1,1469,initiation,0.0,0.04032638669013977
5333,4459,1,1522,decrease,0.06372778117656708,0.031405553221702576
5335,329,0,12,initiation,0.0,0.828398585319519
5335,329,0,24,initiation,0.0,0.12256249785423279
5335,329,0,36,stop,0.12113611400127411,0.0
5335,329,0,50,initiation,0.0,0.06038888916373253
5335,329,0,77,decrease,0.06324306130409241,0.03161666542291641
5335,329,0,114,decrease,0.07304583489894867,0.036301389336586
5335,329,0,184,decrease,0.07815000414848328,0.03873194381594658
5335,329,0,196,initiation,0.0,0.05989722162485123
5335,329,0,529,decrease,0.05903194472193718,0.02854166552424431
5335,329,0,608,decrease,0.05204860866069794,0.02598888799548149
5335,329,0,751,decrease,0.047640278935432434,0.02357500046491623
5335,329,0,1257,decrease,0.04665972292423248,0.03403333202004433
5335,329,0,1504,decrease,0.04971110820770264,0.02463611215353012
5335,329,1,17,initiation,0.0,0.04579305648803711
5335,329,1,32,decrease,0.07372916489839554,0.03565972298383713
5335,329,1,68,increase,0.00841805525124073,0.028452778235077858
5335,329,1,85,initiation,0.0,0.04022916778922081
5335,329,1,281,decrease,0.03960416465997696,0.013322222046554089
5335,329,1,294,increase,0.021948611363768578,0.05017499625682831
5335,329,1,307,stop,0.0478944405913353,0.0
5335,329,1,324,increase,0.04719861224293709,0.06779582798480988
5335,329,1,336,stop,0.06722499430179596,0.0
5335,329,1,390,decrease,0.07647638767957687,0.038333334028720856
5335,329,1,414,decrease,0.08115972578525543,0.05644999444484711
5335,329,1,588,decrease,0.08341944217681885,0.041208334267139435
5335,329,1,620,decrease,0.0736694484949112,0.03604722395539284
5335,329,1,664,decrease,0.06898750364780426,0.03380555659532547
5335,329,1,676,increase,0.02865833416581154,0.06486666202545166
5335,329,1,688,decrease,0.06495971977710724,0.024518055841326714
5335,329,1,952,decrease,0.056299999356269836,0.02762777730822563
5335,329,1,977,decrease,0.053075000643730164,0.02621944434940815
5335,329,1,993,decrease,0.049545831978321075,0.02425694465637207
5335,329,1,1005,initiation,0.0,0.04389861226081848
5335,329,1,1251,decrease,0.04449305683374405,0.021772222593426704
5335,329,1,1567,decrease,0.04332916438579559,0.02147083356976509
5511,1433,0,12,initiation,0.0,0.5583444237709045
5511,1433,0,24,initiation,0.0,0.15193334221839905
5511,1433,0,37,stop,0.16905000805854797,0.0
5511,1433,0,49,initiation,0.0,0.10067638754844666
5511,1433,0,99,decrease,0.10636111348867416,0.05712916702032089
5511,1433,0,226,decrease,0.09797361493110657,0.04796527698636055
5511,1433,0,242,initiation,0.0,0.051095832139253616
5511,1433,0,346,decrease,0.06250972300767899,0.030495833605527878
5511,1433,0,359,initiation,0.0,0.03680139034986496
5511,1433,0,441,decrease,0.04784444719552994,0.02405138872563839
5511,1433,0,461,increase,0.011998610571026802,0.030681945383548737
5511,1433,0,530,decrease,0.035418055951595306,0.017561111599206924
5511,1433,0,548,decrease,0.05416805297136307,0.026895832270383835
5511,1433,0,562,initiation,0.0,0.03564305603504181
5511,1433,0,626,decrease,0.03714583441615105,0.018570832908153534
5511,1433,1,14,stop,0.5285430550575256,0.0
5511,1433,1,26,increase,0.0714472234249115,0.10491805523633957
5511,1433,1,38,stop,0.10131250321865082,0.0
5511,1433,1,50,initiation,0.0,0.06648333370685577
5511,1433,1,71,decrease,0.06467777490615845,0.031627777963876724
5511,1433,1,158,decrease,0.083238884806633,0.041180554777383804
5511,1433,1,173,initiation,0.0,0.04599444568157196
5511,1433,1,302,decrease,0.06112083047628403,0.030375001952052116
5511,1433,1,317,increase,0.016562500968575478,0.05862916633486748
5511,1433,1,346,decrease,0.06145139038562775,0.030230555683374405
5511,1433,1,358,initiation,0.0,0.043316666036844254
5511,1433,1,411,decrease,0.04971110820770264,0.024929165840148926
5511,1433,1,423,initiation,0.0,0.03560555726289749
5511,1433,1,435,stop,0.03626944124698639,0.0
5511,1433,1,460,initiation,0.0,0.036427780985832214
5511,1433,1,472,initiation,0.0,0.05134027823805809
5511,1433,1,486,increase,0.05058471858501434,0.07856250554323196
5511,1433,1,498,initiation,0.0,0.09751666337251663
5511,1433,1,531,increase,0.09794028103351593,0.4270874857902527
5511,1433,1,543,initiation,0.0,0.16261667013168335
5511,1433,1,569,initiation,0.0,0.06334444880485535
5511,1433,1,624,decrease,0.07899444550275803,0.03953611105680466
5749,4641,0,42,initiation,0.0,0.17828750610351562
5749,4641,0,54,initiation,0.0,0.08658194541931152
5749,4641,0,73,decrease,0.0839402824640274,0.04223055765032768
5749,4641,0,107,decrease,0.08690278232097626,0.04237222298979759
5749,4641,0,119,increase,0.03462500125169754,0.0712013840675354
5749,4641,0,169,decrease,0.0643458366394043,0.03235694393515587
5749,4641,0,181,initiation,0.0,0.05000833421945572
5749,4641,0,999,decrease,0.04140277951955795,0.02043749950826168
5749,4641,0,1707,decrease,0.0397736132144928,0.01952916570007801
5749,4641,0,1727,decrease,0.05188055336475372,0.025151388719677925
5749,4641,0,1739,initiation,0.0,0.03829166665673256
5749,4641,0,2073,decrease,0.038131944835186005,0.019087500870227814
5749,4641,1,39,initiation,0.0,0.5555555820465088
5749,4641,1,52,initiation,0.0,0.04408055543899536
5749,4641,1,64,stop,0.07651666551828384,0.0
5749,4641,1,181,initiation,0.0,0.047720830887556076
5749,4641,1,193,decrease,0.05047500133514404,0.024550000205636024
5749,4641,1,263,initiation,0.0,0.03817916661500931
5749,4641,1,292,decrease,0.05587499961256981,0.028477776795625687
5749,4641,1,313,increase,0.06268750131130219,0.39737361669540405
5749,4641,1,350,initiation,0.0,0.046384721994400024
5749,4641,1,362,increase,0.03347361087799072,0.06552639603614807
5749,4641,1,374,decrease,0.06546389311552048,0.016486110165715218
5749,4641,1,407,decrease,0.08987222611904144,0.07093194127082825
5749,4641,1,419,decrease,0.09586111456155777,0.05521666631102562
5749,4641,1,531,decrease,0.09339860826730728,0.0456722192466259
5749,4641,1,575,decrease,0.10858194530010223,0.05549166351556778
5749,4641,1,609,initiation,0.0,0.04160972312092781
5749,4641,1,627,decrease,0.05463472008705139,0.02772916667163372
5749,4641,1,645,initiation,0.0,0.0746472179889679
5749,4641,1,715,decrease,0.10785277187824249,0.05353611335158348
5749,4641,1,727,initiation,0.0,0.06727916747331619
5749,4641,1,740,decrease,0.08347360789775848,0.04185694456100464
5749,4641,1,752,increase,0.030800001695752144,0.07688750326633453
5749,4641,1,792,decrease,0.07874444872140884,0.03963194414973259
5749,4641,1,804,increase,0.053454164415597916,0.09514027833938599
5749,4641,1,835,decrease,0.09444861114025116,0.046562500298023224
5749,4641,1,847,stop,0.08443471789360046,0.0
5749,4641,1,866,initiation,0.0,0.05539027601480484
5749,4641,1,910,decrease,0.06554583460092545,0.032608333975076675
5749,4641,1,924,decrease,0.0741611123085022,0.03672916442155838
5749,4641,1,1062,decrease,0.08043472468852997,0.039993055164813995
5749,4641,1,1076,decrease,0.07305555790662766,0.03663472458720207
5749,4641,1,1088,initiation,0.0,0.05634166672825813
5749,4641,1,1100,increase,0.011062500067055225,0.08081666380167007
5749,4641,1,1112,decrease,0.07555972039699554,0.03738611191511154
5749,4641,1,1124,decrease,0.07162222266197205,0.031615279614925385
5749,4641,1,1136,decrease,0.06592638790607452,0.02750277705490589
5749,4641,1,1216,decrease,0.06424861401319504,0.03225555643439293
5749,4641,1,1291,decrease,0.06671944260597229,0.033226389437913895
5749,4641,1,1372,decrease,0.057551391422748566,0.02761249989271164
5749,4641,1,1384,increase,0.022388890385627747,0.050462499260902405
5749,4641,1,1477,increase,0.05139583349227905,0.4294361174106598
5749,4641,1,1531,increase,0.011591666378080845,0.035011112689971924
5749,4641,1,1554,increase,0.03649860993027687,0.23675139248371124
5749,4641,1,1566,initiation,0.0,0.08471667021512985
5749,4641,1,1581,initiation,0.0,0.06044305860996246
5749,4641,1,1603,initiation,0.0,0.0394861102104187
5749,4641,1,1616,decrease,0.04325694590806961,0.021998610347509384
5749,4641,1,1674,decrease,0.05287916585803032,0.02128194458782673
5749,4641,1,1686,stop,0.048713888972997665,0.0
5749,4641,1,1733,decrease,0.03175139054656029,0.009380555711686611
5749,4641,1,1761,initiation,0.0,0.04019860923290253
5749,4641,1,1829,decrease,0.03983472287654877,0.019687499850988388
5749,4641,1,1841,initiation,0.0,0.06304027885198593
5749,4641,1,1890,decrease,0.06063611060380936,0.029863890260457993
5749,4641,1,1902,increase,0.03407638892531395,0.07576527446508408
5749,4641,1,1958,decrease,0.07382777333259583,0.036104168742895126
5749,4641,1,1970,increase,0.029148610308766365,0.06500278413295746
5749,4641,1,2002,decrease,0.0658624991774559,0.03252222388982773
5749,4641,1,2015,initiation,0.0,0.041970834136009216
5749,4641,1,2073,decrease,0.05223749950528145,0.02592500112950802
5870,1352,0,35,initiation,0.0,0.6944444179534912
5870,1352,0,47,initiation,0.0,0.08397082984447479
5870,1352,0,316,decrease,0.10132361203432083,0.05042916536331177
5870,1352,0,328,initiation,0.0,0.06680138409137726
5870,1352,0,460,decrease,0.07529027760028839,0.03747916594147682
5870,1352,0,472,decrease,0.07282222807407379,0.056818053126335144
5870,1352,0,1092,decrease,0.07773055136203766,0.03836805373430252
5870,1352,0,1104,increase,0.06267638504505157,0.07775416970252991
5870,1352,0,1132,decrease,0.07774166762828827,0.03727083280682564
5870,1352,0,1144,initiation,0.0,0.0573125034570694
5870,1352,0,1882,decrease,0.06118888780474663,0.03005555458366871
5870,1352,0,1934,decrease,0.023927778005599976,0.011554166674613953
5870,1352,1,35,initiation,0.0,0.5555555820465088
5870,1352,1,47,initiation,0.0,0.0458972230553627
5870,1352,1,76,decrease,0.0970597192645073,0.04721388965845108
5870,1352,1,102,initiation,0.0,0.03532916679978371
5870,1352,1,319,decrease,0.04162222146987915,0.016333334147930145
5870,1352,1,331,increase,0.03763333335518837,0.0682416707277298
5870,1352,1,471,decrease,0.062065280973911285,0.030505556613206863
5870,1352,1,483,initiation,0.0,0.050231944769620895
5870,1352,1,779,decrease,0.05334444344043732,0.026366665959358215
5870,1352,1,796,decrease,0.06413611024618149,0.031708333641290665
5870,1352,1,808,initiation,0.0,0.09353750199079514
5870,1352,1,820,initiation,0.0,0.09751249849796295
5870,1352,1,843,decrease,0.11100971698760986,0.05388333648443222
5870,1352,1,855,stop,0.08640556037425995,0.0
5870,1352,1,1407,decrease,0.08211389183998108,0.04076527804136276
5870,1352,1,1424,initiation,0.0,0.0703069418668747
5870,1352,1,1821,decrease,0.08152499794960022,0.04072500020265579
5870,1352,1,1835,initiation,0.0,0.04562083259224892
5870,1352,1,1933,decrease,0.06035694479942322,0.029813887551426888
5912,3444,0,76,initiation,0.0,0.6944444179534912
5912,3444,0,88,initiation,0.0,0.09832361340522766
5912,3444,0,355,decrease,0.08397082984447479,0.040554165840148926
5912,3444,0,367,initiation,0.0,0.06752638518810272
5912,3444,0,518,decrease,0.06729166209697723,0.033177778124809265
5912,3444,0,1021,decrease,0.06516528129577637,0.03203472122550011
5912,3444,1,74,initiation,0.0,0.5555555820465088
5912,3444,1,88,initiation,0.0,0.049747221171855927
5912,3444,1,100,stop,0.08189444243907928,0.0
5912,3444,1,303,initiation,0.0,0.04314861446619034
5912,3444,1,356,decrease,0.053348608314991,0.02602083422243595
5912,3444,1,368,initiation,0.0,0.040816664695739746
5912,3444,1,1021,decrease,0.04201250150799751,0.020626388490200043
5912,3444,1,1039,increase,0.010744444094598293,0.03119722194969654
5983,2142,0,22,initiation,0.0,0.04165139049291611
5983,2142,0,49,decrease,0.09985694289207458,0.048838891088962555
5983,2142,0,67,initiation,0.0,0.044098611921072006
5983,2142,0,261,decrease,0.041818056255578995,0.02029305510222912
5983,2142,0,279,increase,0.011911110952496529,0.027694445103406906
5983,2142,0,410,decrease,0.02984444424510002,0.011647221632301807
5983,2142,0,440,decrease,0.037174999713897705,0.018672222271561623
5983,2142,0,454,increase,0.013465276919305325,0.029136111959815025
5983,2142,0,558,decrease,0.02977222204208374,0.011679166927933693
5983,2142,0,652,decrease,0.0355430543422699,0.017781944945454597
5983,2142,0,876,decrease,0.030562501400709152,0.015425000339746475
5983,2142,0,1370,increase,0.006730556022375822,0.04632222279906273
5983,2142,0,1382,increase,0.008305555209517479,0.040672220289707184
5983,2142,0,1467,decrease,0.03613471984863281,0.017345834523439407
5983,2142,0,1479,increase,0.013749999925494194,0.030023610219359398
5983,2142,0,1518,decrease,0.02911805547773838,0.014712500385940075
5983,2142,0,2312,decrease,0.027226388454437256,0.01294583361595869
5983,2142,1,20,initiation,0.0,0.07909722626209259
5983,2142,1,58,decrease,0.08294722437858582,0.04079305753111839
5983,2142,1,87,increase,0.011198610998690128,0.030393056571483612
5983,2142,1,168,decrease,0.03699861094355583,0.0181847233325243
5983,2142,1,266,decrease,0.03733055293560028,0.018179167062044144
5983,2142,1,363,initiation,0.0,0.044136110693216324
5983,2142,1,914,decrease,0.045908331871032715,0.02304166741669178
5983,2142,1,937,decrease,0.057593055069446564,0.028555555269122124
5983,2142,1,958,increase,0.012387499213218689,0.032006941735744476
5983,2142,1,1363,increase,0.03653471916913986,0.1552249938249588
5983,2142,1,1375,increase,0.020770832896232605,0.06208889186382294
5983,2142,1,1467,decrease,0.05550972372293472,0.02787499874830246
5983,2142,1,1479,initiation,0.0,0.042745836079120636
5983,2142,1,1890,decrease,0.04555555805563927,0.022981945425271988
5983,2142,1,1948,decrease,0.05538333207368851,0.027904165908694267
5983,2142,1,1960,initiation,0.0,0.04327499866485596
5983,2142,1,2085,decrease,0.04579305276274681,0.02242361195385456
5983,2142,1,2183,decrease,0.046008333563804626,0.02204861119389534
6037,3225,0,66,initiation,0.0,0.141973614692688
6037,3225,0,78,initiation,0.0,0.08273611217737198
6037,3225,0,99,decrease,0.08114305883646011,0.039738889783620834
6037,3225,0,113,initiation,0.0,0.04385972023010254
6037,3225,0,135,decrease,0.04966111108660698,0.034506943076848984
6037,3225,0,662,decrease,0.04309028014540672,0.0219680555164814
6037,3225,0,1004,decrease,0.04862361401319504,0.02399027906358242
6037,3225,0,1587,decrease,0.04578472301363945,0.02236805483698845
6037,3225,0,1603,increase,0.014206944964826107,0.0334097221493721
6037,3225,0,1650,decrease,0.03486805409193039,0.01735277846455574
6037,3225,1,61,initiation,0.0,0.5555555820465088
6037,3225,1,73,initiation,0.0,0.10231111198663712
6037,3225,1,293,decrease,0.09987777471542358,0.04961249977350235
6037,3225,1,305,initiation,0.0,0.07733749598264694
6037,3225,1,345,decrease,0.08127222210168839,0.04021249711513519
6037,3225,1,495,decrease,0.09947916865348816,0.04904027655720711
6037,3225,1,507,initiation,0.0,0.05499027669429779
6037,3225,1,934,decrease,0.09837639331817627,0.0784333348274231
6037,3225,1,986,decrease,0.10733750462532043,0.05360416695475578
6037,3225,1,1173,increase,0.08998332917690277,0.11891528218984604
6037,3225,1,1586,decrease,0.11461666971445084,0.05680277571082115
6037,3225,1,1601,initiation,0.0,0.05811527743935585
6037,3225,1,1650,decrease,0.07940971851348877,0.03926944360136986
6127,1699,0,12,stop,0.3012430667877197,0.0
6127,1699,0,35,decrease,0.09105832874774933,0.04463333636522293
6127,1699,0,47,initiation,0.0,0.06319722533226013
6127,1699,0,135,decrease,0.05351944640278816,0.03993472084403038
6127,1699,0,148,decrease,0.061250001192092896,0.029434723779559135
6127,1699,0,160,initiation,0.0,0.04465416818857193
6127,1699,0,213,decrease,0.04338333383202553,0.02170555666089058
6127,1699,0,236,decrease,0.055763889104127884,0.027330555021762848
6127,1699,0,513,decrease,0.04165972024202347,0.020536111667752266
6127,1699,0,772,decrease,0.0377499982714653,0.01834583282470703
6127,1699,0,810,decrease,0.02972777746617794,0.015765277668833733
6127,1699,0,915,decrease,0.03319305554032326,0.020512500777840614
6127,1699,0,1001,decrease,0.03759027644991875,0.01835416629910469
6127,1699,0,1062,increase,0.006622222252190113,0.026516666635870934
6127,1699,0,1075,increase,0.01630277745425701,0.033997222781181335
6127,1699,0,1099,increase,0.025316666811704636,0.04456249997019768
6127,1699,0,1215,decrease,0.04206111282110214,0.020741667598485947
6127,1699,1,12,stop,0.44989582896232605,0.0
6127,1699,1,34,decrease,0.09441527724266052,0.04644583538174629
6127,1699,1,55,initiation,0.0,0.04146527871489525
6127,1699,1,147,decrease,0.052581947296857834,0.02587222307920456
6127,1699,1,220,decrease,0.04791666567325592,0.024158332496881485
6127,1699,1,344,decrease,0.05641666427254677,0.02813750132918358
6127,1699,1,434,decrease,0.06421944499015808,0.03169861063361168
6127,1699,1,453,decrease,0.05807777866721153,0.028491666540503502
6127,1699,1,754,decrease,0.056079164147377014,0.027481945231556892
6127,1699,1,766,initiation,0.0,0.04714861139655113
6127,1699,1,796,decrease,0.04640277847647667,0.023197222501039505
6127,1699,1,842,decrease,0.0478527769446373,0.023720834404230118
6127,1699,1,1000,decrease,0.0482972227036953,0.023870833218097687
6127,1699,1,1057,initiation,0.0,0.05061805620789528
6127,1699,1,1072,increase,0.022647220641374588,0.05534583330154419
6127,1699,1,1216,decrease,0.05610138922929764,0.02741805464029312
6163,5711,0,37,initiation,0.0,0.0481194444000721
6163,5711,0,72,decrease,0.1481027752161026,0.07209444791078568
6163,5711,0,101,initiation,0.0,0.04362916573882103
6163,5711,0,126,increase,0.05488055571913719,0.0715416669845581
6163,5711,0,138,initiation,0.0,0.07608889043331146
6163,5711,0,200,decrease,0.07084167003631592,0.03457222133874893
6163,5711,0,323,decrease,0.05933472514152527,0.029148610308766365
6163,5711,0,335,initiation,0.0,0.042694445699453354
6163,5711,0,910,decrease,0.04557083547115326,0.021643055602908134
6163,5711,0,929,increase,0.011723611503839493,0.02839166671037674
6163,5711,0,1057,decrease,0.03251666575670242,0.016280556097626686
6163,5711,1,34,initiation,0.0,0.03573055565357208
6163,5711,1,72,decrease,0.09227082878351212,0.04484861344099045
6163,5711,1,122,increase,0.00814722292125225,0.027961110696196556
6163,5711,1,136,increase,0.011177778244018555,0.034031942486763
6163,5711,1,202,decrease,0.04127222299575806,0.02061527781188488
6163,5711,1,214,initiation,0.0,0.07240833342075348
6163,5711,1,323,decrease,0.06731805950403214,0.032995834946632385
6163,5711,1,335,initiation,0.0,0.05585416778922081
6163,5711,1,354,decrease,0.056724999099969864,0.027962498366832733
6163,5711,1,373,initiation,0.0,0.03612777590751648
6163,5711,1,440,decrease,0.04038611054420471,0.019602777436375618
6163,5711,1,452,initiation,0.0,0.06114860996603966
6163,5711,1,509,decrease,0.05897083133459091,0.02885555475950241
6163,5711,1,521,initiation,0.0,0.059216663241386414
6163,5711,1,766,decrease,0.05798472464084625,0.028750000521540642
6163,5711,1,789,decrease,0.057758331298828125,0.028934722766280174
6163,5711,1,801,initiation,0.0,0.13289722800254822
6163,5711,1,813,increase,0.022301387041807175,0.05840694531798363
6163,5711,1,842,decrease,0.05820000171661377,0.029240276664495468
6163,5711,1,854,stop,0.10753194242715836,0.0
6163,5711,1,868,decrease,0.11826389282941818,0.057798612862825394
6163,5711,1,886,initiation,0.0,0.056998614221811295
6163,5711,1,909,decrease,0.0728486105799675,0.036375001072883606
6163,5711,1,930,initiation,0.0,0.03671944513916969
6163,5711,1,985,decrease,0.047001391649246216,0.023512501269578934
6163,5711,1,997,initiation,0.0,0.04001250118017197
6163,5711,1,1093,decrease,0.042568057775497437,0.020770832896232605
6190,414,0,164,initiation,0.0,0.6944444179534912
6190,414,0,176,initiation,0.0,0.05461805313825607
6190,414,0,211,decrease,0.0954916700720787,0.04617360979318619
6190,414,0,252,increase,0.008401388302445412,0.02201666682958603
6190,414,0,368,initiation,0.0,0.04447361081838608
6190,414,0,399,decrease,0.046549998223781586,0.022595832124352455
6190,414,0,416,increase,0.013031944632530212,0.0322541669011116
6190,414,0,483,decrease,0.031211111694574356,0.015218054875731468
6190,414,0,495,increase,0.034054167568683624,0.05698610842227936
6190,414,0,558,decrease,0.052859723567962646,0.026161111891269684
6190,414,0,570,initiation,0.0,0.03831666707992554
6190,414,0,735,decrease,0.037643056362867355,0.018173610791563988
6190,414,0,749,increase,0.01245555654168129,0.02982916682958603
6190,414,0,1042,decrease,0.031522221863269806,0.016019444912672043
6190,414,0,1054,increase,0.008715277537703514,0.07774722576141357
6190,414,0,1066,initiation,0.0,0.06305833160877228
6190,414,0,1157,decrease,0.057051390409469604,0.02697083353996277
6190,414,1,164,initiation,0.0,0.5555555820465088
6190,414,1,177,initiation,0.0,0.03693333640694618
6190,414,1,210,decrease,0.06450971961021423,0.031526386737823486
6190,414,1,492,initiation,0.0,0.05033611133694649
6190,414,1,507,decrease,0.04895416647195816,0.024061109870672226
6190,414,1,523,decrease,0.04093888774514198,0.02014722116291523
6190,414,1,558,decrease,0.0369291678071022,0.01822499930858612
6190,414,1,1072,increase,0.0031166665721684694,0.03170138597488403
6190,414,1,1168,initiation,0.0,0.05697639286518097
6190,414,1,1204,decrease,0.05346527695655823,0.02708333358168602
6190,414,1,1219,decrease,0.06180416792631149,0.03044305555522442
6190,414,1,1231,initiation,0.0,0.050786107778549194
6190,414,1,1256,decrease,0.05097221955657005,0.025341667234897614
6280,2921,0,127,initiation,0.0,0.04065277799963951
6280,2921,0,222,decrease,0.07744304835796356,0.03714999929070473
6280,2921,0,234,initiation,0.0,0.05837777629494667
6280,2921,0,341,decrease,0.052001386880874634,0.027150001376867294
6280,2921,0,443,decrease,0.07313333451747894,0.03555277734994888
6280,2921,0,455,initiation,0.0,0.05804583430290222
6280,2921,0,805,decrease,0.056312501430511475,0.027827776968479156
6280,2921,0,817,increase,0.005645833443850279,0.057277776300907135
6280,2921,0,1418,increase,0.053119443356990814,0.0955125093460083
6280,2921,0,1434,initiation,0.0,0.06681805849075317
6280,2921,0,1446,stop,0.07217499613761902,0.0
6280,2921,0,1458,initiation,0.0,0.05421944707632065
6280,2921,0,1554,decrease,0.05499722436070442,0.02626388892531395
6280,2921,0,1655,increase,0.00047777779400348663,0.02027639001607895
6280,2921,0,1691,decrease,0.021952778100967407,0.0016930554993450642
6280,2921,0,1729,decrease,0.02949027717113495,0.014734722673892975
6280,2921,1,117,initiation,0.0,0.07631666213274002
6280,2921,1,388,increase,0.0950152724981308,0.1163875013589859
6280,2921,1,457,decrease,0.11233888566493988,0.055965274572372437
6280,2921,1,499,decrease,0.10030277073383331,0.049638889729976654
6280,2921,1,982,decrease,0.10054722428321838,0.049897219985723495
6280,2921,1,1127,increase,0.09285138547420502,0.11542083323001862
6280,2921,1,1197,decrease,0.11158749461174011,0.055262502282857895
6280,2921,1,1212,initiation,0.0,0.05795694515109062
6280,2921,1,1284,decrease,0.14235277473926544,0.07015138864517212
6280,2921,1,1296,initiation,0.0,0.09861388802528381
6280,2921,1,1353,decrease,0.10912222415208817,0.053587500005960464
6280,2921,1,1557,decrease,0.10028749704360962,0.05141249671578407
6280,2921,1,1574,decrease,0.12749166786670685,0.0624527782201767
6280,2921,1,1750,decrease,0.11240138858556747,0.05594722554087639
57,3485,0,12,initiation,0.0,0.4368319511413574
57,3485,0,24,initiation,0.0,0.11969583481550217
57,3485,0,226,decrease,0.07982361316680908,0.03940555453300476
57,3485,0,238,initiation,0.0,0.061868056654930115
57,3485,0,276,decrease,0.06165694445371628,0.030981943011283875
57,3485,0,547,decrease,0.0704013854265213,0.03477222099900246
57,3485,0,614,decrease,0.06958749890327454,0.03439444303512573
57,3485,0,626,initiation,0.0,0.05259722098708153
57,3485,0,899,decrease,0.05635416507720947,0.027836110442876816
57,3485,0,938,initiation,0.0,0.06364166736602783
57,3485,0,950,stop,0.04572361335158348,0.0
57,3485,1,12,stop,1.0231611728668213,0.0
57,3485,1,46,decrease,0.10389722138643265,0.050579167902469635
57,3485,1,67,initiation,0.0,0.044947221875190735
57,3485,1,275,decrease,0.054818056523799896,0.02678055502474308
57,3485,1,287,initiation,0.0,0.04430277645587921
57,3485,1,299,initiation,0.0,0.06680555641651154
57,3485,1,424,decrease,0.06407083570957184,0.03149722144007683
57,3485,1,442,initiation,0.0,0.040255554020404816
57,3485,1,471,decrease,0.04251944273710251,0.021147221326828003
57,3485,1,489,increase,0.010823611170053482,0.03212916851043701
57,3485,1,596,stop,0.03573888912796974,0.0
57,3485,1,844,decrease,0.04478750005364418,0.022180555388331413
166,2263,0,96,initiation,0.0,0.6944444179534912
166,2263,0,108,initiation,0.0,0.04617360979318619
166,2263,0,174,decrease,0.08690693974494934,0.04099166765809059
166,2263,0,208,increase,0.014620834030210972,0.033613890409469604
166,2263,0,580,decrease,0.03214166685938835,0.01587500050663948
166,2263,0,895,decrease,0.03636805713176727,0.017519444227218628
166,2263,0,1234,decrease,0.043243058025836945,0.020891666412353516
166,2263,0,1723,decrease,0.03774166852235794,0.01789444498717785
166,2263,1,94,initiation,0.0,0.48591944575309753
166,2263,1,106,stop,0.07905277609825134,0.0
166,2263,1,155,decrease,0.0690416693687439,0.03411666676402092
166,2263,1,175,initiation,0.0,0.11163055896759033
166,2263,1,332,initiation,0.0,0.051297225058078766
166,2263,1,364,decrease,0.050422221422195435,0.024520834907889366
166,2263,1,376,increase,0.04814722388982773,0.06909860670566559
166,2263,1,479,decrease,0.06474722921848297,0.032559722661972046
166,2263,1,557,decrease,0.07288610935211182,0.053816668689250946
166,2263,1,581,decrease,0.07890000194311142,0.05028333142399788
166,2263,1,593,increase,0.006012499798089266,0.11203888803720474
166,2263,1,617,decrease,0.10832500457763672,0.05350416526198387
166,2263,1,631,initiation,0.0,0.06430555880069733
166,2263,1,643,increase,0.03746110945940018,0.07007917016744614
166,2263,1,771,decrease,0.08082082867622375,0.039952777326107025
166,2263,1,850,decrease,0.08072222024202347,0.03993749991059303
166,2263,1,932,decrease,0.08843055367469788,0.04379305616021156
166,2263,1,978,decrease,0.07957222312688828,0.03960694372653961
166,2263,1,1000,decrease,0.0692402794957161,0.03476249799132347
166,2263,1,1012,initiation,0.0,0.05979444459080696
166,2263,1,1024,initiation,0.0,0.054237499833106995
166,2263,1,1065,decrease,0.057144444435834885,0.03394583612680435
166,2263,1,1095,decrease,0.0640375018119812,0.039795830845832825
166,2263,1,1234,decrease,0.06859028339385986,0.03387916460633278
166,2263,1,1376,decrease,0.06374722719192505,0.03152361139655113
166,2263,1,1388,initiation,0.0,0.05330277979373932
166,2263,1,1503,decrease,0.05560138821601868,0.02725694514811039
166,2263,1,1520,initiation,0.0,0.04552638530731201
166,2263,1,1724,decrease,0.05574861168861389,0.026993054896593094
166,2263,1,1780,initiation,0.0,0.05028194561600685
166,2263,1,1796,decrease,0.05009999871253967,0.02432222105562687
218,2303,0,172,initiation,0.0,0.6944444179534912
218,2303,0,184,initiation,0.0,0.07498055696487427
218,2303,0,199,decrease,0.14966528117656708,0.07089722156524658
218,2303,0,211,stop,0.16477638483047485,0.0
218,2303,0,239,initiation,0.0,0.05518472194671631
218,2303,0,251,increase,0.054940275847911835,0.11614583432674408
218,2303,0,489,decrease,0.09050972759723663,0.04495416581630707
218,2303,0,504,initiation,0.0,0.0531708300113678
218,2303,0,570,decrease,0.05908888950943947,0.03065277822315693
218,2303,0,676,decrease,0.07742500305175781,0.03790000081062317
218,2303,0,688,initiation,0.0,0.058137498795986176
218,2303,0,718,decrease,0.05938194692134857,0.029120832681655884
218,2303,0,730,increase,0.07159999758005142,0.09742777049541473
218,2303,0,961,decrease,0.08732083439826965,0.042948611080646515
218,2303,0,978,initiation,0.0,0.04379166662693024
218,2303,0,1071,decrease,0.05569583177566528,0.02867083251476288
218,2303,0,1682,decrease,0.07018055766820908,0.0340319462120533
218,2303,1,172,initiation,0.0,0.5555555820465088
218,2303,1,184,initiation,0.0,0.11904583871364594
218,2303,1,198,decrease,0.11347083747386932,0.05489444360136986
218,2303,1,210,stop,0.1410583257675171,0.0
218,2303,1,237,initiation,0.0,0.03642499819397926
218,2303,1,249,decrease,0.038011111319065094,0.005366666708141565
218,2303,1,261,decrease,0.06397916376590729,0.025926388800144196
218,2303,1,570,decrease,0.0957527831196785,0.05004027485847473
218,2303,1,655,decrease,0.10985833406448364,0.054891664534807205
218,2303,1,677,decrease,0.1377638876438141,0.06774583458900452
218,2303,1,689,stop,0.16546805202960968,0.0
218,2303,1,701,initiation,0.0,0.10300277173519135
218,2303,1,780,decrease,0.1760222315788269,0.08536528050899506
218,2303,1,798,initiation,0.0,0.07519860565662384
218,2303,1,964,decrease,0.1077222228050232,0.07110278308391571
218,2303,1,1075,decrease,0.1191277801990509,0.07799999415874481
218,2303,1,1771,decrease,0.12978056073188782,0.06438888609409332
284,1193,0,26,initiation,0.0,0.6944444179534912
284,1193,0,38,initiation,0.0,0.09009861201047897
284,1193,0,82,decrease,0.1424555480480194,0.06858472526073456
284,1193,0,102,initiation,0.0,0.05785694718360901
284,1193,0,166,decrease,0.06371944397687912,0.030509721487760544
284,1193,0,178,initiation,0.0,0.039400000125169754
284,1193,0,198,increase,0.013798611238598824,0.0307375006377697
284,1193,0,342,decrease,0.03538194298744202,0.017459722235798836
284,1193,0,701,decrease,0.04619999974966049,0.022280555218458176
284,1193,0,720,increase,0.01282083336263895,0.02915416657924652
284,1193,0,798,decrease,0.03202500194311142,0.015831945464015007
284,1193,0,1031,decrease,0.044790275394916534,0.02147083356976509
284,1193,0,1043,increase,0.04245833680033684,0.07758888602256775
284,1193,0,1055,stop,0.07426249980926514,0.0
284,1193,0,1073,initiation,0.0,0.035584721714258194
284,1193,0,1252,decrease,0.04263194277882576,0.020986109972000122
284,1193,0,1272,increase,0.012093055061995983,0.02654583379626274
284,1193,0,1401,decrease,0.030388887971639633,0.015456943772733212
284,1193,0,1413,increase,0.012013887986540794,0.06240416318178177
284,1193,0,1442,increase,0.011115278117358685,0.029043056070804596
284,1193,0,1543,decrease,0.03058750182390213,0.015156944282352924
284,1193,1,22,initiation,0.0,0.5555555820465088
284,1193,1,35,initiation,0.0,0.036900002509355545
284,1193,1,81,decrease,0.09661666303873062,0.04758472368121147
284,1193,1,98,initiation,0.0,0.047636110335588455
284,1193,1,166,decrease,0.06133055314421654,0.03023611195385456
284,1193,1,178,initiation,0.0,0.04988611117005348
284,1193,1,192,initiation,0.0,0.03560555726289749
284,1193,1,208,decrease,0.04064860939979553,0.020065277814865112
284,1193,1,220,initiation,0.0,0.0752958357334137
284,1193,1,339,increase,0.07059722393751144,0.35720276832580566
284,1193,1,351,initiation,0.0,0.11611250042915344
284,1193,1,372,initiation,0.0,0.058662500232458115
284,1193,1,467,decrease,0.0699152797460556,0.034934721887111664
284,1193,1,611,decrease,0.07911805808544159,0.038583334535360336
284,1193,1,772,decrease,0.0788777768611908,0.03967916592955589
284,1193,1,784,decrease,0.09043888747692108,0.06784027814865112
284,1193,1,798,decrease,0.1115972250699997,0.04235833138227463
284,1193,1,966,decrease,0.11445138603448868,0.05591944605112076
284,1193,1,988,initiation,0.0,0.047506943345069885
284,1193,1,1000,stop,0.060233332216739655,0.0
284,1193,1,1012,initiation,0.0,0.09890277683734894
284,1193,1,1025,increase,0.04775138944387436,0.11214584112167358
284,1193,1,1037,increase,0.038430556654930115,0.13003471493721008
284,1193,1,1051,decrease,0.12902501225471497,0.06380555033683777
284,1193,1,1063,stop,0.11545972526073456,0.0
284,1193,1,1081,initiation,0.0,0.07283194363117218
284,1193,1,1095,decrease,0.08205972611904144,0.0409972220659256
284,1193,1,1189,initiation,0.0,0.03712083399295807
284,1193,1,1324,decrease,0.05230972170829773,0.026091665029525757
284,1193,1,1336,initiation,0.0,0.0960041731595993
284,1193,1,1348,increase,0.047341663390398026,0.10708194971084595
284,1193,1,1360,stop,0.044450003653764725,0.0
284,1193,1,1379,decrease,0.08899444341659546,0.04481111094355583
284,1193,1,1399,decrease,0.11030277609825134,0.05474027618765831
284,1193,1,1510,decrease,0.1238652765750885,0.06115277484059334
284,1193,1,1534,initiation,0.0,0.047305554151535034
284,1193,1,1546,stop,0.058315277099609375,0.0
295,5778,0,19,initiation,0.0,0.6944444179534912
295,5778,0,31,initiation,0.0,0.12268471717834473
295,5778,0,56,decrease,0.1381777822971344,0.06800833344459534
295,5778,0,71,initiation,0.0,0.07491111010313034
295,5778,0,112,decrease,0.07882222533226013,0.03832083195447922
295,5778,0,124,initiation,0.0,0.06178194284439087
295,5778,0,750,decrease,0.0495680570602417,0.02443472295999527
295,5778,0,769,initiation,0.0,0.058137498795986176
295,5778,0,996,decrease,0.05819582939147949,0.028691668063402176
295,5778,1,12,stop,0.26300695538520813,0.0
295,5778,1,24,increase,0.0700874999165535,0.08960555493831635
295,5778,1,50,decrease,0.0847347229719162,0.03698055446147919
295,5778,1,73,initiation,0.0,0.06302221864461899
295,5778,1,98,decrease,0.07770555466413498,0.038152776658535004
295,5778,1,123,initiation,0.0,0.03966250270605087
295,5778,1,161,decrease,0.0434027761220932,0.02129305526614189
295,5778,1,173,initiation,0.0,0.062429167330265045
295,5778,1,227,decrease,0.06137499958276749,0.031065277755260468
295,5778,1,239,initiation,0.0,0.09851666539907455
295,5778,1,345,decrease,0.09243889153003693,0.04542221873998642
295,5778,1,357,stop,0.10136666893959045,0.0
295,5778,1,432,decrease,0.09180694818496704,0.045237500220537186
295,5778,1,453,initiation,0.0,0.03923888877034187
295,5778,1,497,decrease,0.058399997651576996,0.02902916446328163
295,5778,1,509,initiation,0.0,0.08592917025089264
295,5778,1,550,decrease,0.08508889377117157,0.04224861040711403
295,5778,1,568,decrease,0.08486944437026978,0.042152777314186096
295,5778,1,580,increase,0.028856944292783737,0.07426805794239044
295,5778,1,689,decrease,0.07562500238418579,0.03764444589614868
295,5778,1,702,initiation,0.0,0.049601390957832336
295,5778,1,751,decrease,0.059150002896785736,0.02988472208380699
295,5778,1,763,initiation,0.0,0.09668194502592087
295,5778,1,806,decrease,0.0935097187757492,0.04621528089046478
295,5778,1,822,decrease,0.08222778141498566,0.04119444265961647
295,5778,1,834,initiation,0.0,0.07386389374732971
295,5778,1,860,decrease,0.07404722273349762,0.03721249848604202
295,5778,1,888,initiation,0.0,0.03832361102104187
295,5778,1,927,decrease,0.04226111248135567,0.02193611115217209
295,5778,1,945,decrease,0.052480556070804596,0.026290278881788254
295,5778,1,957,initiation,0.0,0.04361666738986969
295,5778,1,969,stop,0.04350833222270012,0.0
295,5778,1,984,increase,0.010868055745959282,0.034958332777023315
295,5778,1,1032,decrease,0.03682500123977661,0.018077777698636055
490,323,0,16,initiation,0.0,0.23976390063762665
490,323,0,28,initiation,0.0,0.07747916877269745
490,323,0,41,decrease,0.10303471982479095,0.04928611218929291
490,323,0,53,increase,0.03904583305120468,0.08310555666685104
490,323,0,76,decrease,0.07887500524520874,0.03869444504380226
490,323,0,88,initiation,0.0,0.06097222492098808
490,323,0,115,decrease,0.05908055603504181,0.02857361175119877
490,323,0,127,increase,0.022587500512599945,0.049836110323667526
490,323,0,469,decrease,0.04410555213689804,0.02057083323597908
490,323,0,495,increase,0.008773610927164555,0.022131945937871933
490,323,0,527,increase,0.010691666975617409,0.02331249974668026
490,323,0,684,decrease,0.0293361097574234,0.014540277421474457
490,323,0,791,increase,0.02621527761220932,0.04162639006972313
490,323,0,1090,decrease,0.03729027509689331,0.018333332613110542
490,323,0,1120,increase,0.0346805565059185,0.048209719359874725
490,323,0,2118,decrease,0.043581943958997726,0.02192777767777443
490,323,1,12,stop,0.49406665563583374,0.0
490,323,1,40,decrease,0.09295971691608429,0.045355554670095444
490,323,1,71,initiation,0.0,0.038172222673892975
490,323,1,89,increase,0.01418333314359188,0.03492361307144165
490,323,1,116,stop,0.036056943237781525,0.0
490,323,1,264,decrease,0.03310278058052063,0.011669444851577282
490,323,1,481,initiation,0.0,0.04225138574838638
490,323,1,502,increase,0.04395555704832077,0.07261249423027039
490,323,1,514,initiation,0.0,0.059369444847106934
490,323,1,954,decrease,0.05547499656677246,0.02403472177684307
490,323,1,1398,decrease,0.05518472194671631,0.02722916565835476
490,323,1,1410,increase,0.01797083392739296,0.048330556601285934
490,323,1,1456,decrease,0.04929444566369057,0.02435416728258133
490,323,1,1468,initiation,0.0,0.042031943798065186
490,323,1,1902,decrease,0.04409444332122803,0.021986110135912895
490,323,1,1914,initiation,0.0,0.0642152726650238
490,323,1,2118,decrease,0.06091805547475815,0.03030555509030819
624,1839,0,61,initiation,0.0,0.6944444179534912
624,1839,0,73,initiation,0.0,0.04156249761581421
624,1839,0,192,decrease,0.09768333286046982,0.048468053340911865
624,1839,0,211,initiation,0.0,0.046856943517923355
624,1839,0,908,decrease,0.04911527782678604,0.024283332750201225
624,1839,1,57,initiation,0.0,0.09354166686534882
624,1839,1,71,initiation,0.0,0.05706249922513962
624,1839,1,191,decrease,0.04963194206357002,0.02478611283004284
624,1839,1,390,initiation,0.0,0.05569722503423691
624,1839,1,404,initiation,0.0,0.048343054950237274
624,1839,1,437,decrease,0.08926388621330261,0.04362361133098602
624,1839,1,460,initiation,0.0,0.04222361370921135
624,1839,1,508,decrease,0.04810694605112076,0.023613890632987022
624,1839,1,919,decrease,0.03237500041723251,0.008368055336177349
624,1839,1,1066,decrease,0.0409763902425766,0.020172221586108208
645,3978,0,123,initiation,0.0,0.6944444179534912
645,3978,0,135,initiation,0.0,0.09781250357627869
645,3978,0,277,decrease,0.09045277535915375,0.04443750157952309
645,3978,0,292,initiation,0.0,0.04903889074921608
645,3978,0,817,decrease,0.05433749780058861,0.02708750031888485
645,3978,0,847,increase,0.009038888849318027,0.022820832207798958
645,3978,0,954,decrease,0.02910555526614189,0.01427638903260231
645,3978,1,119,initiation,0.0,0.5555555820465088
645,3978,1,133,initiation,0.0,0.06517499685287476
645,3978,1,169,decrease,0.07850971817970276,0.03843194246292114
645,3978,1,202,increase,0.008222222328186035,0.031198611482977867
645,3978,1,237,initiation,0.0,0.04340555518865585
645,3978,1,277,decrease,0.06367222219705582,0.03127361088991165
645,3978,1,306,increase,0.011961111798882484,0.030488889664411545
645,3978,1,523,initiation,0.0,0.036670833826065063
645,3978,1,820,decrease,0.04192638769745827,0.02026388980448246
645,3978,1,955,decrease,0.05238889157772064,0.025966664776206017
844,1335,0,57,initiation,0.0,0.041070833802223206
844,1335,0,69,decrease,0.2471402883529663,0.04342222213745117
844,1335,0,90,decrease,0.16232499480247498,0.0796208307147026
844,1335,0,129,initiation,0.0,0.04461111128330231
844,1335,0,141,increase,0.005980555899441242,0.06197222322225571
844,1335,0,291,decrease,0.05498194321990013,0.028163889423012733
844,1335,0,305,decrease,0.06703055649995804,0.03281111270189285
844,1335,0,317,initiation,0.0,0.053575001657009125
844,1335,0,355,decrease,0.05342361330986023,0.0265305545181036
844,1335,0,394,increase,0.009023611433804035,0.023140277713537216
844,1335,0,406,increase,0.02374027669429779,0.040631942451000214
844,1335,0,427,decrease,0.031316667795181274,0.01602499932050705
844,1335,0,462,decrease,0.041212499141693115,0.020658332854509354
844,1335,0,650,decrease,0.05117500200867653,0.025233332067728043
844,1335,0,679,increase,0.009865278378129005,0.022247223183512688
844,1335,0,699,increase,0.011515278369188309,0.032733332365751266
844,1335,0,711,decrease,0.0387277789413929,0.019381944090127945
844,1335,0,742,decrease,0.053930558264255524,0.02595694363117218
844,1335,0,755,initiation,0.0,0.03763333335518837
844,1335,0,996,decrease,0.03976111114025116,0.019652776420116425
844,1335,0,1010,increase,0.012906944379210472,0.030569445341825485
844,1335,0,1091,decrease,0.03235555440187454,0.016195833683013916
844,1335,0,1103,increase,0.015747223049402237,0.08607083559036255
844,1335,0,1136,decrease,0.08169028162956238,0.039383333176374435
844,1335,0,1275,increase,0.013130555860698223,0.036880556493997574
844,1335,0,1472,decrease,0.03897777944803238,0.01924722269177437
844,1335,0,1492,increase,0.011293054558336735,0.02402638830244541
844,1335,0,1677,decrease,0.028305556625127792,0.014381944201886654
844,1335,0,1736,decrease,0.0411958321928978,0.019886109977960587
844,1335,0,1754,increase,0.010654166340827942,0.0258402768522501
844,1335,0,1970,decrease,0.02810833230614662,0.014583333395421505
844,1335,0,2195,decrease,0.03858194500207901,0.018759721890091896
844,1335,0,2216,increase,0.009697222150862217,0.022470833733677864
844,1335,0,2287,increase,0.025490278378129005,0.06091805547475815
844,1335,0,2299,increase,0.0008388888672925532,0.04063333198428154
844,1335,0,2314,decrease,0.040425002574920654,0.02013888955116272
844,1335,0,2334,increase,0.011434721760451794,0.02500000037252903
844,1335,0,2371,decrease,0.025822222232818604,0.012937499210238457
844,1335,0,2401,increase,0.007356944493949413,0.02682499960064888
844,1335,0,2439,decrease,0.02680138871073723,0.01432916708290577
844,1335,0,2451,decrease,0.033327776938676834,0.016337499022483826
844,1335,0,2463,increase,0.012437500059604645,0.02703472226858139
844,1335,0,2488,decrease,0.02749861218035221,0.01301250047981739
844,1335,1,49,initiation,0.0,0.0354805551469326
844,1335,1,91,decrease,0.0953763872385025,0.04574999958276749
844,1335,1,108,decrease,0.07503889501094818,0.03723055496811867
844,1335,1,120,initiation,0.0,0.058775000274181366
844,1335,1,135,decrease,0.060883332043886185,0.030416665598750114
844,1335,1,290,decrease,0.08501249551773071,0.041318055242300034
844,1335,1,341,decrease,0.07303472608327866,0.03640694171190262
844,1335,1,353,increase,0.023783333599567413,0.05776666849851608
844,1335,1,407,decrease,0.06298055499792099,0.03103611245751381
844,1335,1,497,increase,0.07102777808904648,0.1002236157655716
844,1335,1,523,decrease,0.09734166413545609,0.04849305748939514
844,1335,1,567,decrease,0.08292083442211151,0.04142916575074196
844,1335,1,691,decrease,0.08330139517784119,0.053077779710292816
844,1335,1,729,increase,0.08679722249507904,0.11218610405921936
844,1335,1,779,increase,0.11904305219650269,0.13947778940200806
844,1335,1,856,decrease,0.12710972130298615,0.06248889118432999
844,1335,1,897,decrease,0.11400694400072098,0.05678194388747215
844,1335,1,927,decrease,0.10186249762773514,0.05111805722117424
844,1335,1,954,increase,0.08316250145435333,0.10655694454908371
844,1335,1,1141,decrease,0.1049041599035263,0.05205139145255089
844,1335,1,1155,initiation,0.0,0.05296250432729721
844,1335,1,1324,increase,0.06466111540794373,0.08801250159740448
844,1335,1,1344,increase,0.0766347199678421,0.10114304721355438
844,1335,1,1422,decrease,0.09415416419506073,0.04678888991475105
844,1335,1,1902,increase,0.07304999977350235,0.10092361271381378
844,1335,1,2080,decrease,0.09435416758060455,0.046852778643369675
844,1335,1,2092,initiation,0.0,0.06444583833217621
844,1335,1,2255,decrease,0.07286805659532547,0.036156944930553436
844,1335,1,2267,increase,0.02438194490969181,0.056959718465805054
844,1335,1,2279,initiation,0.0,0.04360000044107437
844,1335,1,2297,increase,0.03832083195447922,0.06251805275678635
844,1335,1,2313,decrease,0.062562495470047,0.03133055567741394
844,1335,1,2325,initiation,0.0,0.04664583504199982
844,1335,1,2414,decrease,0.0511944442987442,0.02505694516003132
844,1335,1,2426,initiation,0.0,0.03697500005364418
844,1335,1,2487,decrease,0.05196111276745796,0.025518054142594337
976,683,0,18,initiation,0.0,0.052590277045965195
976,683,0,43,decrease,0.14944306015968323,0.07208888977766037
976,683,0,64,initiation,0.0,0.06834444403648376
976,683,0,127,decrease,0.06819304823875427,0.03286388888955116
976,683,0,257,decrease,0.02344999834895134,0.011194445192813873
976,683,0,295,decrease,0.033395834267139435,0.017180554568767548
976,683,0,307,increase,0.03003055602312088,0.05639027804136276
976,683,0,423,decrease,0.049812499433755875,0.025547221302986145
976,683,0,793,decrease,0.05472499877214432,0.027041666209697723
976,683,0,807,decrease,0.03980138897895813,0.02170972153544426
976,683,0,861,decrease,0.05429444462060928,0.02647361159324646
976,683,0,1017,decrease,0.064811110496521,0.03178611025214195
976,683,0,1064,increase,0.052202776074409485,0.06445278227329254
976,683,0,1147,decrease,0.0631486177444458,0.03087777830660343
976,683,0,1275,initiation,0.0,0.03942500054836273
976,683,1,17,initiation,0.0,0.07570971548557281
976,683,1,43,decrease,0.10240833461284637,0.04952777922153473
976,683,1,56,decrease,0.08831805735826492,0.04365416616201401
976,683,1,74,initiation,0.0,0.043558333069086075
976,683,1,253,decrease,0.05297083407640457,0.027374999597668648
976,683,1,265,increase,0.051479168236255646,0.07521528005599976
976,683,1,445,decrease,0.07087083160877228,0.03139861300587654
976,683,1,683,decrease,0.07950000464916229,0.03904583305120468
976,683,1,716,decrease,0.07989305257797241,0.041749998927116394
976,683,1,846,decrease,0.08770833909511566,0.06054028123617172
976,683,1,885,decrease,0.09799999743700027,0.048593055456876755
976,683,1,897,decrease,0.12496110796928406,0.07367777824401855
976,683,1,988,decrease,0.12418888509273529,0.0621236115694046
976,683,1,1000,initiation,0.0,0.1009138822555542
976,683,1,1016,decrease,0.10105139017105103,0.05038472265005112
976,683,1,1031,initiation,0.0,0.057193052023649216
976,683,1,1060,increase,0.05692639201879501,0.0886305570602417
976,683,1,1072,increase,0.06719861179590225,0.10955694317817688
976,683,1,1134,increase,0.011995833367109299,0.032127778977155685
976,683,1,1185,decrease,0.04171805456280708,0.02080972120165825
1011,4638,0,16,initiation,0.0,0.6944444179534912
1011,4638,0,28,initiation,0.0,0.0893000066280365
1011,4638,0,91,decrease,0.12084028124809265,0.05800972133874893
1011,4638,0,104,initiation,0.0,0.07253749668598175
1011,4638,0,329,decrease,0.06515972316265106,0.0324736125767231
1011,4638,0,341,initiation,0.0,0.047002777457237244
1011,4638,0,362,decrease,0.04786527901887894,0.023612499237060547
1011,4638,0,608,decrease,0.061504170298576355,0.03069722093641758
1011,4638,1,12,initiation,0.0,0.4891236126422882
1011,4638,1,24,initiation,0.0,0.08238889276981354
1011,4638,1,44,decrease,0.08607222139835358,0.04217499867081642
1011,4638,1,73,increase,0.01111944392323494,0.03242083266377449
1011,4638,1,143,stop,0.03558194637298584,0.0
1011,4638,1,162,initiation,0.0,0.04707222431898117
1011,4638,1,175,initiation,0.0,0.03802222013473511
1011,4638,1,331,decrease,0.04477638751268387,0.0187861118465662
1011,4638,1,343,increase,0.04627777636051178,0.06866805255413055
1011,4638,1,355,increase,0.020075000822544098,0.07814306020736694
1011,4638,1,447,decrease,0.07238055020570755,0.03602083399891853
1011,4638,1,499,decrease,0.08192777633666992,0.04040416702628136
1011,4638,1,533,decrease,0.091438889503479,0.045537497848272324
1011,4638,1,545,initiation,0.0,0.06649166345596313
1011,4638,1,609,decrease,0.07058888673782349,0.03525833413004875
1011,4638,1,623,initiation,0.0,0.03969722241163254
1011,4638,1,641,decrease,0.04940972477197647,0.024177778512239456
1025,2048,0,36,initiation,0.0,0.22659029066562653
1025,2048,0,48,initiation,0.0,0.08891666680574417
1025,2048,0,61,decrease,0.08810277283191681,0.04279305785894394
1025,2048,0,73,initiation,0.0,0.052740275859832764
1025,2048,0,98,decrease,0.057568054646253586,0.027751389890909195
1025,2048,0,121,increase,0.013861110433936119,0.031223610043525696
1025,2048,0,222,decrease,0.028923610225319862,0.01629583351314068
1025,2048,0,234,increase,0.03705694526433945,0.0513458326458931
1025,2048,0,262,decrease,0.04929722100496292,0.02310694381594658
1025,2048,0,350,decrease,0.053138889372348785,0.02586388774216175
1025,2048,0,362,initiation,0.0,0.040505554527044296
1025,2048,0,770,decrease,0.03829861059784889,0.019026389345526695
1025,2048,0,787,increase,0.012136111035943031,0.02654305472970009
1025,2048,0,1216,decrease,0.03044166788458824,0.014829167164862156
1025,2048,0,1459,decrease,0.029750000685453415,0.01586666703224182
1025,2048,0,1471,increase,0.03357221931219101,0.052040278911590576
1025,2048,0,1537,decrease,0.04843611270189285,0.023386109620332718
1025,2048,0,1554,increase,0.014670833013951778,0.03347916528582573
1025,2048,0,1579,increase,0.009701388888061047,0.024937501177191734
1025,2048,0,1636,decrease,0.02608194574713707,0.01341249980032444
1025,2048,0,1722,decrease,0.03675833344459534,0.018200000748038292
1025,2048,0,1739,increase,0.010463888756930828,0.02504444494843483
1025,2048,0,1804,decrease,0.026631943881511688,0.013605554588139057
1025,2048,0,1898,decrease,0.03718055784702301,0.017741667106747627
1025,2048,0,1915,increase,0.012024999596178532,0.0250847227871418
1025,2048,1,34,initiation,0.0,0.5302319526672363
1025,2048,1,48,initiation,0.0,0.06583472341299057
1025,2048,1,60,stop,0.07269027829170227,0.0
1025,2048,1,72,initiation,0.0,0.05067777633666992
1025,2048,1,84,stop,0.050462499260902405,0.0
1025,2048,1,96,initiation,0.0,0.04102221876382828
1025,2048,1,108,decrease,0.04127638787031174,0.013593055307865143
1025,2048,1,120,decrease,0.049738891422748566,0.024234721437096596
1025,2048,1,132,initiation,0.0,0.0406208336353302
1025,2048,1,223,decrease,0.041386112570762634,0.019938889890909195
1025,2048,1,251,decrease,0.04592360928654671,0.02277083322405815
1025,2048,1,296,decrease,0.05645138770341873,0.028663890436291695
1025,2048,1,323,decrease,0.0637916699051857,0.031606946140527725
1025,2048,1,335,increase,0.024497222155332565,0.05448611080646515
1025,2048,1,517,decrease,0.055259719491004944,0.027404168620705605
1025,2048,1,687,decrease,0.062319446355104446,0.03148055449128151
1025,2048,1,1275,decrease,0.06831388175487518,0.034327778965234756
1025,2048,1,1288,initiation,0.0,0.0400874987244606
1025,2048,1,1567,decrease,0.05462222546339035,0.027076389640569687
1025,2048,1,1601,initiation,0.0,0.03920416533946991
1025,2048,1,1621,decrease,0.040037497878074646,0.020537499338388443
1025,2048,1,1633,decrease,0.048213891685009,0.007570833433419466
1025,2048,1,1722,decrease,0.05476805567741394,0.027433333918452263
1025,2048,1,1734,initiation,0.0,0.04605833441019058
1025,2048,1,1802,decrease,0.04731389135122299,0.024000000208616257
1025,2048,1,1943,decrease,0.05412638932466507,0.026684721931815147
1026,4540,0,14,stop,0.11076389253139496,0.0
1026,4540,0,26,decrease,0.07577916979789734,0.0536625012755394
1026,4540,0,38,increase,0.022461112588644028,0.12186805158853531
1026,4540,0,50,decrease,0.11881944537162781,0.056356944143772125
1026,4540,0,78,initiation,0.0,0.04026389122009277
1026,4540,0,136,decrease,0.03933194279670715,0.019425000995397568
1026,4540,0,344,decrease,0.04976250231266022,0.02477083168923855
1026,4540,0,559,increase,0.04251805692911148,0.19412082433700562
1026,4540,0,571,initiation,0.0,0.07483194768428802
1026,4540,0,834,decrease,0.061795834451913834,0.030508331954479218
1026,4540,0,855,initiation,0.0,0.035269442945718765
1026,4540,0,893,decrease,0.03251250088214874,0.015961110591888428
1026,4540,0,1453,decrease,0.04452916607260704,0.022193055599927902
1026,4540,0,1465,increase,0.05608055368065834,0.10731388628482819
1026,4540,0,1479,decrease,0.1061222180724144,0.052134718745946884
1026,4540,0,1491,initiation,0.0,0.08115139603614807
1026,4540,0,1572,decrease,0.07552500069141388,0.0373055562376976
1026,4540,0,1584,initiation,0.0,0.05926527827978134
1026,4540,0,1629,decrease,0.05985138937830925,0.029466666281223297
1026,4540,0,1641,initiation,0.0,0.04289305582642555
1026,4540,0,1708,decrease,0.04551944509148598,0.02325555495917797
1026,4540,0,1766,decrease,0.05600833147764206,0.02813750132918358
1026,4540,0,1860,decrease,0.055727772414684296,0.02782638929784298
1026,4540,0,1872,initiation,0.0,0.04460694640874863
1026,4540,0,1930,decrease,0.046747222542762756,0.02301388792693615
1026,4540,0,1942,initiation,0.0,0.03619305416941643
1026,4540,0,2001,decrease,0.038733333349227905,0.019134722650051117
1026,4540,1,12,stop,0.5555555820465088,0.0
1026,4540,1,55,decrease,0.10435138642787933,0.050119441002607346
1026,4540,1,73,initiation,0.0,0.041231945157051086
1026,4540,1,143,decrease,0.05519722402095795,0.028534721583127975
1026,4540,1,195,increase,0.057265281677246094,0.07913333177566528
1026,4540,1,217,increase,0.07012221962213516,0.08877916634082794
1026,4540,1,344,decrease,0.08343472331762314,0.04071666672825813
1026,4540,1,360,initiation,0.0,0.04094305634498596
1026,4540,1,456,decrease,0.05505972355604172,0.027981944382190704
1026,4540,1,500,decrease,0.0656222254037857,0.041769444942474365
1026,4540,1,560,decrease,0.0742444396018982,0.03683888912200928
1026,4540,1,572,initiation,0.0,0.042270831763744354
1026,4540,1,664,decrease,0.0549333319067955,0.027480553835630417
1026,4540,1,1541,decrease,0.055025000125169754,0.026980556547641754
1026,4540,1,1571,decrease,0.05574861168861389,0.027311110869050026
1026,4540,1,1629,decrease,0.048988886177539825,0.02432222105562687
1026,4540,1,1672,decrease,0.04466249793767929,0.02226666547358036
1026,4540,1,1795,decrease,0.05498194694519043,0.027356944978237152
1026,4540,1,1807,initiation,0.0,0.04150138795375824
1026,4540,1,1838,decrease,0.04427500069141388,0.022559722885489464
1026,4540,1,2009,decrease,0.05513889342546463,0.026993054896593094
1026,4540,1,2044,decrease,0.0763888955116272,0.03686250001192093
1035,2988,0,150,initiation,0.0,0.6944444179534912
1035,2988,0,162,initiation,0.0,0.0826430544257164
1035,2988,0,216,decrease,0.13859999179840088,0.0669500008225441
1035,2988,0,235,initiation,0.0,0.06237916648387909
1035,2988,0,339,decrease,0.06401249766349792,0.03309444338083267
1035,2988,0,1308,decrease,0.06542499363422394,0.03248055651783943
1035,2988,1,149,initiation,0.0,0.5555555820465088
1035,2988,1,164,initiation,0.0,0.05770694464445114
1035,2988,1,211,decrease,0.08551110327243805,0.04116527736186981
1035,2988,1,267,decrease,0.02513749897480011,0.0017069444293156266
1035,2988,1,395,decrease,0.03825833275914192,0.01885416731238365
1035,2988,1,460,decrease,0.04840555414557457,0.023983333259820938
1035,2988,1,953,decrease,0.05738333240151405,0.02893194369971752
1035,2988,1,1027,decrease,0.06800694763660431,0.03360555320978165
1035,2988,1,1039,initiation,0.0,0.055618055164813995
1035,2988,1,1232,decrease,0.057777777314186096,0.028219444677233696
1035,2988,1,1311,decrease,0.06955139338970184,0.03472638875246048
1044,2943,0,63,initiation,0.0,0.6944444179534912
1044,2943,0,75,initiation,0.0,0.08292499929666519
1044,2943,0,87,increase,0.12733055651187897,0.1730208396911621
1044,2943,0,103,decrease,0.16832222044467926,0.0819055587053299
1044,2943,0,125,initiation,0.0,0.06344722211360931
1044,2943,0,392,decrease,0.06353055685758591,0.035034723579883575
1044,2943,0,671,decrease,0.06569860875606537,0.032790277153253555
1044,2943,0,732,decrease,0.06558056175708771,0.03238888829946518
1044,2943,0,744,initiation,0.0,0.049779169261455536
1044,2943,0,1033,decrease,0.05247361212968826,0.025336112827062607
1044,2943,0,1046,initiation,0.0,0.03603889048099518
1044,2943,0,1151,decrease,0.04015694558620453,0.019954165443778038
1044,2943,0,1172,increase,0.011286111548542976,0.024348612874746323
1044,2943,1,59,initiation,0.0,0.5384472608566284
1044,2943,1,71,initiation,0.0,0.038915276527404785
1044,2943,1,83,stop,0.09314583241939545,0.0
1044,2943,1,103,decrease,0.10887777805328369,0.05249444767832756
1044,2943,1,153,initiation,0.0,0.05481388792395592
1044,2943,1,222,decrease,0.055751390755176544,0.027654165402054787
1044,2943,1,253,decrease,0.06690416485071182,0.033375002443790436
1044,2943,1,315,decrease,0.07470555603504181,0.03680555522441864
1044,2943,1,336,initiation,0.0,0.0383930541574955
1044,2943,1,368,decrease,0.042391665279865265,0.02165277861058712
1044,2943,1,647,decrease,0.055076390504837036,0.027581943199038506
1044,2943,1,743,decrease,0.06451249867677689,0.032188888639211655
1044,2943,1,1151,decrease,0.06377777457237244,0.031861111521720886
1044,2943,1,1163,initiation,0.0,0.04415416717529297
1044,2943,1,1194,increase,0.010583332739770412,0.030669445171952248
1044,2943,1,1276,stop,0.035713888704776764,0.0
1149,3387,0,156,initiation,0.0,0.0369916670024395
1149,3387,0,184,decrease,0.10959583520889282,0.05237499997019768
1149,3387,0,198,initiation,0.0,0.05993889272212982
1149,3387,0,293,decrease,0.057669445872306824,0.029476387426257133
1149,3387,0,306,initiation,0.0,0.03891805559396744
1149,3387,0,399,decrease,0.039750002324581146,0.019648611545562744
1149,3387,0,411,increase,0.027884721755981445,0.08943749964237213
1149,3387,0,486,decrease,0.07982499897480011,0.039762500673532486
1149,3387,0,520,increase,0.010984722524881363,0.027841666713356972
1149,3387,0,1230,decrease,0.036040276288986206,0.018130555748939514
1149,3387,0,1242,initiation,0.0,0.05208194628357887
1149,3387,0,1608,decrease,0.04498472064733505,0.022163888439536095
1149,3387,0,1628,increase,0.012058333493769169,0.028147222474217415
1149,3387,1,149,initiation,0.0,0.06522221863269806
1149,3387,1,185,decrease,0.0966263860464096,0.04733611270785332
1149,3387,1,207,initiation,0.0,0.042076390236616135
1149,3387,1,490,decrease,0.055556945502758026,0.028656942769885063
1149,3387,1,825,decrease,0.0630069375038147,0.03126110881567001
1149,3387,1,837,decrease,0.09717360883951187,0.038451388478279114
1149,3387,1,952,increase,0.06273888796567917,0.09141944348812103
1149,3387,1,964,initiation,0.0,0.08066944777965546
1149,3387,1,1089,decrease,0.08705416321754456,0.04337777942419052
1149,3387,1,1101,increase,0.029561111703515053,0.07754027843475342
1149,3387,1,1129,decrease,0.07771111279726028,0.037263888865709305
1149,3387,1,1143,initiation,0.0,0.04320139065384865
1149,3387,1,1218,decrease,0.06180833280086517,0.031094444915652275
1149,3387,1,1230,increase,0.017229165881872177,0.08133749663829803
1149,3387,1,1412,decrease,0.07864999771118164,0.03875833377242088
1149,3387,1,1571,decrease,0.07880833745002747,0.038805555552244186
1149,3387,1,1584,initiation,0.0,0.04774027690291405
1149,3387,1,1612,decrease,0.060111112892627716,0.02988472208380699
1149,3387,1,1630,initiation,0.0,0.041898611932992935
1149,3387,1,1649,decrease,0.04302777722477913,0.02097083255648613
1213,6025,0,12,decrease,0.6944444179534912,0.5191583633422852
1213,6025,0,25,stop,0.13397222757339478,0.0
1213,6025,0,58,initiation,0.0,0.04286111146211624
1213,6025,0,99,decrease,0.08184027671813965,0.03616249933838844
1213,6025,0,410,decrease,0.07878471910953522,0.0323638878762722
1213,6025,0,897,decrease,0.08763611316680908,0.042944446206092834
1213,6025,1,12,decrease,0.2821222245693207,0.10915138572454453
1213,6025,1,60,decrease,0.14144304394721985,0.06932777911424637
1213,6025,1,90,initiation,0.0,0.036416664719581604
1213,6025,1,116,initiation,0.0,0.05777500197291374
1213,6025,1,239,decrease,0.10152638703584671,0.06386806070804596
1213,6025,1,258,decrease,0.11871667206287384,0.0770374983549118
1213,6025,1,272,decrease,0.13359861075878143,0.10710278153419495
1213,6025,1,455,decrease,0.13801944255828857,0.0698208287358284
1213,6025,1,583,decrease,0.15033888816833496,0.07465694099664688
1213,6025,1,595,initiation,0.0,0.11416250467300415
1213,6025,1,620,decrease,0.11878888309001923,0.05950138717889786
1213,6025,1,640,initiation,0.0,0.044602781534194946
1213,6025,1,906,decrease,0.07397638261318207,0.03662777692079544
1255,1636,0,50,initiation,0.0,0.6687666773796082
1255,1636,0,62,initiation,0.0,0.09175972640514374
1255,1636,0,74,decrease,0.07400555908679962,0.023059723898768425
1255,1636,0,86,stop,0.1538333296775818,0.0
1255,1636,0,109,initiation,0.0,0.06298889219760895
1255,1636,0,121,increase,0.011009722016751766,0.06726111471652985
1255,1636,0,133,decrease,0.0668874979019165,0.03368194401264191
1255,1636,0,186,decrease,0.07351528108119965,0.03614027798175812
1255,1636,0,214,initiation,0.0,0.0441819429397583
1255,1636,0,227,stop,0.060083333402872086,0.0
1255,1636,0,241,initiation,0.0,0.0498555563390255
1255,1636,0,257,decrease,0.0558222234249115,0.02821388840675354
1255,1636,0,278,decrease,0.06907083094120026,0.03453750163316727
1255,1636,0,290,initiation,0.0,0.07150833308696747
1255,1636,0,302,increase,0.02704722434282303,0.08131666481494904
1255,1636,0,330,decrease,0.0788777768611908,0.040227778255939484
1255,1636,0,672,decrease,0.07572361081838608,0.037712499499320984
1255,1636,0,684,initiation,0.0,0.061537500470876694
1255,1636,0,711,increase,0.014340277761220932,0.03224444389343262
1255,1636,1,47,initiation,0.0,0.5555555820465088
1255,1636,1,59,initiation,0.0,0.11412639170885086
1255,1636,1,84,decrease,0.10546805709600449,0.05114166438579559
1255,1636,1,96,initiation,0.0,0.07364722341299057
1255,1636,1,112,initiation,0.0,0.04147360846400261
1255,1636,1,133,decrease,0.05060833320021629,0.02558194473385811
1255,1636,1,186,decrease,0.06380555778741837,0.030675001442432404
1255,1636,1,222,initiation,0.0,0.05190972238779068
1255,1636,1,234,increase,0.023850001394748688,0.06755277514457703
1255,1636,1,258,decrease,0.06544722616672516,0.03193194419145584
1255,1636,1,277,decrease,0.0759444460272789,0.03719722107052803
1255,1636,1,336,increase,0.07609860599040985,0.10422360897064209
1255,1636,1,392,decrease,0.10050694644451141,0.05008194223046303
1255,1636,1,410,initiation,0.0,0.04775277525186539
1255,1636,1,471,decrease,0.061493054032325745,0.030233332887291908
1255,1636,1,510,decrease,0.08330138772726059,0.06221666932106018
1255,1636,1,672,decrease,0.09022916853427887,0.044333335012197495
1255,1636,1,684,initiation,0.0,0.06417082995176315
1255,1636,1,716,decrease,0.06908611208200455,0.033876389265060425
1323,5309,0,13,initiation,0.0,0.053441666066646576
1323,5309,0,143,decrease,0.07027916610240936,0.03434722125530243
1323,5309,0,174,increase,0.011338888667523861,0.026745833456516266
1323,5309,0,499,increase,0.02261389046907425,0.03724861145019531
1323,5309,0,521,decrease,0.03670138865709305,0.018304167315363884
1323,5309,0,541,decrease,0.04970972239971161,0.024016667157411575
1323,5309,0,580,decrease,0.04236805438995361,0.02127361111342907
1323,5309,0,592,increase,0.04884166643023491,0.08305694162845612
1323,5309,0,619,initiation,0.0,0.0578458309173584
1323,5309,0,633,decrease,0.06291389465332031,0.030847221612930298
1323,5309,0,645,initiation,0.0,0.04880416765809059
1323,5309,0,702,decrease,0.047913890331983566,0.02320833131670952
1323,5309,0,737,decrease,0.02080138772726059,0.008027778007090092
1323,5309,1,12,increase,0.02108749933540821,0.0902625024318695
1323,5309,1,54,decrease,0.07622361183166504,0.03702639043331146
1323,5309,1,66,increase,0.02664722315967083,0.06128749996423721
1323,5309,1,98,decrease,0.06198055297136307,0.03048333339393139
1323,5309,1,110,increase,0.021876389160752296,0.052025001496076584
1323,5309,1,139,decrease,0.05420416593551636,0.02654166705906391
1323,5309,1,156,increase,0.024543054401874542,0.04768194258213043
1323,5309,1,495,decrease,0.06254027783870697,0.03419722244143486
1323,5309,1,687,decrease,0.061529166996479034,0.03001805767416954
1408,5636,0,102,decrease,0.03899955749511719,0.012999534606933594
1408,5636,0,262,decrease,0.04949951171875,0.0279998779296875
1408,5636,0,829,decrease,0.03600120544433594,0.017000198364257812
1408,5636,0,992,decrease,0.03549957275390625,0.014499664306640625
1408,5636,1,73,initiation,0.0,0.0364995002746582
1408,5636,1,102,stop,0.03550004959106445,0.0
1408,5636,1,114,increase,0.010000228881835938,0.05450010299682617
1408,5636,1,148,decrease,0.053000450134277344,0.02550029754638672
1408,5636,1,160,initiation,0.0,0.03950023651123047
1408,5636,1,415,decrease,0.04199981689453125,0.012499809265136719
1408,5636,1,829,decrease,0.03800010681152344,0.017000198364257812
1408,5636,1,925,decrease,0.03800010681152344,0.0034999847412109375
1408,5636,1,938,increase,0.012500762939453125,0.03149986267089844
1489,3525,0,14,initiation,0.0,0.6944444179534912
1489,3525,0,26,initiation,0.0,0.5331597328186035
1489,3525,0,38,increase,0.14834444224834442,0.2345527708530426
1489,3525,0,56,decrease,0.22198611497879028,0.10750000178813934
1489,3525,0,85,initiation,0.0,0.05685555562376976
1489,3525,0,457,decrease,0.06095278263092041,0.031638890504837036
1489,3525,0,469,increase,0.04173611104488373,0.11757221817970276
1489,3525,0,535,decrease,0.10702500492334366,0.05251944437623024
1489,3525,0,637,decrease,0.0973999947309494,0.04955277964472771
1489,3525,0,845,decrease,0.11840972304344177,0.05852361395955086
1489,3525,0,859,initiation,0.0,0.06731250137090683
1489,3525,0,871,stop,0.07819444686174393,0.0
1489,3525,0,1309,decrease,0.07493194937705994,0.036266665905714035
1489,3525,0,1337,increase,0.014065277762711048,0.03496944159269333
1489,3525,0,1349,stop,0.03603889048099518,0.0
1489,3525,1,12,initiation,0.0,0.051023609936237335
1489,3525,1,24,initiation,0.0,0.13355694711208344
1489,3525,1,192,decrease,0.1035180538892746,0.051116667687892914
1489,3525,1,213,initiation,0.0,0.03981805592775345
1489,3525,1,280,decrease,0.05927500128746033,0.029108334332704544
1489,3525,1,298,decrease,0.07321806252002716,0.036819443106651306
1489,3525,1,323,increase,0.08546528220176697,0.10749722272157669
1489,3525,1,335,initiation,0.0,0.13727501034736633
1489,3525,1,437,decrease,0.12386389076709747,0.061884719878435135
1489,3525,1,539,decrease,0.1226569414138794,0.06077083572745323
1489,3525,1,1004,decrease,0.12205138802528381,0.060483332723379135
1489,3525,1,1018,initiation,0.0,0.0736541673541069
1489,3525,1,1131,decrease,0.09034305810928345,0.045499999076128006
1489,3525,1,1158,decrease,0.1168944388628006,0.057015277445316315
1489,3525,1,1170,stop,0.08849722146987915,0.0
1489,3525,1,1193,decrease,0.08719582855701447,0.04409722238779068
1489,3525,1,1323,decrease,0.10156805068254471,0.049884721636772156
1489,3525,1,1337,initiation,0.0,0.06364583969116211
1489,3525,1,1418,decrease,0.07983750104904175,0.04075000062584877
1489,3525,1,1451,decrease,0.09256388247013092,0.04589861258864403
1489,3525,1,1468,initiation,0.0,0.04035139083862305
1489,3525,1,1496,decrease,0.054669447243213654,0.027698611840605736
1500,1566,0,12,initiation,0.0,0.757676362991333
1500,1566,0,24,initiation,0.0,0.11835694313049316
1500,1566,0,36,stop,0.05819305405020714,0.0
1500,1566,0,53,initiation,0.0,0.04306666553020477
1500,1566,0,70,decrease,0.04805000126361847,0.023133333772420883
1500,1566,0,116,decrease,0.05810555815696716,0.028299998492002487
1500,1566,0,128,increase,0.03170555457472801,0.1161833256483078
1500,1566,0,170,increase,0.015343055129051208,0.03259027749300003
1500,1566,0,190,decrease,0.03237638622522354,0.016451388597488403
1500,1566,0,900,decrease,0.04126805439591408,0.020508332177996635
1500,1566,0,919,increase,0.011066666804254055,0.025761112570762634
1500,1566,1,12,initiation,0.0,0.29124584794044495
1500,1566,1,24,initiation,0.0,0.07944444566965103
1500,1566,1,36,stop,0.038862500339746475,0.0
1500,1566,1,77,initiation,0.0,0.03563888743519783
1500,1566,1,133,decrease,0.0724986121058464,0.03518611192703247
1500,1566,1,232,initiation,0.0,0.03996666893362999
1500,1566,1,300,decrease,0.057015277445316315,0.028147222474217415
1500,1566,1,312,initiation,0.0,0.04601944610476494
1500,1566,1,875,decrease,0.04768333211541176,0.023854166269302368
1500,1566,1,907,decrease,0.05681528151035309,0.02814166620373726
1566,4312,0,17,initiation,0.0,0.6944444179534912
1566,4312,0,29,initiation,0.0,0.1019388884305954
1566,4312,0,234,decrease,0.08356805145740509,0.041640277951955795
1566,4312,0,250,initiation,0.0,0.04448888823390007
1566,4312,0,961,decrease,0.05261527746915817,0.02514583244919777
1566,4312,0,974,initiation,0.0,0.03565138950943947
1566,4312,0,1013,decrease,0.03726944327354431,0.018530555069446564
1566,4312,1,17,initiation,0.0,0.3078860938549042
1566,4312,1,30,initiation,0.0,0.061611108481884
1566,4312,1,53,decrease,0.07233472168445587,0.03524444252252579
1566,4312,1,70,decrease,0.07023055851459503,0.033327776938676834
1566,4312,1,82,initiation,0.0,0.25658056139945984
1566,4312,1,216,decrease,0.07355833053588867,0.036286111921072006
1566,4312,1,252,increase,0.009438889101147652,0.028288889676332474
1566,4312,1,345,increase,0.015216667205095291,0.035131942480802536
1566,4312,1,915,decrease,0.040570832788944244,0.01979166641831398
1566,4312,1,1004,decrease,0.04059722274541855,0.020068056881427765
1566,4312,1,1016,increase,0.02605833299458027,0.05853055417537689
1566,4312,1,1048,decrease,0.056513890624046326,0.02785833366215229
1730,4293,0,33,initiation,0.0,0.036533333361148834
1730,4293,0,61,decrease,0.11068195104598999,0.0531763881444931
1730,4293,0,87,initiation,0.0,0.04123472422361374
1730,4293,0,496,decrease,0.03425416350364685,0.017879167571663857
1730,4293,0,508,increase,0.036408331245183945,0.06441527605056763
1730,4293,0,538,decrease,0.061186108738183975,0.029915276914834976
1730,4293,0,550,initiation,0.0,0.04485555738210678
1730,4293,0,1047,decrease,0.04087083414196968,0.020154166966676712
1730,4293,0,1434,decrease,0.03950972110033035,0.020375000312924385
1730,4293,0,1934,decrease,0.047123610973358154,0.022580554708838463
1730,4293,0,1946,initiation,0.0,0.03745139017701149
1730,4293,0,2153,decrease,0.03992222249507904,0.017834721133112907
1730,4293,0,2178,decrease,0.048794444650411606,0.024294445291161537
1730,4293,0,2508,decrease,0.05503471940755844,0.026420833542943
1730,4293,1,31,initiation,0.0,0.04015694186091423
1730,4293,1,61,decrease,0.0679694414138794,0.033279165625572205
1730,4293,1,259,initiation,0.0,0.04457499831914902
1730,4293,1,282,decrease,0.04297083243727684,0.020879166200757027
1730,4293,1,294,increase,0.022251388058066368,0.05882638692855835
1730,4293,1,521,increase,0.053365278989076614,0.09685833007097244
1730,4293,1,533,initiation,0.0,0.07264167070388794
1730,4293,1,692,decrease,0.06825138628482819,0.03195971995592117
1730,4293,1,840,decrease,0.07634305208921432,0.037934720516204834
1730,4293,1,2234,decrease,0.07546944916248322,0.03706805408000946
1730,4293,1,2246,initiation,0.0,0.05792222172021866
1730,4293,1,2508,decrease,0.06126805394887924,0.030340276658535004
1784,4016,0,55,initiation,0.0,0.6944444179534912
1784,4016,0,70,initiation,0.0,0.07615277916193008
1784,4016,0,82,stop,0.17625276744365692,0.0
1784,4016,0,110,initiation,0.0,0.04614166542887688
1784,4016,0,240,decrease,0.04357500001788139,0.02168194390833378
1784,4016,0,296,decrease,0.058590278029441833,0.028123611584305763
1784,4016,0,387,decrease,0.06843332946300507,0.03465833514928818
1784,4016,0,900,decrease,0.0683249980211258,0.03390555828809738
1784,4016,1,52,initiation,0.0,0.5506125092506409
1784,4016,1,64,initiation,0.0,0.06887777894735336
1784,4016,1,77,decrease,0.09831249713897705,0.04207777604460716
1784,4016,1,111,initiation,0.0,0.041422225534915924
1784,4016,1,169,decrease,0.04747916758060455,0.023976389318704605
1784,4016,1,191,initiation,0.0,0.03678472340106964
1784,4016,1,206,increase,0.013840277679264545,0.034595832228660583
1784,4016,1,243,decrease,0.053598612546920776,0.02744722180068493
1784,4016,1,256,increase,0.021813889965415,0.05093749985098839
1784,4016,1,286,decrease,0.049962498247623444,0.024397222325205803
1784,4016,1,298,initiation,0.0,0.03637778013944626
1784,4016,1,405,decrease,0.03864722326397896,0.01922638900578022
1784,4016,1,417,stop,0.04001111164689064,0.0
1784,4016,1,430,decrease,0.08980138599872589,0.04426249861717224
1784,4016,1,442,decrease,0.09891805797815323,0.04952361434698105
1784,4016,1,558,decrease,0.10777083784341812,0.05354027822613716
1784,4016,1,570,initiation,0.0,0.08013471961021423
1784,4016,1,657,decrease,0.08671250194311142,0.04337500035762787
1784,4016,1,669,initiation,0.0,0.08766388893127441
1784,4016,1,793,decrease,0.08763611316680908,0.04299444332718849
1784,4016,1,805,initiation,0.0,0.07024583220481873
1784,4016,1,917,decrease,0.0778319388628006,0.03857361152768135
1786,5826,0,22,initiation,0.0,0.6944444179534912
1786,5826,0,34,initiation,0.0,0.08766250312328339
1786,5826,0,56,decrease,0.14886805415153503,0.07320278137922287
1786,5826,0,74,initiation,0.0,0.0979541689157486
1786,5826,0,102,initiation,0.0,0.05960972234606743
1786,5826,0,145,decrease,0.06775416433811188,0.0345916673541069
1786,5826,0,173,decrease,0.08560000360012054,0.04156111180782318
1786,5826,0,185,initiation,0.0,0.062950000166893
1786,5826,0,211,increase,0.062486112117767334,0.07653472572565079
1786,5826,0,226,stop,0.041402775794267654,0.0
1786,5826,0,238,stop,0.09040555357933044,0.0
1786,5826,0,251,initiation,0.0,0.0513930544257164
1786,5826,0,426,decrease,0.05703055486083031,0.0284000001847744
1786,5826,0,449,increase,0.05706111341714859,0.07774999737739563
1786,5826,0,461,initiation,0.0,0.09558749943971634
1786,5826,0,519,decrease,0.0891638845205307,0.04402083158493042
1786,5826,0,531,initiation,0.0,0.06977500021457672
1786,5826,0,592,decrease,0.067938894033432,0.03349444270133972
1786,5826,0,724,decrease,0.06672082841396332,0.03260139003396034
1786,5826,0,739,initiation,0.0,0.04105555638670921
1786,5826,0,752,decrease,0.04744722321629524,0.011783333495259285
1786,5826,0,818,decrease,0.06734305620193481,0.03207499906420708
1786,5826,1,18,initiation,0.0,0.4861111044883728
1786,5826,1,30,initiation,0.0,0.08998888731002808
1786,5826,1,57,decrease,0.08822916448116302,0.0430472232401371
1786,5826,1,69,increase,0.029379166662693024,0.07034861296415329
1786,5826,1,81,decrease,0.0710291713476181,0.04276527836918831
1786,5826,1,93,stop,0.08116249740123749,0.0
1786,5826,1,105,stop,0.0663958340883255,0.0
1786,5826,1,117,initiation,0.0,0.05307222157716751
1786,5826,1,146,decrease,0.055518053472042084,0.027855554595589638
1786,5826,1,161,decrease,0.06877083331346512,0.03353888913989067
1786,5826,1,173,initiation,0.0,0.054495833814144135
1786,5826,1,185,initiation,0.0,0.08074583113193512
1786,5826,1,218,decrease,0.07791943848133087,0.03850972279906273
1786,5826,1,230,increase,0.009274999611079693,0.10135000199079514
1786,5826,1,526,decrease,0.0943041667342186,0.046759720891714096
1786,5826,1,545,decrease,0.09419166296720505,0.046829164028167725
1786,5826,1,725,decrease,0.08396250009536743,0.041765276342630386
1786,5826,1,739,initiation,0.0,0.06369166821241379
1786,5826,1,753,decrease,0.04332499951124191,0.01740972138941288
1786,5826,1,819,decrease,0.08518610894680023,0.04188333451747894
1814,747,0,36,initiation,0.0,0.6944444179534912
1814,747,0,48,initiation,0.0,0.10259445011615753
1814,747,0,60,stop,0.12562915682792664,0.0
1814,747,0,82,initiation,0.0,0.045408330857753754
1814,747,0,94,increase,0.016824999824166298,0.06345555186271667
1814,747,0,187,decrease,0.05320555716753006,0.025862500071525574
1814,747,0,199,initiation,0.0,0.038798607885837555
1814,747,0,294,decrease,0.0382152795791626,0.018712500110268593
1814,747,0,312,increase,0.010797222144901752,0.025663889944553375
1814,747,0,360,initiation,0.0,0.039569444954395294
1814,747,0,445,decrease,0.039040278643369675,0.01947638764977455
1814,747,0,691,decrease,0.04504305496811867,0.021641666069626808
1814,747,1,37,initiation,0.0,0.7119750380516052
1814,747,1,49,increase,0.07528471946716309,0.1276819407939911
1814,747,1,61,stop,0.12092360854148865,0.0
1814,747,1,91,increase,0.011211110278964043,0.031223610043525696
1814,747,1,179,decrease,0.03830000013113022,0.019750000908970833
1814,747,1,191,initiation,0.0,0.03961527720093727
1814,747,1,232,decrease,0.08029166609048843,0.03930139169096947
1814,747,1,244,increase,0.02687777765095234,0.06547221541404724
1814,747,1,256,stop,0.06550972163677216,0.0
1814,747,1,274,decrease,0.053566668182611465,0.026495832949876785
1814,747,1,286,initiation,0.0,0.04285416752099991
1814,747,1,298,stop,0.04331527650356293,0.0
1814,747,1,310,increase,0.013758333399891853,0.03280416876077652
1814,747,1,359,increase,0.012554165907204151,0.04022222384810448
1814,747,1,395,decrease,0.03923749923706055,0.019445834681391716
1814,747,1,694,decrease,0.04790417104959488,0.023440279066562653
1814,747,1,742,initiation,0.0,0.0626569464802742
1814,747,1,812,decrease,0.05821527913212776,0.028755556792020798
1875,843,0,13,initiation,0.0,0.03736249729990959
1875,843,0,590,decrease,0.06141944229602814,0.03061250038444996
1875,843,0,602,initiation,0.0,0.05098472163081169
1875,843,0,990,decrease,0.05346527695655823,0.026386110112071037
1875,843,0,1002,initiation,0.0,0.03923888877034187
1875,843,0,1069,decrease,0.041862502694129944,0.020354166626930237
1875,843,0,1087,increase,0.011570833623409271,0.02793888747692108
1875,843,0,1296,decrease,0.03443055599927902,0.016597222536802292
1875,843,1,14,initiation,0.0,0.06500416994094849
1875,843,1,30,decrease,0.07604861259460449,0.03821111097931862
1875,843,1,116,initiation,0.0,0.04785555601119995
1875,843,1,140,decrease,0.05632916837930679,0.029218057170510292
1875,843,1,156,decrease,0.06497500091791153,0.032063890248537064
1875,843,1,185,decrease,0.05758611112833023,0.028252776712179184
1875,843,1,197,initiation,0.0,0.0423361137509346
1875,843,1,1063,decrease,0.04753055423498154,0.021477777510881424
1875,843,1,1076,increase,0.025931943207979202,0.07584860920906067
1875,843,1,1296,decrease,0.07984305918216705,0.039193056523799896
1904,4080,0,94,initiation,0.0,0.6944444179534912
1904,4080,0,106,initiation,0.0,0.10212777554988861
1904,4080,0,118,stop,0.1273888796567917,0.0
1904,4080,0,147,initiation,0.0,0.1017819419503212
1904,4080,0,159,initiation,0.0,0.051811110228300095
1904,4080,0,171,increase,0.04876388981938362,0.06161944568157196
1904,4080,0,193,increase,0.05591388791799545,0.15557360649108887
1904,4080,0,252,increase,0.07488194108009338,0.12340138852596283
1904,4080,0,418,decrease,0.07658055424690247,0.037420835345983505
1904,4080,0,430,initiation,0.0,0.05996527522802353
1904,4080,0,563,increase,0.05410138517618179,0.07410416007041931
1904,4080,0,649,decrease,0.08039721846580505,0.03980416804552078
1904,4080,0,661,increase,0.029970834031701088,0.06567500531673431
1904,4080,0,822,decrease,0.06581667065620422,0.03263194486498833
1904,4080,1,92,initiation,0.0,0.5555555820465088
1904,4080,1,106,initiation,0.0,0.07685834169387817
1904,4080,1,119,decrease,0.09538611769676208,0.04615694656968117
1904,4080,1,133,initiation,0.0,0.05285000056028366
1904,4080,1,170,decrease,0.06267638504505157,0.031168054789304733
1904,4080,1,187,decrease,0.0757874995470047,0.03703472390770912
1904,4080,1,199,decrease,0.0989166647195816,0.033444445580244064
1904,4080,1,211,increase,0.05313888564705849,0.11223194003105164
1904,4080,1,254,decrease,0.10733750462532043,0.041693054139614105
1904,4080,1,266,decrease,0.12272638082504272,0.062456946820020676
1904,4080,1,279,decrease,0.13527360558509827,0.06714999675750732
1904,4080,1,291,increase,0.04999305307865143,0.16766250133514404
1904,4080,1,403,decrease,0.16071805357933044,0.07926806062459946
1904,4080,1,415,initiation,0.0,0.13109026849269867
1904,4080,1,428,initiation,0.0,0.04327777773141861
1904,4080,1,463,decrease,0.10703055560588837,0.05272916704416275
1904,4080,1,479,decrease,0.09793195128440857,0.054390277713537216
1904,4080,1,556,decrease,0.12021110951900482,0.058865275233983994
1904,4080,1,585,decrease,0.13857778906822205,0.06853750348091125
1904,4080,1,597,initiation,0.0,0.17747777700424194
1904,4080,1,648,decrease,0.17131805419921875,0.08418750017881393
1904,4080,1,695,initiation,0.0,0.04088055342435837
1904,4080,1,708,initiation,0.0,0.036662500351667404
1904,4080,1,734,decrease,0.07654305547475815,0.03808194398880005
1904,4080,1,831,increase,0.09516111016273499,0.1578819453716278
1904,4080,1,843,initiation,0.0,0.11561943590641022
1904,4080,1,867,decrease,0.11332082748413086,0.05599444732069969
2044,3354,0,139,initiation,0.0,0.05894027650356293
2044,3354,0,151,stop,0.0641527771949768,0.0
2044,3354,0,163,initiation,0.0,0.04650416597723961
2044,3354,0,405,decrease,0.035172224044799805,0.018386110663414
2044,3354,0,428,decrease,0.04864444583654404,0.024861110374331474
2044,3354,0,653,decrease,0.051847219467163086,0.02546805515885353
2044,3354,0,703,decrease,0.050752777606248856,0.02513333410024643
2044,3354,0,715,initiation,0.0,0.0389944426715374
2044,3354,0,729,decrease,0.03949722647666931,0.019086111336946487
2044,3354,0,751,increase,0.009701388888061047,0.022612500935792923
2044,3354,0,770,decrease,0.023402778431773186,0.008702777326107025
2044,3354,0,800,decrease,0.03135833144187927,0.01541527733206749
2044,3354,0,918,decrease,0.037450000643730164,0.017956944182515144
2044,3354,0,941,increase,0.011998610571026802,0.02588055655360222
2044,3354,0,953,increase,0.01302500069141388,0.038479167968034744
2044,3354,0,975,decrease,0.041155554354190826,0.020076388493180275
2044,3354,0,989,increase,0.013205556198954582,0.03186389058828354
2044,3354,0,1030,increase,0.023705556988716125,0.03854444622993469
2044,3354,0,1267,decrease,0.037154167890548706,0.018420832231640816
2044,3354,0,1356,increase,0.008629166521131992,0.022898612543940544
2044,3354,0,1401,decrease,0.023887500166893005,0.011480554938316345
2044,3354,1,118,initiation,0.0,0.04802222177386284
2044,3354,1,130,initiation,0.0,0.1052597239613533
2044,3354,1,157,initiation,0.0,0.03847360983490944
2044,3354,1,306,decrease,0.044781945645809174,0.022361110895872116
2044,3354,1,318,increase,0.051891665905714035,0.10403195023536682
2044,3354,1,333,decrease,0.09863471984863281,0.048495832830667496
2044,3354,1,350,initiation,0.0,0.04447777569293976
2044,3354,1,405,decrease,0.056195832788944244,0.027965277433395386
2044,3354,1,419,decrease,0.09911805391311646,0.04877777770161629
2044,3354,1,451,decrease,0.12460139393806458,0.06091389060020447
2044,3354,1,463,initiation,0.0,0.07322083413600922
2044,3354,1,492,decrease,0.08691667020320892,0.04305277764797211
2044,3354,1,504,initiation,0.0,0.08590138703584671
2044,3354,1,521,decrease,0.08734443783760071,0.044475000351667404
2044,3354,1,631,decrease,0.10691389441490173,0.05318194627761841
2044,3354,1,1260,decrease,0.10649583488702774,0.05296250060200691
2044,3354,1,1287,initiation,0.0,0.04684166610240936
2044,3354,1,1401,decrease,0.06044444441795349,0.030219443142414093
2222,1014,0,81,initiation,0.0,0.47250694036483765
2222,1014,0,93,initiation,0.0,0.1016722247004509
2222,1014,0,105,initiation,0.0,0.12532776594161987
2222,1014,0,145,decrease,0.1145416647195816,0.055799998342990875
2222,1014,0,157,initiation,0.0,0.07922361046075821
2222,1014,0,543,decrease,0.06123194471001625,0.03019999898970127
2222,1014,0,555,initiation,0.0,0.0443597212433815
2222,1014,0,661,decrease,0.04847777634859085,0.023527778685092926
2222,1014,0,673,initiation,0.0,0.037356942892074585
2222,1014,0,1181,decrease,0.04205555468797684,0.02052222192287445
2222,1014,1,80,initiation,0.0,0.42676806449890137
2222,1014,1,92,initiation,0.0,0.10627499967813492
2222,1014,1,145,decrease,0.08250833302736282,0.04055694490671158
2222,1014,1,1180,decrease,0.05195138603448868,0.026106946170330048
2349,348,0,45,initiation,0.0,0.22659029066562653
2349,348,0,57,initiation,0.0,0.08800138533115387
2349,348,0,85,decrease,0.08370278030633926,0.034974999725818634
2349,348,0,174,decrease,0.08356110751628876,0.041043058037757874
2349,348,0,231,increase,0.010072221979498863,0.028066666796803474
2349,348,0,243,decrease,0.02820555493235588,0.006936111021786928
2349,348,0,263,decrease,0.04077500104904175,0.02356250025331974
2349,348,0,281,decrease,0.05112500116229057,0.02506944350898266
2349,348,0,321,decrease,0.0595402792096138,0.029527777805924416
2349,348,0,334,initiation,0.0,0.036416664719581604
2349,348,0,381,decrease,0.04168611019849777,0.02745138853788376
2349,348,0,399,decrease,0.047930553555488586,0.023354167118668556
2349,348,0,458,decrease,0.04112222045660019,0.02160000056028366
2349,348,0,517,decrease,0.04750416427850723,0.023030556738376617
2349,348,0,695,decrease,0.04216388985514641,0.017429165542125702
2349,348,0,714,decrease,0.050504170358181,0.01775277778506279
2349,348,0,726,initiation,0.0,0.03915972262620926
2349,348,0,849,decrease,0.03999583423137665,0.019695833325386047
2349,348,0,870,increase,0.009737499989569187,0.023843055590987206
2349,348,0,905,decrease,0.025606945157051086,0.00361250014975667
2349,348,0,955,decrease,0.0364375002682209,0.018248610198497772
2349,348,0,971,increase,0.03703611344099045,0.05911388620734215
2349,348,0,983,increase,0.018813887611031532,0.04368055611848831
2349,348,0,1009,decrease,0.04344166815280914,0.025086112320423126
2349,348,0,1302,decrease,0.05017222464084625,0.024602778255939484
2349,348,0,1314,initiation,0.0,0.03765694424510002
2349,348,0,1575,decrease,0.04205555468797684,0.020412499085068703
2349,348,0,1593,decrease,0.06084027886390686,0.030063888058066368
2349,348,0,1977,decrease,0.04884583503007889,0.023609723895788193
2349,348,0,2047,increase,0.010815277695655823,0.02624722197651863
2349,348,0,2077,decrease,0.02707916684448719,0.013433333486318588
2349,348,1,44,initiation,0.0,0.34136804938316345
2349,348,1,57,initiation,0.0,0.07048472762107849
2349,348,1,135,decrease,0.06501666456460953,0.02418888919055462
2349,348,1,147,stop,0.08382222056388855,0.0
2349,348,1,174,decrease,0.1002083271741867,0.048620834946632385
2349,348,1,228,initiation,0.0,0.046372223645448685
2349,348,1,262,decrease,0.046905554831027985,0.02331249974668026
2349,348,1,274,increase,0.017908332869410515,0.06649722158908844
2349,348,1,321,decrease,0.06403055787086487,0.031740278005599976
2349,348,1,353,increase,0.01519722305238247,0.03534860908985138
2349,348,1,379,decrease,0.037416666746139526,0.01855277828872204
2349,348,1,399,decrease,0.04808888956904411,0.023845834657549858
2349,348,1,414,decrease,0.041411109268665314,0.022580556571483612
2349,348,1,517,decrease,0.047401390969753265,0.023386109620332718
2349,348,1,532,stop,0.03863055631518364,0.0
2349,348,1,546,increase,0.01186388824135065,0.0320708304643631
2349,348,1,696,decrease,0.03434722125530243,0.012120833620429039
2349,348,1,955,decrease,0.03884722292423248,0.01940833404660225
2349,348,1,974,decrease,0.03962638974189758,0.01955694518983364
2349,348,1,1010,decrease,0.048237498849630356,0.0016749999485909939
2349,348,1,1407,decrease,0.054838888347148895,0.027355553582310677
2349,348,1,1420,decrease,0.07439444959163666,0.020694443956017494
2349,348,1,1593,decrease,0.07855833321809769,0.03800972178578377
2349,348,1,1606,initiation,0.0,0.0465402752161026
2349,348,1,2078,decrease,0.06119305640459061,0.03018888831138611
2435,967,0,54,initiation,0.0,0.06252361088991165
2435,967,0,66,initiation,0.0,0.117720827460289
2435,967,0,84,decrease,0.1179666668176651,0.05650416389107704
2435,967,0,96,stop,0.16396528482437134,0.0
2435,967,0,110,initiation,0.0,0.07593194395303726
2435,967,0,152,decrease,0.08615554869174957,0.07247361540794373
2435,967,0,168,decrease,0.0918777734041214,0.044705554842948914
2435,967,0,180,initiation,0.0,0.07199443876743317
2435,967,0,302,decrease,0.0661499947309494,0.03376249969005585
2435,967,0,314,increase,0.05997500568628311,0.08051528036594391
2435,967,0,440,decrease,0.07468888908624649,0.03686666861176491
2435,967,0,498,decrease,0.08503055572509766,0.04201527684926987
2435,967,0,510,initiation,0.0,0.06859166920185089
2435,967,0,844,decrease,0.06829583644866943,0.032443054020404816
2435,967,0,933,initiation,0.0,0.04342222213745117
2435,967,0,970,decrease,0.046094443649053574,0.02283194288611412
2435,967,1,53,initiation,0.0,0.5555555820465088
2435,967,1,65,initiation,0.0,0.0626305565237999
2435,967,1,79,increase,0.08850416541099548,0.43337082862854004
2435,967,1,133,increase,0.007515277247875929,0.02975277788937092
2435,967,1,158,initiation,0.0,0.03755416348576546
2435,967,1,170,stop,0.06690555810928345,0.0
2435,967,1,271,decrease,0.0536000020802021,0.02681250125169754
2435,967,1,304,decrease,0.06432083249092102,0.03193194419145584
2435,967,1,316,initiation,0.0,0.07337221503257751
2435,967,1,439,decrease,0.07210416346788406,0.03498750180006027
2435,967,1,569,decrease,0.07975277304649353,0.04041527956724167
2435,967,1,581,increase,0.03086250089108944,0.06854027509689331
2435,967,1,844,decrease,0.07114999741315842,0.03494027629494667
2435,967,1,901,increase,0.01255833264440298,0.032434724271297455
2435,967,1,972,decrease,0.03439166396856308,0.013590277172625065
2435,967,1,988,decrease,0.058480553328990936,0.028287500143051147
2617,1644,0,12,initiation,0.0,0.1291833221912384
2617,1644,0,24,stop,0.12702777981758118,0.0
2617,1644,0,36,increase,0.04085972160100937,0.09896111488342285
2617,1644,0,51,decrease,0.09537500143051147,0.047172222286462784
2617,1644,0,63,initiation,0.0,0.06950138509273529
2617,1644,0,183,decrease,0.059295833110809326,0.028708333149552345
2617,1644,0,196,stop,0.08628889918327332,0.0
2617,1644,0,212,initiation,0.0,0.048669442534446716
2617,1644,0,259,decrease,0.05392500013113022,0.02638472244143486
2617,1644,0,357,decrease,0.04779583215713501,0.020884722471237183
2617,1644,0,381,decrease,0.06781110912561417,0.033125001937150955
2617,1644,0,393,initiation,0.0,0.05190694332122803
2617,1644,0,499,decrease,0.051011111587285995,0.025695832446217537
2617,1644,0,995,decrease,0.061119444668293,0.030269445851445198
2617,1644,0,1010,initiation,0.0,0.04033472388982773
2617,1644,0,1037,decrease,0.04111805558204651,0.02115555666387081
2617,1644,0,1072,decrease,0.056276388466358185,0.02802777849137783
2617,1644,0,1405,decrease,0.055190280079841614,0.027316665276885033
2617,1644,1,12,initiation,0.0,0.08460277318954468
2617,1644,1,24,stop,0.08811111003160477,0.0
2617,1644,1,64,increase,0.011929166503250599,0.03055555559694767
2617,1644,1,187,decrease,0.0334097221493721,0.004145833197981119
2617,1644,1,258,decrease,0.03968333452939987,0.01940833404660225
2617,1644,1,277,increase,0.009638888761401176,0.02923194319009781
2617,1644,1,362,decrease,0.03099999949336052,0.00046666665002703667
2617,1644,1,381,decrease,0.042948611080646515,0.020916666835546494
2617,1644,1,398,increase,0.012747222557663918,0.03148888796567917
2617,1644,1,505,decrease,0.032656945288181305,0.011101389303803444
2617,1644,1,1024,decrease,0.0407305583357811,0.019833333790302277
2617,1644,1,1094,increase,0.04959166795015335,0.07912778109312057
2617,1644,1,1106,initiation,0.0,0.05993888899683952
2617,1644,1,1405,decrease,0.056736111640930176,0.028301389887928963
2717,5410,0,187,decrease,0.04916944354772568,0.024530556052923203
2717,5410,0,229,decrease,0.0625263899564743,0.030379164963960648
2717,5410,0,327,decrease,0.07167916744947433,0.03487500175833702
2717,5410,0,339,initiation,0.0,0.05489027500152588
2717,5410,0,575,decrease,0.054051388055086136,0.026569442823529243
2717,5410,0,597,decrease,0.047551386058330536,0.02381250075995922
2717,5410,0,609,initiation,0.0,0.03820138797163963
2717,5410,0,1007,decrease,0.04305138811469078,0.020733334124088287
2717,5410,1,187,decrease,0.03885694593191147,0.019455555826425552
2717,5410,1,199,initiation,0.0,0.07704444229602814
2717,5410,1,229,decrease,0.07282499969005585,0.036556944251060486
2717,5410,1,329,decrease,0.0785277783870697,0.03935694321990013
2717,5410,1,341,increase,0.07384583353996277,0.09714861214160919
2717,5410,1,401,decrease,0.09450416266918182,0.04678472504019737
2717,5410,1,575,decrease,0.10141527652740479,0.050130557268857956
2717,5410,1,1009,decrease,0.09285417199134827,0.04621528089046478
2717,5410,1,1021,initiation,0.0,0.07264167070388794
2717,5410,1,1039,initiation,0.0,0.045584723353385925
2717,5410,1,1051,stop,0.05652360990643501,0.0
2997,1308,0,61,initiation,0.0,0.6944444179534912
2997,1308,0,73,decrease,0.5191277861595154,0.01022083405405283
2997,1308,0,105,decrease,0.20347777009010315,0.09916388988494873
2997,1308,0,124,initiation,0.0,0.03678472340106964
2997,1308,0,270,increase,0.07613889127969742,0.09515972435474396
2997,1308,0,790,decrease,0.0830611139535904,0.04035138711333275
2997,1308,1,59,initiation,0.0,0.5555555820465088
2997,1308,1,71,initiation,0.0,0.06274999678134918
2997,1308,1,232,decrease,0.10958749800920486,0.05425277724862099
2997,1308,1,249,decrease,0.09990555793046951,0.04284166917204857
2997,1308,1,261,initiation,0.0,0.09272222220897675
2997,1308,1,273,increase,0.05503471940755844,0.09690416604280472
2997,1308,1,336,decrease,0.09793610870838165,0.04769860953092575
2997,1308,1,349,increase,0.03778611123561859,0.08236250281333923
2997,1308,1,616,decrease,0.08656666427850723,0.04227361083030701
2997,1308,1,643,decrease,0.0776861160993576,0.03897500038146973
2997,1308,1,655,initiation,0.0,0.0573388896882534
2997,1308,1,789,decrease,0.06420417129993439,0.032030556350946426
3095,1480,0,14,initiation,0.0,0.6481805443763733
3095,1480,0,26,initiation,0.0,0.09411250054836273
3095,1480,0,260,decrease,0.07390555739402771,0.03612222149968147
3095,1480,0,290,increase,0.011987498961389065,0.030518054962158203
3095,1480,0,327,decrease,0.03304583206772804,0.016506943851709366
3095,1480,0,562,decrease,0.04948611557483673,0.024840278550982475
3095,1480,0,579,increase,0.01625833287835121,0.03468194603919983
3095,1480,0,612,decrease,0.0361500009894371,0.01727638952434063
3095,1480,1,14,initiation,0.0,0.25708749890327454
3095,1480,1,26,initiation,0.0,0.09103193879127502
3095,1480,1,38,stop,0.08907917141914368,0.0
3095,1480,1,53,initiation,0.0,0.03983055427670479
3095,1480,1,491,stop,0.04462222009897232,0.0
3095,1480,1,561,decrease,0.0630069375038147,0.031037500128149986
3095,1480,1,577,initiation,0.0,0.038640279322862625
3095,1480,1,649,decrease,0.04357638955116272,0.021404167637228966
3095,1480,1,687,decrease,0.061493054032325745,0.031029166653752327
3331,750,0,27,initiation,0.0,0.47251808643341064
3331,750,0,50,initiation,0.0,0.03642638772726059
3331,750,0,62,increase,0.060633331537246704,0.07743611186742783
3331,750,0,75,decrease,0.07610833644866943,0.03636527806520462
3331,750,0,133,increase,0.057769447565078735,0.07103194296360016
3331,750,0,158,initiation,0.0,0.03690555691719055
3331,750,0,210,decrease,0.03757638856768608,0.01790694333612919
3331,750,0,222,increase,0.021695833653211594,0.08086944371461868
3331,750,0,790,decrease,0.0596500001847744,0.028755556792020798
3331,750,0,812,increase,0.013900000602006912,0.03336527943611145
3331,750,0,865,decrease,0.036259725689888,0.017706943675875664
3331,750,0,884,increase,0.009961111471056938,0.02479444444179535
3331,750,0,918,decrease,0.027072221040725708,0.013201389461755753
3331,750,0,1862,decrease,0.02520972117781639,0.012922221794724464
3331,750,0,1874,increase,0.023083334788680077,0.050640277564525604
3331,750,0,2048,decrease,0.04303611069917679,0.020923610776662827
3331,750,1,20,initiation,0.0,0.4173263907432556
3331,750,1,61,initiation,0.0,0.04191666841506958
3331,750,1,75,decrease,0.050598613917827606,0.025261111557483673
3331,750,1,116,decrease,0.053966667503118515,0.0266875009983778
3331,750,1,128,initiation,0.0,0.04404444247484207
3331,750,1,218,initiation,0.0,0.04830833151936531
3331,750,1,230,initiation,0.0,0.07971388846635818
3331,750,1,245,decrease,0.08274722099304199,0.04036666452884674
3331,750,1,334,decrease,0.08443471789360046,0.041447222232818604
3331,750,1,357,initiation,0.0,0.03795138746500015
3331,750,1,385,decrease,0.04783333092927933,0.02406388893723488
3331,750,1,676,decrease,0.06031110882759094,0.029961111024022102
3331,750,1,790,decrease,0.05971388891339302,0.029838887974619865
3331,750,1,807,initiation,0.0,0.04148055613040924
3331,750,1,1690,decrease,0.04465555399656296,0.021961111575365067
3331,750,1,1702,initiation,0.0,0.06344999372959137
3331,750,1,1774,decrease,0.060333333909511566,0.029858332127332687
3331,750,1,1792,initiation,0.0,0.03865416720509529
3331,750,1,1859,decrease,0.04228333383798599,0.021044444292783737
3331,750,1,1884,increase,0.007822222076356411,0.02661944553256035
3343,926,0,13,initiation,0.0,0.6944444179534912
3343,926,0,25,stop,0.9451847076416016,0.0
3343,926,0,37,decrease,0.22512082755565643,0.10853611677885056
3343,926,0,73,initiation,0.0,0.04457222297787666
3343,926,0,85,decrease,0.051520831882953644,0.025572223588824272
3343,926,0,166,decrease,0.06443749368190765,0.03271250054240227
3343,926,0,251,decrease,0.07597500085830688,0.03994166851043701
3343,926,0,263,decrease,0.08606666326522827,0.03391527757048607
3343,926,0,293,decrease,0.07304860651493073,0.035652779042720795
3343,926,0,306,initiation,0.0,0.06534583121538162
3343,926,0,410,decrease,0.06901388615369797,0.03393194451928139
3343,926,0,422,initiation,0.0,0.06842638552188873
3343,926,0,551,decrease,0.0667458325624466,0.03319166600704193
3343,926,0,563,initiation,0.0,0.04656944423913956
3343,926,0,584,decrease,0.04801666736602783,0.024147221818566322
3343,926,0,606,decrease,0.02953333407640457,0.01341249980032444
3343,926,0,643,decrease,0.033311109989881516,0.016644444316625595
3343,926,0,766,decrease,0.05338611081242561,0.026501387357711792
3343,926,1,13,initiation,0.0,0.5555555820465088
3343,926,1,27,initiation,0.0,0.07909444719552994
3343,926,1,39,stop,0.12208610773086548,0.0
3343,926,1,58,initiation,0.0,0.04857361316680908
3343,926,1,174,decrease,0.05685555562376976,0.029245832934975624
3343,926,1,186,increase,0.013450000435113907,0.09460972249507904
3343,926,1,202,decrease,0.09139999747276306,0.04493749886751175
3343,926,1,220,initiation,0.0,0.059111110866069794
3343,926,1,247,decrease,0.06499028205871582,0.03230833262205124
3343,926,1,267,decrease,0.07704583555459976,0.037425000220537186
3343,926,1,281,initiation,0.0,0.042738888412714005
3343,926,1,293,decrease,0.05268333479762077,0.025652777403593063
3343,926,1,305,initiation,0.0,0.048520833253860474
3343,926,1,412,decrease,0.05677083134651184,0.02822916768491268
3343,926,1,424,increase,0.03040972352027893,0.08003194630146027
3343,926,1,551,decrease,0.07609444856643677,0.03788888826966286
3343,926,1,573,initiation,0.0,0.038570836186409
3343,926,1,585,stop,0.04046249762177467,0.0
3343,926,1,602,increase,0.01085277833044529,0.03113333135843277
3343,926,1,649,increase,0.017434723675251007,0.046836111694574356
3343,926,1,707,decrease,0.047511108219623566,0.023608332499861717
3343,926,1,766,decrease,0.047526389360427856,0.02291250042617321
3373,5600,0,23,initiation,0.0,0.04250972345471382
3373,5600,0,38,decrease,0.07381388545036316,0.029237501323223114
3373,5600,0,50,initiation,0.0,0.14358749985694885
3373,5600,0,62,increase,0.020511111244559288,0.1006055548787117
3373,5600,0,194,decrease,0.07549305260181427,0.036738887429237366
3373,5600,0,206,initiation,0.0,0.05690694600343704
3373,5600,0,219,decrease,0.05571388453245163,0.03780555725097656
3373,5600,0,503,increase,0.03912360966205597,0.05841527879238129
3373,5600,0,562,decrease,0.05932916700839996,0.028958333656191826
3373,5600,0,674,decrease,0.04995277523994446,0.03464027866721153
3373,5600,0,697,decrease,0.05616249889135361,0.02768472209572792
3373,5600,0,766,decrease,0.050894446671009064,0.025293055921792984
3373,5600,0,829,decrease,0.05127499997615814,0.02464444376528263
3373,5600,0,841,increase,0.019037500023841858,0.0420013889670372
3373,5600,0,1146,decrease,0.04545416682958603,0.03089027851819992
3373,5600,0,1413,decrease,0.04920416697859764,0.024016667157411575
3373,5600,0,1440,increase,0.008988888934254646,0.0229250006377697
3373,5600,0,1497,decrease,0.026563886553049088,0.01349305547773838
3373,5600,0,1853,decrease,0.037873610854148865,0.01904444396495819
3373,5600,0,1869,increase,0.012968054972589016,0.027597222477197647
3373,5600,0,1924,decrease,0.03438611328601837,0.01690138876438141
3373,5600,0,2756,decrease,0.03733055666089058,0.017556944862008095
3373,5600,1,14,stop,0.5555555820465088,0.0
3373,5600,1,26,increase,0.008295833133161068,0.07971249520778656
3373,5600,1,38,stop,0.0786583349108696,0.0
3373,5600,1,122,increase,0.01514861173927784,0.17043471336364746
3373,5600,1,134,initiation,0.0,0.06753750145435333
3373,5600,1,173,decrease,0.06393750011920929,0.031229168176651
3373,5600,1,197,initiation,0.0,0.04071805626153946
3373,5600,1,212,decrease,0.04000833258032799,0.019954165443778038
3373,5600,1,225,decrease,0.04783888906240463,0.0012430555652827024
3373,5600,1,238,increase,0.027986111119389534,0.07968471944332123
3373,5600,1,268,decrease,0.0783708319067955,0.03854166716337204
3373,5600,1,678,decrease,0.06723472476005554,0.03297916799783707
3373,5600,1,829,decrease,0.06467916816473007,0.03236805647611618
3373,5600,1,1107,increase,0.06442221999168396,0.09892499446868896
3373,5600,1,1124,decrease,0.07308333367109299,0.04587777704000473
3373,5600,1,1298,decrease,0.07537777721881866,0.03724861145019531
3373,5600,1,1349,decrease,0.06765277683734894,0.03360416740179062
3373,5600,1,1389,decrease,0.06324166059494019,0.03155277669429779
3373,5600,1,1401,initiation,0.0,0.05619722232222557
3373,5600,1,1414,decrease,0.056393057107925415,0.02772499993443489
3373,5600,1,1870,decrease,0.05434444546699524,0.02710416540503502
3373,5600,1,1895,decrease,0.049429163336753845,0.024448612704873085
3373,5600,1,2152,decrease,0.04784861207008362,0.02356666699051857
3373,5600,1,2164,initiation,0.0,0.03887361288070679
3373,5600,1,2369,decrease,0.040452778339385986,0.020004166290163994
3373,5600,1,2381,increase,0.014505555853247643,0.035115279257297516
3373,5600,1,2424,stop,0.03609444200992584,0.0
3373,5600,1,2759,stop,0.0365263894200325,0.0
3373,5600,1,2811,decrease,0.055025000125169754,0.027633333578705788
3501,3261,0,44,initiation,0.0,0.04228750243782997
3501,3261,0,86,decrease,0.09120555222034454,0.04408888891339302
3501,3261,0,99,initiation,0.0,0.05266805738210678
3501,3261,0,279,decrease,0.0479680560529232,0.0241277776658535
3501,3261,0,291,increase,0.0603874996304512,0.07324583828449249
3501,3261,0,566,decrease,0.06057083234190941,0.029991665855050087
3501,3261,1,33,initiation,0.0,0.5555555820465088
3501,3261,1,45,initiation,0.0,0.09300416707992554
3501,3261,1,86,decrease,0.07966665923595428,0.03883333131670952
3501,3261,1,286,increase,0.013576388359069824,0.03946666792035103
3501,3261,1,486,stop,0.035850003361701965,0.0
3501,3261,1,532,decrease,0.056555554270744324,0.027788888663053513
3501,3261,1,553,increase,0.012286110781133175,0.03125833347439766
3501,3261,1,603,stop,0.035434722900390625,0.0
3501,3261,1,672,decrease,0.0552416667342186,0.026919445022940636
3517,4529,0,97,initiation,0.0,0.6481847167015076
3517,4529,0,109,initiation,0.0,0.09484166651964188
3517,4529,0,127,decrease,0.10991944372653961,0.05301111191511154
3517,4529,0,139,initiation,0.0,0.07273055613040924
3517,4529,0,160,initiation,0.0,0.04125833511352539
3517,4529,0,172,stop,0.04193194583058357,0.0
3517,4529,0,295,decrease,0.04693194478750229,0.02313888818025589
3517,4529,0,384,decrease,0.06327499449253082,0.030529167503118515
3517,4529,0,492,decrease,0.051536109298467636,0.02500416710972786
3517,4529,0,504,initiation,0.0,0.03643472120165825
3517,4529,0,1061,decrease,0.039569444954395294,0.019140277057886124
3517,4529,1,95,initiation,0.0,0.5555555820465088
3517,4529,1,109,initiation,0.0,0.06927360594272614
3517,4529,1,127,decrease,0.08038750290870667,0.039868056774139404
3517,4529,1,178,initiation,0.0,0.036859720945358276
3517,4529,1,248,decrease,0.04254305362701416,0.02002222277224064
3517,4529,1,260,increase,0.04105694591999054,0.059691667556762695
3517,4529,1,295,decrease,0.057758331298828125,0.028733333572745323
3517,4529,1,385,decrease,0.06865277886390686,0.03394027799367905
3517,4529,1,415,increase,0.01063055545091629,0.03139583393931389
3517,4529,1,495,stop,0.036379165947437286,0.0
3517,4529,1,639,decrease,0.04575972259044647,0.02268611080944538
3517,4529,1,659,increase,0.010188888758420944,0.030540278181433678
3517,4529,1,700,decrease,0.033844444900751114,0.010247222147881985
3517,4529,1,761,decrease,0.046395834535360336,0.01754722185432911
3517,4529,1,1068,decrease,0.051301389932632446,0.02544444426894188
3579,2900,0,21,initiation,0.0,0.041087500751018524
3579,2900,0,41,decrease,0.11323611438274384,0.05518889054656029
3579,2900,0,53,initiation,0.0,0.06831943988800049
3579,2900,0,75,decrease,0.07444722205400467,0.036351390182971954
3579,2900,0,104,decrease,0.09679999947547913,0.0464041642844677
3579,2900,0,117,initiation,0.0,0.0529513880610466
3579,2900,0,146,decrease,0.061537496745586395,0.029876388609409332
3579,2900,0,206,decrease,0.08334305882453918,0.04098749905824661
3579,2900,0,218,initiation,0.0,0.06653055548667908
3579,2900,0,395,decrease,0.061529166996479034,0.030793054029345512
3579,2900,0,407,initiation,0.0,0.04485694319009781
3579,2900,0,425,decrease,0.046945832669734955,0.023524999618530273
3579,2900,0,442,increase,0.013829166069626808,0.032923609018325806
3579,2900,0,525,decrease,0.03703472018241882,0.01842361129820347
3579,2900,0,588,decrease,0.033626388758420944,0.016409721225500107
3579,2900,0,603,increase,0.01149444468319416,0.025487501174211502
3579,2900,0,833,decrease,0.03064444288611412,0.01500694453716278
3579,2900,1,18,initiation,0.0,0.048700001090765
3579,2900,1,33,decrease,0.09296249598264694,0.04409722238779068
3579,2900,1,47,initiation,0.0,0.06179444491863251
3579,2900,1,109,decrease,0.06428889185190201,0.03189583495259285
3579,2900,1,144,decrease,0.07266250252723694,0.03490833565592766
3579,2900,1,185,decrease,0.08003194630146027,0.03972083330154419
3579,2900,1,197,increase,0.026512501761317253,0.06932500004768372
3579,2900,1,284,decrease,0.0698472261428833,0.035055555403232574
3579,2900,1,302,initiation,0.0,0.043929167091846466
3579,2900,1,399,decrease,0.054237499833106995,0.026620833203196526
3579,2900,1,646,decrease,0.06273472309112549,0.025797221809625626
3579,2900,1,658,decrease,0.07255138456821442,0.033545833081007004
3579,2900,1,833,decrease,0.07823055237531662,0.038979168981313705
3621,4865,0,110,initiation,0.0,0.6944444179534912
3621,4865,0,122,initiation,0.0,0.08378472179174423
3621,4865,0,159,decrease,0.12860555946826935,0.06219722330570221
3621,4865,0,173,initiation,0.0,0.07235833257436752
3621,4865,0,216,decrease,0.0766819417476654,0.03652777522802353
3621,4865,0,334,decrease,0.08274860680103302,0.040308333933353424
3621,4865,0,346,initiation,0.0,0.064852774143219
3621,4865,0,389,decrease,0.06286250054836273,0.031801387667655945
3621,4865,0,555,decrease,0.07417222112417221,0.03601944446563721
3621,4865,0,567,initiation,0.0,0.0557124987244606
3621,4865,0,943,decrease,0.059227775782346725,0.030154166743159294
3621,4865,0,1115,decrease,0.07061527669429779,0.034905556589365005
3621,4865,0,1127,initiation,0.0,0.051523610949516296
3621,4865,0,1149,decrease,0.05280555039644241,0.027230557054281235
3621,4865,0,1410,decrease,0.06060139089822769,0.02933611162006855
3621,4865,0,1422,increase,0.07434999942779541,0.08804166316986084
3621,4865,0,1465,decrease,0.08479306101799011,0.04168333113193512
3621,4865,0,1489,decrease,0.11890972405672073,0.05740833282470703
3621,4865,0,1532,increase,0.011420832946896553,0.026779167354106903
3621,4865,0,1576,initiation,0.0,0.08161111176013947
3621,4865,0,1588,stop,1.1377944946289062,0.0
3621,4865,1,111,initiation,0.0,0.9413514137268066
3621,4865,1,123,initiation,0.0,0.1441972255706787
3621,4865,1,159,decrease,0.12160555273294449,0.05956389009952545
3621,4865,1,173,initiation,0.0,0.062481947243213654
3621,4865,1,320,decrease,0.07507916539907455,0.03726666793227196
3621,4865,1,388,decrease,0.09758055210113525,0.0494583323597908
3621,4865,1,548,decrease,0.11759306490421295,0.058590278029441833
3621,4865,1,566,initiation,0.0,0.04492500051856041
3621,4865,1,731,decrease,0.0956694483757019,0.047697219997644424
3621,4865,1,743,initiation,0.0,0.07448472082614899
3621,4865,1,1559,decrease,0.07789305597543716,0.03861111029982567
3621,4865,1,1620,decrease,0.1083083301782608,0.05371388792991638
3621,4865,1,1640,initiation,0.0,0.04244166612625122
3621,4865,1,1691,decrease,0.059538889676332474,0.03003055602312088
3737,3967,0,12,initiation,0.0,0.3674069344997406
3737,3967,0,24,initiation,0.0,0.1487722247838974
3737,3967,0,37,decrease,0.14246110618114471,0.06950555741786957
3737,3967,0,57,initiation,0.0,0.059263888746500015
3737,3967,0,87,decrease,0.06463055312633514,0.03156527504324913
3737,3967,0,99,initiation,0.0,0.05109860748052597
3737,3967,0,255,decrease,0.045540280640125275,0.02135833352804184
3737,3967,0,267,increase,0.05734166502952576,0.07307222485542297
3737,3967,0,279,stop,0.07248194515705109,0.0
3737,3967,0,294,initiation,0.0,0.03742222487926483
3737,3967,0,354,decrease,0.04196527600288391,0.02754860930144787
3737,3967,0,379,decrease,0.05553888529539108,0.027227777987718582
3737,3967,0,391,increase,0.02183888852596283,0.045831941068172455
3737,3967,0,490,decrease,0.04557500034570694,0.02375277690589428
3737,3967,0,606,decrease,0.05209166556596756,0.025098610669374466
3737,3967,0,681,decrease,0.06273333728313446,0.03104444406926632
3737,3967,0,708,decrease,0.05381388962268829,0.04057777673006058
3737,3967,0,815,decrease,0.056297220289707184,0.029245832934975624
3737,3967,0,827,initiation,0.0,0.04454027861356735
3737,3967,0,1111,decrease,0.047111108899116516,0.02313472144305706
3737,3967,0,1443,decrease,0.054944444447755814,0.0269986093044281
3737,3967,0,1455,initiation,0.0,0.0408458337187767
3737,3967,0,1633,decrease,0.04823610931634903,0.024558331817388535
3737,3967,0,1675,decrease,0.04309305548667908,0.02129722200334072
3737,3967,1,20,initiation,0.0,0.08145416527986526
3737,3967,1,43,decrease,0.09711389243602753,0.04734861105680466
3737,3967,1,64,initiation,0.0,0.04211944341659546
3737,3967,1,88,decrease,0.04899860918521881,0.02434583194553852
3737,3967,1,100,initiation,0.0,0.0386597216129303
3737,3967,1,157,decrease,0.04117777943611145,0.020354166626930237
3737,3967,1,174,increase,0.010779166594147682,0.030958332121372223
3737,3967,1,251,increase,0.033036112785339355,0.07072083652019501
3737,3967,1,263,initiation,0.0,0.07515555620193481
3737,3967,1,355,decrease,0.0677916631102562,0.03360277786850929
3737,3967,1,375,decrease,0.07789860665798187,0.0389736108481884
3737,3967,1,387,increase,0.028663890436291695,0.06616388261318207
3737,3967,1,488,decrease,0.06702916324138641,0.03340694308280945
3737,3967,1,509,initiation,0.0,0.04177083075046539
3737,3967,1,551,decrease,0.04833611100912094,0.02277500182390213
3737,3967,1,586,increase,0.058681946247816086,0.1332458257675171
3737,3967,1,598,initiation,0.0,0.09027083963155746
3737,3967,1,639,decrease,0.08660416305065155,0.042859721928834915
3737,3967,1,671,decrease,0.10482916235923767,0.050825003534555435
3737,3967,1,881,decrease,0.10040415823459625,0.05609583109617233
3737,3967,1,1008,decrease,0.1101958304643631,0.05443333461880684
3737,3967,1,1020,initiation,0.0,0.08651389181613922
3737,3967,1,1032,stop,0.08691805601119995,0.0
3737,3967,1,1048,initiation,0.0,0.041176389902830124
3737,3967,1,1214,decrease,0.06603889167308807,0.03239722177386284
3737,3967,1,1443,increase,0.06562083214521408,0.0907013863325119
3737,3967,1,1455,increase,0.0210347231477499,0.07685139030218124
3737,3967,1,1528,decrease,0.07564583420753479,0.0367249995470047
3737,3967,1,1614,decrease,0.08339028060436249,0.041329167783260345
3737,3967,1,1634,initiation,0.0,0.04003055766224861
3737,3967,1,1646,initiation,0.0,0.06441110372543335
3737,3967,1,1677,decrease,0.06526388972997665,0.032593052834272385
3805,758,0,307,initiation,0.0,0.5253347158432007
3805,758,0,324,initiation,0.0,0.035834722220897675
3805,758,0,801,decrease,0.05738889425992966,0.02882361225783825
3805,758,0,1039,decrease,0.06532222032546997,0.031856946647167206
3805,758,0,1119,decrease,0.06475972384214401,0.034575000405311584
3805,758,0,1255,decrease,0.07455555349588394,0.03585972264409065
3805,758,0,1268,initiation,0.0,0.037829168140888214
3805,758,0,1323,decrease,0.04866805672645569,0.02391805686056614
3805,758,0,1369,decrease,0.06189027428627014,0.030662499368190765
3805,758,0,1533,decrease,0.05004861205816269,0.025287501513957977
3805,758,0,1576,decrease,0.07526667416095734,0.028966667130589485
3805,758,0,1677,decrease,0.09356388449668884,0.046049997210502625
3805,758,0,1698,initiation,0.0,0.03573194146156311
3805,758,0,1739,decrease,0.04160555452108383,0.020884722471237183
3805,758,1,21,initiation,0.0,0.2513958513736725
3805,758,1,57,initiation,0.0,0.03625694662332535
3805,758,1,99,stop,0.036052778363227844,0.0
3805,758,1,234,decrease,0.026329167187213898,0.007201388943940401
3805,758,1,254,decrease,0.03747499734163284,0.018537500873208046
3805,758,1,266,increase,0.021170834079384804,0.059219442307949066
3805,758,1,284,decrease,0.05705694854259491,0.028345834463834763
3805,758,1,296,initiation,0.0,0.10104721784591675
3805,758,1,308,initiation,0.0,0.10462778061628342
3805,758,1,335,initiation,0.0,0.03905833512544632
3805,758,1,463,stop,0.03571944683790207,0.0
3805,758,1,785,increase,0.004206944722682238,0.030009722337126732
3805,758,1,807,initiation,0.0,0.037272222340106964
3805,758,1,819,stop,0.08323611319065094,0.0
3805,758,1,831,initiation,0.0,0.054625000804662704
3805,758,1,1119,decrease,0.05320972204208374,0.026436110958456993
3805,758,1,1255,decrease,0.06229444593191147,0.030856942757964134
3805,758,1,1267,initiation,0.0,0.04997500032186508
3805,758,1,1431,decrease,0.052861109375953674,0.026493055745959282
3805,758,1,1577,decrease,0.04745138809084892,0.020836111158132553
3805,758,1,1591,initiation,0.0,0.038955554366111755
3805,758,1,1679,decrease,0.0435180589556694,0.021916666999459267
3805,758,1,1823,initiation,0.0,0.5555555820465088
3851,877,0,12,initiation,0.0,0.66688472032547
3851,877,0,24,initiation,0.0,0.12518471479415894
3851,877,0,129,decrease,0.10077361017465591,0.05041666701436043
3851,877,0,142,initiation,0.0,0.06006111204624176
3851,877,0,163,decrease,0.06464305520057678,0.03193194419145584
3851,877,0,176,decrease,0.09041944146156311,0.04355555772781372
3851,877,0,188,initiation,0.0,0.05569722503423691
3851,877,0,216,decrease,0.06113472580909729,0.030406944453716278
3851,877,0,234,decrease,0.0731624960899353,0.0384819433093071
3851,877,0,246,stop,0.08611249923706055,0.0
3851,877,0,258,stop,0.07078194618225098,0.0
3851,877,0,270,decrease,0.060313887894153595,0.03939444199204445
3851,877,0,282,stop,0.07272499799728394,0.0
3851,877,0,294,initiation,0.0,0.07205416262149811
3851,877,0,343,decrease,0.07935694605112076,0.03901805728673935
3851,877,0,355,increase,0.025204164907336235,0.0658833310008049
3851,877,0,368,initiation,0.0,0.048872221261262894
3851,877,0,627,decrease,0.05604860931634903,0.027980554848909378
3851,877,0,639,initiation,0.0,0.044111110270023346
3851,877,0,688,decrease,0.04513055458664894,0.023412499576807022
3851,877,0,933,decrease,0.05508333444595337,0.027800001204013824
3851,877,1,12,stop,0.4861111044883728,0.0
3851,877,1,130,decrease,0.08117638528347015,0.04015833139419556
3851,877,1,142,initiation,0.0,0.05183055251836777
3851,877,1,210,decrease,0.05927639082074165,0.029373612254858017
3851,877,1,238,decrease,0.08580972254276276,0.029581943526864052
3851,877,1,257,decrease,0.10840138792991638,0.05318889021873474
3851,877,1,270,increase,0.08952222764492035,0.10815833508968353
3851,877,1,282,decrease,0.10374027490615845,0.0521041676402092
3851,877,1,328,decrease,0.12224722653627396,0.06081944704055786
3851,877,1,340,initiation,0.0,0.09174305200576782
3851,877,1,484,decrease,0.09900972247123718,0.04943055659532547
3851,877,1,496,increase,0.030556943267583847,0.08534861356019974
3851,877,1,514,decrease,0.09939444065093994,0.049695830792188644
3851,877,1,954,decrease,0.08481249958276749,0.04144583269953728
3990,3852,0,30,initiation,0.0,0.5076430439949036
3990,3852,0,42,initiation,0.0,0.10343611240386963
3990,3852,0,83,decrease,0.09492917358875275,0.046594444662332535
3990,3852,0,96,initiation,0.0,0.053494445979595184
3990,3852,0,516,decrease,0.046302780508995056,0.02214166708290577
3990,3852,0,533,increase,0.012327778153121471,0.033213887363672256
3990,3852,0,584,decrease,0.034699998795986176,0.017318055033683777
3990,3852,1,30,initiation,0.0,0.2800264060497284
3990,3852,1,44,initiation,0.0,0.06797083467245102
3990,3852,1,83,decrease,0.06287500262260437,0.031012501567602158
3990,3852,1,195,increase,0.013724999502301216,0.3629763722419739
3990,3852,1,208,initiation,0.0,0.06935694068670273
3990,3852,1,585,decrease,0.06604860723018646,0.032451387494802475
4133,2361,0,47,initiation,0.0,0.26102638244628906
4133,2361,0,59,initiation,0.0,0.09195832908153534
4133,2361,0,87,decrease,0.08680139482021332,0.041823610663414
4133,2361,0,99,decrease,0.09693333506584167,0.05137638747692108
4133,2361,0,176,decrease,0.06904444098472595,0.032883334904909134
4133,2361,0,188,initiation,0.0,0.05453193932771683
4133,2361,0,246,decrease,0.05270972102880478,0.02566666528582573
4133,2361,0,802,decrease,0.05238333344459534,0.025987500324845314
4133,2361,0,1206,decrease,0.05024305358529091,0.024579167366027832
4133,2361,0,1218,stop,0.045969441533088684,0.0
4133,2361,1,45,initiation,0.0,0.405537486076355
4133,2361,1,57,initiation,0.0,0.09521250426769257
4133,2361,1,87,decrease,0.08080694079399109,0.03872361034154892
4133,2361,1,197,increase,0.03573472052812576,0.06454721838235855
4133,2361,1,209,initiation,0.0,0.08434027433395386
4133,2361,1,279,decrease,0.07346805930137634,0.020777778699994087
4133,2361,1,291,stop,0.09745694696903229,0.0
4133,2361,1,358,decrease,0.10957638919353485,0.053066667169332504
4133,2361,1,370,stop,0.15057916939258575,0.0
4133,2361,1,529,decrease,0.11704999953508377,0.05848750099539757
4133,2361,1,733,decrease,0.1163402795791626,0.05782777816057205
4133,2361,1,745,initiation,0.0,0.09127083420753479
4133,2361,1,989,decrease,0.09743472188711166,0.048573609441518784
4133,2361,1,1050,decrease,0.08805416524410248,0.04368055611848831
4133,2361,1,1069,initiation,0.0,0.042436111718416214
4133,2361,1,1214,decrease,0.05402500182390213,0.026858331635594368
4181,3768,0,24,initiation,0.0,0.2397708296775818
4181,3768,0,36,initiation,0.0,0.09130972623825073
4181,3768,0,48,increase,0.052222222089767456,0.09989722073078156
4181,3768,0,62,initiation,0.0,0.058436110615730286
4181,3768,0,256,decrease,0.0509013906121254,0.02480277791619301
4181,3768,0,481,decrease,0.05528194457292557,0.026643056422472
4181,3768,0,636,decrease,0.047288887202739716,0.023641666397452354
4181,3768,0,709,decrease,0.05327777564525604,0.02634861133992672
4181,3768,1,21,initiation,0.0,0.5432305932044983
4181,3768,1,33,initiation,0.0,0.07058333605527878
4181,3768,1,50,decrease,0.09609721601009369,0.046409722417593
4181,3768,1,213,increase,0.03508472070097923,0.3385305404663086
4181,3768,1,225,initiation,0.0,0.11627916991710663
4181,3768,1,238,increase,0.11251250654459,0.13135555386543274
4181,3768,1,711,decrease,0.11960555613040924,0.059388887137174606
4227,4821,0,13,initiation,0.0,0.04980694502592087
4227,4821,0,25,stop,0.05487639084458351,0.0
4227,4821,0,761,decrease,0.04847778007388115,0.023551389575004578
4227,4821,0,781,increase,0.014305556192994118,0.034031942486763
4227,4821,0,793,decrease,0.034611113369464874,0.01752639003098011
4227,4821,0,809,decrease,0.04958472400903702,0.023924998939037323
4227,4821,1,12,initiation,0.0,0.06335139274597168
4227,4821,1,24,stop,0.10144445300102234,0.0
4227,4821,1,40,initiation,0.0,0.03656666725873947
4227,4821,1,52,decrease,0.15431110560894012,0.08261249959468842
4227,4821,1,77,decrease,0.10844860970973969,0.05295833572745323
4227,4821,1,147,stop,0.035391665995121,0.0
4227,4821,1,203,decrease,0.06892360746860504,0.03455138951539993
4227,4821,1,241,increase,0.010370833799242973,0.029244445264339447
4227,4821,1,772,decrease,0.03814166784286499,0.019290277734398842
4227,4821,1,784,increase,0.04840555787086487,0.07174444198608398
4227,4821,1,810,decrease,0.0734916627407074,0.035754166543483734
4227,4821,1,822,increase,0.02392638847231865,0.056401390582323074
4227,4821,1,890,decrease,0.0578249990940094,0.028340278193354607
4541,4686,0,70,initiation,0.0,0.6944444179534912
4541,4686,0,82,initiation,0.0,0.10203471779823303
4541,4686,0,94,increase,0.11551666259765625,0.1404152810573578
4541,4686,0,129,decrease,0.13065138459205627,0.06281249970197678
4541,4686,0,155,initiation,0.0,0.04099583253264427
4541,4686,0,284,decrease,0.045512501150369644,0.021481944248080254
4541,4686,0,309,decrease,0.05918194353580475,0.029123611748218536
4541,4686,0,321,increase,0.02057499997317791,0.0483861118555069
4541,4686,0,350,decrease,0.04853889346122742,0.023908333852887154
4541,4686,0,445,decrease,0.05412499979138374,0.02603749930858612
4541,4686,0,457,initiation,0.0,0.039194442331790924
4541,4686,0,727,decrease,0.04146944358944893,0.02043333277106285
4541,4686,0,741,increase,0.015150000341236591,0.03229860961437225
4541,4686,0,846,decrease,0.03438611328601837,0.016870833933353424
4541,4686,1,69,initiation,0.0,0.5526930689811707
4541,4686,1,81,initiation,0.0,0.104794442653656
4541,4686,1,129,decrease,0.08314166963100433,0.04072500020265579
4541,4686,1,290,initiation,0.0,0.05728472024202347
4541,4686,1,309,decrease,0.0793277770280838,0.0383930541574955
4541,4686,1,321,increase,0.02574305608868599,0.06029027700424194
4541,4686,1,385,decrease,0.058226391673088074,0.02907361276447773
4541,4686,1,397,initiation,0.0,0.04250277578830719
4541,4686,1,409,decrease,0.042770832777023315,0.02143055573105812
4541,4686,1,423,increase,0.012181944213807583,0.03390555456280708
4541,4686,1,858,decrease,0.037954166531562805,0.01870555616915226
4757,3985,0,120,initiation,0.0,0.6944444179534912
4757,3985,0,134,initiation,0.0,0.11646249890327454
4757,3985,0,146,initiation,0.0,0.05436805635690689
4757,3985,0,340,decrease,0.09520000219345093,0.046706948429346085
4757,3985,0,383,increase,0.009697222150862217,0.02311388961970806
4757,3985,0,397,initiation,0.0,0.036863889545202255
4757,3985,0,464,decrease,0.040941670536994934,0.018272222951054573
4757,3985,0,769,decrease,0.052372224628925323,0.025619443506002426
4757,3985,0,1109,decrease,0.0459180548787117,0.023151390254497528
4757,3985,0,1262,decrease,0.053962498903274536,0.02613055519759655
4757,3985,0,1274,initiation,0.0,0.04255833476781845
4757,3985,0,1844,decrease,0.046933334320783615,0.02345000021159649
4757,3985,0,2253,decrease,0.0449611097574234,0.022111110389232635
4757,3985,1,114,initiation,0.0,0.5555555820465088
4757,3985,1,130,initiation,0.0,0.07304027676582336
4757,3985,1,175,decrease,0.07347221672534943,0.03617639094591141
4757,3985,1,215,increase,0.006601388566195965,0.02666805498301983
4757,3985,1,368,initiation,0.0,0.04755277931690216
4757,3985,1,390,decrease,0.05481944605708122,0.0273333340883255
4757,3985,1,432,decrease,0.058806948363780975,0.029369443655014038
4757,3985,1,464,decrease,0.05173472315073013,0.019700000062584877
4757,3985,1,476,increase,0.008080555126070976,0.06953750550746918
4757,3985,1,864,decrease,0.06279861181974411,0.030873611569404602
4757,3985,1,883,initiation,0.0,0.04277361184358597
4757,3985,1,1110,decrease,0.050276391208171844,0.024945834651589394
4757,3985,1,1761,decrease,0.05844583362340927,0.02890000119805336
4757,3985,1,1786,initiation,0.0,0.049368053674697876
4757,3985,1,2262,decrease,0.05790833383798599,0.028729166835546494
4757,3985,1,2295,increase,0.008218055590987206,0.028094444423913956
4803,391,0,29,initiation,0.0,0.6944444179534912
4803,391,0,41,initiation,0.0,0.10085277259349823
4803,391,0,76,decrease,0.10690972208976746,0.05179166793823242
4803,391,0,101,initiation,0.0,0.03576666861772537
4803,391,0,113,stop,0.04098333418369293,0.0
4803,391,0,125,increase,0.054726388305425644,0.07118472456932068
4803,391,0,230,decrease,0.06126111000776291,0.029831944033503532
4803,391,0,441,decrease,0.028606943786144257,0.014315278269350529
4803,391,0,453,increase,0.0024791667237877846,0.047265276312828064
4803,391,0,468,increase,0.022187501192092896,0.057208336889743805
4803,391,0,517,decrease,0.06238333508372307,0.029058335348963737
4803,391,0,702,decrease,0.06252499669790268,0.030726388096809387
4803,391,0,714,initiation,0.0,0.049145832657814026
4803,391,0,818,decrease,0.04975416511297226,0.02646944485604763
4803,391,0,844,decrease,0.06297916918992996,0.03079722262918949
4803,391,0,856,initiation,0.0,0.050599999725818634
4803,391,0,971,decrease,0.049368057399988174,0.024727778509259224
4803,391,1,27,initiation,0.0,0.5555555820465088
4803,391,1,39,initiation,0.0,0.07474444806575775
4803,391,1,76,decrease,0.09450972080230713,0.046299997717142105
4803,391,1,104,initiation,0.0,0.0371013879776001
4803,391,1,230,decrease,0.042331941425800323,0.021151389926671982
4803,391,1,247,increase,0.012523611076176167,0.03179166465997696
4803,391,1,458,stop,0.05015000328421593,0.0
4803,391,1,470,stop,0.058969445526599884,0.0
4803,391,1,482,increase,0.023026390001177788,0.09554444253444672
4803,391,1,497,decrease,0.0941472202539444,0.0457611121237278
4803,391,1,509,initiation,0.0,0.10087499767541885
4803,391,1,695,decrease,0.09403194487094879,0.04703750088810921
4803,391,1,707,increase,0.0405527763068676,0.0825277715921402
4803,391,1,725,decrease,0.08400694280862808,0.04124722257256508
4803,391,1,768,decrease,0.0849333330988884,0.0446263886988163
4803,391,1,818,decrease,0.09460416436195374,0.06139860674738884
4803,391,1,846,decrease,0.10417221486568451,0.05147916451096535
4803,391,1,876,decrease,0.0925263911485672,0.0460069440305233
4803,391,1,888,initiation,0.0,0.07125555723905563
4803,391,1,970,decrease,0.0756097212433815,0.037638887763023376
4803,391,1,982,initiation,0.0,0.06333333253860474
4803,391,1,999,initiation,0.0,0.03595000132918358
4803,391,1,1074,decrease,0.04943889006972313,0.024695834144949913
4868,5961,0,18,initiation,0.0,0.6944444179534912
4868,5961,0,30,initiation,0.0,0.5972291827201843
4868,5961,0,42,initiation,0.0,0.25153613090515137
4868,5961,0,54,decrease,0.24853751063346863,0.12082917243242264
4868,5961,0,77,initiation,0.0,0.0371277779340744
4868,5961,0,89,decrease,0.0966888964176178,0.0050583332777023315
4868,5961,0,391,decrease,0.09269722551107407,0.0459652803838253
4868,5961,0,412,decrease,0.09205694496631622,0.04730972275137901
4868,5961,0,426,decrease,0.120419442653656,0.10729166865348816
4868,5961,0,444,decrease,0.14403334259986877,0.06883194297552109
4868,5961,0,456,initiation,0.0,0.1128736063838005
4868,5961,0,493,decrease,0.10989722609519958,0.05487360805273056
4868,5961,0,505,initiation,0.0,0.0845777839422226
4868,5961,0,539,decrease,0.08551111072301865,0.041519444435834885
4868,5961,0,551,initiation,0.0,0.055093057453632355
4868,5961,0,611,decrease,0.0638180524110794,0.03197222203016281
4868,5961,1,14,initiation,0.0,0.5555555820465088
4868,5961,1,26,initiation,0.0,0.16618472337722778
4868,5961,1,38,increase,0.07953611016273499,0.16979584097862244
4868,5961,1,54,decrease,0.1614944487810135,0.07749860733747482
4868,5961,1,70,initiation,0.0,0.06392500549554825
4868,5961,1,88,decrease,0.07361528277397156,0.03656250238418579
4868,5961,1,125,decrease,0.10877777636051178,0.05352083221077919
4868,5961,1,137,increase,0.03724583238363266,0.0879458338022232
4868,5961,1,344,decrease,0.09091527760028839,0.048561111092567444
4868,5961,1,493,decrease,0.10363194346427917,0.050816670060157776
4868,5961,1,505,increase,0.0336083322763443,0.08400833606719971
4868,5961,1,517,decrease,0.08568055927753448,0.042669445276260376
4868,5961,1,529,initiation,0.0,0.06887361407279968
4868,5961,1,579,decrease,0.07506667077541351,0.037437498569488525
4868,5961,1,591,initiation,0.0,0.05738472193479538
4868,5961,1,611,decrease,0.05950555577874184,0.02936388924717903
4868,5961,1,624,initiation,0.0,0.0356319434940815
4868,5961,1,642,decrease,0.045343056321144104,0.02250000089406967
4899,2308,0,17,initiation,0.0,0.6944444179534912
4899,2308,0,29,initiation,0.0,0.09781944006681442
4899,2308,0,55,decrease,0.13823750615119934,0.06839583069086075
4899,2308,0,241,decrease,0.11007361114025116,0.054116666316986084
4899,2308,0,254,initiation,0.0,0.06591805815696716
4899,2308,0,616,decrease,0.0733347237110138,0.036387499421834946
4899,2308,0,628,initiation,0.0,0.0561097227036953
4899,2308,0,652,decrease,0.05589166656136513,0.02677638828754425
4899,2308,0,665,initiation,0.0,0.0358569473028183
4899,2308,0,1001,decrease,0.048112500458955765,0.024018054828047752
4899,2308,0,1013,initiation,0.0,0.03764444589614868
4899,2308,0,1264,decrease,0.04070138931274414,0.02025138959288597
4899,2308,0,1395,decrease,0.04951527714729309,0.02452777698636055
4899,2308,0,1415,increase,0.013408333994448185,0.030412498861551285
4899,2308,0,1546,decrease,0.034227777272462845,0.01708611100912094
4899,2308,1,15,initiation,0.0,0.5555555820465088
4899,2308,1,32,initiation,0.0,0.06414861232042313
4899,2308,1,55,decrease,0.07554305344820023,0.037506941705942154
4899,2308,1,69,stop,0.039605557918548584,0.0
4899,2308,1,226,decrease,0.10050000250339508,0.04933749884366989
4899,2308,1,243,initiation,0.0,0.05932221934199333
4899,2308,1,268,decrease,0.07073888927698135,0.03547222167253494
4899,2308,1,358,decrease,0.08259028196334839,0.03694305568933487
4899,2308,1,845,decrease,0.09029999375343323,0.04503889009356499
4899,2308,1,857,increase,0.031437501311302185,0.07964028418064117
4899,2308,1,885,decrease,0.08084027469158173,0.04018888995051384
4899,2308,1,897,initiation,0.0,0.07121667265892029
4899,2308,1,978,decrease,0.07335833460092545,0.036793053150177
4899,2308,1,1446,decrease,0.08198332786560059,0.04062221944332123
4899,2308,1,1460,initiation,0.0,0.04907499998807907
4899,2308,1,1548,decrease,0.06454166769981384,0.0320972241461277
4899,2308,1,1560,initiation,0.0,0.053987499326467514
4899,2308,1,1671,decrease,0.057011112570762634,0.02800416760146618
4913,750,0,30,initiation,0.0,0.6944444179534912
4913,750,0,42,initiation,0.0,0.0494791679084301
4913,750,0,54,stop,0.13133332133293152,0.0
4913,750,0,76,initiation,0.0,0.04757639020681381
4913,750,0,93,decrease,0.055755555629730225,0.028015276417136192
4913,750,0,382,decrease,0.06327222287654877,0.03099583275616169
4913,750,0,394,initiation,0.0,0.04813472181558609
4913,750,0,881,decrease,0.04959999769926071,0.023398611694574356
4913,750,1,41,initiation,0.0,0.04679305478930473
4913,750,1,54,decrease,0.05569305270910263,0.026702778413891792
4913,750,1,66,initiation,0.0,0.04318888857960701
4913,750,1,92,increase,0.041240278631448746,0.2028527855873108
4913,750,1,104,initiation,0.0,0.06945972144603729
4913,750,1,354,decrease,0.06286527216434479,0.03214305639266968
4913,750,1,366,increase,0.04247777909040451,0.08235416561365128
4913,750,1,383,decrease,0.0817958265542984,0.040020834654569626
4913,750,1,408,initiation,0.0,0.04148472100496292
4913,750,1,433,decrease,0.04367777705192566,0.022009722888469696
4913,750,1,445,initiation,0.0,0.0640111118555069
4913,750,1,755,decrease,0.06271389126777649,0.031086111441254616
4913,750,1,881,decrease,0.07866527885198593,0.0391513891518116
4913,750,1,944,increase,0.025809722021222115,0.06223472207784653
4991,1943,0,16,initiation,0.0,0.6944444179534912
4991,1943,0,28,initiation,0.0,0.12050556391477585
4991,1943,0,193,decrease,0.08457499742507935,0.04110833257436752
4991,1943,0,205,initiation,0.0,0.06660416722297668
4991,1943,0,499,decrease,0.062236107885837555,0.04065416753292084
4991,1943,0,827,decrease,0.06338749825954437,0.0474347248673439
4991,1943,0,1110,decrease,0.057834722101688385,0.029373612254858017
4991,1943,0,1296,decrease,0.06345833092927933,0.031526386737823486
4991,1943,1,15,initiation,0.0,0.5555555820465088
4991,1943,1,28,initiation,0.0,0.06447777897119522
4991,1943,1,45,increase,0.08055832982063293,0.5921624898910522
4991,1943,1,73,initiation,0.0,0.06204444542527199
4991,1943,1,94,decrease,0.07832221686840057,0.038959722965955734
4991,1943,1,110,initiation,0.0,0.038644444197416306
4991,1943,1,314,decrease,0.05439722537994385,0.02738194540143013
4991,1943,1,336,increase,0.012645832262933254,0.03276389092206955
4991,1943,1,394,stop,0.036719441413879395,0.0
4991,1943,1,406,increase,0.04950833320617676,0.0723208338022232
4991,1943,1,499,decrease,0.06560972332954407,0.04407361149787903
4991,1943,1,567,decrease,0.07145000249147415,0.035713888704776764
4991,1943,1,1028,decrease,0.06504027545452118,0.03293055295944214
4991,1943,1,1076,decrease,0.07643194496631622,0.038491666316986084
4991,1943,1,1092,initiation,0.0,0.06366666406393051
4991,1943,1,1232,increase,0.061476387083530426,0.08257639408111572
4991,1943,1,1269,decrease,0.08116111159324646,0.04036249965429306
4991,1943,1,1285,decrease,0.07279722392559052,0.035911113023757935
4991,1943,1,1298,initiation,0.0,0.04032638669013977
4991,1943,1,1317,decrease,0.05068610981106758,0.025377776473760605
4995,5377,0,13,initiation,0.0,0.22659999132156372
4995,5377,0,25,initiation,0.0,0.09135416150093079
4995,5377,0,45,decrease,0.08568472415208817,0.04240277782082558
4995,5377,0,64,initiation,0.0,0.04013611376285553
4995,5377,0,87,decrease,0.04433194547891617,0.02140277810394764
4995,5377,0,310,decrease,0.042488887906074524,0.020351389423012733
4995,5377,0,322,increase,0.015104166232049465,0.03514721989631653
4995,5377,0,334,decrease,0.035104166716337204,0.016341665759682655
4995,5377,0,395,decrease,0.041866667568683624,0.0049652778543531895
4995,5377,0,1999,decrease,0.03927917033433914,0.019591666758060455
4995,5377,0,2014,stop,0.05883472412824631,0.0
4995,5377,1,12,stop,0.3424319326877594,0.0
4995,5377,1,46,decrease,0.07001805305480957,0.034159719944000244
4995,5377,1,58,increase,0.026148609817028046,0.0585833340883255
4995,5377,1,87,decrease,0.05772361159324646,0.028911111876368523
4995,5377,1,185,decrease,0.0711805522441864,0.03455277904868126
4995,5377,1,197,increase,0.026561111211776733,0.060087502002716064
4995,5377,1,232,decrease,0.06171388924121857,0.030372222885489464
4995,5377,1,277,decrease,0.07109444588422775,0.034934721887111664
4995,5377,1,297,initiation,0.0,0.041729167103767395
4995,5377,1,345,decrease,0.04535972326993942,0.022756945341825485
4995,5377,1,481,decrease,0.054383330047130585,0.027588889002799988
4995,5377,1,557,decrease,0.06231944262981415,0.03152500092983246
4995,5377,1,755,decrease,0.06687916815280914,0.0333000011742115
4995,5377,1,897,decrease,0.07755694538354874,0.038104165345430374
4995,5377,1,909,increase,0.028772221878170967,0.06725555658340454
4995,5377,1,1999,decrease,0.06882638484239578,0.034691669046878815
4995,5377,1,2011,initiation,0.0,0.0712694376707077
4995,5377,1,2023,increase,0.01285138912498951,0.03455694392323494
4999,4944,0,41,initiation,0.0,0.6944444179534912
4999,4944,0,53,initiation,0.0,0.10231388360261917
4999,4944,0,161,decrease,0.09736806154251099,0.04766527935862541
4999,4944,0,173,initiation,0.0,0.07687916606664658
4999,4944,0,233,decrease,0.07314583659172058,0.03577083349227905
4999,4944,0,245,initiation,0.0,0.05624305456876755
4999,4944,0,262,initiation,0.0,0.03607499971985817
4999,4944,0,501,increase,0.05298888683319092,0.08546805381774902
4999,4944,0,513,increase,0.03100416623055935,0.06249166652560234
4999,4944,0,735,decrease,0.05516250059008598,0.027651390060782433
4999,4944,0,747,initiation,0.0,0.06464166939258575
4999,4944,0,1561,decrease,0.05580555647611618,0.02740694396197796
4999,4944,0,1805,decrease,0.05497916787862778,0.02724444307386875
4999,4944,0,1817,increase,0.020379167050123215,0.04555138945579529
4999,4944,0,1856,decrease,0.04635694622993469,0.024209721013903618
4999,4944,0,1868,stop,0.05671805888414383,0.0
4999,4944,0,2374,decrease,0.047849997878074646,0.02306527830660343
4999,4944,1,36,initiation,0.0,0.5426250100135803
4999,4944,1,51,initiation,0.0,0.07154305279254913
4999,4944,1,127,decrease,0.07037083804607391,0.034712500870227814
4999,4944,1,142,initiation,0.0,0.03920694440603256
4999,4944,1,179,decrease,0.04872499778866768,0.02436250075697899
4999,4944,1,191,initiation,0.0,0.03864999860525131
4999,4944,1,235,decrease,0.040598608553409576,0.021070832386612892
4999,4944,1,254,decrease,0.05154722183942795,0.02573472075164318
4999,4944,1,311,decrease,0.05999583378434181,0.029565278440713882
4999,4944,1,323,increase,0.025784723460674286,0.08042360842227936
4999,4944,1,335,increase,0.04703611135482788,0.08915833383798599
4999,4944,1,517,decrease,0.08420555293560028,0.04216250032186508
4999,4944,1,1051,decrease,0.10066944360733032,0.049884721636772156
4999,4944,1,1254,decrease,0.1002083271741867,0.04974444583058357
4999,4944,1,1266,initiation,0.0,0.0779319480061531
4999,4944,1,1587,decrease,0.08378611505031586,0.041474997997283936
4999,4944,1,2114,decrease,0.08320694416761398,0.04171527922153473
4999,4944,1,2126,decrease,0.0789249986410141,0.01125416625291109
4999,4944,1,2152,decrease,0.10271389782428741,0.05037222430109978
4999,4944,1,2376,decrease,0.09131944179534912,0.04594583436846733
5014,5516,0,12,initiation,0.0,0.8991513848304749
5014,5516,0,24,initiation,0.0,0.12567360699176788
5014,5516,0,68,decrease,0.11345277726650238,0.05452499911189079
5014,5516,0,155,decrease,0.08234444260597229,0.04044583439826965
5014,5516,0,167,initiation,0.0,0.061254166066646576
5014,5516,0,179,stop,0.06090555712580681,0.0
5014,5516,0,191,initiation,0.0,0.043340276926755905
5014,5516,0,927,decrease,0.04410555213689804,0.021770833060145378
5014,5516,0,985,decrease,0.058463890105485916,0.028183333575725555
5014,5516,0,997,initiation,0.0,0.03562500327825546
5014,5516,0,1733,decrease,0.041538890451192856,0.020363887771964073
5014,5516,0,1754,increase,0.010294444859027863,0.025558333843946457
5014,5516,0,1925,decrease,0.02963889017701149,0.014730555936694145
5014,5516,1,12,initiation,0.0,0.34784168004989624
5014,5516,1,24,initiation,0.0,0.08768194168806076
5014,5516,1,36,increase,0.08469721674919128,0.16593611240386963
5014,5516,1,48,initiation,0.0,0.08835972100496292
5014,5516,1,66,initiation,0.0,0.07335833460092545
5014,5516,1,116,decrease,0.0870250016450882,0.04274861142039299
5014,5516,1,137,initiation,0.0,0.03536944463849068
5014,5516,1,156,decrease,0.04556944593787193,0.022911110892891884
5014,5516,1,168,increase,0.04223194345831871,0.07048055529594421
5014,5516,1,180,stop,0.0704902783036232,0.0
5014,5516,1,210,decrease,0.08991110324859619,0.04401666671037674
5014,5516,1,270,decrease,0.10631667077541351,0.052206944674253464
5014,5516,1,282,increase,0.09594583511352539,0.1474388837814331
5014,5516,1,302,decrease,0.14452221989631653,0.07085416465997696
5014,5516,1,314,initiation,0.0,0.1184999942779541
5014,5516,1,454,decrease,0.12115694582462311,0.05846666917204857
5014,5516,1,466,initiation,0.0,0.09758194535970688
5014,5516,1,926,decrease,0.10302222520112991,0.051895834505558014
5014,5516,1,965,decrease,0.12221527099609375,0.06056666746735573
5014,5516,1,977,initiation,0.0,0.09825555980205536
5014,5516,1,1338,decrease,0.10272083431482315,0.05087916553020477
5014,5516,1,1350,initiation,0.0,0.06640695035457611
5014,5516,1,1363,decrease,0.08051528036594391,0.03956389054656029
5014,5516,1,1375,initiation,0.0,0.04895833134651184
5014,5516,1,1408,decrease,0.06436249613761902,0.03242500126361847
5014,5516,1,1420,increase,0.04287360981106758,0.10973333567380905
5014,5516,1,1734,decrease,0.10226944833993912,0.050745829939842224
5014,5516,1,1746,initiation,0.0,0.08022777736186981
5014,5516,1,1758,stop,0.08049583435058594,0.0
5014,5516,1,1770,initiation,0.0,0.05869166553020477
5014,5516,1,1875,decrease,0.06748055666685104,0.03326805308461189
5114,3976,0,53,stop,0.15482500195503235,0.0
5114,3976,0,154,decrease,0.09198611229658127,0.04496666416525841
5114,3976,0,171,initiation,0.0,0.04709027707576752
5114,3976,0,275,decrease,0.04970972239971161,0.02440277673304081
5114,3976,0,287,initiation,0.0,0.03610416501760483
5114,3976,0,399,decrease,0.037643056362867355,0.018809722736477852
5114,3976,0,451,decrease,0.05087916553020477,0.02533472143113613
5114,3976,0,491,decrease,0.062118057161569595,0.031022222712635994
5114,3976,0,589,increase,0.024538889527320862,0.04945972189307213
5114,3976,0,607,initiation,0.0,0.053199999034404755
5114,3976,0,886,decrease,0.045694444328546524,0.022752778604626656
5114,3976,0,905,increase,0.015394443646073341,0.032430555671453476
5114,3976,0,937,decrease,0.033190276473760605,0.017043055966496468
5114,3976,0,1133,decrease,0.0451180562376976,0.022211110219359398
5114,3976,0,1200,initiation,0.0,0.0357472226023674
5114,3976,0,1223,increase,0.012973610311746597,0.03369166702032089
5114,3976,0,1271,decrease,0.03435416519641876,0.017572222277522087
5114,3976,0,1313,decrease,0.042343057692050934,0.020819444209337234
5114,3976,1,51,stop,0.5555555820465088,0.0
5114,3976,1,67,decrease,0.13457916676998138,0.06219305470585823
5114,3976,1,284,initiation,0.0,0.03651944547891617
5114,3976,1,336,decrease,0.07466527819633484,0.03615555539727211
5114,3976,1,348,increase,0.025337500497698784,0.060333333909511566
5114,3976,1,399,decrease,0.06157222390174866,0.036533333361148834
5114,3976,1,433,decrease,0.07243333756923676,0.035636112093925476
5114,3976,1,445,increase,0.02442638948559761,0.0589180514216423
5114,3976,1,512,decrease,0.061484720557928085,0.031433332711458206
5114,3976,1,524,stop,0.03572778031229973,0.0
5114,3976,1,536,increase,0.01979999989271164,0.04923611134290695
5114,3976,1,598,decrease,0.05238611251115799,0.022644443437457085
5114,3976,1,621,decrease,0.06338471919298172,0.03163055703043938
5114,3976,1,657,decrease,0.07197360694408417,0.03999166563153267
5114,3976,1,695,decrease,0.0807499960064888,0.0539083331823349
5114,3976,1,781,decrease,0.08888055384159088,0.04336944594979286
5114,3976,1,1133,decrease,0.08744582533836365,0.04333889111876488
5114,3976,1,1145,initiation,0.0,0.06319166719913483
5114,3976,1,1192,decrease,0.06803610920906067,0.0336083322763443
5114,3976,1,1206,decrease,0.05874861031770706,0.029345832765102386
5114,3976,1,1218,initiation,0.0,0.04764166474342346
5114,3976,1,1330,decrease,0.052097223699092865,0.025736112147569656
5179,2567,0,12,stop,0.6944444179534912,0.0
5179,2567,0,24,increase,0.0871458351612091,0.15608471632003784
5179,2567,0,36,stop,0.15096111595630646,0.0
5179,2567,0,58,initiation,0.0,0.05338055640459061
5179,2567,0,106,decrease,0.059231944382190704,0.02879444509744644
5179,2567,0,118,initiation,0.0,0.04506527632474899
5179,2567,0,132,initiation,0.0,0.0369499996304512
5179,2567,0,144,increase,0.019901389256119728,0.053426384925842285
5179,2567,0,200,decrease,0.051936112344264984,0.024818055331707
5179,2567,0,446,decrease,0.05659444257616997,0.02724860981106758
5179,2567,0,459,initiation,0.0,0.03908611088991165
5179,2567,0,507,decrease,0.04172222316265106,0.020341666415333748
5179,2567,0,527,increase,0.010215277783572674,0.026790276169776917
5179,2567,0,549,decrease,0.027837499976158142,0.014083334244787693
5179,2567,0,586,increase,0.011093055829405785,0.028712499886751175
5179,2567,0,599,decrease,0.0289569441229105,0.013701388612389565
5179,2567,0,641,decrease,0.015373609960079193,0.0016166666755452752
5179,2567,0,664,decrease,0.032459720969200134,0.015827776864171028
5179,2567,1,12,stop,0.4195888936519623,0.0
5179,2567,1,35,decrease,0.09667916595935822,0.04710555449128151
5179,2567,1,57,initiation,0.0,0.03874027729034424
5179,2567,1,82,decrease,0.049545831978321075,0.024677777662873268
5179,2567,1,94,initiation,0.0,0.09021944552659988
5179,2567,1,119,initiation,0.0,0.036863889545202255
5179,2567,1,149,decrease,0.0481402762234211,0.023884722962975502
5179,2567,1,175,increase,0.009501389227807522,0.028919445350766182
5179,2567,1,196,initiation,0.0,0.045815277844667435
5179,2567,1,208,initiation,0.0,0.07159721851348877
5179,2567,1,393,decrease,0.0666361153125763,0.03271527960896492
5179,2567,1,405,initiation,0.0,0.0558013841509819
5179,2567,1,548,decrease,0.05757499858736992,0.02838333509862423
5179,2567,1,579,increase,0.007858333177864552,0.028113890439271927
5179,2567,1,604,stop,0.0378805547952652,0.0
5179,2567,1,655,decrease,0.04075555503368378,0.02069166675209999
5179,2567,1,667,stop,0.037829164415597916,0.0
5202,5454,0,68,initiation,0.0,0.6944444179534912
5202,5454,0,80,initiation,0.0,0.04599583521485329
5202,5454,0,102,decrease,0.155204176902771,0.0765305608510971
5202,5454,0,119,initiation,0.0,0.0695486068725586
5202,5454,0,135,decrease,0.08357778191566467,0.04136388748884201
5202,5454,0,186,decrease,0.09761250019073486,0.04894999787211418
5202,5454,0,199,initiation,0.0,0.05950000137090683
5202,5454,0,241,decrease,0.0685347244143486,0.03301111236214638
5202,5454,0,253,initiation,0.0,0.049744442105293274
5202,5454,0,272,decrease,0.048927776515483856,0.02458472177386284
5202,5454,0,288,initiation,0.0,0.05923472344875336
5202,5454,0,412,decrease,0.06301805377006531,0.031441666185855865
5202,5454,0,424,decrease,0.08380138874053955,0.015043055638670921
5202,5454,0,573,decrease,0.08559444546699524,0.04205138981342316
5202,5454,0,585,initiation,0.0,0.06674721837043762
5202,5454,0,934,decrease,0.06788333505392075,0.03393888846039772
5202,5454,0,946,initiation,0.0,0.05090000107884407
5202,5454,0,992,decrease,0.052816666662693024,0.025737499818205833
5202,5454,0,1031,increase,0.013847222551703453,0.034856945276260376
5202,5454,0,1147,decrease,0.040966667234897614,0.021276388317346573
5202,5454,0,1239,decrease,0.058076389133930206,0.028388889506459236
5202,5454,1,67,initiation,0.0,0.5555555820465088
5202,5454,1,81,initiation,0.0,0.06469027698040009
5202,5454,1,102,decrease,0.1105305552482605,0.05359722301363945
5202,5454,1,116,initiation,0.0,0.051926389336586
5202,5454,1,137,decrease,0.06458471715450287,0.03558750078082085
5202,5454,1,186,decrease,0.0733611136674881,0.03637083247303963
5202,5454,1,281,initiation,0.0,0.04005416855216026
5202,5454,1,302,decrease,0.06371805816888809,0.030812500044703484
5202,5454,1,348,decrease,0.07026249915361404,0.03476249799132347
5202,5454,1,360,decrease,0.08310972154140472,0.026252778246998787
5202,5454,1,416,decrease,0.08987917006015778,0.04407777637243271
5202,5454,1,575,decrease,0.09678749740123749,0.04764583334326744
5202,5454,1,587,increase,0.03436944633722305,0.08388194441795349
5202,5454,1,934,decrease,0.08590972423553467,0.042605556547641754
5202,5454,1,946,increase,0.028184721246361732,0.07313749939203262
5202,5454,1,993,decrease,0.07540277391672134,0.038231946527957916
5202,5454,1,1005,stop,0.07538888603448868,0.0
5202,5454,1,1087,decrease,0.06621389091014862,0.03307083621621132
5202,5454,1,1220,decrease,0.07626249641180038,0.038104165345430374
5225,2005,0,28,initiation,0.0,0.6944444179534912
5225,2005,0,40,initiation,0.0,0.08456944674253464
5225,2005,0,54,decrease,0.15636388957500458,0.07486666738986969
5225,2005,0,66,initiation,0.0,0.10764028131961823
5225,2005,0,538,decrease,0.06967361271381378,0.03436944633722305
5225,2005,0,567,decrease,0.06939583271741867,0.03214722126722336
5225,2005,0,581,initiation,0.0,0.06556666642427444
5225,2005,0,627,decrease,0.0683513879776001,0.03531805798411369
5225,2005,0,843,decrease,0.08007360994815826,0.03923749923706055
5225,2005,0,865,initiation,0.0,0.037869445979595184
5225,2005,0,924,decrease,0.045411109924316406,0.022911110892891884
5225,2005,0,967,increase,0.011056944727897644,0.026898611336946487
5225,2005,0,1059,decrease,0.03454028069972992,0.01680833287537098
5225,2005,1,28,initiation,0.0,0.5555555820465088
5225,2005,1,42,initiation,0.0,0.03926388919353485
5225,2005,1,54,stop,0.0880083292722702,0.0
5225,2005,1,68,initiation,0.0,0.05163611099123955
5225,2005,1,118,decrease,0.05582360923290253,0.02784722112119198
5225,2005,1,142,increase,0.011793055571615696,0.03297777473926544
5225,2005,1,157,decrease,0.033158332109451294,0.0030236111488193274
5225,2005,1,169,stop,0.04533333331346512,0.0
5225,2005,1,184,increase,0.010315277613699436,0.03389444202184677
5225,2005,1,323,increase,0.00827916618436575,0.028883332386612892
5225,2005,1,457,initiation,0.0,0.03795972466468811
5225,2005,1,478,decrease,0.03764166682958603,0.018852777779102325
5225,2005,1,490,increase,0.028959723189473152,0.048209723085165024
5225,2005,1,567,decrease,0.04582083225250244,0.022809723392128944
5225,2005,1,641,increase,0.0037263890262693167,0.025829166173934937
5225,2005,1,697,stop,0.042868055403232574,0.0
5225,2005,1,716,decrease,0.037590280175209045,0.018702777102589607
5225,2005,1,728,increase,0.028404168784618378,0.04829166829586029
5225,2005,1,811,decrease,0.045709721744060516,0.02253749966621399
5225,2005,1,829,increase,0.01299305446445942,0.034037500619888306
5225,2005,1,841,initiation,0.0,0.04585416615009308
5225,2005,1,863,increase,0.010922222398221493,0.034231945872306824
5225,2005,1,906,stop,0.035391665995121,0.0
5225,2005,1,928,increase,0.04647638648748398,0.22272083163261414
5225,2005,1,940,initiation,0.0,0.06901527941226959
5225,2005,1,1059,decrease,0.06328611075878143,0.03120972402393818
5263,3613,0,49,initiation,0.0,0.6944444179534912
5263,3613,0,61,initiation,0.0,0.09918472170829773
5263,3613,0,73,stop,0.15298056602478027,0.0
5263,3613,0,116,decrease,0.11726389080286026,0.05620139092206955
5263,3613,0,128,increase,0.04210972413420677,0.0911722183227539
5263,3613,0,215,decrease,0.07903610914945602,0.03916388750076294
5263,3613,0,227,initiation,0.0,0.05937083065509796
5263,3613,0,239,increase,0.028987500816583633,0.07664583623409271
5263,3613,0,274,decrease,0.07660972326993942,0.03795694559812546
5263,3613,0,286,initiation,0.0,0.05889861285686493
5263,3613,0,375,decrease,0.05867777764797211,0.030455555766820908
5263,3613,0,437,decrease,0.07219861447811127,0.03536111116409302
5263,3613,0,449,increase,0.02874722145497799,0.06009028106927872
5263,3613,0,637,decrease,0.05998055636882782,0.029559724032878876
5263,3613,0,665,decrease,0.05187639221549034,0.026237500831484795
5263,3613,0,682,initiation,0.0,0.036827780306339264
5263,3613,0,695,initiation,0.0,0.059619441628456116
5263,3613,0,734,decrease,0.06834582984447479,0.038656946271657944
5263,3613,0,747,initiation,0.0,0.037756942212581635
5263,3613,0,762,decrease,0.08635000139474869,0.04141527786850929
5263,3613,0,774,initiation,0.0,0.06461944431066513
5263,3613,0,817,increase,0.06484027206897736,0.1264486163854599
5263,3613,0,829,increase,0.014102778397500515,0.1041249930858612
5263,3613,0,844,decrease,0.10148610919713974,0.05030833184719086
5263,3613,0,856,initiation,0.0,0.0795527771115303
5263,3613,0,888,decrease,0.07935138791799545,0.03964027762413025
5263,3613,0,900,initiation,0.0,0.060136109590530396
5263,3613,0,936,decrease,0.061436109244823456,0.029779165983200073
5263,3613,0,948,stop,0.09367223083972931,0.0
5263,3613,0,960,decrease,0.07492917031049728,0.038413889706134796
5263,3613,1,47,initiation,0.0,0.4861111044883728
5263,3613,1,59,initiation,0.0,0.035879168659448624
5263,3613,1,71,stop,0.10361389070749283,0.0
5263,3613,1,83,initiation,0.0,0.06668750196695328
5263,3613,1,103,decrease,0.06591944396495819,0.033125001937150955
5263,3613,1,116,stop,0.09074027836322784,0.0
5263,3613,1,207,decrease,0.07144305109977722,0.035665277391672134
5263,3613,1,219,initiation,0.0,0.057972222566604614
5263,3613,1,313,decrease,0.06077916547656059,0.03102083131670952
5263,3613,1,598,decrease,0.07048055529594421,0.03498333320021629
5263,3613,1,613,initiation,0.0,0.036548614501953125
5263,3613,1,673,decrease,0.048411112278699875,0.024825001135468483
5263,3613,1,732,increase,0.06146527826786041,0.08443472534418106
5263,3613,1,752,initiation,0.0,0.03924861177802086
5263,3613,1,764,stop,0.10857778042554855,0.0
5263,3613,1,776,initiation,0.0,0.07904166728258133
5263,3613,1,846,decrease,0.08087777346372604,0.039506945759058
5263,3613,1,858,increase,0.03695555403828621,0.08007499575614929
5263,3613,1,914,decrease,0.08069444447755814,0.03980416804552078
5263,3613,1,938,decrease,0.10628333687782288,0.05254305899143219
5263,3613,1,950,decrease,0.13290417194366455,0.06499305367469788
5263,3613,1,972,initiation,0.0,0.06450416147708893
5314,5989,0,12,initiation,0.0,0.33198609948158264
5314,5989,0,24,initiation,0.0,0.09658472239971161
5314,5989,0,154,decrease,0.06978888809680939,0.03426250070333481
5314,5989,0,170,initiation,0.0,0.036690276116132736
5314,5989,0,287,decrease,0.04293610900640488,0.021880555897951126
5314,5989,0,305,decrease,0.05467639118432999,0.02728055603802204
5314,5989,0,373,decrease,0.062215276062488556,0.03221388906240463
5314,5989,0,473,decrease,0.06870555877685547,0.03410972282290459
5314,5989,0,499,decrease,0.07829444110393524,0.039080556482076645
5314,5989,0,582,decrease,0.08367638289928436,0.041293058544397354
5314,5989,0,594,increase,0.03376249969005585,0.07031667232513428
5314,5989,0,662,decrease,0.06979166716337204,0.03476111218333244
5314,5989,0,1331,decrease,0.06498194485902786,0.031163888052105904
5314,5989,0,1346,initiation,0.0,0.035559721291065216
5314,5989,0,1442,decrease,0.04604305326938629,0.022527776658535004
5314,5989,0,1599,decrease,0.04796527698636055,0.024522222578525543
5314,5989,0,1621,decrease,0.06053333356976509,0.029334722086787224
5314,5989,1,12,initiation,0.0,0.29172778129577637
5314,5989,1,24,initiation,0.0,0.1113777756690979
5314,5989,1,36,stop,0.1052805557847023,0.0
5314,5989,1,100,increase,0.01517083402723074,0.043005555868148804
5314,5989,1,141,decrease,0.0412430576980114,0.020355556160211563
5314,5989,1,268,increase,0.07203194499015808,0.0921236127614975
5314,5989,1,510,decrease,0.12168332934379578,0.0604972206056118
5314,5989,1,742,decrease,0.1312125027179718,0.06542916595935822
5314,5989,1,871,decrease,0.12002360820770264,0.058997221291065216
5314,5989,1,883,initiation,0.0,0.09106666594743729
5314,5989,1,916,decrease,0.0969555526971817,0.04889305308461189
5314,5989,1,928,increase,0.07240138947963715,0.10038472712039948
5314,5989,1,1330,decrease,0.10569583624601364,0.05244305357336998
5314,5989,1,1342,initiation,0.0,0.06693889200687408
5314,5989,1,1401,decrease,0.07806944102048874,0.03896111249923706
5314,5989,1,1595,decrease,0.07934305816888809,0.03909166529774666
5314,5989,1,1607,increase,0.02960694395005703,0.06454861164093018
5314,5989,1,1630,decrease,0.06745972484350204,0.03352222219109535
5390,3569,0,181,initiation,0.0,0.0509069450199604
5390,3569,0,193,initiation,0.0,0.05121944844722748
5390,3569,0,205,decrease,0.090120829641819,0.06852222234010696
5390,3569,0,329,decrease,0.09658472239971161,0.04785694554448128
5390,3569,0,341,initiation,0.0,0.06987082958221436
5390,3569,0,389,decrease,0.0712902769446373,0.035536110401153564
5390,3569,0,541,decrease,0.08819583803415298,0.04375416785478592
5390,3569,0,553,initiation,0.0,0.06375555694103241
5390,3569,0,597,decrease,0.06581388413906097,0.032083332538604736
5390,3569,1,181,initiation,0.0,0.059711113572120667
5390,3569,1,194,initiation,0.0,0.0395541675388813
5390,3569,1,339,initiation,0.0,0.03663194179534912
5390,3569,1,394,decrease,0.035156942903995514,0.00108055560849607
5390,3569,1,585,decrease,0.04155833274126053,0.020376387983560562
5490,2347,0,57,initiation,0.0,0.08606249839067459
5490,2347,0,69,initiation,0.0,0.0806874930858612
5490,2347,0,84,decrease,0.07966388761997223,0.03926527872681618
5490,2347,0,101,initiation,0.0,0.036436110734939575
5490,2347,0,113,stop,0.043897222727537155,0.0
5490,2347,0,977,decrease,0.04368472099304199,0.021554166451096535
5490,2347,0,1159,decrease,0.024325000122189522,0.011980555951595306
5490,2347,0,1178,initiation,0.0,0.04350694641470909
5490,2347,0,1292,decrease,0.04089999943971634,0.019963888451457024
5490,2347,1,55,initiation,0.0,0.35900136828422546
5490,2347,1,67,initiation,0.0,0.109845831990242
5490,2347,1,84,decrease,0.09731527417898178,0.04642361029982567
5490,2347,1,99,initiation,0.0,0.04223611205816269
5490,2347,1,117,increase,0.030677780508995056,0.06197082996368408
5490,2347,1,484,decrease,0.058488890528678894,0.029011111706495285
5490,2347,1,516,decrease,0.05131111294031143,0.028763888403773308
5490,2347,1,1293,decrease,0.06760555505752563,0.03344305604696274
5618,2173,0,99,initiation,0.0,0.6944444179534912
5618,2173,0,111,decrease,0.520466685295105,0.04287777841091156
5618,2173,0,123,stop,0.23866528272628784,0.0
5618,2173,0,135,initiation,0.0,0.15009722113609314
5618,2173,0,258,decrease,0.11885694414377213,0.05920138955116272
5618,2173,0,278,initiation,0.0,0.05530139058828354
5618,2173,0,363,decrease,0.06366667151451111,0.04325416684150696
5618,2173,0,570,decrease,0.07212500274181366,0.035427775233983994
5618,2173,0,582,increase,0.05751249939203262,0.07186111062765121
5618,2173,0,733,decrease,0.06944166868925095,0.034466665238142014
5618,2173,0,1018,decrease,0.06257361173629761,0.04044027626514435
5618,2173,0,1893,decrease,0.0612763874232769,0.03126110881567001
5618,2173,0,1979,decrease,0.07231110334396362,0.03533611074090004
5618,2173,0,2164,decrease,0.05986805260181427,0.03162499889731407
5618,2173,0,2180,decrease,0.06919582933187485,0.03423888981342316
5618,2173,0,2283,decrease,0.0665736123919487,0.03294166550040245
5618,2173,1,94,initiation,0.0,0.5555555820465088
5618,2173,1,106,initiation,0.0,0.19336527585983276
5618,2173,1,119,decrease,0.18031249940395355,0.08526388555765152
5618,2173,1,145,initiation,0.0,0.039395831525325775
5618,2173,1,395,increase,0.05233055725693703,0.08526944369077682
5618,2173,1,407,increase,0.05230138823390007,0.072163887321949
5618,2173,1,664,decrease,0.0975152850151062,0.047970835119485855
5618,2173,1,676,initiation,0.0,0.09939999878406525
5618,2173,1,1145,decrease,0.08759444206953049,0.04364027827978134
5618,2173,1,1172,decrease,0.07738472521305084,0.03900694474577904
5618,2173,1,1204,decrease,0.07279166579246521,0.035754166543483734
5618,2173,1,1686,decrease,0.0853097215294838,0.04170416668057442
5618,2173,1,1698,decrease,0.07690000534057617,0.03946249932050705
5618,2173,1,1795,decrease,0.07495555281639099,0.03635000064969063
5618,2173,1,2291,decrease,0.09085416048765182,0.04513472318649292
5693,1092,0,12,initiation,0.0,0.040154166519641876
5693,1092,0,44,decrease,0.1351138949394226,0.10857222229242325
5693,1092,0,170,decrease,0.11716943979263306,0.0564027801156044
5693,1092,0,222,increase,0.00997638888657093,0.02434999868273735
5693,1092,0,235,decrease,0.025572221726179123,0.012737499549984932
5693,1092,0,260,increase,0.012845832854509354,0.0279555544257164
5693,1092,0,275,decrease,0.029762499034404755,0.01503333356231451
5693,1092,0,342,decrease,0.0502111092209816,0.024936111643910408
5693,1092,0,618,decrease,0.06315000355243683,0.030597222968935966
5693,1092,0,1229,decrease,0.06938333809375763,0.03400833159685135
5693,1092,0,1345,decrease,0.06878333538770676,0.03409305587410927
5693,1092,0,1357,initiation,0.0,0.04900277778506279
5693,1092,0,1387,decrease,0.0512361079454422,0.025212500244379044
5693,1092,0,1599,initiation,0.0,0.07615971565246582
5693,1092,0,1696,decrease,0.09190833568572998,0.04482360929250717
5693,1092,0,1708,initiation,0.0,0.07156111299991608
5693,1092,0,1722,initiation,0.0,0.04792778193950653
5693,1092,0,1782,decrease,0.054777778685092926,0.026088889688253403
5693,1092,0,1795,initiation,0.0,0.03545277565717697
5693,1092,0,1873,decrease,0.04004167020320892,0.019548611715435982
5693,1092,0,1913,decrease,0.05161527544260025,0.02634027786552906
5693,1092,0,2944,decrease,0.05319444090127945,0.02623194269835949
5693,1092,1,12,initiation,0.0,0.06070277839899063
5693,1092,1,159,decrease,0.09930416941642761,0.04939861223101616
5693,1092,1,176,initiation,0.0,0.054059721529483795
5693,1092,1,199,decrease,0.06330139189958572,0.03153333440423012
5693,1092,1,211,initiation,0.0,0.052375003695487976
5693,1092,1,342,decrease,0.05873611569404602,0.029027776792645454
5693,1092,1,354,initiation,0.0,0.10867638885974884
5693,1092,1,404,increase,0.10101111233234406,0.16299167275428772
5693,1092,1,416,initiation,0.0,0.126390278339386
5693,1092,1,442,decrease,0.12220139056444168,0.06061805784702301
5693,1092,1,454,initiation,0.0,0.09634999930858612
5693,1092,1,467,stop,0.0944611057639122,0.0
5693,1092,1,525,decrease,0.11882221698760986,0.05875694379210472
5693,1092,1,537,initiation,0.0,0.18822361528873444
5693,1092,1,549,increase,0.049037497490644455,0.11966250091791153
5693,1092,1,602,decrease,0.11841389536857605,0.05875694379210472
5693,1092,1,654,increase,0.12216527760028839,0.15487638115882874
5693,1092,1,1138,decrease,0.14643195271492004,0.07234999537467957
5693,1092,1,1150,initiation,0.0,0.0539291650056839
5693,1092,1,1372,decrease,0.14668193459510803,0.07106111198663712
5693,1092,1,1384,initiation,0.0,0.09160000085830688
5693,1092,1,1404,initiation,0.0,0.07604305446147919
5693,1092,1,1620,decrease,0.09625555574893951,0.048015277832746506
5693,1092,1,1632,increase,0.07649721950292587,0.17288750410079956
5693,1092,1,1696,decrease,0.15877223014831543,0.07850000262260437
5693,1092,1,1708,initiation,0.0,0.13100001215934753
5693,1092,1,1721,initiation,0.0,0.04597222059965134
5693,1092,1,1763,decrease,0.11090277135372162,0.05590000003576279
5693,1092,1,1775,initiation,0.0,0.08787499368190765
5693,1092,1,1851,decrease,0.09472083300352097,0.047716666013002396
5693,1092,1,1873,decrease,0.12055416405200958,0.08194445073604584
5693,1092,1,1907,decrease,0.12969721853733063,0.06483055651187897
5693,1092,1,1957,decrease,0.12773054838180542,0.06300138682126999
5693,1092,1,2015,decrease,0.11578749865293503,0.07910972088575363
5693,1092,1,2029,increase,0.0765666663646698,0.14475557208061218
5693,1092,1,2117,decrease,0.13639026880264282,0.06843472272157669
5693,1092,1,2197,decrease,0.1248694509267807,0.06124583259224892
5693,1092,1,2321,decrease,0.116236113011837,0.08297500014305115
5693,1092,1,2337,decrease,0.129497230052948,0.08430694043636322
5693,1092,1,2363,decrease,0.13966527581214905,0.0688222199678421
5693,1092,1,2375,initiation,0.0,0.11092221736907959
5693,1092,1,2387,stop,0.11174999922513962,0.0
5693,1092,1,2742,decrease,0.09633194655179977,0.04846666753292084
5693,1092,1,2808,increase,0.01496111135929823,0.03400278091430664
5693,1092,1,2830,stop,0.03600972145795822,0.0
5693,1092,1,2842,initiation,0.0,0.16498610377311707
5693,1092,1,2918,decrease,0.14260277152061462,0.0690416619181633
5693,1092,1,2934,initiation,0.0,0.07079999893903732
5693,1092,1,2946,stop,0.08741249889135361,0.0
5798,992,0,12,stop,1.3001012802124023,0.0
5798,992,0,24,stop,0.12792222201824188,0.0
5798,992,0,36,initiation,0.0,0.0809333324432373
5798,992,0,82,decrease,0.0727180540561676,0.03548888862133026
5798,992,0,94,initiation,0.0,0.05687916278839111
5798,992,0,113,decrease,0.055998608469963074,0.02798749879002571
5798,992,0,129,decrease,0.06723055243492126,0.03268194571137428
5798,992,0,141,initiation,0.0,0.05345971882343292
5798,992,0,153,initiation,0.0,0.04592222347855568
5798,992,0,208,decrease,0.04495416581630707,0.022352777421474457
5798,992,0,220,initiation,0.0,0.036370836198329926
5798,992,0,346,decrease,0.036952778697013855,0.018738888204097748
5798,992,0,505,decrease,0.04328889027237892,0.021244443953037262
5798,992,0,520,increase,0.013530555181205273,0.03289305418729782
5798,992,0,560,decrease,0.03376111015677452,0.01622222177684307
5798,992,0,790,decrease,0.04372499883174896,0.021383333951234818
5798,992,0,807,increase,0.013156943954527378,0.030763886868953705
5798,992,0,828,initiation,0.0,0.04575694352388382
5798,992,0,841,increase,0.00124027777928859,0.032155558466911316
5798,992,0,863,decrease,0.03270278126001358,0.016116667538881302
5798,992,0,1115,decrease,0.042448610067367554,0.02074444480240345
5798,992,0,1133,increase,0.013166666030883789,0.029373612254858017
5798,992,0,1217,decrease,0.03133194148540497,0.01550416648387909
5798,992,1,12,stop,0.21263054013252258,0.0
5798,992,1,24,stop,0.11759999394416809,0.0
5798,992,1,36,initiation,0.0,0.048794444650411606
5798,992,1,60,decrease,0.055218055844306946,0.027340276166796684
5798,992,1,72,initiation,0.0,0.04525277763605118
5798,992,1,103,decrease,0.055516667664051056,0.027558332309126854
5798,992,1,130,decrease,0.06672638654708862,0.032745834439992905
5798,992,1,142,initiation,0.0,0.05217361077666283
5798,992,1,183,decrease,0.05379027873277664,0.026826389133930206
5798,992,1,209,decrease,0.0655902773141861,0.03212499991059303
5798,992,1,221,initiation,0.0,0.051830556243658066
5798,992,1,520,decrease,0.05425138771533966,0.02623610943555832
5798,992,1,532,initiation,0.0,0.04157361388206482
5798,992,1,822,decrease,0.05413055419921875,0.026588886976242065
5798,992,1,881,decrease,0.06396111100912094,0.03111249953508377
5798,992,1,893,initiation,0.0,0.05064861476421356
5798,992,1,1091,decrease,0.05372639000415802,0.026631943881511688
5798,992,1,1131,decrease,0.06353195011615753,0.0322277769446373
5798,992,1,1143,initiation,0.0,0.050304166972637177
5798,992,1,1217,decrease,0.05361666530370712,0.026751387864351273
5867,3764,0,66,initiation,0.0,0.6944444179534912
5867,3764,0,78,stop,0.7947388887405396,0.0
5867,3764,0,90,stop,0.234541654586792,0.0
5867,3764,0,102,initiation,0.0,0.15252499282360077
5867,3764,0,186,decrease,0.1302194446325302,0.10364583134651184
5867,3764,0,346,decrease,0.12651805579662323,0.06272360682487488
5867,3764,0,358,initiation,0.0,0.096961110830307
5867,3764,0,518,decrease,0.09723889082670212,0.07339166104793549
5867,3764,0,553,decrease,0.11506389081478119,0.05697638541460037
5867,3764,0,566,initiation,0.0,0.07954305410385132
5867,3764,0,724,decrease,0.10909861326217651,0.0943569466471672
5867,3764,0,807,decrease,0.0907486081123352,0.0440458320081234
5867,3764,0,922,decrease,0.08916527032852173,0.04387222230434418
5867,3764,1,62,initiation,0.0,0.5555555820465088
5867,3764,1,74,initiation,0.0,0.09941667318344116
5867,3764,1,88,decrease,0.14876249432563782,0.07082916796207428
5867,3764,1,111,initiation,0.0,0.04477222263813019
5867,3764,1,161,decrease,0.0540444478392601,0.0270222220569849
5867,3764,1,173,increase,0.04666944593191147,0.10369999706745148
5867,3764,1,922,decrease,0.08290277421474457,0.04091666638851166
5867,3764,1,934,initiation,0.0,0.05904722213745117
5867,3764,1,960,decrease,0.06270972639322281,0.03130555525422096
6024,105,0,12,decrease,0.6944444179534912,0.49345138669013977
6024,105,0,24,initiation,0.0,0.21020832657814026
6024,105,0,37,decrease,0.2015138864517212,0.09630833566188812
6024,105,0,49,initiation,0.0,0.058190278708934784
6024,105,0,66,decrease,0.13505417108535767,0.06623750180006027
6024,105,0,78,stop,0.18059027194976807,0.0
6024,105,0,90,initiation,0.0,0.06953611224889755
6024,105,0,102,increase,0.17113888263702393,0.42809444665908813
6024,105,0,139,initiation,0.0,0.11647500097751617
6024,105,0,151,initiation,0.0,0.10084861516952515
6024,105,0,179,decrease,0.0998944416642189,0.04826805368065834
6024,105,0,204,decrease,0.11229583621025085,0.05512639135122299
6024,105,0,270,decrease,0.09445139020681381,0.047155555337667465
6024,105,0,282,initiation,0.0,0.08381527662277222
6024,105,0,294,stop,0.08312500268220901,0.0
6024,105,0,309,decrease,0.0677347183227539,0.03386527672410011
6024,105,0,342,decrease,0.09530694782733917,0.04757222160696983
6024,105,0,354,decrease,0.9487082958221436,0.07151667028665543
6024,105,0,366,stop,0.19864444434642792,0.0
6024,105,0,379,initiation,0.0,0.03959444537758827
6024,105,0,398,decrease,0.11120694875717163,0.05511249974370003
6024,105,0,410,increase,0.13923333585262299,0.9993041157722473
6024,105,0,489,initiation,0.0,0.07296250015497208
6024,105,0,506,decrease,0.08310416340827942,0.040930554270744324
6024,105,0,547,decrease,0.1095583364367485,0.0543527752161026
6024,105,0,559,initiation,0.0,0.0711180567741394
6024,105,0,588,initiation,0.0,0.0654333308339119
6024,105,0,608,decrease,0.07615694403648376,0.038386110216379166
6024,105,0,620,increase,0.08303194493055344,0.10426250100135803
6024,105,0,632,decrease,0.1041722297668457,0.051872219890356064
6024,105,0,644,initiation,0.0,0.07701389491558075
6024,105,0,656,decrease,0.3754444420337677,0.010393055155873299
6024,105,0,668,stop,0.13197776675224304,0.0
6024,105,0,700,increase,0.10371388494968414,0.7470277547836304
6024,105,0,752,initiation,0.0,0.06551389396190643
6024,105,0,817,increase,0.07562916725873947,0.7335457801818848
6024,105,0,843,initiation,0.0,0.04662499949336052
6024,105,0,855,increase,0.06111111119389534,0.08210694789886475
6024,105,0,867,increase,0.059336110949516296,0.23030835390090942
6024,105,0,879,increase,0.06890972703695297,0.27872776985168457
6024,105,0,891,stop,0.26908472180366516,0.0
6024,105,0,934,initiation,0.0,0.043368056416511536
6024,105,0,961,decrease,0.05793055519461632,0.029527777805924416
6024,105,0,996,decrease,0.07928472757339478,0.044559720903635025
6024,105,0,1014,decrease,0.09187916666269302,0.044797223061323166
6024,105,0,1147,decrease,0.1160888820886612,0.05600694566965103
6024,105,0,1183,initiation,0.0,0.3487486243247986
6024,105,0,1195,initiation,0.0,0.12182222306728363
6024,105,0,1315,decrease,0.11704027652740479,0.057552777230739594
6024,105,0,1334,initiation,0.0,0.05932638794183731
6024,105,0,1418,decrease,0.07079027593135834,0.0360819436609745
6024,105,0,1504,decrease,0.0970916599035263,0.04823888838291168
6024,105,0,1576,increase,0.006013888865709305,0.02852083370089531
6024,105,0,1594,decrease,0.03002222254872322,0.015145832672715187
6024,105,1,12,stop,1.1111111640930176,0.0
6024,105,1,34,decrease,0.15256249904632568,0.07321527600288391
6024,105,1,46,decrease,0.4141888916492462,0.03549722209572792
6024,105,1,64,decrease,0.16423889994621277,0.07897499948740005
6024,105,1,97,initiation,0.0,0.3680764138698578
6024,105,1,116,initiation,0.0,0.23246388137340546
6024,105,1,128,stop,0.1262916624546051,0.0
6024,105,1,140,stop,0.052740275859832764,0.0
6024,105,1,155,decrease,0.11704583466053009,0.057447221130132675
6024,105,1,170,initiation,0.0,0.05758889019489288
6024,105,1,223,increase,0.07895833253860474,0.595912516117096
6024,105,1,235,stop,0.7886597514152527,0.0
6024,105,1,269,initiation,0.0,0.05324999988079071
6024,105,1,284,increase,0.04831527918577194,0.0768750011920929
6024,105,1,296,decrease,0.07862222194671631,0.030675001442432404
6024,105,1,350,decrease,0.0936347246170044,0.04675000160932541
6024,105,1,364,decrease,0.1420208215713501,0.07043889164924622
6024,105,1,377,initiation,0.0,0.039181943982839584
6024,105,1,399,decrease,0.0889652818441391,0.04391250014305115
6024,105,1,411,initiation,0.0,1.1111111640930176
6024,105,1,447,initiation,0.0,0.05065694451332092
6024,105,1,459,stop,0.06173750013113022,0.0
6024,105,1,489,initiation,0.0,0.07023472338914871
6024,105,1,507,increase,0.07121527940034866,0.5917806029319763
6024,105,1,531,initiation,0.0,0.03789166733622551
6024,105,1,549,increase,0.09056110680103302,0.3240166902542114
6024,105,1,561,initiation,0.0,0.07285833358764648
6024,105,1,581,initiation,0.0,0.0535319447517395
6024,105,1,608,decrease,0.06637083739042282,0.033452779054641724
6024,105,1,620,initiation,0.0,0.08857221901416779
6024,105,1,633,decrease,0.0882805585861206,0.043825000524520874
6024,105,1,645,increase,0.030215276405215263,0.07127916812896729
6024,105,1,657,decrease,0.10715416073799133,0.028833333402872086
6024,105,1,682,decrease,0.09443333745002747,0.046522218734025955
6024,105,1,704,decrease,0.12503749132156372,0.06220000237226486
6024,105,1,724,decrease,0.1528097242116928,0.07484860718250275
6024,105,1,736,initiation,0.0,0.0529097244143486
6024,105,1,748,initiation,0.0,0.08402499556541443
6024,105,1,760,increase,0.041288889944553375,0.1633722186088562
6024,105,1,793,decrease,0.16077500581741333,0.07952916622161865
6024,105,1,816,initiation,0.0,0.082266665995121
6024,105,1,828,initiation,0.0,0.12707500159740448
6024,105,1,840,increase,0.11128471791744232,0.1484013944864273
6024,105,1,857,decrease,0.14401111006736755,0.07114028185606003
6024,105,1,871,decrease,0.1593722254037857,0.09954304993152618
6024,105,1,890,decrease,0.17872777581214905,0.08813194930553436
6024,105,1,914,initiation,0.0,0.05246666818857193
6024,105,1,967,decrease,0.08292361348867416,0.041595831513404846
6024,105,1,979,decrease,0.1054319515824318,0.039609722793102264
6024,105,1,991,increase,0.07800833135843277,0.18602362275123596
6024,105,1,1004,decrease,0.1520666778087616,0.06762222200632095
6024,105,1,1163,decrease,0.14608055353164673,0.07129305601119995
6024,105,1,1203,initiation,0.0,0.5555555820465088
6024,105,1,1215,initiation,0.0,0.16407082974910736
6024,105,1,1317,decrease,0.1460472196340561,0.07232777774333954
6024,105,1,1329,increase,0.10269444435834885,0.18648472428321838
6024,105,1,1438,decrease,0.17593194544315338,0.08761666715145111
6024,105,1,1450,stop,0.15539583563804626,0.0
6024,105,1,1603,decrease,0.04339722543954849,0.02143472246825695
6146,2946,0,33,initiation,0.0,0.6944444179534912
6146,2946,0,45,initiation,0.0,0.07647916674613953
6146,2946,0,81,decrease,0.07311250269412994,0.03572778031229973
6146,2946,0,95,initiation,0.0,0.04052916541695595
6146,2946,0,115,decrease,0.04465972259640694,0.022002777084708214
6146,2946,0,239,decrease,0.04613194614648819,0.022580554708838463
6146,2946,0,251,initiation,0.0,0.03689861297607422
6146,2946,0,300,decrease,0.035883329808712006,0.017248610034585
6146,2946,0,990,increase,0.03802777826786041,0.05167916417121887
6146,2946,0,1006,initiation,0.0,0.03593749925494194
6146,2946,0,1099,decrease,0.037493057548999786,0.018861111253499985
6146,2946,0,1159,decrease,0.037498608231544495,0.01840277761220932
6146,2946,0,1186,decrease,0.03333749994635582,0.016348611563444138
6146,2946,0,1272,decrease,0.02838750183582306,0.013620833866298199
6146,2946,0,1311,decrease,0.03872222453355789,0.0194527767598629
6146,2946,0,1398,decrease,0.04775555431842804,0.02348611131310463
6146,2946,0,1424,decrease,0.04246944189071655,0.020779166370630264
6146,2946,0,1436,increase,0.01498333364725113,0.03490277752280235
6146,2946,0,1461,decrease,0.03560138866305351,0.01702638901770115
6146,2946,0,1479,increase,0.01021250057965517,0.023895833641290665
6146,2946,0,1525,decrease,0.025511112064123154,0.0034166667610406876
6146,2946,1,18,initiation,0.0,0.41069167852401733
6146,2946,1,31,initiation,0.0,0.09492916613817215
6146,2946,1,182,decrease,0.09796944260597229,0.04874305799603462
6146,2946,1,195,initiation,0.0,0.056979164481163025
6146,2946,1,306,decrease,0.08039861172437668,0.039419446140527725
6146,2946,1,318,initiation,0.0,0.055888887494802475
6146,2946,1,330,decrease,0.056986112147569656,0.020556943491101265
6146,2946,1,342,stop,0.09443333745002747,0.0
6146,2946,1,354,initiation,0.0,0.06743055582046509
6146,2946,1,369,increase,0.04975138604640961,0.08131110668182373
6146,2946,1,424,decrease,0.07979999482631683,0.03959444537758827
6146,2946,1,558,decrease,0.07016666233539581,0.035087499767541885
6146,2946,1,841,decrease,0.0596763901412487,0.029620833694934845
6146,2946,1,853,initiation,0.0,0.047991666942834854
6146,2946,1,944,decrease,0.05198611319065094,0.026265276595950127
6146,2946,1,989,increase,0.061811111867427826,0.08560694754123688
6146,2946,1,1002,initiation,0.0,0.04290694370865822
6146,2946,1,1014,stop,0.09245416522026062,0.0
6146,2946,1,1236,decrease,0.07028333097696304,0.034922219812870026
6146,2946,1,1272,decrease,0.05963888764381409,0.018218055367469788
6146,2946,1,1297,increase,0.05605138838291168,0.08294861018657684
6146,2946,1,1454,decrease,0.07881666719913483,0.03933611139655113
6146,2946,1,1526,increase,0.07005138695240021,0.32571250200271606
6146,2946,1,1540,initiation,0.0,0.046073611825704575
6146,2946,1,1553,decrease,0.11018889397382736,0.05390555411577225
6305,3593,0,113,initiation,0.0,0.6944444179534912
6305,3593,0,125,initiation,0.0,0.08637777715921402
6305,3593,0,140,decrease,0.1570972204208374,0.07657499611377716
6305,3593,0,155,initiation,0.0,0.07490277290344238
6305,3593,0,180,decrease,0.08876805752515793,0.04389027878642082
6305,3593,0,340,decrease,0.08289583027362823,0.0402236133813858
6305,3593,0,352,initiation,0.0,0.0629027783870697
6305,3593,0,705,decrease,0.06159444525837898,0.03072083182632923
6305,3593,0,717,initiation,0.0,0.061952777206897736
6305,3593,0,1052,decrease,0.059469446539878845,0.030455555766820908
6305,3593,0,1172,decrease,0.07284027338027954,0.03594027832150459
6305,3593,1,108,initiation,0.0,0.5555555820465088
6305,3593,1,121,initiation,0.0,0.0648430585861206
6305,3593,1,147,decrease,0.1170152798295021,0.05636388808488846
6305,3593,1,162,initiation,0.0,0.056909725069999695
6305,3593,1,266,decrease,0.06934166699647903,0.03387361019849777
6305,3593,1,278,initiation,0.0,0.055593058466911316
6305,3593,1,342,decrease,0.05895555391907692,0.029306944459676743
6305,3593,1,529,decrease,0.0681472197175026,0.035443052649497986
6305,3593,1,704,decrease,0.078554168343544,0.03836805373430252
6305,3593,1,716,stop,0.08017222583293915,0.0
6305,3593,1,728,increase,0.027093054726719856,0.06519582867622375
6305,3593,1,1052,decrease,0.06773611158132553,0.03949027881026268
6305,3593,1,1073,decrease,0.08062083274126053,0.03920000046491623
6305,3593,1,1087,initiation,0.0,0.045900002121925354
6305,3593,1,1171,decrease,0.05745416879653931,0.027787499129772186
