model,subset,target,horizon_seconds,horizon_label,mae,mae_ci_low,mae_ci_high,rmse,rmse_ci_low,rmse_ci_high,pooled_mae,n_windows,n_patients,shift_seconds,delta_mae,delta_ci_low,delta_ci_high,normalized_degradation,action_mean_abs_change_ml_per_10s
Action Transformer,overall,BIS,30,30s,3.395382165908813,3.2246735095977783,3.5651254653930664,4.583696223833741,4.371709621701731,4.800355524566013,3.3582139015197754,83992,75,-120,0.0081189777702093,-0.0072431778535246,0.0189740303903818,0.002396913858568,0.0176465455442667
Action Transformer,overall,BIS,60,60s,3.87924075126648,3.6890807151794434,4.076773166656494,5.247349206103583,5.01361233743136,5.489887477645778,3.838013887405396,83992,75,-120,0.0173771604895591,-0.0057181087322533,0.0350334011018276,0.0044996825963724,0.0176465455442667
Action Transformer,overall,BIS,180,180s,4.726840972900391,4.479586124420166,4.996220588684082,6.510478157261695,6.162832391220403,6.883917833439678,4.655553817749023,83992,75,-120,0.0671283602714538,0.0398604311048984,0.0931276455521583,0.0144061168885989,0.0176465455442667
Action Transformer,overall,BIS,300,300s,5.215269565582275,4.939728260040283,5.522731781005859,7.312526605019711,6.919129388981308,7.76769427048884,5.103409290313721,83992,75,-120,0.0851981714367866,0.0432398281991481,0.1266010403633117,0.0166076003093914,0.0176465455442667
Action Transformer,overall,BIS,0,full_5min_trajectory,4.430459976196289,4.208939075469971,4.6715407371521,6.175941846425506,5.867999512093179,6.5031795061312,4.363282203674316,83992,75,-120,0.0554245896637439,0.0329882353544235,0.0771980434656143,0.0126683768431516,0.0176465455442667
Action Transformer,transition,BIS,30,30s,3.4190902709960938,3.245571613311768,3.59446382522583,4.586449459684499,4.376219661185807,4.79970961328143,3.410186529159546,52839,75,-120,0.0133431097492575,-0.0036182282492518,0.026670254766941,0.0039178215712411,0.0219602268189191
Action Transformer,transition,BIS,60,60s,3.9164514541625977,3.716832876205444,4.123505115509033,5.2596579227972375,4.997493878771576,5.52271452708545,3.9093384742736816,52839,75,-120,0.0268273409456014,-5.652054096572101e-05,0.0476049967110157,0.0068971551302093,0.0219602268189191
Action Transformer,transition,BIS,180,180s,4.706820011138916,4.425998210906982,4.997185707092285,6.433186984332931,6.075682789300407,6.83062377181327,4.684412956237793,52839,75,-120,0.0966663584113121,0.062780275940895,0.1280900239944458,0.0209681444964063,0.0219602268189191
Action Transformer,transition,BIS,300,300s,5.154599189758301,4.846562385559082,5.474898338317871,7.1603421833810055,6.721837953175456,7.6415291155711165,5.101290225982666,52839,75,-120,0.1113477572798729,0.0584826469421386,0.1625868529081344,0.0220785672673778,0.0219602268189191
Action Transformer,transition,BIS,0,full_5min_trajectory,4.421467781066895,4.171809673309326,4.684146881103516,6.108459872417879,5.788027857525583,6.478888927856532,4.399381637573242,52839,75,-120,0.0764084383845329,0.0491118989884853,0.1026559770107269,0.0175851309363768,0.0219602268189191
Action Transformer,initiation,BIS,30,30s,3.408431053161621,3.168588638305664,3.6316208839416495,4.45179037874583,4.167480211308209,4.72828388237107,3.522330045700073,3801,73,-120,0.0222632121294736,0.0029390398412942,0.0430737808346748,0.0065747511963991,0.0343119464814662
Action Transformer,initiation,BIS,60,60s,3.9148876667022714,3.6278653144836426,4.198183536529541,5.130209531315956,4.78119654407413,5.4639028812227775,4.03483247756958,3801,73,-120,0.0582351945340633,0.0284685753285884,0.0863692089915275,0.015099935853924,0.0343119464814662
Action Transformer,initiation,BIS,180,180s,4.874290943145752,4.432090759277344,5.341091632843018,6.41053769907865,5.781175437652621,7.117194735777743,4.872942924499512,3801,73,-120,0.1196095943450927,0.01626767963171,0.2280072271823883,0.0251561758966167,0.0343119464814662
Action Transformer,initiation,BIS,300,300s,5.3979573249816895,4.890565872192383,5.882587909698486,7.295203987600561,6.517283130310879,8.07399858341578,5.23866081237793,3801,73,-120,0.1914408653974533,0.0361379534006118,0.3486047387123108,0.0367694741784304,0.0343119464814662
Action Transformer,initiation,BIS,0,full_5min_trajectory,4.5106048583984375,4.176454544067383,4.814818859100342,6.061849657551064,5.566512128927246,6.552049144500014,4.52845573425293,3801,73,-120,0.1073583289980888,0.0350642204284668,0.182371512055397,0.0243816283606579,0.0343119464814662
Action Transformer,increase,BIS,30,30s,3.393878221511841,3.2000622749328613,3.60054087638855,4.606699435333284,4.3544958011520665,4.875790654157932,3.406189441680908,19620,75,-120,0.0017554068472236,-0.0083506591618061,0.0113518396392464,0.0005174951209904,0.0200817231088876
Action Transformer,increase,BIS,60,60s,3.8926074504852295,3.664445161819458,4.147917747497559,5.2722020037073225,4.950306376213879,5.610242006246463,3.923500299453736,19620,75,-120,0.0036708121187984,-0.0171895120292902,0.0233506616204977,0.000943911497457,0.0200817231088876
Action Transformer,increase,BIS,180,180s,4.728852272033691,4.366671562194824,5.122754096984863,6.4690127112074585,5.999906857085464,7.000665905477649,4.725316047668457,19620,75,-120,0.0238988101482391,-0.020753251388669,0.0628560483455658,0.0050794995704369,0.0200817231088876
Action Transformer,increase,BIS,300,300s,5.179083824157715,4.772460460662842,5.626713275909424,7.151578352854125,6.503613861201727,7.890088114083267,5.098385334014893,19620,75,-120,0.0319354385137558,-0.0347059220075607,0.0938259810209274,0.0062044918259104,0.0200817231088876
Action Transformer,increase,BIS,0,full_5min_trajectory,4.424886703491211,4.121676921844482,4.753361225128174,6.117410434056323,5.710411454590019,6.583079594740108,4.415338516235352,19620,75,-120,0.0165772568434476,-0.0228482950478792,0.0497993342578411,0.0037604562932617,0.0200817231088876
Action Transformer,decrease,BIS,30,30s,3.406267642974853,3.240227460861206,3.567607879638672,4.558100211942938,4.350888321597294,4.755467129615092,3.3715453147888184,28007,75,-120,0.0169791169464588,-0.0164494179189205,0.0408716462552547,0.0050096402609451,0.0207532905042171
Action Transformer,decrease,BIS,60,60s,3.909229040145874,3.7110557556152335,4.1125593185424805,5.237170028306844,4.972602166708052,5.496014798484547,3.851064682006836,28007,75,-120,0.0325634814798831,-0.0172995030879974,0.0687779188156127,0.0083998680574283,0.0207532905042171
Action Transformer,decrease,BIS,180,180s,4.630067348480225,4.37727689743042,4.894564628601074,6.338541532927621,5.972012412158615,6.70882943098007,4.571223258972168,28007,75,-120,0.1303490102291107,0.0767172276973724,0.1847466677427292,0.0289682608437176,0.0207532905042171
Action Transformer,decrease,BIS,300,300s,5.106776714324951,4.772904396057129,5.461388111114502,7.08715083155281,6.63218213288432,7.553872223249844,5.003128528594971,28007,75,-120,0.1434364914894104,0.0700213611125946,0.2230657935142517,0.0288991854934618,0.0207532905042171
Action Transformer,decrease,BIS,0,full_5min_trajectory,4.379217624664307,4.141129970550537,4.61332893371582,6.044675126224055,5.71574114248199,6.371865792335641,4.31632137298584,28007,75,-120,0.1031126976013183,0.0635447725653648,0.1407756805419922,0.0241136967778151,0.0207532905042171
Action Transformer,stop,BIS,30,30s,3.933284282684326,3.5420868396759038,4.327784061431885,5.252096938110953,4.647563230218803,5.850850244014186,3.9306480884552,1411,54,-120,0.0422364249825477,-0.0077471188269555,0.092470571398735,0.0108547692199567,0.0387639813125133
Action Transformer,stop,BIS,60,60s,4.447981357574463,3.93091893196106,4.998960494995117,6.046729270894165,5.164352985932087,7.077780607826123,4.531041145324707,1411,54,-120,0.075393833220005,0.0093726310878992,0.144011840224266,0.0172423815144893,0.0387639813125133
Action Transformer,stop,BIS,180,180s,5.948547840118408,4.877654075622559,7.148445129394531,8.288819506334647,6.660615018107081,9.90796692226588,5.85448169708252,1411,54,-120,0.3695654273033142,0.1445534527301788,0.6158217191696167,0.0662424385522191,0.0387639813125133
Action Transformer,stop,BIS,300,300s,6.644604682922363,5.103741645812988,8.565403938293457,10.147727042827974,6.909314610542147,13.583256321476153,6.720027446746826,1411,54,-120,0.2665537297725677,-0.0911645218729972,0.6006702780723572,0.0417923434763703,0.0387639813125133
Action Transformer,stop,BIS,0,full_5min_trajectory,5.522867202758789,4.643491744995117,6.546787738800049,8.014081482875012,6.30361464210435,9.782170359055998,5.478451251983643,1411,54,-120,0.2543089091777801,0.1019719541072845,0.4230931103229522,0.0482691673800817,0.0387639813125133
Action Transformer,overall,BIS,30,30s,3.3888306617736816,3.220570802688598,3.559891939163208,4.574975710945065,4.364825816311377,4.789690135258947,3.35023045539856,83992,75,-60,0.0015678838826715,-0.0067742518149316,0.0078439572826027,0.0004628763267206,0.0161734856665134
Action Transformer,overall,BIS,60,60s,3.865528106689453,3.6784820556640634,4.059511184692383,5.225109132055954,4.9935341035200285,5.46852782751828,3.8217427730560303,83992,75,-60,0.0036652267444878,-0.0092984084039926,0.0138233443722128,0.0009490823891417,0.0161734856665134
Action Transformer,overall,BIS,180,180s,4.677627086639404,4.428766250610352,4.943958282470703,6.440981321736843,6.093071063440083,6.812845203857821,4.607741832733154,83992,75,-60,0.0179146751761436,0.0001378122833557,0.0337528474628925,0.003844588242066,0.0161734856665134
Action Transformer,overall,BIS,300,300s,5.14651346206665,4.8799028396606445,5.454061031341553,7.222681601496882,6.82275458767016,7.668734838195586,5.039042472839356,83992,75,-60,0.0164415948092937,-0.0121104521676898,0.0426405891776084,0.0032049447826977,0.0161734856665134
Action Transformer,overall,BIS,0,full_5min_trajectory,4.388717174530029,4.168959617614746,4.629586696624756,6.115765207717488,5.813350492212946,6.439422024208335,4.323660373687744,83992,75,-60,0.0136817805469036,-0.0014282972551882,0.0267645865678787,0.0031272392435384,0.0161734856665134
Action Transformer,transition,BIS,30,30s,3.4090404510498047,3.235154628753662,3.581048011779785,4.572806227385203,4.363493255956217,4.7844516780397175,3.399472951889038,52839,75,-60,0.0032934907358139,-0.0061345119029283,0.010798318311572,0.0009670391154635,0.0202302634716033
Action Transformer,transition,BIS,60,60s,3.8973758220672607,3.7025065422058105,4.102414608001709,5.228242019830367,4.972267297484792,5.488133025967736,3.887598037719727,52839,75,-60,0.0077516795136034,-0.0064574242569506,0.0193016044795513,0.0019929122395469,0.0202302634716033
Action Transformer,transition,BIS,180,180s,4.637919902801514,4.361354827880859,4.926441669464111,6.333306195384995,5.977732345679424,6.7213118526088,4.620709419250488,52839,75,-60,0.0277662053704261,0.0069493176415562,0.0457046069204807,0.0060228378920277,0.0202302634716033
Action Transformer,transition,BIS,300,300s,5.062605857849121,4.757827281951904,5.3753204345703125,7.040378460248099,6.59955908718633,7.515782852259917,5.015079975128174,52839,75,-60,0.0193543452769517,-0.0140372607856988,0.0500187389552593,0.0038376723928006,0.0202302634716033
Action Transformer,transition,BIS,0,full_5min_trajectory,4.364465713500977,4.117570400238037,4.622947692871094,6.025352955210448,5.707044284186861,6.387346168054197,4.345977783203125,52839,75,-60,0.0194066055119037,0.0024047105107456,0.0338628068566322,0.0044663613885154,0.0202302634716033
Action Transformer,initiation,BIS,30,30s,3.39784574508667,3.15772032737732,3.624003171920776,4.43632986195154,4.14995861722237,4.71166379273827,3.510857105255127,3801,73,-60,0.0116775361821055,-0.0009294145856983,0.0246185772120952,0.0034485991750781,0.0316344872117042
Action Transformer,initiation,BIS,60,60s,3.888922691345215,3.5931944847106934,4.168654918670654,5.090360484969936,4.736282417627391,5.430259180504744,4.007654666900635,3801,73,-60,0.0322709083557128,0.0141973793506622,0.0490968413650989,0.0083675971209145,0.0316344872117042
Action Transformer,initiation,BIS,180,180s,4.826805591583252,4.382709980010986,5.308981895446777,6.336644294347438,5.692284887351434,7.06191176944002,4.809967041015625,3801,73,-60,0.0721238851547241,0.0123432734981179,0.1389714330434799,0.0151690267928248,0.0316344872117042
Action Transformer,initiation,BIS,300,300s,5.300544261932373,4.818826198577881,5.79009485244751,7.142746624772793,6.387390064107146,7.905048263952594,5.133393287658691,3801,73,-60,0.0940279141068458,-0.0082169016823172,0.1928581446409225,0.0180596601077072,0.0316344872117042
Action Transformer,initiation,BIS,0,full_5min_trajectory,4.461874008178711,4.1360931396484375,4.777976036071777,5.979368022580889,5.503282087901153,6.486496323285935,4.468993663787842,3801,73,-60,0.0586272589862346,0.0164891947060823,0.1045113429427146,0.0133145518726531,0.0316344872117042
Action Transformer,increase,BIS,30,30s,3.390258312225342,3.1957504749298096,3.59815001487732,4.601042894647233,4.352727381394139,4.868890700064022,3.4008047580718994,19620,75,-60,-0.0018644259544089,-0.0084232734516263,0.0037867159117013,-0.0005496340272231,0.0182507093995809
Action Transformer,increase,BIS,60,60s,3.887204885482788,3.659999847412109,4.141953945159912,5.258308557289786,4.940957898693839,5.595095339483516,3.9115781784057617,19620,75,-60,-0.001731340540573,-0.014267973601818,0.0089885387569665,-0.0004451963732742,0.0182507093995809
Action Transformer,increase,BIS,180,180s,4.704938411712647,4.337181568145752,5.094401836395264,6.431751239843661,5.955094139450425,6.962804884202109,4.69024658203125,19620,75,-60,-1.4814684618613684e-05,-0.0300452839583158,0.0233345050364732,-3.1487418699776337e-06,0.0182507093995809
Action Transformer,increase,BIS,300,300s,5.145650863647461,4.724447250366211,5.605271339416504,7.128367648746336,6.453444207450149,7.933820457355998,5.049944877624512,19620,75,-60,-0.0014973081415519,-0.0426802784204483,0.0335398316383361,-0.000290900534249,0.0182507093995809
Action Transformer,increase,BIS,0,full_5min_trajectory,4.408084869384766,4.101444244384766,4.727503776550293,6.091590850956668,5.672141665240444,6.558229637376424,4.386714935302734,19620,75,-60,-0.0002244480419903,-0.025131482630968,0.0203502960503101,-5.091475990170685e-05,0.0182507093995809
Action Transformer,decrease,BIS,30,30s,3.3924307823181152,3.230340480804444,3.5530967712402344,4.538907650852115,4.341843879778174,4.738238781819679,3.3576722145080566,28007,75,-60,0.0031419754959642,-0.0160208605229854,0.0169118717312812,0.0009270309517933,0.0192779209464788
Action Transformer,decrease,BIS,60,60s,3.883463144302368,3.6909258365631104,4.085330963134766,5.1943127121883945,4.941008275105214,5.451487647887799,3.824307918548584,28007,75,-60,0.00679751066491,-0.0204415246844291,0.0262914169579744,0.0017534425101161,0.0192779209464788
Action Transformer,decrease,BIS,180,180s,4.529877185821533,4.278454303741455,4.783200263977051,6.196608803437716,5.841331920020768,6.548144815976954,4.493899822235107,28007,75,-60,0.0301584787666797,-0.0068209995515644,0.0635754317045211,0.0067023038995641,0.0192779209464788
Action Transformer,decrease,BIS,300,300s,4.980174541473389,4.658469200134277,5.312007427215576,6.925018354591256,6.46194084891777,7.382119573136826,4.901039123535156,28007,75,-60,0.0168346464633941,-0.0360597483813762,0.0693997219204902,0.0033917977622758,0.0192779209464788
Action Transformer,decrease,BIS,0,full_5min_trajectory,4.296652317047119,4.066512107849121,4.526372909545898,5.929048325337672,5.6157683170055375,6.256485282749551,4.251650333404541,28007,75,-60,0.0205471944063901,-0.0068628168664872,0.0442203693091869,0.0048051193216399,0.0192779209464788
Action Transformer,stop,BIS,30,30s,3.9146666526794434,3.529609203338623,4.3042826652526855,5.223358495116514,4.626735670874191,5.81038799677747,3.910613059997559,1411,54,-60,0.023618983104825,-0.0087582757696509,0.0575624927878379,0.0060700831312988,0.0359379984438419
Action Transformer,stop,BIS,60,60s,4.404272079467773,3.885667324066162,4.952979564666748,6.00748453621654,5.116222401238589,7.041483709302262,4.48699426651001,1411,54,-60,0.0316843725740909,-0.0126704098656773,0.0756871253252029,0.0072461369403451,0.0359379984438419
Action Transformer,stop,BIS,180,180s,5.7581048011779785,4.726194381713867,6.916339874267578,8.054113003123922,6.382570745402542,9.674510491972054,5.660987377166748,1411,54,-60,0.179122194647789,0.0395171493291854,0.3330315947532654,0.0321066043944538,0.0359379984438419
Action Transformer,stop,BIS,300,300s,6.468315601348877,4.9806952476501465,8.428948402404785,9.914448807977962,6.646390534802577,13.447450440133393,6.475172519683838,1411,54,-60,0.0902639105916023,-0.1374768614768982,0.3208458721637726,0.0141522700064385,0.0359379984438419
Action Transformer,stop,BIS,0,full_5min_trajectory,5.37611198425293,4.5049729347229,6.371888637542725,7.825560616102774,6.088182615511336,9.634795913633214,5.32045316696167,1411,54,-60,0.107554018497467,0.0148343043401837,0.2157035171985626,0.020414317917684,0.0359379984438419
Action Transformer,overall,BIS,30,30s,3.38645076751709,3.2195630073547363,3.55623459815979,4.570899025866037,4.362453672496446,4.784082309333784,3.346827745437622,83992,75,-30,-0.0008121927385218,-0.0061092199757695,0.0031008748337626,-0.0002397784654534,0.0143597861751914
Action Transformer,overall,BIS,60,60s,3.8614773750305176,3.677411794662476,4.055410861968994,5.217005820822617,4.987352779194652,5.457389672317936,3.815745115280152,83992,75,-30,-0.0003861332370433,-0.0076082730665802,0.0056207147426903,-9.998624387736274e-05,0.0143597861751914
Action Transformer,overall,BIS,180,180s,4.663131713867188,4.413025856018066,4.930792808532715,6.423520807771319,6.072827224552628,6.794818856559536,4.590897083282471,83992,75,-30,0.0034190928563475,-0.0060173827223479,0.0117414435371756,0.0007337562118653,0.0143597861751914
Action Transformer,overall,BIS,300,300s,5.130777359008789,4.864076137542725,5.434038639068604,7.204172980807884,6.817486818900269,7.644020246717467,5.021251201629639,83992,75,-30,0.0007064428646117,-0.0160355102270841,0.0149526484310626,0.0001377062504868,0.0143597861751914
Action Transformer,overall,BIS,0,full_5min_trajectory,4.376742839813232,4.158640384674072,4.615470886230469,6.100521765735205,5.796454483778815,6.42648231832882,4.310487270355225,83992,75,-30,0.0017075181240215,-0.0070456932298839,0.0089913271367549,0.0003902867516539,0.0143597861751914
Action Transformer,transition,BIS,30,30s,3.404731750488281,3.2330193519592285,3.576513290405273,4.565638259774444,4.358294171849682,4.775477096929259,3.3950490951538086,52839,75,-30,-0.0010152606992051,-0.007330534979701,0.0037332284264266,-0.0002981021922569,0.0179950725287199
Action Transformer,transition,BIS,60,60s,3.890104532241821,3.6904451847076416,4.094008445739746,5.214956400936816,4.964939983884912,5.4718493588999815,3.8789801597595215,52839,75,-30,0.0004809876263607,-0.0071195168420672,0.0070040919817984,0.0001236591536018,0.0179950725287199
Action Transformer,transition,BIS,180,180s,4.617349624633789,4.347393989562988,4.902679443359375,6.307666400977892,5.947636354413886,6.701784368868237,4.5990424156188965,52839,75,-30,0.0071966648101806,-0.0034522006753832,0.0170990508049726,0.001561046781032,0.0179950725287199
Action Transformer,transition,BIS,300,300s,5.042737007141113,4.74989652633667,5.350255489349365,7.019762751816964,6.589921318823257,7.5020278732282355,4.992137908935547,52839,75,-30,-0.0005142697482369,-0.0192232895642519,0.0152461156249046,-0.0001019718717952,0.0179950725287199
Action Transformer,transition,BIS,0,full_5min_trajectory,4.348058223724365,4.104018211364746,4.600468158721924,6.004776007471248,5.685448245022214,6.365709603692657,4.328730583190918,52839,75,-30,0.0029987704474478,-0.006272867321968,0.0113658504560589,0.0006901563764609,0.0179950725287199
Action Transformer,initiation,BIS,30,30s,3.392542600631714,3.153275489807129,3.6168212890625,4.428535755734544,4.140566728289849,4.702818800378073,3.506050109863281,3801,73,-30,0.0063743549399077,-0.0016942870570346,0.0147506017237901,0.0018824685999352,0.027844687923789
Action Transformer,initiation,BIS,60,60s,3.8731765747070312,3.579292058944702,4.149977684020996,5.067538920828466,4.71526688112708,5.400770464433484,3.991374492645264,3801,73,-30,0.016524139791727,0.0035733107943087,0.0293127596378326,0.0042845817360566,0.027844687923789
Action Transformer,initiation,BIS,180,180s,4.7805585861206055,4.339998245239258,5.276974201202393,6.290483814063131,5.649769817153298,7.029123484854426,4.758026599884033,3801,73,-30,0.0258771777153015,-0.0069105117581784,0.0626361072063446,0.0054424633565429,0.027844687923789
Action Transformer,initiation,BIS,300,300s,5.24785852432251,4.771950721740723,5.742070198059082,7.075358340620873,6.3406996134602345,7.84890614074351,5.081077575683594,3801,73,-30,0.041342869400978,-0.0061622899957001,0.0928573384881019,0.0079406012177466,0.027844687923789
Action Transformer,initiation,BIS,0,full_5min_trajectory,4.427595615386963,4.100978851318359,4.755653381347656,5.935042023096211,5.450738160426556,6.45822865391056,4.43149995803833,3801,73,-30,0.0243490859866142,0.0013963056262582,0.0504715889692306,0.0055298025871649,0.027844687923789
Action Transformer,increase,BIS,30,30s,3.3899290561676025,3.19401216506958,3.598541021347046,4.598376377333329,4.351688075008692,4.867438100177301,3.397951602935791,19620,75,-30,-0.0021935519762337,-0.0065557248890399,0.0016479940386489,-0.0006466606001538,0.0160617027431726
Action Transformer,increase,BIS,60,60s,3.8854029178619385,3.658338069915772,4.1398091316223145,5.253109147537521,4.939045917564005,5.594985058366531,3.904884576797485,19620,75,-30,-0.0035334269050508,-0.0126625718548893,0.0050337645225226,-0.0009085843059146,0.0160617027431726
Action Transformer,increase,BIS,180,180s,4.703648090362549,4.329794883728027,5.09712028503418,6.433481388002564,5.940113656854359,6.983551318181307,4.678027153015137,19620,75,-30,-0.0013048861874267,-0.0206972956657409,0.0169998966157436,-0.0002773430470969,0.0160617027431726
Action Transformer,increase,BIS,300,300s,5.140108585357666,4.716672897338867,5.614250183105469,7.142627794125907,6.442332703709364,7.97092064109907,5.0330810546875,19620,75,-30,-0.0070394156500697,-0.0316027589142322,0.016885919496417,-0.0013676341673288,0.0160617027431726
Action Transformer,increase,BIS,0,full_5min_trajectory,4.405815601348877,4.101643562316895,4.72816801071167,6.094259231026456,5.6647921809083925,6.56670397571996,4.3754987716674805,19620,75,-30,-0.002494077431038,-0.0181804969906806,0.0124200265854597,-0.000565767259324,0.0160617027431726
Action Transformer,decrease,BIS,30,30s,3.386056423187256,3.223241090774536,3.54589319229126,4.528698011832214,4.3352793700979495,4.725373325030847,3.352202653884888,28007,75,-30,-0.0032325938809663,-0.01517731603235,0.0053395368158817,-0.0009537676490738,0.0173800680786371
Action Transformer,decrease,BIS,60,60s,3.8744168281555176,3.685293674468994,4.077794551849365,5.176354257786034,4.929858124647239,5.42510678937728,3.81545090675354,28007,75,-30,-0.0022485870867967,-0.0176907405257225,0.0088703809306025,-0.0005800311878936,0.0173800680786371
Action Transformer,decrease,BIS,180,180s,4.502737045288086,4.25762939453125,4.749845504760742,6.154348321746248,5.796163592423588,6.492641098022774,4.471579551696777,28007,75,-30,0.0030184362549334,-0.0175837185233831,0.0205743703991174,0.0006708056211501,0.0173800680786371
Action Transformer,decrease,BIS,300,300s,4.954616069793701,4.642353534698486,5.271337985992432,6.895507743348144,6.440617075197545,7.351237404392027,4.877366065979004,28007,75,-30,-0.008723922073841,-0.0378335677087307,0.0162958949804306,-0.0017576715633835,0.0173800680786371
Action Transformer,decrease,BIS,0,full_5min_trajectory,4.274340629577637,4.046725749969482,4.500133991241455,5.897938526597695,5.589539035086513,6.218144833050684,4.233584880828857,28007,75,-30,-0.0017641735030338,-0.0180689413100481,0.0110742393881082,-0.0004125655317456,0.0173800680786371
Action Transformer,stop,BIS,30,30s,3.906498908996582,3.517691135406494,4.291133880615234,5.208520423072045,4.616870023653212,5.798754117602009,3.906135082244873,1411,54,-30,0.0154513660818338,-0.0033634421415627,0.0350501053035259,0.0039710040094699,0.0305526591837406
Action Transformer,stop,BIS,60,60s,4.390172481536865,3.8801040649414062,4.941794395446777,5.9915037399161895,5.105201439838884,7.033567868822482,4.476995468139648,1411,54,-30,0.0175850037485361,-0.0069821579381823,0.0442474856972694,0.0040216464744696,0.0305526591837406
Action Transformer,stop,BIS,180,180s,5.688050270080566,4.647274017333984,6.829402923583984,7.993842854978317,6.29724816667219,9.669584776554604,5.602497577667236,1411,54,-30,0.109067715704441,0.0255243647843599,0.2081391513347625,0.0195497493050198,0.0305526591837406
Action Transformer,stop,BIS,300,300s,6.46117639541626,4.951972484588623,8.416658401489258,9.870354440928187,6.650309172592237,13.461785376663222,6.461344242095947,1411,54,-30,0.0831253901124,-0.0544163659214973,0.2391216456890106,0.0130330378725101,0.0305526591837406
Action Transformer,stop,BIS,0,full_5min_trajectory,5.339330196380615,4.478532314300537,6.348084926605225,7.7755149940599795,6.056284126681616,9.594864473006956,5.290125370025635,1411,54,-30,0.0707715898752212,0.0147412410005927,0.1417247802019119,0.0134328196699293,0.0305526591837406
Action Transformer,overall,BIS,30,30s,3.387263059616089,3.2216339111328125,3.5575082302093506,4.571063848830271,4.363041911310116,4.781311234225427,3.3453588485717773,83992,75,0,0.0,0.0,0.0,0.0,0.0
Action Transformer,overall,BIS,60,60s,3.861863613128662,3.677434921264648,4.054646968841553,5.217504295563038,4.989039806262981,5.45524333044013,3.8128292560577393,83992,75,0,0.0,0.0,0.0,0.0,0.0
Action Transformer,overall,BIS,180,180s,4.659712314605713,4.413864135742188,4.923332214355469,6.426079554721021,6.080063380864712,6.796186881474765,4.583803176879883,83992,75,0,0.0,0.0,0.0,0.0,0.0
Action Transformer,overall,BIS,300,300s,5.13007116317749,4.861145973205566,5.429906845092773,7.209076183461049,6.823108777163806,7.648790610464792,5.014032363891602,83992,75,0,0.0,0.0,0.0,0.0,0.0
Action Transformer,overall,BIS,0,full_5min_trajectory,4.375034809112549,4.158512115478516,4.612826824188232,6.102304567351161,5.798917919374659,6.424533265969355,4.305152416229248,83992,75,0,0.0,0.0,0.0,0.0,0.0
Action Transformer,transition,BIS,30,30s,3.405747175216675,3.2340643405914307,3.576036214828491,4.565091168098056,4.3604000076046185,4.769930936045464,3.3941307067871094,52839,75,0,0.0,0.0,0.0,0.0,0.0
Action Transformer,transition,BIS,60,60s,3.889624118804932,3.69433069229126,4.093745231628418,5.214039578385993,4.96947929740176,5.4740557409367705,3.876232624053955,52839,75,0,0.0,0.0,0.0,0.0,0.0
Action Transformer,transition,BIS,180,180s,4.610153198242188,4.340128421783447,4.894035816192627,6.308151106761963,5.944820348593453,6.704337910641763,4.591047763824463,52839,75,0,0.0,0.0,0.0,0.0,0.0
Action Transformer,transition,BIS,300,300s,5.043251037597656,4.75053071975708,5.353342056274414,7.032511822541053,6.606703630966932,7.516047285433681,4.985483169555664,52839,75,0,0.0,0.0,0.0,0.0,0.0
Action Transformer,transition,BIS,0,full_5min_trajectory,4.345059394836426,4.105239868164063,4.599879741668701,6.006502125159119,5.685728363107313,6.3677925805284215,4.323222637176514,52839,75,0,0.0,0.0,0.0,0.0,0.0
Action Transformer,initiation,BIS,30,30s,3.3861680030822754,3.14811110496521,3.608540534973145,4.424904584125321,4.13136517108811,4.702628581567109,3.5014538764953613,3801,73,0,0.0,0.0,0.0,0.0,0.0
Action Transformer,initiation,BIS,60,60s,3.856651782989502,3.559284448623657,4.1354827880859375,5.049281252332963,4.692209344966112,5.387793640489583,3.97663950920105,3801,73,0,0.0,0.0,0.0,0.0,0.0
Action Transformer,initiation,BIS,180,180s,4.75468111038208,4.319315433502197,5.246693134307861,6.269059683394699,5.6143227860597165,7.026557407627546,4.734283924102783,3801,73,0,0.0,0.0,0.0,0.0,0.0
Action Transformer,initiation,BIS,300,300s,5.206516265869141,4.728907585144043,5.7112226486206055,7.042511326919888,6.298752724839408,7.821328263905536,5.037779808044434,3801,73,0,0.0,0.0,0.0,0.0,0.0
Action Transformer,initiation,BIS,0,full_5min_trajectory,4.403246879577637,4.085477352142334,4.731637954711914,5.912959410418594,5.42496844163848,6.441433491831418,4.407704830169678,3801,73,0,0.0,0.0,0.0,0.0,0.0
Action Transformer,increase,BIS,30,30s,3.392122507095337,3.197925329208374,3.6002657413482666,4.598552451218366,4.3546425347937525,4.867361099306781,3.3978967666625977,19620,75,0,0.0,0.0,0.0,0.0,0.0
Action Transformer,increase,BIS,60,60s,3.888936758041382,3.6620607376098633,4.144819259643555,5.255242046730727,4.944465070436202,5.5901192757808,3.9046859741210938,19620,75,0,0.0,0.0,0.0,0.0,0.0
Action Transformer,increase,BIS,180,180s,4.704953670501709,4.3222856521606445,5.099575996398926,6.440379563513251,5.950259663020854,6.990507774410368,4.678351402282715,19620,75,0,0.0,0.0,0.0,0.0,0.0
Action Transformer,increase,BIS,300,300s,5.147148132324219,4.705533981323242,5.6289777755737305,7.175955349259118,6.441835295463316,8.011886825546844,5.032159328460693,19620,75,0,0.0,0.0,0.0,0.0,0.0
Action Transformer,increase,BIS,0,full_5min_trajectory,4.4083099365234375,4.102869987487793,4.741238594055176,6.103300308702098,5.672627885098998,6.574039740117082,4.373936653137207,19620,75,0,0.0,0.0,0.0,0.0,0.0
Action Transformer,decrease,BIS,30,30s,3.389288663864136,3.22977876663208,3.555605411529541,4.530507414906573,4.3391703882427946,4.72997842731355,3.3514699935913086,28007,75,0,0.0,0.0,0.0,0.0,0.0
Action Transformer,decrease,BIS,60,60s,3.876665830612183,3.687667369842529,4.080933094024658,5.180791906852126,4.931932231477707,5.433355747168868,3.812675714492798,28007,75,0,0.0,0.0,0.0,0.0,0.0
Action Transformer,decrease,BIS,180,180s,4.499718189239502,4.253738880157471,4.753276348114014,6.163638875157241,5.798563009685669,6.517361270085056,4.462958812713623,28007,75,0,0.0,0.0,0.0,0.0,0.0
Action Transformer,decrease,BIS,300,300s,4.9633402824401855,4.64855432510376,5.284212589263916,6.919322626113632,6.447440167282932,7.366721210306581,4.8741865158081055,28007,75,0,0.0,0.0,0.0,0.0,0.0
Action Transformer,decrease,BIS,0,full_5min_trajectory,4.276104927062988,4.049346446990967,4.503039360046387,5.9089120184222645,5.59319127878086,6.227875268411107,4.229562759399414,28007,75,0,0.0,0.0,0.0,0.0,0.0
Action Transformer,stop,BIS,30,30s,3.891047716140747,3.5150272846221924,4.27864933013916,5.185632392479873,4.5973341058419175,5.785644180976496,3.899428606033325,1411,54,0,0.0,0.0,0.0,0.0,0.0
Action Transformer,stop,BIS,60,60s,4.372588157653809,3.867885828018189,4.916556358337402,5.9611198827357645,5.077532079267566,7.016391092115628,4.471654415130615,1411,54,0,0.0,0.0,0.0,0.0,0.0
Action Transformer,stop,BIS,180,180s,5.578982830047607,4.563592910766602,6.698280811309815,7.873248435307517,6.199038757134139,9.523696257508082,5.533691883087158,1411,54,0,0.0,0.0,0.0,0.0,0.0
Action Transformer,stop,BIS,300,300s,6.3780517578125,4.887271881103516,8.29349422454834,9.704746178477407,6.553924479762166,13.321457405891902,6.4047136306762695,1411,54,0,0.0,0.0,0.0,0.0,0.0
Action Transformer,stop,BIS,0,full_5min_trajectory,5.268558025360107,4.413926601409912,6.27589750289917,7.662741139835212,5.969067630005714,9.480122299371205,5.249510765075684,1411,54,0,0.0,0.0,0.0,0.0,0.0
Action Transformer,overall,BIS,30,30s,3.3829588890075684,3.216386318206787,3.5532851219177246,4.568469388305003,4.362348957234235,4.778761471657999,3.340492248535156,83992,75,30,-0.004304417874664,-0.0071336776018142,-0.0013325344771146,-0.001270765747716,0.0144087672233581
Action Transformer,overall,BIS,60,60s,3.8540585041046143,3.6689703464508057,4.046832084655762,5.213803442583028,4.986290064545793,5.450940763138696,3.808765172958374,83992,75,30,-0.0078048571012914,-0.022497409954667,0.0021734829060733,-0.0020210079596695,0.0144087672233581
Action Transformer,overall,BIS,180,180s,4.668497085571289,4.423238277435303,4.939076900482178,6.453289039134031,6.106850026694217,6.820532866213721,4.591893672943115,83992,75,30,0.0087853744626045,-0.009222911670804,0.0241978857666254,0.0018853898844928,0.0144087672233581
Action Transformer,overall,BIS,300,300s,5.148444652557373,4.874360084533691,5.45508337020874,7.259508671804578,6.862414405719759,7.705777406084924,5.030779838562012,83992,75,30,0.0183736737817525,-0.0016791000962257,0.0372603014111518,0.0035815631396372,0.0144087672233581
Action Transformer,overall,BIS,0,full_5min_trajectory,4.382055282592773,4.16359806060791,4.617301940917969,6.126147104398209,5.826601376433222,6.453418789657698,4.310113430023193,83992,75,30,0.0070196483284235,-0.003469543531537,0.0181313659995794,0.0016044782806762,0.0144087672233581
Action Transformer,transition,BIS,30,30s,3.40047025680542,3.2293198108673096,3.5690720081329346,4.560902564087144,4.355570784258873,4.767682941289418,3.3895034790039062,52839,75,30,-0.0052766874432563,-0.0093333208933472,-0.0013212292687967,-0.0015493479614853,0.0180428065359592
Action Transformer,transition,BIS,60,60s,3.8801774978637695,3.682183980941773,4.0815019607543945,5.207573349500676,4.960056208630446,5.464600127477093,3.872969150543213,52839,75,30,-0.0094462931156158,-0.0283268578350543,0.0037722922861576,-0.0024285876545104,0.0180428065359592
Action Transformer,transition,BIS,180,180s,4.61389684677124,4.3374924659729,4.907319068908691,6.328171718095296,5.965218502880626,6.715699252875915,4.60110330581665,52839,75,30,0.0037437712308019,-0.0184571556746959,0.0247001871466636,0.0008120708943532,0.0180428065359592
Action Transformer,transition,BIS,300,300s,5.066768169403076,4.767000675201416,5.383833408355713,7.092336639900272,6.6579576191354,7.585081073727527,5.0093255043029785,52839,75,30,0.0235169157385826,0.0002384116669418,0.0479626357555389,0.0046630468250069,0.0180428065359592
Action Transformer,transition,BIS,0,full_5min_trajectory,4.351165771484375,4.104580402374268,4.602835655212402,6.028564804114833,5.70215604729005,6.38176502985187,4.330613613128662,52839,75,30,0.0061064907349646,-0.0070296437479555,0.0196429416537284,0.0014053871719731,0.0180428065359592
Action Transformer,initiation,BIS,30,30s,3.38154411315918,3.1397833824157715,3.606581687927246,4.425073982956519,4.127965612460483,4.701691164973622,3.501631021499634,3801,73,30,-0.0046240179799497,-0.0167822130024433,0.0088140005245804,-0.0013655607092562,0.0279420781880617
Action Transformer,initiation,BIS,60,60s,3.8491132259368896,3.5512540340423584,4.131312370300293,5.048952035471731,4.692688372107703,5.389411944581564,3.974551916122437,3801,73,30,-0.00753901200369,-0.0229609627276659,0.0092774452641606,-0.0019548075449648,0.0279420781880617
Action Transformer,initiation,BIS,180,180s,4.770821571350098,4.338170528411865,5.251197338104248,6.296387305671987,5.649306951907042,7.033486514962003,4.74452018737793,3801,73,30,0.0161394476890563,-0.0380821675062179,0.070436343550682,0.0033944332573251,0.0279420781880617
Action Transformer,initiation,BIS,300,300s,5.217714309692383,4.75115966796875,5.719460964202881,7.108911654286278,6.325072204418957,7.964273309789622,5.036028861999512,3801,73,30,0.0111983148381114,-0.0576458573341369,0.0801561251282692,0.002150826822826,0.0279420781880617
Action Transformer,initiation,BIS,0,full_5min_trajectory,4.417298793792725,4.097520351409912,4.74078893661499,5.947758215437699,5.461959372158078,6.46593410367039,4.416669845581055,3801,73,30,0.0140517652034759,-0.0184206813573837,0.0452578775584697,0.0031912281068427,0.0279420781880617
Action Transformer,increase,BIS,30,30s,3.3903284072875977,3.1953887939453125,3.593385696411133,4.595525489289019,4.344928389508961,4.858856664163468,3.39070987701416,19620,75,30,-0.0017942051636055,-0.0091070188209414,0.0063940677791833,-0.000528932890794,0.0160854160785675
Action Transformer,increase,BIS,60,60s,3.8889412879943848,3.6597342491149902,4.137327194213867,5.2533455134668525,4.938565296223043,5.583225685714056,3.898815870285034,19620,75,30,4.515238288149703e-06,-0.0119831981137394,0.0115993097424507,1.161046982523766e-06,0.0160854160785675
Action Transformer,increase,BIS,180,180s,4.717557430267334,4.340226650238037,5.110918045043945,6.465107800026756,5.975200582672838,6.987238559369994,4.685970783233643,19620,75,30,0.0126035567373037,-0.0085323872044682,0.0347575023770332,0.0026787844514438,0.0160854160785675
Action Transformer,increase,BIS,300,300s,5.168830394744873,4.724145412445068,5.660042762756348,7.241040975437095,6.485146203198156,8.07895465773985,5.0517449378967285,19620,75,30,0.021682159975171,-0.0033392854966223,0.0462671965360641,0.0042124608458432,0.0160854160785675
Action Transformer,increase,BIS,0,full_5min_trajectory,4.419180870056152,4.109979629516602,4.75056266784668,6.127918093241024,5.691682053522374,6.600150089291294,4.379494667053223,19620,75,30,0.0108713340014219,-0.0045649097301065,0.0268167648464441,0.0024661001966652,0.0160854160785675
Action Transformer,decrease,BIS,30,30s,3.3817126750946045,3.2197587490081787,3.546238899230957,4.525847904577781,4.332558684922892,4.723606869017292,3.3475148677825928,28007,75,30,-0.00757617643103,-0.0174811352044343,-7.737510168226436e-05,-0.0022353293514965,0.017442662268877
Action Transformer,decrease,BIS,60,60s,3.859730958938599,3.6714794635772714,4.063144683837891,5.169884981687402,4.9218728686131294,5.422618628084086,3.810157299041748,28007,75,30,-0.0169345214962959,-0.0512720867991447,0.0040698181837797,-0.0043683211904859,0.017442662268877
Action Transformer,decrease,BIS,180,180s,4.498349666595459,4.240447044372559,4.757333278656006,6.187334154777087,5.807464058773443,6.558967729621991,4.47469425201416,28007,75,30,-0.0013690009946003,-0.0412491001188755,0.0295897796750068,-0.0003042414962506,0.017442662268877
Action Transformer,decrease,BIS,300,300s,4.990793704986572,4.662696838378906,5.315651893615723,6.984311916399255,6.501929363598066,7.437924925902999,4.902318000793457,28007,75,30,0.0274533238261938,-0.0061410027556121,0.0595833659172058,0.0055312193530878,0.017442662268877
Action Transformer,decrease,BIS,0,full_5min_trajectory,4.280099391937256,4.048054218292236,4.511066913604736,5.933927083399619,5.615003731676256,6.256535889212801,4.23700475692749,28007,75,30,0.003994133323431,-0.015225145034492,0.0212263222783803,0.0009340587734769,0.017442662268877
Action Transformer,stop,BIS,30,30s,3.8864808082580566,3.5022974014282227,4.284540176391602,5.191440969656755,4.596115437504607,5.804474899896234,3.904098510742188,1411,54,30,-0.0045667863450944,-0.0350879356265068,0.0271301865577697,-0.0011736649556238,0.030505696311593
Action Transformer,stop,BIS,60,60s,4.371154308319092,3.859749555587769,4.930166244506836,5.972759078782903,5.086316635134092,7.012857617729932,4.486686706542969,1411,54,30,-0.0014334194129332,-0.0439020842313766,0.0454796217381954,-0.000327819442685,0.030505696311593
Action Transformer,stop,BIS,180,180s,5.59453821182251,4.5802083015441895,6.717623710632324,7.8898147015877775,6.172734376977573,9.549657637765616,5.5437750816345215,1411,54,30,0.0155562339350581,-0.0747572630643844,0.1033668890595436,0.0027883638306385,0.030505696311593
Action Transformer,stop,BIS,300,300s,6.476504325866699,4.999636173248291,8.39465618133545,9.805119356774089,6.739211892254979,13.455165305141064,6.471563339233398,1411,54,30,0.0984527915716171,-0.0695376023650169,0.2595730125904083,0.0154361857366588,0.030505696311593
Action Transformer,stop,BIS,0,full_5min_trajectory,5.289719581604004,4.422252178192139,6.30917501449585,7.690890425186577,5.962968352854846,9.586503364257986,5.277148723602295,1411,54,30,0.0211609508842229,-0.0554865784943103,0.0905342251062393,0.0040164596806877,0.030505696311593
Action Transformer,overall,BIS,30,30s,3.3761837482452397,3.204906940460205,3.546983242034912,4.56375919889653,4.35493270243909,4.7780651380682375,3.338340282440185,83992,75,60,-0.011079266667366,-0.0243591591715812,-0.0025800489820539,-0.0032708610085399,0.0163419619202613
Action Transformer,overall,BIS,60,60s,3.84647536277771,3.658929347991944,4.041915416717529,5.209258076271533,4.97788765838993,5.444702464540019,3.806431293487549,83992,75,60,-0.0153881376609206,-0.0436810962855815,0.0024850980844348,-0.0039846403711947,0.0163419619202613
Action Transformer,overall,BIS,180,180s,4.678879261016846,4.427247524261475,4.950742244720459,6.484035253241858,6.141619186873464,6.855615650135501,4.603314399719238,83992,75,60,0.0191677641123533,-0.0092322854325175,0.0439145043492317,0.0041135080490425,0.0163419619202613
Action Transformer,overall,BIS,300,300s,5.160543441772461,4.87827205657959,5.469271183013916,7.304491140408927,6.891080049812924,7.752975876960438,5.049575805664063,83992,75,60,0.0304723102599382,-0.0072152581997215,0.0648950487375259,0.0059399390945415,0.0163419619202613
Action Transformer,overall,BIS,0,full_5min_trajectory,4.388309478759766,4.164944648742676,4.634169578552246,6.151647095974232,5.852700951608162,6.47969375216346,4.318731307983398,83992,75,60,0.0132735799998044,-0.0079008284956216,0.0316999852657318,0.0030339370036913,0.0163419619202613
Action Transformer,transition,BIS,30,30s,3.393944025039673,3.219658851623535,3.5659937858581543,4.556553139564146,4.348302198546888,4.76571425057307,3.3873629570007324,52839,75,60,-0.0118028493598103,-0.0258535854518413,-0.0016932815779,-0.0034655682740335,0.0203849840909242
Action Transformer,transition,BIS,60,60s,3.872253894805908,3.667415142059326,4.076786041259766,5.20254870823171,4.953088224737788,5.46295539127455,3.87094521522522,52839,75,60,-0.01736955717206,-0.0477670952677726,0.0039090304635465,-0.0044656132936045,0.0203849840909242
Action Transformer,transition,BIS,180,180s,4.6260528564453125,4.347774505615234,4.923543930053711,6.356434735189579,5.990168782246033,6.742771375355426,4.617053031921387,52839,75,60,0.0158999990671873,-0.0165269672870636,0.0449913740158081,0.0034489090456364,0.0203849840909242
Action Transformer,transition,BIS,300,300s,5.088357925415039,4.784087181091309,5.419064998626709,7.148438300461021,6.694930752317033,7.628166416779335,5.037528038024902,52839,75,60,0.0451063551008701,0.002102819038555,0.0877858847379684,0.0089439043911556,0.0203849840909242
Action Transformer,transition,BIS,0,full_5min_trajectory,4.359495639801025,4.115409851074219,4.618266105651856,6.055232775345886,5.727791065028398,6.404082736489339,4.343044281005859,52839,75,60,0.0144365821033716,-0.0087879495695233,0.0365587398409843,0.003322528138632,0.0203849840909242
Action Transformer,initiation,BIS,30,30s,3.377706527709961,3.1293530464172363,3.606372117996216,4.423341757204093,4.1226635876290825,4.703782146586292,3.492696762084961,3801,73,60,-0.0084616504609584,-0.0262541677802801,0.0101344594731926,-0.0024988867809441,0.0319608449935913
Action Transformer,initiation,BIS,60,60s,3.872900247573853,3.5750129222869877,4.161740779876709,5.061178340993411,4.704568533658599,5.410147788802048,3.9882700443267822,3801,73,60,0.0162478145211935,-0.0187486931681633,0.0505090430378913,0.0042129327290728,0.0319608449935913
Action Transformer,initiation,BIS,180,180s,4.812474727630615,4.375823497772217,5.31442928314209,6.370373711515302,5.744113064686518,7.090081026504729,4.7844977378845215,3801,73,60,0.0577932447195053,-0.0400236807763576,0.1614020615816116,0.0121550201533623,0.0319608449935913
Action Transformer,initiation,BIS,300,300s,5.269961357116699,4.784628868103027,5.781157970428467,7.1753190026163045,6.437929009521667,7.979742628646214,5.072932243347168,3801,73,60,0.0634457692503929,-0.0642225444316864,0.19467194378376,0.012185839054476,0.0319608449935913
Action Transformer,initiation,BIS,0,full_5min_trajectory,4.455193996429443,4.141726493835449,4.7824530601501465,6.003611113740571,5.531894452327291,6.527621050456984,4.4439191818237305,3801,73,60,0.0519471727311611,-0.0121023869141936,0.120838277041912,0.0117974699470278,0.0319608449935913
Action Transformer,increase,BIS,30,30s,3.386178493499756,3.192903995513916,3.5925235748291016,4.590226255670528,4.340160615823172,4.852139203721893,3.387871503829956,19620,75,60,-0.0059441276825964,-0.015898572281003,0.0037538474425673,-0.0017523328447492,0.0183612834662199
Action Transformer,increase,BIS,60,60s,3.883511543273926,3.657278537750244,4.127924919128418,5.250385088648409,4.940630536012968,5.570112184665212,3.897026300430298,19620,75,60,-0.0054245349019765,-0.0232713744044303,0.0112390415742993,-0.0013948632337,0.0183612834662199
Action Transformer,increase,BIS,180,180s,4.727503776550293,4.352931976318359,5.124588966369629,6.483304516778106,6.001919757168066,7.003419585800596,4.691222667694092,19620,75,60,0.0225501991808414,-0.0118970852345228,0.0562643408775329,0.0047928631735999,0.0183612834662199
Action Transformer,increase,BIS,300,300s,5.182119846343994,4.726705551147461,5.671042442321777,7.283735514112987,6.528102864857458,8.120879081909068,5.061015605926514,19620,75,60,0.0349713787436485,-0.0104503203183412,0.0800934582948684,0.0067943214076213,0.0183612834662199
Action Transformer,increase,BIS,0,full_5min_trajectory,4.425821781158447,4.115830898284912,4.752447605133057,6.146439068787582,5.707637809463182,6.624836181918453,4.384754180908203,19620,75,60,0.0175119433552026,-0.0084106782451272,0.0417740568518638,0.0039724846046131,0.0183612834662199
Action Transformer,decrease,BIS,30,30s,3.3742544651031494,3.213582754135132,3.5378522872924805,4.520652427511026,4.324458252598445,4.719880833818712,3.3469839096069336,28007,75,60,-0.0150341065600514,-0.0449166111648082,0.0052715209312736,-0.0044357704672198,0.0194555725902318
Action Transformer,decrease,BIS,60,60s,3.847242832183838,3.6527092456817623,4.0511674880981445,5.161158774030021,4.9103329914243,5.415883208127024,3.8073112964630127,28007,75,60,-0.0294224042445421,-0.0857957974076271,0.0067159738391637,-0.0075896158013433,0.0194555725902318
Action Transformer,decrease,BIS,180,180s,4.512630462646484,4.250110626220703,4.782135963439941,6.222475708990322,5.834735302253503,6.6030757095223125,4.492696762084961,28007,75,60,0.0129121951758861,-0.0391467735171318,0.0579953230917453,0.0028695564106134,0.0194555725902318
Action Transformer,decrease,BIS,300,300s,5.019193649291992,4.674497127532959,5.353144645690918,7.054763202113209,6.575177835010375,7.519028747414347,4.940630912780762,28007,75,60,0.0558533109724521,-0.0132581051439046,0.1169798523187637,0.011253169799793,0.0194555725902318
Action Transformer,decrease,BIS,0,full_5min_trajectory,4.288966655731201,4.050326347351074,4.527187347412109,5.966972046323941,5.639493115420654,6.295577528490641,4.251748085021973,28007,75,60,0.0128621039912104,-0.0251455195248127,0.0455457977950573,0.003007901866441,0.0194555725902318
Action Transformer,stop,BIS,30,30s,3.8684704303741455,3.4742913246154785,4.27125358581543,5.201383098649437,4.590357974851229,5.819250964962148,3.89803147315979,1411,54,60,-0.0225775372236967,-0.0665345266461372,0.0170615315437316,-0.0058024313426024,0.0357891656458377
Action Transformer,stop,BIS,60,60s,4.333307266235352,3.822044610977173,4.873744010925293,5.963803463538095,5.071740089074748,7.009963710108706,4.45531177520752,1411,54,60,-0.0392808057367801,-0.1064551845192909,0.0404510721564292,-0.0089834222479935,0.0357891656458377
Action Transformer,stop,BIS,180,180s,5.611773014068604,4.585075855255127,6.783900737762451,7.975269956414363,6.161691187771181,9.793686635409449,5.602989196777344,1411,54,60,0.0327900126576423,-0.1312141269445419,0.2061430215835571,0.0058774177402088,0.0357891656458377
Action Transformer,stop,BIS,300,300s,6.574353694915772,5.050987720489502,8.58340072631836,9.992273397426922,6.870777567430306,13.739521819876671,6.538873672485352,1411,54,60,0.1963026672601699,-0.1297447830438614,0.5240745544433594,0.0307778416849186,0.0357891656458377
Action Transformer,stop,BIS,0,full_5min_trajectory,5.308852195739746,4.425928592681885,6.371656894683838,7.76851877987066,5.96208513843924,9.766762824339215,5.3034844398498535,1411,54,60,0.0402937605977058,-0.0951761901378631,0.1797535568475723,0.0076479675090893,0.0357891656458377
Action Transformer,overall,BIS,30,30s,3.3779914379119877,3.2087738513946533,3.5476906299591064,4.570199400977737,4.359025838671644,4.784252744740972,3.338871955871582,83992,75,120,-0.0092715127393603,-0.0258012674748897,0.003302892204374,-0.0027371693831217,0.018064709380269
Action Transformer,overall,BIS,60,60s,3.861207246780396,3.673189640045166,4.054140567779541,5.237060222507464,5.005516251835338,5.472767253569547,3.814643859863281,83992,75,120,-0.000656391668599,-0.0248303152620792,0.0188581123948097,-0.000169967594497,0.018064709380269
Action Transformer,overall,BIS,180,180s,4.72509241104126,4.465765476226807,5.009090900421143,6.574045832916078,6.219867855029816,6.963259325792227,4.643367290496826,83992,75,120,0.0653802901506424,0.0187325831502676,0.1065046340227127,0.0140309713854458,0.018064709380269
Action Transformer,overall,BIS,300,300s,5.2227935791015625,4.936635494232178,5.535236835479736,7.42689488953461,7.006228264699225,7.886548006912278,5.105389595031738,83992,75,120,0.0927224904298782,0.0341991931200027,0.1505300402641296,0.0180743088118191,0.018064709380269
Action Transformer,overall,BIS,0,full_5min_trajectory,4.422600269317627,4.195281982421875,4.665407180786133,6.225213607125919,5.910612886667924,6.55943706423115,4.349154472351074,83992,75,120,0.0475656427443027,0.0130967861041426,0.0797425061464309,0.0108720604108636,0.018064709380269
Action Transformer,transition,BIS,30,30s,3.3976707458496094,3.225260734558105,3.570503234863281,4.563299657689504,4.351485136977819,4.770465331342328,3.3874871730804443,52839,75,120,-0.0080764153972268,-0.0226394701749086,0.003930103033781,-0.0023714077944476,0.0223097000271081
Action Transformer,transition,BIS,60,60s,3.886120080947876,3.6882882118225098,4.091002464294434,5.227615045187331,4.980460899197244,5.487833959197445,3.8801467418670654,52839,75,120,-0.0035033309832215,-0.0308983270078897,0.0173149369657039,-0.0009006862555906,0.0223097000271081
Action Transformer,transition,BIS,180,180s,4.690646171569824,4.40412712097168,4.995844841003418,6.460894103636756,6.085043923588551,6.8718096179636055,4.67259407043457,52839,75,120,0.0804927945137023,0.0367710292339324,0.1226196065545082,0.017459895810923,0.0223097000271081
Action Transformer,transition,BIS,300,300s,5.183337688446045,4.864236354827881,5.531271934509277,7.311820756714453,6.834924311075783,7.815606804132157,5.117663860321045,52839,75,120,0.1400862783193588,0.0807801410555839,0.2060161083936691,0.027776979030988,0.0223097000271081
Action Transformer,transition,BIS,0,full_5min_trajectory,4.40595293045044,4.150946617126465,4.6694512367248535,6.141449307546873,5.805501683100305,6.502235321677215,4.38497257232666,52839,75,120,0.0608932375907897,0.0274073109030723,0.0935525074601173,0.0140143625339515,0.0223097000271081
Action Transformer,initiation,BIS,30,30s,3.4128687381744385,3.1606040000915527,3.648376941680908,4.466931379834309,4.176382308823406,4.76063651725675,3.5091824531555176,3801,73,120,0.0267006307840347,-0.012119872495532,0.0677000358700752,0.0078852055656217,0.034852996468544
Action Transformer,initiation,BIS,60,60s,3.945028305053711,3.6451478004455566,4.252932071685791,5.154156068972417,4.791440986073236,5.51846594765296,4.0140790939331055,3801,73,120,0.0883760452270507,0.0163894519209861,0.1697537302970886,0.022915225485705,0.034852996468544
Action Transformer,initiation,BIS,180,180s,5.028745651245117,4.557936668395996,5.567214488983154,6.658699838468345,6.025167768366528,7.370226851016814,4.902410507202148,3801,73,120,0.2740640938282013,0.0907930806279182,0.4746463894844055,0.05764089903522,0.034852996468544
Action Transformer,initiation,BIS,300,300s,5.466099262237549,4.935690879821777,6.01809024810791,7.483331340741386,6.73630547346873,8.211959528448432,5.211956024169922,3801,73,120,0.2595831453800201,0.048451017588377,0.4629497528076172,0.0498573579961124,0.034852996468544
Action Transformer,initiation,BIS,0,full_5min_trajectory,4.615012168884277,4.267792701721191,4.981849193572998,6.221666121988233,5.74965733046106,6.735758699023061,4.534792423248291,3801,73,120,0.2117656469345092,0.0722484290599823,0.3582155704498291,0.0480930669403715,0.034852996468544
Action Transformer,increase,BIS,30,30s,3.387853145599365,3.195836067199707,3.591377019882202,4.5976429747047085,4.345922791147608,4.8599537201235945,3.38798189163208,19620,75,120,-0.004269519355148,-0.0191026348620653,0.0101990634575486,-0.0012586571818138,0.0203952901065349
Action Transformer,increase,BIS,60,60s,3.885533332824707,3.6620993614196777,4.132254600524902,5.266743255412458,4.961020545564756,5.590447671123862,3.900517702102661,19620,75,120,-0.0034029681701213,-0.0263320282101631,0.0198068991303443,-0.0008750381870018,0.0203952901065349
Action Transformer,increase,BIS,180,180s,4.778342723846436,4.403380870819092,5.177989959716797,6.55306502984675,6.0654494199737385,7.085224691959096,4.731609344482422,19620,75,120,0.0733893141150474,0.0205048732459545,0.125023677945137,0.0155983074977275,0.0203952901065349
Action Transformer,increase,BIS,300,300s,5.254330158233643,4.7965617179870605,5.77049446105957,7.418429761625692,6.639901442658083,8.266514750079459,5.11594820022583,19620,75,120,0.1071819439530372,0.0392291136085987,0.179682508111,0.020823559221063,0.0203952901065349
Action Transformer,increase,BIS,0,full_5min_trajectory,4.4565277099609375,4.141880035400391,4.7912445068359375,6.206916937666699,5.758967828458391,6.699716977646624,4.411104202270508,19620,75,120,0.0482181906700134,0.011972545646131,0.0829719603061676,0.0109380219096028,0.0203952901065349
Action Transformer,decrease,BIS,30,30s,3.3759939670562744,3.2124502658843994,3.540407180786133,4.526240032430533,4.32803245473035,4.721593745178299,3.3464722633361816,28007,75,120,-0.0132947349920868,-0.0427636466920375,0.008453763090074,-0.0039225738231837,0.0211523529142141
Action Transformer,decrease,BIS,60,60s,3.863134860992432,3.6693098545074463,4.064672470092773,5.188580687684476,4.9347924643554935,5.446779072759979,3.8186635971069336,28007,75,120,-0.0135306613519787,-0.0618409253656864,0.0201278757303953,-0.0034902831307082,0.0211523529142141
Action Transformer,decrease,BIS,180,180s,4.570613384246826,4.294642448425293,4.850757598876953,6.327907982389895,5.927374306918402,6.73666137685038,4.540859222412109,28007,75,120,0.0708942115306854,0.0137074692174792,0.1277241259813308,0.0157552558958513,0.0211523529142141
Action Transformer,decrease,BIS,300,300s,5.120265483856201,4.7689528465271,5.467243671417236,7.211509607501871,6.707769461048741,7.708117370329502,5.021398544311523,28007,75,120,0.1569248288869857,0.0704481154680252,0.2447199076414108,0.0316167782092576,0.0211523529142141
Action Transformer,decrease,BIS,0,full_5min_trajectory,4.333875179290772,4.088091373443604,4.580754280090332,6.052665047804,5.706111094861744,6.409718537481683,4.291758060455322,28007,75,120,0.0577701181173324,0.0118277668952941,0.1018903777003288,0.0135099860977947,0.0211523529142141
Action Transformer,stop,BIS,30,30s,3.852877378463745,3.4637136459350586,4.253587245941162,5.207955898596265,4.588946055830284,5.811226654038661,3.866899251937866,1411,54,120,-0.0381706058979034,-0.114252932369709,0.0367414467036724,-0.0098098529451502,0.0381123386323452
Action Transformer,stop,BIS,60,60s,4.359683036804199,3.853192806243897,4.881825923919678,5.998871379243519,5.126056655255162,7.034542143779325,4.456485271453857,1411,54,120,-0.0129047827795147,-0.1371627002954483,0.1178502216935157,-0.0029512916181978,0.0381123386323452
Action Transformer,stop,BIS,180,180s,5.829771041870117,4.7060160636901855,7.078718185424805,8.371658341757222,6.428599899471149,10.33616226194112,5.847687244415283,1411,54,120,0.2507887482643127,-0.0919724255800247,0.601769745349884,0.0449524144282359,0.0381123386323452
Action Transformer,stop,BIS,300,300s,6.875473976135254,5.283662796020508,8.972235679626465,10.563877354491682,7.284760377984195,14.424570081839471,6.798279762268066,1411,54,120,0.4974226355552673,-0.0959277153015136,1.1513835191726685,0.0779897458414276,0.0381123386323452
Action Transformer,stop,BIS,0,full_5min_trajectory,5.480304718017578,4.555882930755615,6.587284564971924,8.10229088682615,6.216780307470855,10.124965338000084,5.468249797821045,1411,54,120,0.2117459625005722,-0.0597146674990654,0.4908856153488159,0.0401904964283086,0.0381123386323452
RSSM,overall,BIS,30,30s,3.342487335205078,3.178360939025879,3.512152910232544,4.537327341204855,4.327604958039904,4.753133242347287,3.3086745738983154,83992,75,-120,0.0324575491249561,0.0233929827809333,0.0423596203327178,0.0098058179606952,0.0176465455442667
RSSM,overall,BIS,60,60s,3.840188026428223,3.653241395950317,4.038012504577637,5.215027903759222,4.98287319410746,5.463616975811355,3.8022708892822266,83992,75,-120,0.0537881031632423,0.0401030480861663,0.0694668963551521,0.0142056056986979,0.0176465455442667
RSSM,overall,BIS,180,180s,4.703048229217529,4.462947845458984,4.980565071105957,6.479404391949468,6.146389107440124,6.854491839671775,4.63007402420044,83992,75,-120,0.0954972207546234,0.0693631395697593,0.1245619356632232,0.0207262445080243,0.0176465455442667
RSSM,overall,BIS,300,300s,5.199203968048096,4.926739692687988,5.500317573547363,7.270387331628508,6.869413846037721,7.697252244025416,5.085237503051758,83992,75,-120,0.1113113760948181,0.0707235857844352,0.15703746676445,0.0218776979637648,0.0176465455442667
RSSM,overall,BIS,0,full_5min_trajectory,4.402258396148682,4.191486835479736,4.648308277130127,6.14322954614198,5.841592482215058,6.476391687660049,4.335814952850342,83992,75,-120,0.0825102925300598,0.0599085576832294,0.1078961342573165,0.0191007214018684,0.0176465455442667
RSSM,transition,BIS,30,30s,3.366644382476806,3.1946916580200195,3.539397716522217,4.539611888210385,4.330107417371038,4.75322653958562,3.3627614974975586,52839,75,-120,0.0396787337958812,0.0282879229635,0.0518566742539405,0.0119264043462862,0.0219602268189191
RSSM,transition,BIS,60,60s,3.871227502822876,3.6752543449401855,4.080524444580078,5.214037566429746,4.962896581989242,5.476955688119007,3.8686673641204834,52839,75,-120,0.0632724985480308,0.0453323647379875,0.0815026238560676,0.016615870256085,0.0219602268189191
RSSM,transition,BIS,180,180s,4.654758453369141,4.388610363006592,4.940894603729248,6.3692124967196015,6.014213891922449,6.735616264213708,4.635117530822754,52839,75,-120,0.1267910450696945,0.0936891883611679,0.1632985770702362,0.0280017542160843,0.0219602268189191
RSSM,transition,BIS,300,300s,5.115016937255859,4.818237781524658,5.4473185539245605,7.101053788332064,6.679470197031881,7.598994700549828,5.05579137802124,52839,75,-120,0.133910596370697,0.0877722948789596,0.1851011365652084,0.0268837033361037,0.0219602268189191
RSSM,transition,BIS,0,full_5min_trajectory,4.374704837799072,4.139440059661865,4.628052234649658,6.054334037061733,5.740351999900675,6.403093258065541,4.354186058044434,52839,75,-120,0.1042547225952148,0.0780581459403038,0.1329419314861297,0.024413049711784,0.0219602268189191
RSSM,initiation,BIS,30,30s,3.3638758659362797,3.120807647705078,3.6003401279449463,4.401953367645747,4.117917077643697,4.67636800731809,3.465229034423828,3801,73,-120,0.028351666405797,-0.0030726925469934,0.0599605962634086,0.0084999135689749,0.0343119464814662
RSSM,initiation,BIS,60,60s,3.838090419769287,3.554166078567505,4.138998508453369,5.070515068721696,4.675694973945572,5.425927486330246,3.941972017288208,3801,73,-120,0.0322574116289615,-0.0125651694834232,0.0817538276314735,0.0084757830446489,0.0343119464814662
RSSM,initiation,BIS,180,180s,4.863073348999023,4.437385559082031,5.315635681152344,6.405753065234694,5.796441650644486,7.0564130360476165,4.888350486755371,3801,73,-120,-0.0084180198609828,-0.1118104606866836,0.0837285295128822,-0.0017280168002299,0.0343119464814662
RSSM,initiation,BIS,300,300s,5.265959739685059,4.812579154968262,5.736633777618408,7.146519071041767,6.363821663573821,8.004404762720883,5.177168846130371,3801,73,-120,-0.011090887710452,-0.1673680245876312,0.1425477713346481,-0.0021017209747472,0.0343119464814662
RSSM,initiation,BIS,0,full_5min_trajectory,4.454946994781494,4.132797718048096,4.7666521072387695,6.006182981627272,5.521374178131872,6.535182809177202,4.485740661621094,3801,73,-120,-0.0019007474184036,-0.0839123800396919,0.0710223913192749,-0.000426477986264,0.0343119464814662
RSSM,increase,BIS,30,30s,3.359522819519043,3.1651148796081543,3.5663232803344727,4.596778960946012,4.332768012120034,4.87175368769094,3.371488332748413,19620,75,-120,0.0485882721841335,0.0298503562808036,0.0673044621944427,0.0146750929515997,0.0200817231088876
RSSM,increase,BIS,60,60s,3.875083923339844,3.640525341033936,4.129524230957031,5.255016836326335,4.940805994297997,5.5993111527340425,3.9025416374206543,19620,75,-120,0.0658105686306953,0.0379835776984691,0.0967360585927963,0.01727640843682,0.0200817231088876
RSSM,increase,BIS,180,180s,4.701103687286377,4.348614692687988,5.077698230743408,6.430886732691004,5.981358497456715,6.91873269841375,4.667286396026611,19620,75,-120,0.0877716019749641,0.0403140000998973,0.1308454275131225,0.0190256386784925,0.0200817231088876
RSSM,increase,BIS,300,300s,5.123220920562744,4.717940807342529,5.5728044509887695,7.055880524901868,6.451207649669956,7.712347054472008,5.025540828704834,19620,75,-120,0.0657689496874809,-0.0136414328590035,0.1372112929821014,0.0130043640676446,0.0200817231088876
RSSM,increase,BIS,0,full_5min_trajectory,4.3951191902160645,4.096892833709717,4.722318172454834,6.080567170843574,5.68460847900454,6.510562237955864,4.371158123016357,19620,75,-120,0.0724993050098419,0.029238136485219,0.1127933487296104,0.0167720767573542,0.0200817231088876
RSSM,decrease,BIS,30,30s,3.3524911403656006,3.190140008926392,3.51694130897522,4.502399440661235,4.303552827642251,4.70082659655916,3.321925163269043,28007,75,-120,0.0340037979185581,0.0209549702703952,0.0470419451594352,0.0102467755087275,0.0207532905042171
RSSM,decrease,BIS,60,60s,3.8617103099823,3.664900064468384,4.0590667724609375,5.194163627083008,4.938945896566783,5.468566019505697,3.808145046234131,28007,75,-120,0.0649408996105194,0.0385247729718685,0.0921395272016525,0.0171042539741307,0.0207532905042171
RSSM,decrease,BIS,180,180s,4.574584484100342,4.331904888153076,4.848191738128662,6.271195748672183,5.902284613059968,6.640926004207499,4.520011901855469,28007,75,-120,0.1565099209547042,0.1018560454249382,0.2119792103767395,0.0354249157940089,0.0207532905042171
RSSM,decrease,BIS,300,300s,5.082902431488037,4.76772928237915,5.410026550292969,7.034672561107033,6.5926709489932245,7.485541840067711,4.974031925201416,28007,75,-120,0.1798344999551773,0.1084870845079422,0.2624430358409881,0.0366779529770982,0.0207532905042171
RSSM,decrease,BIS,0,full_5min_trajectory,4.333719253540039,4.110477924346924,4.5795183181762695,5.990475724678215,5.667151299490632,6.321070226036904,4.271775722503662,28007,75,-120,0.1292939782142639,0.088322602212429,0.1727041602134704,0.0307518822617036,0.0207532905042171
RSSM,stop,BIS,30,30s,3.7372851371765137,3.377478837966919,4.121973991394043,5.006207046610265,4.428379626010009,5.55131984516434,3.775936365127564,1411,54,-120,0.0538835041224956,-0.0099164713174104,0.130027636885643,0.0146287345771389,0.0387639813125133
RSSM,stop,BIS,60,60s,4.312028408050537,3.8158278465271,4.85907506942749,5.853841462611092,4.9781211915274,6.85776398320657,4.401484966278076,1411,54,-120,0.0793010517954826,-0.0177497770637273,0.1911660134792328,0.0187352151093337,0.0387639813125133
RSSM,stop,BIS,180,180s,5.952484607696533,4.841838359832764,7.229534149169922,8.389192313235943,6.493926218265148,10.303547620450663,5.790376663208008,1411,54,-120,0.486514151096344,0.1769524812698364,0.8130350708961487,0.0890078257198766,0.0387639813125133
RSSM,stop,BIS,300,300s,6.827383518218994,5.181662559509277,8.921018600463867,10.611993345785518,7.019263872203209,14.354473286063564,6.772305965423584,1411,54,-120,0.4210251271724701,-0.0216454472392797,0.9055601358413696,0.0657198654704081,0.0387639813125133
RSSM,stop,BIS,0,full_5min_trajectory,5.489124774932861,4.585639476776123,6.553358554840088,8.093759426273468,6.20366429980128,10.086301718709382,5.399557113647461,1411,54,-120,0.3224910199642181,0.1052029281854629,0.5594367384910583,0.0624180104099438,0.0387639813125133
RSSM,overall,BIS,30,30s,3.3287911415100098,3.1645596027374268,3.4977774620056152,4.506518622869166,4.2998775464741845,4.717263499175586,3.2947869300842285,83992,75,-60,0.0187613498419523,0.0131318634375929,0.0249533243477344,0.0056680305878564,0.0161734856665134
RSSM,overall,BIS,60,60s,3.813721895217896,3.631368398666382,4.007294178009033,5.161144176459817,4.936441042369991,5.404064640836006,3.776743650436402,83992,75,-60,0.0273226127028465,0.0196061674505472,0.0367754399776458,0.0072159871772558,0.0161734856665134
RSSM,overall,BIS,180,180s,4.641153335571289,4.4018731117248535,4.914345264434815,6.382619754491092,6.055106462319183,6.7526505529122485,4.573085308074951,83992,75,-60,0.0336034633219242,0.0189699158072471,0.0490188337862491,0.0072931294923879,0.0161734856665134
RSSM,overall,BIS,300,300s,5.121912956237793,4.853054523468018,5.430685043334961,7.168679183969372,6.780540042400868,7.602542261258961,5.013440132141113,83992,75,-60,0.0340200737118721,0.011429438367486,0.0585202760994434,0.0066864764724438,0.0161734856665134
RSSM,overall,BIS,0,full_5min_trajectory,4.350951671600342,4.141614437103272,4.591387748718262,6.059562364645271,5.768872016120561,6.387259569514113,4.287971019744873,83992,75,-60,0.0312038715928792,0.0192810148000717,0.0445889197289943,0.0072235407205485,0.0161734856665134
RSSM,transition,BIS,30,30s,3.34941029548645,3.17885160446167,3.518422842025757,4.504823430842368,4.298498450415291,4.713975524605748,3.345562696456909,52839,75,-60,0.0224448312073946,0.0158710982650518,0.0291493199765682,0.0067463375681438,0.0202302634716033
RSSM,transition,BIS,60,60s,3.838264226913452,3.644796848297119,4.045717239379883,5.152287480738986,4.90364384528748,5.405465306130569,3.8375051021575928,52839,75,-60,0.0303083378821611,0.0206057112663984,0.0407570637762546,0.0079592148482217,0.0202302634716033
RSSM,transition,BIS,180,180s,4.57053279876709,4.306685924530029,4.851963996887207,6.2425248266176325,5.906188641587698,6.606896767764905,4.559816837310791,52839,75,-60,0.042564321309328,0.0239379480481147,0.0615403689444065,0.0094003142179567,0.0202302634716033
RSSM,transition,BIS,300,300s,5.01349401473999,4.721485137939453,5.345772743225098,6.970075677928805,6.55210154358517,7.461765231408205,4.960083484649658,52839,75,-60,0.0323876775801181,0.0071434979327023,0.0594325363636016,0.0065021046833289,0.0202302634716033
RSSM,transition,BIS,0,full_5min_trajectory,4.307072162628174,4.073089599609375,4.560511589050293,5.948431292270861,5.64303596516758,6.294097060452475,4.291744709014893,52839,75,-60,0.0366214551031589,0.0229991413652896,0.051623735576868,0.0085755482504379,0.0202302634716033
RSSM,initiation,BIS,30,30s,3.348728656768799,3.1068320274353027,3.5825014114379883,4.370865530374864,4.080168113610903,4.646149606017764,3.4450268745422363,3801,73,-60,0.0132042951881885,-0.0078283790498971,0.0339436009526252,0.003958686809883,0.0316344872117042
RSSM,initiation,BIS,60,60s,3.806848764419556,3.5276870727539062,4.103174209594727,5.016842513102193,4.638763979348757,5.373861325324952,3.901131629943848,3801,73,-60,0.0010158926015719,-0.0261257607489824,0.0290865655988454,0.0002669304464545,0.0316344872117042
RSSM,initiation,BIS,180,180s,4.837479114532471,4.400163650512695,5.299623966217041,6.34622700255583,5.743742149771057,7.006965441420817,4.826448917388916,3801,73,-60,-0.0340121984481811,-0.092153362929821,0.0175618678331375,-0.0069818854435855,0.0316344872117042
RSSM,initiation,BIS,300,300s,5.2347941398620605,4.787498950958252,5.711999893188477,7.093156293987713,6.297611922314066,7.964657199951806,5.106192111968994,3801,73,-60,-0.0422561764717102,-0.131678894162178,0.0407437197864055,-0.0080075368826895,0.0316344872117042
RSSM,initiation,BIS,0,full_5min_trajectory,4.431126594543457,4.116343021392822,4.754807472229004,5.954566280479464,5.469679050549093,6.477736565684367,4.435202598571777,3801,73,-60,-0.025721039623022,-0.0746428146958351,0.0165012702345848,-0.0057711282818714,0.0316344872117042
RSSM,increase,BIS,30,30s,3.3397958278656006,3.147355556488037,3.540921688079834,4.549183682164556,4.299702106181811,4.816958851295415,3.350666284561157,19620,75,-60,0.0288611054420471,0.0182427261024713,0.0397066995501518,0.0087169060764887,0.0182507093995809
RSSM,increase,BIS,60,60s,3.842608690261841,3.613647937774658,4.096280574798584,5.184500505010121,4.875308882880264,5.511602128793682,3.8693361282348633,19620,75,-60,0.0333347804844379,0.0175175294280052,0.0501669906079769,0.0087509543646804,0.0182507093995809
RSSM,increase,BIS,180,180s,4.64515495300293,4.286386489868164,5.006042957305908,6.338944442435753,5.883413256281549,6.803322025472217,4.612326145172119,19620,75,-60,0.0318222790956497,0.0033551466185599,0.0567207634449005,0.0068978937421316,0.0182507093995809
RSSM,increase,BIS,300,300s,5.07822322845459,4.65393590927124,5.527010440826416,7.005672064160343,6.379115552674603,7.698531260924999,4.967370510101318,19620,75,-60,0.0207703933119773,-0.0218919198960065,0.0559682622551918,0.0041068887026569,0.0182507093995809
RSSM,increase,BIS,0,full_5min_trajectory,4.3523688316345215,4.043631076812744,4.678684234619141,6.005639287125919,5.610426440291232,6.431173234042118,4.324314117431641,19620,75,-60,0.0297497678548097,0.0069023198448121,0.0508548691868782,0.0068823472156954,0.0182507093995809
RSSM,decrease,BIS,30,30s,3.3369479179382324,3.176453113555908,3.4984452724456787,4.47565678726242,4.27732412952121,4.675541794333213,3.308290481567383,28007,75,-60,0.0184602681547403,0.0093634640797972,0.0280043352395296,0.0055628557746868,0.0192779209464788
RSSM,decrease,BIS,60,60s,3.828436374664306,3.63974404335022,4.023000240325928,5.137755361183246,4.888681823988578,5.406357780661085,3.780879497528076,28007,75,-60,0.0316675752401351,0.0160563122481107,0.046437494456768,0.0083406644025674,0.0192779209464788
RSSM,decrease,BIS,180,180s,4.46991777420044,4.2289581298828125,4.7302656173706055,6.117892442718638,5.762856746727336,6.478714938428605,4.437543869018555,28007,75,-60,0.0518433488905429,0.0240329913794994,0.0816861018538475,0.0117343760556778,0.0192779209464788
RSSM,decrease,BIS,300,300s,4.943537712097168,4.637444972991943,5.255826950073242,6.862403843940838,6.409707527332078,7.292637380745118,4.858758449554443,28007,75,-60,0.0404692739248275,0.0017771621933206,0.0841415375471115,0.008253867452586,0.0192779209464788
RSSM,decrease,BIS,0,full_5min_trajectory,4.248373031616211,4.026777267456055,4.485836029052734,5.86544412243591,5.550949792095075,6.1806803410918905,4.2030839920043945,28007,75,-60,0.043948445469141,0.0229038298130035,0.0655795037746429,0.0104529030610555,0.0192779209464788
RSSM,stop,BIS,30,30s,3.7077834606170654,3.3496627807617188,4.077089309692383,4.980824129477878,4.413657164741173,5.529130950022798,3.746473789215088,1411,54,-60,0.0243819318711757,-0.0090353265404701,0.0649322569370269,0.006619406358771,0.0359379984438419
RSSM,stop,BIS,60,60s,4.264267444610596,3.767538547515869,4.819299221038818,5.805948810957515,4.922076508771793,6.833068594417564,4.347458839416504,1411,54,-60,0.0315401963889598,-0.0286869071424007,0.0973225906491279,0.00745150726956,0.0359379984438419
RSSM,stop,BIS,180,180s,5.673391342163086,4.596588611602783,6.947849750518799,8.108255356834825,6.128580098077751,10.046298234440984,5.5384016036987305,1411,54,-60,0.2074203640222549,0.0334635227918624,0.3900862634181976,0.0379475819357826,0.0359379984438419
RSSM,stop,BIS,300,300s,6.5564703941345215,4.961668968200684,8.633573532104492,10.27149421675465,6.644377099457475,14.16174667792524,6.476362705230713,1411,54,-60,0.1501104235649109,-0.1125014945864677,0.4410378634929657,0.0234314681136612,0.0359379984438419
RSSM,stop,BIS,0,full_5min_trajectory,5.295563697814941,4.412167549133301,6.378125190734863,7.853708215044074,5.878424437793652,9.909023726921998,5.212252140045166,1411,54,-60,0.1289298236370086,0.0013666020240634,0.2699578702449798,0.0249543167894099,0.0359379984438419
RSSM,overall,BIS,30,30s,3.319883108139038,3.1572206020355225,3.487818479537964,4.48895178982652,4.285158920634993,4.697212228451702,3.2864797115325928,83992,75,-30,0.0098531600087881,0.006809995509684,0.0133665734902024,0.0029767587506935,0.0143597861751914
RSSM,overall,BIS,60,60s,3.7987232208251953,3.616863965988159,3.991032361984253,5.133893925330738,4.912623839237017,5.369292666772326,3.763145923614502,83992,75,-30,0.0123232742771506,0.0076026483438909,0.0174667835235595,0.0032546151472718,0.0143597861751914
RSSM,overall,BIS,180,180s,4.618695259094238,4.38128137588501,4.888278961181641,6.34729385984781,6.028553414237162,6.715389387098958,4.551712512969971,83992,75,-30,0.0111454082652926,0.0022710082121193,0.0204552747309207,0.0024189442899261,0.0143597861751914
RSSM,overall,BIS,300,300s,5.099081039428711,4.834263801574707,5.402962684631348,7.142787747727216,6.757702424139632,7.575934213370801,4.990676403045654,83992,75,-30,0.0111881606280803,-0.0007816991419531,0.0240039303898811,0.0021989773873851,0.0143597861751914
RSSM,overall,BIS,0,full_5min_trajectory,4.331701278686523,4.123911380767822,4.568004608154297,6.029186468964039,5.739369724773487,6.354036156820146,4.269559383392334,83992,75,-30,0.0119534935802221,0.0050904601812362,0.0195328742265701,0.0027671741749269,0.0143597861751914
RSSM,transition,BIS,30,30s,3.338484048843384,3.1675593852996826,3.50674819946289,4.485190074894772,4.280456023833518,4.693446545499786,3.3350038528442383,52839,75,-30,0.011518632993102,0.0079699102789163,0.0150502678006887,0.0034622040939841,0.0179950725287199
RSSM,transition,BIS,60,60s,3.820544481277466,3.6277594566345215,4.023125648498535,5.1220731984322185,4.8761305842950575,5.369259097171925,3.820900440216065,52839,75,-30,0.0125886825844645,0.0068992101587355,0.0181454252451658,0.0033058899414208,0.0179950725287199
RSSM,transition,BIS,180,180s,4.540763854980469,4.279908180236816,4.818738460540772,6.197430588924818,5.863882055639521,6.557542945060929,4.533308506011963,52839,75,-30,0.0127956457436084,0.0023209261707961,0.0239147134125232,0.00282591350952,0.0179950725287199
RSSM,transition,BIS,300,300s,4.987647533416748,4.691060543060303,5.317768096923828,6.943245922508412,6.525371333404587,7.430857793854639,4.934237957000732,52839,75,-30,0.0065414486452937,-0.0067256200127303,0.0208768658339977,0.0013132520467731,0.0179950725287199
RSSM,transition,BIS,0,full_5min_trajectory,4.2831130027771,4.045609474182129,4.537008285522461,5.912276165779912,5.608560061961352,6.2513401883428665,4.269421100616455,52839,75,-30,0.0126624731346964,0.0049696518108248,0.0209478102624416,0.0029651374864975,0.0179950725287199
RSSM,initiation,BIS,30,30s,3.3384931087493896,3.1000726222991943,3.5714423656463623,4.357159232615804,4.070163013839681,4.635925585066421,3.4291305541992188,3801,73,-30,0.0029687802307307,-0.0085219321772456,0.0138346990570425,0.0008900491070018,0.027844687923789
RSSM,initiation,BIS,60,60s,3.793127298355103,3.5150272846221924,4.083847522735596,4.996094513535907,4.624016115853496,5.348387908482751,3.881424903869629,3801,73,-30,-0.0127053651958704,-0.0319389626383781,0.0055548739619553,-0.0033383930534136,0.027844687923789
RSSM,initiation,BIS,180,180s,4.83774995803833,4.402462005615234,5.300439357757568,6.341716872763015,5.752333126242227,7.018195346238857,4.79952335357666,3801,73,-30,-0.0337415561079978,-0.0692086145281791,-0.0026406468823552,-0.0069263290872911,0.027844687923789
RSSM,initiation,BIS,300,300s,5.2448601722717285,4.792710781097412,5.739455699920654,7.093470093166425,6.303161965953514,7.979209826745285,5.101111888885498,3801,73,-30,-0.0321906097233295,-0.0800669938325882,0.0136910462751984,-0.006100114022583,0.027844687923789
RSSM,initiation,BIS,0,full_5min_trajectory,4.429028034210205,4.109415054321289,4.756641387939453,5.948948794556388,5.473778031776782,6.494246063523752,4.4156012535095215,3801,73,-30,-0.0278196632862091,-0.055843960493803,-0.0024070865474641,-0.0062420045198903,0.027844687923789
RSSM,increase,BIS,30,30s,3.324981451034546,3.132622480392456,3.5259976387023926,4.519233291550353,4.27131870892159,4.785168008595247,3.335132598876953,19620,75,-30,0.0140468664467334,0.0082613201811909,0.0200025495141744,0.0042425684536244,0.0160617027431726
RSSM,increase,BIS,60,60s,3.8216381072998047,3.5967791080474854,4.066657066345215,5.1452259935694125,4.84928331880647,5.461054329993577,3.847623586654663,19620,75,-30,0.0123647442087531,0.0028689771424978,0.0215269587934017,0.0032459584472817,0.0160617027431726
RSSM,increase,BIS,180,180s,4.618234634399414,4.265013217926025,4.97553300857544,6.295622670326495,5.842223268875358,6.749227691549089,4.586121559143066,19620,75,-30,0.0049013481475412,-0.0133329536765813,0.0205952171236276,0.0010624310915416,0.0160617027431726
RSSM,increase,BIS,300,300s,5.061282157897949,4.644068717956543,5.503012657165527,6.99826873078417,6.354455793296156,7.717133511070386,4.947145938873291,19620,75,-30,0.0038296405691653,-0.0191323738545179,0.0222499594092369,0.0007572272393933,0.0160617027431726
RSSM,increase,BIS,0,full_5min_trajectory,4.331777572631836,4.030162334442139,4.650917530059815,5.971054511045511,5.57925258320566,6.399032173887796,4.302441596984863,19620,75,-30,0.0091578448191285,-0.0034419638104736,0.0208739507943391,0.0021185868777295,0.0160617027431726
RSSM,decrease,BIS,30,30s,3.328765392303467,3.1690449714660645,3.49043083190918,4.46200094557974,4.26625788538439,4.664779531292076,3.3020098209381104,28007,75,-30,0.0102780908346176,0.0048935553058981,0.0159814190119504,0.0030972213660627,0.0173800680786371
RSSM,decrease,BIS,60,60s,3.812457323074341,3.623987197875977,4.005659580230713,5.111978130240067,4.864762536396043,5.37534756978297,3.76893162727356,28007,75,-30,0.0156880132853984,0.0078827030956745,0.0233160331845283,0.0041319378880228,0.0173800680786371
RSSM,decrease,BIS,180,180s,4.437983989715576,4.1989569664001465,4.694741249084473,6.066998572579979,5.721830278489554,6.426211932280477,4.414437770843506,28007,75,-30,0.0199088081717491,0.003974943421781,0.0358163714408874,0.0045062181920557,0.0173800680786371
RSSM,decrease,BIS,300,300s,4.911096096038818,4.601308345794678,5.22268533706665,6.827224078418941,6.374309128369417,7.259761946797561,4.829757213592529,28007,75,-30,0.0080286813899874,-0.0134718529880046,0.0329805091023445,0.0016374811204939,0.0173800680786371
RSSM,decrease,BIS,0,full_5min_trajectory,4.221508979797363,3.998913049697876,4.457412242889404,5.826962434316657,5.520766674095166,6.14346892139804,4.1824259757995605,28007,75,-30,0.0170839074999094,0.005455847363919,0.0294136255979537,0.0040633161672574,0.0173800680786371
RSSM,stop,BIS,30,30s,3.690683603286743,3.333016157150269,4.061656951904297,4.970830325914205,4.390895197146502,5.523785570715974,3.734546661376953,1411,54,-30,0.0072818794287741,-0.0118196150287985,0.0288178510963916,0.0019769442080844,0.0305526591837406
RSSM,stop,BIS,60,60s,4.239357948303223,3.745905876159668,4.789277076721191,5.792993443874375,4.900604109600987,6.851585884010837,4.317793846130371,1411,54,-30,0.0066310674883425,-0.0308535378426313,0.0480084270238876,0.0015666182602345,0.0305526591837406
RSSM,stop,BIS,180,180s,5.550635814666748,4.468911170959473,6.861279010772705,8.004216036891707,6.01838030447211,9.93004899826331,5.4412760734558105,1411,54,-30,0.0846645534038543,-0.0116190044209361,0.186757355928421,0.0154893907958067,0.0305526591837406
RSSM,stop,BIS,300,300s,6.454155445098877,4.860121726989746,8.52504825592041,10.15386578084476,6.489144283360745,14.11517262184672,6.37904167175293,1411,54,-30,0.0477951541543006,-0.0889828503131866,0.2026082426309585,0.0074605787123753,0.0305526591837406
RSSM,stop,BIS,0,full_5min_trajectory,5.214817047119141,4.3263444900512695,6.2903265953063965,7.764850048181996,5.793645653304549,9.857289717944589,5.143266201019287,1411,54,-30,0.0481831580400466,-0.0209758523851633,0.1253721117973327,0.0093258313377572,0.0305526591837406
RSSM,overall,BIS,30,30s,3.3100297451019287,3.147383451461792,3.4766299724578857,4.474602981089932,4.272581806326012,4.681673421414641,3.2771964073181152,83992,75,0,0.0,0.0,0.0,0.0,0.0
RSSM,overall,BIS,60,60s,3.7863998413085938,3.603460311889648,3.976543426513672,5.115393963480362,4.895962371207851,5.344549108173461,3.750840902328491,83992,75,0,0.0,0.0,0.0,0.0,0.0
RSSM,overall,BIS,180,180s,4.607550621032715,4.372576713562012,4.873859882354736,6.332560776555527,6.01111146116383,6.694290278951697,4.540363311767578,83992,75,0,0.0,0.0,0.0,0.0,0.0
RSSM,overall,BIS,300,300s,5.087892532348633,4.817646026611328,5.39204740524292,7.139506780434562,6.757534766691687,7.566847379209779,4.979819297790527,83992,75,0,0.0,0.0,0.0,0.0,0.0
RSSM,overall,BIS,0,full_5min_trajectory,4.319747447967529,4.112170696258545,4.556808471679688,6.0157144118761074,5.731577676871843,6.339354547322634,4.258152008056641,83992,75,0,0.0,0.0,0.0,0.0,0.0
RSSM,transition,BIS,30,30s,3.32696533203125,3.1578285694122314,3.494250059127808,4.469083333421346,4.266858938971164,4.672817581675036,3.322796106338501,52839,75,0,0.0,0.0,0.0,0.0,0.0
RSSM,transition,BIS,60,60s,3.807955741882324,3.6158251762390137,4.008636951446533,5.103568881574882,4.856213881506812,5.349980698310045,3.806555032730103,52839,75,0,0.0,0.0,0.0,0.0,0.0
RSSM,transition,BIS,180,180s,4.527967929840088,4.267481803894043,4.800344944000244,6.177752590966662,5.8413364913875006,6.526985784151339,4.522132873535156,52839,75,0,0.0,0.0,0.0,0.0,0.0
RSSM,transition,BIS,300,300s,4.981106758117676,4.683357238769531,5.308483123779297,6.947366108354004,6.520268457420748,7.434623610840248,4.926751136779785,52839,75,0,0.0,0.0,0.0,0.0,0.0
RSSM,transition,BIS,0,full_5min_trajectory,4.270450592041016,4.033670902252197,4.523471832275391,5.8974970794191846,5.59349204379684,6.2413688571644,4.257352352142334,52839,75,0,0.0,0.0,0.0,0.0,0.0
RSSM,initiation,BIS,30,30s,3.335524082183838,3.0945467948913574,3.572171449661255,4.359383094260519,4.073056634057312,4.640652948674256,3.4168601036071777,3801,73,0,0.0,0.0,0.0,0.0,0.0
RSSM,initiation,BIS,60,60s,3.805832624435425,3.5276284217834477,4.100531101226807,5.009885742651118,4.633513167662562,5.365833006055719,3.879010200500488,3801,73,0,0.0,0.0,0.0,0.0,0.0
RSSM,initiation,BIS,180,180s,4.8714919090271,4.443077087402344,5.348559379577637,6.384085669475707,5.788662504104535,7.053557819815506,4.802469730377197,3801,73,0,0.0,0.0,0.0,0.0,0.0
RSSM,initiation,BIS,300,300s,5.277050495147705,4.828268051147461,5.786031723022461,7.138560992213401,6.342678035873179,8.058501442303369,5.112636089324951,3801,73,0,0.0,0.0,0.0,0.0,0.0
RSSM,initiation,BIS,0,full_5min_trajectory,4.456847667694092,4.127390861511231,4.786969184875488,5.985805569566255,5.50016593682787,6.530334700554753,4.419123649597168,3801,73,0,0.0,0.0,0.0,0.0,0.0
RSSM,increase,BIS,30,30s,3.310934543609619,3.119712829589844,3.5095784664154053,4.493491870750951,4.242841188988868,4.752494357856721,3.3180530071258545,19620,75,0,0.0,0.0,0.0,0.0,0.0
RSSM,increase,BIS,60,60s,3.8092737197875977,3.5836517810821533,4.048441410064697,5.124230675989514,4.825563411727234,5.434781677577727,3.828678369522095,19620,75,0,0.0,0.0,0.0,0.0,0.0
RSSM,increase,BIS,180,180s,4.613332748413086,4.267620086669922,4.976739883422852,6.282723173404412,5.829164959368979,6.731754085045252,4.575465679168701,19620,75,0,0.0,0.0,0.0,0.0,0.0
RSSM,increase,BIS,300,300s,5.057452201843262,4.637351512908936,5.507397651672363,7.021512625986281,6.351097324505569,7.778115495282837,4.938612461090088,19620,75,0,0.0,0.0,0.0,0.0,0.0
RSSM,increase,BIS,0,full_5min_trajectory,4.322619438171387,4.026692390441895,4.637422561645508,5.960567277883031,5.564417819188626,6.394466821605785,4.28811502456665,19620,75,0,0.0,0.0,0.0,0.0,0.0
RSSM,decrease,BIS,30,30s,3.3184876441955566,3.1603870391845703,3.479185104370117,4.4498986050487535,4.254603641396662,4.655355482776853,3.292850971221924,28007,75,0,0.0,0.0,0.0,0.0,0.0
RSSM,decrease,BIS,60,60s,3.7967689037323,3.60871171951294,3.988653898239136,5.090963525914558,4.843936252089476,5.353453097557597,3.7557060718536377,28007,75,0,0.0,0.0,0.0,0.0,0.0
RSSM,decrease,BIS,180,180s,4.418074607849121,4.177522659301758,4.6713151931762695,6.036295781375686,5.70201154316858,6.395022495161612,4.403308868408203,28007,75,0,0.0,0.0,0.0,0.0,0.0
RSSM,decrease,BIS,300,300s,4.903068065643311,4.592216491699219,5.205289840698242,6.820211263388114,6.365175343485858,7.253949372179311,4.822597026824951,28007,75,0,0.0,0.0,0.0,0.0,0.0
RSSM,decrease,BIS,0,full_5min_trajectory,4.204424858093262,3.981128454208374,4.435931205749512,5.805332810277628,5.502268756754583,6.118510954476491,4.170929431915283,28007,75,0,0.0,0.0,0.0,0.0,0.0
RSSM,stop,BIS,30,30s,3.683401584625244,3.321899652481079,4.0516357421875,4.9774673094507,4.397848791155531,5.544330367853748,3.729732036590576,1411,54,0,0.0,0.0,0.0,0.0,0.0
RSSM,stop,BIS,60,60s,4.23272705078125,3.743967294692993,4.79042387008667,5.80275705513491,4.88594157551497,6.892807526201621,4.313044548034668,1411,54,0,0.0,0.0,0.0,0.0,0.0
RSSM,stop,BIS,180,180s,5.465970516204834,4.375569343566895,6.745317459106445,7.959811594281304,5.895364084430094,9.98873915832947,5.383886814117432,1411,54,0,0.0,0.0,0.0,0.0,0.0
RSSM,stop,BIS,300,300s,6.406360149383545,4.810959339141846,8.500926971435547,10.130083103272115,6.450184888925151,14.223860474115646,6.328434944152832,1411,54,0,0.0,0.0,0.0,0.0,0.0
RSSM,stop,BIS,0,full_5min_trajectory,5.1666340827941895,4.258718013763428,6.252431869506836,7.738670189146629,5.732528347605751,9.897739545366417,5.109222888946533,1411,54,0,0.0,0.0,0.0,0.0,0.0
RSSM,overall,BIS,30,30s,3.308194875717163,3.1472420692443848,3.4764151573181152,4.47448234760768,4.272413504200981,4.68091497100944,3.274801731109619,83992,75,30,-0.0018349579768255,-0.0050320383161306,0.0013724131276831,-0.0005543629870821,0.0144087672233581
RSSM,overall,BIS,60,60s,3.786409616470337,3.600675582885742,3.975740194320679,5.120997098451495,4.899828164337915,5.351044255244207,3.750123500823975,83992,75,30,1.0180498065892609e-05,-0.0070954216644167,0.0070964898914098,2.6887012710137315e-06,0.0144087672233581
RSSM,overall,BIS,180,180s,4.619636535644531,4.3818535804748535,4.887648105621338,6.368708479187212,6.036441446389865,6.734601293598622,4.554137706756592,83992,75,30,0.0120862955227494,-0.0035834540612995,0.0255736839026212,0.0026231498070965,0.0144087672233581
RSSM,overall,BIS,300,300s,5.113829135894775,4.838879108428955,5.428412914276123,7.202026813062032,6.814258033625387,7.634151782451014,5.0065202713012695,83992,75,30,0.0259363856166601,0.0091423653066158,0.0415151827037334,0.0050976677380187,0.0144087672233581
RSSM,overall,BIS,0,full_5min_trajectory,4.332247734069824,4.125413417816162,4.569683074951172,6.049325372583203,5.760928176694382,6.371623921744479,4.269631385803223,83992,75,30,0.0125000104308128,0.0019404971972107,0.0218476522713899,0.0028936901014188,0.0144087672233581
RSSM,transition,BIS,30,30s,3.32637357711792,3.1569533348083496,3.495429277420044,4.47059838541845,4.2662625796973375,4.67739164813092,3.3194563388824463,52839,75,30,-0.0005919585237279,-0.0042878147214651,0.0037857380229979,-0.0001779274698262,0.0180428065359592
RSSM,transition,BIS,60,60s,3.810359001159668,3.617364645004273,4.009466171264648,5.111817315743125,4.860538453779473,5.364658431728094,3.806229829788208,52839,75,30,0.0024038036353886,-0.0057614757679402,0.0108924256637692,0.0006312582914108,0.0180428065359592
RSSM,transition,BIS,180,180s,4.541356563568115,4.27372407913208,4.823779582977295,6.213629219693913,5.86702820501965,6.570046001023616,4.538987636566162,52839,75,30,0.013388892635703,-0.0033527752384543,0.0292996764183044,0.0029569318606406,0.0180428065359592
RSSM,transition,BIS,300,300s,5.015010356903076,4.712595939636231,5.3442816734313965,7.018257853508935,6.57910149002245,7.504673074187806,4.961099147796631,52839,75,30,0.0339039303362369,0.0164342261850833,0.0513002760708332,0.0068065054580458,0.0180428065359592
RSSM,transition,BIS,0,full_5min_trajectory,4.286272048950195,4.047877788543701,4.542176723480225,5.933732614405355,5.623657405419127,6.282757174977126,4.27178955078125,52839,75,30,0.0158214457333087,0.0053074210882186,0.0258134398609399,0.0037048656558152,0.0180428065359592
RSSM,initiation,BIS,30,30s,3.343022584915161,3.1052281856536865,3.579008102416992,4.374465691773223,4.088427629115578,4.654988982190657,3.411325693130493,3801,73,30,0.007498123217374,-0.0053129862062633,0.0212333556264638,0.0022479595507716,0.0279420781880617
RSSM,initiation,BIS,60,60s,3.844015121459961,3.564138889312744,4.143868446350098,5.053914643388454,4.666766892219748,5.421838238066564,3.897849559783936,3801,73,30,0.0381822697818279,0.0134597662836313,0.0645273476839065,0.0100325667336702,0.0279420781880617
RSSM,initiation,BIS,180,180s,4.936724662780762,4.508909225463867,5.4176788330078125,6.485045616677698,5.886558039445276,7.174738958308731,4.8310418128967285,3801,73,30,0.0652329698204994,0.0204806495457887,0.1145879924297332,0.0133907581165473,0.0279420781880617
RSSM,initiation,BIS,300,300s,5.327531814575195,4.875125408172607,5.845724105834961,7.230312055129486,6.423385702308031,8.198924240631406,5.15855598449707,3801,73,30,0.050480879843235,-0.0198417790234088,0.1174374520778656,0.009566116505736,0.0279420781880617
RSSM,initiation,BIS,0,full_5min_trajectory,4.514451026916504,4.172817230224609,4.860467433929443,6.0716166427077605,5.570072291947782,6.630762724811087,4.45202112197876,3801,73,30,0.0576036535203456,0.0228079315274953,0.0938892289996147,0.0129247526088655,0.0279420781880617
RSSM,increase,BIS,30,30s,3.311105728149414,3.124159574508667,3.5068371295928955,4.496388787764833,4.24305988706266,4.758791166728193,3.313875436782837,19620,75,30,0.0001710810611257,-0.0074296500533819,0.0084599098190665,5.167153227354909e-05,0.0160854160785675
RSSM,increase,BIS,60,60s,3.821008682250977,3.5966691970825195,4.06301736831665,5.146602784157284,4.8471177729611705,5.459529755292646,3.831476211547852,19620,75,30,0.0117348572239279,-0.0024979969020932,0.026176718994975,0.0030806022583702,0.0160854160785675
RSSM,increase,BIS,180,180s,4.640967845916748,4.297001838684082,5.013734340667725,6.331751107120331,5.880907375883479,6.795463047039667,4.599254608154297,19620,75,30,0.0276356376707553,0.0047464473173022,0.0496461614966392,0.0059903846476848,0.0160854160785675
RSSM,increase,BIS,300,300s,5.094710826873779,4.660626411437988,5.560949325561523,7.111324370020981,6.415368712630174,7.884507752161608,4.964797496795654,19620,75,30,0.0372586548328399,0.0137771153822541,0.0619214102625846,0.007367079973442,0.0160854160785675
RSSM,increase,BIS,0,full_5min_trajectory,4.346475124359131,4.047796249389648,4.666942596435547,6.008695341607191,5.605387085642063,6.450833927626444,4.30295467376709,19620,75,30,0.0238552801311016,0.0086829038336873,0.0399874933063983,0.00551870930863,0.0160854160785675
RSSM,decrease,BIS,30,30s,3.3165535926818848,3.157122850418091,3.476250410079956,4.448052123580815,4.2509582785544655,4.652102267950975,3.290271759033203,28007,75,30,-0.0019339901627972,-0.0063191885128617,0.0027937432751059,-0.0005827926363324,0.017442662268877
RSSM,decrease,BIS,60,60s,3.788745880126953,3.599353551864624,3.980522394180298,5.083345611223913,4.834616435950599,5.342590027667793,3.749671459197998,28007,75,30,-0.008023427799344,-0.0166116282343864,0.0004816931323148,-0.0021132252193323,0.017442662268877
RSSM,decrease,BIS,180,180s,4.418277740478516,4.174800872802734,4.670328617095947,6.056813512829929,5.714484620038473,6.417125272669742,4.414006233215332,28007,75,30,0.000203503499506,-0.0237116646021604,0.0208326242864131,4.6061580568263486e-05,0.017442662268877
RSSM,decrease,BIS,300,300s,4.932955265045166,4.61170768737793,5.246087074279785,6.880792847570812,6.4209646057664775,7.323516893454995,4.858973979949951,28007,75,30,0.0298871621489524,-0.0008264644420705,0.0562699027359485,0.0060956041704534,0.017442662268877
RSSM,decrease,BIS,0,full_5min_trajectory,4.212010860443115,3.988342523574829,4.441888809204102,5.829158742416191,5.523659708390505,6.145607981887635,4.182201862335205,28007,75,30,0.0075853634625673,-0.0062348106876015,0.0194700453430414,0.0018041381921634,0.017442662268877
RSSM,stop,BIS,30,30s,3.680457830429077,3.304415702819824,4.052433013916016,4.997895560856734,4.409324493227082,5.569958604696468,3.728853464126587,1411,54,30,-0.0029434980824589,-0.0355531498789787,0.0338606759905815,-0.0007991249432984,0.030505696311593
RSSM,stop,BIS,60,60s,4.247556209564209,3.745174169540405,4.8100361824035645,5.826592210574726,4.8985804000039375,6.9292311319214805,4.331001281738281,1411,54,30,0.0148290041834115,-0.0357557833194732,0.062585100531578,0.0035034161205066,0.030505696311593
RSSM,stop,BIS,180,180s,5.429097652435303,4.31793737411499,6.693503379821777,7.983893631908855,5.837877882952806,10.086318737953592,5.394994258880615,1411,54,30,-0.0368729047477245,-0.1337428987026214,0.0540720745921134,-0.0067459026056595,0.030505696311593
RSSM,stop,BIS,300,300s,6.456945419311523,4.820669651031494,8.628965377807617,10.238574102784192,6.511081053339322,14.416866470157771,6.404842853546143,1411,54,30,0.0505851507186889,-0.1197530999779701,0.2139756828546524,0.0078960828831261,0.030505696311593
RSSM,stop,BIS,0,full_5min_trajectory,5.160186290740967,4.219088554382324,6.284865856170654,7.784313655873431,5.704821357838782,10.009957505782836,5.131174087524414,1411,54,30,-0.0064474339596927,-0.0845627784729003,0.0631110295653343,-0.001247898313752,0.030505696311593
RSSM,overall,BIS,30,30s,3.3097078800201416,3.14871597290039,3.478068828582764,4.481310072832728,4.279149340650528,4.692010159337589,3.2762789726257324,83992,75,60,-0.0003220251237507,-0.0072994148358702,0.0066071599721908,-9.728768275490966e-05,0.0163419619202613
RSSM,overall,BIS,60,60s,3.794951677322388,3.607125997543335,3.9862043857574463,5.13929504072543,4.916688929792959,5.373645345623128,3.7562215328216553,83992,75,60,0.0085516422986984,-0.00292574823834,0.0205823574215173,0.0022585153858824,0.0163419619202613
RSSM,overall,BIS,180,180s,4.644136905670166,4.4000678062438965,4.915407657623291,6.421110752787289,6.0810473950343695,6.7872782690316695,4.574374675750732,83992,75,60,0.0365864671766757,0.0097280358895659,0.0621431544423103,0.0079405458964823,0.0163419619202613
RSSM,overall,BIS,300,300s,5.138741970062256,4.855722904205322,5.455869674682617,7.270350865603693,6.875363427006457,7.714175455627457,5.033426284790039,83992,75,60,0.050848513841629,0.0163201000541448,0.0823626741766929,0.0099940227743286,0.0163419619202613
RSSM,overall,BIS,0,full_5min_trajectory,4.349884033203125,4.13695764541626,4.592502593994141,6.094753085009788,5.798911669994335,6.4234139113757465,4.286174774169922,83992,75,60,0.0301360804587602,0.0099486978724598,0.0486264303326606,0.0069763523960039,0.0163419619202613
RSSM,transition,BIS,30,30s,3.329352617263794,3.158137321472168,3.4996321201324463,4.4790886214206616,4.270923272403156,4.687424926156631,3.32111930847168,52839,75,60,0.0023869173601269,-0.0052046007476747,0.010484448634088,0.0007174458168067,0.0203849840909242
RSSM,transition,BIS,60,60s,3.823329210281372,3.628546476364136,4.024085521697998,5.13515378370738,4.882192148092743,5.39072106317259,3.8154735565185542,52839,75,60,0.0153734665364027,0.0024518547579646,0.028760528191924,0.004037196747671,0.0203849840909242
RSSM,transition,BIS,180,180s,4.576567649841309,4.300547122955322,4.864278793334961,6.279335147628308,5.922959039755475,6.650637270573124,4.568446159362793,52839,75,60,0.0486001260578632,0.0205973610281944,0.0769504383206367,0.010733319407494,0.0203849840909242
RSSM,transition,BIS,300,300s,5.054325103759766,4.742851734161377,5.3898515701293945,7.105414794582803,6.644976458023425,7.605712008982079,5.000112533569336,52839,75,60,0.0732184946537017,0.0387764349579811,0.1099151745438575,0.0146992421984086,0.0203849840909242
RSSM,transition,BIS,0,full_5min_trajectory,4.312376976013184,4.06669282913208,4.57124662399292,5.990597032651853,5.668836215708419,6.348593680779453,4.295867443084717,52839,75,60,0.041926585137844,0.0208847969770431,0.0616963021457195,0.0098178363697695,0.0203849840909242
RSSM,initiation,BIS,30,30s,3.3657801151275635,3.12988829612732,3.6007425785064697,4.403925938855779,4.117823976835243,4.68823236466348,3.4204702377319336,3801,73,60,0.030255751684308,3.5533797927200794e-05,0.0608541704714298,0.0090707639755666,0.0319608449935913
RSSM,initiation,BIS,60,60s,3.8918163776397705,3.6029670238494873,4.209421157836914,5.1164557712760335,4.731471817682468,5.509133298249006,3.929126262664795,3801,73,60,0.0859836116433143,0.0342287234961986,0.1403100192546844,0.0225925888309577,0.0319608449935913
RSSM,initiation,BIS,180,180s,5.022775650024414,4.583404541015625,5.523383617401123,6.585266730743642,5.969981440989722,7.280302976654527,4.850752830505371,3801,73,60,0.1512845605611801,0.060567133128643,0.251810073852539,0.0310550778665654,0.0319608449935913
RSSM,initiation,BIS,300,300s,5.383367538452148,4.912261009216309,5.932405948638916,7.323245768705785,6.510571905701268,8.268757159978948,5.1903228759765625,3801,73,60,0.1063172668218612,-0.0039195688441395,0.2302913069725036,0.0201471005289073,0.0319608449935913
RSSM,initiation,BIS,0,full_5min_trajectory,4.578357696533203,4.227379322052002,4.937591075897217,6.160855966522377,5.658264138758886,6.718711107718102,4.482132911682129,3801,73,60,0.1215103715658187,0.0555014871060848,0.1915577501058578,0.0272637479729448,0.0319608449935913
RSSM,increase,BIS,30,30s,3.3155882358551025,3.1241347789764404,3.512545108795166,4.5136946937977935,4.263681716662943,4.777035719640751,3.318549394607544,19620,75,60,0.0046534780412912,-0.0078149875625967,0.0177038386464118,0.0014054877799601,0.0183612834662199
RSSM,increase,BIS,60,60s,3.8335812091827393,3.608864307403565,4.079224586486816,5.174141655102364,4.869071877335071,5.485055734495545,3.840593099594116,19620,75,60,0.0243075229227542,0.0016582329990342,0.0487178713083267,0.0063811436800896,0.0183612834662199
RSSM,increase,BIS,180,180s,4.675823211669922,4.327277183532715,5.052048683166504,6.383529940267455,5.934665686070272,6.854145950548893,4.625668048858643,19620,75,60,0.062490627169609,0.021846204996109,0.1048155725002288,0.0135456578958248,0.0183612834662199
RSSM,increase,BIS,300,300s,5.128807544708252,4.694289684295654,5.5985307693481445,7.180096868855084,6.467427141496564,7.975700189830759,4.98629903793335,19620,75,60,0.0713557600975036,0.0250514633953571,0.1207374930381774,0.01410903301696,0.0183612834662199
RSSM,increase,BIS,0,full_5min_trajectory,4.369722366333008,4.074206829071045,4.692816257476807,6.05736520929757,5.646426443029085,6.508888622761617,4.321098327636719,19620,75,60,0.0471028722822666,0.0196831244975328,0.0769168958067894,0.010896835346253,0.0183612834662199
RSSM,decrease,BIS,30,30s,3.316591024398804,3.156535625457764,3.4801862239837646,4.448838483118594,4.252509105746631,4.648175297883409,3.288760185241699,28007,75,60,-0.001896561239846,-0.0114451171830296,0.007196613587439,-0.0005715137264902,0.0194555725902318
RSSM,decrease,BIS,60,60s,3.79681921005249,3.607155323028565,3.988913774490357,5.09956524061714,4.848336687678049,5.358055374901672,3.7547593116760254,28007,75,60,5.0317994464421645e-05,-0.0148611236363649,0.0147339012473821,1.3252846233269044e-05,0.0194555725902318
RSSM,decrease,BIS,180,180s,4.453425884246826,4.203153133392334,4.710109233856201,6.134619807344548,5.76318605521981,6.513937459446931,4.445066928863525,28007,75,60,0.0353517606854438,0.0012958336155861,0.0693219378590583,0.0080016214806871,0.0194555725902318
RSSM,decrease,BIS,300,300s,4.979809761047363,4.645987987518311,5.296304225921631,6.99031568652066,6.510499543743324,7.459590642502505,4.90894889831543,28007,75,60,0.0767412781715393,0.0223109237849712,0.1276490539312362,0.0156516852599455,0.0194555725902318
RSSM,decrease,BIS,0,full_5min_trajectory,4.237996578216553,4.009454727172852,4.47286319732666,5.892223353796544,5.576101924637873,6.218832197556643,4.207485675811768,28007,75,60,0.0335714444518089,0.0072647919878363,0.0574301406741142,0.0079847887844126,0.0194555725902318
RSSM,stop,BIS,30,30s,3.6941440105438232,3.3168294429779053,4.066000461578369,5.031251326851048,4.409364289636399,5.6274681610332,3.7315263748168954,1411,54,60,0.0107427723705768,-0.0434622429311275,0.0734840407967567,0.0029165357411523,0.0357891656458377
RSSM,stop,BIS,60,60s,4.273889064788818,3.765218734741211,4.841896057128906,5.866210856214624,4.94909793071008,6.969924348833838,4.365141868591309,1411,54,60,0.0411623045802116,-0.0465889647603035,0.1264906674623489,0.0097247717810233,0.0357891656458377
RSSM,stop,BIS,180,180s,5.458205699920654,4.304505825042725,6.7684831619262695,8.080448015841618,5.861641163333486,10.265867651360692,5.461235523223877,1411,54,60,-0.0077653964981436,-0.1909647285938263,0.1695067882537841,-0.0014206802753731,0.0357891656458377
RSSM,stop,BIS,300,300s,6.495832443237305,4.841372966766357,8.672374725341797,10.3697150684378,6.66318233352611,14.575120164431482,6.489290237426758,1411,54,60,0.0894732102751731,-0.2694672048091888,0.4134483933448791,0.0139663097591824,0.0357891656458377
RSSM,stop,BIS,0,full_5min_trajectory,5.192814350128174,4.217772960662842,6.348814964294434,7.875260606116969,5.714253977278723,10.133709964110812,5.197564125061035,1411,54,60,0.0261813048273324,-0.1296205818653106,0.1663691401481628,0.0050673812791428,0.0357891656458377
RSSM,overall,BIS,30,30s,3.324751377105713,3.162020444869995,3.4927542209625244,4.505716084292371,4.302685613091831,4.714154968265186,3.28993821144104,83992,75,120,0.0147219328209757,0.0037845287006348,0.0258622765541076,0.0044476738744601,0.018064709380269
RSSM,overall,BIS,60,60s,3.820697546005249,3.630873441696167,4.01426887512207,5.185710736288142,4.958977067122421,5.419166966007667,3.7808279991149902,83992,75,120,0.0342980213463306,0.015379468910396,0.0543950013816356,0.0090582143417999,0.018064709380269
RSSM,overall,BIS,180,180s,4.693023204803467,4.446826457977295,4.973473072052002,6.5244838583538485,6.171809792475944,6.898864387273052,4.619216442108154,83992,75,120,0.0854724645614624,0.0429594218730926,0.1288105100393295,0.018550521001613,0.018064709380269
RSSM,overall,BIS,300,300s,5.214635848999023,4.9224066734313965,5.538310527801514,7.414304321332915,6.999885558146536,7.87470838218738,5.102489948272705,83992,75,120,0.1267433911561966,0.0712192952632904,0.1873028427362442,0.0249107838560596,0.018064709380269
RSSM,overall,BIS,0,full_5min_trajectory,4.392934799194336,4.169551849365234,4.646002769470215,6.186543092041589,5.879200509143143,6.53475755751116,4.326942443847656,83992,75,120,0.0731875896453857,0.0399110503494739,0.1071598678827285,0.0169425621583088,0.018064709380269
RSSM,transition,BIS,30,30s,3.345808982849121,3.1781411170959477,3.518350601196289,4.505097998295172,4.298707883228637,4.714710249508066,3.339743137359619,52839,75,120,0.0188431963324546,0.006930423900485,0.0309132654219865,0.0056637789853223,0.0223097000271081
RSSM,transition,BIS,60,60s,3.8536128997802734,3.656940221786499,4.055830955505371,5.1856987824972025,4.9342445554396415,5.439872136576804,3.850067615509033,52839,75,120,0.0456575378775596,0.0250264108180999,0.0669762045145034,0.011990039005808,0.0223097000271081
RSSM,transition,BIS,180,180s,4.642582893371582,4.3622660636901855,4.941768646240234,6.4044383394905084,6.024131883309807,6.807921384615246,4.632754325866699,52839,75,120,0.1146152764558792,0.070645198225975,0.1655623912811279,0.0253127403355807,0.0223097000271081
RSSM,transition,BIS,300,300s,5.151487350463867,4.829204559326172,5.498624801635742,7.27940063566376,6.793685550612105,7.818999981562215,5.092259407043457,52839,75,120,0.1703805923461914,0.1115876734256744,0.2331808358430862,0.0342053685294986,0.0223097000271081
RSSM,transition,BIS,0,full_5min_trajectory,4.368290424346924,4.116698741912842,4.636765480041504,6.100423591789965,5.762082549425727,6.484089966909359,4.352369785308838,52839,75,120,0.0978398099541664,0.0642300620675087,0.1350186765193939,0.0229108867660274,0.0223097000271081
RSSM,initiation,BIS,30,30s,3.424491167068481,3.1769707202911377,3.6695289611816406,4.490482013207212,4.18595128813577,4.795283050297521,3.4644265174865723,3801,73,120,0.0889671072363853,0.027222104370594,0.1483893990516662,0.0266726022790807,0.034852996468544
RSSM,initiation,BIS,60,60s,4.00088357925415,3.699427843093872,4.337092399597168,5.272526505513535,4.867327790664745,5.686170485488372,4.010747909545898,3801,73,120,0.1950512379407882,0.1008698493242263,0.2908922135829925,0.0512506085234694,0.034852996468544
RSSM,initiation,BIS,180,180s,5.197789669036865,4.724852085113525,5.739291191101074,6.826264081995266,6.187957130268836,7.536309406643032,4.950226783752441,3801,73,120,0.3262977004051208,0.1670248508453369,0.5023662447929382,0.0669810617565588,0.034852996468544
RSSM,initiation,BIS,300,300s,5.556983947753906,5.046036243438721,6.121370792388916,7.60560818599711,6.774875158306943,8.531326908421654,5.330426692962647,3801,73,120,0.2799334228038788,0.1050364896655082,0.4681511521339416,0.0530473269227345,0.034852996468544
RSSM,initiation,BIS,0,full_5min_trajectory,4.719356060028076,4.344621181488037,5.095743179321289,6.372409368972734,5.839203560227494,6.941460655913685,4.574489116668701,3801,73,120,0.2625085413455963,0.1421539336442947,0.39368337392807,0.05890004795282,0.034852996468544
RSSM,increase,BIS,30,30s,3.329273462295532,3.1430773735046387,3.527230262756348,4.53793200073136,4.285672764349936,4.80581597202623,3.3325085639953613,19620,75,120,0.0183390099555253,-0.0007124267867766,0.0386631563305854,0.0055389225350048,0.0203952901065349
RSSM,increase,BIS,60,60s,3.855146169662476,3.625062942504883,4.099932670593262,5.214267107338749,4.906559636738564,5.527056985162749,3.862164258956909,19620,75,120,0.0458732470870018,0.0118340943008661,0.0816601440310478,0.012042517934248,0.0203952901065349
RSSM,increase,BIS,180,180s,4.7087507247924805,4.364488124847412,5.084259986877441,6.451775878570542,5.992203415273845,6.943102799408511,4.661760330200195,19620,75,120,0.0954178795218467,0.0304820612072944,0.1670691519975662,0.0206830689927296,0.0203952901065349
RSSM,increase,BIS,300,300s,5.174549579620361,4.728219509124756,5.651239395141602,7.29640186417759,6.559132902013004,8.146216758296118,5.026204109191895,19620,75,120,0.1170969381928443,0.0373531319200992,0.2017713487148285,0.0231533455027348,0.0203952901065349
RSSM,increase,BIS,0,full_5min_trajectory,4.400790214538574,4.101848602294922,4.725879669189453,6.124079732464305,5.694876446141427,6.593901284457473,4.352663040161133,19620,75,120,0.0781705975532531,0.0332731381058692,0.1252737045288086,0.0180840804219216,0.0203952901065349
RSSM,decrease,BIS,30,30s,3.3302419185638428,3.1687824726104736,3.493936777114868,4.47023743103421,4.271619001865068,4.667053592626743,3.3050153255462646,28007,75,120,0.0117544615641236,-0.0042477152310311,0.0284930896013975,0.0035421140062653,0.0211523529142141
RSSM,decrease,BIS,60,60s,3.824420928955078,3.633208751678467,4.018550872802734,5.146247177883039,4.897475444737985,5.40380027703486,3.7882936000823975,28007,75,120,0.0276520121842622,0.0031310804188251,0.0527912713587284,0.0072830379950383,0.0211523529142141
RSSM,decrease,BIS,180,180s,4.533182144165039,4.2703351974487305,4.814693450927734,6.300714046642539,5.893340681310248,6.741565379484882,4.514557838439941,28007,75,120,0.1151079684495925,0.0558441057801246,0.1774899065494537,0.0260538761036521,0.0211523529142141
RSSM,decrease,BIS,300,300s,5.113018989562988,4.7600531578063965,5.448584079742432,7.208300404850126,6.688000526592472,7.702409877429392,5.019708633422852,28007,75,120,0.2099510133266449,0.1265667974948883,0.3026303350925445,0.042820334230685,0.0211523529142141
RSSM,decrease,BIS,0,full_5min_trajectory,4.3051605224609375,4.065925598144531,4.547234058380127,6.030377102474345,5.675555419629788,6.400437113616642,4.269264221191406,28007,75,120,0.100735493004322,0.0571701973676681,0.1461985409259796,0.0239593990627308,0.0211523529142141
RSSM,stop,BIS,30,30s,3.7346343994140634,3.368993759155273,4.097421169281006,5.08791143079959,4.472282240776191,5.679353685814454,3.79377031326294,1411,54,120,0.0512327514588832,-0.0230335723608732,0.1317745149135589,0.013909086555409,0.0381123386323452
RSSM,stop,BIS,60,60s,4.35290002822876,3.833648681640625,4.912610530853272,5.998330837771077,5.077101947727864,7.0897770313665145,4.475162506103516,1411,54,120,0.1201729327440261,-0.022413270547986,0.2567194998264313,0.0283913730562535,0.0381123386323452
RSSM,stop,BIS,180,180s,5.651326656341553,4.494822978973389,6.9863152503967285,8.37246665786205,6.129558190608892,10.659254439227697,5.720284461975098,1411,54,120,0.1853559762239456,-0.1485772430896759,0.5063756108283997,0.0339108993863807,0.0381123386323452
RSSM,stop,BIS,300,300s,6.88744592666626,5.152165412902832,9.10258960723877,10.848273045797283,7.146962631749179,15.106804109258444,6.809245586395264,1411,54,120,0.4810869395732879,-0.2278925776481628,1.248664140701294,0.0750952066938635,0.0381123386323452
RSSM,stop,BIS,0,full_5min_trajectory,5.370451927185059,4.393445491790772,6.570567607879639,8.155570400177176,6.014725417214191,10.40661657105859,5.39951229095459,1411,54,120,0.2038176208734512,-0.0760728493332862,0.4678986072540283,0.0394488205681529,0.0381123386323452
Action Transformer,large_transition,BIS,30,30s,3.573116540908813,3.406994581222534,3.7551052570343018,4.762109278873759,4.53859037218918,5.006214666539539,3.6213865280151367,18364,75,-120,0.038254477083683,0.0002166788326576,0.0697980523109436,0.0108220565993398,0.0296970643103122
Action Transformer,large_transition,BIS,60,60s,4.267816543579102,4.056680679321289,4.5127854347229,5.689598618548197,5.384821413101922,6.033938742483791,4.312652111053467,18364,75,-120,0.0815644860267639,0.0230771768838167,0.1288049221038818,0.0194838924517897,0.0296970643103122
Action Transformer,large_transition,BIS,180,180s,5.4243340492248535,5.102333068847656,5.750121116638184,7.253363256719985,6.828597063380142,7.70461965920561,5.3534674644470215,18364,75,-120,0.2617140114307403,0.1607527583837509,0.3559049665927887,0.0506940336838278,0.0296970643103122
Action Transformer,large_transition,BIS,300,300s,6.07638692855835,5.684336185455322,6.47648286819458,8.308423412246633,7.716622372109461,8.874622605587325,5.981539249420166,18364,75,-120,0.2746699452400207,0.1514980494976043,0.4010533988475799,0.0473428735830004,0.0296970643103122
Action Transformer,large_transition,BIS,0,full_5min_trajectory,5.020865440368652,4.744832992553711,5.305928707122803,6.860846359492005,6.471683445208845,7.288693270474788,4.988337516784668,18364,75,-120,0.2008202970027923,0.1247065067291259,0.2710400223731994,0.041663573107308,0.0296970643103122
Action Transformer,large_transition,BIS,30,30s,3.543311357498169,3.3837616443634038,3.7204360961914062,4.724908510967352,4.500490161903223,4.961645457297498,3.5941436290740967,18364,75,-60,0.0084493122994899,-0.0145775629207491,0.0269816499203443,0.0023902806390622,0.0271274149417877
Action Transformer,large_transition,BIS,60,60s,4.2112579345703125,3.997618198394776,4.449285984039307,5.609731338786143,5.318013460507381,5.939742457910831,4.257412433624268,18364,75,-60,0.0250061061233282,-0.0083787208423018,0.0526369959115982,0.0059733875131034,0.0271274149417877
Action Transformer,large_transition,BIS,180,180s,5.243678092956543,4.942407608032227,5.557870388031006,7.022719434580592,6.607309582348339,7.459967265530272,5.200222969055176,18364,75,-60,0.0810580179095268,0.0173010434955358,0.1399869173765182,0.0157009472583676,0.0271274149417877
Action Transformer,large_transition,BIS,300,300s,5.846648216247559,5.457769393920898,6.244927883148193,8.03067810159792,7.457939975815126,8.62245649345042,5.7716569900512695,18364,75,-60,0.0449312701821327,-0.0449056439101696,0.1267648041248321,0.0077444783494514,0.0271274149417877
Action Transformer,large_transition,BIS,0,full_5min_trajectory,4.872824192047119,4.602188587188721,5.152709484100342,6.665359209916357,6.2875801945875125,7.072342487413724,4.859649658203125,18364,75,-60,0.0527788028120994,0.0052548400126397,0.095001146197319,0.0109498568735187,0.0271274149417877
Action Transformer,large_transition,BIS,30,30s,3.532626152038574,3.3764772415161133,3.711668968200684,4.709108722046528,4.4837614164693615,4.946306897024856,3.5844459533691406,18364,75,-30,-0.0022359113208949,-0.0155001813545823,0.0079757552593946,-0.0006325314240447,0.0239078234881162
Action Transformer,large_transition,BIS,60,60s,4.189985752105713,3.982300519943237,4.4232096672058105,5.579001478048328,5.291802692417172,5.904360514356834,4.236649513244629,18364,75,-30,0.0037341006100177,-0.0132229570299386,0.0186380743980407,0.0008919913338983,0.0239078234881162
Action Transformer,large_transition,BIS,180,180s,5.18202543258667,4.882544040679932,5.487749576568604,6.951673446184924,6.55214404475756,7.372540597270281,5.146771430969238,18364,75,-30,0.0194060392677783,-0.0156948845833539,0.0500985942780971,0.0037589520061702,0.0239078234881162
Action Transformer,large_transition,BIS,300,300s,5.796860218048096,5.416647434234619,6.19324254989624,7.974262081434758,7.397887067450013,8.552018704714182,5.714770317077637,18364,75,-30,-0.004856402054429,-0.0553824827075004,0.0373996272683143,-0.0008370629277627,0.0239078234881162
Action Transformer,large_transition,BIS,0,full_5min_trajectory,4.827776908874512,4.561627388000488,5.106266021728516,6.610893057139818,6.239979760552864,7.012084611363716,4.8188557624816895,18364,75,-30,0.0077321687713265,-0.0183570254594087,0.0305377021431922,0.0016041694175849,0.0239078234881162
Action Transformer,large_transition,BIS,30,30s,3.5348620414733887,3.3781497478485107,3.720756053924561,4.708910251257135,4.491626153785631,4.9432524960048125,3.584228992462158,18364,75,0,0.0,0.0,0.0,0.0,0.0
Action Transformer,large_transition,BIS,60,60s,4.186252117156982,3.979262113571167,4.420925140380859,5.575814417723965,5.295495858033154,5.898664497908549,4.230309009552002,18364,75,0,0.0,0.0,0.0,0.0,0.0
Action Transformer,large_transition,BIS,180,180s,5.162619590759277,4.862838268280029,5.466263294219971,6.942770390806748,6.5392299252386525,7.366532200525357,5.129661560058594,18364,75,0,0.0,0.0,0.0,0.0,0.0
Action Transformer,large_transition,BIS,300,300s,5.8017168045043945,5.419635772705078,6.200331211090088,7.996418866665384,7.405631381568217,8.595339874240631,5.700014114379883,18364,75,0,0.0,0.0,0.0,0.0,0.0
Action Transformer,large_transition,BIS,0,full_5min_trajectory,4.820044994354248,4.553239822387695,5.104910850524902,6.60963991324148,6.228078315433568,7.014167073422668,4.808267593383789,18364,75,0,0.0,0.0,0.0,0.0,0.0
Action Transformer,large_transition,BIS,30,30s,3.530876874923706,3.372633695602417,3.717663049697876,4.712185164642716,4.493376625901424,4.945078767432657,3.5823187828063965,18364,75,30,-0.0039853579364717,-0.0142740039154887,0.0064876405522227,-0.0011274436992767,0.0239026956260204
Action Transformer,large_transition,BIS,60,60s,4.173892974853516,3.964122772216797,4.404224395751953,5.570711910700157,5.279178551728505,5.900965026555309,4.2296576499938965,18364,75,30,-0.0123598463833332,-0.0430844761431217,0.0116663463413715,-0.0029524849525133,0.0239026956260204
Action Transformer,large_transition,BIS,180,180s,5.168735027313232,4.856646060943604,5.488785266876221,6.984317651295595,6.562566266406501,7.415786719538105,5.154557228088379,18364,75,30,0.0061152926646173,-0.0370700620114803,0.0498254485428333,0.0011845328824078,0.0239026956260204
Action Transformer,large_transition,BIS,300,300s,5.855906486511231,5.47752571105957,6.252496719360352,8.11332873797489,7.50443136908719,8.719084702496955,5.752390861511231,18364,75,30,0.0541896559298038,0.0035220487043261,0.107834480702877,0.0093402793958732,0.0239026956260204
Action Transformer,large_transition,BIS,0,full_5min_trajectory,4.8382768630981445,4.565929412841797,5.128273010253906,6.6595972089422615,6.267758584091847,7.072189570842098,4.830394268035889,18364,75,30,0.0182312186807394,-0.0071498095057904,0.046599268913269,0.0037823752064749,0.0239026956260204
Action Transformer,large_transition,BIS,30,30s,3.518256425857544,3.35127592086792,3.702497720718384,4.704647185407229,4.479935738238887,4.939154625346927,3.580718755722046,18364,75,60,-0.0166053753346204,-0.0493076667189598,0.0090001178905367,-0.0046976020958654,0.0270017441362142
Action Transformer,large_transition,BIS,60,60s,4.159605979919434,3.939619779586792,4.403274059295654,5.566437945359324,5.2727567558301365,5.905246225467524,4.231616497039795,18364,75,60,-0.0266459379345178,-0.0868200063705444,0.0178138092160224,-0.0063651058724609,0.0270017441362142
Action Transformer,large_transition,BIS,180,180s,5.1980414390563965,4.877114772796631,5.528806686401367,7.051719877793167,6.617770298826286,7.501600476204384,5.200239658355713,18364,75,60,0.0354224443435668,-0.0379490852355957,0.1087277606129646,0.0068613314850798,0.0270017441362142
Action Transformer,large_transition,BIS,300,300s,5.927842140197754,5.524792671203613,6.333197116851807,8.24935633142444,7.608531490000299,8.873853582564069,5.83612060546875,18364,75,60,0.1261254101991653,0.02149517275393,0.2347109913825988,0.0217393255219287,0.0270017441362142
Action Transformer,large_transition,BIS,0,full_5min_trajectory,4.864347457885742,4.579354286193848,5.158867359161377,6.726041022632464,6.314190024579867,7.152022133163579,4.868339538574219,18364,75,60,0.0443019941449165,-0.0115955797955393,0.0975938141345977,0.0091911992931202,0.0270017441362142
Action Transformer,large_transition,BIS,30,30s,3.520026922225952,3.349269390106201,3.7042715549468994,4.717019275295137,4.487473324667191,4.959683958259872,3.58244252204895,18364,75,120,-0.0148349395021796,-0.0582015924155712,0.0192692410200834,-0.0041967520452357,0.0291033275425434
Action Transformer,large_transition,BIS,60,60s,4.18570613861084,3.972433805465698,4.429849624633789,5.618201322148522,5.319217339501968,5.9703175348791255,4.252710342407227,18364,75,120,-0.0005463961861096,-0.0567354783415794,0.0457306429743766,-0.0001305215669811,0.0291033275425434
Action Transformer,large_transition,BIS,180,180s,5.344892978668213,4.99550724029541,5.69565486907959,7.275011525358004,6.795153450261271,7.753102819679327,5.347541332244873,18364,75,120,0.1822733134031295,0.0647692382335662,0.3020414113998413,0.0353063614699378,0.0291033275425434
Action Transformer,large_transition,BIS,300,300s,6.153532028198242,5.721725940704346,6.577170848846436,8.588637506255994,7.911311885105289,9.229421045200498,6.044527053833008,18364,75,120,0.3518151342868805,0.1997676938772201,0.5215962529182434,0.0606398323361345,0.0291033275425434
Action Transformer,large_transition,BIS,0,full_5min_trajectory,4.972416877746582,4.668581962585449,5.27022647857666,6.911892756301227,6.472502721002802,7.354916398372641,4.979994773864746,18364,75,120,0.1523710042238235,0.0669341012835502,0.2362610548734665,0.0316119464449599,0.0291033275425434
RSSM,large_transition,BIS,30,30s,3.507650852203369,3.345567226409912,3.68912672996521,4.722838594688526,4.484562780190258,4.992833915015568,3.560060739517212,18364,75,-120,0.0649308413267135,0.0401246547698974,0.0918820947408676,0.0188603360182484,0.0296970643103122
RSSM,large_transition,BIS,60,60s,4.190089702606201,3.981510639190674,4.437530040740967,5.630481338116391,5.316194573532118,5.981822134176331,4.234720230102539,18364,75,-120,0.1091825738549232,0.069203682243824,0.1511308848857879,0.02675448488032,0.0296970643103122
RSSM,large_transition,BIS,180,180s,5.3259806632995605,5.031599521636963,5.650696277618408,7.145846738515427,6.725588135367907,7.597761687893062,5.253689765930176,18364,75,-120,0.2609898149967193,0.1659677028656005,0.3564150929450989,0.0515281990187585,0.0296970643103122
RSSM,large_transition,BIS,300,300s,6.008232593536377,5.642013549804688,6.407683849334717,8.218666453353876,7.6556692720606625,8.835694003607788,5.88457727432251,18364,75,-120,0.2723210155963897,0.1532499939203262,0.3888137936592102,0.0474765033945245,0.0296970643103122
RSSM,large_transition,BIS,0,full_5min_trajectory,4.93490743637085,4.676371097564697,5.219281196594238,6.772860774178534,6.390589184649028,7.208309666001233,4.896022796630859,18364,75,-120,0.202283889055252,0.1293610632419586,0.2705919146537781,0.0427424420639089,0.0296970643103122
RSSM,large_transition,BIS,30,30s,3.4764962196350098,3.31747841835022,3.653257369995117,4.664539919752415,4.437460885748608,4.914998218617548,3.529106378555298,18364,75,-60,0.0337762534618377,0.0181996561586856,0.0497900582849979,0.0098109230792563,0.0271274149417877
RSSM,large_transition,BIS,60,60s,4.126682758331299,3.924938201904297,4.365078926086426,5.525233558102502,5.230938412446154,5.856419502011867,4.171116352081299,18364,75,-60,0.0457752086222171,0.0217586737126112,0.0695931985974311,0.0112169193648422,0.0271274149417877
RSSM,large_transition,BIS,180,180s,5.14924430847168,4.862734317779541,5.455323696136475,6.903425510785134,6.504175458955493,7.330950812359364,5.090502262115479,18364,75,-60,0.084253966808319,0.033664733171463,0.1369666904211044,0.0166345769848279,0.0271274149417877
RSSM,large_transition,BIS,300,300s,5.782792091369629,5.4298529624938965,6.185133457183838,7.960622195362916,7.384817281127189,8.566431632571835,5.658551692962647,18364,75,-60,0.0468807108700275,-0.0196127593517303,0.1132402271032333,0.0081731930379452,0.0271274149417877
RSSM,large_transition,BIS,0,full_5min_trajectory,4.791421890258789,4.533599853515625,5.065257549285889,6.572246180784759,6.196709762732552,6.984840599431235,4.759769439697266,18364,75,-60,0.0587989315390586,0.0210860650986433,0.0953238680958747,0.0124241724660608,0.0271274149417877
RSSM,large_transition,BIS,30,30s,3.458547353744507,3.303926944732666,3.633797407150269,4.635222195892863,4.412034802864159,4.876451129613301,3.512347459793091,18364,75,-30,0.0158274434506893,0.0073515884578228,0.0251310113817453,0.0045973669167137,0.0239078234881162
RSSM,large_transition,BIS,60,60s,4.0977325439453125,3.897969245910645,4.331940650939941,5.48013759273235,5.191395778946832,5.797559343028539,4.143694877624512,18364,75,-30,0.0168246906250715,0.0038773647975176,0.0308100879192352,0.0041227818236146,0.0239078234881162
RSSM,large_transition,BIS,180,180s,5.086380958557129,4.795326232910156,5.395882606506348,6.8246916425304525,6.4359250410514575,7.247054192160517,5.037643909454346,18364,75,-30,0.0213905442506074,-0.0039600329473614,0.048856608569622,0.0042232154587286,0.0239078234881162
RSSM,large_transition,BIS,300,300s,5.731292724609375,5.370605945587158,6.131937503814697,7.915761420711775,7.339736685954111,8.526839572961798,5.600496768951416,18364,75,-30,-0.0046184016391634,-0.0389502048492431,0.0300262887030839,-0.0008051731175386,0.0239078234881162
RSSM,large_transition,BIS,0,full_5min_trajectory,4.745767116546631,4.490512371063232,5.014666557312012,6.513466310474443,6.148878612472194,6.912672551848672,4.71685266494751,18364,75,-30,0.0131430821493268,-0.0059482492506504,0.0323377251625061,0.0027771239218925,0.0239078234881162
RSSM,large_transition,BIS,30,30s,3.4427192211151123,3.2890796661376958,3.61629581451416,4.613847844717476,4.393793774925294,4.849667386319867,3.494727611541748,18364,75,0,0.0,0.0,0.0,0.0,0.0
RSSM,large_transition,BIS,60,60s,4.080907344818115,3.880755662918091,4.314775466918945,5.456644316207857,5.1705147144273145,5.774749895765407,4.124496936798096,18364,75,0,0.0,0.0,0.0,0.0,0.0
RSSM,large_transition,BIS,180,180s,5.064990043640137,4.7864203453063965,5.370838642120361,6.801953192298857,6.4196681479371405,7.221520358811198,5.025731563568115,18364,75,0,0.0,0.0,0.0,0.0,0.0
RSSM,large_transition,BIS,300,300s,5.7359113693237305,5.365530967712402,6.137326240539551,7.942906978603737,7.355788731920755,8.562563262482996,5.597711563110352,18364,75,0,0.0,0.0,0.0,0.0,0.0
RSSM,large_transition,BIS,0,full_5min_trajectory,4.73262357711792,4.480231761932373,5.006076335906982,6.503227899590608,6.142169787202582,6.902486336600249,4.704875946044922,18364,75,0,0.0,0.0,0.0,0.0,0.0
RSSM,large_transition,BIS,30,30s,3.4430480003356934,3.2854812145233154,3.616619825363159,4.620052062232552,4.400585022961325,4.862253789870934,3.49163556098938,18364,75,30,0.0003283703990746,-0.0094878664240241,0.0107171395793557,9.538111532902422e-05,0.0239026956260204
RSSM,large_transition,BIS,60,60s,4.082413673400879,3.879277467727661,4.316079616546631,5.467326649314783,5.174915722146907,5.794489696241055,4.1259589195251465,18364,75,30,0.0015064718900248,-0.0140863126143813,0.0179983787238597,0.0003691512114181,0.0239026956260204
RSSM,large_transition,BIS,180,180s,5.087664604187012,4.803653717041016,5.397075176239014,6.866718922882248,6.4671947434046775,7.303803579123148,5.063324928283691,18364,75,30,0.0226741898804903,-0.0117219556123018,0.0551951080560684,0.0044766504346758,0.0239026956260204
RSSM,large_transition,BIS,300,300s,5.803556442260742,5.414891242980957,6.218129634857178,8.066762344591607,7.448917376818589,8.695661704016729,5.671472549438477,18364,75,30,0.0676453784108161,0.0244402755051851,0.1111491546034812,0.0117933095641245,0.0239026956260204
RSSM,large_transition,BIS,0,full_5min_trajectory,4.761340618133545,4.504674911499023,5.0480637550354,6.570437617250295,6.194284745891457,6.979137667315762,4.739105224609375,18364,75,30,0.0287174042314291,0.0043563758954405,0.0513992868363857,0.0060679671145359,0.0239026956260204
RSSM,large_transition,BIS,30,30s,3.4490954875946045,3.28898024559021,3.626624822616577,4.63995294810149,4.412165141164841,4.888544292057724,3.4957101345062256,18364,75,60,0.0063754310831427,-0.0128643447533249,0.0256420206278562,0.0018518591478621,0.0270017441362142
RSSM,large_transition,BIS,60,60s,4.105728149414063,3.892406463623047,4.343059539794922,5.520020027953593,5.217923036030382,5.863805291267479,4.148897171020508,18364,75,60,0.0248200427740812,-0.0049727484583854,0.0543713085353374,0.0060819912526554,0.0270017441362142
RSSM,large_transition,BIS,180,180s,5.164665699005127,4.85388708114624,5.4975433349609375,7.002404481181189,6.568254545420533,7.4632775596498515,5.136196613311768,18364,75,60,0.0996756330132484,0.0323739312589168,0.1657742112874984,0.0196793344418132,0.0270017441362142
RSSM,large_transition,BIS,300,300s,5.901097774505615,5.492223739624023,6.31737756729126,8.247502266755475,7.618597625886029,8.906205454932463,5.775587558746338,18364,75,60,0.1651870012283325,0.0702076181769371,0.259412944316864,0.028798736694533,0.0270017441362142
RSSM,large_transition,BIS,0,full_5min_trajectory,4.820480823516846,4.545311450958252,5.118839263916016,6.691359502536648,6.288935120992639,7.129602919726228,4.799770355224609,18364,75,60,0.0878569930791854,0.0384837500751018,0.1347659975290298,0.0185641202279368,0.0270017441362142
RSSM,large_transition,BIS,30,30s,3.4836502075195312,3.3178868293762207,3.665133476257324,4.700006712239119,4.460230248499387,4.959577238770367,3.540963888168335,18364,75,120,0.0409301742911338,0.011425083503127,0.0708521157503128,0.0118889086394551,0.0291033275425434
RSSM,large_transition,BIS,60,60s,4.172250747680664,3.945310354232788,4.422608852386475,5.635315993485684,5.30888405203294,6.004386252262376,4.234250068664551,18364,75,120,0.0913434326648712,0.0382392704486846,0.1409947872161865,0.0223831184946793,0.0291033275425434
RSSM,large_transition,BIS,180,180s,5.303599834442139,4.969772815704346,5.653524875640869,7.248324496586263,6.7551193603993545,7.765015852617833,5.296709537506104,18364,75,120,0.238609567284584,0.1236738488078117,0.3569813072681427,0.0471095826899392,0.0291033275425434
RSSM,large_transition,BIS,300,300s,6.124658584594727,5.688445568084717,6.554600238800049,8.588031211536904,7.913249057791291,9.260926263016213,6.006036281585693,18364,75,120,0.3887467682361603,0.2312078922986984,0.5529079437255859,0.0677741937079467,0.0291033275425434
RSSM,large_transition,BIS,0,full_5min_trajectory,4.9424662590026855,4.639255046844482,5.252261161804199,6.912191605543646,6.471774219002703,7.386470086457723,4.940575122833252,18364,75,120,0.2098430097103119,0.1270628869533538,0.2974276542663574,0.0443396788886603,0.0291033275425434
