subset,representation,horizon_seconds,metric,subject,value
overall,dz_pred,30,BIS_same_minus_opposite_cosine,105,0.0009626618061941983
overall,dz_pred,30,BIS_same_minus_opposite_cosine,323,-0.055882895489533735
overall,dz_pred,30,BIS_same_minus_opposite_cosine,348,0.001741477251052781
overall,dz_pred,30,BIS_same_minus_opposite_cosine,391,0.07619249466806655
overall,dz_pred,30,BIS_same_minus_opposite_cosine,683,0.03092958902319265
overall,dz_pred,30,BIS_same_minus_opposite_cosine,747,0.0427223893848282
overall,dz_pred,30,BIS_same_minus_opposite_cosine,750,0.05575590388228491
overall,dz_pred,30,BIS_same_minus_opposite_cosine,758,0.043626422981421165
overall,dz_pred,30,BIS_same_minus_opposite_cosine,843,0.029248991660904444
overall,dz_pred,30,BIS_same_minus_opposite_cosine,877,0.11121527189733815
overall,dz_pred,30,BIS_same_minus_opposite_cosine,926,-0.04110322008530298
overall,dz_pred,30,BIS_same_minus_opposite_cosine,967,-0.008539504347703342
overall,dz_pred,30,BIS_same_minus_opposite_cosine,992,0.0024521108468373853
overall,dz_pred,30,BIS_same_minus_opposite_cosine,1014,0.017696311839279666
overall,dz_pred,30,BIS_same_minus_opposite_cosine,1092,0.10250063092596284
overall,dz_pred,30,BIS_same_minus_opposite_cosine,1193,0.08194972418603441
overall,dz_pred,30,BIS_same_minus_opposite_cosine,1308,-0.02069963845941758
overall,dz_pred,30,BIS_same_minus_opposite_cosine,1335,-0.0039969016004491875
overall,dz_pred,30,BIS_same_minus_opposite_cosine,1480,-0.02327478031317398
overall,dz_pred,30,BIS_same_minus_opposite_cosine,1566,0.0173122507830461
overall,dz_pred,30,BIS_same_minus_opposite_cosine,1636,0.05468470408366277
overall,dz_pred,30,BIS_same_minus_opposite_cosine,1644,-0.018889493991931294
overall,dz_pred,30,BIS_same_minus_opposite_cosine,1839,0.09436270692385729
overall,dz_pred,30,BIS_same_minus_opposite_cosine,1943,-0.0242251702007793
overall,dz_pred,30,BIS_same_minus_opposite_cosine,2005,-0.05855985751900916
overall,dz_pred,30,BIS_same_minus_opposite_cosine,2048,0.048092507596673606
overall,dz_pred,30,BIS_same_minus_opposite_cosine,2173,-0.0022202644231064106
overall,dz_pred,30,BIS_same_minus_opposite_cosine,2263,0.050168872872988324
overall,dz_pred,30,BIS_same_minus_opposite_cosine,2303,0.024185495661652623
overall,dz_pred,30,BIS_same_minus_opposite_cosine,2308,0.0296991589394483
overall,dz_pred,30,BIS_same_minus_opposite_cosine,2347,0.014154273185921773
overall,dz_pred,30,BIS_same_minus_opposite_cosine,2361,-0.04382366353557221
overall,dz_pred,30,BIS_same_minus_opposite_cosine,2567,0.08192383740574893
overall,dz_pred,30,BIS_same_minus_opposite_cosine,2900,-0.004901549852255549
overall,dz_pred,30,BIS_same_minus_opposite_cosine,2943,-0.023864664634068777
overall,dz_pred,30,BIS_same_minus_opposite_cosine,2946,0.002282189329465223
overall,dz_pred,30,BIS_same_minus_opposite_cosine,2988,0.0018017927805582534
overall,dz_pred,30,BIS_same_minus_opposite_cosine,3261,-0.04077397435903546
overall,dz_pred,30,BIS_same_minus_opposite_cosine,3354,-0.053882818972622926
overall,dz_pred,30,BIS_same_minus_opposite_cosine,3387,0.08769209265708922
overall,dz_pred,30,BIS_same_minus_opposite_cosine,3485,0.06811150815337896
overall,dz_pred,30,BIS_same_minus_opposite_cosine,3525,0.09568050551241725
overall,dz_pred,30,BIS_same_minus_opposite_cosine,3569,-0.07900969378459155
overall,dz_pred,30,BIS_same_minus_opposite_cosine,3593,0.08002824689212595
overall,dz_pred,30,BIS_same_minus_opposite_cosine,3613,0.061378167288890784
overall,dz_pred,30,BIS_same_minus_opposite_cosine,3764,0.04570327073335645
overall,dz_pred,30,BIS_same_minus_opposite_cosine,3768,0.011055829375982262
overall,dz_pred,30,BIS_same_minus_opposite_cosine,3852,0.0771392015788036
overall,dz_pred,30,BIS_same_minus_opposite_cosine,3967,-0.007266577279222197
overall,dz_pred,30,BIS_same_minus_opposite_cosine,3976,-0.0025815661901081866
overall,dz_pred,30,BIS_same_minus_opposite_cosine,3978,0.025094963113466817
overall,dz_pred,30,BIS_same_minus_opposite_cosine,3985,-0.017804833451906865
overall,dz_pred,30,BIS_same_minus_opposite_cosine,4016,-0.10936832241714001
overall,dz_pred,30,BIS_same_minus_opposite_cosine,4080,-0.011865267157554538
overall,dz_pred,30,BIS_same_minus_opposite_cosine,4293,-0.010132318128038276
overall,dz_pred,30,BIS_same_minus_opposite_cosine,4312,0.019103937991189257
overall,dz_pred,30,BIS_same_minus_opposite_cosine,4529,0.07384961316628125
overall,dz_pred,30,BIS_same_minus_opposite_cosine,4540,0.0035972788929938826
overall,dz_pred,30,BIS_same_minus_opposite_cosine,4638,0.04011223549986709
overall,dz_pred,30,BIS_same_minus_opposite_cosine,4686,-0.061037777020381045
overall,dz_pred,30,BIS_same_minus_opposite_cosine,4821,-0.009286658628246736
overall,dz_pred,30,BIS_same_minus_opposite_cosine,4865,0.04297246212760608
overall,dz_pred,30,BIS_same_minus_opposite_cosine,4944,0.004011058807373069
overall,dz_pred,30,BIS_same_minus_opposite_cosine,5309,0.03472096544724923
overall,dz_pred,30,BIS_same_minus_opposite_cosine,5377,-0.07901018008589744
overall,dz_pred,30,BIS_same_minus_opposite_cosine,5410,-0.03801843225955959
overall,dz_pred,30,BIS_same_minus_opposite_cosine,5454,-0.04162551820278171
overall,dz_pred,30,BIS_same_minus_opposite_cosine,5516,-0.02588255789832794
overall,dz_pred,30,BIS_same_minus_opposite_cosine,5600,0.05530673133002384
overall,dz_pred,30,BIS_same_minus_opposite_cosine,5778,0.012589947581291172
overall,dz_pred,30,BIS_same_minus_opposite_cosine,5826,-0.05858028709888463
overall,dz_pred,30,BIS_same_minus_opposite_cosine,5961,-0.014139481001731125
overall,dz_pred,30,BIS_same_minus_opposite_cosine,5989,0.048934576822363796
overall,dz_pred,30,BIS_same_minus_opposite_cosine,6025,-0.0011953108012676683
overall,dz_pred,30,MAP_same_minus_opposite_cosine,105,-0.002438876032829329
overall,dz_pred,30,MAP_same_minus_opposite_cosine,323,-0.011269610126813268
overall,dz_pred,30,MAP_same_minus_opposite_cosine,348,-0.027298731232682782
overall,dz_pred,30,MAP_same_minus_opposite_cosine,391,0.05049550533294678
overall,dz_pred,30,MAP_same_minus_opposite_cosine,683,-0.0658849611878396
overall,dz_pred,30,MAP_same_minus_opposite_cosine,747,0.0408274507770936
overall,dz_pred,30,MAP_same_minus_opposite_cosine,750,-0.012949259082476239
overall,dz_pred,30,MAP_same_minus_opposite_cosine,758,0.018367793752501416
overall,dz_pred,30,MAP_same_minus_opposite_cosine,843,-0.018374142795801185
overall,dz_pred,30,MAP_same_minus_opposite_cosine,877,-0.05686168919006984
overall,dz_pred,30,MAP_same_minus_opposite_cosine,926,-0.0067570855220158155
overall,dz_pred,30,MAP_same_minus_opposite_cosine,967,0.03971069504817326
overall,dz_pred,30,MAP_same_minus_opposite_cosine,992,0.02325776120026901
overall,dz_pred,30,MAP_same_minus_opposite_cosine,1014,0.014967467884222652
overall,dz_pred,30,MAP_same_minus_opposite_cosine,1092,-0.0024488995472590203
overall,dz_pred,30,MAP_same_minus_opposite_cosine,1193,-0.004226625586549404
overall,dz_pred,30,MAP_same_minus_opposite_cosine,1308,-0.011250103265047051
overall,dz_pred,30,MAP_same_minus_opposite_cosine,1335,-0.007419030368328139
overall,dz_pred,30,MAP_same_minus_opposite_cosine,1480,-0.04201482931772871
overall,dz_pred,30,MAP_same_minus_opposite_cosine,1566,0.045769306520620945
overall,dz_pred,30,MAP_same_minus_opposite_cosine,1636,0.040638835231463166
overall,dz_pred,30,MAP_same_minus_opposite_cosine,1644,-0.07208215668797491
overall,dz_pred,30,MAP_same_minus_opposite_cosine,1839,-0.05137548210720222
overall,dz_pred,30,MAP_same_minus_opposite_cosine,1943,-0.06473609805107117
overall,dz_pred,30,MAP_same_minus_opposite_cosine,2005,-0.019874925787250253
overall,dz_pred,30,MAP_same_minus_opposite_cosine,2048,0.03823241293430324
overall,dz_pred,30,MAP_same_minus_opposite_cosine,2173,-0.029652475317319182
overall,dz_pred,30,MAP_same_minus_opposite_cosine,2263,-0.0032258381446202966
overall,dz_pred,30,MAP_same_minus_opposite_cosine,2303,-0.05314415966471042
overall,dz_pred,30,MAP_same_minus_opposite_cosine,2308,-0.13087938427925117
overall,dz_pred,30,MAP_same_minus_opposite_cosine,2347,-0.045805164612829685
overall,dz_pred,30,MAP_same_minus_opposite_cosine,2361,-0.0030509278178214583
overall,dz_pred,30,MAP_same_minus_opposite_cosine,2567,0.03715210246543088
overall,dz_pred,30,MAP_same_minus_opposite_cosine,2900,0.04969457735617955
overall,dz_pred,30,MAP_same_minus_opposite_cosine,2943,0.018134716649850224
overall,dz_pred,30,MAP_same_minus_opposite_cosine,2946,0.09350953263541062
overall,dz_pred,30,MAP_same_minus_opposite_cosine,2988,0.00785543223222096
overall,dz_pred,30,MAP_same_minus_opposite_cosine,3261,0.007896532863378547
overall,dz_pred,30,MAP_same_minus_opposite_cosine,3354,8.374477426209559e-05
overall,dz_pred,30,MAP_same_minus_opposite_cosine,3387,-0.030240011215209917
overall,dz_pred,30,MAP_same_minus_opposite_cosine,3485,-0.023421608408292105
overall,dz_pred,30,MAP_same_minus_opposite_cosine,3525,-0.03432195484638212
overall,dz_pred,30,MAP_same_minus_opposite_cosine,3569,0.05023026174555223
overall,dz_pred,30,MAP_same_minus_opposite_cosine,3593,0.04106223409374554
overall,dz_pred,30,MAP_same_minus_opposite_cosine,3613,-4.320542017621776e-05
overall,dz_pred,30,MAP_same_minus_opposite_cosine,3764,0.04000995953877762
overall,dz_pred,30,MAP_same_minus_opposite_cosine,3768,-0.017213919758796714
overall,dz_pred,30,MAP_same_minus_opposite_cosine,3852,-0.02962852021058404
overall,dz_pred,30,MAP_same_minus_opposite_cosine,3967,0.03702698151270545
overall,dz_pred,30,MAP_same_minus_opposite_cosine,3976,0.05465496654311819
overall,dz_pred,30,MAP_same_minus_opposite_cosine,3978,-0.05068623547752693
overall,dz_pred,30,MAP_same_minus_opposite_cosine,3985,-0.02171169916788729
overall,dz_pred,30,MAP_same_minus_opposite_cosine,4016,-0.024674776196479842
overall,dz_pred,30,MAP_same_minus_opposite_cosine,4080,-0.0021495292584100545
overall,dz_pred,30,MAP_same_minus_opposite_cosine,4293,-0.010374479492505473
overall,dz_pred,30,MAP_same_minus_opposite_cosine,4312,0.0395871112744014
overall,dz_pred,30,MAP_same_minus_opposite_cosine,4529,0.07062902351220446
overall,dz_pred,30,MAP_same_minus_opposite_cosine,4540,-0.04985294143358865
overall,dz_pred,30,MAP_same_minus_opposite_cosine,4638,0.00586216946442919
overall,dz_pred,30,MAP_same_minus_opposite_cosine,4686,-0.012692293524742104
overall,dz_pred,30,MAP_same_minus_opposite_cosine,4821,-0.07134953116377196
overall,dz_pred,30,MAP_same_minus_opposite_cosine,4865,-0.08049391806125639
overall,dz_pred,30,MAP_same_minus_opposite_cosine,4944,0.03665317843357718
overall,dz_pred,30,MAP_same_minus_opposite_cosine,5309,0.019406586388746816
overall,dz_pred,30,MAP_same_minus_opposite_cosine,5377,-0.0027147501707076582
overall,dz_pred,30,MAP_same_minus_opposite_cosine,5410,0.01603856732447939
overall,dz_pred,30,MAP_same_minus_opposite_cosine,5454,-0.05035443330804512
overall,dz_pred,30,MAP_same_minus_opposite_cosine,5516,0.06808024197816853
overall,dz_pred,30,MAP_same_minus_opposite_cosine,5600,-0.056577954813838094
overall,dz_pred,30,MAP_same_minus_opposite_cosine,5778,0.023535685489574965
overall,dz_pred,30,MAP_same_minus_opposite_cosine,5826,-0.0017510756850241949
overall,dz_pred,30,MAP_same_minus_opposite_cosine,5961,-0.05461816303431988
overall,dz_pred,30,MAP_same_minus_opposite_cosine,5989,0.056821957478920604
overall,dz_pred,30,MAP_same_minus_opposite_cosine,6025,-0.026416598757108
overall,dz_pred,30,triplet_accuracy,323,0.43333333333333335
overall,dz_pred,30,triplet_accuracy,348,0.55
overall,dz_pred,30,triplet_accuracy,391,0.5
overall,dz_pred,30,triplet_accuracy,683,0.4666666666666667
overall,dz_pred,30,triplet_accuracy,747,0.5
overall,dz_pred,30,triplet_accuracy,750,0.6
overall,dz_pred,30,triplet_accuracy,758,0.5833333333333334
overall,dz_pred,30,triplet_accuracy,843,0.4166666666666667
overall,dz_pred,30,triplet_accuracy,967,0.4
overall,dz_pred,30,triplet_accuracy,1014,0.5833333333333334
overall,dz_pred,30,triplet_accuracy,1092,0.48333333333333334
overall,dz_pred,30,triplet_accuracy,1193,0.5166666666666667
overall,dz_pred,30,triplet_accuracy,1335,0.5833333333333334
overall,dz_pred,30,triplet_accuracy,1480,0.6
overall,dz_pred,30,triplet_accuracy,1566,0.48333333333333334
overall,dz_pred,30,triplet_accuracy,1839,0.48333333333333334
overall,dz_pred,30,triplet_accuracy,1943,0.5333333333333333
overall,dz_pred,30,triplet_accuracy,2005,0.6166666666666667
overall,dz_pred,30,triplet_accuracy,2048,0.5666666666666667
overall,dz_pred,30,triplet_accuracy,2173,0.36666666666666664
overall,dz_pred,30,triplet_accuracy,2263,0.55
overall,dz_pred,30,triplet_accuracy,2303,0.55
overall,dz_pred,30,triplet_accuracy,2308,0.5833333333333334
overall,dz_pred,30,triplet_accuracy,2347,0.5333333333333333
overall,dz_pred,30,triplet_accuracy,2361,0.45
overall,dz_pred,30,triplet_accuracy,2567,0.5833333333333334
overall,dz_pred,30,triplet_accuracy,2943,0.5166666666666667
overall,dz_pred,30,triplet_accuracy,2988,0.45
overall,dz_pred,30,triplet_accuracy,3261,0.5333333333333333
overall,dz_pred,30,triplet_accuracy,3354,0.45
overall,dz_pred,30,triplet_accuracy,3525,0.5666666666666667
overall,dz_pred,30,triplet_accuracy,3569,0.45
overall,dz_pred,30,triplet_accuracy,3593,0.45
overall,dz_pred,30,triplet_accuracy,3768,0.5
overall,dz_pred,30,triplet_accuracy,3852,0.5166666666666667
overall,dz_pred,30,triplet_accuracy,3967,0.5166666666666667
overall,dz_pred,30,triplet_accuracy,3978,0.5333333333333333
overall,dz_pred,30,triplet_accuracy,3985,0.4666666666666667
overall,dz_pred,30,triplet_accuracy,4016,0.5166666666666667
overall,dz_pred,30,triplet_accuracy,4293,0.43333333333333335
overall,dz_pred,30,triplet_accuracy,4312,0.5166666666666667
overall,dz_pred,30,triplet_accuracy,4529,0.4666666666666667
overall,dz_pred,30,triplet_accuracy,4540,0.5166666666666667
overall,dz_pred,30,triplet_accuracy,4686,0.5666666666666667
overall,dz_pred,30,triplet_accuracy,4821,0.4666666666666667
overall,dz_pred,30,triplet_accuracy,4865,0.6333333333333333
overall,dz_pred,30,triplet_accuracy,4944,0.45
overall,dz_pred,30,triplet_accuracy,5309,0.5333333333333333
overall,dz_pred,30,triplet_accuracy,5377,0.5666666666666667
overall,dz_pred,30,triplet_accuracy,5410,0.5166666666666667
overall,dz_pred,30,triplet_accuracy,5454,0.55
overall,dz_pred,30,triplet_accuracy,5516,0.5333333333333333
overall,dz_pred,30,triplet_accuracy,5600,0.5166666666666667
overall,dz_pred,30,triplet_accuracy,5778,0.5
overall,dz_pred,30,triplet_accuracy,5989,0.5833333333333334
overall,dz_pred,30,triplet_accuracy,6025,0.5
overall,dz_true,30,BIS_same_minus_opposite_cosine,105,0.7865368433211042
overall,dz_true,30,BIS_same_minus_opposite_cosine,323,1.0822895329756042
overall,dz_true,30,BIS_same_minus_opposite_cosine,348,0.9629032690202197
overall,dz_true,30,BIS_same_minus_opposite_cosine,391,0.9719998214393855
overall,dz_true,30,BIS_same_minus_opposite_cosine,683,1.2185663632427652
overall,dz_true,30,BIS_same_minus_opposite_cosine,747,1.1290893089164187
overall,dz_true,30,BIS_same_minus_opposite_cosine,750,1.0077253580714265
overall,dz_true,30,BIS_same_minus_opposite_cosine,758,1.0132073596368234
overall,dz_true,30,BIS_same_minus_opposite_cosine,843,0.8738008898568519
overall,dz_true,30,BIS_same_minus_opposite_cosine,877,1.1029757833867162
overall,dz_true,30,BIS_same_minus_opposite_cosine,926,1.0058823307603597
overall,dz_true,30,BIS_same_minus_opposite_cosine,967,1.0271384683079443
overall,dz_true,30,BIS_same_minus_opposite_cosine,992,1.1264445455869039
overall,dz_true,30,BIS_same_minus_opposite_cosine,1014,1.2061682090340624
overall,dz_true,30,BIS_same_minus_opposite_cosine,1092,0.9428160477105689
overall,dz_true,30,BIS_same_minus_opposite_cosine,1193,0.9682529071257228
overall,dz_true,30,BIS_same_minus_opposite_cosine,1308,0.9924002140208527
overall,dz_true,30,BIS_same_minus_opposite_cosine,1335,0.9543388610636747
overall,dz_true,30,BIS_same_minus_opposite_cosine,1480,0.9630342236657938
overall,dz_true,30,BIS_same_minus_opposite_cosine,1566,1.0574219984312854
overall,dz_true,30,BIS_same_minus_opposite_cosine,1636,0.9878030750709467
overall,dz_true,30,BIS_same_minus_opposite_cosine,1644,1.232950640618801
overall,dz_true,30,BIS_same_minus_opposite_cosine,1839,0.8376939922415962
overall,dz_true,30,BIS_same_minus_opposite_cosine,1943,1.0921621512089457
overall,dz_true,30,BIS_same_minus_opposite_cosine,2005,1.0430655827889075
overall,dz_true,30,BIS_same_minus_opposite_cosine,2048,1.1842551600337885
overall,dz_true,30,BIS_same_minus_opposite_cosine,2173,1.2403330916982322
overall,dz_true,30,BIS_same_minus_opposite_cosine,2263,1.0506343014538289
overall,dz_true,30,BIS_same_minus_opposite_cosine,2303,0.8835273666658263
overall,dz_true,30,BIS_same_minus_opposite_cosine,2308,0.9195399770682509
overall,dz_true,30,BIS_same_minus_opposite_cosine,2347,1.017707462557431
overall,dz_true,30,BIS_same_minus_opposite_cosine,2361,1.1216471553558396
overall,dz_true,30,BIS_same_minus_opposite_cosine,2567,0.8887702578726487
overall,dz_true,30,BIS_same_minus_opposite_cosine,2900,1.1555081789466466
overall,dz_true,30,BIS_same_minus_opposite_cosine,2943,0.8357311422005296
overall,dz_true,30,BIS_same_minus_opposite_cosine,2946,1.0414877982189257
overall,dz_true,30,BIS_same_minus_opposite_cosine,2988,1.1201067292441924
overall,dz_true,30,BIS_same_minus_opposite_cosine,3261,0.9684543041388194
overall,dz_true,30,BIS_same_minus_opposite_cosine,3354,0.9369585685983852
overall,dz_true,30,BIS_same_minus_opposite_cosine,3387,0.9553603268911441
overall,dz_true,30,BIS_same_minus_opposite_cosine,3485,0.7620072770242889
overall,dz_true,30,BIS_same_minus_opposite_cosine,3525,1.0461049992901583
overall,dz_true,30,BIS_same_minus_opposite_cosine,3569,0.8728579935641625
overall,dz_true,30,BIS_same_minus_opposite_cosine,3593,0.9581268996457781
overall,dz_true,30,BIS_same_minus_opposite_cosine,3613,0.831813495411821
overall,dz_true,30,BIS_same_minus_opposite_cosine,3764,1.060721234853069
overall,dz_true,30,BIS_same_minus_opposite_cosine,3768,0.9703877106070136
overall,dz_true,30,BIS_same_minus_opposite_cosine,3852,0.8662250850182505
overall,dz_true,30,BIS_same_minus_opposite_cosine,3967,0.9390922265640204
overall,dz_true,30,BIS_same_minus_opposite_cosine,3976,1.125143896220013
overall,dz_true,30,BIS_same_minus_opposite_cosine,3978,0.9297783080488443
overall,dz_true,30,BIS_same_minus_opposite_cosine,3985,1.0024991063773632
overall,dz_true,30,BIS_same_minus_opposite_cosine,4016,1.0093094511740448
overall,dz_true,30,BIS_same_minus_opposite_cosine,4080,0.6690182590650188
overall,dz_true,30,BIS_same_minus_opposite_cosine,4293,1.150267589195735
overall,dz_true,30,BIS_same_minus_opposite_cosine,4312,1.1021143313045756
overall,dz_true,30,BIS_same_minus_opposite_cosine,4529,1.0706252350338867
overall,dz_true,30,BIS_same_minus_opposite_cosine,4540,0.9126820408372265
overall,dz_true,30,BIS_same_minus_opposite_cosine,4638,1.1191089907297114
overall,dz_true,30,BIS_same_minus_opposite_cosine,4686,1.1401179820299148
overall,dz_true,30,BIS_same_minus_opposite_cosine,4821,0.9493031681539157
overall,dz_true,30,BIS_same_minus_opposite_cosine,4865,0.9390759089340767
overall,dz_true,30,BIS_same_minus_opposite_cosine,4944,1.1725188333955077
overall,dz_true,30,BIS_same_minus_opposite_cosine,5309,1.0059307298726505
overall,dz_true,30,BIS_same_minus_opposite_cosine,5377,0.9877818650255601
overall,dz_true,30,BIS_same_minus_opposite_cosine,5410,0.8137224028197427
overall,dz_true,30,BIS_same_minus_opposite_cosine,5454,0.8045135672390461
overall,dz_true,30,BIS_same_minus_opposite_cosine,5516,1.0243481386452913
overall,dz_true,30,BIS_same_minus_opposite_cosine,5600,0.7261024736695819
overall,dz_true,30,BIS_same_minus_opposite_cosine,5778,1.0583965609471004
overall,dz_true,30,BIS_same_minus_opposite_cosine,5826,1.0981810005257526
overall,dz_true,30,BIS_same_minus_opposite_cosine,5961,0.9387902230701664
overall,dz_true,30,BIS_same_minus_opposite_cosine,5989,0.976092069261316
overall,dz_true,30,BIS_same_minus_opposite_cosine,6025,1.1469238990474315
overall,dz_true,30,MAP_same_minus_opposite_cosine,105,-0.0338903305431207
overall,dz_true,30,MAP_same_minus_opposite_cosine,323,0.18378813316424686
overall,dz_true,30,MAP_same_minus_opposite_cosine,348,0.1313709918409586
overall,dz_true,30,MAP_same_minus_opposite_cosine,391,0.04701809274653593
overall,dz_true,30,MAP_same_minus_opposite_cosine,683,-0.002460821531713009
overall,dz_true,30,MAP_same_minus_opposite_cosine,747,0.0064911944170792935
overall,dz_true,30,MAP_same_minus_opposite_cosine,750,0.07145416177809238
overall,dz_true,30,MAP_same_minus_opposite_cosine,758,-0.10486845448613166
overall,dz_true,30,MAP_same_minus_opposite_cosine,843,-0.10246728236476582
overall,dz_true,30,MAP_same_minus_opposite_cosine,877,0.027869215110937755
overall,dz_true,30,MAP_same_minus_opposite_cosine,926,-0.005801671122511225
overall,dz_true,30,MAP_same_minus_opposite_cosine,967,0.14519198127090932
overall,dz_true,30,MAP_same_minus_opposite_cosine,992,-0.07076071308304865
overall,dz_true,30,MAP_same_minus_opposite_cosine,1014,0.1771064806729555
overall,dz_true,30,MAP_same_minus_opposite_cosine,1092,0.048430963357289636
overall,dz_true,30,MAP_same_minus_opposite_cosine,1193,0.01338778225084146
overall,dz_true,30,MAP_same_minus_opposite_cosine,1308,0.031037209431330363
overall,dz_true,30,MAP_same_minus_opposite_cosine,1335,-0.05690784761682153
overall,dz_true,30,MAP_same_minus_opposite_cosine,1480,0.07118046681086222
overall,dz_true,30,MAP_same_minus_opposite_cosine,1566,0.05478825711955627
overall,dz_true,30,MAP_same_minus_opposite_cosine,1636,-0.08354759390155474
overall,dz_true,30,MAP_same_minus_opposite_cosine,1644,0.19659145114322502
overall,dz_true,30,MAP_same_minus_opposite_cosine,1839,0.0496366240705053
overall,dz_true,30,MAP_same_minus_opposite_cosine,1943,0.08950222680966059
overall,dz_true,30,MAP_same_minus_opposite_cosine,2005,-0.04116289193431536
overall,dz_true,30,MAP_same_minus_opposite_cosine,2048,-0.2738826474795739
overall,dz_true,30,MAP_same_minus_opposite_cosine,2173,0.24661848712712528
overall,dz_true,30,MAP_same_minus_opposite_cosine,2263,0.1788007608304421
overall,dz_true,30,MAP_same_minus_opposite_cosine,2303,0.1035449316104253
overall,dz_true,30,MAP_same_minus_opposite_cosine,2308,0.018846306825677554
overall,dz_true,30,MAP_same_minus_opposite_cosine,2347,-0.0038257037599881485
overall,dz_true,30,MAP_same_minus_opposite_cosine,2361,-0.04456486888229847
overall,dz_true,30,MAP_same_minus_opposite_cosine,2567,0.07240167992810408
overall,dz_true,30,MAP_same_minus_opposite_cosine,2900,0.2149829731012384
overall,dz_true,30,MAP_same_minus_opposite_cosine,2943,0.1312664968582491
overall,dz_true,30,MAP_same_minus_opposite_cosine,2946,0.07638888855775199
overall,dz_true,30,MAP_same_minus_opposite_cosine,2988,-0.021291114886601764
overall,dz_true,30,MAP_same_minus_opposite_cosine,3261,-0.06010208657632271
overall,dz_true,30,MAP_same_minus_opposite_cosine,3354,0.20934026315808296
overall,dz_true,30,MAP_same_minus_opposite_cosine,3387,0.03531562325855097
overall,dz_true,30,MAP_same_minus_opposite_cosine,3485,0.27542358413338663
overall,dz_true,30,MAP_same_minus_opposite_cosine,3525,0.21866675664981206
overall,dz_true,30,MAP_same_minus_opposite_cosine,3569,0.014062957962354024
overall,dz_true,30,MAP_same_minus_opposite_cosine,3593,-0.09880771779765686
overall,dz_true,30,MAP_same_minus_opposite_cosine,3613,-0.17105708047747614
overall,dz_true,30,MAP_same_minus_opposite_cosine,3764,-0.3315349138031403
overall,dz_true,30,MAP_same_minus_opposite_cosine,3768,-0.08639959233502548
overall,dz_true,30,MAP_same_minus_opposite_cosine,3852,0.10502913035452366
overall,dz_true,30,MAP_same_minus_opposite_cosine,3967,-0.06233974869052569
overall,dz_true,30,MAP_same_minus_opposite_cosine,3976,-0.23176692239940166
overall,dz_true,30,MAP_same_minus_opposite_cosine,3978,0.006875431910157204
overall,dz_true,30,MAP_same_minus_opposite_cosine,3985,0.17512605115771293
overall,dz_true,30,MAP_same_minus_opposite_cosine,4016,-0.08487728061154484
overall,dz_true,30,MAP_same_minus_opposite_cosine,4080,0.03436905406415462
overall,dz_true,30,MAP_same_minus_opposite_cosine,4293,-0.023767234509189925
overall,dz_true,30,MAP_same_minus_opposite_cosine,4312,0.0282633401453495
overall,dz_true,30,MAP_same_minus_opposite_cosine,4529,-0.08158656135201456
overall,dz_true,30,MAP_same_minus_opposite_cosine,4540,-0.047835030903418854
overall,dz_true,30,MAP_same_minus_opposite_cosine,4638,-0.002778104630609353
overall,dz_true,30,MAP_same_minus_opposite_cosine,4686,0.0022412927200396865
overall,dz_true,30,MAP_same_minus_opposite_cosine,4821,0.1702330568805337
overall,dz_true,30,MAP_same_minus_opposite_cosine,4865,-0.14767340359588466
overall,dz_true,30,MAP_same_minus_opposite_cosine,4944,0.0948207159837087
overall,dz_true,30,MAP_same_minus_opposite_cosine,5309,0.1199607152491808
overall,dz_true,30,MAP_same_minus_opposite_cosine,5377,0.022754652425646782
overall,dz_true,30,MAP_same_minus_opposite_cosine,5410,0.08522456269711257
overall,dz_true,30,MAP_same_minus_opposite_cosine,5454,0.10769529957324267
overall,dz_true,30,MAP_same_minus_opposite_cosine,5516,-0.12678883839398622
overall,dz_true,30,MAP_same_minus_opposite_cosine,5600,0.19190279667576154
overall,dz_true,30,MAP_same_minus_opposite_cosine,5778,-0.10879767363270124
overall,dz_true,30,MAP_same_minus_opposite_cosine,5826,-0.04150316615899405
overall,dz_true,30,MAP_same_minus_opposite_cosine,5961,0.09664210615058741
overall,dz_true,30,MAP_same_minus_opposite_cosine,5989,0.09035627593596776
overall,dz_true,30,MAP_same_minus_opposite_cosine,6025,-0.08898547751208147
overall,dz_true,30,triplet_accuracy,323,0.7666666666666667
overall,dz_true,30,triplet_accuracy,348,0.7
overall,dz_true,30,triplet_accuracy,391,0.8333333333333334
overall,dz_true,30,triplet_accuracy,683,0.7333333333333333
overall,dz_true,30,triplet_accuracy,747,0.7166666666666667
overall,dz_true,30,triplet_accuracy,750,0.6166666666666667
overall,dz_true,30,triplet_accuracy,758,0.7333333333333333
overall,dz_true,30,triplet_accuracy,843,0.7333333333333333
overall,dz_true,30,triplet_accuracy,967,0.6333333333333333
overall,dz_true,30,triplet_accuracy,1014,0.75
overall,dz_true,30,triplet_accuracy,1092,0.7833333333333333
overall,dz_true,30,triplet_accuracy,1193,0.7166666666666667
overall,dz_true,30,triplet_accuracy,1335,0.75
overall,dz_true,30,triplet_accuracy,1480,0.8166666666666667
overall,dz_true,30,triplet_accuracy,1566,0.7333333333333333
overall,dz_true,30,triplet_accuracy,1839,0.7
overall,dz_true,30,triplet_accuracy,1943,0.7166666666666667
overall,dz_true,30,triplet_accuracy,2005,0.6833333333333333
overall,dz_true,30,triplet_accuracy,2048,0.7333333333333333
overall,dz_true,30,triplet_accuracy,2173,0.7833333333333333
overall,dz_true,30,triplet_accuracy,2263,0.7833333333333333
overall,dz_true,30,triplet_accuracy,2303,0.7666666666666667
overall,dz_true,30,triplet_accuracy,2308,0.7333333333333333
overall,dz_true,30,triplet_accuracy,2347,0.7333333333333333
overall,dz_true,30,triplet_accuracy,2361,0.7833333333333333
overall,dz_true,30,triplet_accuracy,2567,0.7833333333333333
overall,dz_true,30,triplet_accuracy,2943,0.75
overall,dz_true,30,triplet_accuracy,2988,0.8
overall,dz_true,30,triplet_accuracy,3261,0.65
overall,dz_true,30,triplet_accuracy,3354,0.7166666666666667
overall,dz_true,30,triplet_accuracy,3525,0.7833333333333333
overall,dz_true,30,triplet_accuracy,3569,0.6833333333333333
overall,dz_true,30,triplet_accuracy,3593,0.65
overall,dz_true,30,triplet_accuracy,3768,0.8
overall,dz_true,30,triplet_accuracy,3852,0.7666666666666667
overall,dz_true,30,triplet_accuracy,3967,0.7833333333333333
overall,dz_true,30,triplet_accuracy,3978,0.6833333333333333
overall,dz_true,30,triplet_accuracy,3985,0.7
overall,dz_true,30,triplet_accuracy,4016,0.8666666666666667
overall,dz_true,30,triplet_accuracy,4293,0.75
overall,dz_true,30,triplet_accuracy,4312,0.7833333333333333
overall,dz_true,30,triplet_accuracy,4529,0.85
overall,dz_true,30,triplet_accuracy,4540,0.7
overall,dz_true,30,triplet_accuracy,4686,0.7666666666666667
overall,dz_true,30,triplet_accuracy,4821,0.7333333333333333
overall,dz_true,30,triplet_accuracy,4865,0.8
overall,dz_true,30,triplet_accuracy,4944,0.7666666666666667
overall,dz_true,30,triplet_accuracy,5309,0.7333333333333333
overall,dz_true,30,triplet_accuracy,5377,0.8333333333333334
overall,dz_true,30,triplet_accuracy,5410,0.7666666666666667
overall,dz_true,30,triplet_accuracy,5454,0.75
overall,dz_true,30,triplet_accuracy,5516,0.8333333333333334
overall,dz_true,30,triplet_accuracy,5600,0.8166666666666667
overall,dz_true,30,triplet_accuracy,5778,0.75
overall,dz_true,30,triplet_accuracy,5989,0.8
overall,dz_true,30,triplet_accuracy,6025,0.6833333333333333
overall,dz_pred,60,BIS_same_minus_opposite_cosine,105,-0.0302257988315362
overall,dz_pred,60,BIS_same_minus_opposite_cosine,323,0.007417986474253957
overall,dz_pred,60,BIS_same_minus_opposite_cosine,348,-0.009543293466170666
overall,dz_pred,60,BIS_same_minus_opposite_cosine,391,-0.03374716119888499
overall,dz_pred,60,BIS_same_minus_opposite_cosine,683,0.06754699467370906
overall,dz_pred,60,BIS_same_minus_opposite_cosine,747,0.001609140687755084
overall,dz_pred,60,BIS_same_minus_opposite_cosine,750,-0.0252039921780427
overall,dz_pred,60,BIS_same_minus_opposite_cosine,758,0.07932778139045271
overall,dz_pred,60,BIS_same_minus_opposite_cosine,843,0.08584761591184709
overall,dz_pred,60,BIS_same_minus_opposite_cosine,877,0.006930326918760943
overall,dz_pred,60,BIS_same_minus_opposite_cosine,926,-0.004281172501868102
overall,dz_pred,60,BIS_same_minus_opposite_cosine,967,0.011249527961447514
overall,dz_pred,60,BIS_same_minus_opposite_cosine,992,0.052242809136708646
overall,dz_pred,60,BIS_same_minus_opposite_cosine,1014,-0.004381582554843666
overall,dz_pred,60,BIS_same_minus_opposite_cosine,1092,0.01411641890352422
overall,dz_pred,60,BIS_same_minus_opposite_cosine,1193,0.082361031199495
overall,dz_pred,60,BIS_same_minus_opposite_cosine,1308,-0.021178014882099916
overall,dz_pred,60,BIS_same_minus_opposite_cosine,1335,0.03817239511704107
overall,dz_pred,60,BIS_same_minus_opposite_cosine,1480,0.09108171364211515
overall,dz_pred,60,BIS_same_minus_opposite_cosine,1566,-0.0427181918863897
overall,dz_pred,60,BIS_same_minus_opposite_cosine,1636,-1.1108401748449737e-06
overall,dz_pred,60,BIS_same_minus_opposite_cosine,1644,0.03192512359884048
overall,dz_pred,60,BIS_same_minus_opposite_cosine,1839,-0.036753671074455485
overall,dz_pred,60,BIS_same_minus_opposite_cosine,1943,0.08154150322079667
overall,dz_pred,60,BIS_same_minus_opposite_cosine,2005,0.05625494424667621
overall,dz_pred,60,BIS_same_minus_opposite_cosine,2048,-0.015308841442068344
overall,dz_pred,60,BIS_same_minus_opposite_cosine,2173,0.008991968805591277
overall,dz_pred,60,BIS_same_minus_opposite_cosine,2263,0.029285696916507953
overall,dz_pred,60,BIS_same_minus_opposite_cosine,2303,0.0017255087141637704
overall,dz_pred,60,BIS_same_minus_opposite_cosine,2308,-0.07076433077454569
overall,dz_pred,60,BIS_same_minus_opposite_cosine,2347,-0.04533379224163525
overall,dz_pred,60,BIS_same_minus_opposite_cosine,2361,-0.03126821760778076
overall,dz_pred,60,BIS_same_minus_opposite_cosine,2567,0.012230448023630935
overall,dz_pred,60,BIS_same_minus_opposite_cosine,2900,0.014253227638475807
overall,dz_pred,60,BIS_same_minus_opposite_cosine,2943,0.008606418470541666
overall,dz_pred,60,BIS_same_minus_opposite_cosine,2946,-0.015174464186032632
overall,dz_pred,60,BIS_same_minus_opposite_cosine,2988,-0.03043266737035344
overall,dz_pred,60,BIS_same_minus_opposite_cosine,3261,0.039589958003273806
overall,dz_pred,60,BIS_same_minus_opposite_cosine,3354,0.012210410557411344
overall,dz_pred,60,BIS_same_minus_opposite_cosine,3387,0.0006885457219499846
overall,dz_pred,60,BIS_same_minus_opposite_cosine,3485,-0.045483780433149934
overall,dz_pred,60,BIS_same_minus_opposite_cosine,3525,0.035180533407391024
overall,dz_pred,60,BIS_same_minus_opposite_cosine,3569,-0.05469500869512556
overall,dz_pred,60,BIS_same_minus_opposite_cosine,3593,-0.013912834102908778
overall,dz_pred,60,BIS_same_minus_opposite_cosine,3613,-0.005926733712355303
overall,dz_pred,60,BIS_same_minus_opposite_cosine,3764,-0.010056744019190544
overall,dz_pred,60,BIS_same_minus_opposite_cosine,3768,0.06531052251656855
overall,dz_pred,60,BIS_same_minus_opposite_cosine,3852,0.07246844902252536
overall,dz_pred,60,BIS_same_minus_opposite_cosine,3967,0.030058767225431438
overall,dz_pred,60,BIS_same_minus_opposite_cosine,3976,0.017326083580652907
overall,dz_pred,60,BIS_same_minus_opposite_cosine,3978,0.009827211995919627
overall,dz_pred,60,BIS_same_minus_opposite_cosine,3985,0.02791301349798847
overall,dz_pred,60,BIS_same_minus_opposite_cosine,4016,-0.08871859821180506
overall,dz_pred,60,BIS_same_minus_opposite_cosine,4080,-0.042484669387340634
overall,dz_pred,60,BIS_same_minus_opposite_cosine,4293,0.013739051284461179
overall,dz_pred,60,BIS_same_minus_opposite_cosine,4312,0.04513013952722156
overall,dz_pred,60,BIS_same_minus_opposite_cosine,4529,0.06378117719521892
overall,dz_pred,60,BIS_same_minus_opposite_cosine,4540,-0.010523461989867422
overall,dz_pred,60,BIS_same_minus_opposite_cosine,4638,0.015056714514891323
overall,dz_pred,60,BIS_same_minus_opposite_cosine,4686,-0.007349271652026035
overall,dz_pred,60,BIS_same_minus_opposite_cosine,4821,0.050419796630740144
overall,dz_pred,60,BIS_same_minus_opposite_cosine,4865,-0.03941071952382724
overall,dz_pred,60,BIS_same_minus_opposite_cosine,4944,0.0028783202792207474
overall,dz_pred,60,BIS_same_minus_opposite_cosine,5309,0.035309240884251136
overall,dz_pred,60,BIS_same_minus_opposite_cosine,5377,-0.014097415010134395
overall,dz_pred,60,BIS_same_minus_opposite_cosine,5410,0.051621739069620864
overall,dz_pred,60,BIS_same_minus_opposite_cosine,5454,0.009735912199203778
overall,dz_pred,60,BIS_same_minus_opposite_cosine,5516,0.030817395834059513
overall,dz_pred,60,BIS_same_minus_opposite_cosine,5600,-0.016259520536377248
overall,dz_pred,60,BIS_same_minus_opposite_cosine,5778,-0.041062366917277826
overall,dz_pred,60,BIS_same_minus_opposite_cosine,5826,0.016519327958424923
overall,dz_pred,60,BIS_same_minus_opposite_cosine,5961,0.04927198561755086
overall,dz_pred,60,BIS_same_minus_opposite_cosine,5989,0.11929310926276704
overall,dz_pred,60,BIS_same_minus_opposite_cosine,6025,0.08139227474729227
overall,dz_pred,60,MAP_same_minus_opposite_cosine,105,-0.02683323373397195
overall,dz_pred,60,MAP_same_minus_opposite_cosine,323,0.03558112283547721
overall,dz_pred,60,MAP_same_minus_opposite_cosine,348,0.020730343461036638
overall,dz_pred,60,MAP_same_minus_opposite_cosine,391,0.009663242846727371
overall,dz_pred,60,MAP_same_minus_opposite_cosine,683,0.01160126328468325
overall,dz_pred,60,MAP_same_minus_opposite_cosine,747,0.038060886412858874
overall,dz_pred,60,MAP_same_minus_opposite_cosine,750,-0.01187775929768875
overall,dz_pred,60,MAP_same_minus_opposite_cosine,758,0.04809614792466166
overall,dz_pred,60,MAP_same_minus_opposite_cosine,843,0.0069436897834141975
overall,dz_pred,60,MAP_same_minus_opposite_cosine,877,0.011757549643516607
overall,dz_pred,60,MAP_same_minus_opposite_cosine,926,0.009089260300000457
overall,dz_pred,60,MAP_same_minus_opposite_cosine,967,-0.03182536897559962
overall,dz_pred,60,MAP_same_minus_opposite_cosine,992,0.03163503209749863
overall,dz_pred,60,MAP_same_minus_opposite_cosine,1014,-0.01345075070858004
overall,dz_pred,60,MAP_same_minus_opposite_cosine,1092,-0.0623091459274292
overall,dz_pred,60,MAP_same_minus_opposite_cosine,1193,-0.07056408760448296
overall,dz_pred,60,MAP_same_minus_opposite_cosine,1308,0.0345453093449275
overall,dz_pred,60,MAP_same_minus_opposite_cosine,1335,0.032708387573560094
overall,dz_pred,60,MAP_same_minus_opposite_cosine,1480,-0.05031052082777021
overall,dz_pred,60,MAP_same_minus_opposite_cosine,1566,-0.021771945556004813
overall,dz_pred,60,MAP_same_minus_opposite_cosine,1636,-0.014712231978774026
overall,dz_pred,60,MAP_same_minus_opposite_cosine,1644,-0.0008802873392900201
overall,dz_pred,60,MAP_same_minus_opposite_cosine,1839,-0.02056117591758566
overall,dz_pred,60,MAP_same_minus_opposite_cosine,1943,0.021242476999759674
overall,dz_pred,60,MAP_same_minus_opposite_cosine,2005,-0.03769043746093914
overall,dz_pred,60,MAP_same_minus_opposite_cosine,2048,-0.013388352841138818
overall,dz_pred,60,MAP_same_minus_opposite_cosine,2173,0.0710574967165788
overall,dz_pred,60,MAP_same_minus_opposite_cosine,2263,0.028536339600880867
overall,dz_pred,60,MAP_same_minus_opposite_cosine,2303,-0.01009764571984606
overall,dz_pred,60,MAP_same_minus_opposite_cosine,2308,-0.07235271086295447
overall,dz_pred,60,MAP_same_minus_opposite_cosine,2347,0.060411097606023256
overall,dz_pred,60,MAP_same_minus_opposite_cosine,2361,0.046300491193930204
overall,dz_pred,60,MAP_same_minus_opposite_cosine,2567,-0.03969165310263634
overall,dz_pred,60,MAP_same_minus_opposite_cosine,2900,-0.0557422220706939
overall,dz_pred,60,MAP_same_minus_opposite_cosine,2943,0.0027008513609567686
overall,dz_pred,60,MAP_same_minus_opposite_cosine,2946,-0.002777696649233552
overall,dz_pred,60,MAP_same_minus_opposite_cosine,2988,0.03163178215424223
overall,dz_pred,60,MAP_same_minus_opposite_cosine,3261,0.025773402551809932
overall,dz_pred,60,MAP_same_minus_opposite_cosine,3354,-0.01716108024120333
overall,dz_pred,60,MAP_same_minus_opposite_cosine,3387,0.026500235001246097
overall,dz_pred,60,MAP_same_minus_opposite_cosine,3485,0.008462584329148148
overall,dz_pred,60,MAP_same_minus_opposite_cosine,3525,0.036076347281535526
overall,dz_pred,60,MAP_same_minus_opposite_cosine,3569,0.037829413016637226
overall,dz_pred,60,MAP_same_minus_opposite_cosine,3593,-0.056635395189126414
overall,dz_pred,60,MAP_same_minus_opposite_cosine,3613,-0.009540716310342257
overall,dz_pred,60,MAP_same_minus_opposite_cosine,3764,0.07379990071058273
overall,dz_pred,60,MAP_same_minus_opposite_cosine,3768,0.013967839876810717
overall,dz_pred,60,MAP_same_minus_opposite_cosine,3852,-0.02204661766688032
overall,dz_pred,60,MAP_same_minus_opposite_cosine,3967,0.033784541984399175
overall,dz_pred,60,MAP_same_minus_opposite_cosine,3976,-0.029399116585651974
overall,dz_pred,60,MAP_same_minus_opposite_cosine,3978,-0.04454136341810233
overall,dz_pred,60,MAP_same_minus_opposite_cosine,3985,0.0192293306191762
overall,dz_pred,60,MAP_same_minus_opposite_cosine,4016,-0.0702672347426414
overall,dz_pred,60,MAP_same_minus_opposite_cosine,4080,0.042633210619290596
overall,dz_pred,60,MAP_same_minus_opposite_cosine,4293,-0.02019508481025689
overall,dz_pred,60,MAP_same_minus_opposite_cosine,4312,-0.005919186274210619
overall,dz_pred,60,MAP_same_minus_opposite_cosine,4529,-0.009011386334896065
overall,dz_pred,60,MAP_same_minus_opposite_cosine,4540,0.002446291844050097
overall,dz_pred,60,MAP_same_minus_opposite_cosine,4638,-0.07245456427335739
overall,dz_pred,60,MAP_same_minus_opposite_cosine,4686,-0.049650947252909416
overall,dz_pred,60,MAP_same_minus_opposite_cosine,4821,0.020989682277043675
overall,dz_pred,60,MAP_same_minus_opposite_cosine,4865,0.023957080642382333
overall,dz_pred,60,MAP_same_minus_opposite_cosine,4944,0.06798222710688906
overall,dz_pred,60,MAP_same_minus_opposite_cosine,5309,-0.007892045378685042
overall,dz_pred,60,MAP_same_minus_opposite_cosine,5377,0.012355715036392212
overall,dz_pred,60,MAP_same_minus_opposite_cosine,5410,-0.030288390318552683
overall,dz_pred,60,MAP_same_minus_opposite_cosine,5454,-0.023225535949071174
overall,dz_pred,60,MAP_same_minus_opposite_cosine,5516,-0.006302178899447175
overall,dz_pred,60,MAP_same_minus_opposite_cosine,5600,0.02842806776364648
overall,dz_pred,60,MAP_same_minus_opposite_cosine,5778,-0.0036877820889155144
overall,dz_pred,60,MAP_same_minus_opposite_cosine,5826,0.008811404307683346
overall,dz_pred,60,MAP_same_minus_opposite_cosine,5961,0.03825363789995517
overall,dz_pred,60,MAP_same_minus_opposite_cosine,5989,-0.00644582659006121
overall,dz_pred,60,MAP_same_minus_opposite_cosine,6025,-0.0036505982279777527
overall,dz_pred,60,triplet_accuracy,323,0.5
overall,dz_pred,60,triplet_accuracy,348,0.7166666666666667
overall,dz_pred,60,triplet_accuracy,391,0.5666666666666667
overall,dz_pred,60,triplet_accuracy,683,0.5
overall,dz_pred,60,triplet_accuracy,747,0.6166666666666667
overall,dz_pred,60,triplet_accuracy,750,0.5333333333333333
overall,dz_pred,60,triplet_accuracy,758,0.5
overall,dz_pred,60,triplet_accuracy,843,0.4666666666666667
overall,dz_pred,60,triplet_accuracy,967,0.48333333333333334
overall,dz_pred,60,triplet_accuracy,1014,0.5666666666666667
overall,dz_pred,60,triplet_accuracy,1092,0.48333333333333334
overall,dz_pred,60,triplet_accuracy,1193,0.5833333333333334
overall,dz_pred,60,triplet_accuracy,1335,0.55
overall,dz_pred,60,triplet_accuracy,1480,0.5333333333333333
overall,dz_pred,60,triplet_accuracy,1566,0.5
overall,dz_pred,60,triplet_accuracy,1839,0.5166666666666667
overall,dz_pred,60,triplet_accuracy,1943,0.45
overall,dz_pred,60,triplet_accuracy,2005,0.45
overall,dz_pred,60,triplet_accuracy,2048,0.48333333333333334
overall,dz_pred,60,triplet_accuracy,2173,0.6
overall,dz_pred,60,triplet_accuracy,2263,0.5
overall,dz_pred,60,triplet_accuracy,2303,0.55
overall,dz_pred,60,triplet_accuracy,2308,0.5833333333333334
overall,dz_pred,60,triplet_accuracy,2347,0.48333333333333334
overall,dz_pred,60,triplet_accuracy,2361,0.5
overall,dz_pred,60,triplet_accuracy,2567,0.45
overall,dz_pred,60,triplet_accuracy,2943,0.6166666666666667
overall,dz_pred,60,triplet_accuracy,2988,0.5333333333333333
overall,dz_pred,60,triplet_accuracy,3261,0.6
overall,dz_pred,60,triplet_accuracy,3354,0.5166666666666667
overall,dz_pred,60,triplet_accuracy,3525,0.36666666666666664
overall,dz_pred,60,triplet_accuracy,3569,0.5333333333333333
overall,dz_pred,60,triplet_accuracy,3593,0.5333333333333333
overall,dz_pred,60,triplet_accuracy,3768,0.5
overall,dz_pred,60,triplet_accuracy,3852,0.5
overall,dz_pred,60,triplet_accuracy,3967,0.5333333333333333
overall,dz_pred,60,triplet_accuracy,3978,0.5333333333333333
overall,dz_pred,60,triplet_accuracy,3985,0.5
overall,dz_pred,60,triplet_accuracy,4016,0.5833333333333334
overall,dz_pred,60,triplet_accuracy,4293,0.5
overall,dz_pred,60,triplet_accuracy,4312,0.6666666666666666
overall,dz_pred,60,triplet_accuracy,4529,0.5666666666666667
overall,dz_pred,60,triplet_accuracy,4540,0.5666666666666667
overall,dz_pred,60,triplet_accuracy,4686,0.55
overall,dz_pred,60,triplet_accuracy,4821,0.5166666666666667
overall,dz_pred,60,triplet_accuracy,4865,0.4666666666666667
overall,dz_pred,60,triplet_accuracy,4944,0.4666666666666667
overall,dz_pred,60,triplet_accuracy,5309,0.5333333333333333
overall,dz_pred,60,triplet_accuracy,5377,0.5333333333333333
overall,dz_pred,60,triplet_accuracy,5410,0.43333333333333335
overall,dz_pred,60,triplet_accuracy,5454,0.55
overall,dz_pred,60,triplet_accuracy,5516,0.45
overall,dz_pred,60,triplet_accuracy,5600,0.48333333333333334
overall,dz_pred,60,triplet_accuracy,5778,0.4666666666666667
overall,dz_pred,60,triplet_accuracy,5989,0.5666666666666667
overall,dz_pred,60,triplet_accuracy,6025,0.43333333333333335
overall,dz_true,60,BIS_same_minus_opposite_cosine,105,0.8656794649572709
overall,dz_true,60,BIS_same_minus_opposite_cosine,323,0.9892111291600899
overall,dz_true,60,BIS_same_minus_opposite_cosine,348,0.8926982438812654
overall,dz_true,60,BIS_same_minus_opposite_cosine,391,0.8958075620711614
overall,dz_true,60,BIS_same_minus_opposite_cosine,683,0.8003073108072082
overall,dz_true,60,BIS_same_minus_opposite_cosine,747,1.0200874529424167
overall,dz_true,60,BIS_same_minus_opposite_cosine,750,0.7768716750045618
overall,dz_true,60,BIS_same_minus_opposite_cosine,758,0.8506088832771217
overall,dz_true,60,BIS_same_minus_opposite_cosine,843,0.7776428339914196
overall,dz_true,60,BIS_same_minus_opposite_cosine,877,0.7894829409817854
overall,dz_true,60,BIS_same_minus_opposite_cosine,926,0.7404515677172205
overall,dz_true,60,BIS_same_minus_opposite_cosine,967,0.838165252218428
overall,dz_true,60,BIS_same_minus_opposite_cosine,992,0.9746491991976897
overall,dz_true,60,BIS_same_minus_opposite_cosine,1014,1.0562541849566278
overall,dz_true,60,BIS_same_minus_opposite_cosine,1092,0.8746582954444668
overall,dz_true,60,BIS_same_minus_opposite_cosine,1193,1.0137218297430963
overall,dz_true,60,BIS_same_minus_opposite_cosine,1308,1.1846933475767192
overall,dz_true,60,BIS_same_minus_opposite_cosine,1335,0.8487449757970762
overall,dz_true,60,BIS_same_minus_opposite_cosine,1480,0.8585707628532595
overall,dz_true,60,BIS_same_minus_opposite_cosine,1566,0.9269277490123555
overall,dz_true,60,BIS_same_minus_opposite_cosine,1636,0.7275690230506437
overall,dz_true,60,BIS_same_minus_opposite_cosine,1644,1.1112548820536445
overall,dz_true,60,BIS_same_minus_opposite_cosine,1839,0.8341811328279701
overall,dz_true,60,BIS_same_minus_opposite_cosine,1943,1.0129020027195414
overall,dz_true,60,BIS_same_minus_opposite_cosine,2005,0.9134143765601848
overall,dz_true,60,BIS_same_minus_opposite_cosine,2048,0.839685802316914
overall,dz_true,60,BIS_same_minus_opposite_cosine,2173,0.9105670442183813
overall,dz_true,60,BIS_same_minus_opposite_cosine,2263,0.7947730231917265
overall,dz_true,60,BIS_same_minus_opposite_cosine,2303,0.8294514084579768
overall,dz_true,60,BIS_same_minus_opposite_cosine,2308,0.8522341294835012
overall,dz_true,60,BIS_same_minus_opposite_cosine,2347,0.990518587179206
overall,dz_true,60,BIS_same_minus_opposite_cosine,2361,0.9868384375892304
overall,dz_true,60,BIS_same_minus_opposite_cosine,2567,0.8441178084661562
overall,dz_true,60,BIS_same_minus_opposite_cosine,2900,0.9336538479522323
overall,dz_true,60,BIS_same_minus_opposite_cosine,2943,0.9067830724528794
overall,dz_true,60,BIS_same_minus_opposite_cosine,2946,0.8173157127698263
overall,dz_true,60,BIS_same_minus_opposite_cosine,2988,0.8863358387723566
overall,dz_true,60,BIS_same_minus_opposite_cosine,3261,0.6015246988170677
overall,dz_true,60,BIS_same_minus_opposite_cosine,3354,0.7405357977306402
overall,dz_true,60,BIS_same_minus_opposite_cosine,3387,0.9259812510036158
overall,dz_true,60,BIS_same_minus_opposite_cosine,3485,0.6519959432785125
overall,dz_true,60,BIS_same_minus_opposite_cosine,3525,0.9566994040934504
overall,dz_true,60,BIS_same_minus_opposite_cosine,3569,0.6585726634288828
overall,dz_true,60,BIS_same_minus_opposite_cosine,3593,0.6973845314855377
overall,dz_true,60,BIS_same_minus_opposite_cosine,3613,0.9040008234791458
overall,dz_true,60,BIS_same_minus_opposite_cosine,3764,0.7162144651636482
overall,dz_true,60,BIS_same_minus_opposite_cosine,3768,0.8639249513298273
overall,dz_true,60,BIS_same_minus_opposite_cosine,3852,0.8274926669179248
overall,dz_true,60,BIS_same_minus_opposite_cosine,3967,0.8371744147785332
overall,dz_true,60,BIS_same_minus_opposite_cosine,3976,1.0284280122816563
overall,dz_true,60,BIS_same_minus_opposite_cosine,3978,0.83560925728331
overall,dz_true,60,BIS_same_minus_opposite_cosine,3985,0.8639959626396496
overall,dz_true,60,BIS_same_minus_opposite_cosine,4016,0.84757193805029
overall,dz_true,60,BIS_same_minus_opposite_cosine,4080,0.7894281244526307
overall,dz_true,60,BIS_same_minus_opposite_cosine,4293,0.9045724410178333
overall,dz_true,60,BIS_same_minus_opposite_cosine,4312,0.8666132700629532
overall,dz_true,60,BIS_same_minus_opposite_cosine,4529,0.9246506819549279
overall,dz_true,60,BIS_same_minus_opposite_cosine,4540,0.951879009919671
overall,dz_true,60,BIS_same_minus_opposite_cosine,4638,0.8088671366870404
overall,dz_true,60,BIS_same_minus_opposite_cosine,4686,0.8881484339013695
overall,dz_true,60,BIS_same_minus_opposite_cosine,4821,0.687860077060759
overall,dz_true,60,BIS_same_minus_opposite_cosine,4865,0.9249761792520682
overall,dz_true,60,BIS_same_minus_opposite_cosine,4944,0.928295343896995
overall,dz_true,60,BIS_same_minus_opposite_cosine,5309,0.9100610485093461
overall,dz_true,60,BIS_same_minus_opposite_cosine,5377,1.224789836059014
overall,dz_true,60,BIS_same_minus_opposite_cosine,5410,0.7252846156557401
overall,dz_true,60,BIS_same_minus_opposite_cosine,5454,0.9199907815418182
overall,dz_true,60,BIS_same_minus_opposite_cosine,5516,1.1087846998510689
overall,dz_true,60,BIS_same_minus_opposite_cosine,5600,0.8762601311096833
overall,dz_true,60,BIS_same_minus_opposite_cosine,5778,0.8473474867416151
overall,dz_true,60,BIS_same_minus_opposite_cosine,5826,0.7170608961582183
overall,dz_true,60,BIS_same_minus_opposite_cosine,5961,0.736348323385711
overall,dz_true,60,BIS_same_minus_opposite_cosine,5989,0.8817628788775291
overall,dz_true,60,BIS_same_minus_opposite_cosine,6025,0.9864356734603643
overall,dz_true,60,MAP_same_minus_opposite_cosine,105,0.15619769829014937
overall,dz_true,60,MAP_same_minus_opposite_cosine,323,-0.13743909299373627
overall,dz_true,60,MAP_same_minus_opposite_cosine,348,-0.05506899751101931
overall,dz_true,60,MAP_same_minus_opposite_cosine,391,0.042447507257262866
overall,dz_true,60,MAP_same_minus_opposite_cosine,683,0.022798225741523008
overall,dz_true,60,MAP_same_minus_opposite_cosine,747,0.10244194008409976
overall,dz_true,60,MAP_same_minus_opposite_cosine,750,-0.28674980184684196
overall,dz_true,60,MAP_same_minus_opposite_cosine,758,-0.09106382528940837
overall,dz_true,60,MAP_same_minus_opposite_cosine,843,0.13511541069795688
overall,dz_true,60,MAP_same_minus_opposite_cosine,877,0.09018022045493126
overall,dz_true,60,MAP_same_minus_opposite_cosine,926,-0.10662907135362426
overall,dz_true,60,MAP_same_minus_opposite_cosine,967,0.011086648702621466
overall,dz_true,60,MAP_same_minus_opposite_cosine,992,0.08358423175911109
overall,dz_true,60,MAP_same_minus_opposite_cosine,1014,0.2427441459770004
overall,dz_true,60,MAP_same_minus_opposite_cosine,1092,-0.09998873087267082
overall,dz_true,60,MAP_same_minus_opposite_cosine,1193,-0.006497496242324511
overall,dz_true,60,MAP_same_minus_opposite_cosine,1308,0.18321945381661256
overall,dz_true,60,MAP_same_minus_opposite_cosine,1335,0.0929148664077123
overall,dz_true,60,MAP_same_minus_opposite_cosine,1480,0.04991318496565023
overall,dz_true,60,MAP_same_minus_opposite_cosine,1566,-0.12004176539679369
overall,dz_true,60,MAP_same_minus_opposite_cosine,1636,-0.08623801581561566
overall,dz_true,60,MAP_same_minus_opposite_cosine,1644,0.16705255216608444
overall,dz_true,60,MAP_same_minus_opposite_cosine,1839,0.12456520913789669
overall,dz_true,60,MAP_same_minus_opposite_cosine,1943,-0.05977818345030149
overall,dz_true,60,MAP_same_minus_opposite_cosine,2005,-0.1616591679553191
overall,dz_true,60,MAP_same_minus_opposite_cosine,2048,0.17188947812343636
overall,dz_true,60,MAP_same_minus_opposite_cosine,2173,0.044692650375266874
overall,dz_true,60,MAP_same_minus_opposite_cosine,2263,0.034925605605045956
overall,dz_true,60,MAP_same_minus_opposite_cosine,2303,-0.03599560360113779
overall,dz_true,60,MAP_same_minus_opposite_cosine,2308,-0.146789621685942
overall,dz_true,60,MAP_same_minus_opposite_cosine,2347,-0.09786975147823493
overall,dz_true,60,MAP_same_minus_opposite_cosine,2361,-0.19374623484909534
overall,dz_true,60,MAP_same_minus_opposite_cosine,2567,-0.08476680206755796
overall,dz_true,60,MAP_same_minus_opposite_cosine,2900,0.18527341783046725
overall,dz_true,60,MAP_same_minus_opposite_cosine,2943,0.27483594690759977
overall,dz_true,60,MAP_same_minus_opposite_cosine,2946,0.05513844775656859
overall,dz_true,60,MAP_same_minus_opposite_cosine,2988,-0.11121258400380611
overall,dz_true,60,MAP_same_minus_opposite_cosine,3261,0.1002067256718874
overall,dz_true,60,MAP_same_minus_opposite_cosine,3354,-0.11869090646505356
overall,dz_true,60,MAP_same_minus_opposite_cosine,3387,-0.12037579901516438
overall,dz_true,60,MAP_same_minus_opposite_cosine,3485,-0.12740150528649488
overall,dz_true,60,MAP_same_minus_opposite_cosine,3525,-0.02456876890112956
overall,dz_true,60,MAP_same_minus_opposite_cosine,3569,-0.06621945196141799
overall,dz_true,60,MAP_same_minus_opposite_cosine,3593,0.04959010407328606
overall,dz_true,60,MAP_same_minus_opposite_cosine,3613,0.28159573643157876
overall,dz_true,60,MAP_same_minus_opposite_cosine,3764,-0.018597097943226497
overall,dz_true,60,MAP_same_minus_opposite_cosine,3768,-0.10002910817662874
overall,dz_true,60,MAP_same_minus_opposite_cosine,3852,0.11321775962909063
overall,dz_true,60,MAP_same_minus_opposite_cosine,3967,-0.06360546002785364
overall,dz_true,60,MAP_same_minus_opposite_cosine,3976,-0.013454523061712584
overall,dz_true,60,MAP_same_minus_opposite_cosine,3978,-0.15418295202155907
overall,dz_true,60,MAP_same_minus_opposite_cosine,3985,0.03306489766885837
overall,dz_true,60,MAP_same_minus_opposite_cosine,4016,-0.09153157162169615
overall,dz_true,60,MAP_same_minus_opposite_cosine,4080,-0.06026062003026406
overall,dz_true,60,MAP_same_minus_opposite_cosine,4293,0.05747041944414377
overall,dz_true,60,MAP_same_minus_opposite_cosine,4312,0.07136845005055267
overall,dz_true,60,MAP_same_minus_opposite_cosine,4529,-0.014345048926770685
overall,dz_true,60,MAP_same_minus_opposite_cosine,4540,0.06390039722124735
overall,dz_true,60,MAP_same_minus_opposite_cosine,4638,0.133225375538071
overall,dz_true,60,MAP_same_minus_opposite_cosine,4686,-0.12816879600286485
overall,dz_true,60,MAP_same_minus_opposite_cosine,4821,0.11846607364714146
overall,dz_true,60,MAP_same_minus_opposite_cosine,4865,-0.04043312749514977
overall,dz_true,60,MAP_same_minus_opposite_cosine,4944,-0.23522915278250972
overall,dz_true,60,MAP_same_minus_opposite_cosine,5309,-0.009350691673656306
overall,dz_true,60,MAP_same_minus_opposite_cosine,5377,0.059402736773093545
overall,dz_true,60,MAP_same_minus_opposite_cosine,5410,0.08485954217612743
overall,dz_true,60,MAP_same_minus_opposite_cosine,5454,-0.020720665653546647
overall,dz_true,60,MAP_same_minus_opposite_cosine,5516,0.05403806914885839
overall,dz_true,60,MAP_same_minus_opposite_cosine,5600,-0.06489981524646282
overall,dz_true,60,MAP_same_minus_opposite_cosine,5778,-0.009288062900304789
overall,dz_true,60,MAP_same_minus_opposite_cosine,5826,0.1179317965482672
overall,dz_true,60,MAP_same_minus_opposite_cosine,5961,-0.01076151300221681
overall,dz_true,60,MAP_same_minus_opposite_cosine,5989,0.09511267722894748
overall,dz_true,60,MAP_same_minus_opposite_cosine,6025,0.10553643989066283
overall,dz_true,60,triplet_accuracy,323,0.6833333333333333
overall,dz_true,60,triplet_accuracy,348,0.7833333333333333
overall,dz_true,60,triplet_accuracy,391,0.8166666666666667
overall,dz_true,60,triplet_accuracy,683,0.6833333333333333
overall,dz_true,60,triplet_accuracy,747,0.7
overall,dz_true,60,triplet_accuracy,750,0.7
overall,dz_true,60,triplet_accuracy,758,0.8166666666666667
overall,dz_true,60,triplet_accuracy,843,0.65
overall,dz_true,60,triplet_accuracy,967,0.7666666666666667
overall,dz_true,60,triplet_accuracy,1014,0.7333333333333333
overall,dz_true,60,triplet_accuracy,1092,0.6833333333333333
overall,dz_true,60,triplet_accuracy,1193,0.7
overall,dz_true,60,triplet_accuracy,1335,0.8
overall,dz_true,60,triplet_accuracy,1480,0.6833333333333333
overall,dz_true,60,triplet_accuracy,1566,0.6833333333333333
overall,dz_true,60,triplet_accuracy,1839,0.8
overall,dz_true,60,triplet_accuracy,1943,0.7166666666666667
overall,dz_true,60,triplet_accuracy,2005,0.7
overall,dz_true,60,triplet_accuracy,2048,0.6666666666666666
overall,dz_true,60,triplet_accuracy,2173,0.7833333333333333
overall,dz_true,60,triplet_accuracy,2263,0.7833333333333333
overall,dz_true,60,triplet_accuracy,2303,0.75
overall,dz_true,60,triplet_accuracy,2308,0.7166666666666667
overall,dz_true,60,triplet_accuracy,2347,0.7666666666666667
overall,dz_true,60,triplet_accuracy,2361,0.7666666666666667
overall,dz_true,60,triplet_accuracy,2567,0.7666666666666667
overall,dz_true,60,triplet_accuracy,2943,0.7333333333333333
overall,dz_true,60,triplet_accuracy,2988,0.65
overall,dz_true,60,triplet_accuracy,3261,0.7666666666666667
overall,dz_true,60,triplet_accuracy,3354,0.7166666666666667
overall,dz_true,60,triplet_accuracy,3525,0.7333333333333333
overall,dz_true,60,triplet_accuracy,3569,0.7333333333333333
overall,dz_true,60,triplet_accuracy,3593,0.7666666666666667
overall,dz_true,60,triplet_accuracy,3768,0.6833333333333333
overall,dz_true,60,triplet_accuracy,3852,0.8333333333333334
overall,dz_true,60,triplet_accuracy,3967,0.6333333333333333
overall,dz_true,60,triplet_accuracy,3978,0.6166666666666667
overall,dz_true,60,triplet_accuracy,3985,0.75
overall,dz_true,60,triplet_accuracy,4016,0.7333333333333333
overall,dz_true,60,triplet_accuracy,4293,0.7
overall,dz_true,60,triplet_accuracy,4312,0.8
overall,dz_true,60,triplet_accuracy,4529,0.8333333333333334
overall,dz_true,60,triplet_accuracy,4540,0.8
overall,dz_true,60,triplet_accuracy,4686,0.65
overall,dz_true,60,triplet_accuracy,4821,0.6833333333333333
overall,dz_true,60,triplet_accuracy,4865,0.7166666666666667
overall,dz_true,60,triplet_accuracy,4944,0.75
overall,dz_true,60,triplet_accuracy,5309,0.65
overall,dz_true,60,triplet_accuracy,5377,0.6666666666666666
overall,dz_true,60,triplet_accuracy,5410,0.7166666666666667
overall,dz_true,60,triplet_accuracy,5454,0.6833333333333333
overall,dz_true,60,triplet_accuracy,5516,0.8166666666666667
overall,dz_true,60,triplet_accuracy,5600,0.7833333333333333
overall,dz_true,60,triplet_accuracy,5778,0.7
overall,dz_true,60,triplet_accuracy,5989,0.7833333333333333
overall,dz_true,60,triplet_accuracy,6025,0.7
overall,dz_pred,180,BIS_same_minus_opposite_cosine,105,0.04810231434447432
overall,dz_pred,180,BIS_same_minus_opposite_cosine,323,0.06781690132159446
overall,dz_pred,180,BIS_same_minus_opposite_cosine,348,-0.027814580996831317
overall,dz_pred,180,BIS_same_minus_opposite_cosine,391,0.01291596670945483
overall,dz_pred,180,BIS_same_minus_opposite_cosine,683,0.04920109814327012
overall,dz_pred,180,BIS_same_minus_opposite_cosine,747,0.0008278673825165006
overall,dz_pred,180,BIS_same_minus_opposite_cosine,750,0.009913915395736717
overall,dz_pred,180,BIS_same_minus_opposite_cosine,758,-0.06876888370978218
overall,dz_pred,180,BIS_same_minus_opposite_cosine,843,0.011193873816066291
overall,dz_pred,180,BIS_same_minus_opposite_cosine,877,0.05508956267283516
overall,dz_pred,180,BIS_same_minus_opposite_cosine,926,0.08305147018121639
overall,dz_pred,180,BIS_same_minus_opposite_cosine,967,-0.07091080216424805
overall,dz_pred,180,BIS_same_minus_opposite_cosine,992,-0.004036523472695119
overall,dz_pred,180,BIS_same_minus_opposite_cosine,1014,-0.06369701101296188
overall,dz_pred,180,BIS_same_minus_opposite_cosine,1092,0.035832028587659215
overall,dz_pred,180,BIS_same_minus_opposite_cosine,1193,0.0718286150541062
overall,dz_pred,180,BIS_same_minus_opposite_cosine,1308,0.0524397185555211
overall,dz_pred,180,BIS_same_minus_opposite_cosine,1335,0.0028265439547024984
overall,dz_pred,180,BIS_same_minus_opposite_cosine,1480,0.05369305988152817
overall,dz_pred,180,BIS_same_minus_opposite_cosine,1566,0.021771192266827555
overall,dz_pred,180,BIS_same_minus_opposite_cosine,1636,0.11420494591196384
overall,dz_pred,180,BIS_same_minus_opposite_cosine,1644,0.07544828959000416
overall,dz_pred,180,BIS_same_minus_opposite_cosine,1839,-0.033879083726141124
overall,dz_pred,180,BIS_same_minus_opposite_cosine,1943,0.060377079372604725
overall,dz_pred,180,BIS_same_minus_opposite_cosine,2005,0.03657756189505257
overall,dz_pred,180,BIS_same_minus_opposite_cosine,2048,0.014387724732143226
overall,dz_pred,180,BIS_same_minus_opposite_cosine,2173,0.02330437103907268
overall,dz_pred,180,BIS_same_minus_opposite_cosine,2263,0.1008824145793914
overall,dz_pred,180,BIS_same_minus_opposite_cosine,2303,0.0848210357129574
overall,dz_pred,180,BIS_same_minus_opposite_cosine,2308,0.024498270732769112
overall,dz_pred,180,BIS_same_minus_opposite_cosine,2347,0.0595008399751451
overall,dz_pred,180,BIS_same_minus_opposite_cosine,2361,0.0011585180576031417
overall,dz_pred,180,BIS_same_minus_opposite_cosine,2567,-0.06483689807355408
overall,dz_pred,180,BIS_same_minus_opposite_cosine,2900,0.007738073972555326
overall,dz_pred,180,BIS_same_minus_opposite_cosine,2943,0.0273354664660882
overall,dz_pred,180,BIS_same_minus_opposite_cosine,2946,0.031684919397036215
overall,dz_pred,180,BIS_same_minus_opposite_cosine,2988,0.027541947254428156
overall,dz_pred,180,BIS_same_minus_opposite_cosine,3261,-0.04844328860441849
overall,dz_pred,180,BIS_same_minus_opposite_cosine,3354,0.04527758086721101
overall,dz_pred,180,BIS_same_minus_opposite_cosine,3387,0.1251661275823911
overall,dz_pred,180,BIS_same_minus_opposite_cosine,3485,0.000880269447098625
overall,dz_pred,180,BIS_same_minus_opposite_cosine,3525,0.11397315490025062
overall,dz_pred,180,BIS_same_minus_opposite_cosine,3569,-0.05481888617981567
overall,dz_pred,180,BIS_same_minus_opposite_cosine,3593,0.007803080727656675
overall,dz_pred,180,BIS_same_minus_opposite_cosine,3613,0.03330012525503456
overall,dz_pred,180,BIS_same_minus_opposite_cosine,3764,0.014942706340835277
overall,dz_pred,180,BIS_same_minus_opposite_cosine,3768,0.07123459367840379
overall,dz_pred,180,BIS_same_minus_opposite_cosine,3852,0.009470662856713385
overall,dz_pred,180,BIS_same_minus_opposite_cosine,3967,-0.03172663520926089
overall,dz_pred,180,BIS_same_minus_opposite_cosine,3976,-0.012538439973636906
overall,dz_pred,180,BIS_same_minus_opposite_cosine,3978,0.024285346269607544
overall,dz_pred,180,BIS_same_minus_opposite_cosine,3985,0.03765946452816327
overall,dz_pred,180,BIS_same_minus_opposite_cosine,4016,0.04430702584130419
overall,dz_pred,180,BIS_same_minus_opposite_cosine,4080,-0.029333325227101636
overall,dz_pred,180,BIS_same_minus_opposite_cosine,4293,0.02979025046030681
overall,dz_pred,180,BIS_same_minus_opposite_cosine,4312,0.015304634968439701
overall,dz_pred,180,BIS_same_minus_opposite_cosine,4529,0.022805688557801407
overall,dz_pred,180,BIS_same_minus_opposite_cosine,4540,0.02957367393555066
overall,dz_pred,180,BIS_same_minus_opposite_cosine,4638,0.060357299092270056
overall,dz_pred,180,BIS_same_minus_opposite_cosine,4686,0.009387065966923958
overall,dz_pred,180,BIS_same_minus_opposite_cosine,4821,0.01745537181074419
overall,dz_pred,180,BIS_same_minus_opposite_cosine,4865,-0.028838638105878167
overall,dz_pred,180,BIS_same_minus_opposite_cosine,4944,0.08845578067832516
overall,dz_pred,180,BIS_same_minus_opposite_cosine,5309,0.019438177772930665
overall,dz_pred,180,BIS_same_minus_opposite_cosine,5377,-0.011363206472661758
overall,dz_pred,180,BIS_same_minus_opposite_cosine,5410,-0.05132906547948435
overall,dz_pred,180,BIS_same_minus_opposite_cosine,5454,-0.05197936862707131
overall,dz_pred,180,BIS_same_minus_opposite_cosine,5516,0.06831537907322249
overall,dz_pred,180,BIS_same_minus_opposite_cosine,5600,-0.043180500467618343
overall,dz_pred,180,BIS_same_minus_opposite_cosine,5778,0.036500242551167794
overall,dz_pred,180,BIS_same_minus_opposite_cosine,5826,8.048690282380644e-05
overall,dz_pred,180,BIS_same_minus_opposite_cosine,5961,0.03255198216065758
overall,dz_pred,180,BIS_same_minus_opposite_cosine,5989,0.020365441817304375
overall,dz_pred,180,BIS_same_minus_opposite_cosine,6025,0.00538366794586187
overall,dz_pred,180,MAP_same_minus_opposite_cosine,105,-0.03163317712368785
overall,dz_pred,180,MAP_same_minus_opposite_cosine,323,0.028202401533506838
overall,dz_pred,180,MAP_same_minus_opposite_cosine,348,-0.023752764860789033
overall,dz_pred,180,MAP_same_minus_opposite_cosine,391,0.014834844470024144
overall,dz_pred,180,MAP_same_minus_opposite_cosine,683,0.09214813348607742
overall,dz_pred,180,MAP_same_minus_opposite_cosine,747,-0.03628267625967663
overall,dz_pred,180,MAP_same_minus_opposite_cosine,750,0.038890772174905885
overall,dz_pred,180,MAP_same_minus_opposite_cosine,758,0.02700924826165041
overall,dz_pred,180,MAP_same_minus_opposite_cosine,843,0.027074353159337816
overall,dz_pred,180,MAP_same_minus_opposite_cosine,877,-0.023309961387089295
overall,dz_pred,180,MAP_same_minus_opposite_cosine,926,-0.0015441932913029532
overall,dz_pred,180,MAP_same_minus_opposite_cosine,967,0.0631098821759224
overall,dz_pred,180,MAP_same_minus_opposite_cosine,992,0.015195250262816762
overall,dz_pred,180,MAP_same_minus_opposite_cosine,1014,0.01403469649644995
overall,dz_pred,180,MAP_same_minus_opposite_cosine,1092,0.0016677190860112656
overall,dz_pred,180,MAP_same_minus_opposite_cosine,1193,0.017905935645103455
overall,dz_pred,180,MAP_same_minus_opposite_cosine,1308,-0.06771892209847774
overall,dz_pred,180,MAP_same_minus_opposite_cosine,1335,0.005214350331913309
overall,dz_pred,180,MAP_same_minus_opposite_cosine,1480,-0.028112919380267498
overall,dz_pred,180,MAP_same_minus_opposite_cosine,1566,0.05027789659798143
overall,dz_pred,180,MAP_same_minus_opposite_cosine,1636,0.00019368912492478962
overall,dz_pred,180,MAP_same_minus_opposite_cosine,1644,0.04279763566123118
overall,dz_pred,180,MAP_same_minus_opposite_cosine,1839,-0.031176184813181518
overall,dz_pred,180,MAP_same_minus_opposite_cosine,1943,-0.0027928456664085832
overall,dz_pred,180,MAP_same_minus_opposite_cosine,2005,0.029989359776179003
overall,dz_pred,180,MAP_same_minus_opposite_cosine,2048,-0.0032429497866403034
overall,dz_pred,180,MAP_same_minus_opposite_cosine,2173,-0.005542271947249322
overall,dz_pred,180,MAP_same_minus_opposite_cosine,2263,-0.012957979727914348
overall,dz_pred,180,MAP_same_minus_opposite_cosine,2303,0.009307577212651519
overall,dz_pred,180,MAP_same_minus_opposite_cosine,2308,-0.034289371470610286
overall,dz_pred,180,MAP_same_minus_opposite_cosine,2347,0.06373902840026913
overall,dz_pred,180,MAP_same_minus_opposite_cosine,2361,0.016308335959911324
overall,dz_pred,180,MAP_same_minus_opposite_cosine,2567,0.01119112943609557
overall,dz_pred,180,MAP_same_minus_opposite_cosine,2900,0.06888211333390437
overall,dz_pred,180,MAP_same_minus_opposite_cosine,2943,0.03675896448966787
overall,dz_pred,180,MAP_same_minus_opposite_cosine,2946,-0.014804281349535264
overall,dz_pred,180,MAP_same_minus_opposite_cosine,2988,0.04094358077947635
overall,dz_pred,180,MAP_same_minus_opposite_cosine,3261,0.027325835859491665
overall,dz_pred,180,MAP_same_minus_opposite_cosine,3354,0.005109456410774871
overall,dz_pred,180,MAP_same_minus_opposite_cosine,3387,-0.07232542798987451
overall,dz_pred,180,MAP_same_minus_opposite_cosine,3485,0.0326462624801529
overall,dz_pred,180,MAP_same_minus_opposite_cosine,3525,-0.03677178124586733
overall,dz_pred,180,MAP_same_minus_opposite_cosine,3569,0.016929434488217043
overall,dz_pred,180,MAP_same_minus_opposite_cosine,3593,0.04179465737607746
overall,dz_pred,180,MAP_same_minus_opposite_cosine,3613,-0.061632800300916
overall,dz_pred,180,MAP_same_minus_opposite_cosine,3764,-0.020981618872395247
overall,dz_pred,180,MAP_same_minus_opposite_cosine,3768,-0.02732387845005302
overall,dz_pred,180,MAP_same_minus_opposite_cosine,3852,0.03332486173202254
overall,dz_pred,180,MAP_same_minus_opposite_cosine,3967,0.000532519435271217
overall,dz_pred,180,MAP_same_minus_opposite_cosine,3976,-0.023593346079190503
overall,dz_pred,180,MAP_same_minus_opposite_cosine,3978,0.037267627923385005
overall,dz_pred,180,MAP_same_minus_opposite_cosine,3985,0.08771921560384222
overall,dz_pred,180,MAP_same_minus_opposite_cosine,4016,0.043379026103293694
overall,dz_pred,180,MAP_same_minus_opposite_cosine,4080,-0.04927788022018609
overall,dz_pred,180,MAP_same_minus_opposite_cosine,4293,0.021353191799587723
overall,dz_pred,180,MAP_same_minus_opposite_cosine,4312,0.04136230746905012
overall,dz_pred,180,MAP_same_minus_opposite_cosine,4529,-0.0006205523014068959
overall,dz_pred,180,MAP_same_minus_opposite_cosine,4540,0.0018988199256084748
overall,dz_pred,180,MAP_same_minus_opposite_cosine,4638,0.003584356307983372
overall,dz_pred,180,MAP_same_minus_opposite_cosine,4686,0.036410992454599445
overall,dz_pred,180,MAP_same_minus_opposite_cosine,4821,-0.02782711635033286
overall,dz_pred,180,MAP_same_minus_opposite_cosine,4865,0.02795918973592615
overall,dz_pred,180,MAP_same_minus_opposite_cosine,4944,0.05849818456591216
overall,dz_pred,180,MAP_same_minus_opposite_cosine,5309,-0.016182864056183743
overall,dz_pred,180,MAP_same_minus_opposite_cosine,5377,-0.014606288274129242
overall,dz_pred,180,MAP_same_minus_opposite_cosine,5410,-0.02790030042330427
overall,dz_pred,180,MAP_same_minus_opposite_cosine,5454,-0.040022010427145815
overall,dz_pred,180,MAP_same_minus_opposite_cosine,5516,0.011899317091419559
overall,dz_pred,180,MAP_same_minus_opposite_cosine,5600,0.0012476004660129103
overall,dz_pred,180,MAP_same_minus_opposite_cosine,5778,0.05791837287445867
overall,dz_pred,180,MAP_same_minus_opposite_cosine,5826,-0.011155687343506582
overall,dz_pred,180,MAP_same_minus_opposite_cosine,5961,-0.040466414931891626
overall,dz_pred,180,MAP_same_minus_opposite_cosine,5989,0.0011176029163779688
overall,dz_pred,180,MAP_same_minus_opposite_cosine,6025,-0.02440207520356552
overall,dz_pred,180,triplet_accuracy,323,0.45
overall,dz_pred,180,triplet_accuracy,348,0.5666666666666667
overall,dz_pred,180,triplet_accuracy,391,0.45
overall,dz_pred,180,triplet_accuracy,683,0.4166666666666667
overall,dz_pred,180,triplet_accuracy,747,0.5833333333333334
overall,dz_pred,180,triplet_accuracy,750,0.5333333333333333
overall,dz_pred,180,triplet_accuracy,758,0.31666666666666665
overall,dz_pred,180,triplet_accuracy,843,0.5333333333333333
overall,dz_pred,180,triplet_accuracy,967,0.55
overall,dz_pred,180,triplet_accuracy,1014,0.5666666666666667
overall,dz_pred,180,triplet_accuracy,1092,0.5666666666666667
overall,dz_pred,180,triplet_accuracy,1193,0.5
overall,dz_pred,180,triplet_accuracy,1335,0.4666666666666667
overall,dz_pred,180,triplet_accuracy,1480,0.5666666666666667
overall,dz_pred,180,triplet_accuracy,1566,0.5
overall,dz_pred,180,triplet_accuracy,1839,0.4666666666666667
overall,dz_pred,180,triplet_accuracy,1943,0.5166666666666667
overall,dz_pred,180,triplet_accuracy,2005,0.4166666666666667
overall,dz_pred,180,triplet_accuracy,2048,0.5166666666666667
overall,dz_pred,180,triplet_accuracy,2173,0.5166666666666667
overall,dz_pred,180,triplet_accuracy,2263,0.5166666666666667
overall,dz_pred,180,triplet_accuracy,2303,0.4666666666666667
overall,dz_pred,180,triplet_accuracy,2308,0.4666666666666667
overall,dz_pred,180,triplet_accuracy,2347,0.55
overall,dz_pred,180,triplet_accuracy,2361,0.6333333333333333
overall,dz_pred,180,triplet_accuracy,2567,0.5333333333333333
overall,dz_pred,180,triplet_accuracy,2943,0.4166666666666667
overall,dz_pred,180,triplet_accuracy,2988,0.6
overall,dz_pred,180,triplet_accuracy,3261,0.48333333333333334
overall,dz_pred,180,triplet_accuracy,3354,0.55
overall,dz_pred,180,triplet_accuracy,3525,0.5
overall,dz_pred,180,triplet_accuracy,3569,0.43333333333333335
overall,dz_pred,180,triplet_accuracy,3593,0.5666666666666667
overall,dz_pred,180,triplet_accuracy,3768,0.5166666666666667
overall,dz_pred,180,triplet_accuracy,3852,0.5833333333333334
overall,dz_pred,180,triplet_accuracy,3967,0.65
overall,dz_pred,180,triplet_accuracy,3978,0.5166666666666667
overall,dz_pred,180,triplet_accuracy,3985,0.5666666666666667
overall,dz_pred,180,triplet_accuracy,4016,0.5166666666666667
overall,dz_pred,180,triplet_accuracy,4293,0.5
overall,dz_pred,180,triplet_accuracy,4312,0.5333333333333333
overall,dz_pred,180,triplet_accuracy,4529,0.48333333333333334
overall,dz_pred,180,triplet_accuracy,4540,0.7166666666666667
overall,dz_pred,180,triplet_accuracy,4686,0.4666666666666667
overall,dz_pred,180,triplet_accuracy,4821,0.48333333333333334
overall,dz_pred,180,triplet_accuracy,4865,0.6
overall,dz_pred,180,triplet_accuracy,4944,0.55
overall,dz_pred,180,triplet_accuracy,5309,0.5833333333333334
overall,dz_pred,180,triplet_accuracy,5377,0.55
overall,dz_pred,180,triplet_accuracy,5410,0.5333333333333333
overall,dz_pred,180,triplet_accuracy,5454,0.5833333333333334
overall,dz_pred,180,triplet_accuracy,5516,0.55
overall,dz_pred,180,triplet_accuracy,5600,0.48333333333333334
overall,dz_pred,180,triplet_accuracy,5778,0.6333333333333333
overall,dz_pred,180,triplet_accuracy,5989,0.43333333333333335
overall,dz_pred,180,triplet_accuracy,6025,0.6333333333333333
stable_action_Q1,dz_pred,180,BIS_same_minus_opposite_cosine,105,0.16368011491639273
stable_action_Q1,dz_pred,180,BIS_same_minus_opposite_cosine,323,0.0967564657330513
stable_action_Q1,dz_pred,180,BIS_same_minus_opposite_cosine,348,0.11489838858445489
stable_action_Q1,dz_pred,180,BIS_same_minus_opposite_cosine,391,-0.042866451044877296
stable_action_Q1,dz_pred,180,BIS_same_minus_opposite_cosine,683,-0.004127953449885036
stable_action_Q1,dz_pred,180,BIS_same_minus_opposite_cosine,747,0.06961472580830252
stable_action_Q1,dz_pred,180,BIS_same_minus_opposite_cosine,750,0.019507558218070487
stable_action_Q1,dz_pred,180,BIS_same_minus_opposite_cosine,758,0.10609180894162928
stable_action_Q1,dz_pred,180,BIS_same_minus_opposite_cosine,843,-0.006132716933886173
stable_action_Q1,dz_pred,180,BIS_same_minus_opposite_cosine,877,0.01069195929801825
stable_action_Q1,dz_pred,180,BIS_same_minus_opposite_cosine,926,0.05920584499835968
stable_action_Q1,dz_pred,180,BIS_same_minus_opposite_cosine,967,0.09722290978287207
stable_action_Q1,dz_pred,180,BIS_same_minus_opposite_cosine,992,-0.023353813272534052
stable_action_Q1,dz_pred,180,BIS_same_minus_opposite_cosine,1014,0.03225533117850621
stable_action_Q1,dz_pred,180,BIS_same_minus_opposite_cosine,1092,0.008546009208216798
stable_action_Q1,dz_pred,180,BIS_same_minus_opposite_cosine,1193,0.051028363354918005
stable_action_Q1,dz_pred,180,BIS_same_minus_opposite_cosine,1308,0.025720437367757087
stable_action_Q1,dz_pred,180,BIS_same_minus_opposite_cosine,1335,0.0006790334979692725
stable_action_Q1,dz_pred,180,BIS_same_minus_opposite_cosine,1480,-0.00861983497937524
stable_action_Q1,dz_pred,180,BIS_same_minus_opposite_cosine,1566,-0.07233394806583726
stable_action_Q1,dz_pred,180,BIS_same_minus_opposite_cosine,1636,0.1297655701637268
stable_action_Q1,dz_pred,180,BIS_same_minus_opposite_cosine,1644,0.025900116698308384
stable_action_Q1,dz_pred,180,BIS_same_minus_opposite_cosine,1839,0.0860121647516886
stable_action_Q1,dz_pred,180,BIS_same_minus_opposite_cosine,1943,0.06221294211167272
stable_action_Q1,dz_pred,180,BIS_same_minus_opposite_cosine,2005,0.06947141637404763
stable_action_Q1,dz_pred,180,BIS_same_minus_opposite_cosine,2048,0.03771471778551738
stable_action_Q1,dz_pred,180,BIS_same_minus_opposite_cosine,2173,0.14813590817379235
stable_action_Q1,dz_pred,180,BIS_same_minus_opposite_cosine,2263,0.09218339590976632
stable_action_Q1,dz_pred,180,BIS_same_minus_opposite_cosine,2303,-0.0002976196507612494
stable_action_Q1,dz_pred,180,BIS_same_minus_opposite_cosine,2308,0.18174827595551812
stable_action_Q1,dz_pred,180,BIS_same_minus_opposite_cosine,2347,0.09010975393984055
stable_action_Q1,dz_pred,180,BIS_same_minus_opposite_cosine,2361,0.11836980717877543
stable_action_Q1,dz_pred,180,BIS_same_minus_opposite_cosine,2567,0.12974091619253159
stable_action_Q1,dz_pred,180,BIS_same_minus_opposite_cosine,2900,-0.06956625978151965
stable_action_Q1,dz_pred,180,BIS_same_minus_opposite_cosine,2943,0.006891829272111294
stable_action_Q1,dz_pred,180,BIS_same_minus_opposite_cosine,2946,-0.08231516430775321
stable_action_Q1,dz_pred,180,BIS_same_minus_opposite_cosine,2988,0.09970352798700333
stable_action_Q1,dz_pred,180,BIS_same_minus_opposite_cosine,3261,-0.12171239666640754
stable_action_Q1,dz_pred,180,BIS_same_minus_opposite_cosine,3354,0.052848603689309326
stable_action_Q1,dz_pred,180,BIS_same_minus_opposite_cosine,3387,-0.069042526682218
stable_action_Q1,dz_pred,180,BIS_same_minus_opposite_cosine,3485,0.11906334712649835
stable_action_Q1,dz_pred,180,BIS_same_minus_opposite_cosine,3525,0.09177306720188683
stable_action_Q1,dz_pred,180,BIS_same_minus_opposite_cosine,3569,0.018961799641450172
stable_action_Q1,dz_pred,180,BIS_same_minus_opposite_cosine,3593,0.09353996958169675
stable_action_Q1,dz_pred,180,BIS_same_minus_opposite_cosine,3613,-0.04315946318886499
stable_action_Q1,dz_pred,180,BIS_same_minus_opposite_cosine,3764,-0.27253379821777346
stable_action_Q1,dz_pred,180,BIS_same_minus_opposite_cosine,3768,-0.02630220539867878
stable_action_Q1,dz_pred,180,BIS_same_minus_opposite_cosine,3852,-0.02466440324982011
stable_action_Q1,dz_pred,180,BIS_same_minus_opposite_cosine,3967,-0.013822432268749574
stable_action_Q1,dz_pred,180,BIS_same_minus_opposite_cosine,3976,0.09942892555034522
stable_action_Q1,dz_pred,180,BIS_same_minus_opposite_cosine,3978,-0.11236228297154105
stable_action_Q1,dz_pred,180,BIS_same_minus_opposite_cosine,3985,0.09404054780801141
stable_action_Q1,dz_pred,180,BIS_same_minus_opposite_cosine,4016,-0.015357393771409988
stable_action_Q1,dz_pred,180,BIS_same_minus_opposite_cosine,4080,0.025124510580843196
stable_action_Q1,dz_pred,180,BIS_same_minus_opposite_cosine,4293,0.03350686728954311
stable_action_Q1,dz_pred,180,BIS_same_minus_opposite_cosine,4312,-0.019628558928767803
stable_action_Q1,dz_pred,180,BIS_same_minus_opposite_cosine,4529,0.04553150633970904
stable_action_Q1,dz_pred,180,BIS_same_minus_opposite_cosine,4540,-0.11580004874202943
stable_action_Q1,dz_pred,180,BIS_same_minus_opposite_cosine,4638,-0.018276761968930577
stable_action_Q1,dz_pred,180,BIS_same_minus_opposite_cosine,4686,0.05975096341636443
stable_action_Q1,dz_pred,180,BIS_same_minus_opposite_cosine,4821,-0.040153729418913486
stable_action_Q1,dz_pred,180,BIS_same_minus_opposite_cosine,4865,0.0652756464357177
stable_action_Q1,dz_pred,180,BIS_same_minus_opposite_cosine,4944,-0.0031735897064208984
stable_action_Q1,dz_pred,180,BIS_same_minus_opposite_cosine,5309,0.05424470620022881
stable_action_Q1,dz_pred,180,BIS_same_minus_opposite_cosine,5377,0.19167237778504698
stable_action_Q1,dz_pred,180,BIS_same_minus_opposite_cosine,5410,0.09852221608161926
stable_action_Q1,dz_pred,180,BIS_same_minus_opposite_cosine,5454,0.14937976499398553
stable_action_Q1,dz_pred,180,BIS_same_minus_opposite_cosine,5516,0.12827206199819396
stable_action_Q1,dz_pred,180,BIS_same_minus_opposite_cosine,5600,0.2107930968205134
stable_action_Q1,dz_pred,180,BIS_same_minus_opposite_cosine,5778,-0.019341830728632048
stable_action_Q1,dz_pred,180,BIS_same_minus_opposite_cosine,5826,0.01803252349297202
stable_action_Q1,dz_pred,180,BIS_same_minus_opposite_cosine,5961,-0.013624876088491
stable_action_Q1,dz_pred,180,BIS_same_minus_opposite_cosine,5989,-0.08216664894963749
stable_action_Q1,dz_pred,180,BIS_same_minus_opposite_cosine,6025,0.0541460319901958
stable_action_Q1,dz_pred,180,MAP_same_minus_opposite_cosine,105,0.0595831573009491
stable_action_Q1,dz_pred,180,MAP_same_minus_opposite_cosine,323,0.11902667250898147
stable_action_Q1,dz_pred,180,MAP_same_minus_opposite_cosine,348,-0.15620727613568308
stable_action_Q1,dz_pred,180,MAP_same_minus_opposite_cosine,391,0.0467033560077349
stable_action_Q1,dz_pred,180,MAP_same_minus_opposite_cosine,683,0.1915289585789045
stable_action_Q1,dz_pred,180,MAP_same_minus_opposite_cosine,747,0.0301781078857003
stable_action_Q1,dz_pred,180,MAP_same_minus_opposite_cosine,750,-0.024989944515806273
stable_action_Q1,dz_pred,180,MAP_same_minus_opposite_cosine,758,0.2663819038619598
stable_action_Q1,dz_pred,180,MAP_same_minus_opposite_cosine,843,-0.05078256254394853
stable_action_Q1,dz_pred,180,MAP_same_minus_opposite_cosine,877,0.12732950070252025
stable_action_Q1,dz_pred,180,MAP_same_minus_opposite_cosine,926,-0.06862821858940704
stable_action_Q1,dz_pred,180,MAP_same_minus_opposite_cosine,967,0.2487093616615642
stable_action_Q1,dz_pred,180,MAP_same_minus_opposite_cosine,992,-0.05648908019065857
stable_action_Q1,dz_pred,180,MAP_same_minus_opposite_cosine,1014,0.1505700359741846
stable_action_Q1,dz_pred,180,MAP_same_minus_opposite_cosine,1092,0.062459755274984485
stable_action_Q1,dz_pred,180,MAP_same_minus_opposite_cosine,1193,0.11487925280299449
stable_action_Q1,dz_pred,180,MAP_same_minus_opposite_cosine,1308,-0.03527563934524858
stable_action_Q1,dz_pred,180,MAP_same_minus_opposite_cosine,1335,-0.04862555414438252
stable_action_Q1,dz_pred,180,MAP_same_minus_opposite_cosine,1480,0.04309946546951926
stable_action_Q1,dz_pred,180,MAP_same_minus_opposite_cosine,1566,-0.07564092427492142
stable_action_Q1,dz_pred,180,MAP_same_minus_opposite_cosine,1636,-0.3989887237548828
stable_action_Q1,dz_pred,180,MAP_same_minus_opposite_cosine,1644,-0.013098713258902217
stable_action_Q1,dz_pred,180,MAP_same_minus_opposite_cosine,1839,0.07052292095290291
stable_action_Q1,dz_pred,180,MAP_same_minus_opposite_cosine,1943,0.01610121627648675
stable_action_Q1,dz_pred,180,MAP_same_minus_opposite_cosine,2005,-0.07084771742423379
stable_action_Q1,dz_pred,180,MAP_same_minus_opposite_cosine,2048,0.07468265882044123
stable_action_Q1,dz_pred,180,MAP_same_minus_opposite_cosine,2173,-0.19663805164622533
stable_action_Q1,dz_pred,180,MAP_same_minus_opposite_cosine,2263,0.0018474419911702622
stable_action_Q1,dz_pred,180,MAP_same_minus_opposite_cosine,2303,-0.016747532468853632
stable_action_Q1,dz_pred,180,MAP_same_minus_opposite_cosine,2308,0.077254231274128
stable_action_Q1,dz_pred,180,MAP_same_minus_opposite_cosine,2347,-0.06439334273131353
stable_action_Q1,dz_pred,180,MAP_same_minus_opposite_cosine,2361,-0.25523251709010863
stable_action_Q1,dz_pred,180,MAP_same_minus_opposite_cosine,2567,0.05470876519878709
stable_action_Q1,dz_pred,180,MAP_same_minus_opposite_cosine,2900,0.19989471832911165
stable_action_Q1,dz_pred,180,MAP_same_minus_opposite_cosine,2943,0.02445918818314874
stable_action_Q1,dz_pred,180,MAP_same_minus_opposite_cosine,2946,-0.055860403511259316
stable_action_Q1,dz_pred,180,MAP_same_minus_opposite_cosine,2988,-0.006114958061112286
stable_action_Q1,dz_pred,180,MAP_same_minus_opposite_cosine,3261,-0.1127338948462045
stable_action_Q1,dz_pred,180,MAP_same_minus_opposite_cosine,3354,-0.028221899953981278
stable_action_Q1,dz_pred,180,MAP_same_minus_opposite_cosine,3387,0.0973819619552656
stable_action_Q1,dz_pred,180,MAP_same_minus_opposite_cosine,3485,-0.022795478254556634
stable_action_Q1,dz_pred,180,MAP_same_minus_opposite_cosine,3525,0.023920672280447808
stable_action_Q1,dz_pred,180,MAP_same_minus_opposite_cosine,3569,-0.0440242174598906
stable_action_Q1,dz_pred,180,MAP_same_minus_opposite_cosine,3593,0.10678310037562344
stable_action_Q1,dz_pred,180,MAP_same_minus_opposite_cosine,3613,-0.14244578512651584
stable_action_Q1,dz_pred,180,MAP_same_minus_opposite_cosine,3764,0.10421817004680634
stable_action_Q1,dz_pred,180,MAP_same_minus_opposite_cosine,3768,-0.07011214581628644
stable_action_Q1,dz_pred,180,MAP_same_minus_opposite_cosine,3852,0.04324912652373314
stable_action_Q1,dz_pred,180,MAP_same_minus_opposite_cosine,3967,-0.0795129810770353
stable_action_Q1,dz_pred,180,MAP_same_minus_opposite_cosine,3976,0.018381780747211418
stable_action_Q1,dz_pred,180,MAP_same_minus_opposite_cosine,3978,-0.06503380835056305
stable_action_Q1,dz_pred,180,MAP_same_minus_opposite_cosine,3985,0.06608351071675622
stable_action_Q1,dz_pred,180,MAP_same_minus_opposite_cosine,4016,-0.11327178634348378
stable_action_Q1,dz_pred,180,MAP_same_minus_opposite_cosine,4080,0.03735052929683169
stable_action_Q1,dz_pred,180,MAP_same_minus_opposite_cosine,4293,0.041792915927039265
stable_action_Q1,dz_pred,180,MAP_same_minus_opposite_cosine,4312,-0.04626220795843339
stable_action_Q1,dz_pred,180,MAP_same_minus_opposite_cosine,4529,0.02267419629626799
stable_action_Q1,dz_pred,180,MAP_same_minus_opposite_cosine,4540,-0.06621138503154123
stable_action_Q1,dz_pred,180,MAP_same_minus_opposite_cosine,4638,0.0164411490162214
stable_action_Q1,dz_pred,180,MAP_same_minus_opposite_cosine,4686,0.011931883792082543
stable_action_Q1,dz_pred,180,MAP_same_minus_opposite_cosine,4821,-0.05482004880905156
stable_action_Q1,dz_pred,180,MAP_same_minus_opposite_cosine,4865,-0.060110788295666295
stable_action_Q1,dz_pred,180,MAP_same_minus_opposite_cosine,4944,0.007833931181165932
stable_action_Q1,dz_pred,180,MAP_same_minus_opposite_cosine,5309,-0.10060291195457627
stable_action_Q1,dz_pred,180,MAP_same_minus_opposite_cosine,5377,0.059266770879427555
stable_action_Q1,dz_pred,180,MAP_same_minus_opposite_cosine,5410,0.037797120710213905
stable_action_Q1,dz_pred,180,MAP_same_minus_opposite_cosine,5454,0.08228771419574821
stable_action_Q1,dz_pred,180,MAP_same_minus_opposite_cosine,5516,-0.0953808108514006
stable_action_Q1,dz_pred,180,MAP_same_minus_opposite_cosine,5600,-0.08128563066323602
stable_action_Q1,dz_pred,180,MAP_same_minus_opposite_cosine,5778,0.04072137797872222
stable_action_Q1,dz_pred,180,MAP_same_minus_opposite_cosine,5826,0.207943646293698
stable_action_Q1,dz_pred,180,MAP_same_minus_opposite_cosine,5961,-0.015343238910039247
stable_action_Q1,dz_pred,180,MAP_same_minus_opposite_cosine,5989,0.08754538558423519
stable_action_Q1,dz_pred,180,MAP_same_minus_opposite_cosine,6025,-0.04545847475528719
stable_action_Q1,dz_pred,180,triplet_accuracy,323,0.45
stable_action_Q1,dz_pred,180,triplet_accuracy,348,0.4
stable_action_Q1,dz_pred,180,triplet_accuracy,391,0.5
stable_action_Q1,dz_pred,180,triplet_accuracy,683,0.65
stable_action_Q1,dz_pred,180,triplet_accuracy,747,0.5
stable_action_Q1,dz_pred,180,triplet_accuracy,750,0.4
stable_action_Q1,dz_pred,180,triplet_accuracy,758,0.55
stable_action_Q1,dz_pred,180,triplet_accuracy,843,0.55
stable_action_Q1,dz_pred,180,triplet_accuracy,967,0.55
stable_action_Q1,dz_pred,180,triplet_accuracy,1014,0.55
stable_action_Q1,dz_pred,180,triplet_accuracy,1092,0.5
stable_action_Q1,dz_pred,180,triplet_accuracy,1193,0.6
stable_action_Q1,dz_pred,180,triplet_accuracy,1335,0.65
stable_action_Q1,dz_pred,180,triplet_accuracy,1480,0.5
stable_action_Q1,dz_pred,180,triplet_accuracy,1566,0.6
stable_action_Q1,dz_pred,180,triplet_accuracy,1839,0.65
stable_action_Q1,dz_pred,180,triplet_accuracy,1943,0.45
stable_action_Q1,dz_pred,180,triplet_accuracy,2005,0.55
stable_action_Q1,dz_pred,180,triplet_accuracy,2048,0.55
stable_action_Q1,dz_pred,180,triplet_accuracy,2173,0.45
stable_action_Q1,dz_pred,180,triplet_accuracy,2263,0.7
stable_action_Q1,dz_pred,180,triplet_accuracy,2303,0.55
stable_action_Q1,dz_pred,180,triplet_accuracy,2308,0.6
stable_action_Q1,dz_pred,180,triplet_accuracy,2347,0.55
stable_action_Q1,dz_pred,180,triplet_accuracy,2361,0.45
stable_action_Q1,dz_pred,180,triplet_accuracy,2567,0.75
stable_action_Q1,dz_pred,180,triplet_accuracy,2943,0.5
stable_action_Q1,dz_pred,180,triplet_accuracy,2988,0.8
stable_action_Q1,dz_pred,180,triplet_accuracy,3261,0.45
stable_action_Q1,dz_pred,180,triplet_accuracy,3354,0.7
stable_action_Q1,dz_pred,180,triplet_accuracy,3525,0.6
stable_action_Q1,dz_pred,180,triplet_accuracy,3569,0.4
stable_action_Q1,dz_pred,180,triplet_accuracy,3593,0.5
stable_action_Q1,dz_pred,180,triplet_accuracy,3768,0.55
stable_action_Q1,dz_pred,180,triplet_accuracy,3852,0.4
stable_action_Q1,dz_pred,180,triplet_accuracy,3967,0.35
stable_action_Q1,dz_pred,180,triplet_accuracy,3978,0.55
stable_action_Q1,dz_pred,180,triplet_accuracy,3985,0.4
stable_action_Q1,dz_pred,180,triplet_accuracy,4016,0.4
stable_action_Q1,dz_pred,180,triplet_accuracy,4293,0.8
stable_action_Q1,dz_pred,180,triplet_accuracy,4312,0.5
stable_action_Q1,dz_pred,180,triplet_accuracy,4529,0.5
stable_action_Q1,dz_pred,180,triplet_accuracy,4540,0.4
stable_action_Q1,dz_pred,180,triplet_accuracy,4686,0.4
stable_action_Q1,dz_pred,180,triplet_accuracy,4821,0.65
stable_action_Q1,dz_pred,180,triplet_accuracy,4865,0.4
stable_action_Q1,dz_pred,180,triplet_accuracy,4944,0.7
stable_action_Q1,dz_pred,180,triplet_accuracy,5309,0.55
stable_action_Q1,dz_pred,180,triplet_accuracy,5377,0.4
stable_action_Q1,dz_pred,180,triplet_accuracy,5410,0.4
stable_action_Q1,dz_pred,180,triplet_accuracy,5454,0.55
stable_action_Q1,dz_pred,180,triplet_accuracy,5516,0.65
stable_action_Q1,dz_pred,180,triplet_accuracy,5600,0.65
stable_action_Q1,dz_pred,180,triplet_accuracy,5778,0.5
stable_action_Q1,dz_pred,180,triplet_accuracy,5989,0.4
stable_action_Q1,dz_pred,180,triplet_accuracy,6025,0.6
Q4,dz_pred,180,BIS_same_minus_opposite_cosine,105,0.13423550923665367
Q4,dz_pred,180,BIS_same_minus_opposite_cosine,323,0.09931424756844831
Q4,dz_pred,180,BIS_same_minus_opposite_cosine,348,0.06779336522925983
Q4,dz_pred,180,BIS_same_minus_opposite_cosine,391,0.11999565859635675
Q4,dz_pred,180,BIS_same_minus_opposite_cosine,683,0.09491296187043186
Q4,dz_pred,180,BIS_same_minus_opposite_cosine,747,-0.05196516306111304
Q4,dz_pred,180,BIS_same_minus_opposite_cosine,750,-0.052936284078492046
Q4,dz_pred,180,BIS_same_minus_opposite_cosine,758,-0.008903664019372703
Q4,dz_pred,180,BIS_same_minus_opposite_cosine,843,0.07536417080296409
Q4,dz_pred,180,BIS_same_minus_opposite_cosine,877,0.15066160984111554
Q4,dz_pred,180,BIS_same_minus_opposite_cosine,926,0.0879790186882019
Q4,dz_pred,180,BIS_same_minus_opposite_cosine,967,-0.11351213521427583
Q4,dz_pred,180,BIS_same_minus_opposite_cosine,992,-0.03451721550840314
Q4,dz_pred,180,BIS_same_minus_opposite_cosine,1014,-0.0227835550904274
Q4,dz_pred,180,BIS_same_minus_opposite_cosine,1092,-0.0044634259409375154
Q4,dz_pred,180,BIS_same_minus_opposite_cosine,1193,0.004151441269751754
Q4,dz_pred,180,BIS_same_minus_opposite_cosine,1308,0.12143735903682129
Q4,dz_pred,180,BIS_same_minus_opposite_cosine,1335,0.007125926514466641
Q4,dz_pred,180,BIS_same_minus_opposite_cosine,1480,0.02339158139445563
Q4,dz_pred,180,BIS_same_minus_opposite_cosine,1566,0.02412058954889129
Q4,dz_pred,180,BIS_same_minus_opposite_cosine,1636,0.011378053824106837
Q4,dz_pred,180,BIS_same_minus_opposite_cosine,1644,0.022012727955977085
Q4,dz_pred,180,BIS_same_minus_opposite_cosine,1839,0.11410681903362274
Q4,dz_pred,180,BIS_same_minus_opposite_cosine,1943,-0.020908135033789188
Q4,dz_pred,180,BIS_same_minus_opposite_cosine,2005,0.04960159982244172
Q4,dz_pred,180,BIS_same_minus_opposite_cosine,2048,0.09025206830766475
Q4,dz_pred,180,BIS_same_minus_opposite_cosine,2173,0.006713836391766925
Q4,dz_pred,180,BIS_same_minus_opposite_cosine,2263,0.027254944874180675
Q4,dz_pred,180,BIS_same_minus_opposite_cosine,2303,-0.01928134635090828
Q4,dz_pred,180,BIS_same_minus_opposite_cosine,2308,-0.06396613443891208
Q4,dz_pred,180,BIS_same_minus_opposite_cosine,2347,0.0073161286612352106
Q4,dz_pred,180,BIS_same_minus_opposite_cosine,2361,-0.03630465815464656
Q4,dz_pred,180,BIS_same_minus_opposite_cosine,2567,-0.06492102611809969
Q4,dz_pred,180,BIS_same_minus_opposite_cosine,2900,0.10696494579315186
Q4,dz_pred,180,BIS_same_minus_opposite_cosine,2943,-0.02723010629415512
Q4,dz_pred,180,BIS_same_minus_opposite_cosine,2946,0.05435197055339813
Q4,dz_pred,180,BIS_same_minus_opposite_cosine,2988,0.030108283460140273
Q4,dz_pred,180,BIS_same_minus_opposite_cosine,3261,-0.07490804994648148
Q4,dz_pred,180,BIS_same_minus_opposite_cosine,3354,0.035701970259348514
Q4,dz_pred,180,BIS_same_minus_opposite_cosine,3387,-0.010280830992592693
Q4,dz_pred,180,BIS_same_minus_opposite_cosine,3485,0.0018877168496450603
Q4,dz_pred,180,BIS_same_minus_opposite_cosine,3525,0.026939696208997166
Q4,dz_pred,180,BIS_same_minus_opposite_cosine,3569,0.028491488460338554
Q4,dz_pred,180,BIS_same_minus_opposite_cosine,3593,-0.02899525562922156
Q4,dz_pred,180,BIS_same_minus_opposite_cosine,3613,0.06698070872913708
Q4,dz_pred,180,BIS_same_minus_opposite_cosine,3764,0.01785143261606048
Q4,dz_pred,180,BIS_same_minus_opposite_cosine,3768,0.01065735717614491
Q4,dz_pred,180,BIS_same_minus_opposite_cosine,3852,0.003225177526473999
Q4,dz_pred,180,BIS_same_minus_opposite_cosine,3967,-0.029699308176835415
Q4,dz_pred,180,BIS_same_minus_opposite_cosine,3976,0.06414812306563056
Q4,dz_pred,180,BIS_same_minus_opposite_cosine,3978,0.05153709318902766
Q4,dz_pred,180,BIS_same_minus_opposite_cosine,3985,0.08384129405021667
Q4,dz_pred,180,BIS_same_minus_opposite_cosine,4016,0.055900198097030396
Q4,dz_pred,180,BIS_same_minus_opposite_cosine,4080,0.05104948083559668
Q4,dz_pred,180,BIS_same_minus_opposite_cosine,4293,0.06326750914255774
Q4,dz_pred,180,BIS_same_minus_opposite_cosine,4312,0.026604373256365443
Q4,dz_pred,180,BIS_same_minus_opposite_cosine,4529,0.032395973801612854
Q4,dz_pred,180,BIS_same_minus_opposite_cosine,4540,0.0732591338455677
Q4,dz_pred,180,BIS_same_minus_opposite_cosine,4638,0.012419030521855223
Q4,dz_pred,180,BIS_same_minus_opposite_cosine,4686,-0.049331632753213284
Q4,dz_pred,180,BIS_same_minus_opposite_cosine,4821,-0.08316954928967679
Q4,dz_pred,180,BIS_same_minus_opposite_cosine,4865,0.02297789061611344
Q4,dz_pred,180,BIS_same_minus_opposite_cosine,4944,0.09176919907331471
Q4,dz_pred,180,BIS_same_minus_opposite_cosine,5309,0.05152752250432968
Q4,dz_pred,180,BIS_same_minus_opposite_cosine,5377,0.0631608863671621
Q4,dz_pred,180,BIS_same_minus_opposite_cosine,5410,0.029928981430000667
Q4,dz_pred,180,BIS_same_minus_opposite_cosine,5454,0.07311235458561871
Q4,dz_pred,180,BIS_same_minus_opposite_cosine,5516,-0.012865672508875492
Q4,dz_pred,180,BIS_same_minus_opposite_cosine,5600,-0.046161701281865475
Q4,dz_pred,180,BIS_same_minus_opposite_cosine,5778,0.06704901986651945
Q4,dz_pred,180,BIS_same_minus_opposite_cosine,5826,0.023883147372139812
Q4,dz_pred,180,BIS_same_minus_opposite_cosine,5961,0.006641771396001195
Q4,dz_pred,180,BIS_same_minus_opposite_cosine,5989,0.16626124864532832
Q4,dz_pred,180,BIS_same_minus_opposite_cosine,6025,0.043858807947900535
Q4,dz_pred,180,MAP_same_minus_opposite_cosine,105,-0.014101274311542511
Q4,dz_pred,180,MAP_same_minus_opposite_cosine,323,-0.020871368547280666
Q4,dz_pred,180,MAP_same_minus_opposite_cosine,348,0.05541641265153885
Q4,dz_pred,180,MAP_same_minus_opposite_cosine,391,-0.16246772557497025
Q4,dz_pred,180,MAP_same_minus_opposite_cosine,683,0.08491209149360657
Q4,dz_pred,180,MAP_same_minus_opposite_cosine,747,0.04786109218768997
Q4,dz_pred,180,MAP_same_minus_opposite_cosine,750,-0.014236580467585358
Q4,dz_pred,180,MAP_same_minus_opposite_cosine,758,-0.04186471253633495
Q4,dz_pred,180,MAP_same_minus_opposite_cosine,843,0.047440461814403534
Q4,dz_pred,180,MAP_same_minus_opposite_cosine,877,0.05084004817586962
Q4,dz_pred,180,MAP_same_minus_opposite_cosine,926,0.04441816021095624
Q4,dz_pred,180,MAP_same_minus_opposite_cosine,967,-0.053901832550764084
Q4,dz_pred,180,MAP_same_minus_opposite_cosine,992,0.03589264055093133
Q4,dz_pred,180,MAP_same_minus_opposite_cosine,1014,-0.020388604203859906
Q4,dz_pred,180,MAP_same_minus_opposite_cosine,1092,0.04629767040411625
Q4,dz_pred,180,MAP_same_minus_opposite_cosine,1193,0.0033296091215950785
Q4,dz_pred,180,MAP_same_minus_opposite_cosine,1308,-0.07731042508826103
Q4,dz_pred,180,MAP_same_minus_opposite_cosine,1335,0.09246002799934816
Q4,dz_pred,180,MAP_same_minus_opposite_cosine,1480,-0.046268678072727165
Q4,dz_pred,180,MAP_same_minus_opposite_cosine,1566,-0.11567248106002803
Q4,dz_pred,180,MAP_same_minus_opposite_cosine,1636,-0.028574064373970032
Q4,dz_pred,180,MAP_same_minus_opposite_cosine,1644,-0.11944671675111307
Q4,dz_pred,180,MAP_same_minus_opposite_cosine,1839,-0.001152328469536501
Q4,dz_pred,180,MAP_same_minus_opposite_cosine,1943,-0.006660842082717222
Q4,dz_pred,180,MAP_same_minus_opposite_cosine,2005,0.004936607949661553
Q4,dz_pred,180,MAP_same_minus_opposite_cosine,2048,0.059264314174652055
Q4,dz_pred,180,MAP_same_minus_opposite_cosine,2173,-0.03192489887728844
Q4,dz_pred,180,MAP_same_minus_opposite_cosine,2263,0.0031830529371896787
Q4,dz_pred,180,MAP_same_minus_opposite_cosine,2303,0.04610068328452832
Q4,dz_pred,180,MAP_same_minus_opposite_cosine,2308,0.05990730909009778
Q4,dz_pred,180,MAP_same_minus_opposite_cosine,2347,-0.023952186107635498
Q4,dz_pred,180,MAP_same_minus_opposite_cosine,2361,0.03834174212181207
Q4,dz_pred,180,MAP_same_minus_opposite_cosine,2567,-0.06068810820579529
Q4,dz_pred,180,MAP_same_minus_opposite_cosine,2900,0.09340573019451559
Q4,dz_pred,180,MAP_same_minus_opposite_cosine,2943,-0.19583169193494887
Q4,dz_pred,180,MAP_same_minus_opposite_cosine,2946,0.0645682538549106
Q4,dz_pred,180,MAP_same_minus_opposite_cosine,2988,-0.03133520980676019
Q4,dz_pred,180,MAP_same_minus_opposite_cosine,3261,-0.023346873621145847
Q4,dz_pred,180,MAP_same_minus_opposite_cosine,3354,0.0036260560154914856
Q4,dz_pred,180,MAP_same_minus_opposite_cosine,3387,0.021177193522453286
Q4,dz_pred,180,MAP_same_minus_opposite_cosine,3485,-0.005345505972703335
Q4,dz_pred,180,MAP_same_minus_opposite_cosine,3525,-0.03466825783252714
Q4,dz_pred,180,MAP_same_minus_opposite_cosine,3569,-0.04530949344237645
Q4,dz_pred,180,MAP_same_minus_opposite_cosine,3593,-0.03587316870689394
Q4,dz_pred,180,MAP_same_minus_opposite_cosine,3613,0.17245202428764772
Q4,dz_pred,180,MAP_same_minus_opposite_cosine,3764,0.07687107651006608
Q4,dz_pred,180,MAP_same_minus_opposite_cosine,3768,-0.048915028797857696
Q4,dz_pred,180,MAP_same_minus_opposite_cosine,3852,0.0683647021651268
Q4,dz_pred,180,MAP_same_minus_opposite_cosine,3967,0.07993559539318085
Q4,dz_pred,180,MAP_same_minus_opposite_cosine,3976,0.04126870451551501
Q4,dz_pred,180,MAP_same_minus_opposite_cosine,3978,-0.054092742999394816
Q4,dz_pred,180,MAP_same_minus_opposite_cosine,3985,0.03940897186597192
Q4,dz_pred,180,MAP_same_minus_opposite_cosine,4016,0.04724447158249945
Q4,dz_pred,180,MAP_same_minus_opposite_cosine,4080,0.009213226536909702
Q4,dz_pred,180,MAP_same_minus_opposite_cosine,4293,0.04842895567417149
Q4,dz_pred,180,MAP_same_minus_opposite_cosine,4312,0.0670222515861193
Q4,dz_pred,180,MAP_same_minus_opposite_cosine,4529,-0.06455364236325933
Q4,dz_pred,180,MAP_same_minus_opposite_cosine,4540,0.03877367327610648
Q4,dz_pred,180,MAP_same_minus_opposite_cosine,4638,-0.02925340632597606
Q4,dz_pred,180,MAP_same_minus_opposite_cosine,4686,-0.07957048465808236
Q4,dz_pred,180,MAP_same_minus_opposite_cosine,4821,0.025707402328650097
Q4,dz_pred,180,MAP_same_minus_opposite_cosine,4865,0.04309610322569357
Q4,dz_pred,180,MAP_same_minus_opposite_cosine,4944,-0.06158683065212134
Q4,dz_pred,180,MAP_same_minus_opposite_cosine,5309,0.00711580365896225
Q4,dz_pred,180,MAP_same_minus_opposite_cosine,5377,0.056970270971457126
Q4,dz_pred,180,MAP_same_minus_opposite_cosine,5410,0.08023583640654874
Q4,dz_pred,180,MAP_same_minus_opposite_cosine,5454,0.061531611915790596
Q4,dz_pred,180,MAP_same_minus_opposite_cosine,5516,-0.04329998136469815
Q4,dz_pred,180,MAP_same_minus_opposite_cosine,5600,0.018636303417610467
Q4,dz_pred,180,MAP_same_minus_opposite_cosine,5778,0.052587835987409015
Q4,dz_pred,180,MAP_same_minus_opposite_cosine,5826,0.049665802355968514
Q4,dz_pred,180,MAP_same_minus_opposite_cosine,5961,0.04088946951158112
Q4,dz_pred,180,MAP_same_minus_opposite_cosine,5989,-0.026275029778480508
Q4,dz_pred,180,MAP_same_minus_opposite_cosine,6025,-0.043494900895489574
Q4,dz_pred,180,triplet_accuracy,323,0.6
Q4,dz_pred,180,triplet_accuracy,348,0.45
Q4,dz_pred,180,triplet_accuracy,391,0.45
Q4,dz_pred,180,triplet_accuracy,683,0.6
Q4,dz_pred,180,triplet_accuracy,747,0.4
Q4,dz_pred,180,triplet_accuracy,750,0.75
Q4,dz_pred,180,triplet_accuracy,758,0.65
Q4,dz_pred,180,triplet_accuracy,843,0.65
Q4,dz_pred,180,triplet_accuracy,967,0.65
Q4,dz_pred,180,triplet_accuracy,1014,0.3
Q4,dz_pred,180,triplet_accuracy,1092,0.4
Q4,dz_pred,180,triplet_accuracy,1193,0.65
Q4,dz_pred,180,triplet_accuracy,1335,0.45
Q4,dz_pred,180,triplet_accuracy,1480,0.55
Q4,dz_pred,180,triplet_accuracy,1566,0.55
Q4,dz_pred,180,triplet_accuracy,1839,0.45
Q4,dz_pred,180,triplet_accuracy,1943,0.4
Q4,dz_pred,180,triplet_accuracy,2005,0.9
Q4,dz_pred,180,triplet_accuracy,2048,0.6
Q4,dz_pred,180,triplet_accuracy,2173,0.55
Q4,dz_pred,180,triplet_accuracy,2263,0.6
Q4,dz_pred,180,triplet_accuracy,2303,0.5
Q4,dz_pred,180,triplet_accuracy,2308,0.55
Q4,dz_pred,180,triplet_accuracy,2347,0.5
Q4,dz_pred,180,triplet_accuracy,2361,0.45
Q4,dz_pred,180,triplet_accuracy,2567,0.5
Q4,dz_pred,180,triplet_accuracy,2943,0.55
Q4,dz_pred,180,triplet_accuracy,2988,0.4
Q4,dz_pred,180,triplet_accuracy,3261,0.55
Q4,dz_pred,180,triplet_accuracy,3354,0.35
Q4,dz_pred,180,triplet_accuracy,3525,0.55
Q4,dz_pred,180,triplet_accuracy,3569,0.45
Q4,dz_pred,180,triplet_accuracy,3593,0.5
Q4,dz_pred,180,triplet_accuracy,3768,0.55
Q4,dz_pred,180,triplet_accuracy,3852,0.55
Q4,dz_pred,180,triplet_accuracy,3967,0.55
Q4,dz_pred,180,triplet_accuracy,3978,0.45
Q4,dz_pred,180,triplet_accuracy,3985,0.55
Q4,dz_pred,180,triplet_accuracy,4016,0.7
Q4,dz_pred,180,triplet_accuracy,4293,0.6
Q4,dz_pred,180,triplet_accuracy,4312,0.5
Q4,dz_pred,180,triplet_accuracy,4529,0.5
Q4,dz_pred,180,triplet_accuracy,4540,0.35
Q4,dz_pred,180,triplet_accuracy,4686,0.4
Q4,dz_pred,180,triplet_accuracy,4821,0.5
Q4,dz_pred,180,triplet_accuracy,4865,0.6
Q4,dz_pred,180,triplet_accuracy,4944,0.7
Q4,dz_pred,180,triplet_accuracy,5309,0.6
Q4,dz_pred,180,triplet_accuracy,5377,0.65
Q4,dz_pred,180,triplet_accuracy,5410,0.45
Q4,dz_pred,180,triplet_accuracy,5454,0.45
Q4,dz_pred,180,triplet_accuracy,5516,0.55
Q4,dz_pred,180,triplet_accuracy,5600,0.55
Q4,dz_pred,180,triplet_accuracy,5778,0.55
Q4,dz_pred,180,triplet_accuracy,5989,0.45
Q4,dz_pred,180,triplet_accuracy,6025,0.4
upcoming_large_intervention,dz_pred,180,BIS_same_minus_opposite_cosine,105,0.08176422457803378
upcoming_large_intervention,dz_pred,180,BIS_same_minus_opposite_cosine,323,0.03809465865294137
upcoming_large_intervention,dz_pred,180,BIS_same_minus_opposite_cosine,348,0.015625406304995204
upcoming_large_intervention,dz_pred,180,BIS_same_minus_opposite_cosine,391,-0.02016781419515612
upcoming_large_intervention,dz_pred,180,BIS_same_minus_opposite_cosine,683,0.05659026065559103
upcoming_large_intervention,dz_pred,180,BIS_same_minus_opposite_cosine,747,-0.0393265214833346
upcoming_large_intervention,dz_pred,180,BIS_same_minus_opposite_cosine,750,0.02150331934293115
upcoming_large_intervention,dz_pred,180,BIS_same_minus_opposite_cosine,758,0.019370798585992888
upcoming_large_intervention,dz_pred,180,BIS_same_minus_opposite_cosine,843,0.0033173436919847754
upcoming_large_intervention,dz_pred,180,BIS_same_minus_opposite_cosine,877,0.020684922734896305
upcoming_large_intervention,dz_pred,180,BIS_same_minus_opposite_cosine,926,0.13525348007678983
upcoming_large_intervention,dz_pred,180,BIS_same_minus_opposite_cosine,967,-0.13600619054502916
upcoming_large_intervention,dz_pred,180,BIS_same_minus_opposite_cosine,992,0.010358507434527042
upcoming_large_intervention,dz_pred,180,BIS_same_minus_opposite_cosine,1014,-0.02362515167756518
upcoming_large_intervention,dz_pred,180,BIS_same_minus_opposite_cosine,1092,0.0734846989313761
upcoming_large_intervention,dz_pred,180,BIS_same_minus_opposite_cosine,1193,0.10703557928403218
upcoming_large_intervention,dz_pred,180,BIS_same_minus_opposite_cosine,1308,-0.031658307620973325
upcoming_large_intervention,dz_pred,180,BIS_same_minus_opposite_cosine,1335,0.028278616567452786
upcoming_large_intervention,dz_pred,180,BIS_same_minus_opposite_cosine,1480,-0.03169465147786665
upcoming_large_intervention,dz_pred,180,BIS_same_minus_opposite_cosine,1566,0.05482623280223564
upcoming_large_intervention,dz_pred,180,BIS_same_minus_opposite_cosine,1636,-0.03966927641268925
upcoming_large_intervention,dz_pred,180,BIS_same_minus_opposite_cosine,1644,-0.03290511171023047
upcoming_large_intervention,dz_pred,180,BIS_same_minus_opposite_cosine,1839,-0.07826911906401313
upcoming_large_intervention,dz_pred,180,BIS_same_minus_opposite_cosine,1943,0.02543327709039045
upcoming_large_intervention,dz_pred,180,BIS_same_minus_opposite_cosine,2005,0.04631999035676326
upcoming_large_intervention,dz_pred,180,BIS_same_minus_opposite_cosine,2048,-0.06980907442894846
upcoming_large_intervention,dz_pred,180,BIS_same_minus_opposite_cosine,2173,-0.02937805735402632
upcoming_large_intervention,dz_pred,180,BIS_same_minus_opposite_cosine,2263,-0.0014361010657416573
upcoming_large_intervention,dz_pred,180,BIS_same_minus_opposite_cosine,2303,-0.044063813984394073
upcoming_large_intervention,dz_pred,180,BIS_same_minus_opposite_cosine,2308,-0.07646282948553562
upcoming_large_intervention,dz_pred,180,BIS_same_minus_opposite_cosine,2347,0.0511946539084116
upcoming_large_intervention,dz_pred,180,BIS_same_minus_opposite_cosine,2361,0.02823350465658947
upcoming_large_intervention,dz_pred,180,BIS_same_minus_opposite_cosine,2567,0.0823377653956413
upcoming_large_intervention,dz_pred,180,BIS_same_minus_opposite_cosine,2900,0.09390338957309718
upcoming_large_intervention,dz_pred,180,BIS_same_minus_opposite_cosine,2943,0.03149943860868609
upcoming_large_intervention,dz_pred,180,BIS_same_minus_opposite_cosine,2946,0.03371306350736902
upcoming_large_intervention,dz_pred,180,BIS_same_minus_opposite_cosine,2988,0.060534001751379574
upcoming_large_intervention,dz_pred,180,BIS_same_minus_opposite_cosine,3261,0.12141271031489875
upcoming_large_intervention,dz_pred,180,BIS_same_minus_opposite_cosine,3354,0.052823301818635704
upcoming_large_intervention,dz_pred,180,BIS_same_minus_opposite_cosine,3387,0.13071536746892065
upcoming_large_intervention,dz_pred,180,BIS_same_minus_opposite_cosine,3485,-0.0072767098744710434
upcoming_large_intervention,dz_pred,180,BIS_same_minus_opposite_cosine,3525,0.06341693053642905
upcoming_large_intervention,dz_pred,180,BIS_same_minus_opposite_cosine,3569,-0.030389499167601253
upcoming_large_intervention,dz_pred,180,BIS_same_minus_opposite_cosine,3593,-0.03848087787628174
upcoming_large_intervention,dz_pred,180,BIS_same_minus_opposite_cosine,3613,0.019066383441289303
upcoming_large_intervention,dz_pred,180,BIS_same_minus_opposite_cosine,3764,-0.02011838645646069
upcoming_large_intervention,dz_pred,180,BIS_same_minus_opposite_cosine,3768,0.023991175492604655
upcoming_large_intervention,dz_pred,180,BIS_same_minus_opposite_cosine,3852,0.058852362136046055
upcoming_large_intervention,dz_pred,180,BIS_same_minus_opposite_cosine,3967,0.09718407814701402
upcoming_large_intervention,dz_pred,180,BIS_same_minus_opposite_cosine,3976,0.0012042770783106116
upcoming_large_intervention,dz_pred,180,BIS_same_minus_opposite_cosine,3978,0.0364553521076838
upcoming_large_intervention,dz_pred,180,BIS_same_minus_opposite_cosine,3985,0.07810647288958228
upcoming_large_intervention,dz_pred,180,BIS_same_minus_opposite_cosine,4016,0.10749495987381252
upcoming_large_intervention,dz_pred,180,BIS_same_minus_opposite_cosine,4080,0.058640867471694946
upcoming_large_intervention,dz_pred,180,BIS_same_minus_opposite_cosine,4293,0.023520979465860292
upcoming_large_intervention,dz_pred,180,BIS_same_minus_opposite_cosine,4312,-0.07414499421914422
upcoming_large_intervention,dz_pred,180,BIS_same_minus_opposite_cosine,4529,0.051390185952186584
upcoming_large_intervention,dz_pred,180,BIS_same_minus_opposite_cosine,4540,0.011375809709231022
upcoming_large_intervention,dz_pred,180,BIS_same_minus_opposite_cosine,4638,0.03082645601696432
upcoming_large_intervention,dz_pred,180,BIS_same_minus_opposite_cosine,4686,0.037690359534639284
upcoming_large_intervention,dz_pred,180,BIS_same_minus_opposite_cosine,4821,0.022617258808829588
upcoming_large_intervention,dz_pred,180,BIS_same_minus_opposite_cosine,4865,-0.03566027681032813
upcoming_large_intervention,dz_pred,180,BIS_same_minus_opposite_cosine,4944,0.11622159815195843
upcoming_large_intervention,dz_pred,180,BIS_same_minus_opposite_cosine,5309,-0.02307445939743158
upcoming_large_intervention,dz_pred,180,BIS_same_minus_opposite_cosine,5377,-0.055855696851557
upcoming_large_intervention,dz_pred,180,BIS_same_minus_opposite_cosine,5410,-0.0005975351447151667
upcoming_large_intervention,dz_pred,180,BIS_same_minus_opposite_cosine,5454,0.0013359914223353142
upcoming_large_intervention,dz_pred,180,BIS_same_minus_opposite_cosine,5516,0.05362098912398017
upcoming_large_intervention,dz_pred,180,BIS_same_minus_opposite_cosine,5600,0.05341388285160065
upcoming_large_intervention,dz_pred,180,BIS_same_minus_opposite_cosine,5778,0.061755825543687526
upcoming_large_intervention,dz_pred,180,BIS_same_minus_opposite_cosine,5826,-0.04413677503665292
upcoming_large_intervention,dz_pred,180,BIS_same_minus_opposite_cosine,5961,0.018822305581786436
upcoming_large_intervention,dz_pred,180,BIS_same_minus_opposite_cosine,5989,0.121795051627689
upcoming_large_intervention,dz_pred,180,BIS_same_minus_opposite_cosine,6025,0.016990605628851685
upcoming_large_intervention,dz_pred,180,MAP_same_minus_opposite_cosine,105,-0.015499532222747803
upcoming_large_intervention,dz_pred,180,MAP_same_minus_opposite_cosine,323,0.012616692980130573
upcoming_large_intervention,dz_pred,180,MAP_same_minus_opposite_cosine,348,-0.06974416308932829
upcoming_large_intervention,dz_pred,180,MAP_same_minus_opposite_cosine,391,-0.07965382436911261
upcoming_large_intervention,dz_pred,180,MAP_same_minus_opposite_cosine,683,0.07332260078854025
upcoming_large_intervention,dz_pred,180,MAP_same_minus_opposite_cosine,747,-0.00764777940331085
upcoming_large_intervention,dz_pred,180,MAP_same_minus_opposite_cosine,750,-0.0735135678992127
upcoming_large_intervention,dz_pred,180,MAP_same_minus_opposite_cosine,758,-0.04231386022134265
upcoming_large_intervention,dz_pred,180,MAP_same_minus_opposite_cosine,843,0.07907064349362347
upcoming_large_intervention,dz_pred,180,MAP_same_minus_opposite_cosine,877,0.0983201546801461
upcoming_large_intervention,dz_pred,180,MAP_same_minus_opposite_cosine,926,0.01978486114078104
upcoming_large_intervention,dz_pred,180,MAP_same_minus_opposite_cosine,967,0.048727965603272194
upcoming_large_intervention,dz_pred,180,MAP_same_minus_opposite_cosine,992,-0.12718347509702055
upcoming_large_intervention,dz_pred,180,MAP_same_minus_opposite_cosine,1014,-0.11807199070851004
upcoming_large_intervention,dz_pred,180,MAP_same_minus_opposite_cosine,1092,-0.061472799741860595
upcoming_large_intervention,dz_pred,180,MAP_same_minus_opposite_cosine,1193,-0.0742902557055155
upcoming_large_intervention,dz_pred,180,MAP_same_minus_opposite_cosine,1308,0.028063426415125492
upcoming_large_intervention,dz_pred,180,MAP_same_minus_opposite_cosine,1335,0.02128204355637231
upcoming_large_intervention,dz_pred,180,MAP_same_minus_opposite_cosine,1480,0.03476613759994507
upcoming_large_intervention,dz_pred,180,MAP_same_minus_opposite_cosine,1566,-0.051173391441504124
upcoming_large_intervention,dz_pred,180,MAP_same_minus_opposite_cosine,1636,-0.09375244296259355
upcoming_large_intervention,dz_pred,180,MAP_same_minus_opposite_cosine,1644,-0.01741855478647991
upcoming_large_intervention,dz_pred,180,MAP_same_minus_opposite_cosine,1839,0.08672253986199696
upcoming_large_intervention,dz_pred,180,MAP_same_minus_opposite_cosine,1943,-0.006916778557228387
upcoming_large_intervention,dz_pred,180,MAP_same_minus_opposite_cosine,2005,0.011911642551422075
upcoming_large_intervention,dz_pred,180,MAP_same_minus_opposite_cosine,2048,-0.00036872261100340253
upcoming_large_intervention,dz_pred,180,MAP_same_minus_opposite_cosine,2173,-0.002122194026455748
upcoming_large_intervention,dz_pred,180,MAP_same_minus_opposite_cosine,2263,-0.06148180152688709
upcoming_large_intervention,dz_pred,180,MAP_same_minus_opposite_cosine,2303,0.012069868544737461
upcoming_large_intervention,dz_pred,180,MAP_same_minus_opposite_cosine,2308,-0.14410680594543612
upcoming_large_intervention,dz_pred,180,MAP_same_minus_opposite_cosine,2347,-0.00637938578923547
upcoming_large_intervention,dz_pred,180,MAP_same_minus_opposite_cosine,2361,-0.08723530173301697
upcoming_large_intervention,dz_pred,180,MAP_same_minus_opposite_cosine,2567,0.15330212004482746
upcoming_large_intervention,dz_pred,180,MAP_same_minus_opposite_cosine,2900,0.010293704271316484
upcoming_large_intervention,dz_pred,180,MAP_same_minus_opposite_cosine,2943,-0.2005415889951917
upcoming_large_intervention,dz_pred,180,MAP_same_minus_opposite_cosine,2946,0.013456374406814575
upcoming_large_intervention,dz_pred,180,MAP_same_minus_opposite_cosine,2988,0.05916137827767265
upcoming_large_intervention,dz_pred,180,MAP_same_minus_opposite_cosine,3261,-0.16249119093020759
upcoming_large_intervention,dz_pred,180,MAP_same_minus_opposite_cosine,3354,0.0035681078831355517
upcoming_large_intervention,dz_pred,180,MAP_same_minus_opposite_cosine,3387,-0.032214992990096336
upcoming_large_intervention,dz_pred,180,MAP_same_minus_opposite_cosine,3485,-0.03281771143277479
upcoming_large_intervention,dz_pred,180,MAP_same_minus_opposite_cosine,3525,0.05094664891560874
upcoming_large_intervention,dz_pred,180,MAP_same_minus_opposite_cosine,3569,0.010175232092539455
upcoming_large_intervention,dz_pred,180,MAP_same_minus_opposite_cosine,3593,0.07789959374702338
upcoming_large_intervention,dz_pred,180,MAP_same_minus_opposite_cosine,3613,-0.00784430238935685
upcoming_large_intervention,dz_pred,180,MAP_same_minus_opposite_cosine,3764,-0.005279574543237686
upcoming_large_intervention,dz_pred,180,MAP_same_minus_opposite_cosine,3768,-0.015878753860791517
upcoming_large_intervention,dz_pred,180,MAP_same_minus_opposite_cosine,3852,-0.03882388025522232
upcoming_large_intervention,dz_pred,180,MAP_same_minus_opposite_cosine,3967,0.04304304673816217
upcoming_large_intervention,dz_pred,180,MAP_same_minus_opposite_cosine,3976,-0.0751410841941833
upcoming_large_intervention,dz_pred,180,MAP_same_minus_opposite_cosine,3978,-0.03267909812204772
upcoming_large_intervention,dz_pred,180,MAP_same_minus_opposite_cosine,3985,0.00025811460283065024
upcoming_large_intervention,dz_pred,180,MAP_same_minus_opposite_cosine,4016,0.013621567686398883
upcoming_large_intervention,dz_pred,180,MAP_same_minus_opposite_cosine,4080,-0.04280933647444751
upcoming_large_intervention,dz_pred,180,MAP_same_minus_opposite_cosine,4293,-0.015957236289978027
upcoming_large_intervention,dz_pred,180,MAP_same_minus_opposite_cosine,4312,-0.0200196147868128
upcoming_large_intervention,dz_pred,180,MAP_same_minus_opposite_cosine,4529,-0.051809732119242335
upcoming_large_intervention,dz_pred,180,MAP_same_minus_opposite_cosine,4540,0.009342359503110242
upcoming_large_intervention,dz_pred,180,MAP_same_minus_opposite_cosine,4638,-0.024172258873780605
upcoming_large_intervention,dz_pred,180,MAP_same_minus_opposite_cosine,4686,-0.043809130787849426
upcoming_large_intervention,dz_pred,180,MAP_same_minus_opposite_cosine,4821,0.12259088276010577
upcoming_large_intervention,dz_pred,180,MAP_same_minus_opposite_cosine,4865,-0.08436071500182152
upcoming_large_intervention,dz_pred,180,MAP_same_minus_opposite_cosine,4944,0.011597461998462677
upcoming_large_intervention,dz_pred,180,MAP_same_minus_opposite_cosine,5309,-0.11559994879997137
upcoming_large_intervention,dz_pred,180,MAP_same_minus_opposite_cosine,5377,-0.0786529093980789
upcoming_large_intervention,dz_pred,180,MAP_same_minus_opposite_cosine,5410,0.016273306400486964
upcoming_large_intervention,dz_pred,180,MAP_same_minus_opposite_cosine,5454,0.040311363008287304
upcoming_large_intervention,dz_pred,180,MAP_same_minus_opposite_cosine,5516,-0.15532831599315
upcoming_large_intervention,dz_pred,180,MAP_same_minus_opposite_cosine,5600,0.019812997430562973
upcoming_large_intervention,dz_pred,180,MAP_same_minus_opposite_cosine,5778,0.016346709068977394
upcoming_large_intervention,dz_pred,180,MAP_same_minus_opposite_cosine,5826,-0.022702425718307495
upcoming_large_intervention,dz_pred,180,MAP_same_minus_opposite_cosine,5961,-0.020372388037768308
upcoming_large_intervention,dz_pred,180,MAP_same_minus_opposite_cosine,5989,-0.05796444084909225
upcoming_large_intervention,dz_pred,180,MAP_same_minus_opposite_cosine,6025,0.04382538596789043
upcoming_large_intervention,dz_pred,180,triplet_accuracy,323,0.7
upcoming_large_intervention,dz_pred,180,triplet_accuracy,348,0.65
upcoming_large_intervention,dz_pred,180,triplet_accuracy,391,0.55
upcoming_large_intervention,dz_pred,180,triplet_accuracy,683,0.6
upcoming_large_intervention,dz_pred,180,triplet_accuracy,747,0.35
upcoming_large_intervention,dz_pred,180,triplet_accuracy,750,0.5
upcoming_large_intervention,dz_pred,180,triplet_accuracy,758,0.8
upcoming_large_intervention,dz_pred,180,triplet_accuracy,843,0.5
upcoming_large_intervention,dz_pred,180,triplet_accuracy,967,0.55
upcoming_large_intervention,dz_pred,180,triplet_accuracy,1014,0.4
upcoming_large_intervention,dz_pred,180,triplet_accuracy,1092,0.35
upcoming_large_intervention,dz_pred,180,triplet_accuracy,1193,0.5
upcoming_large_intervention,dz_pred,180,triplet_accuracy,1335,0.55
upcoming_large_intervention,dz_pred,180,triplet_accuracy,1480,0.6
upcoming_large_intervention,dz_pred,180,triplet_accuracy,1566,0.4
upcoming_large_intervention,dz_pred,180,triplet_accuracy,1839,0.25
upcoming_large_intervention,dz_pred,180,triplet_accuracy,1943,0.6
upcoming_large_intervention,dz_pred,180,triplet_accuracy,2005,0.5
upcoming_large_intervention,dz_pred,180,triplet_accuracy,2048,0.8
upcoming_large_intervention,dz_pred,180,triplet_accuracy,2173,0.45
upcoming_large_intervention,dz_pred,180,triplet_accuracy,2263,0.5
upcoming_large_intervention,dz_pred,180,triplet_accuracy,2303,0.55
upcoming_large_intervention,dz_pred,180,triplet_accuracy,2308,0.65
upcoming_large_intervention,dz_pred,180,triplet_accuracy,2347,0.65
upcoming_large_intervention,dz_pred,180,triplet_accuracy,2361,0.45
upcoming_large_intervention,dz_pred,180,triplet_accuracy,2567,0.55
upcoming_large_intervention,dz_pred,180,triplet_accuracy,2943,0.45
upcoming_large_intervention,dz_pred,180,triplet_accuracy,2988,0.5
upcoming_large_intervention,dz_pred,180,triplet_accuracy,3261,0.65
upcoming_large_intervention,dz_pred,180,triplet_accuracy,3354,0.55
upcoming_large_intervention,dz_pred,180,triplet_accuracy,3525,0.75
upcoming_large_intervention,dz_pred,180,triplet_accuracy,3569,0.45
upcoming_large_intervention,dz_pred,180,triplet_accuracy,3593,0.75
upcoming_large_intervention,dz_pred,180,triplet_accuracy,3768,0.5
upcoming_large_intervention,dz_pred,180,triplet_accuracy,3852,0.6
upcoming_large_intervention,dz_pred,180,triplet_accuracy,3967,0.5
upcoming_large_intervention,dz_pred,180,triplet_accuracy,3978,0.6
upcoming_large_intervention,dz_pred,180,triplet_accuracy,3985,0.65
upcoming_large_intervention,dz_pred,180,triplet_accuracy,4016,0.4
upcoming_large_intervention,dz_pred,180,triplet_accuracy,4293,0.35
upcoming_large_intervention,dz_pred,180,triplet_accuracy,4312,0.65
upcoming_large_intervention,dz_pred,180,triplet_accuracy,4529,0.65
upcoming_large_intervention,dz_pred,180,triplet_accuracy,4540,0.65
upcoming_large_intervention,dz_pred,180,triplet_accuracy,4686,0.5
upcoming_large_intervention,dz_pred,180,triplet_accuracy,4821,0.55
upcoming_large_intervention,dz_pred,180,triplet_accuracy,4865,0.45
upcoming_large_intervention,dz_pred,180,triplet_accuracy,4944,0.65
upcoming_large_intervention,dz_pred,180,triplet_accuracy,5309,0.5
upcoming_large_intervention,dz_pred,180,triplet_accuracy,5377,0.4
upcoming_large_intervention,dz_pred,180,triplet_accuracy,5410,0.6
upcoming_large_intervention,dz_pred,180,triplet_accuracy,5454,0.65
upcoming_large_intervention,dz_pred,180,triplet_accuracy,5516,0.4
upcoming_large_intervention,dz_pred,180,triplet_accuracy,5600,0.5
upcoming_large_intervention,dz_pred,180,triplet_accuracy,5778,0.55
upcoming_large_intervention,dz_pred,180,triplet_accuracy,5989,0.5
upcoming_large_intervention,dz_pred,180,triplet_accuracy,6025,0.55
initiation,dz_pred,180,BIS_same_minus_opposite_cosine,105,0.1317451442732956
initiation,dz_pred,180,BIS_same_minus_opposite_cosine,323,0.0902032578984896
initiation,dz_pred,180,BIS_same_minus_opposite_cosine,348,0.11034736037254333
initiation,dz_pred,180,BIS_same_minus_opposite_cosine,391,-0.027510782082875607
initiation,dz_pred,180,BIS_same_minus_opposite_cosine,683,-0.09825715716138039
initiation,dz_pred,180,BIS_same_minus_opposite_cosine,747,0.07678583636879921
initiation,dz_pred,180,BIS_same_minus_opposite_cosine,750,0.03139120091994607
initiation,dz_pred,180,BIS_same_minus_opposite_cosine,758,0.13143241902192426
initiation,dz_pred,180,BIS_same_minus_opposite_cosine,843,-0.03155563275019324
initiation,dz_pred,180,BIS_same_minus_opposite_cosine,877,0.008446504446593228
initiation,dz_pred,180,BIS_same_minus_opposite_cosine,926,0.03312961757183075
initiation,dz_pred,180,BIS_same_minus_opposite_cosine,967,0.03171485289931297
initiation,dz_pred,180,BIS_same_minus_opposite_cosine,992,0.0212185333172481
initiation,dz_pred,180,BIS_same_minus_opposite_cosine,1014,0.012600481961712706
initiation,dz_pred,180,BIS_same_minus_opposite_cosine,1092,0.16294899440947042
initiation,dz_pred,180,BIS_same_minus_opposite_cosine,1193,0.05882655829191208
initiation,dz_pred,180,BIS_same_minus_opposite_cosine,1308,0.053936318691932716
initiation,dz_pred,180,BIS_same_minus_opposite_cosine,1335,0.08229074130455649
initiation,dz_pred,180,BIS_same_minus_opposite_cosine,1480,-0.042986247440179204
initiation,dz_pred,180,BIS_same_minus_opposite_cosine,1566,0.03168079211856378
initiation,dz_pred,180,BIS_same_minus_opposite_cosine,1636,0.07241729014750675
initiation,dz_pred,180,BIS_same_minus_opposite_cosine,1644,0.1556073114275932
initiation,dz_pred,180,BIS_same_minus_opposite_cosine,1839,0.04018874950706963
initiation,dz_pred,180,BIS_same_minus_opposite_cosine,1943,0.13297684897076
initiation,dz_pred,180,BIS_same_minus_opposite_cosine,2005,0.08320743963122368
initiation,dz_pred,180,BIS_same_minus_opposite_cosine,2048,0.03195693691571555
initiation,dz_pred,180,BIS_same_minus_opposite_cosine,2173,0.016649389432536243
initiation,dz_pred,180,BIS_same_minus_opposite_cosine,2263,0.01780983805656433
initiation,dz_pred,180,BIS_same_minus_opposite_cosine,2303,0.024290501619830263
initiation,dz_pred,180,BIS_same_minus_opposite_cosine,2308,-0.1692525826187597
initiation,dz_pred,180,BIS_same_minus_opposite_cosine,2347,0.051049382623397865
initiation,dz_pred,180,BIS_same_minus_opposite_cosine,2361,-0.0861498167117436
initiation,dz_pred,180,BIS_same_minus_opposite_cosine,2567,-0.024995918075243595
initiation,dz_pred,180,BIS_same_minus_opposite_cosine,2900,-0.07585868239402771
initiation,dz_pred,180,BIS_same_minus_opposite_cosine,2943,0.05893857131401692
initiation,dz_pred,180,BIS_same_minus_opposite_cosine,2946,0.07919312417507174
initiation,dz_pred,180,BIS_same_minus_opposite_cosine,2988,0.04857408006985986
initiation,dz_pred,180,BIS_same_minus_opposite_cosine,3354,0.10133506447979901
initiation,dz_pred,180,BIS_same_minus_opposite_cosine,3387,-0.15084312111139297
initiation,dz_pred,180,BIS_same_minus_opposite_cosine,3485,-0.024482694144050243
initiation,dz_pred,180,BIS_same_minus_opposite_cosine,3525,-0.07082769793994492
initiation,dz_pred,180,BIS_same_minus_opposite_cosine,3569,0.02090012232462557
initiation,dz_pred,180,BIS_same_minus_opposite_cosine,3593,0.0511655141909918
initiation,dz_pred,180,BIS_same_minus_opposite_cosine,3613,0.037868398608583376
initiation,dz_pred,180,BIS_same_minus_opposite_cosine,3764,0.024538216943090663
initiation,dz_pred,180,BIS_same_minus_opposite_cosine,3768,0.00839127396995376
initiation,dz_pred,180,BIS_same_minus_opposite_cosine,3852,-0.039760053157806396
initiation,dz_pred,180,BIS_same_minus_opposite_cosine,3967,0.010530988375345829
initiation,dz_pred,180,BIS_same_minus_opposite_cosine,3976,0.11521054059267044
initiation,dz_pred,180,BIS_same_minus_opposite_cosine,3978,0.044331371784210205
initiation,dz_pred,180,BIS_same_minus_opposite_cosine,3985,0.032390858978033066
initiation,dz_pred,180,BIS_same_minus_opposite_cosine,4016,0.15294771144787467
initiation,dz_pred,180,BIS_same_minus_opposite_cosine,4080,-0.014487574497858757
initiation,dz_pred,180,BIS_same_minus_opposite_cosine,4293,0.08874060213565826
initiation,dz_pred,180,BIS_same_minus_opposite_cosine,4312,0.03476411600907647
initiation,dz_pred,180,BIS_same_minus_opposite_cosine,4540,0.02007627667802747
initiation,dz_pred,180,BIS_same_minus_opposite_cosine,4638,0.006856231225861431
initiation,dz_pred,180,BIS_same_minus_opposite_cosine,4686,0.06695116659005484
initiation,dz_pred,180,BIS_same_minus_opposite_cosine,4865,0.0009225561763301915
initiation,dz_pred,180,BIS_same_minus_opposite_cosine,4944,0.07032346808248102
initiation,dz_pred,180,BIS_same_minus_opposite_cosine,5309,0.058924614389737506
initiation,dz_pred,180,BIS_same_minus_opposite_cosine,5377,0.009799527625242832
initiation,dz_pred,180,BIS_same_minus_opposite_cosine,5410,0.029984311925040363
initiation,dz_pred,180,BIS_same_minus_opposite_cosine,5454,0.07210492094357812
initiation,dz_pred,180,BIS_same_minus_opposite_cosine,5516,0.023957074398086253
initiation,dz_pred,180,BIS_same_minus_opposite_cosine,5600,0.05763522535562515
initiation,dz_pred,180,BIS_same_minus_opposite_cosine,5778,0.10327182710170746
initiation,dz_pred,180,BIS_same_minus_opposite_cosine,5826,0.011553719639778137
initiation,dz_pred,180,BIS_same_minus_opposite_cosine,5961,-0.02620489067501497
initiation,dz_pred,180,BIS_same_minus_opposite_cosine,5989,0.025616210518461302
initiation,dz_pred,180,BIS_same_minus_opposite_cosine,6025,0.08995940039555239
initiation,dz_pred,180,MAP_same_minus_opposite_cosine,105,-0.04372846877033065
initiation,dz_pred,180,MAP_same_minus_opposite_cosine,323,0.15312338868776953
initiation,dz_pred,180,MAP_same_minus_opposite_cosine,348,0.08783918167605553
initiation,dz_pred,180,MAP_same_minus_opposite_cosine,391,0.12798943743109703
initiation,dz_pred,180,MAP_same_minus_opposite_cosine,683,-0.021858977360857845
initiation,dz_pred,180,MAP_same_minus_opposite_cosine,747,0.06880895011126995
initiation,dz_pred,180,MAP_same_minus_opposite_cosine,750,0.058903197447458866
initiation,dz_pred,180,MAP_same_minus_opposite_cosine,758,-0.08791595846414568
initiation,dz_pred,180,MAP_same_minus_opposite_cosine,843,0.045535111001559714
initiation,dz_pred,180,MAP_same_minus_opposite_cosine,877,0.037273323039213824
initiation,dz_pred,180,MAP_same_minus_opposite_cosine,926,-0.04221150279045105
initiation,dz_pred,180,MAP_same_minus_opposite_cosine,967,0.028633219839045543
initiation,dz_pred,180,MAP_same_minus_opposite_cosine,992,-0.05645491828521099
initiation,dz_pred,180,MAP_same_minus_opposite_cosine,1014,0.15287140818933642
initiation,dz_pred,180,MAP_same_minus_opposite_cosine,1092,0.07336864123741782
initiation,dz_pred,180,MAP_same_minus_opposite_cosine,1193,0.024795568651623245
initiation,dz_pred,180,MAP_same_minus_opposite_cosine,1308,0.10871669525901473
initiation,dz_pred,180,MAP_same_minus_opposite_cosine,1335,0.09309243741962647
initiation,dz_pred,180,MAP_same_minus_opposite_cosine,1480,-0.03308290839195249
initiation,dz_pred,180,MAP_same_minus_opposite_cosine,1566,-0.031384785744276944
initiation,dz_pred,180,MAP_same_minus_opposite_cosine,1636,-0.14748972405989969
initiation,dz_pred,180,MAP_same_minus_opposite_cosine,1644,-0.11886601998574209
initiation,dz_pred,180,MAP_same_minus_opposite_cosine,1839,-0.040555125384619695
initiation,dz_pred,180,MAP_same_minus_opposite_cosine,1943,-0.0417045490308241
initiation,dz_pred,180,MAP_same_minus_opposite_cosine,2005,-0.09137127126256617
initiation,dz_pred,180,MAP_same_minus_opposite_cosine,2048,0.01915583097272444
initiation,dz_pred,180,MAP_same_minus_opposite_cosine,2173,0.06869218533947352
initiation,dz_pred,180,MAP_same_minus_opposite_cosine,2263,0.025002945462862636
initiation,dz_pred,180,MAP_same_minus_opposite_cosine,2303,0.09034236719210942
initiation,dz_pred,180,MAP_same_minus_opposite_cosine,2308,0.10430464458962285
initiation,dz_pred,180,MAP_same_minus_opposite_cosine,2347,0.019093067944049857
initiation,dz_pred,180,MAP_same_minus_opposite_cosine,2361,0.011780217289924622
initiation,dz_pred,180,MAP_same_minus_opposite_cosine,2567,0.14371839988355828
initiation,dz_pred,180,MAP_same_minus_opposite_cosine,2900,0.07461842757960169
initiation,dz_pred,180,MAP_same_minus_opposite_cosine,2943,-0.07698286597927417
initiation,dz_pred,180,MAP_same_minus_opposite_cosine,2946,0.03164266715898667
initiation,dz_pred,180,MAP_same_minus_opposite_cosine,2988,-0.06710550698141249
initiation,dz_pred,180,MAP_same_minus_opposite_cosine,3354,-0.09862406800190604
initiation,dz_pred,180,MAP_same_minus_opposite_cosine,3387,-0.10843911021947861
initiation,dz_pred,180,MAP_same_minus_opposite_cosine,3485,0.1233215942269279
initiation,dz_pred,180,MAP_same_minus_opposite_cosine,3525,0.041345395147800446
initiation,dz_pred,180,MAP_same_minus_opposite_cosine,3569,0.0637541338801384
initiation,dz_pred,180,MAP_same_minus_opposite_cosine,3593,0.08522008028295314
initiation,dz_pred,180,MAP_same_minus_opposite_cosine,3613,0.0015160176489087407
initiation,dz_pred,180,MAP_same_minus_opposite_cosine,3764,-0.03499987026055662
initiation,dz_pred,180,MAP_same_minus_opposite_cosine,3768,-0.05925837904214859
initiation,dz_pred,180,MAP_same_minus_opposite_cosine,3852,-0.10202008237441385
initiation,dz_pred,180,MAP_same_minus_opposite_cosine,3967,-0.03362158834934237
initiation,dz_pred,180,MAP_same_minus_opposite_cosine,3976,-0.008231792598962784
initiation,dz_pred,180,MAP_same_minus_opposite_cosine,3978,0.03148412207762408
initiation,dz_pred,180,MAP_same_minus_opposite_cosine,3985,-0.039961869766314884
initiation,dz_pred,180,MAP_same_minus_opposite_cosine,4016,0.006076134289755952
initiation,dz_pred,180,MAP_same_minus_opposite_cosine,4080,0.07301105558872223
initiation,dz_pred,180,MAP_same_minus_opposite_cosine,4293,-0.006067635660821691
initiation,dz_pred,180,MAP_same_minus_opposite_cosine,4312,0.01400748987992606
initiation,dz_pred,180,MAP_same_minus_opposite_cosine,4540,-0.02830858131249747
initiation,dz_pred,180,MAP_same_minus_opposite_cosine,4638,0.1116926982289268
initiation,dz_pred,180,MAP_same_minus_opposite_cosine,4686,-0.08087783058484388
initiation,dz_pred,180,MAP_same_minus_opposite_cosine,4865,-0.10939400146404898
initiation,dz_pred,180,MAP_same_minus_opposite_cosine,4944,-0.05436472064166353
initiation,dz_pred,180,MAP_same_minus_opposite_cosine,5309,-0.02298008451859157
initiation,dz_pred,180,MAP_same_minus_opposite_cosine,5377,0.045057018372145596
initiation,dz_pred,180,MAP_same_minus_opposite_cosine,5410,0.011301447947820065
initiation,dz_pred,180,MAP_same_minus_opposite_cosine,5454,0.00020821268359816347
initiation,dz_pred,180,MAP_same_minus_opposite_cosine,5516,-0.015319856504599327
initiation,dz_pred,180,MAP_same_minus_opposite_cosine,5600,-0.0424320250749588
initiation,dz_pred,180,MAP_same_minus_opposite_cosine,5778,-0.0632839966000932
initiation,dz_pred,180,MAP_same_minus_opposite_cosine,5826,-0.014245034257570843
initiation,dz_pred,180,MAP_same_minus_opposite_cosine,5961,0.026904614134268368
initiation,dz_pred,180,MAP_same_minus_opposite_cosine,5989,-0.014253569642702746
initiation,dz_pred,180,MAP_same_minus_opposite_cosine,6025,-0.052080172631475685
initiation,dz_pred,180,triplet_accuracy,323,0.6
initiation,dz_pred,180,triplet_accuracy,348,0.6
initiation,dz_pred,180,triplet_accuracy,391,0.55
initiation,dz_pred,180,triplet_accuracy,683,0.6
initiation,dz_pred,180,triplet_accuracy,747,0.45
initiation,dz_pred,180,triplet_accuracy,750,0.55
initiation,dz_pred,180,triplet_accuracy,758,0.6
initiation,dz_pred,180,triplet_accuracy,843,0.45
initiation,dz_pred,180,triplet_accuracy,967,0.75
initiation,dz_pred,180,triplet_accuracy,1014,0.65
initiation,dz_pred,180,triplet_accuracy,1092,0.45
initiation,dz_pred,180,triplet_accuracy,1193,0.55
initiation,dz_pred,180,triplet_accuracy,1335,0.65
initiation,dz_pred,180,triplet_accuracy,1480,0.5
initiation,dz_pred,180,triplet_accuracy,1566,0.4
initiation,dz_pred,180,triplet_accuracy,1839,0.5
initiation,dz_pred,180,triplet_accuracy,1943,0.5
initiation,dz_pred,180,triplet_accuracy,2005,0.45
initiation,dz_pred,180,triplet_accuracy,2048,0.65
initiation,dz_pred,180,triplet_accuracy,2173,0.65
initiation,dz_pred,180,triplet_accuracy,2263,0.7
initiation,dz_pred,180,triplet_accuracy,2303,0.6
initiation,dz_pred,180,triplet_accuracy,2308,0.4
initiation,dz_pred,180,triplet_accuracy,2347,0.7
initiation,dz_pred,180,triplet_accuracy,2361,0.5
initiation,dz_pred,180,triplet_accuracy,2567,0.5
initiation,dz_pred,180,triplet_accuracy,2943,0.65
initiation,dz_pred,180,triplet_accuracy,2988,0.6
initiation,dz_pred,180,triplet_accuracy,3354,0.5
initiation,dz_pred,180,triplet_accuracy,3525,0.6
initiation,dz_pred,180,triplet_accuracy,3569,0.7
initiation,dz_pred,180,triplet_accuracy,3593,0.45
initiation,dz_pred,180,triplet_accuracy,3768,0.5
initiation,dz_pred,180,triplet_accuracy,3852,0.45
initiation,dz_pred,180,triplet_accuracy,3967,0.45
initiation,dz_pred,180,triplet_accuracy,3978,0.65
initiation,dz_pred,180,triplet_accuracy,3985,0.6
initiation,dz_pred,180,triplet_accuracy,4016,0.6
initiation,dz_pred,180,triplet_accuracy,4293,0.5
initiation,dz_pred,180,triplet_accuracy,4312,0.7
initiation,dz_pred,180,triplet_accuracy,4540,0.7
initiation,dz_pred,180,triplet_accuracy,4686,0.5
initiation,dz_pred,180,triplet_accuracy,4865,0.6
initiation,dz_pred,180,triplet_accuracy,4944,0.35
initiation,dz_pred,180,triplet_accuracy,5309,0.6
initiation,dz_pred,180,triplet_accuracy,5377,0.45
initiation,dz_pred,180,triplet_accuracy,5410,0.65
initiation,dz_pred,180,triplet_accuracy,5454,0.65
initiation,dz_pred,180,triplet_accuracy,5516,0.5
initiation,dz_pred,180,triplet_accuracy,5600,0.7
initiation,dz_pred,180,triplet_accuracy,5778,0.55
initiation,dz_pred,180,triplet_accuracy,5989,0.4
initiation,dz_pred,180,triplet_accuracy,6025,0.7
increase,dz_pred,180,BIS_same_minus_opposite_cosine,105,0.001756311083833395
increase,dz_pred,180,BIS_same_minus_opposite_cosine,323,-0.053478580382135155
increase,dz_pred,180,BIS_same_minus_opposite_cosine,348,0.0838998054916208
increase,dz_pred,180,BIS_same_minus_opposite_cosine,391,0.0506106488632434
increase,dz_pred,180,BIS_same_minus_opposite_cosine,683,0.09627858594511496
increase,dz_pred,180,BIS_same_minus_opposite_cosine,747,-0.09232018391291297
increase,dz_pred,180,BIS_same_minus_opposite_cosine,750,0.0053457707166671975
increase,dz_pred,180,BIS_same_minus_opposite_cosine,758,0.1031613608201345
increase,dz_pred,180,BIS_same_minus_opposite_cosine,843,0.20254270204653346
increase,dz_pred,180,BIS_same_minus_opposite_cosine,877,-0.09471317231655119
increase,dz_pred,180,BIS_same_minus_opposite_cosine,926,0.05874820947647097
increase,dz_pred,180,BIS_same_minus_opposite_cosine,967,0.14343780080477392
increase,dz_pred,180,BIS_same_minus_opposite_cosine,992,0.03235342105229699
increase,dz_pred,180,BIS_same_minus_opposite_cosine,1092,-0.0019200699669974508
increase,dz_pred,180,BIS_same_minus_opposite_cosine,1193,0.08012951413790392
increase,dz_pred,180,BIS_same_minus_opposite_cosine,1308,0.05733265163320478
increase,dz_pred,180,BIS_same_minus_opposite_cosine,1335,-0.07736474772294355
increase,dz_pred,180,BIS_same_minus_opposite_cosine,1480,0.018261681000391716
increase,dz_pred,180,BIS_same_minus_opposite_cosine,1566,0.0063124969601631165
increase,dz_pred,180,BIS_same_minus_opposite_cosine,1636,0.03961792389551799
increase,dz_pred,180,BIS_same_minus_opposite_cosine,1644,0.0855988090236981
increase,dz_pred,180,BIS_same_minus_opposite_cosine,1943,0.10356791019439693
increase,dz_pred,180,BIS_same_minus_opposite_cosine,2005,-0.10357712386619478
increase,dz_pred,180,BIS_same_minus_opposite_cosine,2048,0.013428205251693748
increase,dz_pred,180,BIS_same_minus_opposite_cosine,2173,-0.037134725848833705
increase,dz_pred,180,BIS_same_minus_opposite_cosine,2263,0.041851428647835975
increase,dz_pred,180,BIS_same_minus_opposite_cosine,2303,0.12556539674599965
increase,dz_pred,180,BIS_same_minus_opposite_cosine,2308,0.02800006394584975
increase,dz_pred,180,BIS_same_minus_opposite_cosine,2361,0.03701198101043701
increase,dz_pred,180,BIS_same_minus_opposite_cosine,2567,-0.070111486044797
increase,dz_pred,180,BIS_same_minus_opposite_cosine,2900,0.0493823900818825
increase,dz_pred,180,BIS_same_minus_opposite_cosine,2943,0.015813556810220064
increase,dz_pred,180,BIS_same_minus_opposite_cosine,2946,0.03070235974860913
increase,dz_pred,180,BIS_same_minus_opposite_cosine,3261,0.08552671720584237
increase,dz_pred,180,BIS_same_minus_opposite_cosine,3354,0.03416425403621459
increase,dz_pred,180,BIS_same_minus_opposite_cosine,3387,-0.07783941179513931
increase,dz_pred,180,BIS_same_minus_opposite_cosine,3485,0.03760963891233715
increase,dz_pred,180,BIS_same_minus_opposite_cosine,3525,0.07429795260682259
increase,dz_pred,180,BIS_same_minus_opposite_cosine,3593,-0.01644597053527841
increase,dz_pred,180,BIS_same_minus_opposite_cosine,3613,0.05662310818831118
increase,dz_pred,180,BIS_same_minus_opposite_cosine,3768,-0.017820050770586238
increase,dz_pred,180,BIS_same_minus_opposite_cosine,3852,0.046722282965978024
increase,dz_pred,180,BIS_same_minus_opposite_cosine,3967,-0.010797605821580625
increase,dz_pred,180,BIS_same_minus_opposite_cosine,3976,0.016467129190762875
increase,dz_pred,180,BIS_same_minus_opposite_cosine,3978,-0.0009415470289462213
increase,dz_pred,180,BIS_same_minus_opposite_cosine,3985,0.11764261325200398
increase,dz_pred,180,BIS_same_minus_opposite_cosine,4016,0.06690009021096754
increase,dz_pred,180,BIS_same_minus_opposite_cosine,4080,-0.029384385617006403
increase,dz_pred,180,BIS_same_minus_opposite_cosine,4293,0.08366778989632928
increase,dz_pred,180,BIS_same_minus_opposite_cosine,4312,-0.061108511189619685
increase,dz_pred,180,BIS_same_minus_opposite_cosine,4529,0.08441515101326835
increase,dz_pred,180,BIS_same_minus_opposite_cosine,4540,0.05610826694303084
increase,dz_pred,180,BIS_same_minus_opposite_cosine,4638,-0.10524086654186249
increase,dz_pred,180,BIS_same_minus_opposite_cosine,4686,-0.03937230507532752
increase,dz_pred,180,BIS_same_minus_opposite_cosine,4821,0.05058452188968654
increase,dz_pred,180,BIS_same_minus_opposite_cosine,4865,0.11855195733633905
increase,dz_pred,180,BIS_same_minus_opposite_cosine,4944,-0.0754139398535093
increase,dz_pred,180,BIS_same_minus_opposite_cosine,5309,-0.005337879061698914
increase,dz_pred,180,BIS_same_minus_opposite_cosine,5377,0.14337675092798297
increase,dz_pred,180,BIS_same_minus_opposite_cosine,5410,0.01687529683113098
increase,dz_pred,180,BIS_same_minus_opposite_cosine,5454,0.055834503755682996
increase,dz_pred,180,BIS_same_minus_opposite_cosine,5516,0.05062668522198999
increase,dz_pred,180,BIS_same_minus_opposite_cosine,5600,0.06683115081654656
increase,dz_pred,180,BIS_same_minus_opposite_cosine,5778,0.08365390863683486
increase,dz_pred,180,BIS_same_minus_opposite_cosine,5826,0.03329592247804014
increase,dz_pred,180,BIS_same_minus_opposite_cosine,5961,0.007000279095437767
increase,dz_pred,180,BIS_same_minus_opposite_cosine,5989,0.008408436344729542
increase,dz_pred,180,MAP_same_minus_opposite_cosine,105,0.022631400067246288
increase,dz_pred,180,MAP_same_minus_opposite_cosine,323,-0.040179020979187685
increase,dz_pred,180,MAP_same_minus_opposite_cosine,348,-0.009901671608289142
increase,dz_pred,180,MAP_same_minus_opposite_cosine,391,-0.05380099018414808
increase,dz_pred,180,MAP_same_minus_opposite_cosine,683,-0.06047498534123097
increase,dz_pred,180,MAP_same_minus_opposite_cosine,747,-0.08834558770512091
increase,dz_pred,180,MAP_same_minus_opposite_cosine,750,0.04220595865538623
increase,dz_pred,180,MAP_same_minus_opposite_cosine,758,-0.010823242366313934
increase,dz_pred,180,MAP_same_minus_opposite_cosine,843,0.11089653815283929
increase,dz_pred,180,MAP_same_minus_opposite_cosine,877,-0.0831674838607962
increase,dz_pred,180,MAP_same_minus_opposite_cosine,926,0.04121054279984848
increase,dz_pred,180,MAP_same_minus_opposite_cosine,967,0.05390896896521258
increase,dz_pred,180,MAP_same_minus_opposite_cosine,992,-0.07109396159648895
increase,dz_pred,180,MAP_same_minus_opposite_cosine,1092,-0.007797620513222414
increase,dz_pred,180,MAP_same_minus_opposite_cosine,1193,-0.030848833421866062
increase,dz_pred,180,MAP_same_minus_opposite_cosine,1308,0.041442434489727065
increase,dz_pred,180,MAP_same_minus_opposite_cosine,1335,0.04066202992742707
increase,dz_pred,180,MAP_same_minus_opposite_cosine,1480,0.025470934582479066
increase,dz_pred,180,MAP_same_minus_opposite_cosine,1566,0.052409763137499454
increase,dz_pred,180,MAP_same_minus_opposite_cosine,1636,0.015555663090763727
increase,dz_pred,180,MAP_same_minus_opposite_cosine,1644,0.09387741712006659
increase,dz_pred,180,MAP_same_minus_opposite_cosine,1943,-0.08841721036217431
increase,dz_pred,180,MAP_same_minus_opposite_cosine,2005,-0.06919668813546498
increase,dz_pred,180,MAP_same_minus_opposite_cosine,2048,0.10177562137444818
increase,dz_pred,180,MAP_same_minus_opposite_cosine,2173,-0.05850042899449659
increase,dz_pred,180,MAP_same_minus_opposite_cosine,2263,0.11974026262760162
increase,dz_pred,180,MAP_same_minus_opposite_cosine,2303,-0.09803557147582376
increase,dz_pred,180,MAP_same_minus_opposite_cosine,2308,-0.13860582932829857
increase,dz_pred,180,MAP_same_minus_opposite_cosine,2361,-0.03896819409869967
increase,dz_pred,180,MAP_same_minus_opposite_cosine,2567,0.12020172841019094
increase,dz_pred,180,MAP_same_minus_opposite_cosine,2900,-0.06287376795496258
increase,dz_pred,180,MAP_same_minus_opposite_cosine,2943,-0.1300909477803442
increase,dz_pred,180,MAP_same_minus_opposite_cosine,2946,-0.005632012179403567
increase,dz_pred,180,MAP_same_minus_opposite_cosine,3261,-0.018060117959976196
increase,dz_pred,180,MAP_same_minus_opposite_cosine,3354,0.08060693785999762
increase,dz_pred,180,MAP_same_minus_opposite_cosine,3387,0.024533815230384004
increase,dz_pred,180,MAP_same_minus_opposite_cosine,3485,-0.02573878950241848
increase,dz_pred,180,MAP_same_minus_opposite_cosine,3525,-0.044482772097443
increase,dz_pred,180,MAP_same_minus_opposite_cosine,3593,0.01266508549451828
increase,dz_pred,180,MAP_same_minus_opposite_cosine,3613,0.040103447933991676
increase,dz_pred,180,MAP_same_minus_opposite_cosine,3768,0.04449675232172012
increase,dz_pred,180,MAP_same_minus_opposite_cosine,3852,0.059350119531154655
increase,dz_pred,180,MAP_same_minus_opposite_cosine,3967,-8.444984753930296e-05
increase,dz_pred,180,MAP_same_minus_opposite_cosine,3976,0.06432031907818536
increase,dz_pred,180,MAP_same_minus_opposite_cosine,3978,-0.008507640524344051
increase,dz_pred,180,MAP_same_minus_opposite_cosine,3985,-0.05610568708542629
increase,dz_pred,180,MAP_same_minus_opposite_cosine,4016,0.011665652195612553
increase,dz_pred,180,MAP_same_minus_opposite_cosine,4080,0.004120692610740662
increase,dz_pred,180,MAP_same_minus_opposite_cosine,4293,0.047084252039591545
increase,dz_pred,180,MAP_same_minus_opposite_cosine,4312,-0.0013554617762565613
increase,dz_pred,180,MAP_same_minus_opposite_cosine,4529,0.04262733790609574
increase,dz_pred,180,MAP_same_minus_opposite_cosine,4540,-0.013181313872337341
increase,dz_pred,180,MAP_same_minus_opposite_cosine,4638,-0.0030609911138360646
increase,dz_pred,180,MAP_same_minus_opposite_cosine,4686,-0.03346140517128837
increase,dz_pred,180,MAP_same_minus_opposite_cosine,4821,0.010449982050693474
increase,dz_pred,180,MAP_same_minus_opposite_cosine,4865,0.06731370339790976
increase,dz_pred,180,MAP_same_minus_opposite_cosine,4944,0.06160888473192849
increase,dz_pred,180,MAP_same_minus_opposite_cosine,5309,0.10742665240258886
increase,dz_pred,180,MAP_same_minus_opposite_cosine,5377,0.13647012909253442
increase,dz_pred,180,MAP_same_minus_opposite_cosine,5410,-0.2310776263475418
increase,dz_pred,180,MAP_same_minus_opposite_cosine,5454,0.08189272383848822
increase,dz_pred,180,MAP_same_minus_opposite_cosine,5516,-0.059788453082243564
increase,dz_pred,180,MAP_same_minus_opposite_cosine,5600,-0.022503580649693822
increase,dz_pred,180,MAP_same_minus_opposite_cosine,5778,0.04422050217787421
increase,dz_pred,180,MAP_same_minus_opposite_cosine,5961,0.1084815421790788
increase,dz_pred,180,MAP_same_minus_opposite_cosine,5989,0.04601009777097986
increase,dz_pred,180,triplet_accuracy,323,0.4
increase,dz_pred,180,triplet_accuracy,348,0.5
increase,dz_pred,180,triplet_accuracy,391,0.4
increase,dz_pred,180,triplet_accuracy,683,0.65
increase,dz_pred,180,triplet_accuracy,747,0.6
increase,dz_pred,180,triplet_accuracy,750,0.55
increase,dz_pred,180,triplet_accuracy,758,0.45
increase,dz_pred,180,triplet_accuracy,843,0.55
increase,dz_pred,180,triplet_accuracy,967,0.9
increase,dz_pred,180,triplet_accuracy,1092,0.55
increase,dz_pred,180,triplet_accuracy,1193,0.6
increase,dz_pred,180,triplet_accuracy,1335,0.75
increase,dz_pred,180,triplet_accuracy,1480,0.5
increase,dz_pred,180,triplet_accuracy,1566,0.55
increase,dz_pred,180,triplet_accuracy,1943,0.35
increase,dz_pred,180,triplet_accuracy,2005,0.5
increase,dz_pred,180,triplet_accuracy,2048,0.45
increase,dz_pred,180,triplet_accuracy,2173,0.65
increase,dz_pred,180,triplet_accuracy,2263,0.6
increase,dz_pred,180,triplet_accuracy,2303,0.65
increase,dz_pred,180,triplet_accuracy,2308,0.45
increase,dz_pred,180,triplet_accuracy,2361,0.5
increase,dz_pred,180,triplet_accuracy,2567,0.6
increase,dz_pred,180,triplet_accuracy,2943,0.6
increase,dz_pred,180,triplet_accuracy,3261,0.4
increase,dz_pred,180,triplet_accuracy,3354,0.85
increase,dz_pred,180,triplet_accuracy,3525,0.35
increase,dz_pred,180,triplet_accuracy,3593,0.25
increase,dz_pred,180,triplet_accuracy,3768,0.6
increase,dz_pred,180,triplet_accuracy,3852,0.5
increase,dz_pred,180,triplet_accuracy,3967,0.6
increase,dz_pred,180,triplet_accuracy,3978,0.6
increase,dz_pred,180,triplet_accuracy,3985,0.75
increase,dz_pred,180,triplet_accuracy,4016,0.45
increase,dz_pred,180,triplet_accuracy,4293,0.55
increase,dz_pred,180,triplet_accuracy,4312,0.45
increase,dz_pred,180,triplet_accuracy,4529,0.3
increase,dz_pred,180,triplet_accuracy,4540,0.6
increase,dz_pred,180,triplet_accuracy,4686,0.4
increase,dz_pred,180,triplet_accuracy,4821,0.6
increase,dz_pred,180,triplet_accuracy,4865,0.55
increase,dz_pred,180,triplet_accuracy,4944,0.4
increase,dz_pred,180,triplet_accuracy,5309,0.6
increase,dz_pred,180,triplet_accuracy,5377,0.6
increase,dz_pred,180,triplet_accuracy,5410,0.55
increase,dz_pred,180,triplet_accuracy,5454,0.5
increase,dz_pred,180,triplet_accuracy,5516,0.5
increase,dz_pred,180,triplet_accuracy,5600,0.45
increase,dz_pred,180,triplet_accuracy,5778,0.5
increase,dz_pred,180,triplet_accuracy,5989,0.5
decrease,dz_pred,180,BIS_same_minus_opposite_cosine,105,0.03435921669006348
decrease,dz_pred,180,BIS_same_minus_opposite_cosine,323,-0.06796836058298739
decrease,dz_pred,180,BIS_same_minus_opposite_cosine,348,-0.006826676428318024
decrease,dz_pred,180,BIS_same_minus_opposite_cosine,391,0.10444492995738985
decrease,dz_pred,180,BIS_same_minus_opposite_cosine,683,0.03129170669449699
decrease,dz_pred,180,BIS_same_minus_opposite_cosine,747,0.008651739110549284
decrease,dz_pred,180,BIS_same_minus_opposite_cosine,750,0.09959859152634942
decrease,dz_pred,180,BIS_same_minus_opposite_cosine,758,-0.04810151954491926
decrease,dz_pred,180,BIS_same_minus_opposite_cosine,843,-0.03604651490847266
decrease,dz_pred,180,BIS_same_minus_opposite_cosine,877,-0.0657667382196947
decrease,dz_pred,180,BIS_same_minus_opposite_cosine,926,-0.018484455015924217
decrease,dz_pred,180,BIS_same_minus_opposite_cosine,967,-0.054726773139202156
decrease,dz_pred,180,BIS_same_minus_opposite_cosine,992,0.044564312606146794
decrease,dz_pred,180,BIS_same_minus_opposite_cosine,1014,-0.009610332548618317
decrease,dz_pred,180,BIS_same_minus_opposite_cosine,1092,0.0009082777030540168
decrease,dz_pred,180,BIS_same_minus_opposite_cosine,1193,0.01724720663494539
decrease,dz_pred,180,BIS_same_minus_opposite_cosine,1308,0.056146035591761234
decrease,dz_pred,180,BIS_same_minus_opposite_cosine,1335,0.08102068636152471
decrease,dz_pred,180,BIS_same_minus_opposite_cosine,1480,0.15601210892200468
decrease,dz_pred,180,BIS_same_minus_opposite_cosine,1566,-0.02023935317993164
decrease,dz_pred,180,BIS_same_minus_opposite_cosine,1636,0.0486625216223977
decrease,dz_pred,180,BIS_same_minus_opposite_cosine,1644,0.08393492120684998
decrease,dz_pred,180,BIS_same_minus_opposite_cosine,1839,0.17986033721403638
decrease,dz_pred,180,BIS_same_minus_opposite_cosine,1943,0.05604500571886695
decrease,dz_pred,180,BIS_same_minus_opposite_cosine,2005,0.010303972909847858
decrease,dz_pred,180,BIS_same_minus_opposite_cosine,2048,-0.04973524334755808
decrease,dz_pred,180,BIS_same_minus_opposite_cosine,2173,0.032909150545795796
decrease,dz_pred,180,BIS_same_minus_opposite_cosine,2263,0.05403241515159607
decrease,dz_pred,180,BIS_same_minus_opposite_cosine,2303,0.163393751780192
decrease,dz_pred,180,BIS_same_minus_opposite_cosine,2308,0.037019071834427986
decrease,dz_pred,180,BIS_same_minus_opposite_cosine,2347,0.022363339861233955
decrease,dz_pred,180,BIS_same_minus_opposite_cosine,2361,0.04698895514011381
decrease,dz_pred,180,BIS_same_minus_opposite_cosine,2567,0.08422645294305042
decrease,dz_pred,180,BIS_same_minus_opposite_cosine,2900,0.05217750583376202
decrease,dz_pred,180,BIS_same_minus_opposite_cosine,2943,-0.029611761822845084
decrease,dz_pred,180,BIS_same_minus_opposite_cosine,2946,-0.06879794970154762
decrease,dz_pred,180,BIS_same_minus_opposite_cosine,2988,-0.045123780992898044
decrease,dz_pred,180,BIS_same_minus_opposite_cosine,3261,0.04816150830851662
decrease,dz_pred,180,BIS_same_minus_opposite_cosine,3354,0.07896806697050729
decrease,dz_pred,180,BIS_same_minus_opposite_cosine,3387,0.12412817776203156
decrease,dz_pred,180,BIS_same_minus_opposite_cosine,3485,-0.034835896257198296
decrease,dz_pred,180,BIS_same_minus_opposite_cosine,3525,-0.0644249017039934
decrease,dz_pred,180,BIS_same_minus_opposite_cosine,3569,-0.04360627879699075
decrease,dz_pred,180,BIS_same_minus_opposite_cosine,3593,0.06086431443691254
decrease,dz_pred,180,BIS_same_minus_opposite_cosine,3613,0.06844795578055918
decrease,dz_pred,180,BIS_same_minus_opposite_cosine,3764,0.009736649692058563
decrease,dz_pred,180,BIS_same_minus_opposite_cosine,3768,-0.06899116312464082
decrease,dz_pred,180,BIS_same_minus_opposite_cosine,3852,-0.008697205420696297
decrease,dz_pred,180,BIS_same_minus_opposite_cosine,3967,0.10357138266166055
decrease,dz_pred,180,BIS_same_minus_opposite_cosine,3976,0.020031554003556606
decrease,dz_pred,180,BIS_same_minus_opposite_cosine,3978,-0.031742838025093034
decrease,dz_pred,180,BIS_same_minus_opposite_cosine,3985,-0.0025851216280098344
decrease,dz_pred,180,BIS_same_minus_opposite_cosine,4016,-0.010838121175765991
decrease,dz_pred,180,BIS_same_minus_opposite_cosine,4080,0.038971980412801144
decrease,dz_pred,180,BIS_same_minus_opposite_cosine,4293,0.03935455508304364
decrease,dz_pred,180,BIS_same_minus_opposite_cosine,4312,0.0058611624297640885
decrease,dz_pred,180,BIS_same_minus_opposite_cosine,4529,0.019061346848805782
decrease,dz_pred,180,BIS_same_minus_opposite_cosine,4540,-0.02073325465122855
decrease,dz_pred,180,BIS_same_minus_opposite_cosine,4638,0.0981691810819838
decrease,dz_pred,180,BIS_same_minus_opposite_cosine,4686,0.02652440333005146
decrease,dz_pred,180,BIS_same_minus_opposite_cosine,4821,0.031482066394704744
decrease,dz_pred,180,BIS_same_minus_opposite_cosine,4865,0.025126821051041248
decrease,dz_pred,180,BIS_same_minus_opposite_cosine,4944,0.05006864666938782
decrease,dz_pred,180,BIS_same_minus_opposite_cosine,5309,0.04749123345721851
decrease,dz_pred,180,BIS_same_minus_opposite_cosine,5377,-0.05687749435504286
decrease,dz_pred,180,BIS_same_minus_opposite_cosine,5410,0.07241202890872955
decrease,dz_pred,180,BIS_same_minus_opposite_cosine,5454,0.08617735676693195
decrease,dz_pred,180,BIS_same_minus_opposite_cosine,5516,0.02040322472651801
decrease,dz_pred,180,BIS_same_minus_opposite_cosine,5600,-0.037686554094155555
decrease,dz_pred,180,BIS_same_minus_opposite_cosine,5778,-0.03864817072947824
decrease,dz_pred,180,BIS_same_minus_opposite_cosine,5826,0.022782721453242893
decrease,dz_pred,180,BIS_same_minus_opposite_cosine,5961,0.017014618172790152
decrease,dz_pred,180,BIS_same_minus_opposite_cosine,5989,-0.004999945561091068
decrease,dz_pred,180,BIS_same_minus_opposite_cosine,6025,0.103729403831742
decrease,dz_pred,180,MAP_same_minus_opposite_cosine,105,0.046970054507255554
decrease,dz_pred,180,MAP_same_minus_opposite_cosine,323,0.03330974351792115
decrease,dz_pred,180,MAP_same_minus_opposite_cosine,348,-0.0940107901891073
decrease,dz_pred,180,MAP_same_minus_opposite_cosine,391,-0.11779165392120683
decrease,dz_pred,180,MAP_same_minus_opposite_cosine,683,0.020521787531448066
decrease,dz_pred,180,MAP_same_minus_opposite_cosine,747,0.01573779371877515
decrease,dz_pred,180,MAP_same_minus_opposite_cosine,750,-0.0008704413970311853
decrease,dz_pred,180,MAP_same_minus_opposite_cosine,758,-0.030311649044354794
decrease,dz_pred,180,MAP_same_minus_opposite_cosine,843,-0.08213795920213063
decrease,dz_pred,180,MAP_same_minus_opposite_cosine,877,0.1503374442458153
decrease,dz_pred,180,MAP_same_minus_opposite_cosine,926,-0.036383022864659664
decrease,dz_pred,180,MAP_same_minus_opposite_cosine,967,0.05017293865482009
decrease,dz_pred,180,MAP_same_minus_opposite_cosine,992,0.07440688257867645
decrease,dz_pred,180,MAP_same_minus_opposite_cosine,1014,-0.011523835361003876
decrease,dz_pred,180,MAP_same_minus_opposite_cosine,1092,-0.03124652377196724
decrease,dz_pred,180,MAP_same_minus_opposite_cosine,1193,0.11591062115298378
decrease,dz_pred,180,MAP_same_minus_opposite_cosine,1308,0.04249345138669014
decrease,dz_pred,180,MAP_same_minus_opposite_cosine,1335,-0.04775013327598576
decrease,dz_pred,180,MAP_same_minus_opposite_cosine,1480,-0.005087370177110029
decrease,dz_pred,180,MAP_same_minus_opposite_cosine,1566,-0.13036045254695983
decrease,dz_pred,180,MAP_same_minus_opposite_cosine,1636,0.04696384320656455
decrease,dz_pred,180,MAP_same_minus_opposite_cosine,1644,0.03583824303415095
decrease,dz_pred,180,MAP_same_minus_opposite_cosine,1839,0.01370937670722161
decrease,dz_pred,180,MAP_same_minus_opposite_cosine,1943,-0.030315676421830196
decrease,dz_pred,180,MAP_same_minus_opposite_cosine,2005,0.05241610109806061
decrease,dz_pred,180,MAP_same_minus_opposite_cosine,2048,0.005784663889143116
decrease,dz_pred,180,MAP_same_minus_opposite_cosine,2173,-0.017365889747937513
decrease,dz_pred,180,MAP_same_minus_opposite_cosine,2263,0.01609714825948083
decrease,dz_pred,180,MAP_same_minus_opposite_cosine,2303,-0.0355617319544157
decrease,dz_pred,180,MAP_same_minus_opposite_cosine,2308,0.01796177712579572
decrease,dz_pred,180,MAP_same_minus_opposite_cosine,2347,0.022990908135067323
decrease,dz_pred,180,MAP_same_minus_opposite_cosine,2361,0.014861231545607256
decrease,dz_pred,180,MAP_same_minus_opposite_cosine,2567,0.05813961121298017
decrease,dz_pred,180,MAP_same_minus_opposite_cosine,2900,-0.024240276341637057
decrease,dz_pred,180,MAP_same_minus_opposite_cosine,2943,0.06895297020673752
decrease,dz_pred,180,MAP_same_minus_opposite_cosine,2946,0.043329546848932865
decrease,dz_pred,180,MAP_same_minus_opposite_cosine,2988,0.04289492633607661
decrease,dz_pred,180,MAP_same_minus_opposite_cosine,3261,-0.007801401863495427
decrease,dz_pred,180,MAP_same_minus_opposite_cosine,3354,0.002403569718201881
decrease,dz_pred,180,MAP_same_minus_opposite_cosine,3387,0.06461356911394334
decrease,dz_pred,180,MAP_same_minus_opposite_cosine,3485,0.07263815485768843
decrease,dz_pred,180,MAP_same_minus_opposite_cosine,3525,-0.057905082901318794
decrease,dz_pred,180,MAP_same_minus_opposite_cosine,3569,-0.03594625718665845
decrease,dz_pred,180,MAP_same_minus_opposite_cosine,3593,0.1159657587607702
decrease,dz_pred,180,MAP_same_minus_opposite_cosine,3613,0.03294064849615097
decrease,dz_pred,180,MAP_same_minus_opposite_cosine,3764,0.04913689196109772
decrease,dz_pred,180,MAP_same_minus_opposite_cosine,3768,-0.06671290596326196
decrease,dz_pred,180,MAP_same_minus_opposite_cosine,3852,0.00759512186050415
decrease,dz_pred,180,MAP_same_minus_opposite_cosine,3967,-0.008117999994393554
decrease,dz_pred,180,MAP_same_minus_opposite_cosine,3976,0.021854455723907096
decrease,dz_pred,180,MAP_same_minus_opposite_cosine,3978,0.05214952429135644
decrease,dz_pred,180,MAP_same_minus_opposite_cosine,3985,0.023469645868648192
decrease,dz_pred,180,MAP_same_minus_opposite_cosine,4016,-0.002076893548170644
decrease,dz_pred,180,MAP_same_minus_opposite_cosine,4080,-0.04568304302114423
decrease,dz_pred,180,MAP_same_minus_opposite_cosine,4293,-0.028536577522754625
decrease,dz_pred,180,MAP_same_minus_opposite_cosine,4312,-0.0236041322350502
decrease,dz_pred,180,MAP_same_minus_opposite_cosine,4529,0.04163607954978943
decrease,dz_pred,180,MAP_same_minus_opposite_cosine,4540,-0.10868331690629329
decrease,dz_pred,180,MAP_same_minus_opposite_cosine,4638,0.022074067682930965
decrease,dz_pred,180,MAP_same_minus_opposite_cosine,4686,0.0427317967017492
decrease,dz_pred,180,MAP_same_minus_opposite_cosine,4821,0.026984219749768612
decrease,dz_pred,180,MAP_same_minus_opposite_cosine,4865,-0.07743793055415149
decrease,dz_pred,180,MAP_same_minus_opposite_cosine,4944,0.0470503589936665
decrease,dz_pred,180,MAP_same_minus_opposite_cosine,5309,-0.07682856894803769
decrease,dz_pred,180,MAP_same_minus_opposite_cosine,5377,0.10216880672507822
decrease,dz_pred,180,MAP_same_minus_opposite_cosine,5410,0.019316203892230988
decrease,dz_pred,180,MAP_same_minus_opposite_cosine,5454,-0.007871208091576931
decrease,dz_pred,180,MAP_same_minus_opposite_cosine,5516,-0.0659078172210491
decrease,dz_pred,180,MAP_same_minus_opposite_cosine,5600,-0.017288734967058406
decrease,dz_pred,180,MAP_same_minus_opposite_cosine,5778,-0.03523646295070648
decrease,dz_pred,180,MAP_same_minus_opposite_cosine,5826,-0.006328235069910648
decrease,dz_pred,180,MAP_same_minus_opposite_cosine,5961,0.00803994337717684
decrease,dz_pred,180,MAP_same_minus_opposite_cosine,5989,-0.07043257355690002
decrease,dz_pred,180,MAP_same_minus_opposite_cosine,6025,-0.027257533868153883
decrease,dz_pred,180,triplet_accuracy,323,0.55
decrease,dz_pred,180,triplet_accuracy,348,0.55
decrease,dz_pred,180,triplet_accuracy,391,0.5
decrease,dz_pred,180,triplet_accuracy,683,0.5
decrease,dz_pred,180,triplet_accuracy,747,0.45
decrease,dz_pred,180,triplet_accuracy,750,0.65
decrease,dz_pred,180,triplet_accuracy,758,0.2
decrease,dz_pred,180,triplet_accuracy,843,0.65
decrease,dz_pred,180,triplet_accuracy,967,0.6
decrease,dz_pred,180,triplet_accuracy,1014,0.4
decrease,dz_pred,180,triplet_accuracy,1092,0.5
decrease,dz_pred,180,triplet_accuracy,1193,0.4
decrease,dz_pred,180,triplet_accuracy,1335,0.6
decrease,dz_pred,180,triplet_accuracy,1480,0.5
decrease,dz_pred,180,triplet_accuracy,1566,0.55
decrease,dz_pred,180,triplet_accuracy,1839,0.6
decrease,dz_pred,180,triplet_accuracy,1943,0.65
decrease,dz_pred,180,triplet_accuracy,2005,0.65
decrease,dz_pred,180,triplet_accuracy,2048,0.5
decrease,dz_pred,180,triplet_accuracy,2173,0.55
decrease,dz_pred,180,triplet_accuracy,2263,0.45
decrease,dz_pred,180,triplet_accuracy,2303,0.55
decrease,dz_pred,180,triplet_accuracy,2308,0.5
decrease,dz_pred,180,triplet_accuracy,2347,0.6
decrease,dz_pred,180,triplet_accuracy,2361,0.4
decrease,dz_pred,180,triplet_accuracy,2567,0.5
decrease,dz_pred,180,triplet_accuracy,2943,0.35
decrease,dz_pred,180,triplet_accuracy,2988,0.35
decrease,dz_pred,180,triplet_accuracy,3261,0.6
decrease,dz_pred,180,triplet_accuracy,3354,0.5
decrease,dz_pred,180,triplet_accuracy,3525,0.5
decrease,dz_pred,180,triplet_accuracy,3569,0.4
decrease,dz_pred,180,triplet_accuracy,3593,0.6
decrease,dz_pred,180,triplet_accuracy,3768,0.45
decrease,dz_pred,180,triplet_accuracy,3852,0.6
decrease,dz_pred,180,triplet_accuracy,3967,0.55
decrease,dz_pred,180,triplet_accuracy,3978,0.55
decrease,dz_pred,180,triplet_accuracy,3985,0.55
decrease,dz_pred,180,triplet_accuracy,4016,0.45
decrease,dz_pred,180,triplet_accuracy,4293,0.6
decrease,dz_pred,180,triplet_accuracy,4312,0.35
decrease,dz_pred,180,triplet_accuracy,4529,0.4
decrease,dz_pred,180,triplet_accuracy,4540,0.6
decrease,dz_pred,180,triplet_accuracy,4686,0.6
decrease,dz_pred,180,triplet_accuracy,4821,0.5
decrease,dz_pred,180,triplet_accuracy,4865,0.6
decrease,dz_pred,180,triplet_accuracy,4944,0.65
decrease,dz_pred,180,triplet_accuracy,5309,0.7
decrease,dz_pred,180,triplet_accuracy,5377,0.65
decrease,dz_pred,180,triplet_accuracy,5410,0.5
decrease,dz_pred,180,triplet_accuracy,5454,0.4
decrease,dz_pred,180,triplet_accuracy,5516,0.65
decrease,dz_pred,180,triplet_accuracy,5600,0.45
decrease,dz_pred,180,triplet_accuracy,5778,0.55
decrease,dz_pred,180,triplet_accuracy,5989,0.55
decrease,dz_pred,180,triplet_accuracy,6025,0.6
stop,dz_pred,180,BIS_same_minus_opposite_cosine,105,0.06470384945472085
stop,dz_pred,180,BIS_same_minus_opposite_cosine,348,0.05294879443115663
stop,dz_pred,180,BIS_same_minus_opposite_cosine,391,0.09120797259466995
stop,dz_pred,180,BIS_same_minus_opposite_cosine,747,0.00522981749640572
stop,dz_pred,180,BIS_same_minus_opposite_cosine,758,0.09806129932403562
stop,dz_pred,180,BIS_same_minus_opposite_cosine,877,0.2370392102183717
stop,dz_pred,180,BIS_same_minus_opposite_cosine,926,-0.12480294704437256
stop,dz_pred,180,BIS_same_minus_opposite_cosine,1092,0.10858826339244843
stop,dz_pred,180,BIS_same_minus_opposite_cosine,1193,-0.11757354214787485
stop,dz_pred,180,BIS_same_minus_opposite_cosine,1480,-0.004577999313672421
stop,dz_pred,180,BIS_same_minus_opposite_cosine,1636,0.04905824065208442
stop,dz_pred,180,BIS_same_minus_opposite_cosine,1644,-0.04512710041469992
stop,dz_pred,180,BIS_same_minus_opposite_cosine,2005,0.07136346499125157
stop,dz_pred,180,BIS_same_minus_opposite_cosine,2303,-0.41929176449775696
stop,dz_pred,180,BIS_same_minus_opposite_cosine,2361,0.018603976025725943
stop,dz_pred,180,BIS_same_minus_opposite_cosine,2567,-0.1787539631128311
stop,dz_pred,180,BIS_same_minus_opposite_cosine,2943,-0.018446162343025208
stop,dz_pred,180,BIS_same_minus_opposite_cosine,2946,0.0174678482792594
stop,dz_pred,180,BIS_same_minus_opposite_cosine,3261,-0.01460674436142051
stop,dz_pred,180,BIS_same_minus_opposite_cosine,3485,-0.05755365267395973
stop,dz_pred,180,BIS_same_minus_opposite_cosine,3525,0.025765233806201437
stop,dz_pred,180,BIS_same_minus_opposite_cosine,3593,0.11711442760295343
stop,dz_pred,180,BIS_same_minus_opposite_cosine,3613,0.009136427532542846
stop,dz_pred,180,BIS_same_minus_opposite_cosine,3967,0.12127159016601974
stop,dz_pred,180,BIS_same_minus_opposite_cosine,3976,-0.018625809500614765
stop,dz_pred,180,BIS_same_minus_opposite_cosine,4016,0.058359479738606335
stop,dz_pred,180,BIS_same_minus_opposite_cosine,4865,0.14146582533915836
stop,dz_pred,180,BIS_same_minus_opposite_cosine,4944,-0.011320364971955654
stop,dz_pred,180,BIS_same_minus_opposite_cosine,5377,-0.053375184535980225
stop,dz_pred,180,BIS_same_minus_opposite_cosine,5410,0.11864554362766677
stop,dz_pred,180,BIS_same_minus_opposite_cosine,5454,0.09244805326064426
stop,dz_pred,180,BIS_same_minus_opposite_cosine,5516,-0.11355902999639511
stop,dz_pred,180,BIS_same_minus_opposite_cosine,5600,-0.030824950171841503
stop,dz_pred,180,BIS_same_minus_opposite_cosine,5778,0.041076692087309685
stop,dz_pred,180,BIS_same_minus_opposite_cosine,5826,0.04844749470551801
stop,dz_pred,180,MAP_same_minus_opposite_cosine,105,0.06033694428024872
stop,dz_pred,180,MAP_same_minus_opposite_cosine,348,0.01815334662343515
stop,dz_pred,180,MAP_same_minus_opposite_cosine,391,-0.08846699340002873
stop,dz_pred,180,MAP_same_minus_opposite_cosine,747,-0.029299077211004332
stop,dz_pred,180,MAP_same_minus_opposite_cosine,758,0.012433883216645958
stop,dz_pred,180,MAP_same_minus_opposite_cosine,877,-0.011165793646465638
stop,dz_pred,180,MAP_same_minus_opposite_cosine,926,-0.01317662000656128
stop,dz_pred,180,MAP_same_minus_opposite_cosine,1092,0.0012680795930680722
stop,dz_pred,180,MAP_same_minus_opposite_cosine,1193,-0.13794688011209172
stop,dz_pred,180,MAP_same_minus_opposite_cosine,1480,-0.026638319094975826
stop,dz_pred,180,MAP_same_minus_opposite_cosine,1636,-0.09486521482467647
stop,dz_pred,180,MAP_same_minus_opposite_cosine,1644,0.03358628476659453
stop,dz_pred,180,MAP_same_minus_opposite_cosine,2005,0.05219484617312742
stop,dz_pred,180,MAP_same_minus_opposite_cosine,2361,-0.05750014881292975
stop,dz_pred,180,MAP_same_minus_opposite_cosine,2567,-0.06342616081237795
stop,dz_pred,180,MAP_same_minus_opposite_cosine,2943,-0.03517912115369526
stop,dz_pred,180,MAP_same_minus_opposite_cosine,2946,0.052257439742485645
stop,dz_pred,180,MAP_same_minus_opposite_cosine,3261,-0.027863973695220312
stop,dz_pred,180,MAP_same_minus_opposite_cosine,3485,-0.03151262303193414
stop,dz_pred,180,MAP_same_minus_opposite_cosine,3525,-0.0669909546772639
stop,dz_pred,180,MAP_same_minus_opposite_cosine,3593,0.21532604429456925
stop,dz_pred,180,MAP_same_minus_opposite_cosine,3613,-0.03005396055452758
stop,dz_pred,180,MAP_same_minus_opposite_cosine,3967,-0.025204415619373366
stop,dz_pred,180,MAP_same_minus_opposite_cosine,3976,0.021749277909596798
stop,dz_pred,180,MAP_same_minus_opposite_cosine,4016,-0.04502745514566253
stop,dz_pred,180,MAP_same_minus_opposite_cosine,4865,-0.006363582882014163
stop,dz_pred,180,MAP_same_minus_opposite_cosine,4944,0.09976927439371741
stop,dz_pred,180,MAP_same_minus_opposite_cosine,5377,0.17210853099822998
stop,dz_pred,180,MAP_same_minus_opposite_cosine,5410,0.008102820452415505
stop,dz_pred,180,MAP_same_minus_opposite_cosine,5454,0.0954403554399808
stop,dz_pred,180,MAP_same_minus_opposite_cosine,5516,0.08053024858236313
stop,dz_pred,180,MAP_same_minus_opposite_cosine,5600,-0.03927618016799295
stop,dz_pred,180,MAP_same_minus_opposite_cosine,5778,-0.09311986556558893
stop,dz_pred,180,MAP_same_minus_opposite_cosine,5826,0.08793699741363525
stop,dz_pred,180,triplet_accuracy,348,0.65
stop,dz_pred,180,triplet_accuracy,391,0.7
stop,dz_pred,180,triplet_accuracy,747,0.4
stop,dz_pred,180,triplet_accuracy,758,0.65
stop,dz_pred,180,triplet_accuracy,1092,0.6
stop,dz_pred,180,triplet_accuracy,1193,0.55
stop,dz_pred,180,triplet_accuracy,1480,0.6
stop,dz_pred,180,triplet_accuracy,2005,0.55
stop,dz_pred,180,triplet_accuracy,2361,0.35
stop,dz_pred,180,triplet_accuracy,2567,0.75
stop,dz_pred,180,triplet_accuracy,2943,0.55
stop,dz_pred,180,triplet_accuracy,3261,0.6
stop,dz_pred,180,triplet_accuracy,3525,0.65
stop,dz_pred,180,triplet_accuracy,3593,0.6
stop,dz_pred,180,triplet_accuracy,3967,0.55
stop,dz_pred,180,triplet_accuracy,4016,0.65
stop,dz_pred,180,triplet_accuracy,4865,0.65
stop,dz_pred,180,triplet_accuracy,4944,0.4
stop,dz_pred,180,triplet_accuracy,5377,0.7
stop,dz_pred,180,triplet_accuracy,5410,0.55
stop,dz_pred,180,triplet_accuracy,5454,0.55
stop,dz_pred,180,triplet_accuracy,5516,0.45
stop,dz_pred,180,triplet_accuracy,5600,0.5
stop,dz_pred,180,triplet_accuracy,5778,0.75
overall,dz_true,180,BIS_same_minus_opposite_cosine,105,0.6778917363534371
overall,dz_true,180,BIS_same_minus_opposite_cosine,323,0.8027578898681662
overall,dz_true,180,BIS_same_minus_opposite_cosine,348,0.6945976942839722
overall,dz_true,180,BIS_same_minus_opposite_cosine,391,0.7087264503290256
overall,dz_true,180,BIS_same_minus_opposite_cosine,683,0.7322475629548232
overall,dz_true,180,BIS_same_minus_opposite_cosine,747,0.5242800269896786
overall,dz_true,180,BIS_same_minus_opposite_cosine,750,0.6448719954428573
overall,dz_true,180,BIS_same_minus_opposite_cosine,758,0.5578617066117949
overall,dz_true,180,BIS_same_minus_opposite_cosine,843,0.5388652812482582
overall,dz_true,180,BIS_same_minus_opposite_cosine,877,0.8745256556627843
overall,dz_true,180,BIS_same_minus_opposite_cosine,926,0.5497886740319107
overall,dz_true,180,BIS_same_minus_opposite_cosine,967,0.7387962024836313
overall,dz_true,180,BIS_same_minus_opposite_cosine,992,0.809773308295934
overall,dz_true,180,BIS_same_minus_opposite_cosine,1014,0.7976015762304483
overall,dz_true,180,BIS_same_minus_opposite_cosine,1092,0.6922212824989589
overall,dz_true,180,BIS_same_minus_opposite_cosine,1193,0.8523178376926062
overall,dz_true,180,BIS_same_minus_opposite_cosine,1308,0.8355162763209254
overall,dz_true,180,BIS_same_minus_opposite_cosine,1335,0.6837736445359694
overall,dz_true,180,BIS_same_minus_opposite_cosine,1480,0.6937024853006005
overall,dz_true,180,BIS_same_minus_opposite_cosine,1566,0.7407207032576912
overall,dz_true,180,BIS_same_minus_opposite_cosine,1636,0.2926013676139215
overall,dz_true,180,BIS_same_minus_opposite_cosine,1644,0.758728115251049
overall,dz_true,180,BIS_same_minus_opposite_cosine,1839,0.6728586285478539
overall,dz_true,180,BIS_same_minus_opposite_cosine,1943,0.7303359835020578
overall,dz_true,180,BIS_same_minus_opposite_cosine,2005,0.6050195577243964
overall,dz_true,180,BIS_same_minus_opposite_cosine,2048,0.6392905627579792
overall,dz_true,180,BIS_same_minus_opposite_cosine,2173,0.7505940643449625
overall,dz_true,180,BIS_same_minus_opposite_cosine,2263,0.6664584331462781
overall,dz_true,180,BIS_same_minus_opposite_cosine,2303,0.691771945450455
overall,dz_true,180,BIS_same_minus_opposite_cosine,2308,0.7038739651900486
overall,dz_true,180,BIS_same_minus_opposite_cosine,2347,0.585535414972239
overall,dz_true,180,BIS_same_minus_opposite_cosine,2361,0.8045764900552921
overall,dz_true,180,BIS_same_minus_opposite_cosine,2567,0.6664570996227364
overall,dz_true,180,BIS_same_minus_opposite_cosine,2900,0.7961308835504146
overall,dz_true,180,BIS_same_minus_opposite_cosine,2943,0.42253285107621247
overall,dz_true,180,BIS_same_minus_opposite_cosine,2946,0.7264896267652512
overall,dz_true,180,BIS_same_minus_opposite_cosine,2988,0.7873856776842365
overall,dz_true,180,BIS_same_minus_opposite_cosine,3261,0.4353802138070265
overall,dz_true,180,BIS_same_minus_opposite_cosine,3354,0.6633331330493093
overall,dz_true,180,BIS_same_minus_opposite_cosine,3387,0.5638769793013731
overall,dz_true,180,BIS_same_minus_opposite_cosine,3485,0.6279212203416704
overall,dz_true,180,BIS_same_minus_opposite_cosine,3525,0.7036797305362092
overall,dz_true,180,BIS_same_minus_opposite_cosine,3569,0.8657452616784158
overall,dz_true,180,BIS_same_minus_opposite_cosine,3593,0.6697596279283364
overall,dz_true,180,BIS_same_minus_opposite_cosine,3613,0.9509494267881682
overall,dz_true,180,BIS_same_minus_opposite_cosine,3764,0.7643438590158309
overall,dz_true,180,BIS_same_minus_opposite_cosine,3768,0.6010268957181661
overall,dz_true,180,BIS_same_minus_opposite_cosine,3852,0.9437760485001865
overall,dz_true,180,BIS_same_minus_opposite_cosine,3967,0.6981294895976018
overall,dz_true,180,BIS_same_minus_opposite_cosine,3976,0.7406418011558277
overall,dz_true,180,BIS_same_minus_opposite_cosine,3978,0.6140432075907787
overall,dz_true,180,BIS_same_minus_opposite_cosine,3985,0.703302867578653
overall,dz_true,180,BIS_same_minus_opposite_cosine,4016,0.6438170482360182
overall,dz_true,180,BIS_same_minus_opposite_cosine,4080,0.7480438210070133
overall,dz_true,180,BIS_same_minus_opposite_cosine,4293,0.7006256983677546
overall,dz_true,180,BIS_same_minus_opposite_cosine,4312,0.6885435060908397
overall,dz_true,180,BIS_same_minus_opposite_cosine,4529,0.820442233979702
overall,dz_true,180,BIS_same_minus_opposite_cosine,4540,0.6110237585832223
overall,dz_true,180,BIS_same_minus_opposite_cosine,4638,0.695512377089333
overall,dz_true,180,BIS_same_minus_opposite_cosine,4686,0.8661992409576973
overall,dz_true,180,BIS_same_minus_opposite_cosine,4821,0.28702043943728006
overall,dz_true,180,BIS_same_minus_opposite_cosine,4865,0.6589262183755636
overall,dz_true,180,BIS_same_minus_opposite_cosine,4944,0.6893933039158583
overall,dz_true,180,BIS_same_minus_opposite_cosine,5309,0.685316221948181
overall,dz_true,180,BIS_same_minus_opposite_cosine,5377,0.9888441140866943
overall,dz_true,180,BIS_same_minus_opposite_cosine,5410,0.6510040548045699
overall,dz_true,180,BIS_same_minus_opposite_cosine,5454,0.7034290364136299
overall,dz_true,180,BIS_same_minus_opposite_cosine,5516,1.0197946901122728
overall,dz_true,180,BIS_same_minus_opposite_cosine,5600,0.6978480309247971
overall,dz_true,180,BIS_same_minus_opposite_cosine,5778,0.5809617390483618
overall,dz_true,180,BIS_same_minus_opposite_cosine,5826,0.7517713479506665
overall,dz_true,180,BIS_same_minus_opposite_cosine,5961,0.5901871901005507
overall,dz_true,180,BIS_same_minus_opposite_cosine,5989,0.8303164475044047
overall,dz_true,180,BIS_same_minus_opposite_cosine,6025,0.8274900771180789
overall,dz_true,180,MAP_same_minus_opposite_cosine,105,-0.08734973057828567
overall,dz_true,180,MAP_same_minus_opposite_cosine,323,-0.1496584652342658
overall,dz_true,180,MAP_same_minus_opposite_cosine,348,-0.17371870591663396
overall,dz_true,180,MAP_same_minus_opposite_cosine,391,0.07564273849129677
overall,dz_true,180,MAP_same_minus_opposite_cosine,683,-0.055456447255784184
overall,dz_true,180,MAP_same_minus_opposite_cosine,747,0.01053508495291074
overall,dz_true,180,MAP_same_minus_opposite_cosine,750,-0.11710952301337212
overall,dz_true,180,MAP_same_minus_opposite_cosine,758,0.07666187045474847
overall,dz_true,180,MAP_same_minus_opposite_cosine,843,0.21801850978366058
overall,dz_true,180,MAP_same_minus_opposite_cosine,877,-0.01942755690820161
overall,dz_true,180,MAP_same_minus_opposite_cosine,926,0.14629404717548328
overall,dz_true,180,MAP_same_minus_opposite_cosine,967,0.05332716998954615
overall,dz_true,180,MAP_same_minus_opposite_cosine,992,-0.17984067164361475
overall,dz_true,180,MAP_same_minus_opposite_cosine,1014,0.02911160435432043
overall,dz_true,180,MAP_same_minus_opposite_cosine,1092,-0.05620686337351799
overall,dz_true,180,MAP_same_minus_opposite_cosine,1193,0.1007356750468413
overall,dz_true,180,MAP_same_minus_opposite_cosine,1308,0.09724887609481811
overall,dz_true,180,MAP_same_minus_opposite_cosine,1335,0.03818468135414702
overall,dz_true,180,MAP_same_minus_opposite_cosine,1480,-0.04686934426426887
overall,dz_true,180,MAP_same_minus_opposite_cosine,1566,0.037220997735857964
overall,dz_true,180,MAP_same_minus_opposite_cosine,1636,0.12336645366934439
overall,dz_true,180,MAP_same_minus_opposite_cosine,1644,-0.10854506492614746
overall,dz_true,180,MAP_same_minus_opposite_cosine,1839,-0.18320487988491854
overall,dz_true,180,MAP_same_minus_opposite_cosine,1943,-0.015002565737813712
overall,dz_true,180,MAP_same_minus_opposite_cosine,2005,0.09342658343138519
overall,dz_true,180,MAP_same_minus_opposite_cosine,2048,0.09382695506016413
overall,dz_true,180,MAP_same_minus_opposite_cosine,2173,0.02040774809339872
overall,dz_true,180,MAP_same_minus_opposite_cosine,2263,0.006749359118765679
overall,dz_true,180,MAP_same_minus_opposite_cosine,2303,0.06605426725000144
overall,dz_true,180,MAP_same_minus_opposite_cosine,2308,0.13055337953070797
overall,dz_true,180,MAP_same_minus_opposite_cosine,2347,0.04017812740327655
overall,dz_true,180,MAP_same_minus_opposite_cosine,2361,0.02096330958108107
overall,dz_true,180,MAP_same_minus_opposite_cosine,2567,-0.03857594750200709
overall,dz_true,180,MAP_same_minus_opposite_cosine,2900,-0.007428392022848132
overall,dz_true,180,MAP_same_minus_opposite_cosine,2943,0.0071455249610619664
overall,dz_true,180,MAP_same_minus_opposite_cosine,2946,-0.06485713412640272
overall,dz_true,180,MAP_same_minus_opposite_cosine,2988,0.08484354860864687
overall,dz_true,180,MAP_same_minus_opposite_cosine,3261,0.1019273050351157
overall,dz_true,180,MAP_same_minus_opposite_cosine,3354,-0.10393492127649294
overall,dz_true,180,MAP_same_minus_opposite_cosine,3387,0.07674570540409714
overall,dz_true,180,MAP_same_minus_opposite_cosine,3485,0.08586685073872408
overall,dz_true,180,MAP_same_minus_opposite_cosine,3525,-0.06977529724438986
overall,dz_true,180,MAP_same_minus_opposite_cosine,3569,-0.11836613224198421
overall,dz_true,180,MAP_same_minus_opposite_cosine,3593,0.019715241266897436
overall,dz_true,180,MAP_same_minus_opposite_cosine,3613,-0.135956074098746
overall,dz_true,180,MAP_same_minus_opposite_cosine,3764,0.044411151373276
overall,dz_true,180,MAP_same_minus_opposite_cosine,3768,-0.09642744261682742
overall,dz_true,180,MAP_same_minus_opposite_cosine,3852,-0.1652465413998941
overall,dz_true,180,MAP_same_minus_opposite_cosine,3967,0.24018380338182815
overall,dz_true,180,MAP_same_minus_opposite_cosine,3976,0.18889772057533263
overall,dz_true,180,MAP_same_minus_opposite_cosine,3978,-0.18758265903570515
overall,dz_true,180,MAP_same_minus_opposite_cosine,3985,0.03821396393080552
overall,dz_true,180,MAP_same_minus_opposite_cosine,4016,-0.0012817298436815713
overall,dz_true,180,MAP_same_minus_opposite_cosine,4080,-0.047214419625344735
overall,dz_true,180,MAP_same_minus_opposite_cosine,4293,0.0032316310538185976
overall,dz_true,180,MAP_same_minus_opposite_cosine,4312,0.12169624082744121
overall,dz_true,180,MAP_same_minus_opposite_cosine,4529,-0.06525467733542124
overall,dz_true,180,MAP_same_minus_opposite_cosine,4540,0.1605695708275393
overall,dz_true,180,MAP_same_minus_opposite_cosine,4638,-0.07268711026757955
overall,dz_true,180,MAP_same_minus_opposite_cosine,4686,0.17279427802121197
overall,dz_true,180,MAP_same_minus_opposite_cosine,4821,0.12350387126207352
overall,dz_true,180,MAP_same_minus_opposite_cosine,4865,0.03435727302462627
overall,dz_true,180,MAP_same_minus_opposite_cosine,4944,0.055817497730777973
overall,dz_true,180,MAP_same_minus_opposite_cosine,5309,0.11957925261977392
overall,dz_true,180,MAP_same_minus_opposite_cosine,5377,0.054655136081079636
overall,dz_true,180,MAP_same_minus_opposite_cosine,5410,0.28344605895912367
overall,dz_true,180,MAP_same_minus_opposite_cosine,5454,0.0752281766828327
overall,dz_true,180,MAP_same_minus_opposite_cosine,5516,-0.0038748147409586736
overall,dz_true,180,MAP_same_minus_opposite_cosine,5600,-0.14316294522335132
overall,dz_true,180,MAP_same_minus_opposite_cosine,5778,-0.08626678561170895
overall,dz_true,180,MAP_same_minus_opposite_cosine,5826,-0.010919403338006547
overall,dz_true,180,MAP_same_minus_opposite_cosine,5961,0.06276930962567745
overall,dz_true,180,MAP_same_minus_opposite_cosine,5989,0.11884765206751498
overall,dz_true,180,MAP_same_minus_opposite_cosine,6025,0.08630575679529173
overall,dz_true,180,triplet_accuracy,323,0.6
overall,dz_true,180,triplet_accuracy,348,0.7833333333333333
overall,dz_true,180,triplet_accuracy,391,0.6833333333333333
overall,dz_true,180,triplet_accuracy,683,0.6333333333333333
overall,dz_true,180,triplet_accuracy,747,0.7
overall,dz_true,180,triplet_accuracy,750,0.6666666666666666
overall,dz_true,180,triplet_accuracy,758,0.7666666666666667
overall,dz_true,180,triplet_accuracy,843,0.8
overall,dz_true,180,triplet_accuracy,967,0.7166666666666667
overall,dz_true,180,triplet_accuracy,1014,0.5666666666666667
overall,dz_true,180,triplet_accuracy,1092,0.6666666666666666
overall,dz_true,180,triplet_accuracy,1193,0.6166666666666667
overall,dz_true,180,triplet_accuracy,1335,0.6666666666666666
overall,dz_true,180,triplet_accuracy,1480,0.75
overall,dz_true,180,triplet_accuracy,1566,0.6833333333333333
overall,dz_true,180,triplet_accuracy,1839,0.6333333333333333
overall,dz_true,180,triplet_accuracy,1943,0.7833333333333333
overall,dz_true,180,triplet_accuracy,2005,0.5833333333333334
overall,dz_true,180,triplet_accuracy,2048,0.7666666666666667
overall,dz_true,180,triplet_accuracy,2173,0.7
overall,dz_true,180,triplet_accuracy,2263,0.8166666666666667
overall,dz_true,180,triplet_accuracy,2303,0.7666666666666667
overall,dz_true,180,triplet_accuracy,2308,0.6666666666666666
overall,dz_true,180,triplet_accuracy,2347,0.6333333333333333
overall,dz_true,180,triplet_accuracy,2361,0.7166666666666667
overall,dz_true,180,triplet_accuracy,2567,0.7166666666666667
overall,dz_true,180,triplet_accuracy,2943,0.8166666666666667
overall,dz_true,180,triplet_accuracy,2988,0.6833333333333333
overall,dz_true,180,triplet_accuracy,3261,0.7333333333333333
overall,dz_true,180,triplet_accuracy,3354,0.7333333333333333
overall,dz_true,180,triplet_accuracy,3525,0.65
overall,dz_true,180,triplet_accuracy,3569,0.7
overall,dz_true,180,triplet_accuracy,3593,0.7166666666666667
overall,dz_true,180,triplet_accuracy,3768,0.6333333333333333
overall,dz_true,180,triplet_accuracy,3852,0.7166666666666667
overall,dz_true,180,triplet_accuracy,3967,0.7833333333333333
overall,dz_true,180,triplet_accuracy,3978,0.75
overall,dz_true,180,triplet_accuracy,3985,0.8
overall,dz_true,180,triplet_accuracy,4016,0.7
overall,dz_true,180,triplet_accuracy,4293,0.7833333333333333
overall,dz_true,180,triplet_accuracy,4312,0.7833333333333333
overall,dz_true,180,triplet_accuracy,4529,0.7833333333333333
overall,dz_true,180,triplet_accuracy,4540,0.7166666666666667
overall,dz_true,180,triplet_accuracy,4686,0.7
overall,dz_true,180,triplet_accuracy,4821,0.6666666666666666
overall,dz_true,180,triplet_accuracy,4865,0.7666666666666667
overall,dz_true,180,triplet_accuracy,4944,0.7333333333333333
overall,dz_true,180,triplet_accuracy,5309,0.65
overall,dz_true,180,triplet_accuracy,5377,0.6
overall,dz_true,180,triplet_accuracy,5410,0.6666666666666666
overall,dz_true,180,triplet_accuracy,5454,0.7166666666666667
overall,dz_true,180,triplet_accuracy,5516,0.6833333333333333
overall,dz_true,180,triplet_accuracy,5600,0.7666666666666667
overall,dz_true,180,triplet_accuracy,5778,0.7833333333333333
overall,dz_true,180,triplet_accuracy,5989,0.6833333333333333
overall,dz_true,180,triplet_accuracy,6025,0.7333333333333333
stable_action_Q1,dz_true,180,BIS_same_minus_opposite_cosine,105,0.6070090397482827
stable_action_Q1,dz_true,180,BIS_same_minus_opposite_cosine,323,0.6788112044334411
stable_action_Q1,dz_true,180,BIS_same_minus_opposite_cosine,348,1.0184217399607103
stable_action_Q1,dz_true,180,BIS_same_minus_opposite_cosine,391,0.7728890369956691
stable_action_Q1,dz_true,180,BIS_same_minus_opposite_cosine,683,1.0297493536025286
stable_action_Q1,dz_true,180,BIS_same_minus_opposite_cosine,747,0.8778839983046055
stable_action_Q1,dz_true,180,BIS_same_minus_opposite_cosine,750,0.6564154279906125
stable_action_Q1,dz_true,180,BIS_same_minus_opposite_cosine,758,1.0898493796380029
stable_action_Q1,dz_true,180,BIS_same_minus_opposite_cosine,843,0.9043991882354021
stable_action_Q1,dz_true,180,BIS_same_minus_opposite_cosine,877,0.8431244657346697
stable_action_Q1,dz_true,180,BIS_same_minus_opposite_cosine,926,0.6894115937785024
stable_action_Q1,dz_true,180,BIS_same_minus_opposite_cosine,967,0.8206877404626346
stable_action_Q1,dz_true,180,BIS_same_minus_opposite_cosine,992,0.731292414676511
stable_action_Q1,dz_true,180,BIS_same_minus_opposite_cosine,1014,0.9273269252851606
stable_action_Q1,dz_true,180,BIS_same_minus_opposite_cosine,1092,0.6263564533808015
stable_action_Q1,dz_true,180,BIS_same_minus_opposite_cosine,1193,0.6282965240793096
stable_action_Q1,dz_true,180,BIS_same_minus_opposite_cosine,1308,0.6799897640012205
stable_action_Q1,dz_true,180,BIS_same_minus_opposite_cosine,1335,0.7839795680095751
stable_action_Q1,dz_true,180,BIS_same_minus_opposite_cosine,1480,0.6004394683986902
stable_action_Q1,dz_true,180,BIS_same_minus_opposite_cosine,1566,0.9100191968803604
stable_action_Q1,dz_true,180,BIS_same_minus_opposite_cosine,1636,0.982014000415802
stable_action_Q1,dz_true,180,BIS_same_minus_opposite_cosine,1644,0.8674156524692521
stable_action_Q1,dz_true,180,BIS_same_minus_opposite_cosine,1839,0.681997896482547
stable_action_Q1,dz_true,180,BIS_same_minus_opposite_cosine,1943,0.6299582498825409
stable_action_Q1,dz_true,180,BIS_same_minus_opposite_cosine,2005,0.8058097743325763
stable_action_Q1,dz_true,180,BIS_same_minus_opposite_cosine,2048,0.7262071497117479
stable_action_Q1,dz_true,180,BIS_same_minus_opposite_cosine,2173,0.6491645683224003
stable_action_Q1,dz_true,180,BIS_same_minus_opposite_cosine,2263,0.7285162820480764
stable_action_Q1,dz_true,180,BIS_same_minus_opposite_cosine,2303,0.594104055625697
stable_action_Q1,dz_true,180,BIS_same_minus_opposite_cosine,2308,0.9489922605454921
stable_action_Q1,dz_true,180,BIS_same_minus_opposite_cosine,2347,0.9543855906360679
stable_action_Q1,dz_true,180,BIS_same_minus_opposite_cosine,2361,0.8838351654509703
stable_action_Q1,dz_true,180,BIS_same_minus_opposite_cosine,2567,0.791834631934762
stable_action_Q1,dz_true,180,BIS_same_minus_opposite_cosine,2900,1.1140078709771235
stable_action_Q1,dz_true,180,BIS_same_minus_opposite_cosine,2943,0.43227201743672294
stable_action_Q1,dz_true,180,BIS_same_minus_opposite_cosine,2946,1.0721964145700138
stable_action_Q1,dz_true,180,BIS_same_minus_opposite_cosine,2988,0.9660855877410732
stable_action_Q1,dz_true,180,BIS_same_minus_opposite_cosine,3261,0.7490790579468012
stable_action_Q1,dz_true,180,BIS_same_minus_opposite_cosine,3354,0.890672166916457
stable_action_Q1,dz_true,180,BIS_same_minus_opposite_cosine,3387,0.7596731835665802
stable_action_Q1,dz_true,180,BIS_same_minus_opposite_cosine,3485,0.811443350306063
stable_action_Q1,dz_true,180,BIS_same_minus_opposite_cosine,3525,0.9118848677192415
stable_action_Q1,dz_true,180,BIS_same_minus_opposite_cosine,3569,0.601148465493073
stable_action_Q1,dz_true,180,BIS_same_minus_opposite_cosine,3593,0.8559343696882327
stable_action_Q1,dz_true,180,BIS_same_minus_opposite_cosine,3613,0.9451062053329113
stable_action_Q1,dz_true,180,BIS_same_minus_opposite_cosine,3764,0.6201311342418194
stable_action_Q1,dz_true,180,BIS_same_minus_opposite_cosine,3768,0.5215337537229061
stable_action_Q1,dz_true,180,BIS_same_minus_opposite_cosine,3852,0.6041028066114946
stable_action_Q1,dz_true,180,BIS_same_minus_opposite_cosine,3967,0.7406720011212835
stable_action_Q1,dz_true,180,BIS_same_minus_opposite_cosine,3976,0.9008782299404794
stable_action_Q1,dz_true,180,BIS_same_minus_opposite_cosine,3978,0.8744127257830567
stable_action_Q1,dz_true,180,BIS_same_minus_opposite_cosine,3985,0.5923136744648219
stable_action_Q1,dz_true,180,BIS_same_minus_opposite_cosine,4016,0.5200309520587325
stable_action_Q1,dz_true,180,BIS_same_minus_opposite_cosine,4080,0.7090191441503438
stable_action_Q1,dz_true,180,BIS_same_minus_opposite_cosine,4293,0.9129965035244823
stable_action_Q1,dz_true,180,BIS_same_minus_opposite_cosine,4312,0.5842624648163716
stable_action_Q1,dz_true,180,BIS_same_minus_opposite_cosine,4529,0.723565185132126
stable_action_Q1,dz_true,180,BIS_same_minus_opposite_cosine,4540,0.8597129179785649
stable_action_Q1,dz_true,180,BIS_same_minus_opposite_cosine,4638,1.0197571588059267
stable_action_Q1,dz_true,180,BIS_same_minus_opposite_cosine,4686,0.6876860927376482
stable_action_Q1,dz_true,180,BIS_same_minus_opposite_cosine,4821,0.46563743970667326
stable_action_Q1,dz_true,180,BIS_same_minus_opposite_cosine,4865,0.9996842689191301
stable_action_Q1,dz_true,180,BIS_same_minus_opposite_cosine,4944,0.9238406112417579
stable_action_Q1,dz_true,180,BIS_same_minus_opposite_cosine,5309,0.7627804886239271
stable_action_Q1,dz_true,180,BIS_same_minus_opposite_cosine,5377,0.8840489121774833
stable_action_Q1,dz_true,180,BIS_same_minus_opposite_cosine,5410,0.9089783579111099
stable_action_Q1,dz_true,180,BIS_same_minus_opposite_cosine,5454,0.46315359249711036
stable_action_Q1,dz_true,180,BIS_same_minus_opposite_cosine,5516,0.754157510035756
stable_action_Q1,dz_true,180,BIS_same_minus_opposite_cosine,5600,0.48430216622849304
stable_action_Q1,dz_true,180,BIS_same_minus_opposite_cosine,5778,0.8221662238409573
stable_action_Q1,dz_true,180,BIS_same_minus_opposite_cosine,5826,0.7864642785862088
stable_action_Q1,dz_true,180,BIS_same_minus_opposite_cosine,5961,0.29509191350503405
stable_action_Q1,dz_true,180,BIS_same_minus_opposite_cosine,5989,0.8358207821253348
stable_action_Q1,dz_true,180,BIS_same_minus_opposite_cosine,6025,0.5831187461135965
stable_action_Q1,dz_true,180,MAP_same_minus_opposite_cosine,105,0.055293217833553045
stable_action_Q1,dz_true,180,MAP_same_minus_opposite_cosine,323,0.4551019753432936
stable_action_Q1,dz_true,180,MAP_same_minus_opposite_cosine,348,-0.04247337464864054
stable_action_Q1,dz_true,180,MAP_same_minus_opposite_cosine,391,-0.4171241947139303
stable_action_Q1,dz_true,180,MAP_same_minus_opposite_cosine,683,0.2212983618179957
stable_action_Q1,dz_true,180,MAP_same_minus_opposite_cosine,747,-0.2148710816647067
stable_action_Q1,dz_true,180,MAP_same_minus_opposite_cosine,750,0.26047404821623454
stable_action_Q1,dz_true,180,MAP_same_minus_opposite_cosine,758,-0.002875498806436859
stable_action_Q1,dz_true,180,MAP_same_minus_opposite_cosine,843,0.05223437398672104
stable_action_Q1,dz_true,180,MAP_same_minus_opposite_cosine,877,0.2520601462262372
stable_action_Q1,dz_true,180,MAP_same_minus_opposite_cosine,926,-0.10902856820912071
stable_action_Q1,dz_true,180,MAP_same_minus_opposite_cosine,967,-0.002813053627808884
stable_action_Q1,dz_true,180,MAP_same_minus_opposite_cosine,992,0.0269596961637338
stable_action_Q1,dz_true,180,MAP_same_minus_opposite_cosine,1014,-0.09217835602660973
stable_action_Q1,dz_true,180,MAP_same_minus_opposite_cosine,1092,0.2272408776399162
stable_action_Q1,dz_true,180,MAP_same_minus_opposite_cosine,1193,0.01763343666162756
stable_action_Q1,dz_true,180,MAP_same_minus_opposite_cosine,1308,0.2529227649793029
stable_action_Q1,dz_true,180,MAP_same_minus_opposite_cosine,1335,0.19328507035970688
stable_action_Q1,dz_true,180,MAP_same_minus_opposite_cosine,1480,0.15401417513688404
stable_action_Q1,dz_true,180,MAP_same_minus_opposite_cosine,1566,0.03285341958204906
stable_action_Q1,dz_true,180,MAP_same_minus_opposite_cosine,1636,0.7136533856391907
stable_action_Q1,dz_true,180,MAP_same_minus_opposite_cosine,1644,0.28091938781241577
stable_action_Q1,dz_true,180,MAP_same_minus_opposite_cosine,1839,0.09131976310163736
stable_action_Q1,dz_true,180,MAP_same_minus_opposite_cosine,1943,0.11732638844599326
stable_action_Q1,dz_true,180,MAP_same_minus_opposite_cosine,2005,-0.19853425476079187
stable_action_Q1,dz_true,180,MAP_same_minus_opposite_cosine,2048,-0.35429522976505035
stable_action_Q1,dz_true,180,MAP_same_minus_opposite_cosine,2173,-0.17695584481186938
stable_action_Q1,dz_true,180,MAP_same_minus_opposite_cosine,2263,-0.13471704622109734
stable_action_Q1,dz_true,180,MAP_same_minus_opposite_cosine,2303,0.2176993301589832
stable_action_Q1,dz_true,180,MAP_same_minus_opposite_cosine,2308,-0.022591199042896436
stable_action_Q1,dz_true,180,MAP_same_minus_opposite_cosine,2347,0.16009178643839228
stable_action_Q1,dz_true,180,MAP_same_minus_opposite_cosine,2361,-0.0352544743153784
stable_action_Q1,dz_true,180,MAP_same_minus_opposite_cosine,2567,0.11417357271744147
stable_action_Q1,dz_true,180,MAP_same_minus_opposite_cosine,2900,-0.056170926367243135
stable_action_Q1,dz_true,180,MAP_same_minus_opposite_cosine,2943,0.35753481555730104
stable_action_Q1,dz_true,180,MAP_same_minus_opposite_cosine,2946,-0.05985972062788076
stable_action_Q1,dz_true,180,MAP_same_minus_opposite_cosine,2988,-0.3424022292925252
stable_action_Q1,dz_true,180,MAP_same_minus_opposite_cosine,3261,-0.40817134605833527
stable_action_Q1,dz_true,180,MAP_same_minus_opposite_cosine,3354,-0.18302556324863073
stable_action_Q1,dz_true,180,MAP_same_minus_opposite_cosine,3387,0.02208933725275776
stable_action_Q1,dz_true,180,MAP_same_minus_opposite_cosine,3485,-0.12267548143863678
stable_action_Q1,dz_true,180,MAP_same_minus_opposite_cosine,3525,0.36259615421295166
stable_action_Q1,dz_true,180,MAP_same_minus_opposite_cosine,3569,0.0131502283944024
stable_action_Q1,dz_true,180,MAP_same_minus_opposite_cosine,3593,0.22951064958716885
stable_action_Q1,dz_true,180,MAP_same_minus_opposite_cosine,3613,0.11732166819274426
stable_action_Q1,dz_true,180,MAP_same_minus_opposite_cosine,3764,0.2792009422555566
stable_action_Q1,dz_true,180,MAP_same_minus_opposite_cosine,3768,-0.14841121373077232
stable_action_Q1,dz_true,180,MAP_same_minus_opposite_cosine,3852,-0.25383982683221495
stable_action_Q1,dz_true,180,MAP_same_minus_opposite_cosine,3967,0.4552454461033146
stable_action_Q1,dz_true,180,MAP_same_minus_opposite_cosine,3976,0.15578841042676658
stable_action_Q1,dz_true,180,MAP_same_minus_opposite_cosine,3978,-0.4045829546327392
stable_action_Q1,dz_true,180,MAP_same_minus_opposite_cosine,3985,0.2878842286299914
stable_action_Q1,dz_true,180,MAP_same_minus_opposite_cosine,4016,-0.24077690179858888
stable_action_Q1,dz_true,180,MAP_same_minus_opposite_cosine,4080,0.02946677160533992
stable_action_Q1,dz_true,180,MAP_same_minus_opposite_cosine,4293,-0.20952039926002422
stable_action_Q1,dz_true,180,MAP_same_minus_opposite_cosine,4312,0.2188946447438664
stable_action_Q1,dz_true,180,MAP_same_minus_opposite_cosine,4529,-0.3384070183253951
stable_action_Q1,dz_true,180,MAP_same_minus_opposite_cosine,4540,-0.003970626524339119
stable_action_Q1,dz_true,180,MAP_same_minus_opposite_cosine,4638,-0.014893113480259984
stable_action_Q1,dz_true,180,MAP_same_minus_opposite_cosine,4686,-0.1947767639067024
stable_action_Q1,dz_true,180,MAP_same_minus_opposite_cosine,4821,-0.30761330109089613
stable_action_Q1,dz_true,180,MAP_same_minus_opposite_cosine,4865,0.21242046129579345
stable_action_Q1,dz_true,180,MAP_same_minus_opposite_cosine,4944,-0.43048290215018725
stable_action_Q1,dz_true,180,MAP_same_minus_opposite_cosine,5309,-0.30960603419578436
stable_action_Q1,dz_true,180,MAP_same_minus_opposite_cosine,5377,-0.22431957129050384
stable_action_Q1,dz_true,180,MAP_same_minus_opposite_cosine,5410,-0.04437332864229879
stable_action_Q1,dz_true,180,MAP_same_minus_opposite_cosine,5454,-0.11261549374709526
stable_action_Q1,dz_true,180,MAP_same_minus_opposite_cosine,5516,0.5084493380378593
stable_action_Q1,dz_true,180,MAP_same_minus_opposite_cosine,5600,0.12711247134332854
stable_action_Q1,dz_true,180,MAP_same_minus_opposite_cosine,5778,-0.021024752873927355
stable_action_Q1,dz_true,180,MAP_same_minus_opposite_cosine,5826,-0.12142274190079083
stable_action_Q1,dz_true,180,MAP_same_minus_opposite_cosine,5961,-0.2990143535037835
stable_action_Q1,dz_true,180,MAP_same_minus_opposite_cosine,5989,0.25421352311968803
stable_action_Q1,dz_true,180,MAP_same_minus_opposite_cosine,6025,-0.08430865711222094
stable_action_Q1,dz_true,180,triplet_accuracy,323,0.75
stable_action_Q1,dz_true,180,triplet_accuracy,348,0.55
stable_action_Q1,dz_true,180,triplet_accuracy,391,0.65
stable_action_Q1,dz_true,180,triplet_accuracy,683,0.85
stable_action_Q1,dz_true,180,triplet_accuracy,747,0.6
stable_action_Q1,dz_true,180,triplet_accuracy,750,0.75
stable_action_Q1,dz_true,180,triplet_accuracy,758,0.55
stable_action_Q1,dz_true,180,triplet_accuracy,843,0.6
stable_action_Q1,dz_true,180,triplet_accuracy,967,0.8
stable_action_Q1,dz_true,180,triplet_accuracy,1014,0.7
stable_action_Q1,dz_true,180,triplet_accuracy,1092,0.8
stable_action_Q1,dz_true,180,triplet_accuracy,1193,0.75
stable_action_Q1,dz_true,180,triplet_accuracy,1335,0.75
stable_action_Q1,dz_true,180,triplet_accuracy,1480,0.55
stable_action_Q1,dz_true,180,triplet_accuracy,1566,0.8
stable_action_Q1,dz_true,180,triplet_accuracy,1839,0.8
stable_action_Q1,dz_true,180,triplet_accuracy,1943,0.55
stable_action_Q1,dz_true,180,triplet_accuracy,2005,0.75
stable_action_Q1,dz_true,180,triplet_accuracy,2048,0.65
stable_action_Q1,dz_true,180,triplet_accuracy,2173,0.75
stable_action_Q1,dz_true,180,triplet_accuracy,2263,0.9
stable_action_Q1,dz_true,180,triplet_accuracy,2303,0.75
stable_action_Q1,dz_true,180,triplet_accuracy,2308,0.6
stable_action_Q1,dz_true,180,triplet_accuracy,2347,0.65
stable_action_Q1,dz_true,180,triplet_accuracy,2361,0.55
stable_action_Q1,dz_true,180,triplet_accuracy,2567,0.75
stable_action_Q1,dz_true,180,triplet_accuracy,2943,0.7
stable_action_Q1,dz_true,180,triplet_accuracy,2988,0.85
stable_action_Q1,dz_true,180,triplet_accuracy,3261,0.65
stable_action_Q1,dz_true,180,triplet_accuracy,3354,0.8
stable_action_Q1,dz_true,180,triplet_accuracy,3525,0.9
stable_action_Q1,dz_true,180,triplet_accuracy,3569,0.7
stable_action_Q1,dz_true,180,triplet_accuracy,3593,0.75
stable_action_Q1,dz_true,180,triplet_accuracy,3768,0.6
stable_action_Q1,dz_true,180,triplet_accuracy,3852,0.85
stable_action_Q1,dz_true,180,triplet_accuracy,3967,0.65
stable_action_Q1,dz_true,180,triplet_accuracy,3978,0.8
stable_action_Q1,dz_true,180,triplet_accuracy,3985,0.65
stable_action_Q1,dz_true,180,triplet_accuracy,4016,0.65
stable_action_Q1,dz_true,180,triplet_accuracy,4293,0.85
stable_action_Q1,dz_true,180,triplet_accuracy,4312,0.75
stable_action_Q1,dz_true,180,triplet_accuracy,4529,0.65
stable_action_Q1,dz_true,180,triplet_accuracy,4540,0.65
stable_action_Q1,dz_true,180,triplet_accuracy,4686,0.65
stable_action_Q1,dz_true,180,triplet_accuracy,4821,0.75
stable_action_Q1,dz_true,180,triplet_accuracy,4865,0.5
stable_action_Q1,dz_true,180,triplet_accuracy,4944,0.9
stable_action_Q1,dz_true,180,triplet_accuracy,5309,0.85
stable_action_Q1,dz_true,180,triplet_accuracy,5377,0.7
stable_action_Q1,dz_true,180,triplet_accuracy,5410,0.75
stable_action_Q1,dz_true,180,triplet_accuracy,5454,0.6
stable_action_Q1,dz_true,180,triplet_accuracy,5516,0.8
stable_action_Q1,dz_true,180,triplet_accuracy,5600,0.85
stable_action_Q1,dz_true,180,triplet_accuracy,5778,0.7
stable_action_Q1,dz_true,180,triplet_accuracy,5989,0.8
stable_action_Q1,dz_true,180,triplet_accuracy,6025,0.6
Q4,dz_true,180,BIS_same_minus_opposite_cosine,105,0.5885258699456851
Q4,dz_true,180,BIS_same_minus_opposite_cosine,323,0.4223113249366482
Q4,dz_true,180,BIS_same_minus_opposite_cosine,348,0.6332727110747135
Q4,dz_true,180,BIS_same_minus_opposite_cosine,391,0.5862642657011747
Q4,dz_true,180,BIS_same_minus_opposite_cosine,683,0.5680523857474327
Q4,dz_true,180,BIS_same_minus_opposite_cosine,747,0.30326409081956657
Q4,dz_true,180,BIS_same_minus_opposite_cosine,750,0.4766863647641407
Q4,dz_true,180,BIS_same_minus_opposite_cosine,758,0.4944362385819355
Q4,dz_true,180,BIS_same_minus_opposite_cosine,843,0.24881412813233006
Q4,dz_true,180,BIS_same_minus_opposite_cosine,877,0.547214136275491
Q4,dz_true,180,BIS_same_minus_opposite_cosine,926,0.6241670772433281
Q4,dz_true,180,BIS_same_minus_opposite_cosine,967,0.40075890140400994
Q4,dz_true,180,BIS_same_minus_opposite_cosine,992,0.6330881569195878
Q4,dz_true,180,BIS_same_minus_opposite_cosine,1014,0.6934385009109973
Q4,dz_true,180,BIS_same_minus_opposite_cosine,1092,0.44768984181185567
Q4,dz_true,180,BIS_same_minus_opposite_cosine,1193,0.5168268891672293
Q4,dz_true,180,BIS_same_minus_opposite_cosine,1308,0.5880238210613078
Q4,dz_true,180,BIS_same_minus_opposite_cosine,1335,0.49110313660154736
Q4,dz_true,180,BIS_same_minus_opposite_cosine,1480,0.4635715834570654
Q4,dz_true,180,BIS_same_minus_opposite_cosine,1566,0.6082825479520992
Q4,dz_true,180,BIS_same_minus_opposite_cosine,1636,0.2574446977426609
Q4,dz_true,180,BIS_same_minus_opposite_cosine,1644,0.6502469884175243
Q4,dz_true,180,BIS_same_minus_opposite_cosine,1839,0.39382325588828987
Q4,dz_true,180,BIS_same_minus_opposite_cosine,1943,0.42392683765363126
Q4,dz_true,180,BIS_same_minus_opposite_cosine,2005,0.4958698719739914
Q4,dz_true,180,BIS_same_minus_opposite_cosine,2048,0.674187666633063
Q4,dz_true,180,BIS_same_minus_opposite_cosine,2173,0.7442355524127682
Q4,dz_true,180,BIS_same_minus_opposite_cosine,2263,0.35154539957228637
Q4,dz_true,180,BIS_same_minus_opposite_cosine,2303,0.29616065944234526
Q4,dz_true,180,BIS_same_minus_opposite_cosine,2308,0.6484973598271608
Q4,dz_true,180,BIS_same_minus_opposite_cosine,2347,0.47690438851714134
Q4,dz_true,180,BIS_same_minus_opposite_cosine,2361,0.6686847179507216
Q4,dz_true,180,BIS_same_minus_opposite_cosine,2567,0.5126575492839847
Q4,dz_true,180,BIS_same_minus_opposite_cosine,2900,0.6176063981321123
Q4,dz_true,180,BIS_same_minus_opposite_cosine,2943,0.424403223519524
Q4,dz_true,180,BIS_same_minus_opposite_cosine,2946,0.5337761725919942
Q4,dz_true,180,BIS_same_minus_opposite_cosine,2988,0.44422023532291255
Q4,dz_true,180,BIS_same_minus_opposite_cosine,3261,0.5430332458944935
Q4,dz_true,180,BIS_same_minus_opposite_cosine,3354,0.5818253569304943
Q4,dz_true,180,BIS_same_minus_opposite_cosine,3387,0.3431070697390371
Q4,dz_true,180,BIS_same_minus_opposite_cosine,3485,0.5137652469178041
Q4,dz_true,180,BIS_same_minus_opposite_cosine,3525,0.5345224987884813
Q4,dz_true,180,BIS_same_minus_opposite_cosine,3569,0.754160999151116
Q4,dz_true,180,BIS_same_minus_opposite_cosine,3593,0.40716583964725334
Q4,dz_true,180,BIS_same_minus_opposite_cosine,3613,0.48495910011909227
Q4,dz_true,180,BIS_same_minus_opposite_cosine,3764,0.6540932856838811
Q4,dz_true,180,BIS_same_minus_opposite_cosine,3768,0.5751142258445422
Q4,dz_true,180,BIS_same_minus_opposite_cosine,3852,0.21676211276402077
Q4,dz_true,180,BIS_same_minus_opposite_cosine,3967,0.5326235784838597
Q4,dz_true,180,BIS_same_minus_opposite_cosine,3976,0.6431791740987036
Q4,dz_true,180,BIS_same_minus_opposite_cosine,3978,0.32835564141472184
Q4,dz_true,180,BIS_same_minus_opposite_cosine,3985,0.7346971520326204
Q4,dz_true,180,BIS_same_minus_opposite_cosine,4016,0.6663037023196617
Q4,dz_true,180,BIS_same_minus_opposite_cosine,4080,0.42503117894132936
Q4,dz_true,180,BIS_same_minus_opposite_cosine,4293,0.5534497064848741
Q4,dz_true,180,BIS_same_minus_opposite_cosine,4312,0.5862540875871977
Q4,dz_true,180,BIS_same_minus_opposite_cosine,4529,0.5857033403590322
Q4,dz_true,180,BIS_same_minus_opposite_cosine,4540,0.4947265171601127
Q4,dz_true,180,BIS_same_minus_opposite_cosine,4638,0.6038242801177232
Q4,dz_true,180,BIS_same_minus_opposite_cosine,4686,0.5427895487483704
Q4,dz_true,180,BIS_same_minus_opposite_cosine,4821,0.2650804814572136
Q4,dz_true,180,BIS_same_minus_opposite_cosine,4865,0.5717943721789528
Q4,dz_true,180,BIS_same_minus_opposite_cosine,4944,0.5440530978764098
Q4,dz_true,180,BIS_same_minus_opposite_cosine,5309,0.41682931439330184
Q4,dz_true,180,BIS_same_minus_opposite_cosine,5377,0.6784500720289846
Q4,dz_true,180,BIS_same_minus_opposite_cosine,5410,0.4467451884928677
Q4,dz_true,180,BIS_same_minus_opposite_cosine,5454,0.8618632647575755
Q4,dz_true,180,BIS_same_minus_opposite_cosine,5516,0.7170518355237113
Q4,dz_true,180,BIS_same_minus_opposite_cosine,5600,0.4193887104176812
Q4,dz_true,180,BIS_same_minus_opposite_cosine,5778,0.41800198341823286
Q4,dz_true,180,BIS_same_minus_opposite_cosine,5826,0.535683629516926
Q4,dz_true,180,BIS_same_minus_opposite_cosine,5961,0.4828609342997273
Q4,dz_true,180,BIS_same_minus_opposite_cosine,5989,0.5907121527319154
Q4,dz_true,180,BIS_same_minus_opposite_cosine,6025,0.4291817042976618
Q4,dz_true,180,MAP_same_minus_opposite_cosine,105,0.08192285377946165
Q4,dz_true,180,MAP_same_minus_opposite_cosine,323,-0.2891384915759166
Q4,dz_true,180,MAP_same_minus_opposite_cosine,348,-0.06310407243048152
Q4,dz_true,180,MAP_same_minus_opposite_cosine,391,-0.10711110724757114
Q4,dz_true,180,MAP_same_minus_opposite_cosine,683,-0.09562674550605672
Q4,dz_true,180,MAP_same_minus_opposite_cosine,747,0.021544346472982208
Q4,dz_true,180,MAP_same_minus_opposite_cosine,750,0.11985320470888507
Q4,dz_true,180,MAP_same_minus_opposite_cosine,758,-0.05100932971884808
Q4,dz_true,180,MAP_same_minus_opposite_cosine,843,0.035591624521960824
Q4,dz_true,180,MAP_same_minus_opposite_cosine,877,0.23139798449295937
Q4,dz_true,180,MAP_same_minus_opposite_cosine,926,-0.031949016138572595
Q4,dz_true,180,MAP_same_minus_opposite_cosine,967,-0.12550821751356125
Q4,dz_true,180,MAP_same_minus_opposite_cosine,992,0.2930769136796395
Q4,dz_true,180,MAP_same_minus_opposite_cosine,1014,0.304437686316669
Q4,dz_true,180,MAP_same_minus_opposite_cosine,1092,0.2420798610895872
Q4,dz_true,180,MAP_same_minus_opposite_cosine,1193,0.09977040506367173
Q4,dz_true,180,MAP_same_minus_opposite_cosine,1308,0.2517875528922587
Q4,dz_true,180,MAP_same_minus_opposite_cosine,1335,0.13773962224109304
Q4,dz_true,180,MAP_same_minus_opposite_cosine,1480,-0.2022301707360329
Q4,dz_true,180,MAP_same_minus_opposite_cosine,1566,-0.14910585644344487
Q4,dz_true,180,MAP_same_minus_opposite_cosine,1636,0.27768894998977584
Q4,dz_true,180,MAP_same_minus_opposite_cosine,1644,-0.09405772510746663
Q4,dz_true,180,MAP_same_minus_opposite_cosine,1839,-0.25146583727363386
Q4,dz_true,180,MAP_same_minus_opposite_cosine,1943,-0.04880372801739158
Q4,dz_true,180,MAP_same_minus_opposite_cosine,2005,0.09100041242147033
Q4,dz_true,180,MAP_same_minus_opposite_cosine,2048,-0.2004260933647553
Q4,dz_true,180,MAP_same_minus_opposite_cosine,2173,0.08249638771468942
Q4,dz_true,180,MAP_same_minus_opposite_cosine,2263,-0.20595347123841445
Q4,dz_true,180,MAP_same_minus_opposite_cosine,2303,0.16531863632245047
Q4,dz_true,180,MAP_same_minus_opposite_cosine,2308,-0.09765537890295188
Q4,dz_true,180,MAP_same_minus_opposite_cosine,2347,0.08544718256841102
Q4,dz_true,180,MAP_same_minus_opposite_cosine,2361,0.2048848934302276
Q4,dz_true,180,MAP_same_minus_opposite_cosine,2567,0.060984766731659576
Q4,dz_true,180,MAP_same_minus_opposite_cosine,2900,0.020521053837405323
Q4,dz_true,180,MAP_same_minus_opposite_cosine,2943,-0.2909016835813721
Q4,dz_true,180,MAP_same_minus_opposite_cosine,2946,0.08302604981387654
Q4,dz_true,180,MAP_same_minus_opposite_cosine,2988,0.3280574008822441
Q4,dz_true,180,MAP_same_minus_opposite_cosine,3261,0.12289966829121114
Q4,dz_true,180,MAP_same_minus_opposite_cosine,3354,0.21924513950943947
Q4,dz_true,180,MAP_same_minus_opposite_cosine,3387,0.09684699488182862
Q4,dz_true,180,MAP_same_minus_opposite_cosine,3485,-0.0557497547318538
Q4,dz_true,180,MAP_same_minus_opposite_cosine,3525,0.09339721823732058
Q4,dz_true,180,MAP_same_minus_opposite_cosine,3569,-0.1132938460757335
Q4,dz_true,180,MAP_same_minus_opposite_cosine,3593,0.040861297895510997
Q4,dz_true,180,MAP_same_minus_opposite_cosine,3613,-0.03723777489115794
Q4,dz_true,180,MAP_same_minus_opposite_cosine,3764,0.21182213271302835
Q4,dz_true,180,MAP_same_minus_opposite_cosine,3768,0.01220768667531736
Q4,dz_true,180,MAP_same_minus_opposite_cosine,3852,0.08697052827725808
Q4,dz_true,180,MAP_same_minus_opposite_cosine,3967,0.0592491589486599
Q4,dz_true,180,MAP_same_minus_opposite_cosine,3976,-0.08482662571424787
Q4,dz_true,180,MAP_same_minus_opposite_cosine,3978,0.10470954490204652
Q4,dz_true,180,MAP_same_minus_opposite_cosine,3985,0.006539014083417977
Q4,dz_true,180,MAP_same_minus_opposite_cosine,4016,0.1765166542521029
Q4,dz_true,180,MAP_same_minus_opposite_cosine,4080,0.09474521471808353
Q4,dz_true,180,MAP_same_minus_opposite_cosine,4293,-0.08947437765697638
Q4,dz_true,180,MAP_same_minus_opposite_cosine,4312,-0.1382375961790482
Q4,dz_true,180,MAP_same_minus_opposite_cosine,4529,0.027886574579910797
Q4,dz_true,180,MAP_same_minus_opposite_cosine,4540,-0.17813738544161123
Q4,dz_true,180,MAP_same_minus_opposite_cosine,4638,0.06762244664132595
Q4,dz_true,180,MAP_same_minus_opposite_cosine,4686,0.0003105926016966354
Q4,dz_true,180,MAP_same_minus_opposite_cosine,4821,0.1846283639470736
Q4,dz_true,180,MAP_same_minus_opposite_cosine,4865,-0.06779423848528301
Q4,dz_true,180,MAP_same_minus_opposite_cosine,4944,-0.22846780570619035
Q4,dz_true,180,MAP_same_minus_opposite_cosine,5309,0.008814895525574684
Q4,dz_true,180,MAP_same_minus_opposite_cosine,5377,0.0646441522985697
Q4,dz_true,180,MAP_same_minus_opposite_cosine,5410,0.07066821306943893
Q4,dz_true,180,MAP_same_minus_opposite_cosine,5454,0.037454147258717
Q4,dz_true,180,MAP_same_minus_opposite_cosine,5516,0.08124824635910265
Q4,dz_true,180,MAP_same_minus_opposite_cosine,5600,-0.06956508366221731
Q4,dz_true,180,MAP_same_minus_opposite_cosine,5778,0.07528510174403588
Q4,dz_true,180,MAP_same_minus_opposite_cosine,5826,0.30079862766080734
Q4,dz_true,180,MAP_same_minus_opposite_cosine,5961,0.005197406407784336
Q4,dz_true,180,MAP_same_minus_opposite_cosine,5989,-0.005141634866595274
Q4,dz_true,180,MAP_same_minus_opposite_cosine,6025,0.15573241923832232
Q4,dz_true,180,triplet_accuracy,323,0.55
Q4,dz_true,180,triplet_accuracy,348,0.6
Q4,dz_true,180,triplet_accuracy,391,0.55
Q4,dz_true,180,triplet_accuracy,683,0.7
Q4,dz_true,180,triplet_accuracy,747,0.6
Q4,dz_true,180,triplet_accuracy,750,0.8
Q4,dz_true,180,triplet_accuracy,758,0.7
Q4,dz_true,180,triplet_accuracy,843,0.6
Q4,dz_true,180,triplet_accuracy,967,0.9
Q4,dz_true,180,triplet_accuracy,1014,0.5
Q4,dz_true,180,triplet_accuracy,1092,0.6
Q4,dz_true,180,triplet_accuracy,1193,0.85
Q4,dz_true,180,triplet_accuracy,1335,0.6
Q4,dz_true,180,triplet_accuracy,1480,0.7
Q4,dz_true,180,triplet_accuracy,1566,0.55
Q4,dz_true,180,triplet_accuracy,1839,0.65
Q4,dz_true,180,triplet_accuracy,1943,0.8
Q4,dz_true,180,triplet_accuracy,2005,0.8
Q4,dz_true,180,triplet_accuracy,2048,0.8
Q4,dz_true,180,triplet_accuracy,2173,0.8
Q4,dz_true,180,triplet_accuracy,2263,0.5
Q4,dz_true,180,triplet_accuracy,2303,0.8
Q4,dz_true,180,triplet_accuracy,2308,0.8
Q4,dz_true,180,triplet_accuracy,2347,0.85
Q4,dz_true,180,triplet_accuracy,2361,0.7
Q4,dz_true,180,triplet_accuracy,2567,0.8
Q4,dz_true,180,triplet_accuracy,2943,0.75
Q4,dz_true,180,triplet_accuracy,2988,0.8
Q4,dz_true,180,triplet_accuracy,3261,0.85
Q4,dz_true,180,triplet_accuracy,3354,0.75
Q4,dz_true,180,triplet_accuracy,3525,0.7
Q4,dz_true,180,triplet_accuracy,3569,0.65
Q4,dz_true,180,triplet_accuracy,3593,0.6
Q4,dz_true,180,triplet_accuracy,3768,0.7
Q4,dz_true,180,triplet_accuracy,3852,0.75
Q4,dz_true,180,triplet_accuracy,3967,0.65
Q4,dz_true,180,triplet_accuracy,3978,0.7
Q4,dz_true,180,triplet_accuracy,3985,0.65
Q4,dz_true,180,triplet_accuracy,4016,0.85
Q4,dz_true,180,triplet_accuracy,4293,0.6
Q4,dz_true,180,triplet_accuracy,4312,0.85
Q4,dz_true,180,triplet_accuracy,4529,0.7
Q4,dz_true,180,triplet_accuracy,4540,0.55
Q4,dz_true,180,triplet_accuracy,4686,0.6
Q4,dz_true,180,triplet_accuracy,4821,0.6
Q4,dz_true,180,triplet_accuracy,4865,0.9
Q4,dz_true,180,triplet_accuracy,4944,0.75
Q4,dz_true,180,triplet_accuracy,5309,0.8
Q4,dz_true,180,triplet_accuracy,5377,0.75
Q4,dz_true,180,triplet_accuracy,5410,0.7
Q4,dz_true,180,triplet_accuracy,5454,0.65
Q4,dz_true,180,triplet_accuracy,5516,0.75
Q4,dz_true,180,triplet_accuracy,5600,0.35
Q4,dz_true,180,triplet_accuracy,5778,0.75
Q4,dz_true,180,triplet_accuracy,5989,0.85
Q4,dz_true,180,triplet_accuracy,6025,0.75
upcoming_large_intervention,dz_true,180,BIS_same_minus_opposite_cosine,105,0.650727058450381
upcoming_large_intervention,dz_true,180,BIS_same_minus_opposite_cosine,323,0.584017537596325
upcoming_large_intervention,dz_true,180,BIS_same_minus_opposite_cosine,348,0.3271415243235727
upcoming_large_intervention,dz_true,180,BIS_same_minus_opposite_cosine,391,0.40227395345767336
upcoming_large_intervention,dz_true,180,BIS_same_minus_opposite_cosine,683,0.5242742493635777
upcoming_large_intervention,dz_true,180,BIS_same_minus_opposite_cosine,747,0.5787904418327592
upcoming_large_intervention,dz_true,180,BIS_same_minus_opposite_cosine,750,0.5652435297767321
upcoming_large_intervention,dz_true,180,BIS_same_minus_opposite_cosine,758,0.6358388342866392
upcoming_large_intervention,dz_true,180,BIS_same_minus_opposite_cosine,843,0.4728305277725061
upcoming_large_intervention,dz_true,180,BIS_same_minus_opposite_cosine,877,0.4862354344716578
upcoming_large_intervention,dz_true,180,BIS_same_minus_opposite_cosine,926,0.6337076115111511
upcoming_large_intervention,dz_true,180,BIS_same_minus_opposite_cosine,967,0.39507465757843524
upcoming_large_intervention,dz_true,180,BIS_same_minus_opposite_cosine,992,0.5882675506174564
upcoming_large_intervention,dz_true,180,BIS_same_minus_opposite_cosine,1014,0.6653565648717411
upcoming_large_intervention,dz_true,180,BIS_same_minus_opposite_cosine,1092,0.42130820406600833
upcoming_large_intervention,dz_true,180,BIS_same_minus_opposite_cosine,1193,0.6300309251373013
upcoming_large_intervention,dz_true,180,BIS_same_minus_opposite_cosine,1308,0.8074231740002604
upcoming_large_intervention,dz_true,180,BIS_same_minus_opposite_cosine,1335,0.44474562319616473
upcoming_large_intervention,dz_true,180,BIS_same_minus_opposite_cosine,1480,0.592799532537659
upcoming_large_intervention,dz_true,180,BIS_same_minus_opposite_cosine,1566,0.2522863282426966
upcoming_large_intervention,dz_true,180,BIS_same_minus_opposite_cosine,1636,0.6067240106463996
upcoming_large_intervention,dz_true,180,BIS_same_minus_opposite_cosine,1644,0.7104575276995699
upcoming_large_intervention,dz_true,180,BIS_same_minus_opposite_cosine,1839,0.2675636859521979
upcoming_large_intervention,dz_true,180,BIS_same_minus_opposite_cosine,1943,0.5621895312021176
upcoming_large_intervention,dz_true,180,BIS_same_minus_opposite_cosine,2005,0.6344446481515964
upcoming_large_intervention,dz_true,180,BIS_same_minus_opposite_cosine,2048,0.7616024987602776
upcoming_large_intervention,dz_true,180,BIS_same_minus_opposite_cosine,2173,0.5735725307216246
upcoming_large_intervention,dz_true,180,BIS_same_minus_opposite_cosine,2263,0.4072960771930715
upcoming_large_intervention,dz_true,180,BIS_same_minus_opposite_cosine,2303,0.8351983589430649
upcoming_large_intervention,dz_true,180,BIS_same_minus_opposite_cosine,2308,0.5822144150733948
upcoming_large_intervention,dz_true,180,BIS_same_minus_opposite_cosine,2347,0.5124349719844759
upcoming_large_intervention,dz_true,180,BIS_same_minus_opposite_cosine,2361,0.7167134423824875
upcoming_large_intervention,dz_true,180,BIS_same_minus_opposite_cosine,2567,0.7353680835415919
upcoming_large_intervention,dz_true,180,BIS_same_minus_opposite_cosine,2900,0.6691942972441514
upcoming_large_intervention,dz_true,180,BIS_same_minus_opposite_cosine,2943,0.3164867438996831
upcoming_large_intervention,dz_true,180,BIS_same_minus_opposite_cosine,2946,0.6438357525251128
upcoming_large_intervention,dz_true,180,BIS_same_minus_opposite_cosine,2988,0.4371563344064987
upcoming_large_intervention,dz_true,180,BIS_same_minus_opposite_cosine,3261,0.7364500158212401
upcoming_large_intervention,dz_true,180,BIS_same_minus_opposite_cosine,3354,0.37932708098863566
upcoming_large_intervention,dz_true,180,BIS_same_minus_opposite_cosine,3387,0.4901253556776227
upcoming_large_intervention,dz_true,180,BIS_same_minus_opposite_cosine,3485,0.375914187481006
upcoming_large_intervention,dz_true,180,BIS_same_minus_opposite_cosine,3525,0.49578829435631633
upcoming_large_intervention,dz_true,180,BIS_same_minus_opposite_cosine,3569,0.48512523658573625
upcoming_large_intervention,dz_true,180,BIS_same_minus_opposite_cosine,3593,0.45058358522752917
upcoming_large_intervention,dz_true,180,BIS_same_minus_opposite_cosine,3613,0.690547891582052
upcoming_large_intervention,dz_true,180,BIS_same_minus_opposite_cosine,3764,0.6625078462177154
upcoming_large_intervention,dz_true,180,BIS_same_minus_opposite_cosine,3768,0.7428800123433272
upcoming_large_intervention,dz_true,180,BIS_same_minus_opposite_cosine,3852,0.5074231525262197
upcoming_large_intervention,dz_true,180,BIS_same_minus_opposite_cosine,3967,0.5959325451403856
upcoming_large_intervention,dz_true,180,BIS_same_minus_opposite_cosine,3976,0.7593109247585137
upcoming_large_intervention,dz_true,180,BIS_same_minus_opposite_cosine,3978,0.5846014361828565
upcoming_large_intervention,dz_true,180,BIS_same_minus_opposite_cosine,3985,0.4999139164057043
upcoming_large_intervention,dz_true,180,BIS_same_minus_opposite_cosine,4016,0.1886231042444706
upcoming_large_intervention,dz_true,180,BIS_same_minus_opposite_cosine,4080,0.4006154855402807
upcoming_large_intervention,dz_true,180,BIS_same_minus_opposite_cosine,4293,0.46987691719197866
upcoming_large_intervention,dz_true,180,BIS_same_minus_opposite_cosine,4312,0.40833973698318005
upcoming_large_intervention,dz_true,180,BIS_same_minus_opposite_cosine,4529,0.44325665639092526
upcoming_large_intervention,dz_true,180,BIS_same_minus_opposite_cosine,4540,0.4602013391753038
upcoming_large_intervention,dz_true,180,BIS_same_minus_opposite_cosine,4638,0.2899025631033712
upcoming_large_intervention,dz_true,180,BIS_same_minus_opposite_cosine,4686,0.5385835833960411
upcoming_large_intervention,dz_true,180,BIS_same_minus_opposite_cosine,4821,0.33206570693150617
upcoming_large_intervention,dz_true,180,BIS_same_minus_opposite_cosine,4865,0.5906139186611681
upcoming_large_intervention,dz_true,180,BIS_same_minus_opposite_cosine,4944,0.33345060682657995
upcoming_large_intervention,dz_true,180,BIS_same_minus_opposite_cosine,5309,0.545685711119211
upcoming_large_intervention,dz_true,180,BIS_same_minus_opposite_cosine,5377,0.7603052868084474
upcoming_large_intervention,dz_true,180,BIS_same_minus_opposite_cosine,5410,0.43770109409732477
upcoming_large_intervention,dz_true,180,BIS_same_minus_opposite_cosine,5454,0.5050558983037869
upcoming_large_intervention,dz_true,180,BIS_same_minus_opposite_cosine,5516,0.5163776759961338
upcoming_large_intervention,dz_true,180,BIS_same_minus_opposite_cosine,5600,0.5105791374420127
upcoming_large_intervention,dz_true,180,BIS_same_minus_opposite_cosine,5778,0.40211790675918263
upcoming_large_intervention,dz_true,180,BIS_same_minus_opposite_cosine,5826,0.5136045111343265
upcoming_large_intervention,dz_true,180,BIS_same_minus_opposite_cosine,5961,0.4670259024044781
upcoming_large_intervention,dz_true,180,BIS_same_minus_opposite_cosine,5989,0.6770998052217894
upcoming_large_intervention,dz_true,180,BIS_same_minus_opposite_cosine,6025,0.32635478974517546
upcoming_large_intervention,dz_true,180,MAP_same_minus_opposite_cosine,105,0.20909068981806436
upcoming_large_intervention,dz_true,180,MAP_same_minus_opposite_cosine,323,0.11197636611759662
upcoming_large_intervention,dz_true,180,MAP_same_minus_opposite_cosine,348,0.012400353327393528
upcoming_large_intervention,dz_true,180,MAP_same_minus_opposite_cosine,391,0.2609015054823387
upcoming_large_intervention,dz_true,180,MAP_same_minus_opposite_cosine,683,-0.040544434140125915
upcoming_large_intervention,dz_true,180,MAP_same_minus_opposite_cosine,747,0.30313756195546104
upcoming_large_intervention,dz_true,180,MAP_same_minus_opposite_cosine,750,0.0276794202738639
upcoming_large_intervention,dz_true,180,MAP_same_minus_opposite_cosine,758,0.16652791656440857
upcoming_large_intervention,dz_true,180,MAP_same_minus_opposite_cosine,843,0.22633052346381274
upcoming_large_intervention,dz_true,180,MAP_same_minus_opposite_cosine,877,0.16326817373434704
upcoming_large_intervention,dz_true,180,MAP_same_minus_opposite_cosine,926,0.3309335752079884
upcoming_large_intervention,dz_true,180,MAP_same_minus_opposite_cosine,967,0.11103033398588498
upcoming_large_intervention,dz_true,180,MAP_same_minus_opposite_cosine,992,0.07895461643735568
upcoming_large_intervention,dz_true,180,MAP_same_minus_opposite_cosine,1014,-0.12032728083431721
upcoming_large_intervention,dz_true,180,MAP_same_minus_opposite_cosine,1092,-0.16632163538738634
upcoming_large_intervention,dz_true,180,MAP_same_minus_opposite_cosine,1193,-0.06283661598960559
upcoming_large_intervention,dz_true,180,MAP_same_minus_opposite_cosine,1308,-0.31146293923710333
upcoming_large_intervention,dz_true,180,MAP_same_minus_opposite_cosine,1335,-0.16449377449850242
upcoming_large_intervention,dz_true,180,MAP_same_minus_opposite_cosine,1480,-0.21258746397991976
upcoming_large_intervention,dz_true,180,MAP_same_minus_opposite_cosine,1566,0.19237640655289093
upcoming_large_intervention,dz_true,180,MAP_same_minus_opposite_cosine,1636,0.13952436567180687
upcoming_large_intervention,dz_true,180,MAP_same_minus_opposite_cosine,1644,-0.1342732799098347
upcoming_large_intervention,dz_true,180,MAP_same_minus_opposite_cosine,1839,0.13142879754304887
upcoming_large_intervention,dz_true,180,MAP_same_minus_opposite_cosine,1943,0.038596953067815666
upcoming_large_intervention,dz_true,180,MAP_same_minus_opposite_cosine,2005,0.20087777208536864
upcoming_large_intervention,dz_true,180,MAP_same_minus_opposite_cosine,2048,0.2575161145586107
upcoming_large_intervention,dz_true,180,MAP_same_minus_opposite_cosine,2173,-0.21911354552051338
upcoming_large_intervention,dz_true,180,MAP_same_minus_opposite_cosine,2263,0.16420176487770818
upcoming_large_intervention,dz_true,180,MAP_same_minus_opposite_cosine,2303,-0.25735320954894025
upcoming_large_intervention,dz_true,180,MAP_same_minus_opposite_cosine,2308,-0.027619969720641763
upcoming_large_intervention,dz_true,180,MAP_same_minus_opposite_cosine,2347,0.030561260879039764
upcoming_large_intervention,dz_true,180,MAP_same_minus_opposite_cosine,2361,0.13102942456801733
upcoming_large_intervention,dz_true,180,MAP_same_minus_opposite_cosine,2567,0.08645899035036564
upcoming_large_intervention,dz_true,180,MAP_same_minus_opposite_cosine,2900,0.16166107316190997
upcoming_large_intervention,dz_true,180,MAP_same_minus_opposite_cosine,2943,-0.20292774422301185
upcoming_large_intervention,dz_true,180,MAP_same_minus_opposite_cosine,2946,-0.09848695263887444
upcoming_large_intervention,dz_true,180,MAP_same_minus_opposite_cosine,2988,-0.20879231486469507
upcoming_large_intervention,dz_true,180,MAP_same_minus_opposite_cosine,3261,-0.11116448255876699
upcoming_large_intervention,dz_true,180,MAP_same_minus_opposite_cosine,3354,-0.2443411014974117
upcoming_large_intervention,dz_true,180,MAP_same_minus_opposite_cosine,3387,0.3300770387674371
upcoming_large_intervention,dz_true,180,MAP_same_minus_opposite_cosine,3485,0.21799243469205168
upcoming_large_intervention,dz_true,180,MAP_same_minus_opposite_cosine,3525,0.1873153065952162
upcoming_large_intervention,dz_true,180,MAP_same_minus_opposite_cosine,3569,-0.21508820435653128
upcoming_large_intervention,dz_true,180,MAP_same_minus_opposite_cosine,3593,-0.03932603804225271
upcoming_large_intervention,dz_true,180,MAP_same_minus_opposite_cosine,3613,-0.1422946783196595
upcoming_large_intervention,dz_true,180,MAP_same_minus_opposite_cosine,3764,-0.18633409962058067
upcoming_large_intervention,dz_true,180,MAP_same_minus_opposite_cosine,3768,0.3427798438817263
upcoming_large_intervention,dz_true,180,MAP_same_minus_opposite_cosine,3852,0.23146975940714282
upcoming_large_intervention,dz_true,180,MAP_same_minus_opposite_cosine,3967,0.00922927102356246
upcoming_large_intervention,dz_true,180,MAP_same_minus_opposite_cosine,3976,-0.1476411166911324
upcoming_large_intervention,dz_true,180,MAP_same_minus_opposite_cosine,3978,0.12079523529180072
upcoming_large_intervention,dz_true,180,MAP_same_minus_opposite_cosine,3985,0.15823454803062809
upcoming_large_intervention,dz_true,180,MAP_same_minus_opposite_cosine,4016,0.11770909414626658
upcoming_large_intervention,dz_true,180,MAP_same_minus_opposite_cosine,4080,-0.07656296387766345
upcoming_large_intervention,dz_true,180,MAP_same_minus_opposite_cosine,4293,0.2663740016933944
upcoming_large_intervention,dz_true,180,MAP_same_minus_opposite_cosine,4312,0.04359980012205514
upcoming_large_intervention,dz_true,180,MAP_same_minus_opposite_cosine,4529,-0.043980813274780914
upcoming_large_intervention,dz_true,180,MAP_same_minus_opposite_cosine,4540,0.2397311841448148
upcoming_large_intervention,dz_true,180,MAP_same_minus_opposite_cosine,4638,-0.2909900670250257
upcoming_large_intervention,dz_true,180,MAP_same_minus_opposite_cosine,4686,0.5264428481459618
upcoming_large_intervention,dz_true,180,MAP_same_minus_opposite_cosine,4821,0.22338751573680027
upcoming_large_intervention,dz_true,180,MAP_same_minus_opposite_cosine,4865,-0.04763585049659014
upcoming_large_intervention,dz_true,180,MAP_same_minus_opposite_cosine,4944,-0.37122886162251234
upcoming_large_intervention,dz_true,180,MAP_same_minus_opposite_cosine,5309,-0.10915472231466661
upcoming_large_intervention,dz_true,180,MAP_same_minus_opposite_cosine,5377,-0.17841771468520165
upcoming_large_intervention,dz_true,180,MAP_same_minus_opposite_cosine,5410,0.13831152534112334
upcoming_large_intervention,dz_true,180,MAP_same_minus_opposite_cosine,5454,0.13803120329976082
upcoming_large_intervention,dz_true,180,MAP_same_minus_opposite_cosine,5516,-0.17847931012511253
upcoming_large_intervention,dz_true,180,MAP_same_minus_opposite_cosine,5600,0.10769864350246887
upcoming_large_intervention,dz_true,180,MAP_same_minus_opposite_cosine,5778,0.04851537374215144
upcoming_large_intervention,dz_true,180,MAP_same_minus_opposite_cosine,5826,0.08381452814986308
upcoming_large_intervention,dz_true,180,MAP_same_minus_opposite_cosine,5961,-0.12185470567959727
upcoming_large_intervention,dz_true,180,MAP_same_minus_opposite_cosine,5989,-0.073703084141016
upcoming_large_intervention,dz_true,180,MAP_same_minus_opposite_cosine,6025,-0.07774465618034203
upcoming_large_intervention,dz_true,180,triplet_accuracy,323,0.8
upcoming_large_intervention,dz_true,180,triplet_accuracy,348,0.75
upcoming_large_intervention,dz_true,180,triplet_accuracy,391,0.65
upcoming_large_intervention,dz_true,180,triplet_accuracy,683,0.65
upcoming_large_intervention,dz_true,180,triplet_accuracy,747,0.6
upcoming_large_intervention,dz_true,180,triplet_accuracy,750,0.4
upcoming_large_intervention,dz_true,180,triplet_accuracy,758,0.55
upcoming_large_intervention,dz_true,180,triplet_accuracy,843,0.7
upcoming_large_intervention,dz_true,180,triplet_accuracy,967,0.65
upcoming_large_intervention,dz_true,180,triplet_accuracy,1014,0.65
upcoming_large_intervention,dz_true,180,triplet_accuracy,1092,0.9
upcoming_large_intervention,dz_true,180,triplet_accuracy,1193,0.65
upcoming_large_intervention,dz_true,180,triplet_accuracy,1335,0.75
upcoming_large_intervention,dz_true,180,triplet_accuracy,1480,0.8
upcoming_large_intervention,dz_true,180,triplet_accuracy,1566,0.7
upcoming_large_intervention,dz_true,180,triplet_accuracy,1839,0.65
upcoming_large_intervention,dz_true,180,triplet_accuracy,1943,0.6
upcoming_large_intervention,dz_true,180,triplet_accuracy,2005,0.7
upcoming_large_intervention,dz_true,180,triplet_accuracy,2048,0.7
upcoming_large_intervention,dz_true,180,triplet_accuracy,2173,0.7
upcoming_large_intervention,dz_true,180,triplet_accuracy,2263,0.75
upcoming_large_intervention,dz_true,180,triplet_accuracy,2303,0.85
upcoming_large_intervention,dz_true,180,triplet_accuracy,2308,0.55
upcoming_large_intervention,dz_true,180,triplet_accuracy,2347,0.65
upcoming_large_intervention,dz_true,180,triplet_accuracy,2361,0.85
upcoming_large_intervention,dz_true,180,triplet_accuracy,2567,0.75
upcoming_large_intervention,dz_true,180,triplet_accuracy,2943,0.7
upcoming_large_intervention,dz_true,180,triplet_accuracy,2988,0.45
upcoming_large_intervention,dz_true,180,triplet_accuracy,3261,0.75
upcoming_large_intervention,dz_true,180,triplet_accuracy,3354,0.85
upcoming_large_intervention,dz_true,180,triplet_accuracy,3525,0.9
upcoming_large_intervention,dz_true,180,triplet_accuracy,3569,0.7
upcoming_large_intervention,dz_true,180,triplet_accuracy,3593,0.8
upcoming_large_intervention,dz_true,180,triplet_accuracy,3768,0.6
upcoming_large_intervention,dz_true,180,triplet_accuracy,3852,0.8
upcoming_large_intervention,dz_true,180,triplet_accuracy,3967,0.65
upcoming_large_intervention,dz_true,180,triplet_accuracy,3978,0.7
upcoming_large_intervention,dz_true,180,triplet_accuracy,3985,0.85
upcoming_large_intervention,dz_true,180,triplet_accuracy,4016,0.55
upcoming_large_intervention,dz_true,180,triplet_accuracy,4293,0.6
upcoming_large_intervention,dz_true,180,triplet_accuracy,4312,0.7
upcoming_large_intervention,dz_true,180,triplet_accuracy,4529,0.8
upcoming_large_intervention,dz_true,180,triplet_accuracy,4540,0.75
upcoming_large_intervention,dz_true,180,triplet_accuracy,4686,0.7
upcoming_large_intervention,dz_true,180,triplet_accuracy,4821,0.6
upcoming_large_intervention,dz_true,180,triplet_accuracy,4865,0.8
upcoming_large_intervention,dz_true,180,triplet_accuracy,4944,0.85
upcoming_large_intervention,dz_true,180,triplet_accuracy,5309,0.65
upcoming_large_intervention,dz_true,180,triplet_accuracy,5377,0.5
upcoming_large_intervention,dz_true,180,triplet_accuracy,5410,0.7
upcoming_large_intervention,dz_true,180,triplet_accuracy,5454,0.7
upcoming_large_intervention,dz_true,180,triplet_accuracy,5516,0.55
upcoming_large_intervention,dz_true,180,triplet_accuracy,5600,0.55
upcoming_large_intervention,dz_true,180,triplet_accuracy,5778,0.7
upcoming_large_intervention,dz_true,180,triplet_accuracy,5989,0.75
upcoming_large_intervention,dz_true,180,triplet_accuracy,6025,0.5
initiation,dz_true,180,BIS_same_minus_opposite_cosine,105,0.4020623033584067
initiation,dz_true,180,BIS_same_minus_opposite_cosine,323,0.6634748599181572
initiation,dz_true,180,BIS_same_minus_opposite_cosine,348,0.37627650056743905
initiation,dz_true,180,BIS_same_minus_opposite_cosine,391,0.467637848522928
initiation,dz_true,180,BIS_same_minus_opposite_cosine,683,0.6911018575457009
initiation,dz_true,180,BIS_same_minus_opposite_cosine,747,0.18435238008246277
initiation,dz_true,180,BIS_same_minus_opposite_cosine,750,0.4759251299935083
initiation,dz_true,180,BIS_same_minus_opposite_cosine,758,0.5593160354377081
initiation,dz_true,180,BIS_same_minus_opposite_cosine,843,0.5000213551024596
initiation,dz_true,180,BIS_same_minus_opposite_cosine,877,0.723768493273493
initiation,dz_true,180,BIS_same_minus_opposite_cosine,926,0.6832360935143449
initiation,dz_true,180,BIS_same_minus_opposite_cosine,967,0.5337373446673155
initiation,dz_true,180,BIS_same_minus_opposite_cosine,992,0.7211065677305063
initiation,dz_true,180,BIS_same_minus_opposite_cosine,1014,0.5381004110430226
initiation,dz_true,180,BIS_same_minus_opposite_cosine,1092,0.3051234216074504
initiation,dz_true,180,BIS_same_minus_opposite_cosine,1193,0.6006497523436943
initiation,dz_true,180,BIS_same_minus_opposite_cosine,1308,0.5792406659121766
initiation,dz_true,180,BIS_same_minus_opposite_cosine,1335,0.46945545775815845
initiation,dz_true,180,BIS_same_minus_opposite_cosine,1480,0.35867534478505453
initiation,dz_true,180,BIS_same_minus_opposite_cosine,1566,0.4283257477606336
initiation,dz_true,180,BIS_same_minus_opposite_cosine,1636,0.43727045607837767
initiation,dz_true,180,BIS_same_minus_opposite_cosine,1644,0.7510096407184998
initiation,dz_true,180,BIS_same_minus_opposite_cosine,1839,0.4141488684341311
initiation,dz_true,180,BIS_same_minus_opposite_cosine,1943,0.7010561090075609
initiation,dz_true,180,BIS_same_minus_opposite_cosine,2005,0.426645207994928
initiation,dz_true,180,BIS_same_minus_opposite_cosine,2048,0.3868448191632827
initiation,dz_true,180,BIS_same_minus_opposite_cosine,2173,0.5108833348171579
initiation,dz_true,180,BIS_same_minus_opposite_cosine,2263,0.7541035567720731
initiation,dz_true,180,BIS_same_minus_opposite_cosine,2303,0.5429104260084304
initiation,dz_true,180,BIS_same_minus_opposite_cosine,2308,0.43973798201315933
initiation,dz_true,180,BIS_same_minus_opposite_cosine,2347,0.7449696333232252
initiation,dz_true,180,BIS_same_minus_opposite_cosine,2361,0.5929138086115321
initiation,dz_true,180,BIS_same_minus_opposite_cosine,2567,0.6761426233996948
initiation,dz_true,180,BIS_same_minus_opposite_cosine,2900,0.45676377850274247
initiation,dz_true,180,BIS_same_minus_opposite_cosine,2943,0.6284598059952259
initiation,dz_true,180,BIS_same_minus_opposite_cosine,2946,0.616498592744271
initiation,dz_true,180,BIS_same_minus_opposite_cosine,2988,0.8037803236564451
initiation,dz_true,180,BIS_same_minus_opposite_cosine,3354,0.7021987710825421
initiation,dz_true,180,BIS_same_minus_opposite_cosine,3387,0.3270524359929065
initiation,dz_true,180,BIS_same_minus_opposite_cosine,3485,0.3497639542652501
initiation,dz_true,180,BIS_same_minus_opposite_cosine,3525,0.5158497548916123
initiation,dz_true,180,BIS_same_minus_opposite_cosine,3569,0.7036298324664434
initiation,dz_true,180,BIS_same_minus_opposite_cosine,3593,0.3390592124313116
initiation,dz_true,180,BIS_same_minus_opposite_cosine,3613,0.43067477936997556
initiation,dz_true,180,BIS_same_minus_opposite_cosine,3764,0.67391994556017
initiation,dz_true,180,BIS_same_minus_opposite_cosine,3768,0.6481020098664996
initiation,dz_true,180,BIS_same_minus_opposite_cosine,3852,0.5834003624816736
initiation,dz_true,180,BIS_same_minus_opposite_cosine,3967,0.4230911520620187
initiation,dz_true,180,BIS_same_minus_opposite_cosine,3976,0.625462016556412
initiation,dz_true,180,BIS_same_minus_opposite_cosine,3978,0.5316180282582839
initiation,dz_true,180,BIS_same_minus_opposite_cosine,3985,0.6110064399739106
initiation,dz_true,180,BIS_same_minus_opposite_cosine,4016,0.5906713201353947
initiation,dz_true,180,BIS_same_minus_opposite_cosine,4080,0.5853040876487892
initiation,dz_true,180,BIS_same_minus_opposite_cosine,4293,0.6387641428772247
initiation,dz_true,180,BIS_same_minus_opposite_cosine,4312,0.20363380739258394
initiation,dz_true,180,BIS_same_minus_opposite_cosine,4540,0.5573194883481571
initiation,dz_true,180,BIS_same_minus_opposite_cosine,4638,0.43563746412595117
initiation,dz_true,180,BIS_same_minus_opposite_cosine,4686,0.6649395989874999
initiation,dz_true,180,BIS_same_minus_opposite_cosine,4865,0.6915246995561051
initiation,dz_true,180,BIS_same_minus_opposite_cosine,4944,0.42153226977421177
initiation,dz_true,180,BIS_same_minus_opposite_cosine,5309,0.5978648335983356
initiation,dz_true,180,BIS_same_minus_opposite_cosine,5377,0.765338871628046
initiation,dz_true,180,BIS_same_minus_opposite_cosine,5410,0.17831336344695753
initiation,dz_true,180,BIS_same_minus_opposite_cosine,5454,0.6445584719379742
initiation,dz_true,180,BIS_same_minus_opposite_cosine,5516,0.4546568463778212
initiation,dz_true,180,BIS_same_minus_opposite_cosine,5600,0.5457643841703732
initiation,dz_true,180,BIS_same_minus_opposite_cosine,5778,0.3361131052176158
initiation,dz_true,180,BIS_same_minus_opposite_cosine,5826,0.5642386013641953
initiation,dz_true,180,BIS_same_minus_opposite_cosine,5961,0.1869778549298644
initiation,dz_true,180,BIS_same_minus_opposite_cosine,5989,0.508982215584679
initiation,dz_true,180,BIS_same_minus_opposite_cosine,6025,0.4475911169623335
initiation,dz_true,180,MAP_same_minus_opposite_cosine,105,-0.10979893495977829
initiation,dz_true,180,MAP_same_minus_opposite_cosine,323,0.32393184024840593
initiation,dz_true,180,MAP_same_minus_opposite_cosine,348,0.0014817418643470748
initiation,dz_true,180,MAP_same_minus_opposite_cosine,391,0.036194092594087124
initiation,dz_true,180,MAP_same_minus_opposite_cosine,683,0.14832829911675718
initiation,dz_true,180,MAP_same_minus_opposite_cosine,747,-0.08557589836418629
initiation,dz_true,180,MAP_same_minus_opposite_cosine,750,-0.26397924637421966
initiation,dz_true,180,MAP_same_minus_opposite_cosine,758,0.16874429099261762
initiation,dz_true,180,MAP_same_minus_opposite_cosine,843,-0.03266581711137578
initiation,dz_true,180,MAP_same_minus_opposite_cosine,877,0.21865411711235838
initiation,dz_true,180,MAP_same_minus_opposite_cosine,926,-0.06986517210801443
initiation,dz_true,180,MAP_same_minus_opposite_cosine,967,0.06024418542669578
initiation,dz_true,180,MAP_same_minus_opposite_cosine,992,-0.06684060133993626
initiation,dz_true,180,MAP_same_minus_opposite_cosine,1014,0.016142571189751223
initiation,dz_true,180,MAP_same_minus_opposite_cosine,1092,0.004526897954444109
initiation,dz_true,180,MAP_same_minus_opposite_cosine,1193,0.08662916409472624
initiation,dz_true,180,MAP_same_minus_opposite_cosine,1308,0.047900638698289796
initiation,dz_true,180,MAP_same_minus_opposite_cosine,1335,0.026736425028906927
initiation,dz_true,180,MAP_same_minus_opposite_cosine,1480,-0.14240557998418807
initiation,dz_true,180,MAP_same_minus_opposite_cosine,1566,-0.08395486350425266
initiation,dz_true,180,MAP_same_minus_opposite_cosine,1636,-0.05794703091184299
initiation,dz_true,180,MAP_same_minus_opposite_cosine,1644,-0.2874712289517952
initiation,dz_true,180,MAP_same_minus_opposite_cosine,1839,-0.033026850330784466
initiation,dz_true,180,MAP_same_minus_opposite_cosine,1943,-0.017870335642135502
initiation,dz_true,180,MAP_same_minus_opposite_cosine,2005,-0.23515818485369283
initiation,dz_true,180,MAP_same_minus_opposite_cosine,2048,0.19799163399471176
initiation,dz_true,180,MAP_same_minus_opposite_cosine,2173,0.001230421963901747
initiation,dz_true,180,MAP_same_minus_opposite_cosine,2263,0.11598460351427396
initiation,dz_true,180,MAP_same_minus_opposite_cosine,2303,-0.07937163128517569
initiation,dz_true,180,MAP_same_minus_opposite_cosine,2308,0.07494427729398012
initiation,dz_true,180,MAP_same_minus_opposite_cosine,2347,-0.08436357739071051
initiation,dz_true,180,MAP_same_minus_opposite_cosine,2361,-0.05576439822713533
initiation,dz_true,180,MAP_same_minus_opposite_cosine,2567,-0.08153800526633859
initiation,dz_true,180,MAP_same_minus_opposite_cosine,2900,0.21550489912430446
initiation,dz_true,180,MAP_same_minus_opposite_cosine,2943,-0.03405435935904583
initiation,dz_true,180,MAP_same_minus_opposite_cosine,2946,0.20012871729153575
initiation,dz_true,180,MAP_same_minus_opposite_cosine,2988,0.1879281885921955
initiation,dz_true,180,MAP_same_minus_opposite_cosine,3354,0.04185394446055095
initiation,dz_true,180,MAP_same_minus_opposite_cosine,3387,-0.186615828735133
initiation,dz_true,180,MAP_same_minus_opposite_cosine,3485,-0.225839266287429
initiation,dz_true,180,MAP_same_minus_opposite_cosine,3525,-0.16215465155740577
initiation,dz_true,180,MAP_same_minus_opposite_cosine,3569,0.13250751902038851
initiation,dz_true,180,MAP_same_minus_opposite_cosine,3593,0.04102618029961983
initiation,dz_true,180,MAP_same_minus_opposite_cosine,3613,0.10957930444015397
initiation,dz_true,180,MAP_same_minus_opposite_cosine,3764,0.1886898433168729
initiation,dz_true,180,MAP_same_minus_opposite_cosine,3768,0.01969456198540601
initiation,dz_true,180,MAP_same_minus_opposite_cosine,3852,0.02292338324089846
initiation,dz_true,180,MAP_same_minus_opposite_cosine,3967,-0.031925971806049336
initiation,dz_true,180,MAP_same_minus_opposite_cosine,3976,-0.41075542786469066
initiation,dz_true,180,MAP_same_minus_opposite_cosine,3978,0.15662396730234227
initiation,dz_true,180,MAP_same_minus_opposite_cosine,3985,0.0001545747121175136
initiation,dz_true,180,MAP_same_minus_opposite_cosine,4016,-0.014588986579893215
initiation,dz_true,180,MAP_same_minus_opposite_cosine,4080,-0.035618344865118466
initiation,dz_true,180,MAP_same_minus_opposite_cosine,4293,-0.2717295003434022
initiation,dz_true,180,MAP_same_minus_opposite_cosine,4312,0.018722353503108025
initiation,dz_true,180,MAP_same_minus_opposite_cosine,4540,0.051642951462417847
initiation,dz_true,180,MAP_same_minus_opposite_cosine,4638,0.22297535153726736
initiation,dz_true,180,MAP_same_minus_opposite_cosine,4686,-0.01138788430641095
initiation,dz_true,180,MAP_same_minus_opposite_cosine,4865,0.0014379533628622598
initiation,dz_true,180,MAP_same_minus_opposite_cosine,4944,0.02451333951092128
initiation,dz_true,180,MAP_same_minus_opposite_cosine,5309,0.21809541458884873
initiation,dz_true,180,MAP_same_minus_opposite_cosine,5377,0.08339249071749774
initiation,dz_true,180,MAP_same_minus_opposite_cosine,5410,0.1923458271970352
initiation,dz_true,180,MAP_same_minus_opposite_cosine,5454,0.06822677267094454
initiation,dz_true,180,MAP_same_minus_opposite_cosine,5516,-0.1887077451683581
initiation,dz_true,180,MAP_same_minus_opposite_cosine,5600,-0.04345125487695138
initiation,dz_true,180,MAP_same_minus_opposite_cosine,5778,-0.08549626053056934
initiation,dz_true,180,MAP_same_minus_opposite_cosine,5826,-0.031132046878337857
initiation,dz_true,180,MAP_same_minus_opposite_cosine,5961,-0.16073096382685684
initiation,dz_true,180,MAP_same_minus_opposite_cosine,5989,0.04744712170213461
initiation,dz_true,180,MAP_same_minus_opposite_cosine,6025,0.19657710380852222
initiation,dz_true,180,triplet_accuracy,323,0.8
initiation,dz_true,180,triplet_accuracy,348,0.6
initiation,dz_true,180,triplet_accuracy,391,0.85
initiation,dz_true,180,triplet_accuracy,683,0.7
initiation,dz_true,180,triplet_accuracy,747,0.65
initiation,dz_true,180,triplet_accuracy,750,0.7
initiation,dz_true,180,triplet_accuracy,758,0.65
initiation,dz_true,180,triplet_accuracy,843,0.65
initiation,dz_true,180,triplet_accuracy,967,0.75
initiation,dz_true,180,triplet_accuracy,1014,0.8
initiation,dz_true,180,triplet_accuracy,1092,0.65
initiation,dz_true,180,triplet_accuracy,1193,0.8
initiation,dz_true,180,triplet_accuracy,1335,0.85
initiation,dz_true,180,triplet_accuracy,1480,0.8
initiation,dz_true,180,triplet_accuracy,1566,0.6
initiation,dz_true,180,triplet_accuracy,1839,0.85
initiation,dz_true,180,triplet_accuracy,1943,0.85
initiation,dz_true,180,triplet_accuracy,2005,0.65
initiation,dz_true,180,triplet_accuracy,2048,0.85
initiation,dz_true,180,triplet_accuracy,2173,0.9
initiation,dz_true,180,triplet_accuracy,2263,0.9
initiation,dz_true,180,triplet_accuracy,2303,0.55
initiation,dz_true,180,triplet_accuracy,2308,0.85
initiation,dz_true,180,triplet_accuracy,2347,0.55
initiation,dz_true,180,triplet_accuracy,2361,0.55
initiation,dz_true,180,triplet_accuracy,2567,0.7
initiation,dz_true,180,triplet_accuracy,2943,0.85
initiation,dz_true,180,triplet_accuracy,2988,0.55
initiation,dz_true,180,triplet_accuracy,3354,0.65
initiation,dz_true,180,triplet_accuracy,3525,0.45
initiation,dz_true,180,triplet_accuracy,3569,0.8
initiation,dz_true,180,triplet_accuracy,3593,0.7
initiation,dz_true,180,triplet_accuracy,3768,0.55
initiation,dz_true,180,triplet_accuracy,3852,0.85
initiation,dz_true,180,triplet_accuracy,3967,0.75
initiation,dz_true,180,triplet_accuracy,3978,0.4
initiation,dz_true,180,triplet_accuracy,3985,0.7
initiation,dz_true,180,triplet_accuracy,4016,0.6
initiation,dz_true,180,triplet_accuracy,4293,0.55
initiation,dz_true,180,triplet_accuracy,4312,0.7
initiation,dz_true,180,triplet_accuracy,4540,0.85
initiation,dz_true,180,triplet_accuracy,4686,0.8
initiation,dz_true,180,triplet_accuracy,4865,0.8
initiation,dz_true,180,triplet_accuracy,4944,0.65
initiation,dz_true,180,triplet_accuracy,5309,0.8
initiation,dz_true,180,triplet_accuracy,5377,0.8
initiation,dz_true,180,triplet_accuracy,5410,0.7
initiation,dz_true,180,triplet_accuracy,5454,0.7
initiation,dz_true,180,triplet_accuracy,5516,0.8
initiation,dz_true,180,triplet_accuracy,5600,0.65
initiation,dz_true,180,triplet_accuracy,5778,0.8
initiation,dz_true,180,triplet_accuracy,5989,0.6
initiation,dz_true,180,triplet_accuracy,6025,0.75
increase,dz_true,180,BIS_same_minus_opposite_cosine,105,0.5049738753587008
increase,dz_true,180,BIS_same_minus_opposite_cosine,323,0.6779410243034363
increase,dz_true,180,BIS_same_minus_opposite_cosine,348,0.4573511019574873
increase,dz_true,180,BIS_same_minus_opposite_cosine,391,0.5001531759784981
increase,dz_true,180,BIS_same_minus_opposite_cosine,683,0.7001886153311441
increase,dz_true,180,BIS_same_minus_opposite_cosine,747,0.3608993006249269
increase,dz_true,180,BIS_same_minus_opposite_cosine,750,0.6787153920158744
increase,dz_true,180,BIS_same_minus_opposite_cosine,758,0.5405018590390682
increase,dz_true,180,BIS_same_minus_opposite_cosine,843,0.6149626644328237
increase,dz_true,180,BIS_same_minus_opposite_cosine,877,0.47978560291230676
increase,dz_true,180,BIS_same_minus_opposite_cosine,926,0.7539014787102739
increase,dz_true,180,BIS_same_minus_opposite_cosine,967,0.6872601984068751
increase,dz_true,180,BIS_same_minus_opposite_cosine,992,0.4272418736687137
increase,dz_true,180,BIS_same_minus_opposite_cosine,1092,0.45748049388861367
increase,dz_true,180,BIS_same_minus_opposite_cosine,1193,0.4433281307833062
increase,dz_true,180,BIS_same_minus_opposite_cosine,1308,0.7793530871470769
increase,dz_true,180,BIS_same_minus_opposite_cosine,1335,0.6817896587567197
increase,dz_true,180,BIS_same_minus_opposite_cosine,1480,0.5119821360955635
increase,dz_true,180,BIS_same_minus_opposite_cosine,1566,0.19271523614103594
increase,dz_true,180,BIS_same_minus_opposite_cosine,1636,0.37658264103035133
increase,dz_true,180,BIS_same_minus_opposite_cosine,1644,0.8556129932403564
increase,dz_true,180,BIS_same_minus_opposite_cosine,1943,0.858500039142867
increase,dz_true,180,BIS_same_minus_opposite_cosine,2005,0.6553661165138085
increase,dz_true,180,BIS_same_minus_opposite_cosine,2048,0.5257396032412847
increase,dz_true,180,BIS_same_minus_opposite_cosine,2173,0.41640608943998814
increase,dz_true,180,BIS_same_minus_opposite_cosine,2263,0.7658376324300964
increase,dz_true,180,BIS_same_minus_opposite_cosine,2303,0.6274260771771272
increase,dz_true,180,BIS_same_minus_opposite_cosine,2308,0.5293435061971347
increase,dz_true,180,BIS_same_minus_opposite_cosine,2361,0.6752746167282264
increase,dz_true,180,BIS_same_minus_opposite_cosine,2567,0.6102542393473964
increase,dz_true,180,BIS_same_minus_opposite_cosine,2900,0.5160847042376796
increase,dz_true,180,BIS_same_minus_opposite_cosine,2943,0.42023221527536714
increase,dz_true,180,BIS_same_minus_opposite_cosine,2946,0.6024545813261559
increase,dz_true,180,BIS_same_minus_opposite_cosine,3261,0.45001928911854827
increase,dz_true,180,BIS_same_minus_opposite_cosine,3354,0.604301645523972
increase,dz_true,180,BIS_same_minus_opposite_cosine,3387,0.3541399619231621
increase,dz_true,180,BIS_same_minus_opposite_cosine,3485,0.4664895435174306
increase,dz_true,180,BIS_same_minus_opposite_cosine,3525,0.49482313752400153
increase,dz_true,180,BIS_same_minus_opposite_cosine,3593,1.033828853070736
increase,dz_true,180,BIS_same_minus_opposite_cosine,3613,0.6135185410579045
increase,dz_true,180,BIS_same_minus_opposite_cosine,3768,0.6034434592266651
increase,dz_true,180,BIS_same_minus_opposite_cosine,3852,0.4661548249423504
increase,dz_true,180,BIS_same_minus_opposite_cosine,3967,0.6853853004674118
increase,dz_true,180,BIS_same_minus_opposite_cosine,3976,0.6664970653188047
increase,dz_true,180,BIS_same_minus_opposite_cosine,3978,0.3126175259381081
increase,dz_true,180,BIS_same_minus_opposite_cosine,3985,0.5568424510459105
increase,dz_true,180,BIS_same_minus_opposite_cosine,4016,0.14559732894930574
increase,dz_true,180,BIS_same_minus_opposite_cosine,4080,0.35985479645785834
increase,dz_true,180,BIS_same_minus_opposite_cosine,4293,0.5540281776338816
increase,dz_true,180,BIS_same_minus_opposite_cosine,4312,0.3880135847876469
increase,dz_true,180,BIS_same_minus_opposite_cosine,4529,0.3632292453613546
increase,dz_true,180,BIS_same_minus_opposite_cosine,4540,0.6733659700387054
increase,dz_true,180,BIS_same_minus_opposite_cosine,4638,0.7249762940530975
increase,dz_true,180,BIS_same_minus_opposite_cosine,4686,0.6047839183981221
increase,dz_true,180,BIS_same_minus_opposite_cosine,4821,0.28661396919439236
increase,dz_true,180,BIS_same_minus_opposite_cosine,4865,0.4657861134884032
increase,dz_true,180,BIS_same_minus_opposite_cosine,4944,0.6223559528589249
increase,dz_true,180,BIS_same_minus_opposite_cosine,5309,0.6017982447519898
increase,dz_true,180,BIS_same_minus_opposite_cosine,5377,0.6167201527366133
increase,dz_true,180,BIS_same_minus_opposite_cosine,5410,0.19087868183851242
increase,dz_true,180,BIS_same_minus_opposite_cosine,5454,0.4113658033311367
increase,dz_true,180,BIS_same_minus_opposite_cosine,5516,0.7425693751623232
increase,dz_true,180,BIS_same_minus_opposite_cosine,5600,0.5156271343843803
increase,dz_true,180,BIS_same_minus_opposite_cosine,5778,0.7313231418892328
increase,dz_true,180,BIS_same_minus_opposite_cosine,5826,0.9804499552895625
increase,dz_true,180,BIS_same_minus_opposite_cosine,5961,0.528296288413306
increase,dz_true,180,BIS_same_minus_opposite_cosine,5989,0.40831665591233307
increase,dz_true,180,MAP_same_minus_opposite_cosine,105,0.08193735225182591
increase,dz_true,180,MAP_same_minus_opposite_cosine,323,0.24187079246974352
increase,dz_true,180,MAP_same_minus_opposite_cosine,348,0.24138336268564065
increase,dz_true,180,MAP_same_minus_opposite_cosine,391,0.11268526113902529
increase,dz_true,180,MAP_same_minus_opposite_cosine,683,-0.20352400057017803
increase,dz_true,180,MAP_same_minus_opposite_cosine,747,0.1687337787201007
increase,dz_true,180,MAP_same_minus_opposite_cosine,750,0.2367283929929589
increase,dz_true,180,MAP_same_minus_opposite_cosine,758,0.04113147997607788
increase,dz_true,180,MAP_same_minus_opposite_cosine,843,0.14218034567029186
increase,dz_true,180,MAP_same_minus_opposite_cosine,877,0.10296703491247061
increase,dz_true,180,MAP_same_minus_opposite_cosine,926,0.12385688981775081
increase,dz_true,180,MAP_same_minus_opposite_cosine,967,-0.07804624487956364
increase,dz_true,180,MAP_same_minus_opposite_cosine,992,-0.12436913512647152
increase,dz_true,180,MAP_same_minus_opposite_cosine,1092,-0.09856745620455706
increase,dz_true,180,MAP_same_minus_opposite_cosine,1193,0.10866703279316425
increase,dz_true,180,MAP_same_minus_opposite_cosine,1308,0.10688597491631906
increase,dz_true,180,MAP_same_minus_opposite_cosine,1335,0.03999516001027642
increase,dz_true,180,MAP_same_minus_opposite_cosine,1480,-0.05518839488539731
increase,dz_true,180,MAP_same_minus_opposite_cosine,1566,-0.028132187202572836
increase,dz_true,180,MAP_same_minus_opposite_cosine,1636,0.0731345828001698
increase,dz_true,180,MAP_same_minus_opposite_cosine,1644,0.3874395638139862
increase,dz_true,180,MAP_same_minus_opposite_cosine,1943,0.07747106790316827
increase,dz_true,180,MAP_same_minus_opposite_cosine,2005,0.002992420333127181
increase,dz_true,180,MAP_same_minus_opposite_cosine,2048,0.016739643282360495
increase,dz_true,180,MAP_same_minus_opposite_cosine,2173,-0.08421284053474666
increase,dz_true,180,MAP_same_minus_opposite_cosine,2263,-0.006156184089680512
increase,dz_true,180,MAP_same_minus_opposite_cosine,2303,-0.2092283834054163
increase,dz_true,180,MAP_same_minus_opposite_cosine,2308,0.33235193619673903
increase,dz_true,180,MAP_same_minus_opposite_cosine,2361,0.06131280361423417
increase,dz_true,180,MAP_same_minus_opposite_cosine,2567,0.3008400561908881
increase,dz_true,180,MAP_same_minus_opposite_cosine,2900,0.08369112626782485
increase,dz_true,180,MAP_same_minus_opposite_cosine,2943,-0.15463360026478767
increase,dz_true,180,MAP_same_minus_opposite_cosine,2946,-0.18222716261604519
increase,dz_true,180,MAP_same_minus_opposite_cosine,3261,0.04328351064274709
increase,dz_true,180,MAP_same_minus_opposite_cosine,3354,0.21929237802484722
increase,dz_true,180,MAP_same_minus_opposite_cosine,3387,-0.07293221235952593
increase,dz_true,180,MAP_same_minus_opposite_cosine,3485,0.20863422926402453
increase,dz_true,180,MAP_same_minus_opposite_cosine,3525,0.2456055113086195
increase,dz_true,180,MAP_same_minus_opposite_cosine,3593,-0.0012440574778751767
increase,dz_true,180,MAP_same_minus_opposite_cosine,3613,0.04327132025112708
increase,dz_true,180,MAP_same_minus_opposite_cosine,3768,-0.31248900402958196
increase,dz_true,180,MAP_same_minus_opposite_cosine,3852,-0.2914337143301964
increase,dz_true,180,MAP_same_minus_opposite_cosine,3967,0.07465197301159301
increase,dz_true,180,MAP_same_minus_opposite_cosine,3976,0.14786807199319205
increase,dz_true,180,MAP_same_minus_opposite_cosine,3978,0.3215111464713559
increase,dz_true,180,MAP_same_minus_opposite_cosine,3985,-0.018480103237159325
increase,dz_true,180,MAP_same_minus_opposite_cosine,4016,-0.0174621001817286
increase,dz_true,180,MAP_same_minus_opposite_cosine,4080,0.2456090838337938
increase,dz_true,180,MAP_same_minus_opposite_cosine,4293,-0.3323016290863355
increase,dz_true,180,MAP_same_minus_opposite_cosine,4312,0.009728439773122467
increase,dz_true,180,MAP_same_minus_opposite_cosine,4529,-0.04774535473229157
increase,dz_true,180,MAP_same_minus_opposite_cosine,4540,0.15544340355942646
increase,dz_true,180,MAP_same_minus_opposite_cosine,4638,0.13703354662566475
increase,dz_true,180,MAP_same_minus_opposite_cosine,4686,0.1207079216837883
increase,dz_true,180,MAP_same_minus_opposite_cosine,4821,0.09570300816134973
increase,dz_true,180,MAP_same_minus_opposite_cosine,4865,0.0904237870126963
increase,dz_true,180,MAP_same_minus_opposite_cosine,4944,0.293435879672567
increase,dz_true,180,MAP_same_minus_opposite_cosine,5309,-0.09452540695554378
increase,dz_true,180,MAP_same_minus_opposite_cosine,5377,0.06693658077468476
increase,dz_true,180,MAP_same_minus_opposite_cosine,5410,-0.37504148483276367
increase,dz_true,180,MAP_same_minus_opposite_cosine,5454,0.21078382362611592
increase,dz_true,180,MAP_same_minus_opposite_cosine,5516,0.16585859470069408
increase,dz_true,180,MAP_same_minus_opposite_cosine,5600,0.23457545923689999
increase,dz_true,180,MAP_same_minus_opposite_cosine,5778,-0.08330397720759114
increase,dz_true,180,MAP_same_minus_opposite_cosine,5961,0.05263806611412402
increase,dz_true,180,MAP_same_minus_opposite_cosine,5989,-0.16697330868831187
increase,dz_true,180,triplet_accuracy,323,0.6
increase,dz_true,180,triplet_accuracy,348,0.7
increase,dz_true,180,triplet_accuracy,391,0.55
increase,dz_true,180,triplet_accuracy,683,0.65
increase,dz_true,180,triplet_accuracy,747,0.75
increase,dz_true,180,triplet_accuracy,750,0.65
increase,dz_true,180,triplet_accuracy,758,0.6
increase,dz_true,180,triplet_accuracy,843,0.8
increase,dz_true,180,triplet_accuracy,967,0.85
increase,dz_true,180,triplet_accuracy,1092,0.7
increase,dz_true,180,triplet_accuracy,1193,0.6
increase,dz_true,180,triplet_accuracy,1335,0.75
increase,dz_true,180,triplet_accuracy,1480,0.5
increase,dz_true,180,triplet_accuracy,1566,0.65
increase,dz_true,180,triplet_accuracy,1943,0.5
increase,dz_true,180,triplet_accuracy,2005,0.7
increase,dz_true,180,triplet_accuracy,2048,0.7
increase,dz_true,180,triplet_accuracy,2173,0.75
increase,dz_true,180,triplet_accuracy,2263,0.8
increase,dz_true,180,triplet_accuracy,2303,0.7
increase,dz_true,180,triplet_accuracy,2308,0.55
increase,dz_true,180,triplet_accuracy,2361,0.95
increase,dz_true,180,triplet_accuracy,2567,0.6
increase,dz_true,180,triplet_accuracy,2943,0.8
increase,dz_true,180,triplet_accuracy,3261,0.55
increase,dz_true,180,triplet_accuracy,3354,0.75
increase,dz_true,180,triplet_accuracy,3525,0.8
increase,dz_true,180,triplet_accuracy,3593,0.6
increase,dz_true,180,triplet_accuracy,3768,0.7
increase,dz_true,180,triplet_accuracy,3852,0.55
increase,dz_true,180,triplet_accuracy,3967,0.7
increase,dz_true,180,triplet_accuracy,3978,0.75
increase,dz_true,180,triplet_accuracy,3985,0.8
increase,dz_true,180,triplet_accuracy,4016,0.75
increase,dz_true,180,triplet_accuracy,4293,0.7
increase,dz_true,180,triplet_accuracy,4312,0.65
increase,dz_true,180,triplet_accuracy,4529,0.6
increase,dz_true,180,triplet_accuracy,4540,0.75
increase,dz_true,180,triplet_accuracy,4686,0.75
increase,dz_true,180,triplet_accuracy,4821,0.75
increase,dz_true,180,triplet_accuracy,4865,0.85
increase,dz_true,180,triplet_accuracy,4944,0.65
increase,dz_true,180,triplet_accuracy,5309,0.65
increase,dz_true,180,triplet_accuracy,5377,0.8
increase,dz_true,180,triplet_accuracy,5410,0.7
increase,dz_true,180,triplet_accuracy,5454,0.75
increase,dz_true,180,triplet_accuracy,5516,0.65
increase,dz_true,180,triplet_accuracy,5600,0.55
increase,dz_true,180,triplet_accuracy,5778,0.6
increase,dz_true,180,triplet_accuracy,5989,0.75
decrease,dz_true,180,BIS_same_minus_opposite_cosine,105,0.577580465314289
decrease,dz_true,180,BIS_same_minus_opposite_cosine,323,0.7797986129919687
decrease,dz_true,180,BIS_same_minus_opposite_cosine,348,0.5666219058136146
decrease,dz_true,180,BIS_same_minus_opposite_cosine,391,0.5840782319506009
decrease,dz_true,180,BIS_same_minus_opposite_cosine,683,0.5859283649673064
decrease,dz_true,180,BIS_same_minus_opposite_cosine,747,0.9368168306847413
decrease,dz_true,180,BIS_same_minus_opposite_cosine,750,0.48771821819245814
decrease,dz_true,180,BIS_same_minus_opposite_cosine,758,0.589449299292432
decrease,dz_true,180,BIS_same_minus_opposite_cosine,843,0.2160097925613324
decrease,dz_true,180,BIS_same_minus_opposite_cosine,877,0.5176901383269014
decrease,dz_true,180,BIS_same_minus_opposite_cosine,926,0.411882623202271
decrease,dz_true,180,BIS_same_minus_opposite_cosine,967,0.7741614114493132
decrease,dz_true,180,BIS_same_minus_opposite_cosine,992,0.6032908531188061
decrease,dz_true,180,BIS_same_minus_opposite_cosine,1014,0.5026846059287587
decrease,dz_true,180,BIS_same_minus_opposite_cosine,1092,0.5965295349896858
decrease,dz_true,180,BIS_same_minus_opposite_cosine,1193,0.6749509572982788
decrease,dz_true,180,BIS_same_minus_opposite_cosine,1308,0.7033621855597529
decrease,dz_true,180,BIS_same_minus_opposite_cosine,1335,0.6230978191726737
decrease,dz_true,180,BIS_same_minus_opposite_cosine,1480,0.31740892454981806
decrease,dz_true,180,BIS_same_minus_opposite_cosine,1566,0.652471280656755
decrease,dz_true,180,BIS_same_minus_opposite_cosine,1636,0.509090973727518
decrease,dz_true,180,BIS_same_minus_opposite_cosine,1644,0.7402083327372868
decrease,dz_true,180,BIS_same_minus_opposite_cosine,1839,0.558777615935965
decrease,dz_true,180,BIS_same_minus_opposite_cosine,1943,0.4901371200879415
decrease,dz_true,180,BIS_same_minus_opposite_cosine,2005,0.5954796008144816
decrease,dz_true,180,BIS_same_minus_opposite_cosine,2048,0.4537568032515772
decrease,dz_true,180,BIS_same_minus_opposite_cosine,2173,0.6960122910483431
decrease,dz_true,180,BIS_same_minus_opposite_cosine,2263,0.5415032570617216
decrease,dz_true,180,BIS_same_minus_opposite_cosine,2303,0.44467724425097305
decrease,dz_true,180,BIS_same_minus_opposite_cosine,2308,0.3041572031520662
decrease,dz_true,180,BIS_same_minus_opposite_cosine,2347,0.7438982985913754
decrease,dz_true,180,BIS_same_minus_opposite_cosine,2361,0.6324307952076197
decrease,dz_true,180,BIS_same_minus_opposite_cosine,2567,0.4372021479701454
decrease,dz_true,180,BIS_same_minus_opposite_cosine,2900,0.38123547268055735
decrease,dz_true,180,BIS_same_minus_opposite_cosine,2943,0.513033681492688
decrease,dz_true,180,BIS_same_minus_opposite_cosine,2946,0.7442417697360119
decrease,dz_true,180,BIS_same_minus_opposite_cosine,2988,0.44402817772193387
decrease,dz_true,180,BIS_same_minus_opposite_cosine,3261,0.4208836001861427
decrease,dz_true,180,BIS_same_minus_opposite_cosine,3354,0.7779443326095741
decrease,dz_true,180,BIS_same_minus_opposite_cosine,3387,0.6309729075680177
decrease,dz_true,180,BIS_same_minus_opposite_cosine,3485,0.7911690519840429
decrease,dz_true,180,BIS_same_minus_opposite_cosine,3525,0.4757527921969692
decrease,dz_true,180,BIS_same_minus_opposite_cosine,3569,0.5890677527834972
decrease,dz_true,180,BIS_same_minus_opposite_cosine,3593,0.6347546274552033
decrease,dz_true,180,BIS_same_minus_opposite_cosine,3613,0.4529029450689753
decrease,dz_true,180,BIS_same_minus_opposite_cosine,3764,0.6866929996758699
decrease,dz_true,180,BIS_same_minus_opposite_cosine,3768,0.8506826801846424
decrease,dz_true,180,BIS_same_minus_opposite_cosine,3852,0.5942354206221573
decrease,dz_true,180,BIS_same_minus_opposite_cosine,3967,0.5448326488646369
decrease,dz_true,180,BIS_same_minus_opposite_cosine,3976,0.8641430422042806
decrease,dz_true,180,BIS_same_minus_opposite_cosine,3978,0.8333832738300164
decrease,dz_true,180,BIS_same_minus_opposite_cosine,3985,0.5117913050802819
decrease,dz_true,180,BIS_same_minus_opposite_cosine,4016,0.508567575365305
decrease,dz_true,180,BIS_same_minus_opposite_cosine,4080,0.3838982914264003
decrease,dz_true,180,BIS_same_minus_opposite_cosine,4293,0.7336940450424498
decrease,dz_true,180,BIS_same_minus_opposite_cosine,4312,0.5526258825058383
decrease,dz_true,180,BIS_same_minus_opposite_cosine,4529,0.7569320366407435
decrease,dz_true,180,BIS_same_minus_opposite_cosine,4540,0.5364915910487373
decrease,dz_true,180,BIS_same_minus_opposite_cosine,4638,0.3838375684701734
decrease,dz_true,180,BIS_same_minus_opposite_cosine,4686,0.7794437998284895
decrease,dz_true,180,BIS_same_minus_opposite_cosine,4821,0.23667265734437742
decrease,dz_true,180,BIS_same_minus_opposite_cosine,4865,0.7240586091453831
decrease,dz_true,180,BIS_same_minus_opposite_cosine,4944,0.6058300598007109
decrease,dz_true,180,BIS_same_minus_opposite_cosine,5309,0.6681764393367551
decrease,dz_true,180,BIS_same_minus_opposite_cosine,5377,0.6150991230582198
decrease,dz_true,180,BIS_same_minus_opposite_cosine,5410,0.5159155099342266
decrease,dz_true,180,BIS_same_minus_opposite_cosine,5454,0.7582575423699436
decrease,dz_true,180,BIS_same_minus_opposite_cosine,5516,0.7834471044441065
decrease,dz_true,180,BIS_same_minus_opposite_cosine,5600,0.6598231809524198
decrease,dz_true,180,BIS_same_minus_opposite_cosine,5778,0.6011992146571478
decrease,dz_true,180,BIS_same_minus_opposite_cosine,5826,0.7401274223294523
decrease,dz_true,180,BIS_same_minus_opposite_cosine,5961,0.44141737518436985
decrease,dz_true,180,BIS_same_minus_opposite_cosine,5989,0.7200606521219015
decrease,dz_true,180,BIS_same_minus_opposite_cosine,6025,0.508903620002622
decrease,dz_true,180,MAP_same_minus_opposite_cosine,105,0.09701192937791348
decrease,dz_true,180,MAP_same_minus_opposite_cosine,323,0.006242224458782445
decrease,dz_true,180,MAP_same_minus_opposite_cosine,348,-0.09305447867761055
decrease,dz_true,180,MAP_same_minus_opposite_cosine,391,-0.2185666449368
decrease,dz_true,180,MAP_same_minus_opposite_cosine,683,0.22244306992400775
decrease,dz_true,180,MAP_same_minus_opposite_cosine,747,0.05122798463950554
decrease,dz_true,180,MAP_same_minus_opposite_cosine,750,-0.22244958269099394
decrease,dz_true,180,MAP_same_minus_opposite_cosine,758,0.2078052678455909
decrease,dz_true,180,MAP_same_minus_opposite_cosine,843,0.15403141838808854
decrease,dz_true,180,MAP_same_minus_opposite_cosine,877,-0.053995831559101745
decrease,dz_true,180,MAP_same_minus_opposite_cosine,926,0.008659133998056248
decrease,dz_true,180,MAP_same_minus_opposite_cosine,967,0.0813918641457955
decrease,dz_true,180,MAP_same_minus_opposite_cosine,992,-0.0897655144446727
decrease,dz_true,180,MAP_same_minus_opposite_cosine,1014,-0.07160165564467509
decrease,dz_true,180,MAP_same_minus_opposite_cosine,1092,-0.20337133375661715
decrease,dz_true,180,MAP_same_minus_opposite_cosine,1193,0.08971362333330843
decrease,dz_true,180,MAP_same_minus_opposite_cosine,1308,0.05539575661532581
decrease,dz_true,180,MAP_same_minus_opposite_cosine,1335,-0.06537389255439241
decrease,dz_true,180,MAP_same_minus_opposite_cosine,1480,0.18355833596239488
decrease,dz_true,180,MAP_same_minus_opposite_cosine,1566,-0.13990020264117492
decrease,dz_true,180,MAP_same_minus_opposite_cosine,1636,-0.08152606151998043
decrease,dz_true,180,MAP_same_minus_opposite_cosine,1644,-0.008384435541099966
decrease,dz_true,180,MAP_same_minus_opposite_cosine,1839,0.1159716465256431
decrease,dz_true,180,MAP_same_minus_opposite_cosine,1943,-0.1057816086139417
decrease,dz_true,180,MAP_same_minus_opposite_cosine,2005,-0.09263694519177079
decrease,dz_true,180,MAP_same_minus_opposite_cosine,2048,-0.2611967906769779
decrease,dz_true,180,MAP_same_minus_opposite_cosine,2173,0.027383212745189667
decrease,dz_true,180,MAP_same_minus_opposite_cosine,2263,0.25598348941033083
decrease,dz_true,180,MAP_same_minus_opposite_cosine,2303,0.022224947872261203
decrease,dz_true,180,MAP_same_minus_opposite_cosine,2308,0.06733662857570583
decrease,dz_true,180,MAP_same_minus_opposite_cosine,2347,0.11140333528094219
decrease,dz_true,180,MAP_same_minus_opposite_cosine,2361,0.3385363357762496
decrease,dz_true,180,MAP_same_minus_opposite_cosine,2567,0.010787541845015111
decrease,dz_true,180,MAP_same_minus_opposite_cosine,2900,-0.4678619372968872
decrease,dz_true,180,MAP_same_minus_opposite_cosine,2943,-0.374112562276423
decrease,dz_true,180,MAP_same_minus_opposite_cosine,2946,-0.21127122625087696
decrease,dz_true,180,MAP_same_minus_opposite_cosine,2988,0.049514570790860385
decrease,dz_true,180,MAP_same_minus_opposite_cosine,3261,-0.052409584230432904
decrease,dz_true,180,MAP_same_minus_opposite_cosine,3354,0.08044662823279698
decrease,dz_true,180,MAP_same_minus_opposite_cosine,3387,0.050752333675821625
decrease,dz_true,180,MAP_same_minus_opposite_cosine,3485,-0.006091462189538613
decrease,dz_true,180,MAP_same_minus_opposite_cosine,3525,-0.3055144583340734
decrease,dz_true,180,MAP_same_minus_opposite_cosine,3569,0.1642333251339468
decrease,dz_true,180,MAP_same_minus_opposite_cosine,3593,0.19428077221594076
decrease,dz_true,180,MAP_same_minus_opposite_cosine,3613,0.360319804555426
decrease,dz_true,180,MAP_same_minus_opposite_cosine,3764,0.0798160835272736
decrease,dz_true,180,MAP_same_minus_opposite_cosine,3768,-0.08790542169784506
decrease,dz_true,180,MAP_same_minus_opposite_cosine,3852,-0.04756125828458204
decrease,dz_true,180,MAP_same_minus_opposite_cosine,3967,-0.17514410262193644
decrease,dz_true,180,MAP_same_minus_opposite_cosine,3976,-0.05816581486865427
decrease,dz_true,180,MAP_same_minus_opposite_cosine,3978,0.08304823076145516
decrease,dz_true,180,MAP_same_minus_opposite_cosine,3985,0.058933380977109526
decrease,dz_true,180,MAP_same_minus_opposite_cosine,4016,-0.0635872446000576
decrease,dz_true,180,MAP_same_minus_opposite_cosine,4080,-0.04189300909638405
decrease,dz_true,180,MAP_same_minus_opposite_cosine,4293,-0.0069109416256348255
decrease,dz_true,180,MAP_same_minus_opposite_cosine,4312,-0.018738613153497376
decrease,dz_true,180,MAP_same_minus_opposite_cosine,4529,0.3154276652882496
decrease,dz_true,180,MAP_same_minus_opposite_cosine,4540,-0.22049180194735526
decrease,dz_true,180,MAP_same_minus_opposite_cosine,4638,0.13558005396220268
decrease,dz_true,180,MAP_same_minus_opposite_cosine,4686,-0.006428595477094262
decrease,dz_true,180,MAP_same_minus_opposite_cosine,4821,-0.01678091614986911
decrease,dz_true,180,MAP_same_minus_opposite_cosine,4865,-0.2151353384057681
decrease,dz_true,180,MAP_same_minus_opposite_cosine,4944,0.06946632363611743
decrease,dz_true,180,MAP_same_minus_opposite_cosine,5309,-0.038024023909008865
decrease,dz_true,180,MAP_same_minus_opposite_cosine,5377,-0.22582652171452838
decrease,dz_true,180,MAP_same_minus_opposite_cosine,5410,0.22720812268865603
decrease,dz_true,180,MAP_same_minus_opposite_cosine,5454,0.10384302741537492
decrease,dz_true,180,MAP_same_minus_opposite_cosine,5516,0.007932747121561654
decrease,dz_true,180,MAP_same_minus_opposite_cosine,5600,-0.08978305759867936
decrease,dz_true,180,MAP_same_minus_opposite_cosine,5778,0.05639829517652591
decrease,dz_true,180,MAP_same_minus_opposite_cosine,5826,-0.08056167885661125
decrease,dz_true,180,MAP_same_minus_opposite_cosine,5961,-0.13558998592197896
decrease,dz_true,180,MAP_same_minus_opposite_cosine,5989,-0.05627058384319147
decrease,dz_true,180,MAP_same_minus_opposite_cosine,6025,-0.0511153011272351
decrease,dz_true,180,triplet_accuracy,323,0.75
decrease,dz_true,180,triplet_accuracy,348,0.75
decrease,dz_true,180,triplet_accuracy,391,0.7
decrease,dz_true,180,triplet_accuracy,683,0.75
decrease,dz_true,180,triplet_accuracy,747,0.95
decrease,dz_true,180,triplet_accuracy,750,0.75
decrease,dz_true,180,triplet_accuracy,758,0.6
decrease,dz_true,180,triplet_accuracy,843,0.7
decrease,dz_true,180,triplet_accuracy,967,0.8
decrease,dz_true,180,triplet_accuracy,1014,0.65
decrease,dz_true,180,triplet_accuracy,1092,0.55
decrease,dz_true,180,triplet_accuracy,1193,0.75
decrease,dz_true,180,triplet_accuracy,1335,0.85
decrease,dz_true,180,triplet_accuracy,1480,0.75
decrease,dz_true,180,triplet_accuracy,1566,0.45
decrease,dz_true,180,triplet_accuracy,1839,0.65
decrease,dz_true,180,triplet_accuracy,1943,0.5
decrease,dz_true,180,triplet_accuracy,2005,0.7
decrease,dz_true,180,triplet_accuracy,2048,0.65
decrease,dz_true,180,triplet_accuracy,2173,0.9
decrease,dz_true,180,triplet_accuracy,2263,0.75
decrease,dz_true,180,triplet_accuracy,2303,0.6
decrease,dz_true,180,triplet_accuracy,2308,0.65
decrease,dz_true,180,triplet_accuracy,2347,0.75
decrease,dz_true,180,triplet_accuracy,2361,0.65
decrease,dz_true,180,triplet_accuracy,2567,0.5
decrease,dz_true,180,triplet_accuracy,2943,0.85
decrease,dz_true,180,triplet_accuracy,2988,0.6
decrease,dz_true,180,triplet_accuracy,3261,0.7
decrease,dz_true,180,triplet_accuracy,3354,0.55
decrease,dz_true,180,triplet_accuracy,3525,0.65
decrease,dz_true,180,triplet_accuracy,3569,0.7
decrease,dz_true,180,triplet_accuracy,3593,0.7
decrease,dz_true,180,triplet_accuracy,3768,0.8
decrease,dz_true,180,triplet_accuracy,3852,0.65
decrease,dz_true,180,triplet_accuracy,3967,0.8
decrease,dz_true,180,triplet_accuracy,3978,0.95
decrease,dz_true,180,triplet_accuracy,3985,0.5
decrease,dz_true,180,triplet_accuracy,4016,0.65
decrease,dz_true,180,triplet_accuracy,4293,0.85
decrease,dz_true,180,triplet_accuracy,4312,0.65
decrease,dz_true,180,triplet_accuracy,4529,0.85
decrease,dz_true,180,triplet_accuracy,4540,0.85
decrease,dz_true,180,triplet_accuracy,4686,0.85
decrease,dz_true,180,triplet_accuracy,4821,0.7
decrease,dz_true,180,triplet_accuracy,4865,0.65
decrease,dz_true,180,triplet_accuracy,4944,0.85
decrease,dz_true,180,triplet_accuracy,5309,0.6
decrease,dz_true,180,triplet_accuracy,5377,0.75
decrease,dz_true,180,triplet_accuracy,5410,0.65
decrease,dz_true,180,triplet_accuracy,5454,0.85
decrease,dz_true,180,triplet_accuracy,5516,0.75
decrease,dz_true,180,triplet_accuracy,5600,0.5
decrease,dz_true,180,triplet_accuracy,5778,0.7
decrease,dz_true,180,triplet_accuracy,5989,0.65
decrease,dz_true,180,triplet_accuracy,6025,0.7
stop,dz_true,180,BIS_same_minus_opposite_cosine,105,0.3389268216987451
stop,dz_true,180,BIS_same_minus_opposite_cosine,348,0.5243469132110476
stop,dz_true,180,BIS_same_minus_opposite_cosine,391,0.8611890130809375
stop,dz_true,180,BIS_same_minus_opposite_cosine,747,0.6504062933640348
stop,dz_true,180,BIS_same_minus_opposite_cosine,758,0.4439935214817524
stop,dz_true,180,BIS_same_minus_opposite_cosine,877,0.8639978104920099
stop,dz_true,180,BIS_same_minus_opposite_cosine,926,-0.1251014620065689
stop,dz_true,180,BIS_same_minus_opposite_cosine,1092,0.6085201529785991
stop,dz_true,180,BIS_same_minus_opposite_cosine,1193,0.2990902515128255
stop,dz_true,180,BIS_same_minus_opposite_cosine,1480,0.6928062444044785
stop,dz_true,180,BIS_same_minus_opposite_cosine,1636,0.02071982845664025
stop,dz_true,180,BIS_same_minus_opposite_cosine,1644,0.3847513877683216
stop,dz_true,180,BIS_same_minus_opposite_cosine,2005,0.7033794842660427
stop,dz_true,180,BIS_same_minus_opposite_cosine,2303,1.0935197174549103
stop,dz_true,180,BIS_same_minus_opposite_cosine,2361,0.3985474724886995
stop,dz_true,180,BIS_same_minus_opposite_cosine,2567,0.41989727243781094
stop,dz_true,180,BIS_same_minus_opposite_cosine,2943,0.8239928494384956
stop,dz_true,180,BIS_same_minus_opposite_cosine,2946,0.5893935548198042
stop,dz_true,180,BIS_same_minus_opposite_cosine,3261,0.6247296954194705
stop,dz_true,180,BIS_same_minus_opposite_cosine,3485,0.8912001345306635
stop,dz_true,180,BIS_same_minus_opposite_cosine,3525,0.31770308688282967
stop,dz_true,180,BIS_same_minus_opposite_cosine,3593,0.5179600997103585
stop,dz_true,180,BIS_same_minus_opposite_cosine,3613,0.30094773858559853
stop,dz_true,180,BIS_same_minus_opposite_cosine,3967,0.7133807602028053
stop,dz_true,180,BIS_same_minus_opposite_cosine,3976,0.59882050473243
stop,dz_true,180,BIS_same_minus_opposite_cosine,4016,0.11848837540795407
stop,dz_true,180,BIS_same_minus_opposite_cosine,4865,0.8033576669792335
stop,dz_true,180,BIS_same_minus_opposite_cosine,4944,0.8826484512537718
stop,dz_true,180,BIS_same_minus_opposite_cosine,5377,0.3949288974205653
stop,dz_true,180,BIS_same_minus_opposite_cosine,5410,0.7449751536954533
stop,dz_true,180,BIS_same_minus_opposite_cosine,5454,0.6373643015200893
stop,dz_true,180,BIS_same_minus_opposite_cosine,5516,0.5479823276400566
stop,dz_true,180,BIS_same_minus_opposite_cosine,5600,0.3843676619645622
stop,dz_true,180,BIS_same_minus_opposite_cosine,5778,0.40532365184099906
stop,dz_true,180,BIS_same_minus_opposite_cosine,5826,0.6830711923539639
stop,dz_true,180,MAP_same_minus_opposite_cosine,105,0.254886626294165
stop,dz_true,180,MAP_same_minus_opposite_cosine,348,0.23110557528156223
stop,dz_true,180,MAP_same_minus_opposite_cosine,391,-0.18392636893051012
stop,dz_true,180,MAP_same_minus_opposite_cosine,747,-0.011701412160288208
stop,dz_true,180,MAP_same_minus_opposite_cosine,758,-0.2212993268751436
stop,dz_true,180,MAP_same_minus_opposite_cosine,877,0.3052949992318948
stop,dz_true,180,MAP_same_minus_opposite_cosine,926,-0.6846701353788376
stop,dz_true,180,MAP_same_minus_opposite_cosine,1092,0.08304187282919884
stop,dz_true,180,MAP_same_minus_opposite_cosine,1193,-0.21899091824889183
stop,dz_true,180,MAP_same_minus_opposite_cosine,1480,0.03318886474395792
stop,dz_true,180,MAP_same_minus_opposite_cosine,1636,-0.44047432243824003
stop,dz_true,180,MAP_same_minus_opposite_cosine,1644,0.04838851011461682
stop,dz_true,180,MAP_same_minus_opposite_cosine,2005,-0.14503745610515278
stop,dz_true,180,MAP_same_minus_opposite_cosine,2361,-0.18988491843144098
stop,dz_true,180,MAP_same_minus_opposite_cosine,2567,-0.12403815537691115
stop,dz_true,180,MAP_same_minus_opposite_cosine,2943,0.08341589827267896
stop,dz_true,180,MAP_same_minus_opposite_cosine,2946,-0.22330307587981224
stop,dz_true,180,MAP_same_minus_opposite_cosine,3261,0.05922448993519401
stop,dz_true,180,MAP_same_minus_opposite_cosine,3485,0.10814713127911091
stop,dz_true,180,MAP_same_minus_opposite_cosine,3525,-0.010876887415846179
stop,dz_true,180,MAP_same_minus_opposite_cosine,3593,0.01133471520410645
stop,dz_true,180,MAP_same_minus_opposite_cosine,3613,-0.06964334072262951
stop,dz_true,180,MAP_same_minus_opposite_cosine,3967,-0.28961934161682923
stop,dz_true,180,MAP_same_minus_opposite_cosine,3976,0.2186788583484789
stop,dz_true,180,MAP_same_minus_opposite_cosine,4016,-0.00033807506163915924
stop,dz_true,180,MAP_same_minus_opposite_cosine,4865,-0.11208121794642825
stop,dz_true,180,MAP_same_minus_opposite_cosine,4944,-0.6370930497845014
stop,dz_true,180,MAP_same_minus_opposite_cosine,5377,-0.22407299776871997
stop,dz_true,180,MAP_same_minus_opposite_cosine,5410,0.0337286392565478
stop,dz_true,180,MAP_same_minus_opposite_cosine,5454,0.0161510178198417
stop,dz_true,180,MAP_same_minus_opposite_cosine,5516,0.16369027271866798
stop,dz_true,180,MAP_same_minus_opposite_cosine,5600,-0.0915135694667697
stop,dz_true,180,MAP_same_minus_opposite_cosine,5778,0.19462793484104401
stop,dz_true,180,MAP_same_minus_opposite_cosine,5826,-0.3294322192668915
stop,dz_true,180,triplet_accuracy,348,0.7
stop,dz_true,180,triplet_accuracy,391,0.6
stop,dz_true,180,triplet_accuracy,747,0.75
stop,dz_true,180,triplet_accuracy,758,0.45
stop,dz_true,180,triplet_accuracy,1092,0.65
stop,dz_true,180,triplet_accuracy,1193,1.0
stop,dz_true,180,triplet_accuracy,1480,0.5
stop,dz_true,180,triplet_accuracy,2005,0.55
stop,dz_true,180,triplet_accuracy,2361,0.65
stop,dz_true,180,triplet_accuracy,2567,0.8
stop,dz_true,180,triplet_accuracy,2943,0.8
stop,dz_true,180,triplet_accuracy,3261,0.85
stop,dz_true,180,triplet_accuracy,3525,0.7
stop,dz_true,180,triplet_accuracy,3593,0.7
stop,dz_true,180,triplet_accuracy,3967,0.8
stop,dz_true,180,triplet_accuracy,4016,0.75
stop,dz_true,180,triplet_accuracy,4865,0.8
stop,dz_true,180,triplet_accuracy,4944,0.8
stop,dz_true,180,triplet_accuracy,5377,0.8
stop,dz_true,180,triplet_accuracy,5410,0.75
stop,dz_true,180,triplet_accuracy,5454,0.9
stop,dz_true,180,triplet_accuracy,5516,0.8
stop,dz_true,180,triplet_accuracy,5600,0.8
stop,dz_true,180,triplet_accuracy,5778,0.85
overall,dz_pred,300,BIS_same_minus_opposite_cosine,105,0.0873017802337806
overall,dz_pred,300,BIS_same_minus_opposite_cosine,323,0.05614341100056974
overall,dz_pred,300,BIS_same_minus_opposite_cosine,348,0.05937977160016694
overall,dz_pred,300,BIS_same_minus_opposite_cosine,391,-0.03091695137597894
overall,dz_pred,300,BIS_same_minus_opposite_cosine,683,0.04581498394791905
overall,dz_pred,300,BIS_same_minus_opposite_cosine,747,-0.009424404184455448
overall,dz_pred,300,BIS_same_minus_opposite_cosine,750,0.09406856360534821
overall,dz_pred,300,BIS_same_minus_opposite_cosine,758,-0.004322286988749591
overall,dz_pred,300,BIS_same_minus_opposite_cosine,843,-0.024534707350863383
overall,dz_pred,300,BIS_same_minus_opposite_cosine,877,0.07827756924506946
overall,dz_pred,300,BIS_same_minus_opposite_cosine,926,0.03194288313388827
overall,dz_pred,300,BIS_same_minus_opposite_cosine,967,0.018412367723606327
overall,dz_pred,300,BIS_same_minus_opposite_cosine,992,0.04165535028334022
overall,dz_pred,300,BIS_same_minus_opposite_cosine,1014,0.03534286463702163
overall,dz_pred,300,BIS_same_minus_opposite_cosine,1092,0.052546830574671466
overall,dz_pred,300,BIS_same_minus_opposite_cosine,1193,-0.06345815405249589
overall,dz_pred,300,BIS_same_minus_opposite_cosine,1308,0.014382600188255323
overall,dz_pred,300,BIS_same_minus_opposite_cosine,1335,-0.005158341377973552
overall,dz_pred,300,BIS_same_minus_opposite_cosine,1480,0.0507648183749273
overall,dz_pred,300,BIS_same_minus_opposite_cosine,1566,0.02579223603913272
overall,dz_pred,300,BIS_same_minus_opposite_cosine,1636,0.04368367018523045
overall,dz_pred,300,BIS_same_minus_opposite_cosine,1644,0.0923924573089766
overall,dz_pred,300,BIS_same_minus_opposite_cosine,1839,0.03901822376942288
overall,dz_pred,300,BIS_same_minus_opposite_cosine,1943,0.09446107134932558
overall,dz_pred,300,BIS_same_minus_opposite_cosine,2005,0.006440819303194623
overall,dz_pred,300,BIS_same_minus_opposite_cosine,2048,0.09536191200216604
overall,dz_pred,300,BIS_same_minus_opposite_cosine,2173,0.1055380061889688
overall,dz_pred,300,BIS_same_minus_opposite_cosine,2263,0.17568674644357285
overall,dz_pred,300,BIS_same_minus_opposite_cosine,2303,0.04350217443246107
overall,dz_pred,300,BIS_same_minus_opposite_cosine,2308,-0.061415968338648486
overall,dz_pred,300,BIS_same_minus_opposite_cosine,2347,-0.004854845106601724
overall,dz_pred,300,BIS_same_minus_opposite_cosine,2361,0.04158536667625112
overall,dz_pred,300,BIS_same_minus_opposite_cosine,2567,0.09801780203978228
overall,dz_pred,300,BIS_same_minus_opposite_cosine,2900,0.12221077499967636
overall,dz_pred,300,BIS_same_minus_opposite_cosine,2943,0.0808620409170786
overall,dz_pred,300,BIS_same_minus_opposite_cosine,2946,0.04621162773706966
overall,dz_pred,300,BIS_same_minus_opposite_cosine,2988,0.017384176966787845
overall,dz_pred,300,BIS_same_minus_opposite_cosine,3261,-0.0259121221800645
overall,dz_pred,300,BIS_same_minus_opposite_cosine,3354,0.002951305221628231
overall,dz_pred,300,BIS_same_minus_opposite_cosine,3387,0.06942121783892319
overall,dz_pred,300,BIS_same_minus_opposite_cosine,3485,-0.03181257680768068
overall,dz_pred,300,BIS_same_minus_opposite_cosine,3525,0.05636545730133846
overall,dz_pred,300,BIS_same_minus_opposite_cosine,3569,-0.015796429208583262
overall,dz_pred,300,BIS_same_minus_opposite_cosine,3593,0.1543938610702753
overall,dz_pred,300,BIS_same_minus_opposite_cosine,3613,0.026078878591458077
overall,dz_pred,300,BIS_same_minus_opposite_cosine,3764,0.005004987915356973
overall,dz_pred,300,BIS_same_minus_opposite_cosine,3768,-0.018184773598251658
overall,dz_pred,300,BIS_same_minus_opposite_cosine,3852,0.014403412395562976
overall,dz_pred,300,BIS_same_minus_opposite_cosine,3967,-0.037905779339018286
overall,dz_pred,300,BIS_same_minus_opposite_cosine,3976,0.044019575516382914
overall,dz_pred,300,BIS_same_minus_opposite_cosine,3978,-0.029316462410820754
overall,dz_pred,300,BIS_same_minus_opposite_cosine,3985,0.05768216133117676
overall,dz_pred,300,BIS_same_minus_opposite_cosine,4016,0.1017121543486913
overall,dz_pred,300,BIS_same_minus_opposite_cosine,4080,0.04325569686682329
overall,dz_pred,300,BIS_same_minus_opposite_cosine,4293,0.031526640305916453
overall,dz_pred,300,BIS_same_minus_opposite_cosine,4312,0.14392712722222012
overall,dz_pred,300,BIS_same_minus_opposite_cosine,4529,0.07284169117609651
overall,dz_pred,300,BIS_same_minus_opposite_cosine,4540,0.006013332555691475
overall,dz_pred,300,BIS_same_minus_opposite_cosine,4638,0.06488718245273983
overall,dz_pred,300,BIS_same_minus_opposite_cosine,4686,0.02759002385468312
overall,dz_pred,300,BIS_same_minus_opposite_cosine,4821,0.0005198721090952096
overall,dz_pred,300,BIS_same_minus_opposite_cosine,4865,0.045764842083056756
overall,dz_pred,300,BIS_same_minus_opposite_cosine,4944,0.03705330988851152
overall,dz_pred,300,BIS_same_minus_opposite_cosine,5309,0.050637269240838556
overall,dz_pred,300,BIS_same_minus_opposite_cosine,5377,0.12483458019172156
overall,dz_pred,300,BIS_same_minus_opposite_cosine,5410,0.06938674676985968
overall,dz_pred,300,BIS_same_minus_opposite_cosine,5454,-0.0022987939417361547
overall,dz_pred,300,BIS_same_minus_opposite_cosine,5516,0.022475486596425398
overall,dz_pred,300,BIS_same_minus_opposite_cosine,5600,0.04700952698202698
overall,dz_pred,300,BIS_same_minus_opposite_cosine,5778,0.09831296754056129
overall,dz_pred,300,BIS_same_minus_opposite_cosine,5826,0.060378972689310695
overall,dz_pred,300,BIS_same_minus_opposite_cosine,5961,0.006011673614072288
overall,dz_pred,300,BIS_same_minus_opposite_cosine,5989,0.014155701273365962
overall,dz_pred,300,BIS_same_minus_opposite_cosine,6025,0.03798905812479836
overall,dz_pred,300,MAP_same_minus_opposite_cosine,105,0.025713257988294047
overall,dz_pred,300,MAP_same_minus_opposite_cosine,323,-0.031200043878693573
overall,dz_pred,300,MAP_same_minus_opposite_cosine,348,0.0654949816919509
overall,dz_pred,300,MAP_same_minus_opposite_cosine,391,0.00780046266922052
overall,dz_pred,300,MAP_same_minus_opposite_cosine,683,-0.0033741527370043656
overall,dz_pred,300,MAP_same_minus_opposite_cosine,747,-0.013907202802322605
overall,dz_pred,300,MAP_same_minus_opposite_cosine,750,-0.0631349993248781
overall,dz_pred,300,MAP_same_minus_opposite_cosine,758,0.047081803292899904
overall,dz_pred,300,MAP_same_minus_opposite_cosine,843,-0.03115515162547422
overall,dz_pred,300,MAP_same_minus_opposite_cosine,877,0.07869876609607185
overall,dz_pred,300,MAP_same_minus_opposite_cosine,926,0.06670680205027257
overall,dz_pred,300,MAP_same_minus_opposite_cosine,967,-0.012949169476827005
overall,dz_pred,300,MAP_same_minus_opposite_cosine,992,0.052063771940413006
overall,dz_pred,300,MAP_same_minus_opposite_cosine,1014,0.0006823649009068955
overall,dz_pred,300,MAP_same_minus_opposite_cosine,1092,-0.005706875609315043
overall,dz_pred,300,MAP_same_minus_opposite_cosine,1193,0.021092209290890507
overall,dz_pred,300,MAP_same_minus_opposite_cosine,1308,0.04621233417276749
overall,dz_pred,300,MAP_same_minus_opposite_cosine,1335,-0.02282655871751016
overall,dz_pred,300,MAP_same_minus_opposite_cosine,1480,0.05087582634554977
overall,dz_pred,300,MAP_same_minus_opposite_cosine,1566,-0.019599660361806603
overall,dz_pred,300,MAP_same_minus_opposite_cosine,1636,0.05086403345620194
overall,dz_pred,300,MAP_same_minus_opposite_cosine,1644,-0.06886803143554265
overall,dz_pred,300,MAP_same_minus_opposite_cosine,1839,0.06478879824280748
overall,dz_pred,300,MAP_same_minus_opposite_cosine,1943,0.03789261221885676
overall,dz_pred,300,MAP_same_minus_opposite_cosine,2005,-0.001834306120872431
overall,dz_pred,300,MAP_same_minus_opposite_cosine,2048,0.021320725889766856
overall,dz_pred,300,MAP_same_minus_opposite_cosine,2173,0.013637248291210713
overall,dz_pred,300,MAP_same_minus_opposite_cosine,2263,0.006400647721229502
overall,dz_pred,300,MAP_same_minus_opposite_cosine,2303,-0.005103173671346717
overall,dz_pred,300,MAP_same_minus_opposite_cosine,2308,-0.035059566968593026
overall,dz_pred,300,MAP_same_minus_opposite_cosine,2347,0.10763911111280322
overall,dz_pred,300,MAP_same_minus_opposite_cosine,2361,0.005396208876655262
overall,dz_pred,300,MAP_same_minus_opposite_cosine,2567,0.036643816530704476
overall,dz_pred,300,MAP_same_minus_opposite_cosine,2900,0.01829428600542471
overall,dz_pred,300,MAP_same_minus_opposite_cosine,2943,-0.05117444225411483
overall,dz_pred,300,MAP_same_minus_opposite_cosine,2946,-0.030893326401710497
overall,dz_pred,300,MAP_same_minus_opposite_cosine,2988,0.04151588466720313
overall,dz_pred,300,MAP_same_minus_opposite_cosine,3261,-0.029556099513823986
overall,dz_pred,300,MAP_same_minus_opposite_cosine,3354,-0.015837802222141817
overall,dz_pred,300,MAP_same_minus_opposite_cosine,3387,0.03248291393121083
overall,dz_pred,300,MAP_same_minus_opposite_cosine,3485,-0.0066242991071758794
overall,dz_pred,300,MAP_same_minus_opposite_cosine,3525,0.0031321519526882335
overall,dz_pred,300,MAP_same_minus_opposite_cosine,3569,-0.04658605406681693
overall,dz_pred,300,MAP_same_minus_opposite_cosine,3593,0.025832911984374096
overall,dz_pred,300,MAP_same_minus_opposite_cosine,3613,-0.013167269256981862
overall,dz_pred,300,MAP_same_minus_opposite_cosine,3764,0.02453055915733182
overall,dz_pred,300,MAP_same_minus_opposite_cosine,3768,0.05265503500898683
overall,dz_pred,300,MAP_same_minus_opposite_cosine,3852,-0.011852826904027891
overall,dz_pred,300,MAP_same_minus_opposite_cosine,3967,-0.02329205969969439
overall,dz_pred,300,MAP_same_minus_opposite_cosine,3976,-0.02214498321215319
overall,dz_pred,300,MAP_same_minus_opposite_cosine,3978,-0.01898659467697139
overall,dz_pred,300,MAP_same_minus_opposite_cosine,3985,0.004938016831874892
overall,dz_pred,300,MAP_same_minus_opposite_cosine,4016,-0.01966794689496354
overall,dz_pred,300,MAP_same_minus_opposite_cosine,4080,0.05361245804362824
overall,dz_pred,300,MAP_same_minus_opposite_cosine,4293,-0.01471350845836461
overall,dz_pred,300,MAP_same_minus_opposite_cosine,4312,0.033279644598563585
overall,dz_pred,300,MAP_same_minus_opposite_cosine,4529,0.006257645431019032
overall,dz_pred,300,MAP_same_minus_opposite_cosine,4540,-0.0065388417205749505
overall,dz_pred,300,MAP_same_minus_opposite_cosine,4638,0.05751967516498291
overall,dz_pred,300,MAP_same_minus_opposite_cosine,4686,-0.020586735697893044
overall,dz_pred,300,MAP_same_minus_opposite_cosine,4821,0.007729796710468473
overall,dz_pred,300,MAP_same_minus_opposite_cosine,4865,0.03151697970571976
overall,dz_pred,300,MAP_same_minus_opposite_cosine,4944,-0.10766316860914238
overall,dz_pred,300,MAP_same_minus_opposite_cosine,5309,0.05121090758453917
overall,dz_pred,300,MAP_same_minus_opposite_cosine,5377,0.012840586569574208
overall,dz_pred,300,MAP_same_minus_opposite_cosine,5410,0.05949411789576209
overall,dz_pred,300,MAP_same_minus_opposite_cosine,5454,0.005161692202091173
overall,dz_pred,300,MAP_same_minus_opposite_cosine,5516,0.06442270676294959
overall,dz_pred,300,MAP_same_minus_opposite_cosine,5600,0.021525413634484236
overall,dz_pred,300,MAP_same_minus_opposite_cosine,5778,0.022144023883037045
overall,dz_pred,300,MAP_same_minus_opposite_cosine,5826,-0.018327564199765445
overall,dz_pred,300,MAP_same_minus_opposite_cosine,5961,-0.0056067984264630555
overall,dz_pred,300,MAP_same_minus_opposite_cosine,5989,-0.025568456451098065
overall,dz_pred,300,MAP_same_minus_opposite_cosine,6025,-0.09685621162255609
overall,dz_pred,300,triplet_accuracy,323,0.5
overall,dz_pred,300,triplet_accuracy,348,0.5666666666666667
overall,dz_pred,300,triplet_accuracy,391,0.48333333333333334
overall,dz_pred,300,triplet_accuracy,683,0.6333333333333333
overall,dz_pred,300,triplet_accuracy,747,0.4
overall,dz_pred,300,triplet_accuracy,750,0.43333333333333335
overall,dz_pred,300,triplet_accuracy,758,0.5666666666666667
overall,dz_pred,300,triplet_accuracy,843,0.7
overall,dz_pred,300,triplet_accuracy,967,0.5666666666666667
overall,dz_pred,300,triplet_accuracy,1014,0.5166666666666667
overall,dz_pred,300,triplet_accuracy,1092,0.4666666666666667
overall,dz_pred,300,triplet_accuracy,1193,0.5
overall,dz_pred,300,triplet_accuracy,1335,0.55
overall,dz_pred,300,triplet_accuracy,1480,0.5166666666666667
overall,dz_pred,300,triplet_accuracy,1566,0.5166666666666667
overall,dz_pred,300,triplet_accuracy,1839,0.45
overall,dz_pred,300,triplet_accuracy,1943,0.6666666666666666
overall,dz_pred,300,triplet_accuracy,2005,0.55
overall,dz_pred,300,triplet_accuracy,2048,0.55
overall,dz_pred,300,triplet_accuracy,2173,0.55
overall,dz_pred,300,triplet_accuracy,2263,0.5
overall,dz_pred,300,triplet_accuracy,2303,0.5333333333333333
overall,dz_pred,300,triplet_accuracy,2308,0.4666666666666667
overall,dz_pred,300,triplet_accuracy,2347,0.5666666666666667
overall,dz_pred,300,triplet_accuracy,2361,0.6333333333333333
overall,dz_pred,300,triplet_accuracy,2567,0.6333333333333333
overall,dz_pred,300,triplet_accuracy,2943,0.5833333333333334
overall,dz_pred,300,triplet_accuracy,2988,0.5666666666666667
overall,dz_pred,300,triplet_accuracy,3261,0.55
overall,dz_pred,300,triplet_accuracy,3354,0.5666666666666667
overall,dz_pred,300,triplet_accuracy,3525,0.5166666666666667
overall,dz_pred,300,triplet_accuracy,3569,0.5666666666666667
overall,dz_pred,300,triplet_accuracy,3593,0.48333333333333334
overall,dz_pred,300,triplet_accuracy,3768,0.5
overall,dz_pred,300,triplet_accuracy,3852,0.5333333333333333
overall,dz_pred,300,triplet_accuracy,3967,0.5333333333333333
overall,dz_pred,300,triplet_accuracy,3978,0.65
overall,dz_pred,300,triplet_accuracy,3985,0.5833333333333334
overall,dz_pred,300,triplet_accuracy,4016,0.43333333333333335
overall,dz_pred,300,triplet_accuracy,4293,0.45
overall,dz_pred,300,triplet_accuracy,4312,0.5833333333333334
overall,dz_pred,300,triplet_accuracy,4529,0.6333333333333333
overall,dz_pred,300,triplet_accuracy,4540,0.5
overall,dz_pred,300,triplet_accuracy,4686,0.7166666666666667
overall,dz_pred,300,triplet_accuracy,4821,0.6166666666666667
overall,dz_pred,300,triplet_accuracy,4865,0.5666666666666667
overall,dz_pred,300,triplet_accuracy,4944,0.4
overall,dz_pred,300,triplet_accuracy,5309,0.5833333333333334
overall,dz_pred,300,triplet_accuracy,5377,0.5333333333333333
overall,dz_pred,300,triplet_accuracy,5410,0.65
overall,dz_pred,300,triplet_accuracy,5454,0.5333333333333333
overall,dz_pred,300,triplet_accuracy,5516,0.5833333333333334
overall,dz_pred,300,triplet_accuracy,5600,0.5333333333333333
overall,dz_pred,300,triplet_accuracy,5778,0.4166666666666667
overall,dz_pred,300,triplet_accuracy,5989,0.5833333333333334
overall,dz_pred,300,triplet_accuracy,6025,0.4666666666666667
stable_action_Q1,dz_pred,300,BIS_same_minus_opposite_cosine,105,0.042717386569295634
stable_action_Q1,dz_pred,300,BIS_same_minus_opposite_cosine,323,0.109718707203865
stable_action_Q1,dz_pred,300,BIS_same_minus_opposite_cosine,348,0.009979248046875
stable_action_Q1,dz_pred,300,BIS_same_minus_opposite_cosine,391,-0.13165758188926813
stable_action_Q1,dz_pred,300,BIS_same_minus_opposite_cosine,683,0.014647158935214621
stable_action_Q1,dz_pred,300,BIS_same_minus_opposite_cosine,747,0.09648926556110382
stable_action_Q1,dz_pred,300,BIS_same_minus_opposite_cosine,750,-0.02084090168390318
stable_action_Q1,dz_pred,300,BIS_same_minus_opposite_cosine,758,0.1503880197803179
stable_action_Q1,dz_pred,300,BIS_same_minus_opposite_cosine,843,0.003033395546177986
stable_action_Q1,dz_pred,300,BIS_same_minus_opposite_cosine,877,0.06019891649484632
stable_action_Q1,dz_pred,300,BIS_same_minus_opposite_cosine,926,-0.15879029408097267
stable_action_Q1,dz_pred,300,BIS_same_minus_opposite_cosine,967,0.04629771659771598
stable_action_Q1,dz_pred,300,BIS_same_minus_opposite_cosine,992,0.06280389328797664
stable_action_Q1,dz_pred,300,BIS_same_minus_opposite_cosine,1014,-0.06778913966069611
stable_action_Q1,dz_pred,300,BIS_same_minus_opposite_cosine,1092,0.07686971127986908
stable_action_Q1,dz_pred,300,BIS_same_minus_opposite_cosine,1193,0.21339654897650084
stable_action_Q1,dz_pred,300,BIS_same_minus_opposite_cosine,1308,0.025773799667755726
stable_action_Q1,dz_pred,300,BIS_same_minus_opposite_cosine,1335,0.02380614653229718
stable_action_Q1,dz_pred,300,BIS_same_minus_opposite_cosine,1480,-0.019657694631152745
stable_action_Q1,dz_pred,300,BIS_same_minus_opposite_cosine,1566,0.05617788732051854
stable_action_Q1,dz_pred,300,BIS_same_minus_opposite_cosine,1636,-0.43068818747997284
stable_action_Q1,dz_pred,300,BIS_same_minus_opposite_cosine,1644,0.15523704247815273
stable_action_Q1,dz_pred,300,BIS_same_minus_opposite_cosine,1839,0.012380474380084494
stable_action_Q1,dz_pred,300,BIS_same_minus_opposite_cosine,1943,0.25533847691434797
stable_action_Q1,dz_pred,300,BIS_same_minus_opposite_cosine,2005,-0.11191638683279354
stable_action_Q1,dz_pred,300,BIS_same_minus_opposite_cosine,2048,0.0672947118679682
stable_action_Q1,dz_pred,300,BIS_same_minus_opposite_cosine,2173,0.07300942055316584
stable_action_Q1,dz_pred,300,BIS_same_minus_opposite_cosine,2263,0.081118089457353
stable_action_Q1,dz_pred,300,BIS_same_minus_opposite_cosine,2303,0.11442626199939032
stable_action_Q1,dz_pred,300,BIS_same_minus_opposite_cosine,2308,-0.04576293037583423
stable_action_Q1,dz_pred,300,BIS_same_minus_opposite_cosine,2347,0.011508377889792087
stable_action_Q1,dz_pred,300,BIS_same_minus_opposite_cosine,2361,-0.04930723127391601
stable_action_Q1,dz_pred,300,BIS_same_minus_opposite_cosine,2567,0.04409580373515687
stable_action_Q1,dz_pred,300,BIS_same_minus_opposite_cosine,2900,-0.0023380244771639136
stable_action_Q1,dz_pred,300,BIS_same_minus_opposite_cosine,2943,0.12799699418246746
stable_action_Q1,dz_pred,300,BIS_same_minus_opposite_cosine,2946,0.14860670144359267
stable_action_Q1,dz_pred,300,BIS_same_minus_opposite_cosine,2988,-0.028430573642253876
stable_action_Q1,dz_pred,300,BIS_same_minus_opposite_cosine,3261,0.03090123956402141
stable_action_Q1,dz_pred,300,BIS_same_minus_opposite_cosine,3354,-0.0878760305543741
stable_action_Q1,dz_pred,300,BIS_same_minus_opposite_cosine,3387,0.13208824313349188
stable_action_Q1,dz_pred,300,BIS_same_minus_opposite_cosine,3485,0.05700986459851265
stable_action_Q1,dz_pred,300,BIS_same_minus_opposite_cosine,3525,-0.133474829367229
stable_action_Q1,dz_pred,300,BIS_same_minus_opposite_cosine,3569,-0.052757859230041504
stable_action_Q1,dz_pred,300,BIS_same_minus_opposite_cosine,3593,0.3083673492074013
stable_action_Q1,dz_pred,300,BIS_same_minus_opposite_cosine,3613,0.07248981731633353
stable_action_Q1,dz_pred,300,BIS_same_minus_opposite_cosine,3764,-0.383836350341638
stable_action_Q1,dz_pred,300,BIS_same_minus_opposite_cosine,3768,0.008025235679903764
stable_action_Q1,dz_pred,300,BIS_same_minus_opposite_cosine,3852,0.32757671222542273
stable_action_Q1,dz_pred,300,BIS_same_minus_opposite_cosine,3967,0.05800990921755633
stable_action_Q1,dz_pred,300,BIS_same_minus_opposite_cosine,3976,0.13622188658425305
stable_action_Q1,dz_pred,300,BIS_same_minus_opposite_cosine,3978,0.0660320578349961
stable_action_Q1,dz_pred,300,BIS_same_minus_opposite_cosine,3985,0.07305221839083564
stable_action_Q1,dz_pred,300,BIS_same_minus_opposite_cosine,4016,0.04672388145417883
stable_action_Q1,dz_pred,300,BIS_same_minus_opposite_cosine,4080,-0.17882341236779187
stable_action_Q1,dz_pred,300,BIS_same_minus_opposite_cosine,4293,0.045461534324920616
stable_action_Q1,dz_pred,300,BIS_same_minus_opposite_cosine,4312,0.11780090102305019
stable_action_Q1,dz_pred,300,BIS_same_minus_opposite_cosine,4529,-0.045239628038623136
stable_action_Q1,dz_pred,300,BIS_same_minus_opposite_cosine,4540,0.030079873402913404
stable_action_Q1,dz_pred,300,BIS_same_minus_opposite_cosine,4638,-0.10647359024733305
stable_action_Q1,dz_pred,300,BIS_same_minus_opposite_cosine,4686,0.016509409655224183
stable_action_Q1,dz_pred,300,BIS_same_minus_opposite_cosine,4821,0.05329171816507983
stable_action_Q1,dz_pred,300,BIS_same_minus_opposite_cosine,4865,0.04940295517444615
stable_action_Q1,dz_pred,300,BIS_same_minus_opposite_cosine,4944,0.21382630639003986
stable_action_Q1,dz_pred,300,BIS_same_minus_opposite_cosine,5309,-0.0020820041497549013
stable_action_Q1,dz_pred,300,BIS_same_minus_opposite_cosine,5377,-0.004634026024076698
stable_action_Q1,dz_pred,300,BIS_same_minus_opposite_cosine,5410,0.007062270243962665
stable_action_Q1,dz_pred,300,BIS_same_minus_opposite_cosine,5454,-0.0824877992272377
stable_action_Q1,dz_pred,300,BIS_same_minus_opposite_cosine,5516,0.17347858150800077
stable_action_Q1,dz_pred,300,BIS_same_minus_opposite_cosine,5600,0.013060682586261252
stable_action_Q1,dz_pred,300,BIS_same_minus_opposite_cosine,5778,0.04858904033899303
stable_action_Q1,dz_pred,300,BIS_same_minus_opposite_cosine,5826,0.11168752279546523
stable_action_Q1,dz_pred,300,BIS_same_minus_opposite_cosine,5961,-0.005050872530167283
stable_action_Q1,dz_pred,300,BIS_same_minus_opposite_cosine,5989,-0.027528604661876455
stable_action_Q1,dz_pred,300,BIS_same_minus_opposite_cosine,6025,0.12185981734232465
stable_action_Q1,dz_pred,300,MAP_same_minus_opposite_cosine,105,-0.12240386009216309
stable_action_Q1,dz_pred,300,MAP_same_minus_opposite_cosine,323,0.18672628842648997
stable_action_Q1,dz_pred,300,MAP_same_minus_opposite_cosine,348,0.04311015109221139
stable_action_Q1,dz_pred,300,MAP_same_minus_opposite_cosine,391,-0.042406365275382996
stable_action_Q1,dz_pred,300,MAP_same_minus_opposite_cosine,683,0.07353940357764566
stable_action_Q1,dz_pred,300,MAP_same_minus_opposite_cosine,747,0.07136822695081879
stable_action_Q1,dz_pred,300,MAP_same_minus_opposite_cosine,750,0.09592215716838837
stable_action_Q1,dz_pred,300,MAP_same_minus_opposite_cosine,758,-0.028558292623722115
stable_action_Q1,dz_pred,300,MAP_same_minus_opposite_cosine,843,0.0807824046129273
stable_action_Q1,dz_pred,300,MAP_same_minus_opposite_cosine,877,0.07405728474259377
stable_action_Q1,dz_pred,300,MAP_same_minus_opposite_cosine,926,0.013344519833723645
stable_action_Q1,dz_pred,300,MAP_same_minus_opposite_cosine,967,0.13932060595187867
stable_action_Q1,dz_pred,300,MAP_same_minus_opposite_cosine,992,0.2689241646301179
stable_action_Q1,dz_pred,300,MAP_same_minus_opposite_cosine,1014,0.17091079884105254
stable_action_Q1,dz_pred,300,MAP_same_minus_opposite_cosine,1092,0.0461354826887449
stable_action_Q1,dz_pred,300,MAP_same_minus_opposite_cosine,1193,0.06890810156861937
stable_action_Q1,dz_pred,300,MAP_same_minus_opposite_cosine,1308,-0.0011709767083326605
stable_action_Q1,dz_pred,300,MAP_same_minus_opposite_cosine,1335,-0.09727112576365471
stable_action_Q1,dz_pred,300,MAP_same_minus_opposite_cosine,1480,-0.050109123190244076
stable_action_Q1,dz_pred,300,MAP_same_minus_opposite_cosine,1566,-0.06663586554073153
stable_action_Q1,dz_pred,300,MAP_same_minus_opposite_cosine,1644,0.2782412519057591
stable_action_Q1,dz_pred,300,MAP_same_minus_opposite_cosine,1839,-0.012777014212174809
stable_action_Q1,dz_pred,300,MAP_same_minus_opposite_cosine,1943,-0.038648709654808044
stable_action_Q1,dz_pred,300,MAP_same_minus_opposite_cosine,2005,-0.0017989287999543024
stable_action_Q1,dz_pred,300,MAP_same_minus_opposite_cosine,2048,0.13526524479190505
stable_action_Q1,dz_pred,300,MAP_same_minus_opposite_cosine,2173,-0.010350622733434123
stable_action_Q1,dz_pred,300,MAP_same_minus_opposite_cosine,2263,0.14524107798933983
stable_action_Q1,dz_pred,300,MAP_same_minus_opposite_cosine,2303,0.04445355716678834
stable_action_Q1,dz_pred,300,MAP_same_minus_opposite_cosine,2308,-0.0673710185857046
stable_action_Q1,dz_pred,300,MAP_same_minus_opposite_cosine,2347,0.008697554469108582
stable_action_Q1,dz_pred,300,MAP_same_minus_opposite_cosine,2361,-0.014744777232408524
stable_action_Q1,dz_pred,300,MAP_same_minus_opposite_cosine,2567,0.2990692234598101
stable_action_Q1,dz_pred,300,MAP_same_minus_opposite_cosine,2900,0.08914042363564167
stable_action_Q1,dz_pred,300,MAP_same_minus_opposite_cosine,2943,0.05653918824262094
stable_action_Q1,dz_pred,300,MAP_same_minus_opposite_cosine,2946,0.04717174420754111
stable_action_Q1,dz_pred,300,MAP_same_minus_opposite_cosine,2988,0.07722767318288482
stable_action_Q1,dz_pred,300,MAP_same_minus_opposite_cosine,3261,0.06397379375994205
stable_action_Q1,dz_pred,300,MAP_same_minus_opposite_cosine,3354,0.06165807321667671
stable_action_Q1,dz_pred,300,MAP_same_minus_opposite_cosine,3387,0.04563405669548293
stable_action_Q1,dz_pred,300,MAP_same_minus_opposite_cosine,3485,-0.042269567648569706
stable_action_Q1,dz_pred,300,MAP_same_minus_opposite_cosine,3525,-0.15728092193603516
stable_action_Q1,dz_pred,300,MAP_same_minus_opposite_cosine,3569,-0.025472469317416313
stable_action_Q1,dz_pred,300,MAP_same_minus_opposite_cosine,3593,0.006054659932851814
stable_action_Q1,dz_pred,300,MAP_same_minus_opposite_cosine,3613,0.23342567433913552
stable_action_Q1,dz_pred,300,MAP_same_minus_opposite_cosine,3764,-0.0636678814888001
stable_action_Q1,dz_pred,300,MAP_same_minus_opposite_cosine,3768,0.07839241127173102
stable_action_Q1,dz_pred,300,MAP_same_minus_opposite_cosine,3852,-0.08062752268531104
stable_action_Q1,dz_pred,300,MAP_same_minus_opposite_cosine,3967,-0.037918566001786114
stable_action_Q1,dz_pred,300,MAP_same_minus_opposite_cosine,3976,0.07539403769705033
stable_action_Q1,dz_pred,300,MAP_same_minus_opposite_cosine,3978,0.07874223714073503
stable_action_Q1,dz_pred,300,MAP_same_minus_opposite_cosine,3985,-0.12269192047062383
stable_action_Q1,dz_pred,300,MAP_same_minus_opposite_cosine,4016,0.09433378775914514
stable_action_Q1,dz_pred,300,MAP_same_minus_opposite_cosine,4080,0.08752607350999664
stable_action_Q1,dz_pred,300,MAP_same_minus_opposite_cosine,4293,0.07731096570690477
stable_action_Q1,dz_pred,300,MAP_same_minus_opposite_cosine,4312,0.008012793958187103
stable_action_Q1,dz_pred,300,MAP_same_minus_opposite_cosine,4529,0.11689459905028343
stable_action_Q1,dz_pred,300,MAP_same_minus_opposite_cosine,4540,0.2165389082261494
stable_action_Q1,dz_pred,300,MAP_same_minus_opposite_cosine,4638,-0.02254587050640222
stable_action_Q1,dz_pred,300,MAP_same_minus_opposite_cosine,4686,-0.031991933105569914
stable_action_Q1,dz_pred,300,MAP_same_minus_opposite_cosine,4821,-0.06921342859665547
stable_action_Q1,dz_pred,300,MAP_same_minus_opposite_cosine,4865,-0.016005726324187397
stable_action_Q1,dz_pred,300,MAP_same_minus_opposite_cosine,4944,-0.02768380277686655
stable_action_Q1,dz_pred,300,MAP_same_minus_opposite_cosine,5309,0.05682636221701454
stable_action_Q1,dz_pred,300,MAP_same_minus_opposite_cosine,5377,-0.11768754252365654
stable_action_Q1,dz_pred,300,MAP_same_minus_opposite_cosine,5410,-0.02492477496465051
stable_action_Q1,dz_pred,300,MAP_same_minus_opposite_cosine,5454,0.017775213718414284
stable_action_Q1,dz_pred,300,MAP_same_minus_opposite_cosine,5516,-0.1626579595108827
stable_action_Q1,dz_pred,300,MAP_same_minus_opposite_cosine,5600,0.03680481016635895
stable_action_Q1,dz_pred,300,MAP_same_minus_opposite_cosine,5778,0.008669981857140852
stable_action_Q1,dz_pred,300,MAP_same_minus_opposite_cosine,5826,0.06986332560578978
stable_action_Q1,dz_pred,300,MAP_same_minus_opposite_cosine,5961,0.12356897443532944
stable_action_Q1,dz_pred,300,MAP_same_minus_opposite_cosine,5989,0.138750164459149
stable_action_Q1,dz_pred,300,MAP_same_minus_opposite_cosine,6025,-0.08989727293903182
stable_action_Q1,dz_pred,300,triplet_accuracy,323,0.55
stable_action_Q1,dz_pred,300,triplet_accuracy,348,0.6
stable_action_Q1,dz_pred,300,triplet_accuracy,391,0.5
stable_action_Q1,dz_pred,300,triplet_accuracy,683,0.5
stable_action_Q1,dz_pred,300,triplet_accuracy,747,0.55
stable_action_Q1,dz_pred,300,triplet_accuracy,750,0.65
stable_action_Q1,dz_pred,300,triplet_accuracy,758,0.55
stable_action_Q1,dz_pred,300,triplet_accuracy,843,0.75
stable_action_Q1,dz_pred,300,triplet_accuracy,967,0.4
stable_action_Q1,dz_pred,300,triplet_accuracy,1014,0.55
stable_action_Q1,dz_pred,300,triplet_accuracy,1092,0.6
stable_action_Q1,dz_pred,300,triplet_accuracy,1193,0.7
stable_action_Q1,dz_pred,300,triplet_accuracy,1335,0.7
stable_action_Q1,dz_pred,300,triplet_accuracy,1480,0.65
stable_action_Q1,dz_pred,300,triplet_accuracy,1566,0.6
stable_action_Q1,dz_pred,300,triplet_accuracy,1839,0.45
stable_action_Q1,dz_pred,300,triplet_accuracy,1943,0.75
stable_action_Q1,dz_pred,300,triplet_accuracy,2005,0.55
stable_action_Q1,dz_pred,300,triplet_accuracy,2048,0.5
stable_action_Q1,dz_pred,300,triplet_accuracy,2173,0.5
stable_action_Q1,dz_pred,300,triplet_accuracy,2263,0.5
stable_action_Q1,dz_pred,300,triplet_accuracy,2303,0.5
stable_action_Q1,dz_pred,300,triplet_accuracy,2308,0.8
stable_action_Q1,dz_pred,300,triplet_accuracy,2347,0.5
stable_action_Q1,dz_pred,300,triplet_accuracy,2361,0.45
stable_action_Q1,dz_pred,300,triplet_accuracy,2567,0.6
stable_action_Q1,dz_pred,300,triplet_accuracy,2943,0.7
stable_action_Q1,dz_pred,300,triplet_accuracy,2988,0.55
stable_action_Q1,dz_pred,300,triplet_accuracy,3261,0.4
stable_action_Q1,dz_pred,300,triplet_accuracy,3354,0.35
stable_action_Q1,dz_pred,300,triplet_accuracy,3525,0.45
stable_action_Q1,dz_pred,300,triplet_accuracy,3569,0.6
stable_action_Q1,dz_pred,300,triplet_accuracy,3593,0.65
stable_action_Q1,dz_pred,300,triplet_accuracy,3768,0.75
stable_action_Q1,dz_pred,300,triplet_accuracy,3852,0.65
stable_action_Q1,dz_pred,300,triplet_accuracy,3967,0.55
stable_action_Q1,dz_pred,300,triplet_accuracy,3978,0.6
stable_action_Q1,dz_pred,300,triplet_accuracy,3985,0.5
stable_action_Q1,dz_pred,300,triplet_accuracy,4016,0.55
stable_action_Q1,dz_pred,300,triplet_accuracy,4293,0.35
stable_action_Q1,dz_pred,300,triplet_accuracy,4312,0.55
stable_action_Q1,dz_pred,300,triplet_accuracy,4529,0.55
stable_action_Q1,dz_pred,300,triplet_accuracy,4540,0.55
stable_action_Q1,dz_pred,300,triplet_accuracy,4686,0.55
stable_action_Q1,dz_pred,300,triplet_accuracy,4821,0.4
stable_action_Q1,dz_pred,300,triplet_accuracy,4865,0.6
stable_action_Q1,dz_pred,300,triplet_accuracy,4944,0.7
stable_action_Q1,dz_pred,300,triplet_accuracy,5309,0.35
stable_action_Q1,dz_pred,300,triplet_accuracy,5377,0.65
stable_action_Q1,dz_pred,300,triplet_accuracy,5410,0.4
stable_action_Q1,dz_pred,300,triplet_accuracy,5454,0.55
stable_action_Q1,dz_pred,300,triplet_accuracy,5516,0.6
stable_action_Q1,dz_pred,300,triplet_accuracy,5600,0.4
stable_action_Q1,dz_pred,300,triplet_accuracy,5778,0.6
stable_action_Q1,dz_pred,300,triplet_accuracy,5989,0.55
stable_action_Q1,dz_pred,300,triplet_accuracy,6025,0.45
Q4,dz_pred,300,BIS_same_minus_opposite_cosine,105,0.01423399746417997
Q4,dz_pred,300,BIS_same_minus_opposite_cosine,323,0.052285704554782986
Q4,dz_pred,300,BIS_same_minus_opposite_cosine,348,0.046777963638305664
Q4,dz_pred,300,BIS_same_minus_opposite_cosine,391,-0.008824576934178707
Q4,dz_pred,300,BIS_same_minus_opposite_cosine,683,-0.019203896323839786
Q4,dz_pred,300,BIS_same_minus_opposite_cosine,747,-0.0629589845511046
Q4,dz_pred,300,BIS_same_minus_opposite_cosine,750,0.0013125042120616381
Q4,dz_pred,300,BIS_same_minus_opposite_cosine,758,-0.01379483938217163
Q4,dz_pred,300,BIS_same_minus_opposite_cosine,843,-0.029725279836427587
Q4,dz_pred,300,BIS_same_minus_opposite_cosine,877,0.043766627709070804
Q4,dz_pred,300,BIS_same_minus_opposite_cosine,926,0.04420001953840258
Q4,dz_pred,300,BIS_same_minus_opposite_cosine,967,0.021836380163828606
Q4,dz_pred,300,BIS_same_minus_opposite_cosine,992,-0.05279362450043357
Q4,dz_pred,300,BIS_same_minus_opposite_cosine,1014,0.06509227355321257
Q4,dz_pred,300,BIS_same_minus_opposite_cosine,1092,-0.06801764865716298
Q4,dz_pred,300,BIS_same_minus_opposite_cosine,1193,-0.0705760195851326
Q4,dz_pred,300,BIS_same_minus_opposite_cosine,1308,-0.07290635903676357
Q4,dz_pred,300,BIS_same_minus_opposite_cosine,1335,0.10065375703076518
Q4,dz_pred,300,BIS_same_minus_opposite_cosine,1480,0.006122976541519165
Q4,dz_pred,300,BIS_same_minus_opposite_cosine,1566,0.02198100835084915
Q4,dz_pred,300,BIS_same_minus_opposite_cosine,1636,-0.005893682688474677
Q4,dz_pred,300,BIS_same_minus_opposite_cosine,1644,0.14021879299120465
Q4,dz_pred,300,BIS_same_minus_opposite_cosine,1839,0.0496861398220062
Q4,dz_pred,300,BIS_same_minus_opposite_cosine,1943,0.07474984228610992
Q4,dz_pred,300,BIS_same_minus_opposite_cosine,2005,-0.01838402152061458
Q4,dz_pred,300,BIS_same_minus_opposite_cosine,2048,-0.03411252051591873
Q4,dz_pred,300,BIS_same_minus_opposite_cosine,2173,-0.032627763019667744
Q4,dz_pred,300,BIS_same_minus_opposite_cosine,2263,-0.14512619479662847
Q4,dz_pred,300,BIS_same_minus_opposite_cosine,2303,0.034669446674260196
Q4,dz_pred,300,BIS_same_minus_opposite_cosine,2308,0.04214972080219359
Q4,dz_pred,300,BIS_same_minus_opposite_cosine,2347,0.03612155715624488
Q4,dz_pred,300,BIS_same_minus_opposite_cosine,2361,0.020558685064315796
Q4,dz_pred,300,BIS_same_minus_opposite_cosine,2567,0.10567046453555429
Q4,dz_pred,300,BIS_same_minus_opposite_cosine,2900,0.12731097006436543
Q4,dz_pred,300,BIS_same_minus_opposite_cosine,2943,-0.11766503709885812
Q4,dz_pred,300,BIS_same_minus_opposite_cosine,2946,0.0074211955070495605
Q4,dz_pred,300,BIS_same_minus_opposite_cosine,2988,0.03739061951637268
Q4,dz_pred,300,BIS_same_minus_opposite_cosine,3261,0.04669506456702943
Q4,dz_pred,300,BIS_same_minus_opposite_cosine,3354,-0.009401622911294316
Q4,dz_pred,300,BIS_same_minus_opposite_cosine,3387,0.008906019727389025
Q4,dz_pred,300,BIS_same_minus_opposite_cosine,3485,-0.059087824866627114
Q4,dz_pred,300,BIS_same_minus_opposite_cosine,3525,0.011433868245644963
Q4,dz_pred,300,BIS_same_minus_opposite_cosine,3569,0.07163843264182401
Q4,dz_pred,300,BIS_same_minus_opposite_cosine,3593,0.05866014634569494
Q4,dz_pred,300,BIS_same_minus_opposite_cosine,3613,0.09944456883452157
Q4,dz_pred,300,BIS_same_minus_opposite_cosine,3764,0.07386863728364312
Q4,dz_pred,300,BIS_same_minus_opposite_cosine,3768,0.18510993163694034
Q4,dz_pred,300,BIS_same_minus_opposite_cosine,3852,-0.030225560069084167
Q4,dz_pred,300,BIS_same_minus_opposite_cosine,3967,0.05559899608294161
Q4,dz_pred,300,BIS_same_minus_opposite_cosine,3976,0.03329599739024136
Q4,dz_pred,300,BIS_same_minus_opposite_cosine,3978,-0.08383568056992119
Q4,dz_pred,300,BIS_same_minus_opposite_cosine,3985,0.029599212855100587
Q4,dz_pred,300,BIS_same_minus_opposite_cosine,4016,-0.036552975575129154
Q4,dz_pred,300,BIS_same_minus_opposite_cosine,4080,0.09734044472376502
Q4,dz_pred,300,BIS_same_minus_opposite_cosine,4293,-0.006745553678936478
Q4,dz_pred,300,BIS_same_minus_opposite_cosine,4312,0.07121450536780882
Q4,dz_pred,300,BIS_same_minus_opposite_cosine,4529,0.05940896107090843
Q4,dz_pred,300,BIS_same_minus_opposite_cosine,4540,0.13008375736800104
Q4,dz_pred,300,BIS_same_minus_opposite_cosine,4638,-0.007029782732327794
Q4,dz_pred,300,BIS_same_minus_opposite_cosine,4686,-0.008090789570952994
Q4,dz_pred,300,BIS_same_minus_opposite_cosine,4821,-0.0161169171333313
Q4,dz_pred,300,BIS_same_minus_opposite_cosine,4865,0.08808213273684184
Q4,dz_pred,300,BIS_same_minus_opposite_cosine,4944,0.09173656751712167
Q4,dz_pred,300,BIS_same_minus_opposite_cosine,5309,0.1850915749867757
Q4,dz_pred,300,BIS_same_minus_opposite_cosine,5377,0.05206386248270678
Q4,dz_pred,300,BIS_same_minus_opposite_cosine,5410,0.06447549802916386
Q4,dz_pred,300,BIS_same_minus_opposite_cosine,5454,-0.007216850419839216
Q4,dz_pred,300,BIS_same_minus_opposite_cosine,5516,0.12790015935897825
Q4,dz_pred,300,BIS_same_minus_opposite_cosine,5600,0.06754469374815619
Q4,dz_pred,300,BIS_same_minus_opposite_cosine,5778,0.12260738884409272
Q4,dz_pred,300,BIS_same_minus_opposite_cosine,5826,0.027256488800048828
Q4,dz_pred,300,BIS_same_minus_opposite_cosine,5961,-0.009831503033638
Q4,dz_pred,300,BIS_same_minus_opposite_cosine,5989,0.005573055810398464
Q4,dz_pred,300,BIS_same_minus_opposite_cosine,6025,0.14263597559748276
Q4,dz_pred,300,MAP_same_minus_opposite_cosine,105,0.05027024380185385
Q4,dz_pred,300,MAP_same_minus_opposite_cosine,323,0.022647904025183796
Q4,dz_pred,300,MAP_same_minus_opposite_cosine,348,-0.042095497250556946
Q4,dz_pred,300,MAP_same_minus_opposite_cosine,391,-0.029521233505672928
Q4,dz_pred,300,MAP_same_minus_opposite_cosine,683,-0.04711677134037018
Q4,dz_pred,300,MAP_same_minus_opposite_cosine,747,0.09103398803960194
Q4,dz_pred,300,MAP_same_minus_opposite_cosine,750,0.08188033884479884
Q4,dz_pred,300,MAP_same_minus_opposite_cosine,758,0.05615619818369544
Q4,dz_pred,300,MAP_same_minus_opposite_cosine,843,-0.03601851984858517
Q4,dz_pred,300,MAP_same_minus_opposite_cosine,877,-0.030218423406283
Q4,dz_pred,300,MAP_same_minus_opposite_cosine,926,-0.024860508739948273
Q4,dz_pred,300,MAP_same_minus_opposite_cosine,967,-0.04072985905363713
Q4,dz_pred,300,MAP_same_minus_opposite_cosine,992,-0.020876612691652197
Q4,dz_pred,300,MAP_same_minus_opposite_cosine,1014,-0.08561583360036218
Q4,dz_pred,300,MAP_same_minus_opposite_cosine,1092,-0.015096202492713928
Q4,dz_pred,300,MAP_same_minus_opposite_cosine,1193,0.058684493104616875
Q4,dz_pred,300,MAP_same_minus_opposite_cosine,1308,-0.0847418963006048
Q4,dz_pred,300,MAP_same_minus_opposite_cosine,1335,0.055581743021806074
Q4,dz_pred,300,MAP_same_minus_opposite_cosine,1480,-0.058062540988127354
Q4,dz_pred,300,MAP_same_minus_opposite_cosine,1566,0.011077897179694318
Q4,dz_pred,300,MAP_same_minus_opposite_cosine,1636,0.09833438073595369
Q4,dz_pred,300,MAP_same_minus_opposite_cosine,1644,-0.07500646263360977
Q4,dz_pred,300,MAP_same_minus_opposite_cosine,1839,0.20214265615989768
Q4,dz_pred,300,MAP_same_minus_opposite_cosine,1943,0.06071030249198284
Q4,dz_pred,300,MAP_same_minus_opposite_cosine,2005,-0.017574749661214417
Q4,dz_pred,300,MAP_same_minus_opposite_cosine,2048,0.05484354141212644
Q4,dz_pred,300,MAP_same_minus_opposite_cosine,2173,-0.11500544150670378
Q4,dz_pred,300,MAP_same_minus_opposite_cosine,2263,-0.04488069835034281
Q4,dz_pred,300,MAP_same_minus_opposite_cosine,2303,-0.0061402554313341184
Q4,dz_pred,300,MAP_same_minus_opposite_cosine,2308,0.05046604325373971
Q4,dz_pred,300,MAP_same_minus_opposite_cosine,2347,0.021818182233608208
Q4,dz_pred,300,MAP_same_minus_opposite_cosine,2361,-0.05910484492778778
Q4,dz_pred,300,MAP_same_minus_opposite_cosine,2567,-0.007512764916533521
Q4,dz_pred,300,MAP_same_minus_opposite_cosine,2900,0.08757220705350244
Q4,dz_pred,300,MAP_same_minus_opposite_cosine,2943,0.07180692120031873
Q4,dz_pred,300,MAP_same_minus_opposite_cosine,2946,0.09484575959769159
Q4,dz_pred,300,MAP_same_minus_opposite_cosine,2988,0.0956729228297869
Q4,dz_pred,300,MAP_same_minus_opposite_cosine,3261,0.06427031631271052
Q4,dz_pred,300,MAP_same_minus_opposite_cosine,3354,-0.07571183844949259
Q4,dz_pred,300,MAP_same_minus_opposite_cosine,3387,-0.08732238064209619
Q4,dz_pred,300,MAP_same_minus_opposite_cosine,3485,0.03511386613051104
Q4,dz_pred,300,MAP_same_minus_opposite_cosine,3525,-0.07079377770423889
Q4,dz_pred,300,MAP_same_minus_opposite_cosine,3569,0.021266893380218033
Q4,dz_pred,300,MAP_same_minus_opposite_cosine,3593,0.10135760813048389
Q4,dz_pred,300,MAP_same_minus_opposite_cosine,3613,-0.007272049333109987
Q4,dz_pred,300,MAP_same_minus_opposite_cosine,3764,0.09658198969231713
Q4,dz_pred,300,MAP_same_minus_opposite_cosine,3768,-0.031468423252755895
Q4,dz_pred,300,MAP_same_minus_opposite_cosine,3852,0.06314999994003412
Q4,dz_pred,300,MAP_same_minus_opposite_cosine,3967,-0.002727198104063633
Q4,dz_pred,300,MAP_same_minus_opposite_cosine,3976,0.060659161872334
Q4,dz_pred,300,MAP_same_minus_opposite_cosine,3978,0.03472531248222699
Q4,dz_pred,300,MAP_same_minus_opposite_cosine,3985,0.015958649190989438
Q4,dz_pred,300,MAP_same_minus_opposite_cosine,4016,-0.05425262848536172
Q4,dz_pred,300,MAP_same_minus_opposite_cosine,4080,0.04332174162069957
Q4,dz_pred,300,MAP_same_minus_opposite_cosine,4293,-0.011163469403982162
Q4,dz_pred,300,MAP_same_minus_opposite_cosine,4312,-0.028907600045204207
Q4,dz_pred,300,MAP_same_minus_opposite_cosine,4529,-0.04722290237744642
Q4,dz_pred,300,MAP_same_minus_opposite_cosine,4540,-0.06077404071887338
Q4,dz_pred,300,MAP_same_minus_opposite_cosine,4638,0.017977174371480942
Q4,dz_pred,300,MAP_same_minus_opposite_cosine,4686,0.028317013473221797
Q4,dz_pred,300,MAP_same_minus_opposite_cosine,4821,-0.07788143120706076
Q4,dz_pred,300,MAP_same_minus_opposite_cosine,4865,-0.0265353143215179
Q4,dz_pred,300,MAP_same_minus_opposite_cosine,4944,0.10084463324811721
Q4,dz_pred,300,MAP_same_minus_opposite_cosine,5309,-0.005064631501833672
Q4,dz_pred,300,MAP_same_minus_opposite_cosine,5377,0.10399965569376945
Q4,dz_pred,300,MAP_same_minus_opposite_cosine,5410,0.008605357372399536
Q4,dz_pred,300,MAP_same_minus_opposite_cosine,5454,-0.10631949277151198
Q4,dz_pred,300,MAP_same_minus_opposite_cosine,5516,-0.015549323324001274
Q4,dz_pred,300,MAP_same_minus_opposite_cosine,5600,0.0012487263390512648
Q4,dz_pred,300,MAP_same_minus_opposite_cosine,5778,-0.04558254033327103
Q4,dz_pred,300,MAP_same_minus_opposite_cosine,5826,0.00248442093531287
Q4,dz_pred,300,MAP_same_minus_opposite_cosine,5961,0.012143755952517155
Q4,dz_pred,300,MAP_same_minus_opposite_cosine,5989,0.012324053229707643
Q4,dz_pred,300,MAP_same_minus_opposite_cosine,6025,-0.08463316255559528
Q4,dz_pred,300,triplet_accuracy,323,0.8
Q4,dz_pred,300,triplet_accuracy,348,0.4
Q4,dz_pred,300,triplet_accuracy,391,0.65
Q4,dz_pred,300,triplet_accuracy,683,0.45
Q4,dz_pred,300,triplet_accuracy,747,0.65
Q4,dz_pred,300,triplet_accuracy,750,0.65
Q4,dz_pred,300,triplet_accuracy,758,0.45
Q4,dz_pred,300,triplet_accuracy,843,0.5
Q4,dz_pred,300,triplet_accuracy,967,0.55
Q4,dz_pred,300,triplet_accuracy,1014,0.55
Q4,dz_pred,300,triplet_accuracy,1092,0.7
Q4,dz_pred,300,triplet_accuracy,1193,0.7
Q4,dz_pred,300,triplet_accuracy,1335,0.7
Q4,dz_pred,300,triplet_accuracy,1480,0.45
Q4,dz_pred,300,triplet_accuracy,1566,0.4
Q4,dz_pred,300,triplet_accuracy,1839,0.6
Q4,dz_pred,300,triplet_accuracy,1943,0.7
Q4,dz_pred,300,triplet_accuracy,2005,0.45
Q4,dz_pred,300,triplet_accuracy,2048,0.55
Q4,dz_pred,300,triplet_accuracy,2173,0.7
Q4,dz_pred,300,triplet_accuracy,2263,0.5
Q4,dz_pred,300,triplet_accuracy,2303,0.35
Q4,dz_pred,300,triplet_accuracy,2308,0.7
Q4,dz_pred,300,triplet_accuracy,2347,0.45
Q4,dz_pred,300,triplet_accuracy,2361,0.6
Q4,dz_pred,300,triplet_accuracy,2567,0.45
Q4,dz_pred,300,triplet_accuracy,2943,0.5
Q4,dz_pred,300,triplet_accuracy,2988,0.65
Q4,dz_pred,300,triplet_accuracy,3261,0.5
Q4,dz_pred,300,triplet_accuracy,3354,0.65
Q4,dz_pred,300,triplet_accuracy,3525,0.6
Q4,dz_pred,300,triplet_accuracy,3569,0.55
Q4,dz_pred,300,triplet_accuracy,3593,0.65
Q4,dz_pred,300,triplet_accuracy,3768,0.4
Q4,dz_pred,300,triplet_accuracy,3852,0.5
Q4,dz_pred,300,triplet_accuracy,3967,0.7
Q4,dz_pred,300,triplet_accuracy,3978,0.4
Q4,dz_pred,300,triplet_accuracy,3985,0.55
Q4,dz_pred,300,triplet_accuracy,4016,0.35
Q4,dz_pred,300,triplet_accuracy,4293,0.5
Q4,dz_pred,300,triplet_accuracy,4312,0.4
Q4,dz_pred,300,triplet_accuracy,4529,0.65
Q4,dz_pred,300,triplet_accuracy,4540,0.6
Q4,dz_pred,300,triplet_accuracy,4686,0.6
Q4,dz_pred,300,triplet_accuracy,4821,0.5
Q4,dz_pred,300,triplet_accuracy,4865,0.55
Q4,dz_pred,300,triplet_accuracy,4944,0.55
Q4,dz_pred,300,triplet_accuracy,5309,0.45
Q4,dz_pred,300,triplet_accuracy,5377,0.55
Q4,dz_pred,300,triplet_accuracy,5410,0.45
Q4,dz_pred,300,triplet_accuracy,5454,0.5
Q4,dz_pred,300,triplet_accuracy,5516,0.75
Q4,dz_pred,300,triplet_accuracy,5600,0.7
Q4,dz_pred,300,triplet_accuracy,5778,0.45
Q4,dz_pred,300,triplet_accuracy,5989,0.6
Q4,dz_pred,300,triplet_accuracy,6025,0.45
upcoming_large_intervention,dz_pred,300,BIS_same_minus_opposite_cosine,105,-0.004471263876467013
upcoming_large_intervention,dz_pred,300,BIS_same_minus_opposite_cosine,323,-0.047053348273038864
upcoming_large_intervention,dz_pred,300,BIS_same_minus_opposite_cosine,348,0.07565667502807849
upcoming_large_intervention,dz_pred,300,BIS_same_minus_opposite_cosine,391,-0.03450365364551544
upcoming_large_intervention,dz_pred,300,BIS_same_minus_opposite_cosine,683,0.02814021375444209
upcoming_large_intervention,dz_pred,300,BIS_same_minus_opposite_cosine,747,-0.04681038781718322
upcoming_large_intervention,dz_pred,300,BIS_same_minus_opposite_cosine,750,-0.01800912949774003
upcoming_large_intervention,dz_pred,300,BIS_same_minus_opposite_cosine,758,-0.026628761862715122
upcoming_large_intervention,dz_pred,300,BIS_same_minus_opposite_cosine,843,0.19617677868033445
upcoming_large_intervention,dz_pred,300,BIS_same_minus_opposite_cosine,877,0.03372112413247419
upcoming_large_intervention,dz_pred,300,BIS_same_minus_opposite_cosine,926,0.14568512803978395
upcoming_large_intervention,dz_pred,300,BIS_same_minus_opposite_cosine,967,0.03605646730372403
upcoming_large_intervention,dz_pred,300,BIS_same_minus_opposite_cosine,992,0.018464548720253826
upcoming_large_intervention,dz_pred,300,BIS_same_minus_opposite_cosine,1014,0.07820287346839905
upcoming_large_intervention,dz_pred,300,BIS_same_minus_opposite_cosine,1092,-0.053007956594228745
upcoming_large_intervention,dz_pred,300,BIS_same_minus_opposite_cosine,1193,-0.03188712398211169
upcoming_large_intervention,dz_pred,300,BIS_same_minus_opposite_cosine,1308,0.1168128437165058
upcoming_large_intervention,dz_pred,300,BIS_same_minus_opposite_cosine,1335,0.04894033173720036
upcoming_large_intervention,dz_pred,300,BIS_same_minus_opposite_cosine,1480,0.015415551761786106
upcoming_large_intervention,dz_pred,300,BIS_same_minus_opposite_cosine,1566,0.017052841683228848
upcoming_large_intervention,dz_pred,300,BIS_same_minus_opposite_cosine,1636,0.03809612592061362
upcoming_large_intervention,dz_pred,300,BIS_same_minus_opposite_cosine,1644,-0.015122362722953198
upcoming_large_intervention,dz_pred,300,BIS_same_minus_opposite_cosine,1839,0.09445115327835085
upcoming_large_intervention,dz_pred,300,BIS_same_minus_opposite_cosine,1943,0.07661185413599014
upcoming_large_intervention,dz_pred,300,BIS_same_minus_opposite_cosine,2005,-0.008321260412534115
upcoming_large_intervention,dz_pred,300,BIS_same_minus_opposite_cosine,2048,-0.04242909722255939
upcoming_large_intervention,dz_pred,300,BIS_same_minus_opposite_cosine,2173,0.03182678321997323
upcoming_large_intervention,dz_pred,300,BIS_same_minus_opposite_cosine,2263,0.12624033517909772
upcoming_large_intervention,dz_pred,300,BIS_same_minus_opposite_cosine,2303,0.019954850276311276
upcoming_large_intervention,dz_pred,300,BIS_same_minus_opposite_cosine,2308,-0.012204940989613555
upcoming_large_intervention,dz_pred,300,BIS_same_minus_opposite_cosine,2347,0.0014781281352043152
upcoming_large_intervention,dz_pred,300,BIS_same_minus_opposite_cosine,2361,0.0020755603909492493
upcoming_large_intervention,dz_pred,300,BIS_same_minus_opposite_cosine,2567,-0.06477051521792565
upcoming_large_intervention,dz_pred,300,BIS_same_minus_opposite_cosine,2900,0.07916013896465302
upcoming_large_intervention,dz_pred,300,BIS_same_minus_opposite_cosine,2943,0.0816226452589035
upcoming_large_intervention,dz_pred,300,BIS_same_minus_opposite_cosine,2946,-0.032176728049914005
upcoming_large_intervention,dz_pred,300,BIS_same_minus_opposite_cosine,2988,0.011812865734100342
upcoming_large_intervention,dz_pred,300,BIS_same_minus_opposite_cosine,3261,0.0017780748506386335
upcoming_large_intervention,dz_pred,300,BIS_same_minus_opposite_cosine,3354,-0.0292454842064116
upcoming_large_intervention,dz_pred,300,BIS_same_minus_opposite_cosine,3387,-0.04964331856795723
upcoming_large_intervention,dz_pred,300,BIS_same_minus_opposite_cosine,3485,-0.032281284176167935
upcoming_large_intervention,dz_pred,300,BIS_same_minus_opposite_cosine,3525,0.1104189778367678
upcoming_large_intervention,dz_pred,300,BIS_same_minus_opposite_cosine,3569,0.023867629694216186
upcoming_large_intervention,dz_pred,300,BIS_same_minus_opposite_cosine,3593,0.032786041498184204
upcoming_large_intervention,dz_pred,300,BIS_same_minus_opposite_cosine,3613,-0.03678688542409381
upcoming_large_intervention,dz_pred,300,BIS_same_minus_opposite_cosine,3764,0.038813106264128816
upcoming_large_intervention,dz_pred,300,BIS_same_minus_opposite_cosine,3768,0.07311391457915306
upcoming_large_intervention,dz_pred,300,BIS_same_minus_opposite_cosine,3852,0.06888346125682199
upcoming_large_intervention,dz_pred,300,BIS_same_minus_opposite_cosine,3967,0.05367392933729931
upcoming_large_intervention,dz_pred,300,BIS_same_minus_opposite_cosine,3976,-0.014936044812202454
upcoming_large_intervention,dz_pred,300,BIS_same_minus_opposite_cosine,3978,-0.01661246187157106
upcoming_large_intervention,dz_pred,300,BIS_same_minus_opposite_cosine,3985,0.05302130679289507
upcoming_large_intervention,dz_pred,300,BIS_same_minus_opposite_cosine,4016,-0.011516143878301022
upcoming_large_intervention,dz_pred,300,BIS_same_minus_opposite_cosine,4080,-0.03552358266380096
upcoming_large_intervention,dz_pred,300,BIS_same_minus_opposite_cosine,4293,0.00624765207370126
upcoming_large_intervention,dz_pred,300,BIS_same_minus_opposite_cosine,4312,0.08453279485305154
upcoming_large_intervention,dz_pred,300,BIS_same_minus_opposite_cosine,4529,0.071922379732132
upcoming_large_intervention,dz_pred,300,BIS_same_minus_opposite_cosine,4540,-0.08333958685398102
upcoming_large_intervention,dz_pred,300,BIS_same_minus_opposite_cosine,4638,0.09685009311545978
upcoming_large_intervention,dz_pred,300,BIS_same_minus_opposite_cosine,4686,0.01523338506619143
upcoming_large_intervention,dz_pred,300,BIS_same_minus_opposite_cosine,4821,0.01312380983973993
upcoming_large_intervention,dz_pred,300,BIS_same_minus_opposite_cosine,4865,0.03252076605955767
upcoming_large_intervention,dz_pred,300,BIS_same_minus_opposite_cosine,4944,0.0008386150002479553
upcoming_large_intervention,dz_pred,300,BIS_same_minus_opposite_cosine,5309,0.0358778644691814
upcoming_large_intervention,dz_pred,300,BIS_same_minus_opposite_cosine,5377,0.03542936096588767
upcoming_large_intervention,dz_pred,300,BIS_same_minus_opposite_cosine,5410,-0.11977346986532211
upcoming_large_intervention,dz_pred,300,BIS_same_minus_opposite_cosine,5454,0.05260998010635376
upcoming_large_intervention,dz_pred,300,BIS_same_minus_opposite_cosine,5516,0.12527215209874243
upcoming_large_intervention,dz_pred,300,BIS_same_minus_opposite_cosine,5600,0.0493839134772619
upcoming_large_intervention,dz_pred,300,BIS_same_minus_opposite_cosine,5778,-0.048329922888013965
upcoming_large_intervention,dz_pred,300,BIS_same_minus_opposite_cosine,5826,-0.04109172703641828
upcoming_large_intervention,dz_pred,300,BIS_same_minus_opposite_cosine,5961,-0.0610959736837281
upcoming_large_intervention,dz_pred,300,BIS_same_minus_opposite_cosine,5989,0.015887853999932644
upcoming_large_intervention,dz_pred,300,BIS_same_minus_opposite_cosine,6025,-0.004006299707624672
upcoming_large_intervention,dz_pred,300,MAP_same_minus_opposite_cosine,105,0.07759450972080228
upcoming_large_intervention,dz_pred,300,MAP_same_minus_opposite_cosine,323,0.09086321791013086
upcoming_large_intervention,dz_pred,300,MAP_same_minus_opposite_cosine,348,0.00013058682282773848
upcoming_large_intervention,dz_pred,300,MAP_same_minus_opposite_cosine,391,0.09911602114637696
upcoming_large_intervention,dz_pred,300,MAP_same_minus_opposite_cosine,683,0.04410006188684035
upcoming_large_intervention,dz_pred,300,MAP_same_minus_opposite_cosine,747,-0.11950010247528553
upcoming_large_intervention,dz_pred,300,MAP_same_minus_opposite_cosine,750,-0.04007230744217383
upcoming_large_intervention,dz_pred,300,MAP_same_minus_opposite_cosine,758,-0.031082632415222466
upcoming_large_intervention,dz_pred,300,MAP_same_minus_opposite_cosine,843,0.06509953950132641
upcoming_large_intervention,dz_pred,300,MAP_same_minus_opposite_cosine,877,-0.04390039642651877
upcoming_large_intervention,dz_pred,300,MAP_same_minus_opposite_cosine,926,-0.02235571091825317
upcoming_large_intervention,dz_pred,300,MAP_same_minus_opposite_cosine,967,0.16276823906671434
upcoming_large_intervention,dz_pred,300,MAP_same_minus_opposite_cosine,992,0.022618524730205536
upcoming_large_intervention,dz_pred,300,MAP_same_minus_opposite_cosine,1014,0.06284097333749128
upcoming_large_intervention,dz_pred,300,MAP_same_minus_opposite_cosine,1092,0.11094990703794683
upcoming_large_intervention,dz_pred,300,MAP_same_minus_opposite_cosine,1193,0.13671952911785668
upcoming_large_intervention,dz_pred,300,MAP_same_minus_opposite_cosine,1308,0.028963814179102654
upcoming_large_intervention,dz_pred,300,MAP_same_minus_opposite_cosine,1335,0.023675334950288174
upcoming_large_intervention,dz_pred,300,MAP_same_minus_opposite_cosine,1480,-0.028849057853221893
upcoming_large_intervention,dz_pred,300,MAP_same_minus_opposite_cosine,1566,0.03801705357101226
upcoming_large_intervention,dz_pred,300,MAP_same_minus_opposite_cosine,1636,0.09853467593590415
upcoming_large_intervention,dz_pred,300,MAP_same_minus_opposite_cosine,1644,-0.12576761841773987
upcoming_large_intervention,dz_pred,300,MAP_same_minus_opposite_cosine,1839,0.025820523500442505
upcoming_large_intervention,dz_pred,300,MAP_same_minus_opposite_cosine,1943,0.0067237906835295735
upcoming_large_intervention,dz_pred,300,MAP_same_minus_opposite_cosine,2005,0.01721850714900275
upcoming_large_intervention,dz_pred,300,MAP_same_minus_opposite_cosine,2048,-0.041876010241962636
upcoming_large_intervention,dz_pred,300,MAP_same_minus_opposite_cosine,2173,-0.04522566497325897
upcoming_large_intervention,dz_pred,300,MAP_same_minus_opposite_cosine,2263,0.08096591300434541
upcoming_large_intervention,dz_pred,300,MAP_same_minus_opposite_cosine,2303,-0.027404720584551456
upcoming_large_intervention,dz_pred,300,MAP_same_minus_opposite_cosine,2308,-0.24290625999371207
upcoming_large_intervention,dz_pred,300,MAP_same_minus_opposite_cosine,2347,-0.029728715618451473
upcoming_large_intervention,dz_pred,300,MAP_same_minus_opposite_cosine,2361,-0.047081346313158634
upcoming_large_intervention,dz_pred,300,MAP_same_minus_opposite_cosine,2567,0.0808729579051336
upcoming_large_intervention,dz_pred,300,MAP_same_minus_opposite_cosine,2900,0.020987993478775002
upcoming_large_intervention,dz_pred,300,MAP_same_minus_opposite_cosine,2943,-0.045645665941816405
upcoming_large_intervention,dz_pred,300,MAP_same_minus_opposite_cosine,2946,-0.03282452325026186
upcoming_large_intervention,dz_pred,300,MAP_same_minus_opposite_cosine,2988,0.12981434961160032
upcoming_large_intervention,dz_pred,300,MAP_same_minus_opposite_cosine,3261,-0.07210297040133318
upcoming_large_intervention,dz_pred,300,MAP_same_minus_opposite_cosine,3354,0.009365806976954216
upcoming_large_intervention,dz_pred,300,MAP_same_minus_opposite_cosine,3387,-0.021948734919230106
upcoming_large_intervention,dz_pred,300,MAP_same_minus_opposite_cosine,3485,-0.05284389108419418
upcoming_large_intervention,dz_pred,300,MAP_same_minus_opposite_cosine,3525,0.03474550445874536
upcoming_large_intervention,dz_pred,300,MAP_same_minus_opposite_cosine,3569,-0.0563638264934222
upcoming_large_intervention,dz_pred,300,MAP_same_minus_opposite_cosine,3593,0.08860713905758333
upcoming_large_intervention,dz_pred,300,MAP_same_minus_opposite_cosine,3613,-0.004893732567628262
upcoming_large_intervention,dz_pred,300,MAP_same_minus_opposite_cosine,3764,0.06139558021511349
upcoming_large_intervention,dz_pred,300,MAP_same_minus_opposite_cosine,3768,-0.03226172314448794
upcoming_large_intervention,dz_pred,300,MAP_same_minus_opposite_cosine,3852,-0.008067367474238085
upcoming_large_intervention,dz_pred,300,MAP_same_minus_opposite_cosine,3967,-0.015507452686627787
upcoming_large_intervention,dz_pred,300,MAP_same_minus_opposite_cosine,3976,0.12611428151528037
upcoming_large_intervention,dz_pred,300,MAP_same_minus_opposite_cosine,3978,0.07597087522347767
upcoming_large_intervention,dz_pred,300,MAP_same_minus_opposite_cosine,3985,-0.02068474076010962
upcoming_large_intervention,dz_pred,300,MAP_same_minus_opposite_cosine,4016,0.004130033983124615
upcoming_large_intervention,dz_pred,300,MAP_same_minus_opposite_cosine,4080,0.00011289781994294756
upcoming_large_intervention,dz_pred,300,MAP_same_minus_opposite_cosine,4293,0.003532956043879154
upcoming_large_intervention,dz_pred,300,MAP_same_minus_opposite_cosine,4312,0.06829178333282471
upcoming_large_intervention,dz_pred,300,MAP_same_minus_opposite_cosine,4529,-0.006899873867179496
upcoming_large_intervention,dz_pred,300,MAP_same_minus_opposite_cosine,4540,-0.01208008676767347
upcoming_large_intervention,dz_pred,300,MAP_same_minus_opposite_cosine,4638,-0.051288979252179456
upcoming_large_intervention,dz_pred,300,MAP_same_minus_opposite_cosine,4686,-0.03174962938734982
upcoming_large_intervention,dz_pred,300,MAP_same_minus_opposite_cosine,4821,-0.006384080648422219
upcoming_large_intervention,dz_pred,300,MAP_same_minus_opposite_cosine,4865,0.13840082064270975
upcoming_large_intervention,dz_pred,300,MAP_same_minus_opposite_cosine,4944,0.10563692864444518
upcoming_large_intervention,dz_pred,300,MAP_same_minus_opposite_cosine,5309,-0.011277623474597931
upcoming_large_intervention,dz_pred,300,MAP_same_minus_opposite_cosine,5377,0.002094166477521253
upcoming_large_intervention,dz_pred,300,MAP_same_minus_opposite_cosine,5410,-0.006971701076536441
upcoming_large_intervention,dz_pred,300,MAP_same_minus_opposite_cosine,5454,0.06088959177335107
upcoming_large_intervention,dz_pred,300,MAP_same_minus_opposite_cosine,5516,0.06844220434625947
upcoming_large_intervention,dz_pred,300,MAP_same_minus_opposite_cosine,5600,0.018196046352386475
upcoming_large_intervention,dz_pred,300,MAP_same_minus_opposite_cosine,5778,0.09609593767108338
upcoming_large_intervention,dz_pred,300,MAP_same_minus_opposite_cosine,5826,-0.016368571104425356
upcoming_large_intervention,dz_pred,300,MAP_same_minus_opposite_cosine,5961,-0.04196777890125902
upcoming_large_intervention,dz_pred,300,MAP_same_minus_opposite_cosine,5989,0.11929537057876582
upcoming_large_intervention,dz_pred,300,MAP_same_minus_opposite_cosine,6025,0.10660612732172015
upcoming_large_intervention,dz_pred,300,triplet_accuracy,323,0.55
upcoming_large_intervention,dz_pred,300,triplet_accuracy,348,0.6
upcoming_large_intervention,dz_pred,300,triplet_accuracy,391,0.6
upcoming_large_intervention,dz_pred,300,triplet_accuracy,683,0.55
upcoming_large_intervention,dz_pred,300,triplet_accuracy,747,0.6
upcoming_large_intervention,dz_pred,300,triplet_accuracy,750,0.5
upcoming_large_intervention,dz_pred,300,triplet_accuracy,758,0.55
upcoming_large_intervention,dz_pred,300,triplet_accuracy,843,0.6
upcoming_large_intervention,dz_pred,300,triplet_accuracy,967,0.45
upcoming_large_intervention,dz_pred,300,triplet_accuracy,1014,0.55
upcoming_large_intervention,dz_pred,300,triplet_accuracy,1092,0.7
upcoming_large_intervention,dz_pred,300,triplet_accuracy,1193,0.65
upcoming_large_intervention,dz_pred,300,triplet_accuracy,1335,0.7
upcoming_large_intervention,dz_pred,300,triplet_accuracy,1480,0.3
upcoming_large_intervention,dz_pred,300,triplet_accuracy,1566,0.75
upcoming_large_intervention,dz_pred,300,triplet_accuracy,1839,0.6
upcoming_large_intervention,dz_pred,300,triplet_accuracy,1943,0.7
upcoming_large_intervention,dz_pred,300,triplet_accuracy,2005,0.6
upcoming_large_intervention,dz_pred,300,triplet_accuracy,2048,0.55
upcoming_large_intervention,dz_pred,300,triplet_accuracy,2173,0.4
upcoming_large_intervention,dz_pred,300,triplet_accuracy,2263,0.55
upcoming_large_intervention,dz_pred,300,triplet_accuracy,2303,0.5
upcoming_large_intervention,dz_pred,300,triplet_accuracy,2308,0.4
upcoming_large_intervention,dz_pred,300,triplet_accuracy,2347,0.55
upcoming_large_intervention,dz_pred,300,triplet_accuracy,2361,0.65
upcoming_large_intervention,dz_pred,300,triplet_accuracy,2567,0.45
upcoming_large_intervention,dz_pred,300,triplet_accuracy,2943,0.5
upcoming_large_intervention,dz_pred,300,triplet_accuracy,2988,0.65
upcoming_large_intervention,dz_pred,300,triplet_accuracy,3261,0.5
upcoming_large_intervention,dz_pred,300,triplet_accuracy,3354,0.45
upcoming_large_intervention,dz_pred,300,triplet_accuracy,3525,0.55
upcoming_large_intervention,dz_pred,300,triplet_accuracy,3569,0.5
upcoming_large_intervention,dz_pred,300,triplet_accuracy,3593,0.65
upcoming_large_intervention,dz_pred,300,triplet_accuracy,3768,0.65
upcoming_large_intervention,dz_pred,300,triplet_accuracy,3852,0.5
upcoming_large_intervention,dz_pred,300,triplet_accuracy,3967,0.4
upcoming_large_intervention,dz_pred,300,triplet_accuracy,3978,0.25
upcoming_large_intervention,dz_pred,300,triplet_accuracy,3985,0.55
upcoming_large_intervention,dz_pred,300,triplet_accuracy,4016,0.55
upcoming_large_intervention,dz_pred,300,triplet_accuracy,4293,0.55
upcoming_large_intervention,dz_pred,300,triplet_accuracy,4312,0.5
upcoming_large_intervention,dz_pred,300,triplet_accuracy,4529,0.45
upcoming_large_intervention,dz_pred,300,triplet_accuracy,4540,0.5
upcoming_large_intervention,dz_pred,300,triplet_accuracy,4686,0.65
upcoming_large_intervention,dz_pred,300,triplet_accuracy,4821,0.45
upcoming_large_intervention,dz_pred,300,triplet_accuracy,4865,0.65
upcoming_large_intervention,dz_pred,300,triplet_accuracy,4944,0.55
upcoming_large_intervention,dz_pred,300,triplet_accuracy,5309,0.6
upcoming_large_intervention,dz_pred,300,triplet_accuracy,5377,0.5
upcoming_large_intervention,dz_pred,300,triplet_accuracy,5410,0.7
upcoming_large_intervention,dz_pred,300,triplet_accuracy,5454,0.6
upcoming_large_intervention,dz_pred,300,triplet_accuracy,5516,0.5
upcoming_large_intervention,dz_pred,300,triplet_accuracy,5600,0.5
upcoming_large_intervention,dz_pred,300,triplet_accuracy,5778,0.85
upcoming_large_intervention,dz_pred,300,triplet_accuracy,5989,0.55
upcoming_large_intervention,dz_pred,300,triplet_accuracy,6025,0.7
initiation,dz_pred,300,BIS_same_minus_opposite_cosine,105,0.016147993279225892
initiation,dz_pred,300,BIS_same_minus_opposite_cosine,323,-0.03576633665296758
initiation,dz_pred,300,BIS_same_minus_opposite_cosine,348,0.1434968511263529
initiation,dz_pred,300,BIS_same_minus_opposite_cosine,391,0.00582134806447554
initiation,dz_pred,300,BIS_same_minus_opposite_cosine,683,0.23751350130998727
initiation,dz_pred,300,BIS_same_minus_opposite_cosine,747,-0.09249265160825515
initiation,dz_pred,300,BIS_same_minus_opposite_cosine,750,0.01511355950718829
initiation,dz_pred,300,BIS_same_minus_opposite_cosine,758,0.05949370427565137
initiation,dz_pred,300,BIS_same_minus_opposite_cosine,843,0.03208532991508639
initiation,dz_pred,300,BIS_same_minus_opposite_cosine,877,-0.03504078586896264
initiation,dz_pred,300,BIS_same_minus_opposite_cosine,926,0.03739352275927865
initiation,dz_pred,300,BIS_same_minus_opposite_cosine,967,0.08408030288086998
initiation,dz_pred,300,BIS_same_minus_opposite_cosine,992,-0.0004046658674875525
initiation,dz_pred,300,BIS_same_minus_opposite_cosine,1014,0.076606168349584
initiation,dz_pred,300,BIS_same_minus_opposite_cosine,1092,0.08317084362109506
initiation,dz_pred,300,BIS_same_minus_opposite_cosine,1193,0.018322395284970594
initiation,dz_pred,300,BIS_same_minus_opposite_cosine,1308,-0.0913485172722075
initiation,dz_pred,300,BIS_same_minus_opposite_cosine,1335,0.03871795760862762
initiation,dz_pred,300,BIS_same_minus_opposite_cosine,1480,-0.05723431458075845
initiation,dz_pred,300,BIS_same_minus_opposite_cosine,1566,0.037592751961765924
initiation,dz_pred,300,BIS_same_minus_opposite_cosine,1636,-0.1596662477787697
initiation,dz_pred,300,BIS_same_minus_opposite_cosine,1644,-0.011602369944254565
initiation,dz_pred,300,BIS_same_minus_opposite_cosine,1839,0.030544855942328808
initiation,dz_pred,300,BIS_same_minus_opposite_cosine,1943,0.10346521106031203
initiation,dz_pred,300,BIS_same_minus_opposite_cosine,2005,-0.009463753212581971
initiation,dz_pred,300,BIS_same_minus_opposite_cosine,2048,0.07338915720130457
initiation,dz_pred,300,BIS_same_minus_opposite_cosine,2173,-0.0830387092298932
initiation,dz_pred,300,BIS_same_minus_opposite_cosine,2263,0.03939097896218302
initiation,dz_pred,300,BIS_same_minus_opposite_cosine,2303,0.05542636538545287
initiation,dz_pred,300,BIS_same_minus_opposite_cosine,2308,0.030196227471936843
initiation,dz_pred,300,BIS_same_minus_opposite_cosine,2347,0.11403663208087289
initiation,dz_pred,300,BIS_same_minus_opposite_cosine,2361,0.027486003258011538
initiation,dz_pred,300,BIS_same_minus_opposite_cosine,2567,0.01605670319663155
initiation,dz_pred,300,BIS_same_minus_opposite_cosine,2900,0.08003799021244051
initiation,dz_pred,300,BIS_same_minus_opposite_cosine,2943,-0.11244628578424454
initiation,dz_pred,300,BIS_same_minus_opposite_cosine,2946,0.06144237879550818
initiation,dz_pred,300,BIS_same_minus_opposite_cosine,2988,0.02183050910631812
initiation,dz_pred,300,BIS_same_minus_opposite_cosine,3354,-0.11466374744971597
initiation,dz_pred,300,BIS_same_minus_opposite_cosine,3387,0.12864381174246464
initiation,dz_pred,300,BIS_same_minus_opposite_cosine,3485,0.09812740981578827
initiation,dz_pred,300,BIS_same_minus_opposite_cosine,3525,0.00366649362776017
initiation,dz_pred,300,BIS_same_minus_opposite_cosine,3569,0.0524473443175808
initiation,dz_pred,300,BIS_same_minus_opposite_cosine,3593,0.015585634919504265
initiation,dz_pred,300,BIS_same_minus_opposite_cosine,3613,-0.03402541478474941
initiation,dz_pred,300,BIS_same_minus_opposite_cosine,3764,0.0446482131878535
initiation,dz_pred,300,BIS_same_minus_opposite_cosine,3768,0.10995537087772833
initiation,dz_pred,300,BIS_same_minus_opposite_cosine,3852,-0.027476763183420405
initiation,dz_pred,300,BIS_same_minus_opposite_cosine,3967,0.028859467668966854
initiation,dz_pred,300,BIS_same_minus_opposite_cosine,3976,0.13333306393840094
initiation,dz_pred,300,BIS_same_minus_opposite_cosine,3978,0.055937669493935305
initiation,dz_pred,300,BIS_same_minus_opposite_cosine,3985,-0.007481532792250278
initiation,dz_pred,300,BIS_same_minus_opposite_cosine,4016,0.02694062888622284
initiation,dz_pred,300,BIS_same_minus_opposite_cosine,4080,-0.01106493622064586
initiation,dz_pred,300,BIS_same_minus_opposite_cosine,4293,0.020578923821449324
initiation,dz_pred,300,BIS_same_minus_opposite_cosine,4312,0.04239587634801867
initiation,dz_pred,300,BIS_same_minus_opposite_cosine,4540,-0.0014365613460540771
initiation,dz_pred,300,BIS_same_minus_opposite_cosine,4638,0.126344846053557
initiation,dz_pred,300,BIS_same_minus_opposite_cosine,4686,-0.0003405660390853882
initiation,dz_pred,300,BIS_same_minus_opposite_cosine,4865,-0.05783914402127266
initiation,dz_pred,300,BIS_same_minus_opposite_cosine,4944,0.12980492313702907
initiation,dz_pred,300,BIS_same_minus_opposite_cosine,5309,0.06225980818271637
initiation,dz_pred,300,BIS_same_minus_opposite_cosine,5377,0.04876013845205307
initiation,dz_pred,300,BIS_same_minus_opposite_cosine,5410,0.20954547112896327
initiation,dz_pred,300,BIS_same_minus_opposite_cosine,5454,-0.11051073963894997
initiation,dz_pred,300,BIS_same_minus_opposite_cosine,5516,0.029063086956739426
initiation,dz_pred,300,BIS_same_minus_opposite_cosine,5600,-0.0022705569863319397
initiation,dz_pred,300,BIS_same_minus_opposite_cosine,5778,0.07931341603398323
initiation,dz_pred,300,BIS_same_minus_opposite_cosine,5826,0.10129509369532275
initiation,dz_pred,300,BIS_same_minus_opposite_cosine,5961,0.04357597149080694
initiation,dz_pred,300,BIS_same_minus_opposite_cosine,5989,0.024064571907122856
initiation,dz_pred,300,BIS_same_minus_opposite_cosine,6025,-0.018129702243540047
initiation,dz_pred,300,MAP_same_minus_opposite_cosine,105,-0.06258090540315159
initiation,dz_pred,300,MAP_same_minus_opposite_cosine,323,0.10968254506587982
initiation,dz_pred,300,MAP_same_minus_opposite_cosine,348,-0.0055284549792606885
initiation,dz_pred,300,MAP_same_minus_opposite_cosine,391,0.23015119731426237
initiation,dz_pred,300,MAP_same_minus_opposite_cosine,683,-0.09294348458449042
initiation,dz_pred,300,MAP_same_minus_opposite_cosine,747,-0.001236698745439413
initiation,dz_pred,300,MAP_same_minus_opposite_cosine,750,-0.08270958686868346
initiation,dz_pred,300,MAP_same_minus_opposite_cosine,758,-0.10310706992944085
initiation,dz_pred,300,MAP_same_minus_opposite_cosine,843,0.18933728585640586
initiation,dz_pred,300,MAP_same_minus_opposite_cosine,877,0.19303337732950854
initiation,dz_pred,300,MAP_same_minus_opposite_cosine,926,0.0349230865637461
initiation,dz_pred,300,MAP_same_minus_opposite_cosine,967,0.06601180260380113
initiation,dz_pred,300,MAP_same_minus_opposite_cosine,992,0.010860055685043335
initiation,dz_pred,300,MAP_same_minus_opposite_cosine,1014,0.010546094013584972
initiation,dz_pred,300,MAP_same_minus_opposite_cosine,1092,0.04749471491033386
initiation,dz_pred,300,MAP_same_minus_opposite_cosine,1193,-0.09164683831234766
initiation,dz_pred,300,MAP_same_minus_opposite_cosine,1308,0.026080167293548562
initiation,dz_pred,300,MAP_same_minus_opposite_cosine,1335,0.04932631800572074
initiation,dz_pred,300,MAP_same_minus_opposite_cosine,1480,0.027698386799205443
initiation,dz_pred,300,MAP_same_minus_opposite_cosine,1566,0.09017661379443276
initiation,dz_pred,300,MAP_same_minus_opposite_cosine,1636,0.07280034447709716
initiation,dz_pred,300,MAP_same_minus_opposite_cosine,1644,-0.14645065708706773
initiation,dz_pred,300,MAP_same_minus_opposite_cosine,1839,-0.07560908704093006
initiation,dz_pred,300,MAP_same_minus_opposite_cosine,1943,0.06719314720895564
initiation,dz_pred,300,MAP_same_minus_opposite_cosine,2005,-0.026971134046713474
initiation,dz_pred,300,MAP_same_minus_opposite_cosine,2048,-0.0708380242188772
initiation,dz_pred,300,MAP_same_minus_opposite_cosine,2173,0.05624958127737045
initiation,dz_pred,300,MAP_same_minus_opposite_cosine,2263,0.07174547016620636
initiation,dz_pred,300,MAP_same_minus_opposite_cosine,2303,0.022243929406007168
initiation,dz_pred,300,MAP_same_minus_opposite_cosine,2308,0.07150939745562412
initiation,dz_pred,300,MAP_same_minus_opposite_cosine,2347,-0.0006470723134098799
initiation,dz_pred,300,MAP_same_minus_opposite_cosine,2361,-0.11253708104292548
initiation,dz_pred,300,MAP_same_minus_opposite_cosine,2567,0.07530567049980164
initiation,dz_pred,300,MAP_same_minus_opposite_cosine,2900,0.04087394277254741
initiation,dz_pred,300,MAP_same_minus_opposite_cosine,2943,0.045327252059271794
initiation,dz_pred,300,MAP_same_minus_opposite_cosine,2946,-0.1476360304901998
initiation,dz_pred,300,MAP_same_minus_opposite_cosine,2988,0.0649073512265177
initiation,dz_pred,300,MAP_same_minus_opposite_cosine,3354,-0.07155624826749174
initiation,dz_pred,300,MAP_same_minus_opposite_cosine,3387,0.05980150070455337
initiation,dz_pred,300,MAP_same_minus_opposite_cosine,3485,0.043239905602402096
initiation,dz_pred,300,MAP_same_minus_opposite_cosine,3525,-0.04687818884849548
initiation,dz_pred,300,MAP_same_minus_opposite_cosine,3569,0.026603633707219854
initiation,dz_pred,300,MAP_same_minus_opposite_cosine,3593,0.016465293299971262
initiation,dz_pred,300,MAP_same_minus_opposite_cosine,3613,0.013586121300856235
initiation,dz_pred,300,MAP_same_minus_opposite_cosine,3764,-0.07010773817698168
initiation,dz_pred,300,MAP_same_minus_opposite_cosine,3768,-0.07568535389322217
initiation,dz_pred,300,MAP_same_minus_opposite_cosine,3852,0.009823029465747535
initiation,dz_pred,300,MAP_same_minus_opposite_cosine,3967,0.022231077154477474
initiation,dz_pred,300,MAP_same_minus_opposite_cosine,3976,-0.008707044521967577
initiation,dz_pred,300,MAP_same_minus_opposite_cosine,3978,0.16502568349242208
initiation,dz_pred,300,MAP_same_minus_opposite_cosine,3985,0.07753134767214465
initiation,dz_pred,300,MAP_same_minus_opposite_cosine,4016,-0.06405945641524857
initiation,dz_pred,300,MAP_same_minus_opposite_cosine,4080,-0.05527949167622459
initiation,dz_pred,300,MAP_same_minus_opposite_cosine,4293,-0.11070616543292999
initiation,dz_pred,300,MAP_same_minus_opposite_cosine,4312,-0.04633575192455097
initiation,dz_pred,300,MAP_same_minus_opposite_cosine,4540,-0.02778544053435328
initiation,dz_pred,300,MAP_same_minus_opposite_cosine,4638,0.012976916631062818
initiation,dz_pred,300,MAP_same_minus_opposite_cosine,4686,-0.0012893577416738244
initiation,dz_pred,300,MAP_same_minus_opposite_cosine,4865,-0.03180842536191142
initiation,dz_pred,300,MAP_same_minus_opposite_cosine,4944,0.10084194057818607
initiation,dz_pred,300,MAP_same_minus_opposite_cosine,5309,0.008727992574373844
initiation,dz_pred,300,MAP_same_minus_opposite_cosine,5377,0.05907309303681052
initiation,dz_pred,300,MAP_same_minus_opposite_cosine,5410,0.027308615545431736
initiation,dz_pred,300,MAP_same_minus_opposite_cosine,5454,0.050333475073178646
initiation,dz_pred,300,MAP_same_minus_opposite_cosine,5516,0.004081371832977632
initiation,dz_pred,300,MAP_same_minus_opposite_cosine,5600,-0.012895513858113938
initiation,dz_pred,300,MAP_same_minus_opposite_cosine,5778,0.058203392227490824
initiation,dz_pred,300,MAP_same_minus_opposite_cosine,5826,0.036585837602615356
initiation,dz_pred,300,MAP_same_minus_opposite_cosine,5961,-0.002294263905949112
initiation,dz_pred,300,MAP_same_minus_opposite_cosine,5989,-0.02802410586313764
initiation,dz_pred,300,MAP_same_minus_opposite_cosine,6025,-0.10149289419253671
initiation,dz_pred,300,triplet_accuracy,323,0.65
initiation,dz_pred,300,triplet_accuracy,348,0.75
initiation,dz_pred,300,triplet_accuracy,391,0.35
initiation,dz_pred,300,triplet_accuracy,683,0.45
initiation,dz_pred,300,triplet_accuracy,747,0.5
initiation,dz_pred,300,triplet_accuracy,750,0.45
initiation,dz_pred,300,triplet_accuracy,758,0.4
initiation,dz_pred,300,triplet_accuracy,843,0.55
initiation,dz_pred,300,triplet_accuracy,967,0.6
initiation,dz_pred,300,triplet_accuracy,1014,0.7
initiation,dz_pred,300,triplet_accuracy,1092,0.65
initiation,dz_pred,300,triplet_accuracy,1193,0.65
initiation,dz_pred,300,triplet_accuracy,1335,0.75
initiation,dz_pred,300,triplet_accuracy,1480,0.55
initiation,dz_pred,300,triplet_accuracy,1566,0.6
initiation,dz_pred,300,triplet_accuracy,1839,0.6
initiation,dz_pred,300,triplet_accuracy,1943,0.45
initiation,dz_pred,300,triplet_accuracy,2005,0.45
initiation,dz_pred,300,triplet_accuracy,2048,0.6
initiation,dz_pred,300,triplet_accuracy,2173,0.65
initiation,dz_pred,300,triplet_accuracy,2263,0.6
initiation,dz_pred,300,triplet_accuracy,2303,0.65
initiation,dz_pred,300,triplet_accuracy,2308,0.45
initiation,dz_pred,300,triplet_accuracy,2347,0.6
initiation,dz_pred,300,triplet_accuracy,2361,0.7
initiation,dz_pred,300,triplet_accuracy,2567,0.7
initiation,dz_pred,300,triplet_accuracy,2943,0.5
initiation,dz_pred,300,triplet_accuracy,2988,0.85
initiation,dz_pred,300,triplet_accuracy,3354,0.6
initiation,dz_pred,300,triplet_accuracy,3525,0.7
initiation,dz_pred,300,triplet_accuracy,3569,0.5
initiation,dz_pred,300,triplet_accuracy,3593,0.5
initiation,dz_pred,300,triplet_accuracy,3768,0.75
initiation,dz_pred,300,triplet_accuracy,3852,0.5
initiation,dz_pred,300,triplet_accuracy,3967,0.6
initiation,dz_pred,300,triplet_accuracy,3978,0.45
initiation,dz_pred,300,triplet_accuracy,3985,0.6
initiation,dz_pred,300,triplet_accuracy,4016,0.5
initiation,dz_pred,300,triplet_accuracy,4293,0.55
initiation,dz_pred,300,triplet_accuracy,4312,0.6
initiation,dz_pred,300,triplet_accuracy,4540,0.6
initiation,dz_pred,300,triplet_accuracy,4686,0.7
initiation,dz_pred,300,triplet_accuracy,4865,0.55
initiation,dz_pred,300,triplet_accuracy,4944,0.75
initiation,dz_pred,300,triplet_accuracy,5309,0.5
initiation,dz_pred,300,triplet_accuracy,5377,0.6
initiation,dz_pred,300,triplet_accuracy,5410,0.3
initiation,dz_pred,300,triplet_accuracy,5454,0.5
initiation,dz_pred,300,triplet_accuracy,5516,0.55
initiation,dz_pred,300,triplet_accuracy,5600,0.5
initiation,dz_pred,300,triplet_accuracy,5778,0.9
initiation,dz_pred,300,triplet_accuracy,5989,0.6
initiation,dz_pred,300,triplet_accuracy,6025,0.6
increase,dz_pred,300,BIS_same_minus_opposite_cosine,105,0.0702481212263758
increase,dz_pred,300,BIS_same_minus_opposite_cosine,323,0.028020055095354657
increase,dz_pred,300,BIS_same_minus_opposite_cosine,348,-0.038513812990415675
increase,dz_pred,300,BIS_same_minus_opposite_cosine,391,0.15937862206589093
increase,dz_pred,300,BIS_same_minus_opposite_cosine,683,-0.017167494197686595
increase,dz_pred,300,BIS_same_minus_opposite_cosine,747,-0.03266926854848862
increase,dz_pred,300,BIS_same_minus_opposite_cosine,750,0.08765773375829067
increase,dz_pred,300,BIS_same_minus_opposite_cosine,758,-0.02202032340897453
increase,dz_pred,300,BIS_same_minus_opposite_cosine,843,-0.08154792338609695
increase,dz_pred,300,BIS_same_minus_opposite_cosine,877,0.08547609547773993
increase,dz_pred,300,BIS_same_minus_opposite_cosine,926,0.13831581672032678
increase,dz_pred,300,BIS_same_minus_opposite_cosine,967,0.017359914879004124
increase,dz_pred,300,BIS_same_minus_opposite_cosine,992,0.05482118080059695
increase,dz_pred,300,BIS_same_minus_opposite_cosine,1092,0.022857743501663252
increase,dz_pred,300,BIS_same_minus_opposite_cosine,1193,-0.06480824699004495
increase,dz_pred,300,BIS_same_minus_opposite_cosine,1308,0.041271970385596934
increase,dz_pred,300,BIS_same_minus_opposite_cosine,1335,0.022197087605794308
increase,dz_pred,300,BIS_same_minus_opposite_cosine,1480,0.006915984054406521
increase,dz_pred,300,BIS_same_minus_opposite_cosine,1566,0.0021814846179701863
increase,dz_pred,300,BIS_same_minus_opposite_cosine,1636,-0.05011531439694494
increase,dz_pred,300,BIS_same_minus_opposite_cosine,1644,0.0720188812840552
increase,dz_pred,300,BIS_same_minus_opposite_cosine,1943,-0.0008097211519876302
increase,dz_pred,300,BIS_same_minus_opposite_cosine,2005,0.018289646506309487
increase,dz_pred,300,BIS_same_minus_opposite_cosine,2048,0.04801391471516003
increase,dz_pred,300,BIS_same_minus_opposite_cosine,2173,0.013651907444000244
increase,dz_pred,300,BIS_same_minus_opposite_cosine,2263,0.13863306542237608
increase,dz_pred,300,BIS_same_minus_opposite_cosine,2303,0.1950904826323191
increase,dz_pred,300,BIS_same_minus_opposite_cosine,2308,-0.030982881784439087
increase,dz_pred,300,BIS_same_minus_opposite_cosine,2361,0.11749946077664686
increase,dz_pred,300,BIS_same_minus_opposite_cosine,2567,0.13691194355487823
increase,dz_pred,300,BIS_same_minus_opposite_cosine,2900,0.15536350703665192
increase,dz_pred,300,BIS_same_minus_opposite_cosine,2943,0.10555728524923325
increase,dz_pred,300,BIS_same_minus_opposite_cosine,2946,0.04261447602149204
increase,dz_pred,300,BIS_same_minus_opposite_cosine,3261,-0.06305228008164299
increase,dz_pred,300,BIS_same_minus_opposite_cosine,3354,0.12065415183703099
increase,dz_pred,300,BIS_same_minus_opposite_cosine,3387,0.18136030435562134
increase,dz_pred,300,BIS_same_minus_opposite_cosine,3485,0.1531935979922613
increase,dz_pred,300,BIS_same_minus_opposite_cosine,3525,0.1022594026995427
increase,dz_pred,300,BIS_same_minus_opposite_cosine,3593,0.019020680338144302
increase,dz_pred,300,BIS_same_minus_opposite_cosine,3613,0.09620845938722289
increase,dz_pred,300,BIS_same_minus_opposite_cosine,3768,0.07595947484175358
increase,dz_pred,300,BIS_same_minus_opposite_cosine,3852,0.04379082719484961
increase,dz_pred,300,BIS_same_minus_opposite_cosine,3967,0.050498445828755734
increase,dz_pred,300,BIS_same_minus_opposite_cosine,3976,-0.010553829371929169
increase,dz_pred,300,BIS_same_minus_opposite_cosine,3978,0.08461786451793851
increase,dz_pred,300,BIS_same_minus_opposite_cosine,3985,-0.0934249646961689
increase,dz_pred,300,BIS_same_minus_opposite_cosine,4016,0.008606348009336573
increase,dz_pred,300,BIS_same_minus_opposite_cosine,4080,0.15521201988061262
increase,dz_pred,300,BIS_same_minus_opposite_cosine,4293,0.057469457387924194
increase,dz_pred,300,BIS_same_minus_opposite_cosine,4312,0.05567763447761531
increase,dz_pred,300,BIS_same_minus_opposite_cosine,4529,0.0299290928876762
increase,dz_pred,300,BIS_same_minus_opposite_cosine,4540,0.018090813110272053
increase,dz_pred,300,BIS_same_minus_opposite_cosine,4638,-0.09003583838542306
increase,dz_pred,300,BIS_same_minus_opposite_cosine,4686,-0.015128639837106106
increase,dz_pred,300,BIS_same_minus_opposite_cosine,4821,0.04977987905343373
increase,dz_pred,300,BIS_same_minus_opposite_cosine,4865,0.005779412885506874
increase,dz_pred,300,BIS_same_minus_opposite_cosine,4944,0.021529442734188553
increase,dz_pred,300,BIS_same_minus_opposite_cosine,5309,0.11587431846242968
increase,dz_pred,300,BIS_same_minus_opposite_cosine,5377,0.0025291106466091007
increase,dz_pred,300,BIS_same_minus_opposite_cosine,5410,0.5015955567359924
increase,dz_pred,300,BIS_same_minus_opposite_cosine,5454,0.010554247597853283
increase,dz_pred,300,BIS_same_minus_opposite_cosine,5516,-0.03649139630072051
increase,dz_pred,300,BIS_same_minus_opposite_cosine,5600,0.07026885130575722
increase,dz_pred,300,BIS_same_minus_opposite_cosine,5778,0.08441113928953803
increase,dz_pred,300,BIS_same_minus_opposite_cosine,5826,0.0033019532759984704
increase,dz_pred,300,BIS_same_minus_opposite_cosine,5961,0.05560587147871654
increase,dz_pred,300,BIS_same_minus_opposite_cosine,5989,0.058108005559805664
increase,dz_pred,300,MAP_same_minus_opposite_cosine,105,-0.042623412880030576
increase,dz_pred,300,MAP_same_minus_opposite_cosine,323,0.03501098715897755
increase,dz_pred,300,MAP_same_minus_opposite_cosine,348,0.02589567005634308
increase,dz_pred,300,MAP_same_minus_opposite_cosine,391,0.06112324446439743
increase,dz_pred,300,MAP_same_minus_opposite_cosine,683,-0.018089670123475954
increase,dz_pred,300,MAP_same_minus_opposite_cosine,747,-0.02602872523394495
increase,dz_pred,300,MAP_same_minus_opposite_cosine,750,0.08422955522934594
increase,dz_pred,300,MAP_same_minus_opposite_cosine,758,0.12218555606280768
increase,dz_pred,300,MAP_same_minus_opposite_cosine,843,0.0014863405376672745
increase,dz_pred,300,MAP_same_minus_opposite_cosine,877,-0.048740994599130394
increase,dz_pred,300,MAP_same_minus_opposite_cosine,926,0.04909171164035797
increase,dz_pred,300,MAP_same_minus_opposite_cosine,967,0.013525469104448962
increase,dz_pred,300,MAP_same_minus_opposite_cosine,992,-0.024103139837582943
increase,dz_pred,300,MAP_same_minus_opposite_cosine,1092,0.011767271492216347
increase,dz_pred,300,MAP_same_minus_opposite_cosine,1193,0.07656544198592508
increase,dz_pred,300,MAP_same_minus_opposite_cosine,1308,-0.0630540962020556
increase,dz_pred,300,MAP_same_minus_opposite_cosine,1335,0.13562082747618354
increase,dz_pred,300,MAP_same_minus_opposite_cosine,1480,-0.07854470858971274
increase,dz_pred,300,MAP_same_minus_opposite_cosine,1566,0.1256132374207179
increase,dz_pred,300,MAP_same_minus_opposite_cosine,1636,-0.026754949241876602
increase,dz_pred,300,MAP_same_minus_opposite_cosine,1644,0.05743059019247687
increase,dz_pred,300,MAP_same_minus_opposite_cosine,1943,0.05704715847969055
increase,dz_pred,300,MAP_same_minus_opposite_cosine,2005,0.08732556213032117
increase,dz_pred,300,MAP_same_minus_opposite_cosine,2048,-0.0226975679397583
increase,dz_pred,300,MAP_same_minus_opposite_cosine,2173,0.0020156072245703927
increase,dz_pred,300,MAP_same_minus_opposite_cosine,2263,0.06944638894249999
increase,dz_pred,300,MAP_same_minus_opposite_cosine,2303,-0.023943458497524217
increase,dz_pred,300,MAP_same_minus_opposite_cosine,2308,-0.08250630895296729
increase,dz_pred,300,MAP_same_minus_opposite_cosine,2361,0.09695119871979663
increase,dz_pred,300,MAP_same_minus_opposite_cosine,2567,0.16130527605613076
increase,dz_pred,300,MAP_same_minus_opposite_cosine,2900,-0.07251664725216955
increase,dz_pred,300,MAP_same_minus_opposite_cosine,2943,-0.06971837853391966
increase,dz_pred,300,MAP_same_minus_opposite_cosine,2946,0.008082145452499412
increase,dz_pred,300,MAP_same_minus_opposite_cosine,3261,0.06457823018232978
increase,dz_pred,300,MAP_same_minus_opposite_cosine,3354,0.0015504300594330056
increase,dz_pred,300,MAP_same_minus_opposite_cosine,3387,-0.01036364833513892
increase,dz_pred,300,MAP_same_minus_opposite_cosine,3485,-0.03676239649454749
increase,dz_pred,300,MAP_same_minus_opposite_cosine,3525,0.058692510757181404
increase,dz_pred,300,MAP_same_minus_opposite_cosine,3593,-0.046135677194053426
increase,dz_pred,300,MAP_same_minus_opposite_cosine,3613,0.046180543800195095
increase,dz_pred,300,MAP_same_minus_opposite_cosine,3768,0.06651261101166406
increase,dz_pred,300,MAP_same_minus_opposite_cosine,3852,0.09163690855105722
increase,dz_pred,300,MAP_same_minus_opposite_cosine,3967,-0.05927816601026625
increase,dz_pred,300,MAP_same_minus_opposite_cosine,3976,-0.057224100662602306
increase,dz_pred,300,MAP_same_minus_opposite_cosine,3978,-0.04706024130185449
increase,dz_pred,300,MAP_same_minus_opposite_cosine,3985,0.09072382499774301
increase,dz_pred,300,MAP_same_minus_opposite_cosine,4016,0.006584261854489681
increase,dz_pred,300,MAP_same_minus_opposite_cosine,4080,0.10635821024576819
increase,dz_pred,300,MAP_same_minus_opposite_cosine,4293,0.043704537550608324
increase,dz_pred,300,MAP_same_minus_opposite_cosine,4312,0.012660772059903014
increase,dz_pred,300,MAP_same_minus_opposite_cosine,4529,0.026611881951491
increase,dz_pred,300,MAP_same_minus_opposite_cosine,4540,-0.008292903502782223
increase,dz_pred,300,MAP_same_minus_opposite_cosine,4638,0.08894176058696979
increase,dz_pred,300,MAP_same_minus_opposite_cosine,4686,0.006554971138636234
increase,dz_pred,300,MAP_same_minus_opposite_cosine,4821,0.018502376973628998
increase,dz_pred,300,MAP_same_minus_opposite_cosine,4865,0.03136001361740959
increase,dz_pred,300,MAP_same_minus_opposite_cosine,4944,0.03599651428786188
increase,dz_pred,300,MAP_same_minus_opposite_cosine,5309,-0.006046511232852936
increase,dz_pred,300,MAP_same_minus_opposite_cosine,5377,0.015199646353721619
increase,dz_pred,300,MAP_same_minus_opposite_cosine,5410,-0.10113981366157532
increase,dz_pred,300,MAP_same_minus_opposite_cosine,5454,-0.07629652321338654
increase,dz_pred,300,MAP_same_minus_opposite_cosine,5516,0.04072330395380652
increase,dz_pred,300,MAP_same_minus_opposite_cosine,5600,-0.05618210917427424
increase,dz_pred,300,MAP_same_minus_opposite_cosine,5778,0.06403422852357232
increase,dz_pred,300,MAP_same_minus_opposite_cosine,5826,-0.1024974256753921
increase,dz_pred,300,MAP_same_minus_opposite_cosine,5961,0.03710632522900903
increase,dz_pred,300,MAP_same_minus_opposite_cosine,5989,0.024917401373386383
increase,dz_pred,300,triplet_accuracy,323,0.65
increase,dz_pred,300,triplet_accuracy,348,0.55
increase,dz_pred,300,triplet_accuracy,391,0.3
increase,dz_pred,300,triplet_accuracy,683,0.55
increase,dz_pred,300,triplet_accuracy,747,0.55
increase,dz_pred,300,triplet_accuracy,750,0.55
increase,dz_pred,300,triplet_accuracy,758,0.65
increase,dz_pred,300,triplet_accuracy,843,0.6
increase,dz_pred,300,triplet_accuracy,967,0.55
increase,dz_pred,300,triplet_accuracy,1092,0.5
increase,dz_pred,300,triplet_accuracy,1193,0.5
increase,dz_pred,300,triplet_accuracy,1335,0.6
increase,dz_pred,300,triplet_accuracy,1480,0.5
increase,dz_pred,300,triplet_accuracy,1566,0.5
increase,dz_pred,300,triplet_accuracy,1943,0.4
increase,dz_pred,300,triplet_accuracy,2005,0.55
increase,dz_pred,300,triplet_accuracy,2048,0.65
increase,dz_pred,300,triplet_accuracy,2173,0.6
increase,dz_pred,300,triplet_accuracy,2263,0.55
increase,dz_pred,300,triplet_accuracy,2303,0.55
increase,dz_pred,300,triplet_accuracy,2308,0.6
increase,dz_pred,300,triplet_accuracy,2361,0.6
increase,dz_pred,300,triplet_accuracy,2567,0.4
increase,dz_pred,300,triplet_accuracy,2943,0.4
increase,dz_pred,300,triplet_accuracy,3261,0.35
increase,dz_pred,300,triplet_accuracy,3354,0.5
increase,dz_pred,300,triplet_accuracy,3525,0.7
increase,dz_pred,300,triplet_accuracy,3593,0.55
increase,dz_pred,300,triplet_accuracy,3768,0.6
increase,dz_pred,300,triplet_accuracy,3852,0.4
increase,dz_pred,300,triplet_accuracy,3967,0.3
increase,dz_pred,300,triplet_accuracy,3978,0.6
increase,dz_pred,300,triplet_accuracy,3985,0.7
increase,dz_pred,300,triplet_accuracy,4016,0.6
increase,dz_pred,300,triplet_accuracy,4293,0.7
increase,dz_pred,300,triplet_accuracy,4312,0.65
increase,dz_pred,300,triplet_accuracy,4529,0.4
increase,dz_pred,300,triplet_accuracy,4540,0.55
increase,dz_pred,300,triplet_accuracy,4686,0.5
increase,dz_pred,300,triplet_accuracy,4821,0.45
increase,dz_pred,300,triplet_accuracy,4865,0.85
increase,dz_pred,300,triplet_accuracy,4944,0.65
increase,dz_pred,300,triplet_accuracy,5309,0.55
increase,dz_pred,300,triplet_accuracy,5377,0.4
increase,dz_pred,300,triplet_accuracy,5410,0.65
increase,dz_pred,300,triplet_accuracy,5454,0.55
increase,dz_pred,300,triplet_accuracy,5516,0.55
increase,dz_pred,300,triplet_accuracy,5600,0.45
increase,dz_pred,300,triplet_accuracy,5778,0.5
increase,dz_pred,300,triplet_accuracy,5989,0.65
decrease,dz_pred,300,BIS_same_minus_opposite_cosine,105,-0.03781472444534306
decrease,dz_pred,300,BIS_same_minus_opposite_cosine,323,0.06318513154983518
decrease,dz_pred,300,BIS_same_minus_opposite_cosine,348,-0.015529319192423952
decrease,dz_pred,300,BIS_same_minus_opposite_cosine,391,-0.020144312219186222
decrease,dz_pred,300,BIS_same_minus_opposite_cosine,683,0.03762714490294461
decrease,dz_pred,300,BIS_same_minus_opposite_cosine,747,0.00041209770874539586
decrease,dz_pred,300,BIS_same_minus_opposite_cosine,750,-0.11243689344042829
decrease,dz_pred,300,BIS_same_minus_opposite_cosine,758,0.10197169040188636
decrease,dz_pred,300,BIS_same_minus_opposite_cosine,843,0.07989720006783807
decrease,dz_pred,300,BIS_same_minus_opposite_cosine,877,0.07031289736429847
decrease,dz_pred,300,BIS_same_minus_opposite_cosine,926,-0.016132736702760053
decrease,dz_pred,300,BIS_same_minus_opposite_cosine,967,-0.053654069250280156
decrease,dz_pred,300,BIS_same_minus_opposite_cosine,992,0.05920521997743178
decrease,dz_pred,300,BIS_same_minus_opposite_cosine,1014,0.023144306408034443
decrease,dz_pred,300,BIS_same_minus_opposite_cosine,1092,-0.04329001068165805
decrease,dz_pred,300,BIS_same_minus_opposite_cosine,1193,0.08131655057271325
decrease,dz_pred,300,BIS_same_minus_opposite_cosine,1308,0.004183800684081196
decrease,dz_pred,300,BIS_same_minus_opposite_cosine,1335,-0.038419393201669094
decrease,dz_pred,300,BIS_same_minus_opposite_cosine,1480,0.05732562144597375
decrease,dz_pred,300,BIS_same_minus_opposite_cosine,1566,-0.04819122205177939
decrease,dz_pred,300,BIS_same_minus_opposite_cosine,1636,0.03472181856632228
decrease,dz_pred,300,BIS_same_minus_opposite_cosine,1644,0.07080707947413123
decrease,dz_pred,300,BIS_same_minus_opposite_cosine,1839,0.010483834892511368
decrease,dz_pred,300,BIS_same_minus_opposite_cosine,1943,0.0480326788895058
decrease,dz_pred,300,BIS_same_minus_opposite_cosine,2005,0.041941595077514604
decrease,dz_pred,300,BIS_same_minus_opposite_cosine,2048,0.04017080664634709
decrease,dz_pred,300,BIS_same_minus_opposite_cosine,2173,0.0706478120251135
decrease,dz_pred,300,BIS_same_minus_opposite_cosine,2263,0.027596565584341648
decrease,dz_pred,300,BIS_same_minus_opposite_cosine,2303,0.016688869113013927
decrease,dz_pred,300,BIS_same_minus_opposite_cosine,2308,0.20037664473056793
decrease,dz_pred,300,BIS_same_minus_opposite_cosine,2347,0.05933794875939691
decrease,dz_pred,300,BIS_same_minus_opposite_cosine,2361,0.05482058859232708
decrease,dz_pred,300,BIS_same_minus_opposite_cosine,2567,-0.02743072284272674
decrease,dz_pred,300,BIS_same_minus_opposite_cosine,2900,0.0669050862391789
decrease,dz_pred,300,BIS_same_minus_opposite_cosine,2943,0.1434579748246405
decrease,dz_pred,300,BIS_same_minus_opposite_cosine,2946,-0.014595123628775242
decrease,dz_pred,300,BIS_same_minus_opposite_cosine,2988,-0.03539096631787042
decrease,dz_pred,300,BIS_same_minus_opposite_cosine,3261,-0.019294953876824117
decrease,dz_pred,300,BIS_same_minus_opposite_cosine,3354,-0.005071779092152839
decrease,dz_pred,300,BIS_same_minus_opposite_cosine,3387,-0.05958322932322824
decrease,dz_pred,300,BIS_same_minus_opposite_cosine,3485,0.11111271182696025
decrease,dz_pred,300,BIS_same_minus_opposite_cosine,3525,-0.006453208128611165
decrease,dz_pred,300,BIS_same_minus_opposite_cosine,3569,0.023040255362337336
decrease,dz_pred,300,BIS_same_minus_opposite_cosine,3593,0.1757654448350271
decrease,dz_pred,300,BIS_same_minus_opposite_cosine,3613,0.06772846573342883
decrease,dz_pred,300,BIS_same_minus_opposite_cosine,3764,-0.005309357900511125
decrease,dz_pred,300,BIS_same_minus_opposite_cosine,3768,0.07242664288390765
decrease,dz_pred,300,BIS_same_minus_opposite_cosine,3852,-0.02582739293575287
decrease,dz_pred,300,BIS_same_minus_opposite_cosine,3967,-0.0009406295915445062
decrease,dz_pred,300,BIS_same_minus_opposite_cosine,3976,0.056914683183034276
decrease,dz_pred,300,BIS_same_minus_opposite_cosine,3978,-0.025666609406471252
decrease,dz_pred,300,BIS_same_minus_opposite_cosine,3985,-0.054874102274576786
decrease,dz_pred,300,BIS_same_minus_opposite_cosine,4016,-0.029556901090674992
decrease,dz_pred,300,BIS_same_minus_opposite_cosine,4080,0.11378174168722965
decrease,dz_pred,300,BIS_same_minus_opposite_cosine,4293,0.003922167751524208
decrease,dz_pred,300,BIS_same_minus_opposite_cosine,4312,0.06949799358844755
decrease,dz_pred,300,BIS_same_minus_opposite_cosine,4529,-0.03785371283690131
decrease,dz_pred,300,BIS_same_minus_opposite_cosine,4540,0.059590416424202264
decrease,dz_pred,300,BIS_same_minus_opposite_cosine,4638,0.0027085209886232864
decrease,dz_pred,300,BIS_same_minus_opposite_cosine,4686,0.02603415896495187
decrease,dz_pred,300,BIS_same_minus_opposite_cosine,4821,-0.024419267227252406
decrease,dz_pred,300,BIS_same_minus_opposite_cosine,4865,0.04876786470413208
decrease,dz_pred,300,BIS_same_minus_opposite_cosine,4944,0.02465376357237492
decrease,dz_pred,300,BIS_same_minus_opposite_cosine,5309,-0.08212407588055637
decrease,dz_pred,300,BIS_same_minus_opposite_cosine,5377,0.12260768612225859
decrease,dz_pred,300,BIS_same_minus_opposite_cosine,5410,0.12611442969905007
decrease,dz_pred,300,BIS_same_minus_opposite_cosine,5454,-0.0012799832555981938
decrease,dz_pred,300,BIS_same_minus_opposite_cosine,5516,-0.06544332537386155
decrease,dz_pred,300,BIS_same_minus_opposite_cosine,5600,-0.11236028042104518
decrease,dz_pred,300,BIS_same_minus_opposite_cosine,5778,0.14572081814209614
decrease,dz_pred,300,BIS_same_minus_opposite_cosine,5826,0.06440763175487518
decrease,dz_pred,300,BIS_same_minus_opposite_cosine,5961,0.031615955134232876
decrease,dz_pred,300,BIS_same_minus_opposite_cosine,5989,-0.002230191230773948
decrease,dz_pred,300,BIS_same_minus_opposite_cosine,6025,-0.03268899249308044
decrease,dz_pred,300,MAP_same_minus_opposite_cosine,105,-0.05135839432477951
decrease,dz_pred,300,MAP_same_minus_opposite_cosine,323,-0.01866391797860467
decrease,dz_pred,300,MAP_same_minus_opposite_cosine,348,-0.1280631273984909
decrease,dz_pred,300,MAP_same_minus_opposite_cosine,391,-0.056554780900478385
decrease,dz_pred,300,MAP_same_minus_opposite_cosine,683,0.01542314582250337
decrease,dz_pred,300,MAP_same_minus_opposite_cosine,747,0.023924120391408676
decrease,dz_pred,300,MAP_same_minus_opposite_cosine,750,-0.028664473331335816
decrease,dz_pred,300,MAP_same_minus_opposite_cosine,758,0.037788318865227044
decrease,dz_pred,300,MAP_same_minus_opposite_cosine,843,0.04702841904428268
decrease,dz_pred,300,MAP_same_minus_opposite_cosine,877,0.05630028247833252
decrease,dz_pred,300,MAP_same_minus_opposite_cosine,926,-0.017932881460045236
decrease,dz_pred,300,MAP_same_minus_opposite_cosine,967,0.035861968994140625
decrease,dz_pred,300,MAP_same_minus_opposite_cosine,992,0.057416418194770835
decrease,dz_pred,300,MAP_same_minus_opposite_cosine,1014,-0.04351692895094561
decrease,dz_pred,300,MAP_same_minus_opposite_cosine,1092,0.0605397975693146
decrease,dz_pred,300,MAP_same_minus_opposite_cosine,1193,-0.11331850538651145
decrease,dz_pred,300,MAP_same_minus_opposite_cosine,1308,0.03481838256120684
decrease,dz_pred,300,MAP_same_minus_opposite_cosine,1335,-0.009575931798844195
decrease,dz_pred,300,MAP_same_minus_opposite_cosine,1480,0.013449626664320702
decrease,dz_pred,300,MAP_same_minus_opposite_cosine,1566,0.08731958766778314
decrease,dz_pred,300,MAP_same_minus_opposite_cosine,1636,0.026873384912808662
decrease,dz_pred,300,MAP_same_minus_opposite_cosine,1644,-0.0425149301687876
decrease,dz_pred,300,MAP_same_minus_opposite_cosine,1839,-0.0012260893980661214
decrease,dz_pred,300,MAP_same_minus_opposite_cosine,1943,0.05054795907603371
decrease,dz_pred,300,MAP_same_minus_opposite_cosine,2005,-0.05387609452009201
decrease,dz_pred,300,MAP_same_minus_opposite_cosine,2048,-0.0860454447212674
decrease,dz_pred,300,MAP_same_minus_opposite_cosine,2173,0.014913823869493248
decrease,dz_pred,300,MAP_same_minus_opposite_cosine,2263,-0.06040826439857483
decrease,dz_pred,300,MAP_same_minus_opposite_cosine,2303,0.04351603570911611
decrease,dz_pred,300,MAP_same_minus_opposite_cosine,2308,-0.1187236565306331
decrease,dz_pred,300,MAP_same_minus_opposite_cosine,2347,0.007969612048731922
decrease,dz_pred,300,MAP_same_minus_opposite_cosine,2361,-0.013393610715866089
decrease,dz_pred,300,MAP_same_minus_opposite_cosine,2567,-0.09106868150688352
decrease,dz_pred,300,MAP_same_minus_opposite_cosine,2900,-0.04390965402126312
decrease,dz_pred,300,MAP_same_minus_opposite_cosine,2943,0.06900280714035034
decrease,dz_pred,300,MAP_same_minus_opposite_cosine,2946,-0.041070739428202274
decrease,dz_pred,300,MAP_same_minus_opposite_cosine,2988,-0.012559158106644874
decrease,dz_pred,300,MAP_same_minus_opposite_cosine,3261,-0.021857870121796963
decrease,dz_pred,300,MAP_same_minus_opposite_cosine,3354,0.008305807908375984
decrease,dz_pred,300,MAP_same_minus_opposite_cosine,3387,0.04129367818435037
decrease,dz_pred,300,MAP_same_minus_opposite_cosine,3485,0.017687204811308033
decrease,dz_pred,300,MAP_same_minus_opposite_cosine,3525,-0.036646673173615474
decrease,dz_pred,300,MAP_same_minus_opposite_cosine,3569,0.05132430082275752
decrease,dz_pred,300,MAP_same_minus_opposite_cosine,3593,-0.0332403372634541
decrease,dz_pred,300,MAP_same_minus_opposite_cosine,3613,0.07101316343654285
decrease,dz_pred,300,MAP_same_minus_opposite_cosine,3764,0.051725660761197445
decrease,dz_pred,300,MAP_same_minus_opposite_cosine,3768,-0.023479466636975532
decrease,dz_pred,300,MAP_same_minus_opposite_cosine,3852,-0.010228158036867718
decrease,dz_pred,300,MAP_same_minus_opposite_cosine,3967,-0.047555675109227535
decrease,dz_pred,300,MAP_same_minus_opposite_cosine,3976,0.05957285066445661
decrease,dz_pred,300,MAP_same_minus_opposite_cosine,3978,0.0890878327190876
decrease,dz_pred,300,MAP_same_minus_opposite_cosine,3985,-0.036309222380320194
decrease,dz_pred,300,MAP_same_minus_opposite_cosine,4016,-0.08001078913609183
decrease,dz_pred,300,MAP_same_minus_opposite_cosine,4080,0.06704645057519276
decrease,dz_pred,300,MAP_same_minus_opposite_cosine,4293,-0.01538214584191644
decrease,dz_pred,300,MAP_same_minus_opposite_cosine,4312,-0.04586758464574814
decrease,dz_pred,300,MAP_same_minus_opposite_cosine,4529,0.007468372583389282
decrease,dz_pred,300,MAP_same_minus_opposite_cosine,4540,-0.026843036666061026
decrease,dz_pred,300,MAP_same_minus_opposite_cosine,4638,0.03873315950234735
decrease,dz_pred,300,MAP_same_minus_opposite_cosine,4686,-0.023507272203763363
decrease,dz_pred,300,MAP_same_minus_opposite_cosine,4821,-0.013006517291069053
decrease,dz_pred,300,MAP_same_minus_opposite_cosine,4865,0.008006100356578782
decrease,dz_pred,300,MAP_same_minus_opposite_cosine,4944,0.10317916671435046
decrease,dz_pred,300,MAP_same_minus_opposite_cosine,5309,0.01578305548790737
decrease,dz_pred,300,MAP_same_minus_opposite_cosine,5377,0.019171164342851377
decrease,dz_pred,300,MAP_same_minus_opposite_cosine,5410,-0.02027723689874017
decrease,dz_pred,300,MAP_same_minus_opposite_cosine,5454,0.0157480388879776
decrease,dz_pred,300,MAP_same_minus_opposite_cosine,5516,0.0396028533577919
decrease,dz_pred,300,MAP_same_minus_opposite_cosine,5600,0.05940527551703978
decrease,dz_pred,300,MAP_same_minus_opposite_cosine,5778,-0.0073987642923990515
decrease,dz_pred,300,MAP_same_minus_opposite_cosine,5826,0.03595413863658903
decrease,dz_pred,300,MAP_same_minus_opposite_cosine,5961,0.01869945837692777
decrease,dz_pred,300,MAP_same_minus_opposite_cosine,5989,-0.04969605902830754
decrease,dz_pred,300,MAP_same_minus_opposite_cosine,6025,0.003420540028148178
decrease,dz_pred,300,triplet_accuracy,323,0.45
decrease,dz_pred,300,triplet_accuracy,348,0.45
decrease,dz_pred,300,triplet_accuracy,391,0.65
decrease,dz_pred,300,triplet_accuracy,683,0.55
decrease,dz_pred,300,triplet_accuracy,747,0.35
decrease,dz_pred,300,triplet_accuracy,750,0.55
decrease,dz_pred,300,triplet_accuracy,758,0.5
decrease,dz_pred,300,triplet_accuracy,843,0.65
decrease,dz_pred,300,triplet_accuracy,967,0.55
decrease,dz_pred,300,triplet_accuracy,1014,0.45
decrease,dz_pred,300,triplet_accuracy,1092,0.55
decrease,dz_pred,300,triplet_accuracy,1193,0.75
decrease,dz_pred,300,triplet_accuracy,1335,0.65
decrease,dz_pred,300,triplet_accuracy,1480,0.6
decrease,dz_pred,300,triplet_accuracy,1566,0.45
decrease,dz_pred,300,triplet_accuracy,1839,0.5
decrease,dz_pred,300,triplet_accuracy,1943,0.5
decrease,dz_pred,300,triplet_accuracy,2005,0.55
decrease,dz_pred,300,triplet_accuracy,2048,0.5
decrease,dz_pred,300,triplet_accuracy,2173,0.7
decrease,dz_pred,300,triplet_accuracy,2263,0.55
decrease,dz_pred,300,triplet_accuracy,2303,0.7
decrease,dz_pred,300,triplet_accuracy,2308,0.6
decrease,dz_pred,300,triplet_accuracy,2347,0.4
decrease,dz_pred,300,triplet_accuracy,2361,0.65
decrease,dz_pred,300,triplet_accuracy,2567,0.65
decrease,dz_pred,300,triplet_accuracy,2943,0.65
decrease,dz_pred,300,triplet_accuracy,2988,0.5
decrease,dz_pred,300,triplet_accuracy,3261,0.5
decrease,dz_pred,300,triplet_accuracy,3354,0.65
decrease,dz_pred,300,triplet_accuracy,3525,0.55
decrease,dz_pred,300,triplet_accuracy,3569,0.45
decrease,dz_pred,300,triplet_accuracy,3593,0.65
decrease,dz_pred,300,triplet_accuracy,3768,0.7
decrease,dz_pred,300,triplet_accuracy,3852,0.7
decrease,dz_pred,300,triplet_accuracy,3967,0.35
decrease,dz_pred,300,triplet_accuracy,3978,0.6
decrease,dz_pred,300,triplet_accuracy,3985,0.7
decrease,dz_pred,300,triplet_accuracy,4016,0.55
decrease,dz_pred,300,triplet_accuracy,4293,0.65
decrease,dz_pred,300,triplet_accuracy,4312,0.55
decrease,dz_pred,300,triplet_accuracy,4529,0.7
decrease,dz_pred,300,triplet_accuracy,4540,0.4
decrease,dz_pred,300,triplet_accuracy,4686,0.55
decrease,dz_pred,300,triplet_accuracy,4821,0.4
decrease,dz_pred,300,triplet_accuracy,4865,0.4
decrease,dz_pred,300,triplet_accuracy,4944,0.65
decrease,dz_pred,300,triplet_accuracy,5309,0.65
decrease,dz_pred,300,triplet_accuracy,5377,0.65
decrease,dz_pred,300,triplet_accuracy,5410,0.55
decrease,dz_pred,300,triplet_accuracy,5454,0.6
decrease,dz_pred,300,triplet_accuracy,5516,0.6
decrease,dz_pred,300,triplet_accuracy,5600,0.5
decrease,dz_pred,300,triplet_accuracy,5778,0.45
decrease,dz_pred,300,triplet_accuracy,5989,0.45
decrease,dz_pred,300,triplet_accuracy,6025,0.5
stop,dz_pred,300,BIS_same_minus_opposite_cosine,105,0.09973157867789267
stop,dz_pred,300,BIS_same_minus_opposite_cosine,348,0.130321152734034
stop,dz_pred,300,BIS_same_minus_opposite_cosine,391,0.24391887585322058
stop,dz_pred,300,BIS_same_minus_opposite_cosine,747,-0.012315589370149538
stop,dz_pred,300,BIS_same_minus_opposite_cosine,758,0.3402606000502904
stop,dz_pred,300,BIS_same_minus_opposite_cosine,877,0.08028428753217065
stop,dz_pred,300,BIS_same_minus_opposite_cosine,1092,0.070308471719424
stop,dz_pred,300,BIS_same_minus_opposite_cosine,1193,0.13550887902577724
stop,dz_pred,300,BIS_same_minus_opposite_cosine,1480,0.17657031976815418
stop,dz_pred,300,BIS_same_minus_opposite_cosine,1636,-0.005174710353215595
stop,dz_pred,300,BIS_same_minus_opposite_cosine,1644,0.09599570102161836
stop,dz_pred,300,BIS_same_minus_opposite_cosine,2005,0.0958087295293808
stop,dz_pred,300,BIS_same_minus_opposite_cosine,2303,-0.10309380292892456
stop,dz_pred,300,BIS_same_minus_opposite_cosine,2361,0.13302078511979842
stop,dz_pred,300,BIS_same_minus_opposite_cosine,2567,0.1582340757052103
stop,dz_pred,300,BIS_same_minus_opposite_cosine,2943,0.06321970463702176
stop,dz_pred,300,BIS_same_minus_opposite_cosine,2946,0.05050688485304511
stop,dz_pred,300,BIS_same_minus_opposite_cosine,3261,0.08991246670484543
stop,dz_pred,300,BIS_same_minus_opposite_cosine,3485,0.09280351052681612
stop,dz_pred,300,BIS_same_minus_opposite_cosine,3525,0.005717640121777889
stop,dz_pred,300,BIS_same_minus_opposite_cosine,3593,0.0647546648979187
stop,dz_pred,300,BIS_same_minus_opposite_cosine,3613,0.11689229971832693
stop,dz_pred,300,BIS_same_minus_opposite_cosine,3967,-0.012654588868220684
stop,dz_pred,300,BIS_same_minus_opposite_cosine,3976,0.04000161588191986
stop,dz_pred,300,BIS_same_minus_opposite_cosine,4016,0.015582202871640582
stop,dz_pred,300,BIS_same_minus_opposite_cosine,4865,0.29748773699005443
stop,dz_pred,300,BIS_same_minus_opposite_cosine,4944,-0.09438277135292683
stop,dz_pred,300,BIS_same_minus_opposite_cosine,5377,0.006217022736867306
stop,dz_pred,300,BIS_same_minus_opposite_cosine,5410,0.0945800940195719
stop,dz_pred,300,BIS_same_minus_opposite_cosine,5454,0.20696906838566065
stop,dz_pred,300,BIS_same_minus_opposite_cosine,5516,-0.23168488964438438
stop,dz_pred,300,BIS_same_minus_opposite_cosine,5600,0.10973722239335382
stop,dz_pred,300,BIS_same_minus_opposite_cosine,5778,0.0464431494474411
stop,dz_pred,300,BIS_same_minus_opposite_cosine,5826,0.09380979294126679
stop,dz_pred,300,MAP_same_minus_opposite_cosine,105,0.04667591800292337
stop,dz_pred,300,MAP_same_minus_opposite_cosine,348,-0.0120228090220027
stop,dz_pred,300,MAP_same_minus_opposite_cosine,391,0.03958398813293096
stop,dz_pred,300,MAP_same_minus_opposite_cosine,747,0.05867450560132659
stop,dz_pred,300,MAP_same_minus_opposite_cosine,758,-0.011891708487556163
stop,dz_pred,300,MAP_same_minus_opposite_cosine,877,-0.10127723916913522
stop,dz_pred,300,MAP_same_minus_opposite_cosine,926,-0.09464883804321289
stop,dz_pred,300,MAP_same_minus_opposite_cosine,1092,-0.09544415363953229
stop,dz_pred,300,MAP_same_minus_opposite_cosine,1193,-0.1217116815969348
stop,dz_pred,300,MAP_same_minus_opposite_cosine,1480,0.04586394131183624
stop,dz_pred,300,MAP_same_minus_opposite_cosine,1636,-0.15292699038982394
stop,dz_pred,300,MAP_same_minus_opposite_cosine,1644,-0.12973310881190825
stop,dz_pred,300,MAP_same_minus_opposite_cosine,2005,-0.021529088869239432
stop,dz_pred,300,MAP_same_minus_opposite_cosine,2303,-0.1391826570034027
stop,dz_pred,300,MAP_same_minus_opposite_cosine,2361,-0.009230968852837917
stop,dz_pred,300,MAP_same_minus_opposite_cosine,2567,-0.05503402650356293
stop,dz_pred,300,MAP_same_minus_opposite_cosine,2943,-0.1401059269195511
stop,dz_pred,300,MAP_same_minus_opposite_cosine,2946,0.03142597327629726
stop,dz_pred,300,MAP_same_minus_opposite_cosine,3261,-0.12995555665757919
stop,dz_pred,300,MAP_same_minus_opposite_cosine,3485,-0.15053686499595642
stop,dz_pred,300,MAP_same_minus_opposite_cosine,3525,-0.010850535333156608
stop,dz_pred,300,MAP_same_minus_opposite_cosine,3593,0.15035929530858994
stop,dz_pred,300,MAP_same_minus_opposite_cosine,3613,0.008248652021090153
stop,dz_pred,300,MAP_same_minus_opposite_cosine,3967,0.20976360887289047
stop,dz_pred,300,MAP_same_minus_opposite_cosine,3976,-0.029365704173133556
stop,dz_pred,300,MAP_same_minus_opposite_cosine,4016,0.0927170559763908
stop,dz_pred,300,MAP_same_minus_opposite_cosine,4865,-0.09601467723647755
stop,dz_pred,300,MAP_same_minus_opposite_cosine,4944,0.00962626834710445
stop,dz_pred,300,MAP_same_minus_opposite_cosine,5377,-0.025403906901677376
stop,dz_pred,300,MAP_same_minus_opposite_cosine,5410,0.01335829067410843
stop,dz_pred,300,MAP_same_minus_opposite_cosine,5454,-0.02866339435180032
stop,dz_pred,300,MAP_same_minus_opposite_cosine,5516,-0.01807701587677002
stop,dz_pred,300,MAP_same_minus_opposite_cosine,5600,-0.0368837068478266
stop,dz_pred,300,MAP_same_minus_opposite_cosine,5778,-0.029821788271268246
stop,dz_pred,300,MAP_same_minus_opposite_cosine,5826,-0.05923819541931152
stop,dz_pred,300,triplet_accuracy,348,0.65
stop,dz_pred,300,triplet_accuracy,391,0.5
stop,dz_pred,300,triplet_accuracy,747,0.4
stop,dz_pred,300,triplet_accuracy,758,0.55
stop,dz_pred,300,triplet_accuracy,1092,0.6
stop,dz_pred,300,triplet_accuracy,1193,0.75
stop,dz_pred,300,triplet_accuracy,1480,0.8
stop,dz_pred,300,triplet_accuracy,2005,0.65
stop,dz_pred,300,triplet_accuracy,2303,0.6
stop,dz_pred,300,triplet_accuracy,2361,0.6
stop,dz_pred,300,triplet_accuracy,2567,0.65
stop,dz_pred,300,triplet_accuracy,2943,0.5
stop,dz_pred,300,triplet_accuracy,3261,0.6
stop,dz_pred,300,triplet_accuracy,3525,0.6
stop,dz_pred,300,triplet_accuracy,3593,0.6
stop,dz_pred,300,triplet_accuracy,3967,0.8
stop,dz_pred,300,triplet_accuracy,4016,0.75
stop,dz_pred,300,triplet_accuracy,4865,0.65
stop,dz_pred,300,triplet_accuracy,4944,0.55
stop,dz_pred,300,triplet_accuracy,5377,0.65
stop,dz_pred,300,triplet_accuracy,5410,0.5
stop,dz_pred,300,triplet_accuracy,5454,0.55
stop,dz_pred,300,triplet_accuracy,5516,0.7
stop,dz_pred,300,triplet_accuracy,5600,0.55
stop,dz_pred,300,triplet_accuracy,5778,0.5
overall,dz_true,300,BIS_same_minus_opposite_cosine,105,0.49965821853528425
overall,dz_true,300,BIS_same_minus_opposite_cosine,323,0.6573695690184832
overall,dz_true,300,BIS_same_minus_opposite_cosine,348,0.5917554220495125
overall,dz_true,300,BIS_same_minus_opposite_cosine,391,0.7009908894421878
overall,dz_true,300,BIS_same_minus_opposite_cosine,683,0.4688352816045666
overall,dz_true,300,BIS_same_minus_opposite_cosine,747,0.5953744688030819
overall,dz_true,300,BIS_same_minus_opposite_cosine,750,0.5290663455302517
overall,dz_true,300,BIS_same_minus_opposite_cosine,758,0.6396046057230595
overall,dz_true,300,BIS_same_minus_opposite_cosine,843,0.4781239706608984
overall,dz_true,300,BIS_same_minus_opposite_cosine,877,0.6368122359116872
overall,dz_true,300,BIS_same_minus_opposite_cosine,926,0.5011444565529625
overall,dz_true,300,BIS_same_minus_opposite_cosine,967,0.7383113740081036
overall,dz_true,300,BIS_same_minus_opposite_cosine,992,0.5681051600724458
overall,dz_true,300,BIS_same_minus_opposite_cosine,1014,0.7192148226140825
overall,dz_true,300,BIS_same_minus_opposite_cosine,1092,0.5609033175309499
overall,dz_true,300,BIS_same_minus_opposite_cosine,1193,0.49101688946286837
overall,dz_true,300,BIS_same_minus_opposite_cosine,1308,0.698570114672184
overall,dz_true,300,BIS_same_minus_opposite_cosine,1335,0.47288187551001704
overall,dz_true,300,BIS_same_minus_opposite_cosine,1480,0.6193347182268134
overall,dz_true,300,BIS_same_minus_opposite_cosine,1566,0.5961057331413031
overall,dz_true,300,BIS_same_minus_opposite_cosine,1636,0.6069086698470292
overall,dz_true,300,BIS_same_minus_opposite_cosine,1644,0.7518137480361738
overall,dz_true,300,BIS_same_minus_opposite_cosine,1839,0.5637563365741053
overall,dz_true,300,BIS_same_minus_opposite_cosine,1943,0.6297761355837186
overall,dz_true,300,BIS_same_minus_opposite_cosine,2005,0.6087993300830324
overall,dz_true,300,BIS_same_minus_opposite_cosine,2048,0.7468038947631915
overall,dz_true,300,BIS_same_minus_opposite_cosine,2173,0.6548514212171237
overall,dz_true,300,BIS_same_minus_opposite_cosine,2263,0.40896344806737545
overall,dz_true,300,BIS_same_minus_opposite_cosine,2303,0.7267905248233524
overall,dz_true,300,BIS_same_minus_opposite_cosine,2308,0.6087425027663509
overall,dz_true,300,BIS_same_minus_opposite_cosine,2347,0.6314699619015058
overall,dz_true,300,BIS_same_minus_opposite_cosine,2361,0.5308592741067211
overall,dz_true,300,BIS_same_minus_opposite_cosine,2567,0.4267015741020441
overall,dz_true,300,BIS_same_minus_opposite_cosine,2900,0.7082761765881018
overall,dz_true,300,BIS_same_minus_opposite_cosine,2943,0.5787046585728725
overall,dz_true,300,BIS_same_minus_opposite_cosine,2946,0.47673192349477456
overall,dz_true,300,BIS_same_minus_opposite_cosine,2988,0.7201954998953761
overall,dz_true,300,BIS_same_minus_opposite_cosine,3261,0.49301244602180444
overall,dz_true,300,BIS_same_minus_opposite_cosine,3354,0.5687851033828877
overall,dz_true,300,BIS_same_minus_opposite_cosine,3387,0.5119452323764563
overall,dz_true,300,BIS_same_minus_opposite_cosine,3485,0.5675103030034474
overall,dz_true,300,BIS_same_minus_opposite_cosine,3525,0.6382395637842516
overall,dz_true,300,BIS_same_minus_opposite_cosine,3569,0.6851903871943553
overall,dz_true,300,BIS_same_minus_opposite_cosine,3593,0.5323602378368377
overall,dz_true,300,BIS_same_minus_opposite_cosine,3613,0.5862662852896998
overall,dz_true,300,BIS_same_minus_opposite_cosine,3764,0.6876553337400158
overall,dz_true,300,BIS_same_minus_opposite_cosine,3768,0.7194414561079152
overall,dz_true,300,BIS_same_minus_opposite_cosine,3852,0.8082572978658554
overall,dz_true,300,BIS_same_minus_opposite_cosine,3967,0.7140132080940973
overall,dz_true,300,BIS_same_minus_opposite_cosine,3976,0.48098234089712305
overall,dz_true,300,BIS_same_minus_opposite_cosine,3978,0.6823231119869484
overall,dz_true,300,BIS_same_minus_opposite_cosine,3985,0.7747934540982048
overall,dz_true,300,BIS_same_minus_opposite_cosine,4016,0.48361797286197544
overall,dz_true,300,BIS_same_minus_opposite_cosine,4080,0.6928368015079827
overall,dz_true,300,BIS_same_minus_opposite_cosine,4293,0.5625430368818343
overall,dz_true,300,BIS_same_minus_opposite_cosine,4312,0.6066717619200548
overall,dz_true,300,BIS_same_minus_opposite_cosine,4529,0.5764090242981911
overall,dz_true,300,BIS_same_minus_opposite_cosine,4540,0.5646752757641176
overall,dz_true,300,BIS_same_minus_opposite_cosine,4638,0.728057661633461
overall,dz_true,300,BIS_same_minus_opposite_cosine,4686,0.7826819844650983
overall,dz_true,300,BIS_same_minus_opposite_cosine,4821,0.3627758922614157
overall,dz_true,300,BIS_same_minus_opposite_cosine,4865,0.6406978414456049
overall,dz_true,300,BIS_same_minus_opposite_cosine,4944,0.5541355967845606
overall,dz_true,300,BIS_same_minus_opposite_cosine,5309,0.8213051696756372
overall,dz_true,300,BIS_same_minus_opposite_cosine,5377,0.8296150356531143
overall,dz_true,300,BIS_same_minus_opposite_cosine,5410,0.32515807497714244
overall,dz_true,300,BIS_same_minus_opposite_cosine,5454,0.4831786678172648
overall,dz_true,300,BIS_same_minus_opposite_cosine,5516,0.7474018481435876
overall,dz_true,300,BIS_same_minus_opposite_cosine,5600,0.41643955164095936
overall,dz_true,300,BIS_same_minus_opposite_cosine,5778,0.5439084921410118
overall,dz_true,300,BIS_same_minus_opposite_cosine,5826,0.538668899325033
overall,dz_true,300,BIS_same_minus_opposite_cosine,5961,0.40515008581181366
overall,dz_true,300,BIS_same_minus_opposite_cosine,5989,0.5698683786941202
overall,dz_true,300,BIS_same_minus_opposite_cosine,6025,0.7689887933433056
overall,dz_true,300,MAP_same_minus_opposite_cosine,105,0.1027875770504276
overall,dz_true,300,MAP_same_minus_opposite_cosine,323,-0.07347520614933709
overall,dz_true,300,MAP_same_minus_opposite_cosine,348,-0.050461927180488905
overall,dz_true,300,MAP_same_minus_opposite_cosine,391,-0.18107097116501433
overall,dz_true,300,MAP_same_minus_opposite_cosine,683,-0.272425251791165
overall,dz_true,300,MAP_same_minus_opposite_cosine,747,0.0061418919927544065
overall,dz_true,300,MAP_same_minus_opposite_cosine,750,0.20618685198326905
overall,dz_true,300,MAP_same_minus_opposite_cosine,758,0.10185832405003949
overall,dz_true,300,MAP_same_minus_opposite_cosine,843,0.09587452771763007
overall,dz_true,300,MAP_same_minus_opposite_cosine,877,-0.09415986152986686
overall,dz_true,300,MAP_same_minus_opposite_cosine,926,-0.05297289047390222
overall,dz_true,300,MAP_same_minus_opposite_cosine,967,0.09697514330347379
overall,dz_true,300,MAP_same_minus_opposite_cosine,992,0.15272702779620884
overall,dz_true,300,MAP_same_minus_opposite_cosine,1014,-0.032045411334062614
overall,dz_true,300,MAP_same_minus_opposite_cosine,1092,-0.0561144576691415
overall,dz_true,300,MAP_same_minus_opposite_cosine,1193,-0.011843217660983403
overall,dz_true,300,MAP_same_minus_opposite_cosine,1308,0.13464791387842412
overall,dz_true,300,MAP_same_minus_opposite_cosine,1335,0.07212737711113795
overall,dz_true,300,MAP_same_minus_opposite_cosine,1480,-0.044589715202649434
overall,dz_true,300,MAP_same_minus_opposite_cosine,1566,-0.027451209723949425
overall,dz_true,300,MAP_same_minus_opposite_cosine,1636,0.09790654133453414
overall,dz_true,300,MAP_same_minus_opposite_cosine,1644,-0.1536101318688856
overall,dz_true,300,MAP_same_minus_opposite_cosine,1839,0.17127369151761132
overall,dz_true,300,MAP_same_minus_opposite_cosine,1943,-0.07336157910525799
overall,dz_true,300,MAP_same_minus_opposite_cosine,2005,-0.02476506718882808
overall,dz_true,300,MAP_same_minus_opposite_cosine,2048,0.060894723221951844
overall,dz_true,300,MAP_same_minus_opposite_cosine,2173,0.008012360701281016
overall,dz_true,300,MAP_same_minus_opposite_cosine,2263,0.0598196450382089
overall,dz_true,300,MAP_same_minus_opposite_cosine,2303,-0.0902644569618684
overall,dz_true,300,MAP_same_minus_opposite_cosine,2308,0.012236392886742303
overall,dz_true,300,MAP_same_minus_opposite_cosine,2347,-0.0798794835805893
overall,dz_true,300,MAP_same_minus_opposite_cosine,2361,0.04764507035059588
overall,dz_true,300,MAP_same_minus_opposite_cosine,2567,-0.002286911507447561
overall,dz_true,300,MAP_same_minus_opposite_cosine,2900,0.016514179443545413
overall,dz_true,300,MAP_same_minus_opposite_cosine,2943,-0.2479087834448918
overall,dz_true,300,MAP_same_minus_opposite_cosine,2946,-0.10977285960068306
overall,dz_true,300,MAP_same_minus_opposite_cosine,2988,0.20006343996341247
overall,dz_true,300,MAP_same_minus_opposite_cosine,3261,0.03506516706326912
overall,dz_true,300,MAP_same_minus_opposite_cosine,3354,-0.0853266700433615
overall,dz_true,300,MAP_same_minus_opposite_cosine,3387,-0.02145955471942822
overall,dz_true,300,MAP_same_minus_opposite_cosine,3485,-0.02167401627609225
overall,dz_true,300,MAP_same_minus_opposite_cosine,3525,0.2845527371850567
overall,dz_true,300,MAP_same_minus_opposite_cosine,3569,-0.21295153632985822
overall,dz_true,300,MAP_same_minus_opposite_cosine,3593,-0.07176734370489915
overall,dz_true,300,MAP_same_minus_opposite_cosine,3613,0.012016032122527113
overall,dz_true,300,MAP_same_minus_opposite_cosine,3764,-0.2888459166511893
overall,dz_true,300,MAP_same_minus_opposite_cosine,3768,-0.12740859190622966
overall,dz_true,300,MAP_same_minus_opposite_cosine,3852,0.023958753980696204
overall,dz_true,300,MAP_same_minus_opposite_cosine,3967,-0.044356853266557056
overall,dz_true,300,MAP_same_minus_opposite_cosine,3976,-0.09178333173816403
overall,dz_true,300,MAP_same_minus_opposite_cosine,3978,0.07733011053254207
overall,dz_true,300,MAP_same_minus_opposite_cosine,3985,0.16720700102547806
overall,dz_true,300,MAP_same_minus_opposite_cosine,4016,0.07493881297608215
overall,dz_true,300,MAP_same_minus_opposite_cosine,4080,-0.02799380051351532
overall,dz_true,300,MAP_same_minus_opposite_cosine,4293,-0.013197798583479154
overall,dz_true,300,MAP_same_minus_opposite_cosine,4312,-0.09954879800478618
overall,dz_true,300,MAP_same_minus_opposite_cosine,4529,0.08113357108529834
overall,dz_true,300,MAP_same_minus_opposite_cosine,4540,-0.04444009510752483
overall,dz_true,300,MAP_same_minus_opposite_cosine,4638,-0.1134242805449859
overall,dz_true,300,MAP_same_minus_opposite_cosine,4686,-0.0028070503033888645
overall,dz_true,300,MAP_same_minus_opposite_cosine,4821,0.06236284602256048
overall,dz_true,300,MAP_same_minus_opposite_cosine,4865,0.015471885371066274
overall,dz_true,300,MAP_same_minus_opposite_cosine,4944,0.1377943192794919
overall,dz_true,300,MAP_same_minus_opposite_cosine,5309,0.08478012919701912
overall,dz_true,300,MAP_same_minus_opposite_cosine,5377,-0.12202393812023932
overall,dz_true,300,MAP_same_minus_opposite_cosine,5410,0.0629800437639157
overall,dz_true,300,MAP_same_minus_opposite_cosine,5454,-0.01278603196791981
overall,dz_true,300,MAP_same_minus_opposite_cosine,5516,0.06911531346184867
overall,dz_true,300,MAP_same_minus_opposite_cosine,5600,0.001338107759753862
overall,dz_true,300,MAP_same_minus_opposite_cosine,5778,0.06428492784691163
overall,dz_true,300,MAP_same_minus_opposite_cosine,5826,-0.14163472512116038
overall,dz_true,300,MAP_same_minus_opposite_cosine,5961,-0.034631681895981994
overall,dz_true,300,MAP_same_minus_opposite_cosine,5989,-0.012343371535340944
overall,dz_true,300,MAP_same_minus_opposite_cosine,6025,-0.2550823817650477
overall,dz_true,300,triplet_accuracy,323,0.6666666666666666
overall,dz_true,300,triplet_accuracy,348,0.7666666666666667
overall,dz_true,300,triplet_accuracy,391,0.7333333333333333
overall,dz_true,300,triplet_accuracy,683,0.85
overall,dz_true,300,triplet_accuracy,747,0.7666666666666667
overall,dz_true,300,triplet_accuracy,750,0.65
overall,dz_true,300,triplet_accuracy,758,0.6666666666666666
overall,dz_true,300,triplet_accuracy,843,0.75
overall,dz_true,300,triplet_accuracy,967,0.65
overall,dz_true,300,triplet_accuracy,1014,0.7333333333333333
overall,dz_true,300,triplet_accuracy,1092,0.7166666666666667
overall,dz_true,300,triplet_accuracy,1193,0.6333333333333333
overall,dz_true,300,triplet_accuracy,1335,0.7666666666666667
overall,dz_true,300,triplet_accuracy,1480,0.6666666666666666
overall,dz_true,300,triplet_accuracy,1566,0.6833333333333333
overall,dz_true,300,triplet_accuracy,1839,0.65
overall,dz_true,300,triplet_accuracy,1943,0.8
overall,dz_true,300,triplet_accuracy,2005,0.8
overall,dz_true,300,triplet_accuracy,2048,0.7333333333333333
overall,dz_true,300,triplet_accuracy,2173,0.75
overall,dz_true,300,triplet_accuracy,2263,0.6166666666666667
overall,dz_true,300,triplet_accuracy,2303,0.65
overall,dz_true,300,triplet_accuracy,2308,0.7166666666666667
overall,dz_true,300,triplet_accuracy,2347,0.7166666666666667
overall,dz_true,300,triplet_accuracy,2361,0.6833333333333333
overall,dz_true,300,triplet_accuracy,2567,0.7333333333333333
overall,dz_true,300,triplet_accuracy,2943,0.6666666666666666
overall,dz_true,300,triplet_accuracy,2988,0.75
overall,dz_true,300,triplet_accuracy,3261,0.6833333333333333
overall,dz_true,300,triplet_accuracy,3354,0.6833333333333333
overall,dz_true,300,triplet_accuracy,3525,0.65
overall,dz_true,300,triplet_accuracy,3569,0.7
overall,dz_true,300,triplet_accuracy,3593,0.7166666666666667
overall,dz_true,300,triplet_accuracy,3768,0.6833333333333333
overall,dz_true,300,triplet_accuracy,3852,0.7333333333333333
overall,dz_true,300,triplet_accuracy,3967,0.75
overall,dz_true,300,triplet_accuracy,3978,0.7
overall,dz_true,300,triplet_accuracy,3985,0.6833333333333333
overall,dz_true,300,triplet_accuracy,4016,0.8333333333333334
overall,dz_true,300,triplet_accuracy,4293,0.7
overall,dz_true,300,triplet_accuracy,4312,0.8
overall,dz_true,300,triplet_accuracy,4529,0.7
overall,dz_true,300,triplet_accuracy,4540,0.7666666666666667
overall,dz_true,300,triplet_accuracy,4686,0.7166666666666667
overall,dz_true,300,triplet_accuracy,4821,0.7833333333333333
overall,dz_true,300,triplet_accuracy,4865,0.7
overall,dz_true,300,triplet_accuracy,4944,0.6833333333333333
overall,dz_true,300,triplet_accuracy,5309,0.6833333333333333
overall,dz_true,300,triplet_accuracy,5377,0.7833333333333333
overall,dz_true,300,triplet_accuracy,5410,0.6833333333333333
overall,dz_true,300,triplet_accuracy,5454,0.6666666666666666
overall,dz_true,300,triplet_accuracy,5516,0.7666666666666667
overall,dz_true,300,triplet_accuracy,5600,0.7333333333333333
overall,dz_true,300,triplet_accuracy,5778,0.6833333333333333
overall,dz_true,300,triplet_accuracy,5989,0.8166666666666667
overall,dz_true,300,triplet_accuracy,6025,0.7666666666666667
stable_action_Q1,dz_true,300,BIS_same_minus_opposite_cosine,105,0.29967305756040985
stable_action_Q1,dz_true,300,BIS_same_minus_opposite_cosine,323,0.6092663910239935
stable_action_Q1,dz_true,300,BIS_same_minus_opposite_cosine,348,0.9356204244411654
stable_action_Q1,dz_true,300,BIS_same_minus_opposite_cosine,391,0.39782256180081854
stable_action_Q1,dz_true,300,BIS_same_minus_opposite_cosine,683,0.8557352428183411
stable_action_Q1,dz_true,300,BIS_same_minus_opposite_cosine,747,0.7814758965331647
stable_action_Q1,dz_true,300,BIS_same_minus_opposite_cosine,750,0.6742422291444559
stable_action_Q1,dz_true,300,BIS_same_minus_opposite_cosine,758,0.49282566690817475
stable_action_Q1,dz_true,300,BIS_same_minus_opposite_cosine,843,0.5615260526537895
stable_action_Q1,dz_true,300,BIS_same_minus_opposite_cosine,877,0.4105986575906475
stable_action_Q1,dz_true,300,BIS_same_minus_opposite_cosine,926,0.7233940540163806
stable_action_Q1,dz_true,300,BIS_same_minus_opposite_cosine,967,0.7707657439944644
stable_action_Q1,dz_true,300,BIS_same_minus_opposite_cosine,992,0.9425130470345418
stable_action_Q1,dz_true,300,BIS_same_minus_opposite_cosine,1014,0.4883790502945582
stable_action_Q1,dz_true,300,BIS_same_minus_opposite_cosine,1092,0.41027519541482127
stable_action_Q1,dz_true,300,BIS_same_minus_opposite_cosine,1193,0.6518675162146489
stable_action_Q1,dz_true,300,BIS_same_minus_opposite_cosine,1308,0.9261457265044253
stable_action_Q1,dz_true,300,BIS_same_minus_opposite_cosine,1335,0.3730946135396759
stable_action_Q1,dz_true,300,BIS_same_minus_opposite_cosine,1480,0.43701073289331466
stable_action_Q1,dz_true,300,BIS_same_minus_opposite_cosine,1566,0.6333841842909653
stable_action_Q1,dz_true,300,BIS_same_minus_opposite_cosine,1636,0.28018777072429657
stable_action_Q1,dz_true,300,BIS_same_minus_opposite_cosine,1644,0.5620597703382373
stable_action_Q1,dz_true,300,BIS_same_minus_opposite_cosine,1839,0.5471648869459473
stable_action_Q1,dz_true,300,BIS_same_minus_opposite_cosine,1943,0.6767423035520497
stable_action_Q1,dz_true,300,BIS_same_minus_opposite_cosine,2005,0.3917371242617568
stable_action_Q1,dz_true,300,BIS_same_minus_opposite_cosine,2048,0.4328760819302665
stable_action_Q1,dz_true,300,BIS_same_minus_opposite_cosine,2173,0.6626606358384544
stable_action_Q1,dz_true,300,BIS_same_minus_opposite_cosine,2263,0.4845607404907544
stable_action_Q1,dz_true,300,BIS_same_minus_opposite_cosine,2303,0.6971631135904428
stable_action_Q1,dz_true,300,BIS_same_minus_opposite_cosine,2308,0.5421325906904207
stable_action_Q1,dz_true,300,BIS_same_minus_opposite_cosine,2347,0.5863188966487844
stable_action_Q1,dz_true,300,BIS_same_minus_opposite_cosine,2361,0.687926625729435
stable_action_Q1,dz_true,300,BIS_same_minus_opposite_cosine,2567,0.7510049580596387
stable_action_Q1,dz_true,300,BIS_same_minus_opposite_cosine,2900,0.9643887567023437
stable_action_Q1,dz_true,300,BIS_same_minus_opposite_cosine,2943,0.7414534389972687
stable_action_Q1,dz_true,300,BIS_same_minus_opposite_cosine,2946,0.8338578830783565
stable_action_Q1,dz_true,300,BIS_same_minus_opposite_cosine,2988,0.478022514997671
stable_action_Q1,dz_true,300,BIS_same_minus_opposite_cosine,3261,0.6342555390050014
stable_action_Q1,dz_true,300,BIS_same_minus_opposite_cosine,3354,0.7876649357378482
stable_action_Q1,dz_true,300,BIS_same_minus_opposite_cosine,3387,0.5058736544516351
stable_action_Q1,dz_true,300,BIS_same_minus_opposite_cosine,3485,0.6010015597566962
stable_action_Q1,dz_true,300,BIS_same_minus_opposite_cosine,3525,0.6934143513441086
stable_action_Q1,dz_true,300,BIS_same_minus_opposite_cosine,3569,0.23879930066565672
stable_action_Q1,dz_true,300,BIS_same_minus_opposite_cosine,3593,0.7465720068042476
stable_action_Q1,dz_true,300,BIS_same_minus_opposite_cosine,3613,0.9983980037892859
stable_action_Q1,dz_true,300,BIS_same_minus_opposite_cosine,3764,0.2235590929786364
stable_action_Q1,dz_true,300,BIS_same_minus_opposite_cosine,3768,0.7948075934228571
stable_action_Q1,dz_true,300,BIS_same_minus_opposite_cosine,3852,0.9552597928453576
stable_action_Q1,dz_true,300,BIS_same_minus_opposite_cosine,3967,0.7024592957769831
stable_action_Q1,dz_true,300,BIS_same_minus_opposite_cosine,3976,0.9841082527330427
stable_action_Q1,dz_true,300,BIS_same_minus_opposite_cosine,3978,0.6358076180848811
stable_action_Q1,dz_true,300,BIS_same_minus_opposite_cosine,3985,0.657410375877387
stable_action_Q1,dz_true,300,BIS_same_minus_opposite_cosine,4016,0.7470451543728511
stable_action_Q1,dz_true,300,BIS_same_minus_opposite_cosine,4080,0.6357052300238248
stable_action_Q1,dz_true,300,BIS_same_minus_opposite_cosine,4293,0.7293203763212218
stable_action_Q1,dz_true,300,BIS_same_minus_opposite_cosine,4312,0.7772564761566393
stable_action_Q1,dz_true,300,BIS_same_minus_opposite_cosine,4529,0.5557242001152851
stable_action_Q1,dz_true,300,BIS_same_minus_opposite_cosine,4540,0.7098493739341696
stable_action_Q1,dz_true,300,BIS_same_minus_opposite_cosine,4638,0.8494938892933229
stable_action_Q1,dz_true,300,BIS_same_minus_opposite_cosine,4686,0.732409971455733
stable_action_Q1,dz_true,300,BIS_same_minus_opposite_cosine,4821,0.39799030839155114
stable_action_Q1,dz_true,300,BIS_same_minus_opposite_cosine,4865,0.5986000164101521
stable_action_Q1,dz_true,300,BIS_same_minus_opposite_cosine,4944,0.7435895043114822
stable_action_Q1,dz_true,300,BIS_same_minus_opposite_cosine,5309,0.328030828681464
stable_action_Q1,dz_true,300,BIS_same_minus_opposite_cosine,5377,0.6762181679821677
stable_action_Q1,dz_true,300,BIS_same_minus_opposite_cosine,5410,0.4393867690116167
stable_action_Q1,dz_true,300,BIS_same_minus_opposite_cosine,5454,0.5527079571038485
stable_action_Q1,dz_true,300,BIS_same_minus_opposite_cosine,5516,0.7586369889477889
stable_action_Q1,dz_true,300,BIS_same_minus_opposite_cosine,5600,0.4805708364361808
stable_action_Q1,dz_true,300,BIS_same_minus_opposite_cosine,5778,0.6862301080177228
stable_action_Q1,dz_true,300,BIS_same_minus_opposite_cosine,5826,0.5446149323963457
stable_action_Q1,dz_true,300,BIS_same_minus_opposite_cosine,5961,0.5503942711899678
stable_action_Q1,dz_true,300,BIS_same_minus_opposite_cosine,5989,0.7051760813955105
stable_action_Q1,dz_true,300,BIS_same_minus_opposite_cosine,6025,0.7858689728221206
stable_action_Q1,dz_true,300,MAP_same_minus_opposite_cosine,105,-0.07798904127308301
stable_action_Q1,dz_true,300,MAP_same_minus_opposite_cosine,323,0.5791750480199144
stable_action_Q1,dz_true,300,MAP_same_minus_opposite_cosine,348,0.2309433701758583
stable_action_Q1,dz_true,300,MAP_same_minus_opposite_cosine,391,-0.07699153299132983
stable_action_Q1,dz_true,300,MAP_same_minus_opposite_cosine,683,0.29221396872566807
stable_action_Q1,dz_true,300,MAP_same_minus_opposite_cosine,747,0.047564045610752975
stable_action_Q1,dz_true,300,MAP_same_minus_opposite_cosine,750,-0.08703281357884407
stable_action_Q1,dz_true,300,MAP_same_minus_opposite_cosine,758,0.3160728977174696
stable_action_Q1,dz_true,300,MAP_same_minus_opposite_cosine,843,-0.06729727238416672
stable_action_Q1,dz_true,300,MAP_same_minus_opposite_cosine,877,0.0725265961761276
stable_action_Q1,dz_true,300,MAP_same_minus_opposite_cosine,926,0.41337796170264485
stable_action_Q1,dz_true,300,MAP_same_minus_opposite_cosine,967,-0.04873041353291935
stable_action_Q1,dz_true,300,MAP_same_minus_opposite_cosine,992,0.18601313109199205
stable_action_Q1,dz_true,300,MAP_same_minus_opposite_cosine,1014,0.007591121726565897
stable_action_Q1,dz_true,300,MAP_same_minus_opposite_cosine,1092,-0.4222219831620654
stable_action_Q1,dz_true,300,MAP_same_minus_opposite_cosine,1193,-0.000803577403227479
stable_action_Q1,dz_true,300,MAP_same_minus_opposite_cosine,1308,0.015820126359661416
stable_action_Q1,dz_true,300,MAP_same_minus_opposite_cosine,1335,0.09358263108879328
stable_action_Q1,dz_true,300,MAP_same_minus_opposite_cosine,1480,-0.2017582895855109
stable_action_Q1,dz_true,300,MAP_same_minus_opposite_cosine,1566,0.03975364982727028
stable_action_Q1,dz_true,300,MAP_same_minus_opposite_cosine,1644,-0.0599532313644886
stable_action_Q1,dz_true,300,MAP_same_minus_opposite_cosine,1839,0.5099700802485599
stable_action_Q1,dz_true,300,MAP_same_minus_opposite_cosine,1943,0.358355728805893
stable_action_Q1,dz_true,300,MAP_same_minus_opposite_cosine,2005,-0.2720961171117696
stable_action_Q1,dz_true,300,MAP_same_minus_opposite_cosine,2048,0.028796156061192353
stable_action_Q1,dz_true,300,MAP_same_minus_opposite_cosine,2173,0.4622801433006922
stable_action_Q1,dz_true,300,MAP_same_minus_opposite_cosine,2263,-0.12209740488065615
stable_action_Q1,dz_true,300,MAP_same_minus_opposite_cosine,2303,-0.3012689522777995
stable_action_Q1,dz_true,300,MAP_same_minus_opposite_cosine,2308,0.0029522500754821865
stable_action_Q1,dz_true,300,MAP_same_minus_opposite_cosine,2347,-0.11335960185776153
stable_action_Q1,dz_true,300,MAP_same_minus_opposite_cosine,2361,-0.03656963805357616
stable_action_Q1,dz_true,300,MAP_same_minus_opposite_cosine,2567,-0.03211755615969499
stable_action_Q1,dz_true,300,MAP_same_minus_opposite_cosine,2900,-0.1324091234244406
stable_action_Q1,dz_true,300,MAP_same_minus_opposite_cosine,2943,0.17636330063558286
stable_action_Q1,dz_true,300,MAP_same_minus_opposite_cosine,2946,-0.1935995646885463
stable_action_Q1,dz_true,300,MAP_same_minus_opposite_cosine,2988,0.13428952001656094
stable_action_Q1,dz_true,300,MAP_same_minus_opposite_cosine,3261,-0.09504638162131111
stable_action_Q1,dz_true,300,MAP_same_minus_opposite_cosine,3354,0.23347144971291225
stable_action_Q1,dz_true,300,MAP_same_minus_opposite_cosine,3387,0.06625748174547245
stable_action_Q1,dz_true,300,MAP_same_minus_opposite_cosine,3485,0.2576981688539187
stable_action_Q1,dz_true,300,MAP_same_minus_opposite_cosine,3525,-0.15942112995045526
stable_action_Q1,dz_true,300,MAP_same_minus_opposite_cosine,3569,-0.07817920087836683
stable_action_Q1,dz_true,300,MAP_same_minus_opposite_cosine,3593,0.04776184416065613
stable_action_Q1,dz_true,300,MAP_same_minus_opposite_cosine,3613,0.5849756474296252
stable_action_Q1,dz_true,300,MAP_same_minus_opposite_cosine,3764,-0.09491531737148762
stable_action_Q1,dz_true,300,MAP_same_minus_opposite_cosine,3768,0.17112251029660305
stable_action_Q1,dz_true,300,MAP_same_minus_opposite_cosine,3852,0.15463175668352933
stable_action_Q1,dz_true,300,MAP_same_minus_opposite_cosine,3967,-0.0877652295295977
stable_action_Q1,dz_true,300,MAP_same_minus_opposite_cosine,3976,0.22124286047700378
stable_action_Q1,dz_true,300,MAP_same_minus_opposite_cosine,3978,-0.008944428525865078
stable_action_Q1,dz_true,300,MAP_same_minus_opposite_cosine,3985,0.28560476821093334
stable_action_Q1,dz_true,300,MAP_same_minus_opposite_cosine,4016,0.012526450011258329
stable_action_Q1,dz_true,300,MAP_same_minus_opposite_cosine,4080,-0.01921611131084236
stable_action_Q1,dz_true,300,MAP_same_minus_opposite_cosine,4293,-0.10788696111800769
stable_action_Q1,dz_true,300,MAP_same_minus_opposite_cosine,4312,-0.04199659596714708
stable_action_Q1,dz_true,300,MAP_same_minus_opposite_cosine,4529,-0.07531032816817364
stable_action_Q1,dz_true,300,MAP_same_minus_opposite_cosine,4540,0.2750230517149681
stable_action_Q1,dz_true,300,MAP_same_minus_opposite_cosine,4638,-0.2028019849323865
stable_action_Q1,dz_true,300,MAP_same_minus_opposite_cosine,4686,-0.044925309096773475
stable_action_Q1,dz_true,300,MAP_same_minus_opposite_cosine,4821,0.18524066110452014
stable_action_Q1,dz_true,300,MAP_same_minus_opposite_cosine,4865,0.12251032185223368
stable_action_Q1,dz_true,300,MAP_same_minus_opposite_cosine,4944,-0.49152473939789665
stable_action_Q1,dz_true,300,MAP_same_minus_opposite_cosine,5309,0.16423508592627264
stable_action_Q1,dz_true,300,MAP_same_minus_opposite_cosine,5377,-0.1817297183331989
stable_action_Q1,dz_true,300,MAP_same_minus_opposite_cosine,5410,0.16573906736448407
stable_action_Q1,dz_true,300,MAP_same_minus_opposite_cosine,5454,0.2378223025550445
stable_action_Q1,dz_true,300,MAP_same_minus_opposite_cosine,5516,-0.14670138383905093
stable_action_Q1,dz_true,300,MAP_same_minus_opposite_cosine,5600,0.2270951939835435
stable_action_Q1,dz_true,300,MAP_same_minus_opposite_cosine,5778,-0.21651076612373193
stable_action_Q1,dz_true,300,MAP_same_minus_opposite_cosine,5826,0.1062219082688292
stable_action_Q1,dz_true,300,MAP_same_minus_opposite_cosine,5961,-0.09868087247014046
stable_action_Q1,dz_true,300,MAP_same_minus_opposite_cosine,5989,-0.44045225872347754
stable_action_Q1,dz_true,300,MAP_same_minus_opposite_cosine,6025,-0.2614881358687963
stable_action_Q1,dz_true,300,triplet_accuracy,323,0.8
stable_action_Q1,dz_true,300,triplet_accuracy,348,0.85
stable_action_Q1,dz_true,300,triplet_accuracy,391,0.8
stable_action_Q1,dz_true,300,triplet_accuracy,683,0.6
stable_action_Q1,dz_true,300,triplet_accuracy,747,0.8
stable_action_Q1,dz_true,300,triplet_accuracy,750,0.7
stable_action_Q1,dz_true,300,triplet_accuracy,758,0.8
stable_action_Q1,dz_true,300,triplet_accuracy,843,0.8
stable_action_Q1,dz_true,300,triplet_accuracy,967,0.7
stable_action_Q1,dz_true,300,triplet_accuracy,1014,0.9
stable_action_Q1,dz_true,300,triplet_accuracy,1092,0.9
stable_action_Q1,dz_true,300,triplet_accuracy,1193,0.85
stable_action_Q1,dz_true,300,triplet_accuracy,1335,0.65
stable_action_Q1,dz_true,300,triplet_accuracy,1480,0.7
stable_action_Q1,dz_true,300,triplet_accuracy,1566,0.9
stable_action_Q1,dz_true,300,triplet_accuracy,1839,0.65
stable_action_Q1,dz_true,300,triplet_accuracy,1943,0.85
stable_action_Q1,dz_true,300,triplet_accuracy,2005,0.7
stable_action_Q1,dz_true,300,triplet_accuracy,2048,0.85
stable_action_Q1,dz_true,300,triplet_accuracy,2173,0.7
stable_action_Q1,dz_true,300,triplet_accuracy,2263,0.7
stable_action_Q1,dz_true,300,triplet_accuracy,2303,0.75
stable_action_Q1,dz_true,300,triplet_accuracy,2308,0.85
stable_action_Q1,dz_true,300,triplet_accuracy,2347,0.7
stable_action_Q1,dz_true,300,triplet_accuracy,2361,0.85
stable_action_Q1,dz_true,300,triplet_accuracy,2567,0.7
stable_action_Q1,dz_true,300,triplet_accuracy,2943,0.85
stable_action_Q1,dz_true,300,triplet_accuracy,2988,0.75
stable_action_Q1,dz_true,300,triplet_accuracy,3261,0.7
stable_action_Q1,dz_true,300,triplet_accuracy,3354,0.9
stable_action_Q1,dz_true,300,triplet_accuracy,3525,0.85
stable_action_Q1,dz_true,300,triplet_accuracy,3569,0.8
stable_action_Q1,dz_true,300,triplet_accuracy,3593,0.7
stable_action_Q1,dz_true,300,triplet_accuracy,3768,0.85
stable_action_Q1,dz_true,300,triplet_accuracy,3852,0.7
stable_action_Q1,dz_true,300,triplet_accuracy,3967,0.6
stable_action_Q1,dz_true,300,triplet_accuracy,3978,0.65
stable_action_Q1,dz_true,300,triplet_accuracy,3985,0.75
stable_action_Q1,dz_true,300,triplet_accuracy,4016,0.75
stable_action_Q1,dz_true,300,triplet_accuracy,4293,0.6
stable_action_Q1,dz_true,300,triplet_accuracy,4312,0.85
stable_action_Q1,dz_true,300,triplet_accuracy,4529,0.65
stable_action_Q1,dz_true,300,triplet_accuracy,4540,0.85
stable_action_Q1,dz_true,300,triplet_accuracy,4686,0.75
stable_action_Q1,dz_true,300,triplet_accuracy,4821,0.6
stable_action_Q1,dz_true,300,triplet_accuracy,4865,0.8
stable_action_Q1,dz_true,300,triplet_accuracy,4944,0.85
stable_action_Q1,dz_true,300,triplet_accuracy,5309,0.6
stable_action_Q1,dz_true,300,triplet_accuracy,5377,0.8
stable_action_Q1,dz_true,300,triplet_accuracy,5410,0.75
stable_action_Q1,dz_true,300,triplet_accuracy,5454,0.85
stable_action_Q1,dz_true,300,triplet_accuracy,5516,0.7
stable_action_Q1,dz_true,300,triplet_accuracy,5600,0.6
stable_action_Q1,dz_true,300,triplet_accuracy,5778,0.75
stable_action_Q1,dz_true,300,triplet_accuracy,5989,0.65
stable_action_Q1,dz_true,300,triplet_accuracy,6025,0.65
Q4,dz_true,300,BIS_same_minus_opposite_cosine,105,0.49332139194011687
Q4,dz_true,300,BIS_same_minus_opposite_cosine,323,0.4231014847755432
Q4,dz_true,300,BIS_same_minus_opposite_cosine,348,0.5978739305088918
Q4,dz_true,300,BIS_same_minus_opposite_cosine,391,0.4853753024298284
Q4,dz_true,300,BIS_same_minus_opposite_cosine,683,0.5984689875816305
Q4,dz_true,300,BIS_same_minus_opposite_cosine,747,0.3783142575147477
Q4,dz_true,300,BIS_same_minus_opposite_cosine,750,0.25283968852212035
Q4,dz_true,300,BIS_same_minus_opposite_cosine,758,0.5192799636473259
Q4,dz_true,300,BIS_same_minus_opposite_cosine,843,0.18636156846990898
Q4,dz_true,300,BIS_same_minus_opposite_cosine,877,0.5686398927122355
Q4,dz_true,300,BIS_same_minus_opposite_cosine,926,0.31700279271850984
Q4,dz_true,300,BIS_same_minus_opposite_cosine,967,0.3952739325662454
Q4,dz_true,300,BIS_same_minus_opposite_cosine,992,0.22744090047975382
Q4,dz_true,300,BIS_same_minus_opposite_cosine,1014,0.3282819847886761
Q4,dz_true,300,BIS_same_minus_opposite_cosine,1092,0.510165378327171
Q4,dz_true,300,BIS_same_minus_opposite_cosine,1193,0.5115216886624694
Q4,dz_true,300,BIS_same_minus_opposite_cosine,1308,0.5531045405194164
Q4,dz_true,300,BIS_same_minus_opposite_cosine,1335,0.5004056111599008
Q4,dz_true,300,BIS_same_minus_opposite_cosine,1480,0.38722128157193464
Q4,dz_true,300,BIS_same_minus_opposite_cosine,1566,0.05177739759286245
Q4,dz_true,300,BIS_same_minus_opposite_cosine,1636,0.44441982451826334
Q4,dz_true,300,BIS_same_minus_opposite_cosine,1644,0.7900918984616345
Q4,dz_true,300,BIS_same_minus_opposite_cosine,1839,0.41157385346790154
Q4,dz_true,300,BIS_same_minus_opposite_cosine,1943,0.4784889039583504
Q4,dz_true,300,BIS_same_minus_opposite_cosine,2005,0.22990148402750493
Q4,dz_true,300,BIS_same_minus_opposite_cosine,2048,0.519679001532495
Q4,dz_true,300,BIS_same_minus_opposite_cosine,2173,0.5345862640274895
Q4,dz_true,300,BIS_same_minus_opposite_cosine,2263,0.2339918932153119
Q4,dz_true,300,BIS_same_minus_opposite_cosine,2303,0.5470737709353368
Q4,dz_true,300,BIS_same_minus_opposite_cosine,2308,0.5259811809242126
Q4,dz_true,300,BIS_same_minus_opposite_cosine,2347,0.466509522870183
Q4,dz_true,300,BIS_same_minus_opposite_cosine,2361,0.6959434657668074
Q4,dz_true,300,BIS_same_minus_opposite_cosine,2567,0.3150442025313775
Q4,dz_true,300,BIS_same_minus_opposite_cosine,2900,0.41626976227218454
Q4,dz_true,300,BIS_same_minus_opposite_cosine,2943,0.5253637073458068
Q4,dz_true,300,BIS_same_minus_opposite_cosine,2946,0.5089515627672275
Q4,dz_true,300,BIS_same_minus_opposite_cosine,2988,0.5970355188474059
Q4,dz_true,300,BIS_same_minus_opposite_cosine,3261,0.5454261055837075
Q4,dz_true,300,BIS_same_minus_opposite_cosine,3354,0.51137177310884
Q4,dz_true,300,BIS_same_minus_opposite_cosine,3387,0.4548581538721919
Q4,dz_true,300,BIS_same_minus_opposite_cosine,3485,0.6906387976398973
Q4,dz_true,300,BIS_same_minus_opposite_cosine,3525,0.2827265216884288
Q4,dz_true,300,BIS_same_minus_opposite_cosine,3569,0.5947400821993748
Q4,dz_true,300,BIS_same_minus_opposite_cosine,3593,0.31143888309597967
Q4,dz_true,300,BIS_same_minus_opposite_cosine,3613,0.4988639498073043
Q4,dz_true,300,BIS_same_minus_opposite_cosine,3764,0.7069611442134236
Q4,dz_true,300,BIS_same_minus_opposite_cosine,3768,0.39007862695408135
Q4,dz_true,300,BIS_same_minus_opposite_cosine,3852,0.0029700440354645252
Q4,dz_true,300,BIS_same_minus_opposite_cosine,3967,0.35930370949208734
Q4,dz_true,300,BIS_same_minus_opposite_cosine,3976,0.29589466637734213
Q4,dz_true,300,BIS_same_minus_opposite_cosine,3978,0.38533740898682955
Q4,dz_true,300,BIS_same_minus_opposite_cosine,3985,0.37883248782406254
Q4,dz_true,300,BIS_same_minus_opposite_cosine,4016,0.39371804147958755
Q4,dz_true,300,BIS_same_minus_opposite_cosine,4080,0.40929204867117935
Q4,dz_true,300,BIS_same_minus_opposite_cosine,4293,0.14574757197664845
Q4,dz_true,300,BIS_same_minus_opposite_cosine,4312,0.6277710743662384
Q4,dz_true,300,BIS_same_minus_opposite_cosine,4529,0.8611031358854637
Q4,dz_true,300,BIS_same_minus_opposite_cosine,4540,0.5467333633057547
Q4,dz_true,300,BIS_same_minus_opposite_cosine,4638,0.6832024618983269
Q4,dz_true,300,BIS_same_minus_opposite_cosine,4686,0.7864458514377475
Q4,dz_true,300,BIS_same_minus_opposite_cosine,4821,0.5638564731925726
Q4,dz_true,300,BIS_same_minus_opposite_cosine,4865,0.4117175622532765
Q4,dz_true,300,BIS_same_minus_opposite_cosine,4944,0.36838127921024955
Q4,dz_true,300,BIS_same_minus_opposite_cosine,5309,0.8097914901251594
Q4,dz_true,300,BIS_same_minus_opposite_cosine,5377,0.4724933374673128
Q4,dz_true,300,BIS_same_minus_opposite_cosine,5410,0.4918683171272278
Q4,dz_true,300,BIS_same_minus_opposite_cosine,5454,0.5808675438165665
Q4,dz_true,300,BIS_same_minus_opposite_cosine,5516,0.3670578469832738
Q4,dz_true,300,BIS_same_minus_opposite_cosine,5600,0.5604110794762771
Q4,dz_true,300,BIS_same_minus_opposite_cosine,5778,0.5002450899531443
Q4,dz_true,300,BIS_same_minus_opposite_cosine,5826,0.6176865872165018
Q4,dz_true,300,BIS_same_minus_opposite_cosine,5961,0.5476343544820945
Q4,dz_true,300,BIS_same_minus_opposite_cosine,5989,0.6636456672309174
Q4,dz_true,300,BIS_same_minus_opposite_cosine,6025,0.7174800211620149
Q4,dz_true,300,MAP_same_minus_opposite_cosine,105,0.17635409773863625
Q4,dz_true,300,MAP_same_minus_opposite_cosine,323,0.14865059188256663
Q4,dz_true,300,MAP_same_minus_opposite_cosine,348,-0.0571683831512928
Q4,dz_true,300,MAP_same_minus_opposite_cosine,391,0.07229778294761977
Q4,dz_true,300,MAP_same_minus_opposite_cosine,683,0.06545364111661911
Q4,dz_true,300,MAP_same_minus_opposite_cosine,747,-0.04226290479753957
Q4,dz_true,300,MAP_same_minus_opposite_cosine,750,0.1224461044406607
Q4,dz_true,300,MAP_same_minus_opposite_cosine,758,0.06923929322510958
Q4,dz_true,300,MAP_same_minus_opposite_cosine,843,-0.11587476897984744
Q4,dz_true,300,MAP_same_minus_opposite_cosine,877,0.061870275717228654
Q4,dz_true,300,MAP_same_minus_opposite_cosine,926,-0.15482188978542885
Q4,dz_true,300,MAP_same_minus_opposite_cosine,967,0.055617650914372804
Q4,dz_true,300,MAP_same_minus_opposite_cosine,992,-0.05045096469776971
Q4,dz_true,300,MAP_same_minus_opposite_cosine,1014,-0.08339297429968913
Q4,dz_true,300,MAP_same_minus_opposite_cosine,1092,0.23966590128839016
Q4,dz_true,300,MAP_same_minus_opposite_cosine,1193,0.16689377029736838
Q4,dz_true,300,MAP_same_minus_opposite_cosine,1308,-0.00349697002181501
Q4,dz_true,300,MAP_same_minus_opposite_cosine,1335,0.07292798031121492
Q4,dz_true,300,MAP_same_minus_opposite_cosine,1480,-0.09777632029727101
Q4,dz_true,300,MAP_same_minus_opposite_cosine,1566,0.09157101364274109
Q4,dz_true,300,MAP_same_minus_opposite_cosine,1636,0.09318970997507373
Q4,dz_true,300,MAP_same_minus_opposite_cosine,1644,0.018248651487131916
Q4,dz_true,300,MAP_same_minus_opposite_cosine,1839,0.17272798344492912
Q4,dz_true,300,MAP_same_minus_opposite_cosine,1943,-0.08672577093044917
Q4,dz_true,300,MAP_same_minus_opposite_cosine,2005,0.399774777477212
Q4,dz_true,300,MAP_same_minus_opposite_cosine,2048,-0.0460959319912252
Q4,dz_true,300,MAP_same_minus_opposite_cosine,2173,-0.13729124745974938
Q4,dz_true,300,MAP_same_minus_opposite_cosine,2263,-0.15634259615432133
Q4,dz_true,300,MAP_same_minus_opposite_cosine,2303,0.024008683984478318
Q4,dz_true,300,MAP_same_minus_opposite_cosine,2308,0.029066928097921794
Q4,dz_true,300,MAP_same_minus_opposite_cosine,2347,0.13341159774272732
Q4,dz_true,300,MAP_same_minus_opposite_cosine,2361,0.011350713980694614
Q4,dz_true,300,MAP_same_minus_opposite_cosine,2567,0.32602338235647904
Q4,dz_true,300,MAP_same_minus_opposite_cosine,2900,0.09017724357545376
Q4,dz_true,300,MAP_same_minus_opposite_cosine,2943,-0.13492984827043433
Q4,dz_true,300,MAP_same_minus_opposite_cosine,2946,0.1510040441697294
Q4,dz_true,300,MAP_same_minus_opposite_cosine,2988,0.060518768098619245
Q4,dz_true,300,MAP_same_minus_opposite_cosine,3261,-0.291509221928815
Q4,dz_true,300,MAP_same_minus_opposite_cosine,3354,-0.013665398893256991
Q4,dz_true,300,MAP_same_minus_opposite_cosine,3387,0.04168696502844492
Q4,dz_true,300,MAP_same_minus_opposite_cosine,3485,0.02206575761859616
Q4,dz_true,300,MAP_same_minus_opposite_cosine,3525,0.13772827805951238
Q4,dz_true,300,MAP_same_minus_opposite_cosine,3569,-0.1730024789770444
Q4,dz_true,300,MAP_same_minus_opposite_cosine,3593,0.20095739733766427
Q4,dz_true,300,MAP_same_minus_opposite_cosine,3613,0.0635202947834676
Q4,dz_true,300,MAP_same_minus_opposite_cosine,3764,0.15909921926342777
Q4,dz_true,300,MAP_same_minus_opposite_cosine,3768,0.2346934548607378
Q4,dz_true,300,MAP_same_minus_opposite_cosine,3852,0.09209822163437352
Q4,dz_true,300,MAP_same_minus_opposite_cosine,3967,-0.17686658911406994
Q4,dz_true,300,MAP_same_minus_opposite_cosine,3976,-0.16336051457458073
Q4,dz_true,300,MAP_same_minus_opposite_cosine,3978,0.11174473651882375
Q4,dz_true,300,MAP_same_minus_opposite_cosine,3985,-0.030328834584603708
Q4,dz_true,300,MAP_same_minus_opposite_cosine,4016,0.04099612828964989
Q4,dz_true,300,MAP_same_minus_opposite_cosine,4080,0.20796648276348909
Q4,dz_true,300,MAP_same_minus_opposite_cosine,4293,0.03501697164028883
Q4,dz_true,300,MAP_same_minus_opposite_cosine,4312,0.24895769786089658
Q4,dz_true,300,MAP_same_minus_opposite_cosine,4529,-0.17805070926745734
Q4,dz_true,300,MAP_same_minus_opposite_cosine,4540,-0.21414283600946268
Q4,dz_true,300,MAP_same_minus_opposite_cosine,4638,0.0429656741519769
Q4,dz_true,300,MAP_same_minus_opposite_cosine,4686,0.34166108960793773
Q4,dz_true,300,MAP_same_minus_opposite_cosine,4821,0.03351338021457195
Q4,dz_true,300,MAP_same_minus_opposite_cosine,4865,-0.1323694683611393
Q4,dz_true,300,MAP_same_minus_opposite_cosine,4944,0.1442911805998948
Q4,dz_true,300,MAP_same_minus_opposite_cosine,5309,0.13279693356404704
Q4,dz_true,300,MAP_same_minus_opposite_cosine,5377,0.25395668065175414
Q4,dz_true,300,MAP_same_minus_opposite_cosine,5410,-0.01786002827187379
Q4,dz_true,300,MAP_same_minus_opposite_cosine,5454,-0.25408253636920736
Q4,dz_true,300,MAP_same_minus_opposite_cosine,5516,0.013345707828799888
Q4,dz_true,300,MAP_same_minus_opposite_cosine,5600,-0.33576355332678015
Q4,dz_true,300,MAP_same_minus_opposite_cosine,5778,0.04723903505752484
Q4,dz_true,300,MAP_same_minus_opposite_cosine,5826,0.10948126861411664
Q4,dz_true,300,MAP_same_minus_opposite_cosine,5961,0.14748360780585143
Q4,dz_true,300,MAP_same_minus_opposite_cosine,5989,0.07610634855474487
Q4,dz_true,300,MAP_same_minus_opposite_cosine,6025,-0.2458264559196929
Q4,dz_true,300,triplet_accuracy,323,0.75
Q4,dz_true,300,triplet_accuracy,348,0.7
Q4,dz_true,300,triplet_accuracy,391,0.65
Q4,dz_true,300,triplet_accuracy,683,0.55
Q4,dz_true,300,triplet_accuracy,747,0.65
Q4,dz_true,300,triplet_accuracy,750,0.65
Q4,dz_true,300,triplet_accuracy,758,0.8
Q4,dz_true,300,triplet_accuracy,843,0.6
Q4,dz_true,300,triplet_accuracy,967,0.6
Q4,dz_true,300,triplet_accuracy,1014,0.6
Q4,dz_true,300,triplet_accuracy,1092,0.75
Q4,dz_true,300,triplet_accuracy,1193,0.65
Q4,dz_true,300,triplet_accuracy,1335,0.7
Q4,dz_true,300,triplet_accuracy,1480,0.65
Q4,dz_true,300,triplet_accuracy,1566,0.65
Q4,dz_true,300,triplet_accuracy,1839,0.95
Q4,dz_true,300,triplet_accuracy,1943,0.65
Q4,dz_true,300,triplet_accuracy,2005,0.7
Q4,dz_true,300,triplet_accuracy,2048,0.75
Q4,dz_true,300,triplet_accuracy,2173,0.6
Q4,dz_true,300,triplet_accuracy,2263,0.55
Q4,dz_true,300,triplet_accuracy,2303,0.55
Q4,dz_true,300,triplet_accuracy,2308,0.55
Q4,dz_true,300,triplet_accuracy,2347,0.6
Q4,dz_true,300,triplet_accuracy,2361,0.55
Q4,dz_true,300,triplet_accuracy,2567,0.65
Q4,dz_true,300,triplet_accuracy,2943,0.8
Q4,dz_true,300,triplet_accuracy,2988,0.65
Q4,dz_true,300,triplet_accuracy,3261,0.55
Q4,dz_true,300,triplet_accuracy,3354,0.45
Q4,dz_true,300,triplet_accuracy,3525,0.75
Q4,dz_true,300,triplet_accuracy,3569,0.8
Q4,dz_true,300,triplet_accuracy,3593,0.8
Q4,dz_true,300,triplet_accuracy,3768,0.75
Q4,dz_true,300,triplet_accuracy,3852,0.6
Q4,dz_true,300,triplet_accuracy,3967,0.6
Q4,dz_true,300,triplet_accuracy,3978,0.7
Q4,dz_true,300,triplet_accuracy,3985,0.8
Q4,dz_true,300,triplet_accuracy,4016,0.45
Q4,dz_true,300,triplet_accuracy,4293,0.65
Q4,dz_true,300,triplet_accuracy,4312,0.6
Q4,dz_true,300,triplet_accuracy,4529,0.9
Q4,dz_true,300,triplet_accuracy,4540,0.7
Q4,dz_true,300,triplet_accuracy,4686,0.7
Q4,dz_true,300,triplet_accuracy,4821,0.7
Q4,dz_true,300,triplet_accuracy,4865,0.7
Q4,dz_true,300,triplet_accuracy,4944,0.65
Q4,dz_true,300,triplet_accuracy,5309,0.5
Q4,dz_true,300,triplet_accuracy,5377,0.65
Q4,dz_true,300,triplet_accuracy,5410,0.65
Q4,dz_true,300,triplet_accuracy,5454,0.8
Q4,dz_true,300,triplet_accuracy,5516,0.6
Q4,dz_true,300,triplet_accuracy,5600,0.6
Q4,dz_true,300,triplet_accuracy,5778,0.85
Q4,dz_true,300,triplet_accuracy,5989,0.65
Q4,dz_true,300,triplet_accuracy,6025,0.7
upcoming_large_intervention,dz_true,300,BIS_same_minus_opposite_cosine,105,0.6839666231112047
upcoming_large_intervention,dz_true,300,BIS_same_minus_opposite_cosine,323,0.4261767010514935
upcoming_large_intervention,dz_true,300,BIS_same_minus_opposite_cosine,348,0.6873873291875828
upcoming_large_intervention,dz_true,300,BIS_same_minus_opposite_cosine,391,0.3932388508692384
upcoming_large_intervention,dz_true,300,BIS_same_minus_opposite_cosine,683,0.4808653096357981
upcoming_large_intervention,dz_true,300,BIS_same_minus_opposite_cosine,747,0.5906781590346134
upcoming_large_intervention,dz_true,300,BIS_same_minus_opposite_cosine,750,0.44666927659677136
upcoming_large_intervention,dz_true,300,BIS_same_minus_opposite_cosine,758,0.6271399164882798
upcoming_large_intervention,dz_true,300,BIS_same_minus_opposite_cosine,843,0.22308063507080078
upcoming_large_intervention,dz_true,300,BIS_same_minus_opposite_cosine,877,0.4849557098932564
upcoming_large_intervention,dz_true,300,BIS_same_minus_opposite_cosine,926,0.737526504529847
upcoming_large_intervention,dz_true,300,BIS_same_minus_opposite_cosine,967,0.5544007621479757
upcoming_large_intervention,dz_true,300,BIS_same_minus_opposite_cosine,992,0.6920458138402965
upcoming_large_intervention,dz_true,300,BIS_same_minus_opposite_cosine,1014,0.8426209910462299
upcoming_large_intervention,dz_true,300,BIS_same_minus_opposite_cosine,1092,0.5849960415313641
upcoming_large_intervention,dz_true,300,BIS_same_minus_opposite_cosine,1193,0.5724341947999265
upcoming_large_intervention,dz_true,300,BIS_same_minus_opposite_cosine,1308,0.5736139518293467
upcoming_large_intervention,dz_true,300,BIS_same_minus_opposite_cosine,1335,0.6330457281942169
upcoming_large_intervention,dz_true,300,BIS_same_minus_opposite_cosine,1480,0.43004568976660573
upcoming_large_intervention,dz_true,300,BIS_same_minus_opposite_cosine,1566,0.5540910127826713
upcoming_large_intervention,dz_true,300,BIS_same_minus_opposite_cosine,1636,0.5282826905449232
upcoming_large_intervention,dz_true,300,BIS_same_minus_opposite_cosine,1644,0.5269501318534215
upcoming_large_intervention,dz_true,300,BIS_same_minus_opposite_cosine,1839,0.4551981678853433
upcoming_large_intervention,dz_true,300,BIS_same_minus_opposite_cosine,1943,0.5478954693923394
upcoming_large_intervention,dz_true,300,BIS_same_minus_opposite_cosine,2005,0.5665054147442182
upcoming_large_intervention,dz_true,300,BIS_same_minus_opposite_cosine,2048,0.6438474118935339
upcoming_large_intervention,dz_true,300,BIS_same_minus_opposite_cosine,2173,0.7121441374222437
upcoming_large_intervention,dz_true,300,BIS_same_minus_opposite_cosine,2263,0.5569941105716156
upcoming_large_intervention,dz_true,300,BIS_same_minus_opposite_cosine,2303,0.5323913935571909
upcoming_large_intervention,dz_true,300,BIS_same_minus_opposite_cosine,2308,0.5196855060756207
upcoming_large_intervention,dz_true,300,BIS_same_minus_opposite_cosine,2347,0.6272685357059041
upcoming_large_intervention,dz_true,300,BIS_same_minus_opposite_cosine,2361,0.5779512617737055
upcoming_large_intervention,dz_true,300,BIS_same_minus_opposite_cosine,2567,0.5123385365375064
upcoming_large_intervention,dz_true,300,BIS_same_minus_opposite_cosine,2900,0.6326482899280058
upcoming_large_intervention,dz_true,300,BIS_same_minus_opposite_cosine,2943,0.7683489906912049
upcoming_large_intervention,dz_true,300,BIS_same_minus_opposite_cosine,2946,0.5230292729878177
upcoming_large_intervention,dz_true,300,BIS_same_minus_opposite_cosine,2988,0.5732609399904807
upcoming_large_intervention,dz_true,300,BIS_same_minus_opposite_cosine,3261,0.09022919461131096
upcoming_large_intervention,dz_true,300,BIS_same_minus_opposite_cosine,3354,0.40184929294304716
upcoming_large_intervention,dz_true,300,BIS_same_minus_opposite_cosine,3387,0.5057512271173653
upcoming_large_intervention,dz_true,300,BIS_same_minus_opposite_cosine,3485,0.2771284519473002
upcoming_large_intervention,dz_true,300,BIS_same_minus_opposite_cosine,3525,0.6969112915297349
upcoming_large_intervention,dz_true,300,BIS_same_minus_opposite_cosine,3569,0.3775263000844103
upcoming_large_intervention,dz_true,300,BIS_same_minus_opposite_cosine,3593,0.3037581730944415
upcoming_large_intervention,dz_true,300,BIS_same_minus_opposite_cosine,3613,0.23660139677425224
upcoming_large_intervention,dz_true,300,BIS_same_minus_opposite_cosine,3764,0.5252223711912379
upcoming_large_intervention,dz_true,300,BIS_same_minus_opposite_cosine,3768,0.30878512623409426
upcoming_large_intervention,dz_true,300,BIS_same_minus_opposite_cosine,3852,0.005517694788674515
upcoming_large_intervention,dz_true,300,BIS_same_minus_opposite_cosine,3967,0.7875036114093029
upcoming_large_intervention,dz_true,300,BIS_same_minus_opposite_cosine,3976,0.6898747101426125
upcoming_large_intervention,dz_true,300,BIS_same_minus_opposite_cosine,3978,0.5396672243045436
upcoming_large_intervention,dz_true,300,BIS_same_minus_opposite_cosine,3985,0.4587092647949854
upcoming_large_intervention,dz_true,300,BIS_same_minus_opposite_cosine,4016,0.5302729473138849
upcoming_large_intervention,dz_true,300,BIS_same_minus_opposite_cosine,4080,0.31776582408282494
upcoming_large_intervention,dz_true,300,BIS_same_minus_opposite_cosine,4293,0.3716343628420007
upcoming_large_intervention,dz_true,300,BIS_same_minus_opposite_cosine,4312,0.38805644772946835
upcoming_large_intervention,dz_true,300,BIS_same_minus_opposite_cosine,4529,0.51581889813145
upcoming_large_intervention,dz_true,300,BIS_same_minus_opposite_cosine,4540,0.5423686784325223
upcoming_large_intervention,dz_true,300,BIS_same_minus_opposite_cosine,4638,0.6663302021722
upcoming_large_intervention,dz_true,300,BIS_same_minus_opposite_cosine,4686,0.5309481111665567
upcoming_large_intervention,dz_true,300,BIS_same_minus_opposite_cosine,4821,0.4526968953397238
upcoming_large_intervention,dz_true,300,BIS_same_minus_opposite_cosine,4865,0.762473089620471
upcoming_large_intervention,dz_true,300,BIS_same_minus_opposite_cosine,4944,0.6276018023490906
upcoming_large_intervention,dz_true,300,BIS_same_minus_opposite_cosine,5309,0.5910223392826138
upcoming_large_intervention,dz_true,300,BIS_same_minus_opposite_cosine,5377,0.39237192800889414
upcoming_large_intervention,dz_true,300,BIS_same_minus_opposite_cosine,5410,0.09944352274760604
upcoming_large_intervention,dz_true,300,BIS_same_minus_opposite_cosine,5454,0.033145422612627345
upcoming_large_intervention,dz_true,300,BIS_same_minus_opposite_cosine,5516,0.4604900177342422
upcoming_large_intervention,dz_true,300,BIS_same_minus_opposite_cosine,5600,0.5129468116598824
upcoming_large_intervention,dz_true,300,BIS_same_minus_opposite_cosine,5778,0.7176911154141028
upcoming_large_intervention,dz_true,300,BIS_same_minus_opposite_cosine,5826,0.25800707055763766
upcoming_large_intervention,dz_true,300,BIS_same_minus_opposite_cosine,5961,0.24836679491110975
upcoming_large_intervention,dz_true,300,BIS_same_minus_opposite_cosine,5989,0.6123802176055808
upcoming_large_intervention,dz_true,300,BIS_same_minus_opposite_cosine,6025,0.3401887662087878
upcoming_large_intervention,dz_true,300,MAP_same_minus_opposite_cosine,105,0.04703892084459464
upcoming_large_intervention,dz_true,300,MAP_same_minus_opposite_cosine,323,0.019957851618528366
upcoming_large_intervention,dz_true,300,MAP_same_minus_opposite_cosine,348,0.059867147666712604
upcoming_large_intervention,dz_true,300,MAP_same_minus_opposite_cosine,391,0.2164704790338874
upcoming_large_intervention,dz_true,300,MAP_same_minus_opposite_cosine,683,-0.13873754793571103
upcoming_large_intervention,dz_true,300,MAP_same_minus_opposite_cosine,747,-0.244066103361547
upcoming_large_intervention,dz_true,300,MAP_same_minus_opposite_cosine,750,-0.15876782160590996
upcoming_large_intervention,dz_true,300,MAP_same_minus_opposite_cosine,758,-0.03969953528069185
upcoming_large_intervention,dz_true,300,MAP_same_minus_opposite_cosine,843,-0.16641180110829218
upcoming_large_intervention,dz_true,300,MAP_same_minus_opposite_cosine,877,-0.2063536566992601
upcoming_large_intervention,dz_true,300,MAP_same_minus_opposite_cosine,926,0.037339614210368105
upcoming_large_intervention,dz_true,300,MAP_same_minus_opposite_cosine,967,0.029834198543713202
upcoming_large_intervention,dz_true,300,MAP_same_minus_opposite_cosine,992,0.25762437221904594
upcoming_large_intervention,dz_true,300,MAP_same_minus_opposite_cosine,1014,0.0011139794563253813
upcoming_large_intervention,dz_true,300,MAP_same_minus_opposite_cosine,1092,0.3355164074132012
upcoming_large_intervention,dz_true,300,MAP_same_minus_opposite_cosine,1193,0.06692314751091458
upcoming_large_intervention,dz_true,300,MAP_same_minus_opposite_cosine,1308,0.15398785140779284
upcoming_large_intervention,dz_true,300,MAP_same_minus_opposite_cosine,1335,0.3489218563255337
upcoming_large_intervention,dz_true,300,MAP_same_minus_opposite_cosine,1480,-0.0856478954354922
upcoming_large_intervention,dz_true,300,MAP_same_minus_opposite_cosine,1566,-0.0419300422589812
upcoming_large_intervention,dz_true,300,MAP_same_minus_opposite_cosine,1636,0.12636193446815014
upcoming_large_intervention,dz_true,300,MAP_same_minus_opposite_cosine,1644,-0.1774140124519666
upcoming_large_intervention,dz_true,300,MAP_same_minus_opposite_cosine,1839,0.15537736068169275
upcoming_large_intervention,dz_true,300,MAP_same_minus_opposite_cosine,1943,0.06217851091853597
upcoming_large_intervention,dz_true,300,MAP_same_minus_opposite_cosine,2005,-0.07781281378684621
upcoming_large_intervention,dz_true,300,MAP_same_minus_opposite_cosine,2048,0.07448571854980575
upcoming_large_intervention,dz_true,300,MAP_same_minus_opposite_cosine,2173,0.09184751970072587
upcoming_large_intervention,dz_true,300,MAP_same_minus_opposite_cosine,2263,0.015761869338651507
upcoming_large_intervention,dz_true,300,MAP_same_minus_opposite_cosine,2303,-0.09267849226792653
upcoming_large_intervention,dz_true,300,MAP_same_minus_opposite_cosine,2308,0.02818705689989858
upcoming_large_intervention,dz_true,300,MAP_same_minus_opposite_cosine,2347,-0.05950474894295136
upcoming_large_intervention,dz_true,300,MAP_same_minus_opposite_cosine,2361,0.18390987223635116
upcoming_large_intervention,dz_true,300,MAP_same_minus_opposite_cosine,2567,0.10645996903379758
upcoming_large_intervention,dz_true,300,MAP_same_minus_opposite_cosine,2900,0.1920469616850217
upcoming_large_intervention,dz_true,300,MAP_same_minus_opposite_cosine,2943,-0.09589823024968307
upcoming_large_intervention,dz_true,300,MAP_same_minus_opposite_cosine,2946,0.2040579299752911
upcoming_large_intervention,dz_true,300,MAP_same_minus_opposite_cosine,2988,0.019450724901010588
upcoming_large_intervention,dz_true,300,MAP_same_minus_opposite_cosine,3261,-0.042129657739265386
upcoming_large_intervention,dz_true,300,MAP_same_minus_opposite_cosine,3354,0.15003008333345255
upcoming_large_intervention,dz_true,300,MAP_same_minus_opposite_cosine,3387,0.17680565652747948
upcoming_large_intervention,dz_true,300,MAP_same_minus_opposite_cosine,3485,0.16200457233935595
upcoming_large_intervention,dz_true,300,MAP_same_minus_opposite_cosine,3525,-0.04598534597704808
upcoming_large_intervention,dz_true,300,MAP_same_minus_opposite_cosine,3569,-0.22846306667973598
upcoming_large_intervention,dz_true,300,MAP_same_minus_opposite_cosine,3593,0.2521329126838181
upcoming_large_intervention,dz_true,300,MAP_same_minus_opposite_cosine,3613,0.050544790716634855
upcoming_large_intervention,dz_true,300,MAP_same_minus_opposite_cosine,3764,-0.07994221164179699
upcoming_large_intervention,dz_true,300,MAP_same_minus_opposite_cosine,3768,0.31512460081527627
upcoming_large_intervention,dz_true,300,MAP_same_minus_opposite_cosine,3852,0.3540753447761138
upcoming_large_intervention,dz_true,300,MAP_same_minus_opposite_cosine,3967,0.019069362307588267
upcoming_large_intervention,dz_true,300,MAP_same_minus_opposite_cosine,3976,0.1481590118880073
upcoming_large_intervention,dz_true,300,MAP_same_minus_opposite_cosine,3978,-0.14513728270928064
upcoming_large_intervention,dz_true,300,MAP_same_minus_opposite_cosine,3985,0.0766768367453055
upcoming_large_intervention,dz_true,300,MAP_same_minus_opposite_cosine,4016,-0.0006859175757401512
upcoming_large_intervention,dz_true,300,MAP_same_minus_opposite_cosine,4080,0.028361749938792646
upcoming_large_intervention,dz_true,300,MAP_same_minus_opposite_cosine,4293,0.30899143136209917
upcoming_large_intervention,dz_true,300,MAP_same_minus_opposite_cosine,4312,0.11167052605499823
upcoming_large_intervention,dz_true,300,MAP_same_minus_opposite_cosine,4529,-0.06357431840715985
upcoming_large_intervention,dz_true,300,MAP_same_minus_opposite_cosine,4540,-0.05462641629079978
upcoming_large_intervention,dz_true,300,MAP_same_minus_opposite_cosine,4638,-0.11643608113129933
upcoming_large_intervention,dz_true,300,MAP_same_minus_opposite_cosine,4686,-0.07890655591406605
upcoming_large_intervention,dz_true,300,MAP_same_minus_opposite_cosine,4821,0.034612970799207686
upcoming_large_intervention,dz_true,300,MAP_same_minus_opposite_cosine,4865,0.4012169847885768
upcoming_large_intervention,dz_true,300,MAP_same_minus_opposite_cosine,4944,0.21549873716301388
upcoming_large_intervention,dz_true,300,MAP_same_minus_opposite_cosine,5309,0.0018795941335459643
upcoming_large_intervention,dz_true,300,MAP_same_minus_opposite_cosine,5377,0.06753538772463799
upcoming_large_intervention,dz_true,300,MAP_same_minus_opposite_cosine,5410,-0.11589097990795519
upcoming_large_intervention,dz_true,300,MAP_same_minus_opposite_cosine,5454,-0.16545285149994823
upcoming_large_intervention,dz_true,300,MAP_same_minus_opposite_cosine,5516,0.08355035198231538
upcoming_large_intervention,dz_true,300,MAP_same_minus_opposite_cosine,5600,-0.20863490996675357
upcoming_large_intervention,dz_true,300,MAP_same_minus_opposite_cosine,5778,0.07107597216963768
upcoming_large_intervention,dz_true,300,MAP_same_minus_opposite_cosine,5826,-0.2725293907534444
upcoming_large_intervention,dz_true,300,MAP_same_minus_opposite_cosine,5961,-0.18115875453998645
upcoming_large_intervention,dz_true,300,MAP_same_minus_opposite_cosine,5989,-0.03835331872105598
upcoming_large_intervention,dz_true,300,MAP_same_minus_opposite_cosine,6025,0.14519771051903566
upcoming_large_intervention,dz_true,300,triplet_accuracy,323,0.75
upcoming_large_intervention,dz_true,300,triplet_accuracy,348,0.85
upcoming_large_intervention,dz_true,300,triplet_accuracy,391,0.6
upcoming_large_intervention,dz_true,300,triplet_accuracy,683,0.7
upcoming_large_intervention,dz_true,300,triplet_accuracy,747,0.75
upcoming_large_intervention,dz_true,300,triplet_accuracy,750,0.65
upcoming_large_intervention,dz_true,300,triplet_accuracy,758,0.55
upcoming_large_intervention,dz_true,300,triplet_accuracy,843,0.7
upcoming_large_intervention,dz_true,300,triplet_accuracy,967,0.65
upcoming_large_intervention,dz_true,300,triplet_accuracy,1014,0.75
upcoming_large_intervention,dz_true,300,triplet_accuracy,1092,0.65
upcoming_large_intervention,dz_true,300,triplet_accuracy,1193,0.65
upcoming_large_intervention,dz_true,300,triplet_accuracy,1335,0.75
upcoming_large_intervention,dz_true,300,triplet_accuracy,1480,0.8
upcoming_large_intervention,dz_true,300,triplet_accuracy,1566,0.85
upcoming_large_intervention,dz_true,300,triplet_accuracy,1839,0.5
upcoming_large_intervention,dz_true,300,triplet_accuracy,1943,0.85
upcoming_large_intervention,dz_true,300,triplet_accuracy,2005,0.65
upcoming_large_intervention,dz_true,300,triplet_accuracy,2048,0.8
upcoming_large_intervention,dz_true,300,triplet_accuracy,2173,0.65
upcoming_large_intervention,dz_true,300,triplet_accuracy,2263,0.85
upcoming_large_intervention,dz_true,300,triplet_accuracy,2303,0.6
upcoming_large_intervention,dz_true,300,triplet_accuracy,2308,0.55
upcoming_large_intervention,dz_true,300,triplet_accuracy,2347,0.75
upcoming_large_intervention,dz_true,300,triplet_accuracy,2361,0.7
upcoming_large_intervention,dz_true,300,triplet_accuracy,2567,0.65
upcoming_large_intervention,dz_true,300,triplet_accuracy,2943,0.7
upcoming_large_intervention,dz_true,300,triplet_accuracy,2988,0.75
upcoming_large_intervention,dz_true,300,triplet_accuracy,3261,0.7
upcoming_large_intervention,dz_true,300,triplet_accuracy,3354,0.65
upcoming_large_intervention,dz_true,300,triplet_accuracy,3525,0.6
upcoming_large_intervention,dz_true,300,triplet_accuracy,3569,0.75
upcoming_large_intervention,dz_true,300,triplet_accuracy,3593,0.75
upcoming_large_intervention,dz_true,300,triplet_accuracy,3768,0.75
upcoming_large_intervention,dz_true,300,triplet_accuracy,3852,0.6
upcoming_large_intervention,dz_true,300,triplet_accuracy,3967,0.8
upcoming_large_intervention,dz_true,300,triplet_accuracy,3978,0.55
upcoming_large_intervention,dz_true,300,triplet_accuracy,3985,0.75
upcoming_large_intervention,dz_true,300,triplet_accuracy,4016,0.75
upcoming_large_intervention,dz_true,300,triplet_accuracy,4293,0.6
upcoming_large_intervention,dz_true,300,triplet_accuracy,4312,0.55
upcoming_large_intervention,dz_true,300,triplet_accuracy,4529,0.75
upcoming_large_intervention,dz_true,300,triplet_accuracy,4540,0.65
upcoming_large_intervention,dz_true,300,triplet_accuracy,4686,0.65
upcoming_large_intervention,dz_true,300,triplet_accuracy,4821,0.6
upcoming_large_intervention,dz_true,300,triplet_accuracy,4865,0.65
upcoming_large_intervention,dz_true,300,triplet_accuracy,4944,0.65
upcoming_large_intervention,dz_true,300,triplet_accuracy,5309,0.8
upcoming_large_intervention,dz_true,300,triplet_accuracy,5377,0.6
upcoming_large_intervention,dz_true,300,triplet_accuracy,5410,0.5
upcoming_large_intervention,dz_true,300,triplet_accuracy,5454,0.7
upcoming_large_intervention,dz_true,300,triplet_accuracy,5516,0.5
upcoming_large_intervention,dz_true,300,triplet_accuracy,5600,0.5
upcoming_large_intervention,dz_true,300,triplet_accuracy,5778,0.75
upcoming_large_intervention,dz_true,300,triplet_accuracy,5989,0.75
upcoming_large_intervention,dz_true,300,triplet_accuracy,6025,0.65
initiation,dz_true,300,BIS_same_minus_opposite_cosine,105,0.3694132085833134
initiation,dz_true,300,BIS_same_minus_opposite_cosine,323,0.7083004296032919
initiation,dz_true,300,BIS_same_minus_opposite_cosine,348,0.8224924647559722
initiation,dz_true,300,BIS_same_minus_opposite_cosine,391,0.25393549849589664
initiation,dz_true,300,BIS_same_minus_opposite_cosine,683,0.3774321477182887
initiation,dz_true,300,BIS_same_minus_opposite_cosine,747,0.32165979221463203
initiation,dz_true,300,BIS_same_minus_opposite_cosine,750,0.4762311112135649
initiation,dz_true,300,BIS_same_minus_opposite_cosine,758,0.3763906555250287
initiation,dz_true,300,BIS_same_minus_opposite_cosine,843,0.5203358108798662
initiation,dz_true,300,BIS_same_minus_opposite_cosine,877,0.6832817566270629
initiation,dz_true,300,BIS_same_minus_opposite_cosine,926,0.3652182019626101
initiation,dz_true,300,BIS_same_minus_opposite_cosine,967,0.42559475979457295
initiation,dz_true,300,BIS_same_minus_opposite_cosine,992,0.6965169290249997
initiation,dz_true,300,BIS_same_minus_opposite_cosine,1014,0.812345456580321
initiation,dz_true,300,BIS_same_minus_opposite_cosine,1092,0.6878954460844398
initiation,dz_true,300,BIS_same_minus_opposite_cosine,1193,0.600913047666351
initiation,dz_true,300,BIS_same_minus_opposite_cosine,1308,0.7490626375915275
initiation,dz_true,300,BIS_same_minus_opposite_cosine,1335,0.6699734248898246
initiation,dz_true,300,BIS_same_minus_opposite_cosine,1480,0.13563195522874594
initiation,dz_true,300,BIS_same_minus_opposite_cosine,1566,0.3541862532411787
initiation,dz_true,300,BIS_same_minus_opposite_cosine,1636,0.43057582902750285
initiation,dz_true,300,BIS_same_minus_opposite_cosine,1644,0.6026548391828934
initiation,dz_true,300,BIS_same_minus_opposite_cosine,1839,0.4622104552884897
initiation,dz_true,300,BIS_same_minus_opposite_cosine,1943,0.3772515235468745
initiation,dz_true,300,BIS_same_minus_opposite_cosine,2005,0.42589507561007683
initiation,dz_true,300,BIS_same_minus_opposite_cosine,2048,0.6319021603487658
initiation,dz_true,300,BIS_same_minus_opposite_cosine,2173,0.31398721639480853
initiation,dz_true,300,BIS_same_minus_opposite_cosine,2263,0.608709379285574
initiation,dz_true,300,BIS_same_minus_opposite_cosine,2303,0.6109707752863567
initiation,dz_true,300,BIS_same_minus_opposite_cosine,2308,0.31611853516237304
initiation,dz_true,300,BIS_same_minus_opposite_cosine,2347,0.6735277269035578
initiation,dz_true,300,BIS_same_minus_opposite_cosine,2361,0.8057796394621783
initiation,dz_true,300,BIS_same_minus_opposite_cosine,2567,0.405062657677465
initiation,dz_true,300,BIS_same_minus_opposite_cosine,2900,0.48187146981557205
initiation,dz_true,300,BIS_same_minus_opposite_cosine,2943,0.19601930895199376
initiation,dz_true,300,BIS_same_minus_opposite_cosine,2946,0.5444605834217685
initiation,dz_true,300,BIS_same_minus_opposite_cosine,2988,0.7072347511226933
initiation,dz_true,300,BIS_same_minus_opposite_cosine,3354,0.4925132932762305
initiation,dz_true,300,BIS_same_minus_opposite_cosine,3387,0.5328208805372318
initiation,dz_true,300,BIS_same_minus_opposite_cosine,3485,0.41918415868033965
initiation,dz_true,300,BIS_same_minus_opposite_cosine,3525,0.3699284546698133
initiation,dz_true,300,BIS_same_minus_opposite_cosine,3569,0.24000400984942008
initiation,dz_true,300,BIS_same_minus_opposite_cosine,3593,0.45389309724171956
initiation,dz_true,300,BIS_same_minus_opposite_cosine,3613,0.42174009631077447
initiation,dz_true,300,BIS_same_minus_opposite_cosine,3764,0.7264781056282421
initiation,dz_true,300,BIS_same_minus_opposite_cosine,3768,0.4584000909305883
initiation,dz_true,300,BIS_same_minus_opposite_cosine,3852,0.08429606797907388
initiation,dz_true,300,BIS_same_minus_opposite_cosine,3967,0.2292824759514946
initiation,dz_true,300,BIS_same_minus_opposite_cosine,3976,0.39158481314326776
initiation,dz_true,300,BIS_same_minus_opposite_cosine,3978,0.6989649726698797
initiation,dz_true,300,BIS_same_minus_opposite_cosine,3985,0.579968898712347
initiation,dz_true,300,BIS_same_minus_opposite_cosine,4016,0.47610022562245524
initiation,dz_true,300,BIS_same_minus_opposite_cosine,4080,0.05263283507277568
initiation,dz_true,300,BIS_same_minus_opposite_cosine,4293,0.4534603697247803
initiation,dz_true,300,BIS_same_minus_opposite_cosine,4312,0.41643115375190976
initiation,dz_true,300,BIS_same_minus_opposite_cosine,4540,0.3956778811601301
initiation,dz_true,300,BIS_same_minus_opposite_cosine,4638,0.4736004446379163
initiation,dz_true,300,BIS_same_minus_opposite_cosine,4686,0.5915449879442652
initiation,dz_true,300,BIS_same_minus_opposite_cosine,4865,0.43447855797906715
initiation,dz_true,300,BIS_same_minus_opposite_cosine,4944,0.7012056996424993
initiation,dz_true,300,BIS_same_minus_opposite_cosine,5309,0.5060396150996288
initiation,dz_true,300,BIS_same_minus_opposite_cosine,5377,0.7042785951246818
initiation,dz_true,300,BIS_same_minus_opposite_cosine,5410,0.39590599742673693
initiation,dz_true,300,BIS_same_minus_opposite_cosine,5454,0.565814919205326
initiation,dz_true,300,BIS_same_minus_opposite_cosine,5516,0.27186823139588034
initiation,dz_true,300,BIS_same_minus_opposite_cosine,5600,0.23389260610565543
initiation,dz_true,300,BIS_same_minus_opposite_cosine,5778,0.304647259414196
initiation,dz_true,300,BIS_same_minus_opposite_cosine,5826,0.8019901004930337
initiation,dz_true,300,BIS_same_minus_opposite_cosine,5961,0.4618944240113099
initiation,dz_true,300,BIS_same_minus_opposite_cosine,5989,0.6614130102097988
initiation,dz_true,300,BIS_same_minus_opposite_cosine,6025,0.2925347193247742
initiation,dz_true,300,MAP_same_minus_opposite_cosine,105,-0.1304416475309567
initiation,dz_true,300,MAP_same_minus_opposite_cosine,323,0.26303081711133325
initiation,dz_true,300,MAP_same_minus_opposite_cosine,348,0.11667689494788648
initiation,dz_true,300,MAP_same_minus_opposite_cosine,391,0.028116066132982575
initiation,dz_true,300,MAP_same_minus_opposite_cosine,683,-0.2638241087904934
initiation,dz_true,300,MAP_same_minus_opposite_cosine,747,0.029446576877186693
initiation,dz_true,300,MAP_same_minus_opposite_cosine,750,-0.1353079774416983
initiation,dz_true,300,MAP_same_minus_opposite_cosine,758,-0.19779817177914083
initiation,dz_true,300,MAP_same_minus_opposite_cosine,843,-0.1560194299866756
initiation,dz_true,300,MAP_same_minus_opposite_cosine,877,-0.04547773756914668
initiation,dz_true,300,MAP_same_minus_opposite_cosine,926,0.07321461569517851
initiation,dz_true,300,MAP_same_minus_opposite_cosine,967,0.08205867900202672
initiation,dz_true,300,MAP_same_minus_opposite_cosine,992,-0.040947712026536465
initiation,dz_true,300,MAP_same_minus_opposite_cosine,1014,-0.21529782584144008
initiation,dz_true,300,MAP_same_minus_opposite_cosine,1092,-0.20481666644583596
initiation,dz_true,300,MAP_same_minus_opposite_cosine,1193,0.07191735063679516
initiation,dz_true,300,MAP_same_minus_opposite_cosine,1308,0.2358275182545185
initiation,dz_true,300,MAP_same_minus_opposite_cosine,1335,-0.09645907642940679
initiation,dz_true,300,MAP_same_minus_opposite_cosine,1480,0.13205768032507464
initiation,dz_true,300,MAP_same_minus_opposite_cosine,1566,0.031530967603127166
initiation,dz_true,300,MAP_same_minus_opposite_cosine,1636,0.027905046008527272
initiation,dz_true,300,MAP_same_minus_opposite_cosine,1644,-0.08455367657271298
initiation,dz_true,300,MAP_same_minus_opposite_cosine,1839,0.06275906207773721
initiation,dz_true,300,MAP_same_minus_opposite_cosine,1943,-0.021227028634813093
initiation,dz_true,300,MAP_same_minus_opposite_cosine,2005,-0.15269534041484198
initiation,dz_true,300,MAP_same_minus_opposite_cosine,2048,0.1394732455826468
initiation,dz_true,300,MAP_same_minus_opposite_cosine,2173,-0.005571773974224925
initiation,dz_true,300,MAP_same_minus_opposite_cosine,2263,-0.14372524588058394
initiation,dz_true,300,MAP_same_minus_opposite_cosine,2303,-0.006566696738203365
initiation,dz_true,300,MAP_same_minus_opposite_cosine,2308,-0.3226848155969665
initiation,dz_true,300,MAP_same_minus_opposite_cosine,2347,-0.07229157954905972
initiation,dz_true,300,MAP_same_minus_opposite_cosine,2361,-0.21211734139877889
initiation,dz_true,300,MAP_same_minus_opposite_cosine,2567,0.12388430799668033
initiation,dz_true,300,MAP_same_minus_opposite_cosine,2900,0.22352081164717674
initiation,dz_true,300,MAP_same_minus_opposite_cosine,2943,0.14954970212596835
initiation,dz_true,300,MAP_same_minus_opposite_cosine,2946,-0.2789483867171738
initiation,dz_true,300,MAP_same_minus_opposite_cosine,2988,0.14856536065538725
initiation,dz_true,300,MAP_same_minus_opposite_cosine,3354,0.011434651662906026
initiation,dz_true,300,MAP_same_minus_opposite_cosine,3387,0.2949719431085719
initiation,dz_true,300,MAP_same_minus_opposite_cosine,3485,0.11200366728007795
initiation,dz_true,300,MAP_same_minus_opposite_cosine,3525,0.0451492483003272
initiation,dz_true,300,MAP_same_minus_opposite_cosine,3569,-0.2918473853532112
initiation,dz_true,300,MAP_same_minus_opposite_cosine,3593,-0.057238306243424165
initiation,dz_true,300,MAP_same_minus_opposite_cosine,3613,0.08071445673704149
initiation,dz_true,300,MAP_same_minus_opposite_cosine,3764,-0.1678035302708546
initiation,dz_true,300,MAP_same_minus_opposite_cosine,3768,0.21840301582194638
initiation,dz_true,300,MAP_same_minus_opposite_cosine,3852,-0.009266504792101456
initiation,dz_true,300,MAP_same_minus_opposite_cosine,3967,0.08356073126196861
initiation,dz_true,300,MAP_same_minus_opposite_cosine,3976,0.12441930423180263
initiation,dz_true,300,MAP_same_minus_opposite_cosine,3978,-0.07841888094941775
initiation,dz_true,300,MAP_same_minus_opposite_cosine,3985,-0.05845157181223233
initiation,dz_true,300,MAP_same_minus_opposite_cosine,4016,0.18779480412150873
initiation,dz_true,300,MAP_same_minus_opposite_cosine,4080,0.03626916769685018
initiation,dz_true,300,MAP_same_minus_opposite_cosine,4293,-0.07563033525013563
initiation,dz_true,300,MAP_same_minus_opposite_cosine,4312,-0.09301055155017159
initiation,dz_true,300,MAP_same_minus_opposite_cosine,4540,-0.2423874241610368
initiation,dz_true,300,MAP_same_minus_opposite_cosine,4638,0.44402250632022816
initiation,dz_true,300,MAP_same_minus_opposite_cosine,4686,0.06954705233996113
initiation,dz_true,300,MAP_same_minus_opposite_cosine,4865,-0.19141173393776018
initiation,dz_true,300,MAP_same_minus_opposite_cosine,4944,0.3003741232960513
initiation,dz_true,300,MAP_same_minus_opposite_cosine,5309,-0.03701987986763319
initiation,dz_true,300,MAP_same_minus_opposite_cosine,5377,0.004115414340049028
initiation,dz_true,300,MAP_same_minus_opposite_cosine,5410,0.1210553040727973
initiation,dz_true,300,MAP_same_minus_opposite_cosine,5454,-0.0038289030392964704
initiation,dz_true,300,MAP_same_minus_opposite_cosine,5516,-0.10850385240646022
initiation,dz_true,300,MAP_same_minus_opposite_cosine,5600,0.17977774580053632
initiation,dz_true,300,MAP_same_minus_opposite_cosine,5778,-0.17499063201248646
initiation,dz_true,300,MAP_same_minus_opposite_cosine,5826,0.011361808826526008
initiation,dz_true,300,MAP_same_minus_opposite_cosine,5961,-0.03341617642177476
initiation,dz_true,300,MAP_same_minus_opposite_cosine,5989,-0.0697605270243278
initiation,dz_true,300,MAP_same_minus_opposite_cosine,6025,0.11399800175180037
initiation,dz_true,300,triplet_accuracy,323,0.75
initiation,dz_true,300,triplet_accuracy,348,0.8
initiation,dz_true,300,triplet_accuracy,391,0.55
initiation,dz_true,300,triplet_accuracy,683,0.7
initiation,dz_true,300,triplet_accuracy,747,0.7
initiation,dz_true,300,triplet_accuracy,750,0.8
initiation,dz_true,300,triplet_accuracy,758,0.6
initiation,dz_true,300,triplet_accuracy,843,0.7
initiation,dz_true,300,triplet_accuracy,967,0.55
initiation,dz_true,300,triplet_accuracy,1014,0.8
initiation,dz_true,300,triplet_accuracy,1092,0.7
initiation,dz_true,300,triplet_accuracy,1193,0.7
initiation,dz_true,300,triplet_accuracy,1335,0.65
initiation,dz_true,300,triplet_accuracy,1480,0.6
initiation,dz_true,300,triplet_accuracy,1566,0.75
initiation,dz_true,300,triplet_accuracy,1839,0.6
initiation,dz_true,300,triplet_accuracy,1943,0.8
initiation,dz_true,300,triplet_accuracy,2005,0.55
initiation,dz_true,300,triplet_accuracy,2048,0.75
initiation,dz_true,300,triplet_accuracy,2173,0.8
initiation,dz_true,300,triplet_accuracy,2263,0.7
initiation,dz_true,300,triplet_accuracy,2303,0.7
initiation,dz_true,300,triplet_accuracy,2308,0.5
initiation,dz_true,300,triplet_accuracy,2347,0.8
initiation,dz_true,300,triplet_accuracy,2361,0.75
initiation,dz_true,300,triplet_accuracy,2567,0.7
initiation,dz_true,300,triplet_accuracy,2943,0.7
initiation,dz_true,300,triplet_accuracy,2988,0.75
initiation,dz_true,300,triplet_accuracy,3354,0.6
initiation,dz_true,300,triplet_accuracy,3525,0.8
initiation,dz_true,300,triplet_accuracy,3569,0.5
initiation,dz_true,300,triplet_accuracy,3593,0.75
initiation,dz_true,300,triplet_accuracy,3768,0.7
initiation,dz_true,300,triplet_accuracy,3852,0.65
initiation,dz_true,300,triplet_accuracy,3967,0.65
initiation,dz_true,300,triplet_accuracy,3978,0.55
initiation,dz_true,300,triplet_accuracy,3985,0.8
initiation,dz_true,300,triplet_accuracy,4016,0.75
initiation,dz_true,300,triplet_accuracy,4293,0.8
initiation,dz_true,300,triplet_accuracy,4312,0.6
initiation,dz_true,300,triplet_accuracy,4540,0.55
initiation,dz_true,300,triplet_accuracy,4686,0.75
initiation,dz_true,300,triplet_accuracy,4865,0.75
initiation,dz_true,300,triplet_accuracy,4944,0.8
initiation,dz_true,300,triplet_accuracy,5309,0.6
initiation,dz_true,300,triplet_accuracy,5377,0.75
initiation,dz_true,300,triplet_accuracy,5410,0.5
initiation,dz_true,300,triplet_accuracy,5454,0.5
initiation,dz_true,300,triplet_accuracy,5516,0.6
initiation,dz_true,300,triplet_accuracy,5600,0.6
initiation,dz_true,300,triplet_accuracy,5778,0.65
initiation,dz_true,300,triplet_accuracy,5989,0.65
initiation,dz_true,300,triplet_accuracy,6025,0.75
increase,dz_true,300,BIS_same_minus_opposite_cosine,105,0.4848510065031323
increase,dz_true,300,BIS_same_minus_opposite_cosine,323,0.6381437979017694
increase,dz_true,300,BIS_same_minus_opposite_cosine,348,0.7679822235589935
increase,dz_true,300,BIS_same_minus_opposite_cosine,391,0.6092017204359625
increase,dz_true,300,BIS_same_minus_opposite_cosine,683,0.5999515659486254
increase,dz_true,300,BIS_same_minus_opposite_cosine,747,0.3446609215655675
increase,dz_true,300,BIS_same_minus_opposite_cosine,750,0.48200815829137966
increase,dz_true,300,BIS_same_minus_opposite_cosine,758,0.2825286456694206
increase,dz_true,300,BIS_same_minus_opposite_cosine,843,0.2700438702083898
increase,dz_true,300,BIS_same_minus_opposite_cosine,877,0.4540389897922674
increase,dz_true,300,BIS_same_minus_opposite_cosine,926,0.5363643286128839
increase,dz_true,300,BIS_same_minus_opposite_cosine,967,0.5177029815192024
increase,dz_true,300,BIS_same_minus_opposite_cosine,992,0.6522667617537081
increase,dz_true,300,BIS_same_minus_opposite_cosine,1092,0.5204798717051744
increase,dz_true,300,BIS_same_minus_opposite_cosine,1193,0.37360962604482967
increase,dz_true,300,BIS_same_minus_opposite_cosine,1308,0.5292080200853801
increase,dz_true,300,BIS_same_minus_opposite_cosine,1335,0.38885721967866027
increase,dz_true,300,BIS_same_minus_opposite_cosine,1480,0.4480773941613734
increase,dz_true,300,BIS_same_minus_opposite_cosine,1566,0.2830896611805215
increase,dz_true,300,BIS_same_minus_opposite_cosine,1636,0.37500688303826435
increase,dz_true,300,BIS_same_minus_opposite_cosine,1644,0.34701170745704857
increase,dz_true,300,BIS_same_minus_opposite_cosine,1943,0.4623045115421216
increase,dz_true,300,BIS_same_minus_opposite_cosine,2005,0.48486944554994504
increase,dz_true,300,BIS_same_minus_opposite_cosine,2048,0.6855241075496782
increase,dz_true,300,BIS_same_minus_opposite_cosine,2173,0.6673494064145618
increase,dz_true,300,BIS_same_minus_opposite_cosine,2263,0.5198294389992952
increase,dz_true,300,BIS_same_minus_opposite_cosine,2303,0.5619859099388123
increase,dz_true,300,BIS_same_minus_opposite_cosine,2308,0.2889140093078216
increase,dz_true,300,BIS_same_minus_opposite_cosine,2361,0.6701457483900918
increase,dz_true,300,BIS_same_minus_opposite_cosine,2567,0.42858574228982127
increase,dz_true,300,BIS_same_minus_opposite_cosine,2900,0.4622480896789403
increase,dz_true,300,BIS_same_minus_opposite_cosine,2943,0.4079296464721362
increase,dz_true,300,BIS_same_minus_opposite_cosine,2946,0.5304226171451084
increase,dz_true,300,BIS_same_minus_opposite_cosine,3261,0.31620558413366473
increase,dz_true,300,BIS_same_minus_opposite_cosine,3354,0.4659236735043426
increase,dz_true,300,BIS_same_minus_opposite_cosine,3387,0.2679039562741915
increase,dz_true,300,BIS_same_minus_opposite_cosine,3485,0.37179923616349697
increase,dz_true,300,BIS_same_minus_opposite_cosine,3525,0.8072516444336736
increase,dz_true,300,BIS_same_minus_opposite_cosine,3593,0.7989137448370457
increase,dz_true,300,BIS_same_minus_opposite_cosine,3613,0.5422050657992562
increase,dz_true,300,BIS_same_minus_opposite_cosine,3768,0.5160944721351067
increase,dz_true,300,BIS_same_minus_opposite_cosine,3852,0.5158192045831432
increase,dz_true,300,BIS_same_minus_opposite_cosine,3967,0.4963923217728734
increase,dz_true,300,BIS_same_minus_opposite_cosine,3976,0.6216093084464471
increase,dz_true,300,BIS_same_minus_opposite_cosine,3978,0.39964779395432704
increase,dz_true,300,BIS_same_minus_opposite_cosine,3985,0.590362299233675
increase,dz_true,300,BIS_same_minus_opposite_cosine,4016,-0.006745136764255304
increase,dz_true,300,BIS_same_minus_opposite_cosine,4080,0.7549268243213494
increase,dz_true,300,BIS_same_minus_opposite_cosine,4293,0.6483043842017651
increase,dz_true,300,BIS_same_minus_opposite_cosine,4312,0.6488416581104199
increase,dz_true,300,BIS_same_minus_opposite_cosine,4529,0.5619664839610006
increase,dz_true,300,BIS_same_minus_opposite_cosine,4540,0.3878778116777539
increase,dz_true,300,BIS_same_minus_opposite_cosine,4638,0.8716667648404837
increase,dz_true,300,BIS_same_minus_opposite_cosine,4686,0.6848923104504745
increase,dz_true,300,BIS_same_minus_opposite_cosine,4821,0.5479816488921643
increase,dz_true,300,BIS_same_minus_opposite_cosine,4865,0.6442191489040852
increase,dz_true,300,BIS_same_minus_opposite_cosine,4944,0.5883793176876173
increase,dz_true,300,BIS_same_minus_opposite_cosine,5309,0.5698983591388572
increase,dz_true,300,BIS_same_minus_opposite_cosine,5377,0.332291759409462
increase,dz_true,300,BIS_same_minus_opposite_cosine,5410,0.2091258391737938
increase,dz_true,300,BIS_same_minus_opposite_cosine,5454,0.3306856323654453
increase,dz_true,300,BIS_same_minus_opposite_cosine,5516,0.8030802282420071
increase,dz_true,300,BIS_same_minus_opposite_cosine,5600,0.666613776902003
increase,dz_true,300,BIS_same_minus_opposite_cosine,5778,0.6435794789964955
increase,dz_true,300,BIS_same_minus_opposite_cosine,5826,0.7248778669163585
increase,dz_true,300,BIS_same_minus_opposite_cosine,5961,0.31321525101860365
increase,dz_true,300,BIS_same_minus_opposite_cosine,5989,0.24854296491001593
increase,dz_true,300,MAP_same_minus_opposite_cosine,105,-0.04623449799802268
increase,dz_true,300,MAP_same_minus_opposite_cosine,323,-0.09117336266420104
increase,dz_true,300,MAP_same_minus_opposite_cosine,348,-0.20676567343374092
increase,dz_true,300,MAP_same_minus_opposite_cosine,391,0.0875671524554491
increase,dz_true,300,MAP_same_minus_opposite_cosine,683,-0.012220751014396992
increase,dz_true,300,MAP_same_minus_opposite_cosine,747,0.2863025741482323
increase,dz_true,300,MAP_same_minus_opposite_cosine,750,0.16431423413256804
increase,dz_true,300,MAP_same_minus_opposite_cosine,758,0.2625093633929888
increase,dz_true,300,MAP_same_minus_opposite_cosine,843,0.4262258615344763
increase,dz_true,300,MAP_same_minus_opposite_cosine,877,0.06400469814737639
increase,dz_true,300,MAP_same_minus_opposite_cosine,926,0.03969242610037327
increase,dz_true,300,MAP_same_minus_opposite_cosine,967,0.15046255439519882
increase,dz_true,300,MAP_same_minus_opposite_cosine,992,-0.18047287967056036
increase,dz_true,300,MAP_same_minus_opposite_cosine,1092,0.0314992427205046
increase,dz_true,300,MAP_same_minus_opposite_cosine,1193,0.2944174543954432
increase,dz_true,300,MAP_same_minus_opposite_cosine,1308,0.03701327399661144
increase,dz_true,300,MAP_same_minus_opposite_cosine,1335,0.10331407655030489
increase,dz_true,300,MAP_same_minus_opposite_cosine,1480,-0.22116217132036886
increase,dz_true,300,MAP_same_minus_opposite_cosine,1566,0.06832992176835737
increase,dz_true,300,MAP_same_minus_opposite_cosine,1636,-0.11664659436792135
increase,dz_true,300,MAP_same_minus_opposite_cosine,1644,0.13459932959328097
increase,dz_true,300,MAP_same_minus_opposite_cosine,1943,-0.32058638148009777
increase,dz_true,300,MAP_same_minus_opposite_cosine,2005,0.1969828488248767
increase,dz_true,300,MAP_same_minus_opposite_cosine,2048,0.24649025884767373
increase,dz_true,300,MAP_same_minus_opposite_cosine,2173,-0.03158185651732816
increase,dz_true,300,MAP_same_minus_opposite_cosine,2263,0.27299869898706675
increase,dz_true,300,MAP_same_minus_opposite_cosine,2303,0.08042385472605627
increase,dz_true,300,MAP_same_minus_opposite_cosine,2308,-0.025369667448103428
increase,dz_true,300,MAP_same_minus_opposite_cosine,2361,0.31082450273254564
increase,dz_true,300,MAP_same_minus_opposite_cosine,2567,-0.48038527959336835
increase,dz_true,300,MAP_same_minus_opposite_cosine,2900,-0.08838693622612592
increase,dz_true,300,MAP_same_minus_opposite_cosine,2943,0.18310270188376307
increase,dz_true,300,MAP_same_minus_opposite_cosine,2946,0.1338873757670323
increase,dz_true,300,MAP_same_minus_opposite_cosine,3261,0.11314922571182251
increase,dz_true,300,MAP_same_minus_opposite_cosine,3354,0.07103539233406386
increase,dz_true,300,MAP_same_minus_opposite_cosine,3387,0.21653041879956922
increase,dz_true,300,MAP_same_minus_opposite_cosine,3485,-0.022425790938238307
increase,dz_true,300,MAP_same_minus_opposite_cosine,3525,-0.21312133067597946
increase,dz_true,300,MAP_same_minus_opposite_cosine,3593,0.05496893247420137
increase,dz_true,300,MAP_same_minus_opposite_cosine,3613,0.21130451808373132
increase,dz_true,300,MAP_same_minus_opposite_cosine,3768,0.05087075879176457
increase,dz_true,300,MAP_same_minus_opposite_cosine,3852,0.03488706952581803
increase,dz_true,300,MAP_same_minus_opposite_cosine,3967,0.13535325539608797
increase,dz_true,300,MAP_same_minus_opposite_cosine,3976,-0.0848004219846593
increase,dz_true,300,MAP_same_minus_opposite_cosine,3978,0.03876505745574832
increase,dz_true,300,MAP_same_minus_opposite_cosine,3985,0.24985058487138967
increase,dz_true,300,MAP_same_minus_opposite_cosine,4016,0.15719555923715234
increase,dz_true,300,MAP_same_minus_opposite_cosine,4080,0.016223984925697252
increase,dz_true,300,MAP_same_minus_opposite_cosine,4293,-0.02654384523630142
increase,dz_true,300,MAP_same_minus_opposite_cosine,4312,0.08945697310352417
increase,dz_true,300,MAP_same_minus_opposite_cosine,4529,-0.10127999486091235
increase,dz_true,300,MAP_same_minus_opposite_cosine,4540,0.21906897084166607
increase,dz_true,300,MAP_same_minus_opposite_cosine,4638,-0.21605128343358182
increase,dz_true,300,MAP_same_minus_opposite_cosine,4686,0.056499115812281765
increase,dz_true,300,MAP_same_minus_opposite_cosine,4821,-0.06442296739216105
increase,dz_true,300,MAP_same_minus_opposite_cosine,4865,0.005414476307729871
increase,dz_true,300,MAP_same_minus_opposite_cosine,4944,0.05676661685786464
increase,dz_true,300,MAP_same_minus_opposite_cosine,5309,0.02381190222998461
increase,dz_true,300,MAP_same_minus_opposite_cosine,5377,0.06862632868190606
increase,dz_true,300,MAP_same_minus_opposite_cosine,5410,-0.3661952018737793
increase,dz_true,300,MAP_same_minus_opposite_cosine,5454,-0.14596625107030073
increase,dz_true,300,MAP_same_minus_opposite_cosine,5516,0.07935834777626125
increase,dz_true,300,MAP_same_minus_opposite_cosine,5600,0.42422093912249526
increase,dz_true,300,MAP_same_minus_opposite_cosine,5778,-0.1230591181665659
increase,dz_true,300,MAP_same_minus_opposite_cosine,5826,0.33343337662518024
increase,dz_true,300,MAP_same_minus_opposite_cosine,5961,0.006791483610868454
increase,dz_true,300,MAP_same_minus_opposite_cosine,5989,-0.31650934989253676
increase,dz_true,300,triplet_accuracy,323,0.85
increase,dz_true,300,triplet_accuracy,348,0.6
increase,dz_true,300,triplet_accuracy,391,0.6
increase,dz_true,300,triplet_accuracy,683,0.75
increase,dz_true,300,triplet_accuracy,747,0.7
increase,dz_true,300,triplet_accuracy,750,0.7
increase,dz_true,300,triplet_accuracy,758,0.75
increase,dz_true,300,triplet_accuracy,843,0.75
increase,dz_true,300,triplet_accuracy,967,0.75
increase,dz_true,300,triplet_accuracy,1092,0.8
increase,dz_true,300,triplet_accuracy,1193,0.75
increase,dz_true,300,triplet_accuracy,1335,0.8
increase,dz_true,300,triplet_accuracy,1480,0.8
increase,dz_true,300,triplet_accuracy,1566,0.8
increase,dz_true,300,triplet_accuracy,1943,0.7
increase,dz_true,300,triplet_accuracy,2005,0.85
increase,dz_true,300,triplet_accuracy,2048,0.75
increase,dz_true,300,triplet_accuracy,2173,0.6
increase,dz_true,300,triplet_accuracy,2263,0.65
increase,dz_true,300,triplet_accuracy,2303,0.65
increase,dz_true,300,triplet_accuracy,2308,0.55
increase,dz_true,300,triplet_accuracy,2361,0.75
increase,dz_true,300,triplet_accuracy,2567,0.6
increase,dz_true,300,triplet_accuracy,2943,0.8
increase,dz_true,300,triplet_accuracy,3261,0.5
increase,dz_true,300,triplet_accuracy,3354,0.85
increase,dz_true,300,triplet_accuracy,3525,0.6
increase,dz_true,300,triplet_accuracy,3593,0.9
increase,dz_true,300,triplet_accuracy,3768,0.75
increase,dz_true,300,triplet_accuracy,3852,0.65
increase,dz_true,300,triplet_accuracy,3967,0.75
increase,dz_true,300,triplet_accuracy,3978,0.7
increase,dz_true,300,triplet_accuracy,3985,0.7
increase,dz_true,300,triplet_accuracy,4016,0.85
increase,dz_true,300,triplet_accuracy,4293,0.85
increase,dz_true,300,triplet_accuracy,4312,0.65
increase,dz_true,300,triplet_accuracy,4529,0.7
increase,dz_true,300,triplet_accuracy,4540,0.75
increase,dz_true,300,triplet_accuracy,4686,0.65
increase,dz_true,300,triplet_accuracy,4821,0.65
increase,dz_true,300,triplet_accuracy,4865,0.6
increase,dz_true,300,triplet_accuracy,4944,0.65
increase,dz_true,300,triplet_accuracy,5309,0.7
increase,dz_true,300,triplet_accuracy,5377,0.5
increase,dz_true,300,triplet_accuracy,5410,0.9
increase,dz_true,300,triplet_accuracy,5454,0.8
increase,dz_true,300,triplet_accuracy,5516,0.95
increase,dz_true,300,triplet_accuracy,5600,0.5
increase,dz_true,300,triplet_accuracy,5778,0.7
increase,dz_true,300,triplet_accuracy,5989,0.9
decrease,dz_true,300,BIS_same_minus_opposite_cosine,105,0.45415283075223367
decrease,dz_true,300,BIS_same_minus_opposite_cosine,323,1.0315121012429396
decrease,dz_true,300,BIS_same_minus_opposite_cosine,348,0.48464192009784957
decrease,dz_true,300,BIS_same_minus_opposite_cosine,391,0.48154778799719433
decrease,dz_true,300,BIS_same_minus_opposite_cosine,683,0.33248402445266645
decrease,dz_true,300,BIS_same_minus_opposite_cosine,747,0.7163890112530101
decrease,dz_true,300,BIS_same_minus_opposite_cosine,750,0.6358693808849369
decrease,dz_true,300,BIS_same_minus_opposite_cosine,758,0.3736426027096582
decrease,dz_true,300,BIS_same_minus_opposite_cosine,843,0.39980233848715824
decrease,dz_true,300,BIS_same_minus_opposite_cosine,877,0.6999970834391813
decrease,dz_true,300,BIS_same_minus_opposite_cosine,926,0.6226588655884067
decrease,dz_true,300,BIS_same_minus_opposite_cosine,967,0.36650043387304654
decrease,dz_true,300,BIS_same_minus_opposite_cosine,992,0.4909988755567206
decrease,dz_true,300,BIS_same_minus_opposite_cosine,1014,0.3987779629727205
decrease,dz_true,300,BIS_same_minus_opposite_cosine,1092,0.411026109870749
decrease,dz_true,300,BIS_same_minus_opposite_cosine,1193,0.48676096505175037
decrease,dz_true,300,BIS_same_minus_opposite_cosine,1308,0.48852601409372354
decrease,dz_true,300,BIS_same_minus_opposite_cosine,1335,0.5683688515176376
decrease,dz_true,300,BIS_same_minus_opposite_cosine,1480,0.399008769231538
decrease,dz_true,300,BIS_same_minus_opposite_cosine,1566,0.5307675280297796
decrease,dz_true,300,BIS_same_minus_opposite_cosine,1636,0.6439456241826217
decrease,dz_true,300,BIS_same_minus_opposite_cosine,1644,0.7735563535243273
decrease,dz_true,300,BIS_same_minus_opposite_cosine,1839,0.4813372679054737
decrease,dz_true,300,BIS_same_minus_opposite_cosine,1943,0.4878629237752069
decrease,dz_true,300,BIS_same_minus_opposite_cosine,2005,0.5683319117253025
decrease,dz_true,300,BIS_same_minus_opposite_cosine,2048,0.5129793356483181
decrease,dz_true,300,BIS_same_minus_opposite_cosine,2173,0.5957007954941329
decrease,dz_true,300,BIS_same_minus_opposite_cosine,2263,0.5401045772613902
decrease,dz_true,300,BIS_same_minus_opposite_cosine,2303,0.5768231244846469
decrease,dz_true,300,BIS_same_minus_opposite_cosine,2308,0.300278835153828
decrease,dz_true,300,BIS_same_minus_opposite_cosine,2347,0.46033253613859415
decrease,dz_true,300,BIS_same_minus_opposite_cosine,2361,0.7598292709074237
decrease,dz_true,300,BIS_same_minus_opposite_cosine,2567,0.3690435657644588
decrease,dz_true,300,BIS_same_minus_opposite_cosine,2900,0.599623264848358
decrease,dz_true,300,BIS_same_minus_opposite_cosine,2943,0.5970981888886955
decrease,dz_true,300,BIS_same_minus_opposite_cosine,2946,0.18724266843249399
decrease,dz_true,300,BIS_same_minus_opposite_cosine,2988,0.5872990027013602
decrease,dz_true,300,BIS_same_minus_opposite_cosine,3261,0.3896937432388464
decrease,dz_true,300,BIS_same_minus_opposite_cosine,3354,0.5394658638785284
decrease,dz_true,300,BIS_same_minus_opposite_cosine,3387,0.4151276040356606
decrease,dz_true,300,BIS_same_minus_opposite_cosine,3485,0.7522607178737719
decrease,dz_true,300,BIS_same_minus_opposite_cosine,3525,0.39614664285133283
decrease,dz_true,300,BIS_same_minus_opposite_cosine,3569,0.540580662983385
decrease,dz_true,300,BIS_same_minus_opposite_cosine,3593,0.45649018769876826
decrease,dz_true,300,BIS_same_minus_opposite_cosine,3613,0.32970879614974063
decrease,dz_true,300,BIS_same_minus_opposite_cosine,3764,0.402478065087714
decrease,dz_true,300,BIS_same_minus_opposite_cosine,3768,0.6806195066733793
decrease,dz_true,300,BIS_same_minus_opposite_cosine,3852,0.2877966150641441
decrease,dz_true,300,BIS_same_minus_opposite_cosine,3967,0.41350221551126903
decrease,dz_true,300,BIS_same_minus_opposite_cosine,3976,0.8138226926326751
decrease,dz_true,300,BIS_same_minus_opposite_cosine,3978,0.0905050796767076
decrease,dz_true,300,BIS_same_minus_opposite_cosine,3985,0.7086063461999099
decrease,dz_true,300,BIS_same_minus_opposite_cosine,4016,0.41817186027765274
decrease,dz_true,300,BIS_same_minus_opposite_cosine,4080,0.36617423975396723
decrease,dz_true,300,BIS_same_minus_opposite_cosine,4293,0.5236310545458562
decrease,dz_true,300,BIS_same_minus_opposite_cosine,4312,0.4407933883989851
decrease,dz_true,300,BIS_same_minus_opposite_cosine,4529,0.573658836260438
decrease,dz_true,300,BIS_same_minus_opposite_cosine,4540,0.19301579579372297
decrease,dz_true,300,BIS_same_minus_opposite_cosine,4638,0.45033583783855047
decrease,dz_true,300,BIS_same_minus_opposite_cosine,4686,0.4969148424764474
decrease,dz_true,300,BIS_same_minus_opposite_cosine,4821,0.09411977517108122
decrease,dz_true,300,BIS_same_minus_opposite_cosine,4865,0.5759523939341307
decrease,dz_true,300,BIS_same_minus_opposite_cosine,4944,0.7914470891157785
decrease,dz_true,300,BIS_same_minus_opposite_cosine,5309,0.6342608093312292
decrease,dz_true,300,BIS_same_minus_opposite_cosine,5377,0.6984531338637074
decrease,dz_true,300,BIS_same_minus_opposite_cosine,5410,0.6896103579137061
decrease,dz_true,300,BIS_same_minus_opposite_cosine,5454,0.44559515774663955
decrease,dz_true,300,BIS_same_minus_opposite_cosine,5516,0.2953517018920846
decrease,dz_true,300,BIS_same_minus_opposite_cosine,5600,0.7776355445384979
decrease,dz_true,300,BIS_same_minus_opposite_cosine,5778,0.6692298448334137
decrease,dz_true,300,BIS_same_minus_opposite_cosine,5826,0.4098444250835614
decrease,dz_true,300,BIS_same_minus_opposite_cosine,5961,0.23217692443480095
decrease,dz_true,300,BIS_same_minus_opposite_cosine,5989,0.6650586845974127
decrease,dz_true,300,BIS_same_minus_opposite_cosine,6025,0.39623031183851487
decrease,dz_true,300,MAP_same_minus_opposite_cosine,105,-0.08615279554699858
decrease,dz_true,300,MAP_same_minus_opposite_cosine,323,0.1545544497979184
decrease,dz_true,300,MAP_same_minus_opposite_cosine,348,0.02084442088380456
decrease,dz_true,300,MAP_same_minus_opposite_cosine,391,0.003718502384920913
decrease,dz_true,300,MAP_same_minus_opposite_cosine,683,0.03945555275475437
decrease,dz_true,300,MAP_same_minus_opposite_cosine,747,0.11091264834006628
decrease,dz_true,300,MAP_same_minus_opposite_cosine,750,0.09827580644438665
decrease,dz_true,300,MAP_same_minus_opposite_cosine,758,0.21332064918665722
decrease,dz_true,300,MAP_same_minus_opposite_cosine,843,0.23540934547781941
decrease,dz_true,300,MAP_same_minus_opposite_cosine,877,0.1293387518574794
decrease,dz_true,300,MAP_same_minus_opposite_cosine,926,0.046093886492378784
decrease,dz_true,300,MAP_same_minus_opposite_cosine,967,-0.2521013356745243
decrease,dz_true,300,MAP_same_minus_opposite_cosine,992,-0.06243253378197551
decrease,dz_true,300,MAP_same_minus_opposite_cosine,1014,0.09932256769388914
decrease,dz_true,300,MAP_same_minus_opposite_cosine,1092,-0.21506919090946516
decrease,dz_true,300,MAP_same_minus_opposite_cosine,1193,0.019530883214126035
decrease,dz_true,300,MAP_same_minus_opposite_cosine,1308,-0.002634615202744807
decrease,dz_true,300,MAP_same_minus_opposite_cosine,1335,-0.34937704283566706
decrease,dz_true,300,MAP_same_minus_opposite_cosine,1480,0.04043860686942935
decrease,dz_true,300,MAP_same_minus_opposite_cosine,1566,0.14868514860669774
decrease,dz_true,300,MAP_same_minus_opposite_cosine,1636,-0.11396675168847045
decrease,dz_true,300,MAP_same_minus_opposite_cosine,1644,-0.0003478031915922983
decrease,dz_true,300,MAP_same_minus_opposite_cosine,1839,-0.27812888932724794
decrease,dz_true,300,MAP_same_minus_opposite_cosine,1943,-0.0006069692058695633
decrease,dz_true,300,MAP_same_minus_opposite_cosine,2005,0.24900284487133223
decrease,dz_true,300,MAP_same_minus_opposite_cosine,2048,-0.08792514839608755
decrease,dz_true,300,MAP_same_minus_opposite_cosine,2173,-0.01261496067874962
decrease,dz_true,300,MAP_same_minus_opposite_cosine,2263,-0.013523494359105825
decrease,dz_true,300,MAP_same_minus_opposite_cosine,2303,0.035338805367549256
decrease,dz_true,300,MAP_same_minus_opposite_cosine,2308,0.2690281227908351
decrease,dz_true,300,MAP_same_minus_opposite_cosine,2347,0.06851973819235961
decrease,dz_true,300,MAP_same_minus_opposite_cosine,2361,-0.4776700964818398
decrease,dz_true,300,MAP_same_minus_opposite_cosine,2567,-0.22699496691070853
decrease,dz_true,300,MAP_same_minus_opposite_cosine,2900,-0.018175944892896548
decrease,dz_true,300,MAP_same_minus_opposite_cosine,2943,0.091122649403082
decrease,dz_true,300,MAP_same_minus_opposite_cosine,2946,0.05329622824986775
decrease,dz_true,300,MAP_same_minus_opposite_cosine,2988,0.09376616713901362
decrease,dz_true,300,MAP_same_minus_opposite_cosine,3261,0.03113750885758135
decrease,dz_true,300,MAP_same_minus_opposite_cosine,3354,-0.14502728249256808
decrease,dz_true,300,MAP_same_minus_opposite_cosine,3387,0.09366578310728073
decrease,dz_true,300,MAP_same_minus_opposite_cosine,3485,-0.05821052850741479
decrease,dz_true,300,MAP_same_minus_opposite_cosine,3525,0.19025556531480767
decrease,dz_true,300,MAP_same_minus_opposite_cosine,3569,-0.08771417853200718
decrease,dz_true,300,MAP_same_minus_opposite_cosine,3593,-0.14426124512189714
decrease,dz_true,300,MAP_same_minus_opposite_cosine,3613,0.08125996149399065
decrease,dz_true,300,MAP_same_minus_opposite_cosine,3764,0.030121957262357085
decrease,dz_true,300,MAP_same_minus_opposite_cosine,3768,0.025857342096666496
decrease,dz_true,300,MAP_same_minus_opposite_cosine,3852,0.1770097500955065
decrease,dz_true,300,MAP_same_minus_opposite_cosine,3967,-0.04195250136156878
decrease,dz_true,300,MAP_same_minus_opposite_cosine,3976,0.01884713831047219
decrease,dz_true,300,MAP_same_minus_opposite_cosine,3978,0.17599861991281313
decrease,dz_true,300,MAP_same_minus_opposite_cosine,3985,0.0545687253276507
decrease,dz_true,300,MAP_same_minus_opposite_cosine,4016,0.11333125721042354
decrease,dz_true,300,MAP_same_minus_opposite_cosine,4080,0.08804122221966584
decrease,dz_true,300,MAP_same_minus_opposite_cosine,4293,0.12009526758144298
decrease,dz_true,300,MAP_same_minus_opposite_cosine,4312,-0.138343738787102
decrease,dz_true,300,MAP_same_minus_opposite_cosine,4529,0.06459391179184118
decrease,dz_true,300,MAP_same_minus_opposite_cosine,4540,0.06554410039362582
decrease,dz_true,300,MAP_same_minus_opposite_cosine,4638,0.015819660077492397
decrease,dz_true,300,MAP_same_minus_opposite_cosine,4686,-0.144975036693116
decrease,dz_true,300,MAP_same_minus_opposite_cosine,4821,-0.08225419657925764
decrease,dz_true,300,MAP_same_minus_opposite_cosine,4865,0.12655188621332247
decrease,dz_true,300,MAP_same_minus_opposite_cosine,4944,0.15545586946730813
decrease,dz_true,300,MAP_same_minus_opposite_cosine,5309,-0.01446491110166817
decrease,dz_true,300,MAP_same_minus_opposite_cosine,5377,-0.037052398222978365
decrease,dz_true,300,MAP_same_minus_opposite_cosine,5410,0.013544379578282438
decrease,dz_true,300,MAP_same_minus_opposite_cosine,5454,0.02735261381086375
decrease,dz_true,300,MAP_same_minus_opposite_cosine,5516,0.10682151171689233
decrease,dz_true,300,MAP_same_minus_opposite_cosine,5600,0.16086036070353457
decrease,dz_true,300,MAP_same_minus_opposite_cosine,5778,-0.08920218236744404
decrease,dz_true,300,MAP_same_minus_opposite_cosine,5826,-0.025241130155821648
decrease,dz_true,300,MAP_same_minus_opposite_cosine,5961,-0.06896334182414593
decrease,dz_true,300,MAP_same_minus_opposite_cosine,5989,0.08045767458776631
decrease,dz_true,300,MAP_same_minus_opposite_cosine,6025,0.2070401298503081
decrease,dz_true,300,triplet_accuracy,323,0.7
decrease,dz_true,300,triplet_accuracy,348,0.7
decrease,dz_true,300,triplet_accuracy,391,0.65
decrease,dz_true,300,triplet_accuracy,683,0.7
decrease,dz_true,300,triplet_accuracy,747,0.5
decrease,dz_true,300,triplet_accuracy,750,0.6
decrease,dz_true,300,triplet_accuracy,758,0.85
decrease,dz_true,300,triplet_accuracy,843,0.7
decrease,dz_true,300,triplet_accuracy,967,0.7
decrease,dz_true,300,triplet_accuracy,1014,0.7
decrease,dz_true,300,triplet_accuracy,1092,0.75
decrease,dz_true,300,triplet_accuracy,1193,0.65
decrease,dz_true,300,triplet_accuracy,1335,0.85
decrease,dz_true,300,triplet_accuracy,1480,0.7
decrease,dz_true,300,triplet_accuracy,1566,0.65
decrease,dz_true,300,triplet_accuracy,1839,0.75
decrease,dz_true,300,triplet_accuracy,1943,0.7
decrease,dz_true,300,triplet_accuracy,2005,0.75
decrease,dz_true,300,triplet_accuracy,2048,0.8
decrease,dz_true,300,triplet_accuracy,2173,0.65
decrease,dz_true,300,triplet_accuracy,2263,0.6
decrease,dz_true,300,triplet_accuracy,2303,0.7
decrease,dz_true,300,triplet_accuracy,2308,0.8
decrease,dz_true,300,triplet_accuracy,2347,0.7
decrease,dz_true,300,triplet_accuracy,2361,0.75
decrease,dz_true,300,triplet_accuracy,2567,0.7
decrease,dz_true,300,triplet_accuracy,2943,0.75
decrease,dz_true,300,triplet_accuracy,2988,0.7
decrease,dz_true,300,triplet_accuracy,3261,0.75
decrease,dz_true,300,triplet_accuracy,3354,0.6
decrease,dz_true,300,triplet_accuracy,3525,0.7
decrease,dz_true,300,triplet_accuracy,3569,0.75
decrease,dz_true,300,triplet_accuracy,3593,0.65
decrease,dz_true,300,triplet_accuracy,3768,0.65
decrease,dz_true,300,triplet_accuracy,3852,0.65
decrease,dz_true,300,triplet_accuracy,3967,0.65
decrease,dz_true,300,triplet_accuracy,3978,0.45
decrease,dz_true,300,triplet_accuracy,3985,0.85
decrease,dz_true,300,triplet_accuracy,4016,0.65
decrease,dz_true,300,triplet_accuracy,4293,0.7
decrease,dz_true,300,triplet_accuracy,4312,0.6
decrease,dz_true,300,triplet_accuracy,4529,0.7
decrease,dz_true,300,triplet_accuracy,4540,0.85
decrease,dz_true,300,triplet_accuracy,4686,0.65
decrease,dz_true,300,triplet_accuracy,4821,0.75
decrease,dz_true,300,triplet_accuracy,4865,0.9
decrease,dz_true,300,triplet_accuracy,4944,0.7
decrease,dz_true,300,triplet_accuracy,5309,0.7
decrease,dz_true,300,triplet_accuracy,5377,0.5
decrease,dz_true,300,triplet_accuracy,5410,0.7
decrease,dz_true,300,triplet_accuracy,5454,0.6
decrease,dz_true,300,triplet_accuracy,5516,0.6
decrease,dz_true,300,triplet_accuracy,5600,0.85
decrease,dz_true,300,triplet_accuracy,5778,0.65
decrease,dz_true,300,triplet_accuracy,5989,0.7
decrease,dz_true,300,triplet_accuracy,6025,0.75
stop,dz_true,300,BIS_same_minus_opposite_cosine,105,0.3446306141714255
stop,dz_true,300,BIS_same_minus_opposite_cosine,348,0.3671887279064818
stop,dz_true,300,BIS_same_minus_opposite_cosine,391,0.7053598073266801
stop,dz_true,300,BIS_same_minus_opposite_cosine,747,0.7005579144214139
stop,dz_true,300,BIS_same_minus_opposite_cosine,758,0.5330186436573664
stop,dz_true,300,BIS_same_minus_opposite_cosine,877,0.8377786862353485
stop,dz_true,300,BIS_same_minus_opposite_cosine,1092,0.6328214711199204
stop,dz_true,300,BIS_same_minus_opposite_cosine,1193,0.5850020670021574
stop,dz_true,300,BIS_same_minus_opposite_cosine,1480,0.41692464268117235
stop,dz_true,300,BIS_same_minus_opposite_cosine,1636,0.4317853768666585
stop,dz_true,300,BIS_same_minus_opposite_cosine,1644,0.6686511486768723
stop,dz_true,300,BIS_same_minus_opposite_cosine,2005,0.7872984086473782
stop,dz_true,300,BIS_same_minus_opposite_cosine,2303,0.22923335433006287
stop,dz_true,300,BIS_same_minus_opposite_cosine,2361,0.6680313907563686
stop,dz_true,300,BIS_same_minus_opposite_cosine,2567,0.6441629129151504
stop,dz_true,300,BIS_same_minus_opposite_cosine,2943,0.6886698318588915
stop,dz_true,300,BIS_same_minus_opposite_cosine,2946,0.6939548210551342
stop,dz_true,300,BIS_same_minus_opposite_cosine,3261,0.5552942467232546
stop,dz_true,300,BIS_same_minus_opposite_cosine,3485,0.7434849757701159
stop,dz_true,300,BIS_same_minus_opposite_cosine,3525,0.587964047677815
stop,dz_true,300,BIS_same_minus_opposite_cosine,3593,0.74763566090001
stop,dz_true,300,BIS_same_minus_opposite_cosine,3613,-0.11818575186447965
stop,dz_true,300,BIS_same_minus_opposite_cosine,3967,0.08511388270805278
stop,dz_true,300,BIS_same_minus_opposite_cosine,3976,0.49486629773552215
stop,dz_true,300,BIS_same_minus_opposite_cosine,4016,0.18569805156439542
stop,dz_true,300,BIS_same_minus_opposite_cosine,4865,0.9946022940178711
stop,dz_true,300,BIS_same_minus_opposite_cosine,4944,0.7895002732053399
stop,dz_true,300,BIS_same_minus_opposite_cosine,5377,0.7860107198357582
stop,dz_true,300,BIS_same_minus_opposite_cosine,5410,0.869794527689616
stop,dz_true,300,BIS_same_minus_opposite_cosine,5454,0.7911512202893694
stop,dz_true,300,BIS_same_minus_opposite_cosine,5516,0.5077986195683479
stop,dz_true,300,BIS_same_minus_opposite_cosine,5600,0.3250109124928713
stop,dz_true,300,BIS_same_minus_opposite_cosine,5778,-0.05794079368934035
stop,dz_true,300,BIS_same_minus_opposite_cosine,5826,0.4711219569047292
stop,dz_true,300,MAP_same_minus_opposite_cosine,105,-0.04271899412075679
stop,dz_true,300,MAP_same_minus_opposite_cosine,348,0.16404839770661456
stop,dz_true,300,MAP_same_minus_opposite_cosine,391,0.19225830691201345
stop,dz_true,300,MAP_same_minus_opposite_cosine,747,-0.2102616561266283
stop,dz_true,300,MAP_same_minus_opposite_cosine,758,0.22100937620751443
stop,dz_true,300,MAP_same_minus_opposite_cosine,877,-0.43785584492213797
stop,dz_true,300,MAP_same_minus_opposite_cosine,926,0.22008180618286133
stop,dz_true,300,MAP_same_minus_opposite_cosine,1092,0.0996520465594672
stop,dz_true,300,MAP_same_minus_opposite_cosine,1193,-0.05910834607978663
stop,dz_true,300,MAP_same_minus_opposite_cosine,1480,0.1384150090937813
stop,dz_true,300,MAP_same_minus_opposite_cosine,1636,-0.4525738422758877
stop,dz_true,300,MAP_same_minus_opposite_cosine,1644,-0.11022279163201651
stop,dz_true,300,MAP_same_minus_opposite_cosine,2005,-0.36350987785298267
stop,dz_true,300,MAP_same_minus_opposite_cosine,2303,-0.08306843787431717
stop,dz_true,300,MAP_same_minus_opposite_cosine,2361,0.04256364889442921
stop,dz_true,300,MAP_same_minus_opposite_cosine,2567,0.15183808337897062
stop,dz_true,300,MAP_same_minus_opposite_cosine,2943,0.2030098686615626
stop,dz_true,300,MAP_same_minus_opposite_cosine,2946,-0.048935721193750684
stop,dz_true,300,MAP_same_minus_opposite_cosine,3261,0.18216821271926165
stop,dz_true,300,MAP_same_minus_opposite_cosine,3485,-0.007182903277377292
stop,dz_true,300,MAP_same_minus_opposite_cosine,3525,0.11414129914095003
stop,dz_true,300,MAP_same_minus_opposite_cosine,3593,-0.3036321993503306
stop,dz_true,300,MAP_same_minus_opposite_cosine,3613,-0.02003288703660172
stop,dz_true,300,MAP_same_minus_opposite_cosine,3967,0.14973897238572437
stop,dz_true,300,MAP_same_minus_opposite_cosine,3976,0.18840843683019992
stop,dz_true,300,MAP_same_minus_opposite_cosine,4016,0.06249444950371981
stop,dz_true,300,MAP_same_minus_opposite_cosine,4865,0.024914441940685116
stop,dz_true,300,MAP_same_minus_opposite_cosine,4944,-0.3951481986946116
stop,dz_true,300,MAP_same_minus_opposite_cosine,5377,-0.0568615086376667
stop,dz_true,300,MAP_same_minus_opposite_cosine,5410,-0.07892948739004858
stop,dz_true,300,MAP_same_minus_opposite_cosine,5454,-0.0517517433812221
stop,dz_true,300,MAP_same_minus_opposite_cosine,5516,0.4741048142313957
stop,dz_true,300,MAP_same_minus_opposite_cosine,5600,-0.23348108834276596
stop,dz_true,300,MAP_same_minus_opposite_cosine,5778,-0.13389877643850115
stop,dz_true,300,MAP_same_minus_opposite_cosine,5826,0.2191638946533203
stop,dz_true,300,triplet_accuracy,348,0.8
stop,dz_true,300,triplet_accuracy,391,0.75
stop,dz_true,300,triplet_accuracy,747,0.85
stop,dz_true,300,triplet_accuracy,758,0.65
stop,dz_true,300,triplet_accuracy,1092,0.8
stop,dz_true,300,triplet_accuracy,1193,0.9
stop,dz_true,300,triplet_accuracy,1480,0.75
stop,dz_true,300,triplet_accuracy,2005,0.8
stop,dz_true,300,triplet_accuracy,2303,0.8
stop,dz_true,300,triplet_accuracy,2361,0.7
stop,dz_true,300,triplet_accuracy,2567,0.7
stop,dz_true,300,triplet_accuracy,2943,0.65
stop,dz_true,300,triplet_accuracy,3261,0.75
stop,dz_true,300,triplet_accuracy,3525,0.8
stop,dz_true,300,triplet_accuracy,3593,0.85
stop,dz_true,300,triplet_accuracy,3967,0.8
stop,dz_true,300,triplet_accuracy,4016,0.75
stop,dz_true,300,triplet_accuracy,4865,0.65
stop,dz_true,300,triplet_accuracy,4944,0.7
stop,dz_true,300,triplet_accuracy,5377,0.7
stop,dz_true,300,triplet_accuracy,5410,0.85
stop,dz_true,300,triplet_accuracy,5454,0.85
stop,dz_true,300,triplet_accuracy,5516,0.95
stop,dz_true,300,triplet_accuracy,5600,0.9
stop,dz_true,300,triplet_accuracy,5778,0.6
