subset,representation,horizon_seconds,metric,subject,value
overall,Baseline,30,BIS_same_minus_opposite_cosine,105,0.0009626618061941983
overall,Baseline,30,BIS_same_minus_opposite_cosine,323,-0.055882895489533735
overall,Baseline,30,BIS_same_minus_opposite_cosine,348,0.001741477251052781
overall,Baseline,30,BIS_same_minus_opposite_cosine,391,0.07619249466806655
overall,Baseline,30,BIS_same_minus_opposite_cosine,683,0.03092958902319265
overall,Baseline,30,BIS_same_minus_opposite_cosine,747,0.0427223893848282
overall,Baseline,30,BIS_same_minus_opposite_cosine,750,0.05575590388228491
overall,Baseline,30,BIS_same_minus_opposite_cosine,758,0.043626422981421165
overall,Baseline,30,BIS_same_minus_opposite_cosine,843,0.029248991660904444
overall,Baseline,30,BIS_same_minus_opposite_cosine,877,0.11121527189733815
overall,Baseline,30,BIS_same_minus_opposite_cosine,926,-0.04110322008530298
overall,Baseline,30,BIS_same_minus_opposite_cosine,967,-0.008539504347703342
overall,Baseline,30,BIS_same_minus_opposite_cosine,992,0.0024521108468373853
overall,Baseline,30,BIS_same_minus_opposite_cosine,1014,0.017696311839279666
overall,Baseline,30,BIS_same_minus_opposite_cosine,1092,0.10250063092596284
overall,Baseline,30,BIS_same_minus_opposite_cosine,1193,0.08194972418603441
overall,Baseline,30,BIS_same_minus_opposite_cosine,1308,-0.02069963845941758
overall,Baseline,30,BIS_same_minus_opposite_cosine,1335,-0.0039969016004491875
overall,Baseline,30,BIS_same_minus_opposite_cosine,1480,-0.02327478031317398
overall,Baseline,30,BIS_same_minus_opposite_cosine,1566,0.0173122507830461
overall,Baseline,30,BIS_same_minus_opposite_cosine,1636,0.05468470408366277
overall,Baseline,30,BIS_same_minus_opposite_cosine,1644,-0.018889493991931294
overall,Baseline,30,BIS_same_minus_opposite_cosine,1839,0.09436270692385729
overall,Baseline,30,BIS_same_minus_opposite_cosine,1943,-0.0242251702007793
overall,Baseline,30,BIS_same_minus_opposite_cosine,2005,-0.05855985751900916
overall,Baseline,30,BIS_same_minus_opposite_cosine,2048,0.048092507596673606
overall,Baseline,30,BIS_same_minus_opposite_cosine,2173,-0.0022202644231064106
overall,Baseline,30,BIS_same_minus_opposite_cosine,2263,0.050168872872988324
overall,Baseline,30,BIS_same_minus_opposite_cosine,2303,0.024185495661652623
overall,Baseline,30,BIS_same_minus_opposite_cosine,2308,0.0296991589394483
overall,Baseline,30,BIS_same_minus_opposite_cosine,2347,0.014154273185921773
overall,Baseline,30,BIS_same_minus_opposite_cosine,2361,-0.04382366353557221
overall,Baseline,30,BIS_same_minus_opposite_cosine,2567,0.08192383740574893
overall,Baseline,30,BIS_same_minus_opposite_cosine,2900,-0.004901549852255549
overall,Baseline,30,BIS_same_minus_opposite_cosine,2943,-0.023864664634068777
overall,Baseline,30,BIS_same_minus_opposite_cosine,2946,0.002282189329465223
overall,Baseline,30,BIS_same_minus_opposite_cosine,2988,0.0018017927805582534
overall,Baseline,30,BIS_same_minus_opposite_cosine,3261,-0.04077397435903546
overall,Baseline,30,BIS_same_minus_opposite_cosine,3354,-0.053882818972622926
overall,Baseline,30,BIS_same_minus_opposite_cosine,3387,0.08769209265708922
overall,Baseline,30,BIS_same_minus_opposite_cosine,3485,0.06811150815337896
overall,Baseline,30,BIS_same_minus_opposite_cosine,3525,0.09568050551241725
overall,Baseline,30,BIS_same_minus_opposite_cosine,3569,-0.07900969378459155
overall,Baseline,30,BIS_same_minus_opposite_cosine,3593,0.08002824689212595
overall,Baseline,30,BIS_same_minus_opposite_cosine,3613,0.061378167288890784
overall,Baseline,30,BIS_same_minus_opposite_cosine,3764,0.04570327073335645
overall,Baseline,30,BIS_same_minus_opposite_cosine,3768,0.011055829375982262
overall,Baseline,30,BIS_same_minus_opposite_cosine,3852,0.0771392015788036
overall,Baseline,30,BIS_same_minus_opposite_cosine,3967,-0.007266577279222197
overall,Baseline,30,BIS_same_minus_opposite_cosine,3976,-0.0025815661901081866
overall,Baseline,30,BIS_same_minus_opposite_cosine,3978,0.025094963113466817
overall,Baseline,30,BIS_same_minus_opposite_cosine,3985,-0.017804833451906865
overall,Baseline,30,BIS_same_minus_opposite_cosine,4016,-0.10936832241714001
overall,Baseline,30,BIS_same_minus_opposite_cosine,4080,-0.011865267157554538
overall,Baseline,30,BIS_same_minus_opposite_cosine,4293,-0.010132318128038276
overall,Baseline,30,BIS_same_minus_opposite_cosine,4312,0.019103937991189257
overall,Baseline,30,BIS_same_minus_opposite_cosine,4529,0.07384961316628125
overall,Baseline,30,BIS_same_minus_opposite_cosine,4540,0.0035972788929938826
overall,Baseline,30,BIS_same_minus_opposite_cosine,4638,0.04011223549986709
overall,Baseline,30,BIS_same_minus_opposite_cosine,4686,-0.061037777020381045
overall,Baseline,30,BIS_same_minus_opposite_cosine,4821,-0.009286658628246736
overall,Baseline,30,BIS_same_minus_opposite_cosine,4865,0.04297246212760608
overall,Baseline,30,BIS_same_minus_opposite_cosine,4944,0.004011058807373069
overall,Baseline,30,BIS_same_minus_opposite_cosine,5309,0.03472096544724923
overall,Baseline,30,BIS_same_minus_opposite_cosine,5377,-0.07901018008589744
overall,Baseline,30,BIS_same_minus_opposite_cosine,5410,-0.03801843225955959
overall,Baseline,30,BIS_same_minus_opposite_cosine,5454,-0.04162551820278171
overall,Baseline,30,BIS_same_minus_opposite_cosine,5516,-0.02588255789832794
overall,Baseline,30,BIS_same_minus_opposite_cosine,5600,0.05530673133002384
overall,Baseline,30,BIS_same_minus_opposite_cosine,5778,0.012589947581291172
overall,Baseline,30,BIS_same_minus_opposite_cosine,5826,-0.05858028709888463
overall,Baseline,30,BIS_same_minus_opposite_cosine,5961,-0.014139481001731125
overall,Baseline,30,BIS_same_minus_opposite_cosine,5989,0.048934576822363796
overall,Baseline,30,BIS_same_minus_opposite_cosine,6025,-0.0011953108012676683
overall,Baseline,30,MAP_same_minus_opposite_cosine,105,-0.002438876032829329
overall,Baseline,30,MAP_same_minus_opposite_cosine,323,-0.011269610126813268
overall,Baseline,30,MAP_same_minus_opposite_cosine,348,-0.027298731232682782
overall,Baseline,30,MAP_same_minus_opposite_cosine,391,0.05049550533294678
overall,Baseline,30,MAP_same_minus_opposite_cosine,683,-0.0658849611878396
overall,Baseline,30,MAP_same_minus_opposite_cosine,747,0.0408274507770936
overall,Baseline,30,MAP_same_minus_opposite_cosine,750,-0.012949259082476239
overall,Baseline,30,MAP_same_minus_opposite_cosine,758,0.018367793752501416
overall,Baseline,30,MAP_same_minus_opposite_cosine,843,-0.018374142795801185
overall,Baseline,30,MAP_same_minus_opposite_cosine,877,-0.05686168919006984
overall,Baseline,30,MAP_same_minus_opposite_cosine,926,-0.0067570855220158155
overall,Baseline,30,MAP_same_minus_opposite_cosine,967,0.03971069504817326
overall,Baseline,30,MAP_same_minus_opposite_cosine,992,0.02325776120026901
overall,Baseline,30,MAP_same_minus_opposite_cosine,1014,0.014967467884222652
overall,Baseline,30,MAP_same_minus_opposite_cosine,1092,-0.0024488995472590203
overall,Baseline,30,MAP_same_minus_opposite_cosine,1193,-0.004226625586549404
overall,Baseline,30,MAP_same_minus_opposite_cosine,1308,-0.011250103265047051
overall,Baseline,30,MAP_same_minus_opposite_cosine,1335,-0.007419030368328139
overall,Baseline,30,MAP_same_minus_opposite_cosine,1480,-0.04201482931772871
overall,Baseline,30,MAP_same_minus_opposite_cosine,1566,0.045769306520620945
overall,Baseline,30,MAP_same_minus_opposite_cosine,1636,0.040638835231463166
overall,Baseline,30,MAP_same_minus_opposite_cosine,1644,-0.07208215668797491
overall,Baseline,30,MAP_same_minus_opposite_cosine,1839,-0.05137548210720222
overall,Baseline,30,MAP_same_minus_opposite_cosine,1943,-0.06473609805107117
overall,Baseline,30,MAP_same_minus_opposite_cosine,2005,-0.019874925787250253
overall,Baseline,30,MAP_same_minus_opposite_cosine,2048,0.03823241293430324
overall,Baseline,30,MAP_same_minus_opposite_cosine,2173,-0.029652475317319182
overall,Baseline,30,MAP_same_minus_opposite_cosine,2263,-0.0032258381446202966
overall,Baseline,30,MAP_same_minus_opposite_cosine,2303,-0.05314415966471042
overall,Baseline,30,MAP_same_minus_opposite_cosine,2308,-0.13087938427925117
overall,Baseline,30,MAP_same_minus_opposite_cosine,2347,-0.045805164612829685
overall,Baseline,30,MAP_same_minus_opposite_cosine,2361,-0.0030509278178214583
overall,Baseline,30,MAP_same_minus_opposite_cosine,2567,0.03715210246543088
overall,Baseline,30,MAP_same_minus_opposite_cosine,2900,0.04969457735617955
overall,Baseline,30,MAP_same_minus_opposite_cosine,2943,0.018134716649850224
overall,Baseline,30,MAP_same_minus_opposite_cosine,2946,0.09350953263541062
overall,Baseline,30,MAP_same_minus_opposite_cosine,2988,0.00785543223222096
overall,Baseline,30,MAP_same_minus_opposite_cosine,3261,0.007896532863378547
overall,Baseline,30,MAP_same_minus_opposite_cosine,3354,8.374477426209559e-05
overall,Baseline,30,MAP_same_minus_opposite_cosine,3387,-0.030240011215209917
overall,Baseline,30,MAP_same_minus_opposite_cosine,3485,-0.023421608408292105
overall,Baseline,30,MAP_same_minus_opposite_cosine,3525,-0.03432195484638212
overall,Baseline,30,MAP_same_minus_opposite_cosine,3569,0.05023026174555223
overall,Baseline,30,MAP_same_minus_opposite_cosine,3593,0.04106223409374554
overall,Baseline,30,MAP_same_minus_opposite_cosine,3613,-4.320542017621776e-05
overall,Baseline,30,MAP_same_minus_opposite_cosine,3764,0.04000995953877762
overall,Baseline,30,MAP_same_minus_opposite_cosine,3768,-0.017213919758796714
overall,Baseline,30,MAP_same_minus_opposite_cosine,3852,-0.02962852021058404
overall,Baseline,30,MAP_same_minus_opposite_cosine,3967,0.03702698151270545
overall,Baseline,30,MAP_same_minus_opposite_cosine,3976,0.05465496654311819
overall,Baseline,30,MAP_same_minus_opposite_cosine,3978,-0.05068623547752693
overall,Baseline,30,MAP_same_minus_opposite_cosine,3985,-0.02171169916788729
overall,Baseline,30,MAP_same_minus_opposite_cosine,4016,-0.024674776196479842
overall,Baseline,30,MAP_same_minus_opposite_cosine,4080,-0.0021495292584100545
overall,Baseline,30,MAP_same_minus_opposite_cosine,4293,-0.010374479492505473
overall,Baseline,30,MAP_same_minus_opposite_cosine,4312,0.0395871112744014
overall,Baseline,30,MAP_same_minus_opposite_cosine,4529,0.07062902351220446
overall,Baseline,30,MAP_same_minus_opposite_cosine,4540,-0.04985294143358865
overall,Baseline,30,MAP_same_minus_opposite_cosine,4638,0.00586216946442919
overall,Baseline,30,MAP_same_minus_opposite_cosine,4686,-0.012692293524742104
overall,Baseline,30,MAP_same_minus_opposite_cosine,4821,-0.07134953116377196
overall,Baseline,30,MAP_same_minus_opposite_cosine,4865,-0.08049391806125639
overall,Baseline,30,MAP_same_minus_opposite_cosine,4944,0.03665317843357718
overall,Baseline,30,MAP_same_minus_opposite_cosine,5309,0.019406586388746816
overall,Baseline,30,MAP_same_minus_opposite_cosine,5377,-0.0027147501707076582
overall,Baseline,30,MAP_same_minus_opposite_cosine,5410,0.01603856732447939
overall,Baseline,30,MAP_same_minus_opposite_cosine,5454,-0.05035443330804512
overall,Baseline,30,MAP_same_minus_opposite_cosine,5516,0.06808024197816853
overall,Baseline,30,MAP_same_minus_opposite_cosine,5600,-0.056577954813838094
overall,Baseline,30,MAP_same_minus_opposite_cosine,5778,0.023535685489574965
overall,Baseline,30,MAP_same_minus_opposite_cosine,5826,-0.0017510756850241949
overall,Baseline,30,MAP_same_minus_opposite_cosine,5961,-0.05461816303431988
overall,Baseline,30,MAP_same_minus_opposite_cosine,5989,0.056821957478920604
overall,Baseline,30,MAP_same_minus_opposite_cosine,6025,-0.026416598757108
overall,Baseline,30,triplet_accuracy,323,0.43333333333333335
overall,Baseline,30,triplet_accuracy,348,0.55
overall,Baseline,30,triplet_accuracy,391,0.5
overall,Baseline,30,triplet_accuracy,683,0.4666666666666667
overall,Baseline,30,triplet_accuracy,747,0.5
overall,Baseline,30,triplet_accuracy,750,0.6
overall,Baseline,30,triplet_accuracy,758,0.5833333333333334
overall,Baseline,30,triplet_accuracy,843,0.4166666666666667
overall,Baseline,30,triplet_accuracy,967,0.4
overall,Baseline,30,triplet_accuracy,1014,0.5833333333333334
overall,Baseline,30,triplet_accuracy,1092,0.48333333333333334
overall,Baseline,30,triplet_accuracy,1193,0.5166666666666667
overall,Baseline,30,triplet_accuracy,1335,0.5833333333333334
overall,Baseline,30,triplet_accuracy,1480,0.6
overall,Baseline,30,triplet_accuracy,1566,0.48333333333333334
overall,Baseline,30,triplet_accuracy,1839,0.48333333333333334
overall,Baseline,30,triplet_accuracy,1943,0.5333333333333333
overall,Baseline,30,triplet_accuracy,2005,0.6166666666666667
overall,Baseline,30,triplet_accuracy,2048,0.5666666666666667
overall,Baseline,30,triplet_accuracy,2173,0.36666666666666664
overall,Baseline,30,triplet_accuracy,2263,0.55
overall,Baseline,30,triplet_accuracy,2303,0.55
overall,Baseline,30,triplet_accuracy,2308,0.5833333333333334
overall,Baseline,30,triplet_accuracy,2347,0.5333333333333333
overall,Baseline,30,triplet_accuracy,2361,0.45
overall,Baseline,30,triplet_accuracy,2567,0.5833333333333334
overall,Baseline,30,triplet_accuracy,2943,0.5166666666666667
overall,Baseline,30,triplet_accuracy,2988,0.45
overall,Baseline,30,triplet_accuracy,3261,0.5333333333333333
overall,Baseline,30,triplet_accuracy,3354,0.45
overall,Baseline,30,triplet_accuracy,3525,0.5666666666666667
overall,Baseline,30,triplet_accuracy,3569,0.45
overall,Baseline,30,triplet_accuracy,3593,0.45
overall,Baseline,30,triplet_accuracy,3768,0.5
overall,Baseline,30,triplet_accuracy,3852,0.5166666666666667
overall,Baseline,30,triplet_accuracy,3967,0.5166666666666667
overall,Baseline,30,triplet_accuracy,3978,0.5333333333333333
overall,Baseline,30,triplet_accuracy,3985,0.4666666666666667
overall,Baseline,30,triplet_accuracy,4016,0.5166666666666667
overall,Baseline,30,triplet_accuracy,4293,0.43333333333333335
overall,Baseline,30,triplet_accuracy,4312,0.5166666666666667
overall,Baseline,30,triplet_accuracy,4529,0.4666666666666667
overall,Baseline,30,triplet_accuracy,4540,0.5166666666666667
overall,Baseline,30,triplet_accuracy,4686,0.5666666666666667
overall,Baseline,30,triplet_accuracy,4821,0.4666666666666667
overall,Baseline,30,triplet_accuracy,4865,0.6333333333333333
overall,Baseline,30,triplet_accuracy,4944,0.45
overall,Baseline,30,triplet_accuracy,5309,0.5333333333333333
overall,Baseline,30,triplet_accuracy,5377,0.5666666666666667
overall,Baseline,30,triplet_accuracy,5410,0.5166666666666667
overall,Baseline,30,triplet_accuracy,5454,0.55
overall,Baseline,30,triplet_accuracy,5516,0.5333333333333333
overall,Baseline,30,triplet_accuracy,5600,0.5166666666666667
overall,Baseline,30,triplet_accuracy,5778,0.5
overall,Baseline,30,triplet_accuracy,5989,0.5833333333333334
overall,Baseline,30,triplet_accuracy,6025,0.5
overall,Baseline,60,BIS_same_minus_opposite_cosine,105,-0.0302257988315362
overall,Baseline,60,BIS_same_minus_opposite_cosine,323,0.007417986474253957
overall,Baseline,60,BIS_same_minus_opposite_cosine,348,-0.009543293466170666
overall,Baseline,60,BIS_same_minus_opposite_cosine,391,-0.03374716119888499
overall,Baseline,60,BIS_same_minus_opposite_cosine,683,0.06754699467370906
overall,Baseline,60,BIS_same_minus_opposite_cosine,747,0.001609140687755084
overall,Baseline,60,BIS_same_minus_opposite_cosine,750,-0.0252039921780427
overall,Baseline,60,BIS_same_minus_opposite_cosine,758,0.07932778139045271
overall,Baseline,60,BIS_same_minus_opposite_cosine,843,0.08584761591184709
overall,Baseline,60,BIS_same_minus_opposite_cosine,877,0.006930326918760943
overall,Baseline,60,BIS_same_minus_opposite_cosine,926,-0.004281172501868102
overall,Baseline,60,BIS_same_minus_opposite_cosine,967,0.011249527961447514
overall,Baseline,60,BIS_same_minus_opposite_cosine,992,0.052242809136708646
overall,Baseline,60,BIS_same_minus_opposite_cosine,1014,-0.004381582554843666
overall,Baseline,60,BIS_same_minus_opposite_cosine,1092,0.01411641890352422
overall,Baseline,60,BIS_same_minus_opposite_cosine,1193,0.082361031199495
overall,Baseline,60,BIS_same_minus_opposite_cosine,1308,-0.021178014882099916
overall,Baseline,60,BIS_same_minus_opposite_cosine,1335,0.03817239511704107
overall,Baseline,60,BIS_same_minus_opposite_cosine,1480,0.09108171364211515
overall,Baseline,60,BIS_same_minus_opposite_cosine,1566,-0.0427181918863897
overall,Baseline,60,BIS_same_minus_opposite_cosine,1636,-1.1108401748449737e-06
overall,Baseline,60,BIS_same_minus_opposite_cosine,1644,0.03192512359884048
overall,Baseline,60,BIS_same_minus_opposite_cosine,1839,-0.036753671074455485
overall,Baseline,60,BIS_same_minus_opposite_cosine,1943,0.08154150322079667
overall,Baseline,60,BIS_same_minus_opposite_cosine,2005,0.05625494424667621
overall,Baseline,60,BIS_same_minus_opposite_cosine,2048,-0.015308841442068344
overall,Baseline,60,BIS_same_minus_opposite_cosine,2173,0.008991968805591277
overall,Baseline,60,BIS_same_minus_opposite_cosine,2263,0.029285696916507953
overall,Baseline,60,BIS_same_minus_opposite_cosine,2303,0.0017255087141637704
overall,Baseline,60,BIS_same_minus_opposite_cosine,2308,-0.07076433077454569
overall,Baseline,60,BIS_same_minus_opposite_cosine,2347,-0.04533379224163525
overall,Baseline,60,BIS_same_minus_opposite_cosine,2361,-0.03126821760778076
overall,Baseline,60,BIS_same_minus_opposite_cosine,2567,0.012230448023630935
overall,Baseline,60,BIS_same_minus_opposite_cosine,2900,0.014253227638475807
overall,Baseline,60,BIS_same_minus_opposite_cosine,2943,0.008606418470541666
overall,Baseline,60,BIS_same_minus_opposite_cosine,2946,-0.015174464186032632
overall,Baseline,60,BIS_same_minus_opposite_cosine,2988,-0.03043266737035344
overall,Baseline,60,BIS_same_minus_opposite_cosine,3261,0.039589958003273806
overall,Baseline,60,BIS_same_minus_opposite_cosine,3354,0.012210410557411344
overall,Baseline,60,BIS_same_minus_opposite_cosine,3387,0.0006885457219499846
overall,Baseline,60,BIS_same_minus_opposite_cosine,3485,-0.045483780433149934
overall,Baseline,60,BIS_same_minus_opposite_cosine,3525,0.035180533407391024
overall,Baseline,60,BIS_same_minus_opposite_cosine,3569,-0.05469500869512556
overall,Baseline,60,BIS_same_minus_opposite_cosine,3593,-0.013912834102908778
overall,Baseline,60,BIS_same_minus_opposite_cosine,3613,-0.005926733712355303
overall,Baseline,60,BIS_same_minus_opposite_cosine,3764,-0.010056744019190544
overall,Baseline,60,BIS_same_minus_opposite_cosine,3768,0.06531052251656855
overall,Baseline,60,BIS_same_minus_opposite_cosine,3852,0.07246844902252536
overall,Baseline,60,BIS_same_minus_opposite_cosine,3967,0.030058767225431438
overall,Baseline,60,BIS_same_minus_opposite_cosine,3976,0.017326083580652907
overall,Baseline,60,BIS_same_minus_opposite_cosine,3978,0.009827211995919627
overall,Baseline,60,BIS_same_minus_opposite_cosine,3985,0.02791301349798847
overall,Baseline,60,BIS_same_minus_opposite_cosine,4016,-0.08871859821180506
overall,Baseline,60,BIS_same_minus_opposite_cosine,4080,-0.042484669387340634
overall,Baseline,60,BIS_same_minus_opposite_cosine,4293,0.013739051284461179
overall,Baseline,60,BIS_same_minus_opposite_cosine,4312,0.04513013952722156
overall,Baseline,60,BIS_same_minus_opposite_cosine,4529,0.06378117719521892
overall,Baseline,60,BIS_same_minus_opposite_cosine,4540,-0.010523461989867422
overall,Baseline,60,BIS_same_minus_opposite_cosine,4638,0.015056714514891323
overall,Baseline,60,BIS_same_minus_opposite_cosine,4686,-0.007349271652026035
overall,Baseline,60,BIS_same_minus_opposite_cosine,4821,0.050419796630740144
overall,Baseline,60,BIS_same_minus_opposite_cosine,4865,-0.03941071952382724
overall,Baseline,60,BIS_same_minus_opposite_cosine,4944,0.0028783202792207474
overall,Baseline,60,BIS_same_minus_opposite_cosine,5309,0.035309240884251136
overall,Baseline,60,BIS_same_minus_opposite_cosine,5377,-0.014097415010134395
overall,Baseline,60,BIS_same_minus_opposite_cosine,5410,0.051621739069620864
overall,Baseline,60,BIS_same_minus_opposite_cosine,5454,0.009735912199203778
overall,Baseline,60,BIS_same_minus_opposite_cosine,5516,0.030817395834059513
overall,Baseline,60,BIS_same_minus_opposite_cosine,5600,-0.016259520536377248
overall,Baseline,60,BIS_same_minus_opposite_cosine,5778,-0.041062366917277826
overall,Baseline,60,BIS_same_minus_opposite_cosine,5826,0.016519327958424923
overall,Baseline,60,BIS_same_minus_opposite_cosine,5961,0.04927198561755086
overall,Baseline,60,BIS_same_minus_opposite_cosine,5989,0.11929310926276704
overall,Baseline,60,BIS_same_minus_opposite_cosine,6025,0.08139227474729227
overall,Baseline,60,MAP_same_minus_opposite_cosine,105,-0.02683323373397195
overall,Baseline,60,MAP_same_minus_opposite_cosine,323,0.03558112283547721
overall,Baseline,60,MAP_same_minus_opposite_cosine,348,0.020730343461036638
overall,Baseline,60,MAP_same_minus_opposite_cosine,391,0.009663242846727371
overall,Baseline,60,MAP_same_minus_opposite_cosine,683,0.01160126328468325
overall,Baseline,60,MAP_same_minus_opposite_cosine,747,0.038060886412858874
overall,Baseline,60,MAP_same_minus_opposite_cosine,750,-0.01187775929768875
overall,Baseline,60,MAP_same_minus_opposite_cosine,758,0.04809614792466166
overall,Baseline,60,MAP_same_minus_opposite_cosine,843,0.0069436897834141975
overall,Baseline,60,MAP_same_minus_opposite_cosine,877,0.011757549643516607
overall,Baseline,60,MAP_same_minus_opposite_cosine,926,0.009089260300000457
overall,Baseline,60,MAP_same_minus_opposite_cosine,967,-0.03182536897559962
overall,Baseline,60,MAP_same_minus_opposite_cosine,992,0.03163503209749863
overall,Baseline,60,MAP_same_minus_opposite_cosine,1014,-0.01345075070858004
overall,Baseline,60,MAP_same_minus_opposite_cosine,1092,-0.0623091459274292
overall,Baseline,60,MAP_same_minus_opposite_cosine,1193,-0.07056408760448296
overall,Baseline,60,MAP_same_minus_opposite_cosine,1308,0.0345453093449275
overall,Baseline,60,MAP_same_minus_opposite_cosine,1335,0.032708387573560094
overall,Baseline,60,MAP_same_minus_opposite_cosine,1480,-0.05031052082777021
overall,Baseline,60,MAP_same_minus_opposite_cosine,1566,-0.021771945556004813
overall,Baseline,60,MAP_same_minus_opposite_cosine,1636,-0.014712231978774026
overall,Baseline,60,MAP_same_minus_opposite_cosine,1644,-0.0008802873392900201
overall,Baseline,60,MAP_same_minus_opposite_cosine,1839,-0.02056117591758566
overall,Baseline,60,MAP_same_minus_opposite_cosine,1943,0.021242476999759674
overall,Baseline,60,MAP_same_minus_opposite_cosine,2005,-0.03769043746093914
overall,Baseline,60,MAP_same_minus_opposite_cosine,2048,-0.013388352841138818
overall,Baseline,60,MAP_same_minus_opposite_cosine,2173,0.0710574967165788
overall,Baseline,60,MAP_same_minus_opposite_cosine,2263,0.028536339600880867
overall,Baseline,60,MAP_same_minus_opposite_cosine,2303,-0.01009764571984606
overall,Baseline,60,MAP_same_minus_opposite_cosine,2308,-0.07235271086295447
overall,Baseline,60,MAP_same_minus_opposite_cosine,2347,0.060411097606023256
overall,Baseline,60,MAP_same_minus_opposite_cosine,2361,0.046300491193930204
overall,Baseline,60,MAP_same_minus_opposite_cosine,2567,-0.03969165310263634
overall,Baseline,60,MAP_same_minus_opposite_cosine,2900,-0.0557422220706939
overall,Baseline,60,MAP_same_minus_opposite_cosine,2943,0.0027008513609567686
overall,Baseline,60,MAP_same_minus_opposite_cosine,2946,-0.002777696649233552
overall,Baseline,60,MAP_same_minus_opposite_cosine,2988,0.03163178215424223
overall,Baseline,60,MAP_same_minus_opposite_cosine,3261,0.025773402551809932
overall,Baseline,60,MAP_same_minus_opposite_cosine,3354,-0.01716108024120333
overall,Baseline,60,MAP_same_minus_opposite_cosine,3387,0.026500235001246097
overall,Baseline,60,MAP_same_minus_opposite_cosine,3485,0.008462584329148148
overall,Baseline,60,MAP_same_minus_opposite_cosine,3525,0.036076347281535526
overall,Baseline,60,MAP_same_minus_opposite_cosine,3569,0.037829413016637226
overall,Baseline,60,MAP_same_minus_opposite_cosine,3593,-0.056635395189126414
overall,Baseline,60,MAP_same_minus_opposite_cosine,3613,-0.009540716310342257
overall,Baseline,60,MAP_same_minus_opposite_cosine,3764,0.07379990071058273
overall,Baseline,60,MAP_same_minus_opposite_cosine,3768,0.013967839876810717
overall,Baseline,60,MAP_same_minus_opposite_cosine,3852,-0.02204661766688032
overall,Baseline,60,MAP_same_minus_opposite_cosine,3967,0.033784541984399175
overall,Baseline,60,MAP_same_minus_opposite_cosine,3976,-0.029399116585651974
overall,Baseline,60,MAP_same_minus_opposite_cosine,3978,-0.04454136341810233
overall,Baseline,60,MAP_same_minus_opposite_cosine,3985,0.0192293306191762
overall,Baseline,60,MAP_same_minus_opposite_cosine,4016,-0.0702672347426414
overall,Baseline,60,MAP_same_minus_opposite_cosine,4080,0.042633210619290596
overall,Baseline,60,MAP_same_minus_opposite_cosine,4293,-0.02019508481025689
overall,Baseline,60,MAP_same_minus_opposite_cosine,4312,-0.005919186274210619
overall,Baseline,60,MAP_same_minus_opposite_cosine,4529,-0.009011386334896065
overall,Baseline,60,MAP_same_minus_opposite_cosine,4540,0.002446291844050097
overall,Baseline,60,MAP_same_minus_opposite_cosine,4638,-0.07245456427335739
overall,Baseline,60,MAP_same_minus_opposite_cosine,4686,-0.049650947252909416
overall,Baseline,60,MAP_same_minus_opposite_cosine,4821,0.020989682277043675
overall,Baseline,60,MAP_same_minus_opposite_cosine,4865,0.023957080642382333
overall,Baseline,60,MAP_same_minus_opposite_cosine,4944,0.06798222710688906
overall,Baseline,60,MAP_same_minus_opposite_cosine,5309,-0.007892045378685042
overall,Baseline,60,MAP_same_minus_opposite_cosine,5377,0.012355715036392212
overall,Baseline,60,MAP_same_minus_opposite_cosine,5410,-0.030288390318552683
overall,Baseline,60,MAP_same_minus_opposite_cosine,5454,-0.023225535949071174
overall,Baseline,60,MAP_same_minus_opposite_cosine,5516,-0.006302178899447175
overall,Baseline,60,MAP_same_minus_opposite_cosine,5600,0.02842806776364648
overall,Baseline,60,MAP_same_minus_opposite_cosine,5778,-0.0036877820889155144
overall,Baseline,60,MAP_same_minus_opposite_cosine,5826,0.008811404307683346
overall,Baseline,60,MAP_same_minus_opposite_cosine,5961,0.03825363789995517
overall,Baseline,60,MAP_same_minus_opposite_cosine,5989,-0.00644582659006121
overall,Baseline,60,MAP_same_minus_opposite_cosine,6025,-0.0036505982279777527
overall,Baseline,60,triplet_accuracy,323,0.5
overall,Baseline,60,triplet_accuracy,348,0.7166666666666667
overall,Baseline,60,triplet_accuracy,391,0.5666666666666667
overall,Baseline,60,triplet_accuracy,683,0.5
overall,Baseline,60,triplet_accuracy,747,0.6166666666666667
overall,Baseline,60,triplet_accuracy,750,0.5333333333333333
overall,Baseline,60,triplet_accuracy,758,0.5
overall,Baseline,60,triplet_accuracy,843,0.4666666666666667
overall,Baseline,60,triplet_accuracy,967,0.48333333333333334
overall,Baseline,60,triplet_accuracy,1014,0.5666666666666667
overall,Baseline,60,triplet_accuracy,1092,0.48333333333333334
overall,Baseline,60,triplet_accuracy,1193,0.5833333333333334
overall,Baseline,60,triplet_accuracy,1335,0.55
overall,Baseline,60,triplet_accuracy,1480,0.5333333333333333
overall,Baseline,60,triplet_accuracy,1566,0.5
overall,Baseline,60,triplet_accuracy,1839,0.5166666666666667
overall,Baseline,60,triplet_accuracy,1943,0.45
overall,Baseline,60,triplet_accuracy,2005,0.45
overall,Baseline,60,triplet_accuracy,2048,0.48333333333333334
overall,Baseline,60,triplet_accuracy,2173,0.6
overall,Baseline,60,triplet_accuracy,2263,0.5
overall,Baseline,60,triplet_accuracy,2303,0.55
overall,Baseline,60,triplet_accuracy,2308,0.5833333333333334
overall,Baseline,60,triplet_accuracy,2347,0.48333333333333334
overall,Baseline,60,triplet_accuracy,2361,0.5
overall,Baseline,60,triplet_accuracy,2567,0.45
overall,Baseline,60,triplet_accuracy,2943,0.6166666666666667
overall,Baseline,60,triplet_accuracy,2988,0.5333333333333333
overall,Baseline,60,triplet_accuracy,3261,0.6
overall,Baseline,60,triplet_accuracy,3354,0.5166666666666667
overall,Baseline,60,triplet_accuracy,3525,0.36666666666666664
overall,Baseline,60,triplet_accuracy,3569,0.5333333333333333
overall,Baseline,60,triplet_accuracy,3593,0.5333333333333333
overall,Baseline,60,triplet_accuracy,3768,0.5
overall,Baseline,60,triplet_accuracy,3852,0.5
overall,Baseline,60,triplet_accuracy,3967,0.5333333333333333
overall,Baseline,60,triplet_accuracy,3978,0.5333333333333333
overall,Baseline,60,triplet_accuracy,3985,0.5
overall,Baseline,60,triplet_accuracy,4016,0.5833333333333334
overall,Baseline,60,triplet_accuracy,4293,0.5
overall,Baseline,60,triplet_accuracy,4312,0.6666666666666666
overall,Baseline,60,triplet_accuracy,4529,0.5666666666666667
overall,Baseline,60,triplet_accuracy,4540,0.5666666666666667
overall,Baseline,60,triplet_accuracy,4686,0.55
overall,Baseline,60,triplet_accuracy,4821,0.5166666666666667
overall,Baseline,60,triplet_accuracy,4865,0.4666666666666667
overall,Baseline,60,triplet_accuracy,4944,0.4666666666666667
overall,Baseline,60,triplet_accuracy,5309,0.5333333333333333
overall,Baseline,60,triplet_accuracy,5377,0.5333333333333333
overall,Baseline,60,triplet_accuracy,5410,0.43333333333333335
overall,Baseline,60,triplet_accuracy,5454,0.55
overall,Baseline,60,triplet_accuracy,5516,0.45
overall,Baseline,60,triplet_accuracy,5600,0.48333333333333334
overall,Baseline,60,triplet_accuracy,5778,0.4666666666666667
overall,Baseline,60,triplet_accuracy,5989,0.5666666666666667
overall,Baseline,60,triplet_accuracy,6025,0.43333333333333335
overall,Baseline,180,BIS_same_minus_opposite_cosine,105,0.04810231434447432
overall,Baseline,180,BIS_same_minus_opposite_cosine,323,0.06781690132159446
overall,Baseline,180,BIS_same_minus_opposite_cosine,348,-0.027814580996831317
overall,Baseline,180,BIS_same_minus_opposite_cosine,391,0.01291596670945483
overall,Baseline,180,BIS_same_minus_opposite_cosine,683,0.04920109814327012
overall,Baseline,180,BIS_same_minus_opposite_cosine,747,0.0008278673825165006
overall,Baseline,180,BIS_same_minus_opposite_cosine,750,0.009913915395736717
overall,Baseline,180,BIS_same_minus_opposite_cosine,758,-0.06876888370978218
overall,Baseline,180,BIS_same_minus_opposite_cosine,843,0.011193873816066291
overall,Baseline,180,BIS_same_minus_opposite_cosine,877,0.05508956267283516
overall,Baseline,180,BIS_same_minus_opposite_cosine,926,0.08305147018121639
overall,Baseline,180,BIS_same_minus_opposite_cosine,967,-0.07091080216424805
overall,Baseline,180,BIS_same_minus_opposite_cosine,992,-0.004036523472695119
overall,Baseline,180,BIS_same_minus_opposite_cosine,1014,-0.06369701101296188
overall,Baseline,180,BIS_same_minus_opposite_cosine,1092,0.035832028587659215
overall,Baseline,180,BIS_same_minus_opposite_cosine,1193,0.0718286150541062
overall,Baseline,180,BIS_same_minus_opposite_cosine,1308,0.0524397185555211
overall,Baseline,180,BIS_same_minus_opposite_cosine,1335,0.0028265439547024984
overall,Baseline,180,BIS_same_minus_opposite_cosine,1480,0.05369305988152817
overall,Baseline,180,BIS_same_minus_opposite_cosine,1566,0.021771192266827555
overall,Baseline,180,BIS_same_minus_opposite_cosine,1636,0.11420494591196384
overall,Baseline,180,BIS_same_minus_opposite_cosine,1644,0.07544828959000416
overall,Baseline,180,BIS_same_minus_opposite_cosine,1839,-0.033879083726141124
overall,Baseline,180,BIS_same_minus_opposite_cosine,1943,0.060377079372604725
overall,Baseline,180,BIS_same_minus_opposite_cosine,2005,0.03657756189505257
overall,Baseline,180,BIS_same_minus_opposite_cosine,2048,0.014387724732143226
overall,Baseline,180,BIS_same_minus_opposite_cosine,2173,0.02330437103907268
overall,Baseline,180,BIS_same_minus_opposite_cosine,2263,0.1008824145793914
overall,Baseline,180,BIS_same_minus_opposite_cosine,2303,0.0848210357129574
overall,Baseline,180,BIS_same_minus_opposite_cosine,2308,0.024498270732769112
overall,Baseline,180,BIS_same_minus_opposite_cosine,2347,0.0595008399751451
overall,Baseline,180,BIS_same_minus_opposite_cosine,2361,0.0011585180576031417
overall,Baseline,180,BIS_same_minus_opposite_cosine,2567,-0.06483689807355408
overall,Baseline,180,BIS_same_minus_opposite_cosine,2900,0.007738073972555326
overall,Baseline,180,BIS_same_minus_opposite_cosine,2943,0.0273354664660882
overall,Baseline,180,BIS_same_minus_opposite_cosine,2946,0.031684919397036215
overall,Baseline,180,BIS_same_minus_opposite_cosine,2988,0.027541947254428156
overall,Baseline,180,BIS_same_minus_opposite_cosine,3261,-0.04844328860441849
overall,Baseline,180,BIS_same_minus_opposite_cosine,3354,0.04527758086721101
overall,Baseline,180,BIS_same_minus_opposite_cosine,3387,0.1251661275823911
overall,Baseline,180,BIS_same_minus_opposite_cosine,3485,0.000880269447098625
overall,Baseline,180,BIS_same_minus_opposite_cosine,3525,0.11397315490025062
overall,Baseline,180,BIS_same_minus_opposite_cosine,3569,-0.05481888617981567
overall,Baseline,180,BIS_same_minus_opposite_cosine,3593,0.007803080727656675
overall,Baseline,180,BIS_same_minus_opposite_cosine,3613,0.03330012525503456
overall,Baseline,180,BIS_same_minus_opposite_cosine,3764,0.014942706340835277
overall,Baseline,180,BIS_same_minus_opposite_cosine,3768,0.07123459367840379
overall,Baseline,180,BIS_same_minus_opposite_cosine,3852,0.009470662856713385
overall,Baseline,180,BIS_same_minus_opposite_cosine,3967,-0.03172663520926089
overall,Baseline,180,BIS_same_minus_opposite_cosine,3976,-0.012538439973636906
overall,Baseline,180,BIS_same_minus_opposite_cosine,3978,0.024285346269607544
overall,Baseline,180,BIS_same_minus_opposite_cosine,3985,0.03765946452816327
overall,Baseline,180,BIS_same_minus_opposite_cosine,4016,0.04430702584130419
overall,Baseline,180,BIS_same_minus_opposite_cosine,4080,-0.029333325227101636
overall,Baseline,180,BIS_same_minus_opposite_cosine,4293,0.02979025046030681
overall,Baseline,180,BIS_same_minus_opposite_cosine,4312,0.015304634968439701
overall,Baseline,180,BIS_same_minus_opposite_cosine,4529,0.022805688557801407
overall,Baseline,180,BIS_same_minus_opposite_cosine,4540,0.02957367393555066
overall,Baseline,180,BIS_same_minus_opposite_cosine,4638,0.060357299092270056
overall,Baseline,180,BIS_same_minus_opposite_cosine,4686,0.009387065966923958
overall,Baseline,180,BIS_same_minus_opposite_cosine,4821,0.01745537181074419
overall,Baseline,180,BIS_same_minus_opposite_cosine,4865,-0.028838638105878167
overall,Baseline,180,BIS_same_minus_opposite_cosine,4944,0.08845578067832516
overall,Baseline,180,BIS_same_minus_opposite_cosine,5309,0.019438177772930665
overall,Baseline,180,BIS_same_minus_opposite_cosine,5377,-0.011363206472661758
overall,Baseline,180,BIS_same_minus_opposite_cosine,5410,-0.05132906547948435
overall,Baseline,180,BIS_same_minus_opposite_cosine,5454,-0.05197936862707131
overall,Baseline,180,BIS_same_minus_opposite_cosine,5516,0.06831537907322249
overall,Baseline,180,BIS_same_minus_opposite_cosine,5600,-0.043180500467618343
overall,Baseline,180,BIS_same_minus_opposite_cosine,5778,0.036500242551167794
overall,Baseline,180,BIS_same_minus_opposite_cosine,5826,8.048690282380644e-05
overall,Baseline,180,BIS_same_minus_opposite_cosine,5961,0.03255198216065758
overall,Baseline,180,BIS_same_minus_opposite_cosine,5989,0.020365441817304375
overall,Baseline,180,BIS_same_minus_opposite_cosine,6025,0.00538366794586187
overall,Baseline,180,MAP_same_minus_opposite_cosine,105,-0.03163317712368785
overall,Baseline,180,MAP_same_minus_opposite_cosine,323,0.028202401533506838
overall,Baseline,180,MAP_same_minus_opposite_cosine,348,-0.023752764860789033
overall,Baseline,180,MAP_same_minus_opposite_cosine,391,0.014834844470024144
overall,Baseline,180,MAP_same_minus_opposite_cosine,683,0.09214813348607742
overall,Baseline,180,MAP_same_minus_opposite_cosine,747,-0.03628267625967663
overall,Baseline,180,MAP_same_minus_opposite_cosine,750,0.038890772174905885
overall,Baseline,180,MAP_same_minus_opposite_cosine,758,0.02700924826165041
overall,Baseline,180,MAP_same_minus_opposite_cosine,843,0.027074353159337816
overall,Baseline,180,MAP_same_minus_opposite_cosine,877,-0.023309961387089295
overall,Baseline,180,MAP_same_minus_opposite_cosine,926,-0.0015441932913029532
overall,Baseline,180,MAP_same_minus_opposite_cosine,967,0.0631098821759224
overall,Baseline,180,MAP_same_minus_opposite_cosine,992,0.015195250262816762
overall,Baseline,180,MAP_same_minus_opposite_cosine,1014,0.01403469649644995
overall,Baseline,180,MAP_same_minus_opposite_cosine,1092,0.0016677190860112656
overall,Baseline,180,MAP_same_minus_opposite_cosine,1193,0.017905935645103455
overall,Baseline,180,MAP_same_minus_opposite_cosine,1308,-0.06771892209847774
overall,Baseline,180,MAP_same_minus_opposite_cosine,1335,0.005214350331913309
overall,Baseline,180,MAP_same_minus_opposite_cosine,1480,-0.028112919380267498
overall,Baseline,180,MAP_same_minus_opposite_cosine,1566,0.05027789659798143
overall,Baseline,180,MAP_same_minus_opposite_cosine,1636,0.00019368912492478962
overall,Baseline,180,MAP_same_minus_opposite_cosine,1644,0.04279763566123118
overall,Baseline,180,MAP_same_minus_opposite_cosine,1839,-0.031176184813181518
overall,Baseline,180,MAP_same_minus_opposite_cosine,1943,-0.0027928456664085832
overall,Baseline,180,MAP_same_minus_opposite_cosine,2005,0.029989359776179003
overall,Baseline,180,MAP_same_minus_opposite_cosine,2048,-0.0032429497866403034
overall,Baseline,180,MAP_same_minus_opposite_cosine,2173,-0.005542271947249322
overall,Baseline,180,MAP_same_minus_opposite_cosine,2263,-0.012957979727914348
overall,Baseline,180,MAP_same_minus_opposite_cosine,2303,0.009307577212651519
overall,Baseline,180,MAP_same_minus_opposite_cosine,2308,-0.034289371470610286
overall,Baseline,180,MAP_same_minus_opposite_cosine,2347,0.06373902840026913
overall,Baseline,180,MAP_same_minus_opposite_cosine,2361,0.016308335959911324
overall,Baseline,180,MAP_same_minus_opposite_cosine,2567,0.01119112943609557
overall,Baseline,180,MAP_same_minus_opposite_cosine,2900,0.06888211333390437
overall,Baseline,180,MAP_same_minus_opposite_cosine,2943,0.03675896448966787
overall,Baseline,180,MAP_same_minus_opposite_cosine,2946,-0.014804281349535264
overall,Baseline,180,MAP_same_minus_opposite_cosine,2988,0.04094358077947635
overall,Baseline,180,MAP_same_minus_opposite_cosine,3261,0.027325835859491665
overall,Baseline,180,MAP_same_minus_opposite_cosine,3354,0.005109456410774871
overall,Baseline,180,MAP_same_minus_opposite_cosine,3387,-0.07232542798987451
overall,Baseline,180,MAP_same_minus_opposite_cosine,3485,0.0326462624801529
overall,Baseline,180,MAP_same_minus_opposite_cosine,3525,-0.03677178124586733
overall,Baseline,180,MAP_same_minus_opposite_cosine,3569,0.016929434488217043
overall,Baseline,180,MAP_same_minus_opposite_cosine,3593,0.04179465737607746
overall,Baseline,180,MAP_same_minus_opposite_cosine,3613,-0.061632800300916
overall,Baseline,180,MAP_same_minus_opposite_cosine,3764,-0.020981618872395247
overall,Baseline,180,MAP_same_minus_opposite_cosine,3768,-0.02732387845005302
overall,Baseline,180,MAP_same_minus_opposite_cosine,3852,0.03332486173202254
overall,Baseline,180,MAP_same_minus_opposite_cosine,3967,0.000532519435271217
overall,Baseline,180,MAP_same_minus_opposite_cosine,3976,-0.023593346079190503
overall,Baseline,180,MAP_same_minus_opposite_cosine,3978,0.037267627923385005
overall,Baseline,180,MAP_same_minus_opposite_cosine,3985,0.08771921560384222
overall,Baseline,180,MAP_same_minus_opposite_cosine,4016,0.043379026103293694
overall,Baseline,180,MAP_same_minus_opposite_cosine,4080,-0.04927788022018609
overall,Baseline,180,MAP_same_minus_opposite_cosine,4293,0.021353191799587723
overall,Baseline,180,MAP_same_minus_opposite_cosine,4312,0.04136230746905012
overall,Baseline,180,MAP_same_minus_opposite_cosine,4529,-0.0006205523014068959
overall,Baseline,180,MAP_same_minus_opposite_cosine,4540,0.0018988199256084748
overall,Baseline,180,MAP_same_minus_opposite_cosine,4638,0.003584356307983372
overall,Baseline,180,MAP_same_minus_opposite_cosine,4686,0.036410992454599445
overall,Baseline,180,MAP_same_minus_opposite_cosine,4821,-0.02782711635033286
overall,Baseline,180,MAP_same_minus_opposite_cosine,4865,0.02795918973592615
overall,Baseline,180,MAP_same_minus_opposite_cosine,4944,0.05849818456591216
overall,Baseline,180,MAP_same_minus_opposite_cosine,5309,-0.016182864056183743
overall,Baseline,180,MAP_same_minus_opposite_cosine,5377,-0.014606288274129242
overall,Baseline,180,MAP_same_minus_opposite_cosine,5410,-0.02790030042330427
overall,Baseline,180,MAP_same_minus_opposite_cosine,5454,-0.040022010427145815
overall,Baseline,180,MAP_same_minus_opposite_cosine,5516,0.011899317091419559
overall,Baseline,180,MAP_same_minus_opposite_cosine,5600,0.0012476004660129103
overall,Baseline,180,MAP_same_minus_opposite_cosine,5778,0.05791837287445867
overall,Baseline,180,MAP_same_minus_opposite_cosine,5826,-0.011155687343506582
overall,Baseline,180,MAP_same_minus_opposite_cosine,5961,-0.040466414931891626
overall,Baseline,180,MAP_same_minus_opposite_cosine,5989,0.0011176029163779688
overall,Baseline,180,MAP_same_minus_opposite_cosine,6025,-0.02440207520356552
overall,Baseline,180,triplet_accuracy,323,0.45
overall,Baseline,180,triplet_accuracy,348,0.5666666666666667
overall,Baseline,180,triplet_accuracy,391,0.45
overall,Baseline,180,triplet_accuracy,683,0.4166666666666667
overall,Baseline,180,triplet_accuracy,747,0.5833333333333334
overall,Baseline,180,triplet_accuracy,750,0.5333333333333333
overall,Baseline,180,triplet_accuracy,758,0.31666666666666665
overall,Baseline,180,triplet_accuracy,843,0.5333333333333333
overall,Baseline,180,triplet_accuracy,967,0.55
overall,Baseline,180,triplet_accuracy,1014,0.5666666666666667
overall,Baseline,180,triplet_accuracy,1092,0.5666666666666667
overall,Baseline,180,triplet_accuracy,1193,0.5
overall,Baseline,180,triplet_accuracy,1335,0.4666666666666667
overall,Baseline,180,triplet_accuracy,1480,0.5666666666666667
overall,Baseline,180,triplet_accuracy,1566,0.5
overall,Baseline,180,triplet_accuracy,1839,0.4666666666666667
overall,Baseline,180,triplet_accuracy,1943,0.5166666666666667
overall,Baseline,180,triplet_accuracy,2005,0.4166666666666667
overall,Baseline,180,triplet_accuracy,2048,0.5166666666666667
overall,Baseline,180,triplet_accuracy,2173,0.5166666666666667
overall,Baseline,180,triplet_accuracy,2263,0.5166666666666667
overall,Baseline,180,triplet_accuracy,2303,0.4666666666666667
overall,Baseline,180,triplet_accuracy,2308,0.4666666666666667
overall,Baseline,180,triplet_accuracy,2347,0.55
overall,Baseline,180,triplet_accuracy,2361,0.6333333333333333
overall,Baseline,180,triplet_accuracy,2567,0.5333333333333333
overall,Baseline,180,triplet_accuracy,2943,0.4166666666666667
overall,Baseline,180,triplet_accuracy,2988,0.6
overall,Baseline,180,triplet_accuracy,3261,0.48333333333333334
overall,Baseline,180,triplet_accuracy,3354,0.55
overall,Baseline,180,triplet_accuracy,3525,0.5
overall,Baseline,180,triplet_accuracy,3569,0.43333333333333335
overall,Baseline,180,triplet_accuracy,3593,0.5666666666666667
overall,Baseline,180,triplet_accuracy,3768,0.5166666666666667
overall,Baseline,180,triplet_accuracy,3852,0.5833333333333334
overall,Baseline,180,triplet_accuracy,3967,0.65
overall,Baseline,180,triplet_accuracy,3978,0.5166666666666667
overall,Baseline,180,triplet_accuracy,3985,0.5666666666666667
overall,Baseline,180,triplet_accuracy,4016,0.5166666666666667
overall,Baseline,180,triplet_accuracy,4293,0.5
overall,Baseline,180,triplet_accuracy,4312,0.5333333333333333
overall,Baseline,180,triplet_accuracy,4529,0.48333333333333334
overall,Baseline,180,triplet_accuracy,4540,0.7166666666666667
overall,Baseline,180,triplet_accuracy,4686,0.4666666666666667
overall,Baseline,180,triplet_accuracy,4821,0.48333333333333334
overall,Baseline,180,triplet_accuracy,4865,0.6
overall,Baseline,180,triplet_accuracy,4944,0.55
overall,Baseline,180,triplet_accuracy,5309,0.5833333333333334
overall,Baseline,180,triplet_accuracy,5377,0.55
overall,Baseline,180,triplet_accuracy,5410,0.5333333333333333
overall,Baseline,180,triplet_accuracy,5454,0.5833333333333334
overall,Baseline,180,triplet_accuracy,5516,0.55
overall,Baseline,180,triplet_accuracy,5600,0.48333333333333334
overall,Baseline,180,triplet_accuracy,5778,0.6333333333333333
overall,Baseline,180,triplet_accuracy,5989,0.43333333333333335
overall,Baseline,180,triplet_accuracy,6025,0.6333333333333333
stable_action_Q1,Baseline,180,BIS_same_minus_opposite_cosine,105,0.16368011491639273
stable_action_Q1,Baseline,180,BIS_same_minus_opposite_cosine,323,0.0967564657330513
stable_action_Q1,Baseline,180,BIS_same_minus_opposite_cosine,348,0.11489838858445489
stable_action_Q1,Baseline,180,BIS_same_minus_opposite_cosine,391,-0.042866451044877296
stable_action_Q1,Baseline,180,BIS_same_minus_opposite_cosine,683,-0.004127953449885036
stable_action_Q1,Baseline,180,BIS_same_minus_opposite_cosine,747,0.06961472580830252
stable_action_Q1,Baseline,180,BIS_same_minus_opposite_cosine,750,0.019507558218070487
stable_action_Q1,Baseline,180,BIS_same_minus_opposite_cosine,758,0.10609180894162928
stable_action_Q1,Baseline,180,BIS_same_minus_opposite_cosine,843,-0.006132716933886173
stable_action_Q1,Baseline,180,BIS_same_minus_opposite_cosine,877,0.01069195929801825
stable_action_Q1,Baseline,180,BIS_same_minus_opposite_cosine,926,0.05920584499835968
stable_action_Q1,Baseline,180,BIS_same_minus_opposite_cosine,967,0.09722290978287207
stable_action_Q1,Baseline,180,BIS_same_minus_opposite_cosine,992,-0.023353813272534052
stable_action_Q1,Baseline,180,BIS_same_minus_opposite_cosine,1014,0.03225533117850621
stable_action_Q1,Baseline,180,BIS_same_minus_opposite_cosine,1092,0.008546009208216798
stable_action_Q1,Baseline,180,BIS_same_minus_opposite_cosine,1193,0.051028363354918005
stable_action_Q1,Baseline,180,BIS_same_minus_opposite_cosine,1308,0.025720437367757087
stable_action_Q1,Baseline,180,BIS_same_minus_opposite_cosine,1335,0.0006790334979692725
stable_action_Q1,Baseline,180,BIS_same_minus_opposite_cosine,1480,-0.00861983497937524
stable_action_Q1,Baseline,180,BIS_same_minus_opposite_cosine,1566,-0.07233394806583726
stable_action_Q1,Baseline,180,BIS_same_minus_opposite_cosine,1636,0.1297655701637268
stable_action_Q1,Baseline,180,BIS_same_minus_opposite_cosine,1644,0.025900116698308384
stable_action_Q1,Baseline,180,BIS_same_minus_opposite_cosine,1839,0.0860121647516886
stable_action_Q1,Baseline,180,BIS_same_minus_opposite_cosine,1943,0.06221294211167272
stable_action_Q1,Baseline,180,BIS_same_minus_opposite_cosine,2005,0.06947141637404763
stable_action_Q1,Baseline,180,BIS_same_minus_opposite_cosine,2048,0.03771471778551738
stable_action_Q1,Baseline,180,BIS_same_minus_opposite_cosine,2173,0.14813590817379235
stable_action_Q1,Baseline,180,BIS_same_minus_opposite_cosine,2263,0.09218339590976632
stable_action_Q1,Baseline,180,BIS_same_minus_opposite_cosine,2303,-0.0002976196507612494
stable_action_Q1,Baseline,180,BIS_same_minus_opposite_cosine,2308,0.18174827595551812
stable_action_Q1,Baseline,180,BIS_same_minus_opposite_cosine,2347,0.09010975393984055
stable_action_Q1,Baseline,180,BIS_same_minus_opposite_cosine,2361,0.11836980717877543
stable_action_Q1,Baseline,180,BIS_same_minus_opposite_cosine,2567,0.12974091619253159
stable_action_Q1,Baseline,180,BIS_same_minus_opposite_cosine,2900,-0.06956625978151965
stable_action_Q1,Baseline,180,BIS_same_minus_opposite_cosine,2943,0.006891829272111294
stable_action_Q1,Baseline,180,BIS_same_minus_opposite_cosine,2946,-0.08231516430775321
stable_action_Q1,Baseline,180,BIS_same_minus_opposite_cosine,2988,0.09970352798700333
stable_action_Q1,Baseline,180,BIS_same_minus_opposite_cosine,3261,-0.12171239666640754
stable_action_Q1,Baseline,180,BIS_same_minus_opposite_cosine,3354,0.052848603689309326
stable_action_Q1,Baseline,180,BIS_same_minus_opposite_cosine,3387,-0.069042526682218
stable_action_Q1,Baseline,180,BIS_same_minus_opposite_cosine,3485,0.11906334712649835
stable_action_Q1,Baseline,180,BIS_same_minus_opposite_cosine,3525,0.09177306720188683
stable_action_Q1,Baseline,180,BIS_same_minus_opposite_cosine,3569,0.018961799641450172
stable_action_Q1,Baseline,180,BIS_same_minus_opposite_cosine,3593,0.09353996958169675
stable_action_Q1,Baseline,180,BIS_same_minus_opposite_cosine,3613,-0.04315946318886499
stable_action_Q1,Baseline,180,BIS_same_minus_opposite_cosine,3764,-0.27253379821777346
stable_action_Q1,Baseline,180,BIS_same_minus_opposite_cosine,3768,-0.02630220539867878
stable_action_Q1,Baseline,180,BIS_same_minus_opposite_cosine,3852,-0.02466440324982011
stable_action_Q1,Baseline,180,BIS_same_minus_opposite_cosine,3967,-0.013822432268749574
stable_action_Q1,Baseline,180,BIS_same_minus_opposite_cosine,3976,0.09942892555034522
stable_action_Q1,Baseline,180,BIS_same_minus_opposite_cosine,3978,-0.11236228297154105
stable_action_Q1,Baseline,180,BIS_same_minus_opposite_cosine,3985,0.09404054780801141
stable_action_Q1,Baseline,180,BIS_same_minus_opposite_cosine,4016,-0.015357393771409988
stable_action_Q1,Baseline,180,BIS_same_minus_opposite_cosine,4080,0.025124510580843196
stable_action_Q1,Baseline,180,BIS_same_minus_opposite_cosine,4293,0.03350686728954311
stable_action_Q1,Baseline,180,BIS_same_minus_opposite_cosine,4312,-0.019628558928767803
stable_action_Q1,Baseline,180,BIS_same_minus_opposite_cosine,4529,0.04553150633970904
stable_action_Q1,Baseline,180,BIS_same_minus_opposite_cosine,4540,-0.11580004874202943
stable_action_Q1,Baseline,180,BIS_same_minus_opposite_cosine,4638,-0.018276761968930577
stable_action_Q1,Baseline,180,BIS_same_minus_opposite_cosine,4686,0.05975096341636443
stable_action_Q1,Baseline,180,BIS_same_minus_opposite_cosine,4821,-0.040153729418913486
stable_action_Q1,Baseline,180,BIS_same_minus_opposite_cosine,4865,0.0652756464357177
stable_action_Q1,Baseline,180,BIS_same_minus_opposite_cosine,4944,-0.0031735897064208984
stable_action_Q1,Baseline,180,BIS_same_minus_opposite_cosine,5309,0.05424470620022881
stable_action_Q1,Baseline,180,BIS_same_minus_opposite_cosine,5377,0.19167237778504698
stable_action_Q1,Baseline,180,BIS_same_minus_opposite_cosine,5410,0.09852221608161926
stable_action_Q1,Baseline,180,BIS_same_minus_opposite_cosine,5454,0.14937976499398553
stable_action_Q1,Baseline,180,BIS_same_minus_opposite_cosine,5516,0.12827206199819396
stable_action_Q1,Baseline,180,BIS_same_minus_opposite_cosine,5600,0.2107930968205134
stable_action_Q1,Baseline,180,BIS_same_minus_opposite_cosine,5778,-0.019341830728632048
stable_action_Q1,Baseline,180,BIS_same_minus_opposite_cosine,5826,0.01803252349297202
stable_action_Q1,Baseline,180,BIS_same_minus_opposite_cosine,5961,-0.013624876088491
stable_action_Q1,Baseline,180,BIS_same_minus_opposite_cosine,5989,-0.08216664894963749
stable_action_Q1,Baseline,180,BIS_same_minus_opposite_cosine,6025,0.0541460319901958
stable_action_Q1,Baseline,180,MAP_same_minus_opposite_cosine,105,0.0595831573009491
stable_action_Q1,Baseline,180,MAP_same_minus_opposite_cosine,323,0.11902667250898147
stable_action_Q1,Baseline,180,MAP_same_minus_opposite_cosine,348,-0.15620727613568308
stable_action_Q1,Baseline,180,MAP_same_minus_opposite_cosine,391,0.0467033560077349
stable_action_Q1,Baseline,180,MAP_same_minus_opposite_cosine,683,0.1915289585789045
stable_action_Q1,Baseline,180,MAP_same_minus_opposite_cosine,747,0.0301781078857003
stable_action_Q1,Baseline,180,MAP_same_minus_opposite_cosine,750,-0.024989944515806273
stable_action_Q1,Baseline,180,MAP_same_minus_opposite_cosine,758,0.2663819038619598
stable_action_Q1,Baseline,180,MAP_same_minus_opposite_cosine,843,-0.05078256254394853
stable_action_Q1,Baseline,180,MAP_same_minus_opposite_cosine,877,0.12732950070252025
stable_action_Q1,Baseline,180,MAP_same_minus_opposite_cosine,926,-0.06862821858940704
stable_action_Q1,Baseline,180,MAP_same_minus_opposite_cosine,967,0.2487093616615642
stable_action_Q1,Baseline,180,MAP_same_minus_opposite_cosine,992,-0.05648908019065857
stable_action_Q1,Baseline,180,MAP_same_minus_opposite_cosine,1014,0.1505700359741846
stable_action_Q1,Baseline,180,MAP_same_minus_opposite_cosine,1092,0.062459755274984485
stable_action_Q1,Baseline,180,MAP_same_minus_opposite_cosine,1193,0.11487925280299449
stable_action_Q1,Baseline,180,MAP_same_minus_opposite_cosine,1308,-0.03527563934524858
stable_action_Q1,Baseline,180,MAP_same_minus_opposite_cosine,1335,-0.04862555414438252
stable_action_Q1,Baseline,180,MAP_same_minus_opposite_cosine,1480,0.04309946546951926
stable_action_Q1,Baseline,180,MAP_same_minus_opposite_cosine,1566,-0.07564092427492142
stable_action_Q1,Baseline,180,MAP_same_minus_opposite_cosine,1636,-0.3989887237548828
stable_action_Q1,Baseline,180,MAP_same_minus_opposite_cosine,1644,-0.013098713258902217
stable_action_Q1,Baseline,180,MAP_same_minus_opposite_cosine,1839,0.07052292095290291
stable_action_Q1,Baseline,180,MAP_same_minus_opposite_cosine,1943,0.01610121627648675
stable_action_Q1,Baseline,180,MAP_same_minus_opposite_cosine,2005,-0.07084771742423379
stable_action_Q1,Baseline,180,MAP_same_minus_opposite_cosine,2048,0.07468265882044123
stable_action_Q1,Baseline,180,MAP_same_minus_opposite_cosine,2173,-0.19663805164622533
stable_action_Q1,Baseline,180,MAP_same_minus_opposite_cosine,2263,0.0018474419911702622
stable_action_Q1,Baseline,180,MAP_same_minus_opposite_cosine,2303,-0.016747532468853632
stable_action_Q1,Baseline,180,MAP_same_minus_opposite_cosine,2308,0.077254231274128
stable_action_Q1,Baseline,180,MAP_same_minus_opposite_cosine,2347,-0.06439334273131353
stable_action_Q1,Baseline,180,MAP_same_minus_opposite_cosine,2361,-0.25523251709010863
stable_action_Q1,Baseline,180,MAP_same_minus_opposite_cosine,2567,0.05470876519878709
stable_action_Q1,Baseline,180,MAP_same_minus_opposite_cosine,2900,0.19989471832911165
stable_action_Q1,Baseline,180,MAP_same_minus_opposite_cosine,2943,0.02445918818314874
stable_action_Q1,Baseline,180,MAP_same_minus_opposite_cosine,2946,-0.055860403511259316
stable_action_Q1,Baseline,180,MAP_same_minus_opposite_cosine,2988,-0.006114958061112286
stable_action_Q1,Baseline,180,MAP_same_minus_opposite_cosine,3261,-0.1127338948462045
stable_action_Q1,Baseline,180,MAP_same_minus_opposite_cosine,3354,-0.028221899953981278
stable_action_Q1,Baseline,180,MAP_same_minus_opposite_cosine,3387,0.0973819619552656
stable_action_Q1,Baseline,180,MAP_same_minus_opposite_cosine,3485,-0.022795478254556634
stable_action_Q1,Baseline,180,MAP_same_minus_opposite_cosine,3525,0.023920672280447808
stable_action_Q1,Baseline,180,MAP_same_minus_opposite_cosine,3569,-0.0440242174598906
stable_action_Q1,Baseline,180,MAP_same_minus_opposite_cosine,3593,0.10678310037562344
stable_action_Q1,Baseline,180,MAP_same_minus_opposite_cosine,3613,-0.14244578512651584
stable_action_Q1,Baseline,180,MAP_same_minus_opposite_cosine,3764,0.10421817004680634
stable_action_Q1,Baseline,180,MAP_same_minus_opposite_cosine,3768,-0.07011214581628644
stable_action_Q1,Baseline,180,MAP_same_minus_opposite_cosine,3852,0.04324912652373314
stable_action_Q1,Baseline,180,MAP_same_minus_opposite_cosine,3967,-0.0795129810770353
stable_action_Q1,Baseline,180,MAP_same_minus_opposite_cosine,3976,0.018381780747211418
stable_action_Q1,Baseline,180,MAP_same_minus_opposite_cosine,3978,-0.06503380835056305
stable_action_Q1,Baseline,180,MAP_same_minus_opposite_cosine,3985,0.06608351071675622
stable_action_Q1,Baseline,180,MAP_same_minus_opposite_cosine,4016,-0.11327178634348378
stable_action_Q1,Baseline,180,MAP_same_minus_opposite_cosine,4080,0.03735052929683169
stable_action_Q1,Baseline,180,MAP_same_minus_opposite_cosine,4293,0.041792915927039265
stable_action_Q1,Baseline,180,MAP_same_minus_opposite_cosine,4312,-0.04626220795843339
stable_action_Q1,Baseline,180,MAP_same_minus_opposite_cosine,4529,0.02267419629626799
stable_action_Q1,Baseline,180,MAP_same_minus_opposite_cosine,4540,-0.06621138503154123
stable_action_Q1,Baseline,180,MAP_same_minus_opposite_cosine,4638,0.0164411490162214
stable_action_Q1,Baseline,180,MAP_same_minus_opposite_cosine,4686,0.011931883792082543
stable_action_Q1,Baseline,180,MAP_same_minus_opposite_cosine,4821,-0.05482004880905156
stable_action_Q1,Baseline,180,MAP_same_minus_opposite_cosine,4865,-0.060110788295666295
stable_action_Q1,Baseline,180,MAP_same_minus_opposite_cosine,4944,0.007833931181165932
stable_action_Q1,Baseline,180,MAP_same_minus_opposite_cosine,5309,-0.10060291195457627
stable_action_Q1,Baseline,180,MAP_same_minus_opposite_cosine,5377,0.059266770879427555
stable_action_Q1,Baseline,180,MAP_same_minus_opposite_cosine,5410,0.037797120710213905
stable_action_Q1,Baseline,180,MAP_same_minus_opposite_cosine,5454,0.08228771419574821
stable_action_Q1,Baseline,180,MAP_same_minus_opposite_cosine,5516,-0.0953808108514006
stable_action_Q1,Baseline,180,MAP_same_minus_opposite_cosine,5600,-0.08128563066323602
stable_action_Q1,Baseline,180,MAP_same_minus_opposite_cosine,5778,0.04072137797872222
stable_action_Q1,Baseline,180,MAP_same_minus_opposite_cosine,5826,0.207943646293698
stable_action_Q1,Baseline,180,MAP_same_minus_opposite_cosine,5961,-0.015343238910039247
stable_action_Q1,Baseline,180,MAP_same_minus_opposite_cosine,5989,0.08754538558423519
stable_action_Q1,Baseline,180,MAP_same_minus_opposite_cosine,6025,-0.04545847475528719
stable_action_Q1,Baseline,180,triplet_accuracy,323,0.45
stable_action_Q1,Baseline,180,triplet_accuracy,348,0.4
stable_action_Q1,Baseline,180,triplet_accuracy,391,0.5
stable_action_Q1,Baseline,180,triplet_accuracy,683,0.65
stable_action_Q1,Baseline,180,triplet_accuracy,747,0.5
stable_action_Q1,Baseline,180,triplet_accuracy,750,0.4
stable_action_Q1,Baseline,180,triplet_accuracy,758,0.55
stable_action_Q1,Baseline,180,triplet_accuracy,843,0.55
stable_action_Q1,Baseline,180,triplet_accuracy,967,0.55
stable_action_Q1,Baseline,180,triplet_accuracy,1014,0.55
stable_action_Q1,Baseline,180,triplet_accuracy,1092,0.5
stable_action_Q1,Baseline,180,triplet_accuracy,1193,0.6
stable_action_Q1,Baseline,180,triplet_accuracy,1335,0.65
stable_action_Q1,Baseline,180,triplet_accuracy,1480,0.5
stable_action_Q1,Baseline,180,triplet_accuracy,1566,0.6
stable_action_Q1,Baseline,180,triplet_accuracy,1839,0.65
stable_action_Q1,Baseline,180,triplet_accuracy,1943,0.45
stable_action_Q1,Baseline,180,triplet_accuracy,2005,0.55
stable_action_Q1,Baseline,180,triplet_accuracy,2048,0.55
stable_action_Q1,Baseline,180,triplet_accuracy,2173,0.45
stable_action_Q1,Baseline,180,triplet_accuracy,2263,0.7
stable_action_Q1,Baseline,180,triplet_accuracy,2303,0.55
stable_action_Q1,Baseline,180,triplet_accuracy,2308,0.6
stable_action_Q1,Baseline,180,triplet_accuracy,2347,0.55
stable_action_Q1,Baseline,180,triplet_accuracy,2361,0.45
stable_action_Q1,Baseline,180,triplet_accuracy,2567,0.75
stable_action_Q1,Baseline,180,triplet_accuracy,2943,0.5
stable_action_Q1,Baseline,180,triplet_accuracy,2988,0.8
stable_action_Q1,Baseline,180,triplet_accuracy,3261,0.45
stable_action_Q1,Baseline,180,triplet_accuracy,3354,0.7
stable_action_Q1,Baseline,180,triplet_accuracy,3525,0.6
stable_action_Q1,Baseline,180,triplet_accuracy,3569,0.4
stable_action_Q1,Baseline,180,triplet_accuracy,3593,0.5
stable_action_Q1,Baseline,180,triplet_accuracy,3768,0.55
stable_action_Q1,Baseline,180,triplet_accuracy,3852,0.4
stable_action_Q1,Baseline,180,triplet_accuracy,3967,0.35
stable_action_Q1,Baseline,180,triplet_accuracy,3978,0.55
stable_action_Q1,Baseline,180,triplet_accuracy,3985,0.4
stable_action_Q1,Baseline,180,triplet_accuracy,4016,0.4
stable_action_Q1,Baseline,180,triplet_accuracy,4293,0.8
stable_action_Q1,Baseline,180,triplet_accuracy,4312,0.5
stable_action_Q1,Baseline,180,triplet_accuracy,4529,0.5
stable_action_Q1,Baseline,180,triplet_accuracy,4540,0.4
stable_action_Q1,Baseline,180,triplet_accuracy,4686,0.4
stable_action_Q1,Baseline,180,triplet_accuracy,4821,0.65
stable_action_Q1,Baseline,180,triplet_accuracy,4865,0.4
stable_action_Q1,Baseline,180,triplet_accuracy,4944,0.7
stable_action_Q1,Baseline,180,triplet_accuracy,5309,0.55
stable_action_Q1,Baseline,180,triplet_accuracy,5377,0.4
stable_action_Q1,Baseline,180,triplet_accuracy,5410,0.4
stable_action_Q1,Baseline,180,triplet_accuracy,5454,0.55
stable_action_Q1,Baseline,180,triplet_accuracy,5516,0.65
stable_action_Q1,Baseline,180,triplet_accuracy,5600,0.65
stable_action_Q1,Baseline,180,triplet_accuracy,5778,0.5
stable_action_Q1,Baseline,180,triplet_accuracy,5989,0.4
stable_action_Q1,Baseline,180,triplet_accuracy,6025,0.6
Q4,Baseline,180,BIS_same_minus_opposite_cosine,105,0.13423550923665367
Q4,Baseline,180,BIS_same_minus_opposite_cosine,323,0.09931424756844831
Q4,Baseline,180,BIS_same_minus_opposite_cosine,348,0.06779336522925983
Q4,Baseline,180,BIS_same_minus_opposite_cosine,391,0.11999565859635675
Q4,Baseline,180,BIS_same_minus_opposite_cosine,683,0.09491296187043186
Q4,Baseline,180,BIS_same_minus_opposite_cosine,747,-0.05196516306111304
Q4,Baseline,180,BIS_same_minus_opposite_cosine,750,-0.052936284078492046
Q4,Baseline,180,BIS_same_minus_opposite_cosine,758,-0.008903664019372703
Q4,Baseline,180,BIS_same_minus_opposite_cosine,843,0.07536417080296409
Q4,Baseline,180,BIS_same_minus_opposite_cosine,877,0.15066160984111554
Q4,Baseline,180,BIS_same_minus_opposite_cosine,926,0.0879790186882019
Q4,Baseline,180,BIS_same_minus_opposite_cosine,967,-0.11351213521427583
Q4,Baseline,180,BIS_same_minus_opposite_cosine,992,-0.03451721550840314
Q4,Baseline,180,BIS_same_minus_opposite_cosine,1014,-0.0227835550904274
Q4,Baseline,180,BIS_same_minus_opposite_cosine,1092,-0.0044634259409375154
Q4,Baseline,180,BIS_same_minus_opposite_cosine,1193,0.004151441269751754
Q4,Baseline,180,BIS_same_minus_opposite_cosine,1308,0.12143735903682129
Q4,Baseline,180,BIS_same_minus_opposite_cosine,1335,0.007125926514466641
Q4,Baseline,180,BIS_same_minus_opposite_cosine,1480,0.02339158139445563
Q4,Baseline,180,BIS_same_minus_opposite_cosine,1566,0.02412058954889129
Q4,Baseline,180,BIS_same_minus_opposite_cosine,1636,0.011378053824106837
Q4,Baseline,180,BIS_same_minus_opposite_cosine,1644,0.022012727955977085
Q4,Baseline,180,BIS_same_minus_opposite_cosine,1839,0.11410681903362274
Q4,Baseline,180,BIS_same_minus_opposite_cosine,1943,-0.020908135033789188
Q4,Baseline,180,BIS_same_minus_opposite_cosine,2005,0.04960159982244172
Q4,Baseline,180,BIS_same_minus_opposite_cosine,2048,0.09025206830766475
Q4,Baseline,180,BIS_same_minus_opposite_cosine,2173,0.006713836391766925
Q4,Baseline,180,BIS_same_minus_opposite_cosine,2263,0.027254944874180675
Q4,Baseline,180,BIS_same_minus_opposite_cosine,2303,-0.01928134635090828
Q4,Baseline,180,BIS_same_minus_opposite_cosine,2308,-0.06396613443891208
Q4,Baseline,180,BIS_same_minus_opposite_cosine,2347,0.0073161286612352106
Q4,Baseline,180,BIS_same_minus_opposite_cosine,2361,-0.03630465815464656
Q4,Baseline,180,BIS_same_minus_opposite_cosine,2567,-0.06492102611809969
Q4,Baseline,180,BIS_same_minus_opposite_cosine,2900,0.10696494579315186
Q4,Baseline,180,BIS_same_minus_opposite_cosine,2943,-0.02723010629415512
Q4,Baseline,180,BIS_same_minus_opposite_cosine,2946,0.05435197055339813
Q4,Baseline,180,BIS_same_minus_opposite_cosine,2988,0.030108283460140273
Q4,Baseline,180,BIS_same_minus_opposite_cosine,3261,-0.07490804994648148
Q4,Baseline,180,BIS_same_minus_opposite_cosine,3354,0.035701970259348514
Q4,Baseline,180,BIS_same_minus_opposite_cosine,3387,-0.010280830992592693
Q4,Baseline,180,BIS_same_minus_opposite_cosine,3485,0.0018877168496450603
Q4,Baseline,180,BIS_same_minus_opposite_cosine,3525,0.026939696208997166
Q4,Baseline,180,BIS_same_minus_opposite_cosine,3569,0.028491488460338554
Q4,Baseline,180,BIS_same_minus_opposite_cosine,3593,-0.02899525562922156
Q4,Baseline,180,BIS_same_minus_opposite_cosine,3613,0.06698070872913708
Q4,Baseline,180,BIS_same_minus_opposite_cosine,3764,0.01785143261606048
Q4,Baseline,180,BIS_same_minus_opposite_cosine,3768,0.01065735717614491
Q4,Baseline,180,BIS_same_minus_opposite_cosine,3852,0.003225177526473999
Q4,Baseline,180,BIS_same_minus_opposite_cosine,3967,-0.029699308176835415
Q4,Baseline,180,BIS_same_minus_opposite_cosine,3976,0.06414812306563056
Q4,Baseline,180,BIS_same_minus_opposite_cosine,3978,0.05153709318902766
Q4,Baseline,180,BIS_same_minus_opposite_cosine,3985,0.08384129405021667
Q4,Baseline,180,BIS_same_minus_opposite_cosine,4016,0.055900198097030396
Q4,Baseline,180,BIS_same_minus_opposite_cosine,4080,0.05104948083559668
Q4,Baseline,180,BIS_same_minus_opposite_cosine,4293,0.06326750914255774
Q4,Baseline,180,BIS_same_minus_opposite_cosine,4312,0.026604373256365443
Q4,Baseline,180,BIS_same_minus_opposite_cosine,4529,0.032395973801612854
Q4,Baseline,180,BIS_same_minus_opposite_cosine,4540,0.0732591338455677
Q4,Baseline,180,BIS_same_minus_opposite_cosine,4638,0.012419030521855223
Q4,Baseline,180,BIS_same_minus_opposite_cosine,4686,-0.049331632753213284
Q4,Baseline,180,BIS_same_minus_opposite_cosine,4821,-0.08316954928967679
Q4,Baseline,180,BIS_same_minus_opposite_cosine,4865,0.02297789061611344
Q4,Baseline,180,BIS_same_minus_opposite_cosine,4944,0.09176919907331471
Q4,Baseline,180,BIS_same_minus_opposite_cosine,5309,0.05152752250432968
Q4,Baseline,180,BIS_same_minus_opposite_cosine,5377,0.0631608863671621
Q4,Baseline,180,BIS_same_minus_opposite_cosine,5410,0.029928981430000667
Q4,Baseline,180,BIS_same_minus_opposite_cosine,5454,0.07311235458561871
Q4,Baseline,180,BIS_same_minus_opposite_cosine,5516,-0.012865672508875492
Q4,Baseline,180,BIS_same_minus_opposite_cosine,5600,-0.046161701281865475
Q4,Baseline,180,BIS_same_minus_opposite_cosine,5778,0.06704901986651945
Q4,Baseline,180,BIS_same_minus_opposite_cosine,5826,0.023883147372139812
Q4,Baseline,180,BIS_same_minus_opposite_cosine,5961,0.006641771396001195
Q4,Baseline,180,BIS_same_minus_opposite_cosine,5989,0.16626124864532832
Q4,Baseline,180,BIS_same_minus_opposite_cosine,6025,0.043858807947900535
Q4,Baseline,180,MAP_same_minus_opposite_cosine,105,-0.014101274311542511
Q4,Baseline,180,MAP_same_minus_opposite_cosine,323,-0.020871368547280666
Q4,Baseline,180,MAP_same_minus_opposite_cosine,348,0.05541641265153885
Q4,Baseline,180,MAP_same_minus_opposite_cosine,391,-0.16246772557497025
Q4,Baseline,180,MAP_same_minus_opposite_cosine,683,0.08491209149360657
Q4,Baseline,180,MAP_same_minus_opposite_cosine,747,0.04786109218768997
Q4,Baseline,180,MAP_same_minus_opposite_cosine,750,-0.014236580467585358
Q4,Baseline,180,MAP_same_minus_opposite_cosine,758,-0.04186471253633495
Q4,Baseline,180,MAP_same_minus_opposite_cosine,843,0.047440461814403534
Q4,Baseline,180,MAP_same_minus_opposite_cosine,877,0.05084004817586962
Q4,Baseline,180,MAP_same_minus_opposite_cosine,926,0.04441816021095624
Q4,Baseline,180,MAP_same_minus_opposite_cosine,967,-0.053901832550764084
Q4,Baseline,180,MAP_same_minus_opposite_cosine,992,0.03589264055093133
Q4,Baseline,180,MAP_same_minus_opposite_cosine,1014,-0.020388604203859906
Q4,Baseline,180,MAP_same_minus_opposite_cosine,1092,0.04629767040411625
Q4,Baseline,180,MAP_same_minus_opposite_cosine,1193,0.0033296091215950785
Q4,Baseline,180,MAP_same_minus_opposite_cosine,1308,-0.07731042508826103
Q4,Baseline,180,MAP_same_minus_opposite_cosine,1335,0.09246002799934816
Q4,Baseline,180,MAP_same_minus_opposite_cosine,1480,-0.046268678072727165
Q4,Baseline,180,MAP_same_minus_opposite_cosine,1566,-0.11567248106002803
Q4,Baseline,180,MAP_same_minus_opposite_cosine,1636,-0.028574064373970032
Q4,Baseline,180,MAP_same_minus_opposite_cosine,1644,-0.11944671675111307
Q4,Baseline,180,MAP_same_minus_opposite_cosine,1839,-0.001152328469536501
Q4,Baseline,180,MAP_same_minus_opposite_cosine,1943,-0.006660842082717222
Q4,Baseline,180,MAP_same_minus_opposite_cosine,2005,0.004936607949661553
Q4,Baseline,180,MAP_same_minus_opposite_cosine,2048,0.059264314174652055
Q4,Baseline,180,MAP_same_minus_opposite_cosine,2173,-0.03192489887728844
Q4,Baseline,180,MAP_same_minus_opposite_cosine,2263,0.0031830529371896787
Q4,Baseline,180,MAP_same_minus_opposite_cosine,2303,0.04610068328452832
Q4,Baseline,180,MAP_same_minus_opposite_cosine,2308,0.05990730909009778
Q4,Baseline,180,MAP_same_minus_opposite_cosine,2347,-0.023952186107635498
Q4,Baseline,180,MAP_same_minus_opposite_cosine,2361,0.03834174212181207
Q4,Baseline,180,MAP_same_minus_opposite_cosine,2567,-0.06068810820579529
Q4,Baseline,180,MAP_same_minus_opposite_cosine,2900,0.09340573019451559
Q4,Baseline,180,MAP_same_minus_opposite_cosine,2943,-0.19583169193494887
Q4,Baseline,180,MAP_same_minus_opposite_cosine,2946,0.0645682538549106
Q4,Baseline,180,MAP_same_minus_opposite_cosine,2988,-0.03133520980676019
Q4,Baseline,180,MAP_same_minus_opposite_cosine,3261,-0.023346873621145847
Q4,Baseline,180,MAP_same_minus_opposite_cosine,3354,0.0036260560154914856
Q4,Baseline,180,MAP_same_minus_opposite_cosine,3387,0.021177193522453286
Q4,Baseline,180,MAP_same_minus_opposite_cosine,3485,-0.005345505972703335
Q4,Baseline,180,MAP_same_minus_opposite_cosine,3525,-0.03466825783252714
Q4,Baseline,180,MAP_same_minus_opposite_cosine,3569,-0.04530949344237645
Q4,Baseline,180,MAP_same_minus_opposite_cosine,3593,-0.03587316870689394
Q4,Baseline,180,MAP_same_minus_opposite_cosine,3613,0.17245202428764772
Q4,Baseline,180,MAP_same_minus_opposite_cosine,3764,0.07687107651006608
Q4,Baseline,180,MAP_same_minus_opposite_cosine,3768,-0.048915028797857696
Q4,Baseline,180,MAP_same_minus_opposite_cosine,3852,0.0683647021651268
Q4,Baseline,180,MAP_same_minus_opposite_cosine,3967,0.07993559539318085
Q4,Baseline,180,MAP_same_minus_opposite_cosine,3976,0.04126870451551501
Q4,Baseline,180,MAP_same_minus_opposite_cosine,3978,-0.054092742999394816
Q4,Baseline,180,MAP_same_minus_opposite_cosine,3985,0.03940897186597192
Q4,Baseline,180,MAP_same_minus_opposite_cosine,4016,0.04724447158249945
Q4,Baseline,180,MAP_same_minus_opposite_cosine,4080,0.009213226536909702
Q4,Baseline,180,MAP_same_minus_opposite_cosine,4293,0.04842895567417149
Q4,Baseline,180,MAP_same_minus_opposite_cosine,4312,0.0670222515861193
Q4,Baseline,180,MAP_same_minus_opposite_cosine,4529,-0.06455364236325933
Q4,Baseline,180,MAP_same_minus_opposite_cosine,4540,0.03877367327610648
Q4,Baseline,180,MAP_same_minus_opposite_cosine,4638,-0.02925340632597606
Q4,Baseline,180,MAP_same_minus_opposite_cosine,4686,-0.07957048465808236
Q4,Baseline,180,MAP_same_minus_opposite_cosine,4821,0.025707402328650097
Q4,Baseline,180,MAP_same_minus_opposite_cosine,4865,0.04309610322569357
Q4,Baseline,180,MAP_same_minus_opposite_cosine,4944,-0.06158683065212134
Q4,Baseline,180,MAP_same_minus_opposite_cosine,5309,0.00711580365896225
Q4,Baseline,180,MAP_same_minus_opposite_cosine,5377,0.056970270971457126
Q4,Baseline,180,MAP_same_minus_opposite_cosine,5410,0.08023583640654874
Q4,Baseline,180,MAP_same_minus_opposite_cosine,5454,0.061531611915790596
Q4,Baseline,180,MAP_same_minus_opposite_cosine,5516,-0.04329998136469815
Q4,Baseline,180,MAP_same_minus_opposite_cosine,5600,0.018636303417610467
Q4,Baseline,180,MAP_same_minus_opposite_cosine,5778,0.052587835987409015
Q4,Baseline,180,MAP_same_minus_opposite_cosine,5826,0.049665802355968514
Q4,Baseline,180,MAP_same_minus_opposite_cosine,5961,0.04088946951158112
Q4,Baseline,180,MAP_same_minus_opposite_cosine,5989,-0.026275029778480508
Q4,Baseline,180,MAP_same_minus_opposite_cosine,6025,-0.043494900895489574
Q4,Baseline,180,triplet_accuracy,323,0.6
Q4,Baseline,180,triplet_accuracy,348,0.45
Q4,Baseline,180,triplet_accuracy,391,0.45
Q4,Baseline,180,triplet_accuracy,683,0.6
Q4,Baseline,180,triplet_accuracy,747,0.4
Q4,Baseline,180,triplet_accuracy,750,0.75
Q4,Baseline,180,triplet_accuracy,758,0.65
Q4,Baseline,180,triplet_accuracy,843,0.65
Q4,Baseline,180,triplet_accuracy,967,0.65
Q4,Baseline,180,triplet_accuracy,1014,0.3
Q4,Baseline,180,triplet_accuracy,1092,0.4
Q4,Baseline,180,triplet_accuracy,1193,0.65
Q4,Baseline,180,triplet_accuracy,1335,0.45
Q4,Baseline,180,triplet_accuracy,1480,0.55
Q4,Baseline,180,triplet_accuracy,1566,0.55
Q4,Baseline,180,triplet_accuracy,1839,0.45
Q4,Baseline,180,triplet_accuracy,1943,0.4
Q4,Baseline,180,triplet_accuracy,2005,0.9
Q4,Baseline,180,triplet_accuracy,2048,0.6
Q4,Baseline,180,triplet_accuracy,2173,0.55
Q4,Baseline,180,triplet_accuracy,2263,0.6
Q4,Baseline,180,triplet_accuracy,2303,0.5
Q4,Baseline,180,triplet_accuracy,2308,0.55
Q4,Baseline,180,triplet_accuracy,2347,0.5
Q4,Baseline,180,triplet_accuracy,2361,0.45
Q4,Baseline,180,triplet_accuracy,2567,0.5
Q4,Baseline,180,triplet_accuracy,2943,0.55
Q4,Baseline,180,triplet_accuracy,2988,0.4
Q4,Baseline,180,triplet_accuracy,3261,0.55
Q4,Baseline,180,triplet_accuracy,3354,0.35
Q4,Baseline,180,triplet_accuracy,3525,0.55
Q4,Baseline,180,triplet_accuracy,3569,0.45
Q4,Baseline,180,triplet_accuracy,3593,0.5
Q4,Baseline,180,triplet_accuracy,3768,0.55
Q4,Baseline,180,triplet_accuracy,3852,0.55
Q4,Baseline,180,triplet_accuracy,3967,0.55
Q4,Baseline,180,triplet_accuracy,3978,0.45
Q4,Baseline,180,triplet_accuracy,3985,0.55
Q4,Baseline,180,triplet_accuracy,4016,0.7
Q4,Baseline,180,triplet_accuracy,4293,0.6
Q4,Baseline,180,triplet_accuracy,4312,0.5
Q4,Baseline,180,triplet_accuracy,4529,0.5
Q4,Baseline,180,triplet_accuracy,4540,0.35
Q4,Baseline,180,triplet_accuracy,4686,0.4
Q4,Baseline,180,triplet_accuracy,4821,0.5
Q4,Baseline,180,triplet_accuracy,4865,0.6
Q4,Baseline,180,triplet_accuracy,4944,0.7
Q4,Baseline,180,triplet_accuracy,5309,0.6
Q4,Baseline,180,triplet_accuracy,5377,0.65
Q4,Baseline,180,triplet_accuracy,5410,0.45
Q4,Baseline,180,triplet_accuracy,5454,0.45
Q4,Baseline,180,triplet_accuracy,5516,0.55
Q4,Baseline,180,triplet_accuracy,5600,0.55
Q4,Baseline,180,triplet_accuracy,5778,0.55
Q4,Baseline,180,triplet_accuracy,5989,0.45
Q4,Baseline,180,triplet_accuracy,6025,0.4
upcoming_large_intervention,Baseline,180,BIS_same_minus_opposite_cosine,105,0.08176422457803378
upcoming_large_intervention,Baseline,180,BIS_same_minus_opposite_cosine,323,0.03809465865294137
upcoming_large_intervention,Baseline,180,BIS_same_minus_opposite_cosine,348,0.015625406304995204
upcoming_large_intervention,Baseline,180,BIS_same_minus_opposite_cosine,391,-0.02016781419515612
upcoming_large_intervention,Baseline,180,BIS_same_minus_opposite_cosine,683,0.05659026065559103
upcoming_large_intervention,Baseline,180,BIS_same_minus_opposite_cosine,747,-0.0393265214833346
upcoming_large_intervention,Baseline,180,BIS_same_minus_opposite_cosine,750,0.02150331934293115
upcoming_large_intervention,Baseline,180,BIS_same_minus_opposite_cosine,758,0.019370798585992888
upcoming_large_intervention,Baseline,180,BIS_same_minus_opposite_cosine,843,0.0033173436919847754
upcoming_large_intervention,Baseline,180,BIS_same_minus_opposite_cosine,877,0.020684922734896305
upcoming_large_intervention,Baseline,180,BIS_same_minus_opposite_cosine,926,0.13525348007678983
upcoming_large_intervention,Baseline,180,BIS_same_minus_opposite_cosine,967,-0.13600619054502916
upcoming_large_intervention,Baseline,180,BIS_same_minus_opposite_cosine,992,0.010358507434527042
upcoming_large_intervention,Baseline,180,BIS_same_minus_opposite_cosine,1014,-0.02362515167756518
upcoming_large_intervention,Baseline,180,BIS_same_minus_opposite_cosine,1092,0.0734846989313761
upcoming_large_intervention,Baseline,180,BIS_same_minus_opposite_cosine,1193,0.10703557928403218
upcoming_large_intervention,Baseline,180,BIS_same_minus_opposite_cosine,1308,-0.031658307620973325
upcoming_large_intervention,Baseline,180,BIS_same_minus_opposite_cosine,1335,0.028278616567452786
upcoming_large_intervention,Baseline,180,BIS_same_minus_opposite_cosine,1480,-0.03169465147786665
upcoming_large_intervention,Baseline,180,BIS_same_minus_opposite_cosine,1566,0.05482623280223564
upcoming_large_intervention,Baseline,180,BIS_same_minus_opposite_cosine,1636,-0.03966927641268925
upcoming_large_intervention,Baseline,180,BIS_same_minus_opposite_cosine,1644,-0.03290511171023047
upcoming_large_intervention,Baseline,180,BIS_same_minus_opposite_cosine,1839,-0.07826911906401313
upcoming_large_intervention,Baseline,180,BIS_same_minus_opposite_cosine,1943,0.02543327709039045
upcoming_large_intervention,Baseline,180,BIS_same_minus_opposite_cosine,2005,0.04631999035676326
upcoming_large_intervention,Baseline,180,BIS_same_minus_opposite_cosine,2048,-0.06980907442894846
upcoming_large_intervention,Baseline,180,BIS_same_minus_opposite_cosine,2173,-0.02937805735402632
upcoming_large_intervention,Baseline,180,BIS_same_minus_opposite_cosine,2263,-0.0014361010657416573
upcoming_large_intervention,Baseline,180,BIS_same_minus_opposite_cosine,2303,-0.044063813984394073
upcoming_large_intervention,Baseline,180,BIS_same_minus_opposite_cosine,2308,-0.07646282948553562
upcoming_large_intervention,Baseline,180,BIS_same_minus_opposite_cosine,2347,0.0511946539084116
upcoming_large_intervention,Baseline,180,BIS_same_minus_opposite_cosine,2361,0.02823350465658947
upcoming_large_intervention,Baseline,180,BIS_same_minus_opposite_cosine,2567,0.0823377653956413
upcoming_large_intervention,Baseline,180,BIS_same_minus_opposite_cosine,2900,0.09390338957309718
upcoming_large_intervention,Baseline,180,BIS_same_minus_opposite_cosine,2943,0.03149943860868609
upcoming_large_intervention,Baseline,180,BIS_same_minus_opposite_cosine,2946,0.03371306350736902
upcoming_large_intervention,Baseline,180,BIS_same_minus_opposite_cosine,2988,0.060534001751379574
upcoming_large_intervention,Baseline,180,BIS_same_minus_opposite_cosine,3261,0.12141271031489875
upcoming_large_intervention,Baseline,180,BIS_same_minus_opposite_cosine,3354,0.052823301818635704
upcoming_large_intervention,Baseline,180,BIS_same_minus_opposite_cosine,3387,0.13071536746892065
upcoming_large_intervention,Baseline,180,BIS_same_minus_opposite_cosine,3485,-0.0072767098744710434
upcoming_large_intervention,Baseline,180,BIS_same_minus_opposite_cosine,3525,0.06341693053642905
upcoming_large_intervention,Baseline,180,BIS_same_minus_opposite_cosine,3569,-0.030389499167601253
upcoming_large_intervention,Baseline,180,BIS_same_minus_opposite_cosine,3593,-0.03848087787628174
upcoming_large_intervention,Baseline,180,BIS_same_minus_opposite_cosine,3613,0.019066383441289303
upcoming_large_intervention,Baseline,180,BIS_same_minus_opposite_cosine,3764,-0.02011838645646069
upcoming_large_intervention,Baseline,180,BIS_same_minus_opposite_cosine,3768,0.023991175492604655
upcoming_large_intervention,Baseline,180,BIS_same_minus_opposite_cosine,3852,0.058852362136046055
upcoming_large_intervention,Baseline,180,BIS_same_minus_opposite_cosine,3967,0.09718407814701402
upcoming_large_intervention,Baseline,180,BIS_same_minus_opposite_cosine,3976,0.0012042770783106116
upcoming_large_intervention,Baseline,180,BIS_same_minus_opposite_cosine,3978,0.0364553521076838
upcoming_large_intervention,Baseline,180,BIS_same_minus_opposite_cosine,3985,0.07810647288958228
upcoming_large_intervention,Baseline,180,BIS_same_minus_opposite_cosine,4016,0.10749495987381252
upcoming_large_intervention,Baseline,180,BIS_same_minus_opposite_cosine,4080,0.058640867471694946
upcoming_large_intervention,Baseline,180,BIS_same_minus_opposite_cosine,4293,0.023520979465860292
upcoming_large_intervention,Baseline,180,BIS_same_minus_opposite_cosine,4312,-0.07414499421914422
upcoming_large_intervention,Baseline,180,BIS_same_minus_opposite_cosine,4529,0.051390185952186584
upcoming_large_intervention,Baseline,180,BIS_same_minus_opposite_cosine,4540,0.011375809709231022
upcoming_large_intervention,Baseline,180,BIS_same_minus_opposite_cosine,4638,0.03082645601696432
upcoming_large_intervention,Baseline,180,BIS_same_minus_opposite_cosine,4686,0.037690359534639284
upcoming_large_intervention,Baseline,180,BIS_same_minus_opposite_cosine,4821,0.022617258808829588
upcoming_large_intervention,Baseline,180,BIS_same_minus_opposite_cosine,4865,-0.03566027681032813
upcoming_large_intervention,Baseline,180,BIS_same_minus_opposite_cosine,4944,0.11622159815195843
upcoming_large_intervention,Baseline,180,BIS_same_minus_opposite_cosine,5309,-0.02307445939743158
upcoming_large_intervention,Baseline,180,BIS_same_minus_opposite_cosine,5377,-0.055855696851557
upcoming_large_intervention,Baseline,180,BIS_same_minus_opposite_cosine,5410,-0.0005975351447151667
upcoming_large_intervention,Baseline,180,BIS_same_minus_opposite_cosine,5454,0.0013359914223353142
upcoming_large_intervention,Baseline,180,BIS_same_minus_opposite_cosine,5516,0.05362098912398017
upcoming_large_intervention,Baseline,180,BIS_same_minus_opposite_cosine,5600,0.05341388285160065
upcoming_large_intervention,Baseline,180,BIS_same_minus_opposite_cosine,5778,0.061755825543687526
upcoming_large_intervention,Baseline,180,BIS_same_minus_opposite_cosine,5826,-0.04413677503665292
upcoming_large_intervention,Baseline,180,BIS_same_minus_opposite_cosine,5961,0.018822305581786436
upcoming_large_intervention,Baseline,180,BIS_same_minus_opposite_cosine,5989,0.121795051627689
upcoming_large_intervention,Baseline,180,BIS_same_minus_opposite_cosine,6025,0.016990605628851685
upcoming_large_intervention,Baseline,180,MAP_same_minus_opposite_cosine,105,-0.015499532222747803
upcoming_large_intervention,Baseline,180,MAP_same_minus_opposite_cosine,323,0.012616692980130573
upcoming_large_intervention,Baseline,180,MAP_same_minus_opposite_cosine,348,-0.06974416308932829
upcoming_large_intervention,Baseline,180,MAP_same_minus_opposite_cosine,391,-0.07965382436911261
upcoming_large_intervention,Baseline,180,MAP_same_minus_opposite_cosine,683,0.07332260078854025
upcoming_large_intervention,Baseline,180,MAP_same_minus_opposite_cosine,747,-0.00764777940331085
upcoming_large_intervention,Baseline,180,MAP_same_minus_opposite_cosine,750,-0.0735135678992127
upcoming_large_intervention,Baseline,180,MAP_same_minus_opposite_cosine,758,-0.04231386022134265
upcoming_large_intervention,Baseline,180,MAP_same_minus_opposite_cosine,843,0.07907064349362347
upcoming_large_intervention,Baseline,180,MAP_same_minus_opposite_cosine,877,0.0983201546801461
upcoming_large_intervention,Baseline,180,MAP_same_minus_opposite_cosine,926,0.01978486114078104
upcoming_large_intervention,Baseline,180,MAP_same_minus_opposite_cosine,967,0.048727965603272194
upcoming_large_intervention,Baseline,180,MAP_same_minus_opposite_cosine,992,-0.12718347509702055
upcoming_large_intervention,Baseline,180,MAP_same_minus_opposite_cosine,1014,-0.11807199070851004
upcoming_large_intervention,Baseline,180,MAP_same_minus_opposite_cosine,1092,-0.061472799741860595
upcoming_large_intervention,Baseline,180,MAP_same_minus_opposite_cosine,1193,-0.0742902557055155
upcoming_large_intervention,Baseline,180,MAP_same_minus_opposite_cosine,1308,0.028063426415125492
upcoming_large_intervention,Baseline,180,MAP_same_minus_opposite_cosine,1335,0.02128204355637231
upcoming_large_intervention,Baseline,180,MAP_same_minus_opposite_cosine,1480,0.03476613759994507
upcoming_large_intervention,Baseline,180,MAP_same_minus_opposite_cosine,1566,-0.051173391441504124
upcoming_large_intervention,Baseline,180,MAP_same_minus_opposite_cosine,1636,-0.09375244296259355
upcoming_large_intervention,Baseline,180,MAP_same_minus_opposite_cosine,1644,-0.01741855478647991
upcoming_large_intervention,Baseline,180,MAP_same_minus_opposite_cosine,1839,0.08672253986199696
upcoming_large_intervention,Baseline,180,MAP_same_minus_opposite_cosine,1943,-0.006916778557228387
upcoming_large_intervention,Baseline,180,MAP_same_minus_opposite_cosine,2005,0.011911642551422075
upcoming_large_intervention,Baseline,180,MAP_same_minus_opposite_cosine,2048,-0.00036872261100340253
upcoming_large_intervention,Baseline,180,MAP_same_minus_opposite_cosine,2173,-0.002122194026455748
upcoming_large_intervention,Baseline,180,MAP_same_minus_opposite_cosine,2263,-0.06148180152688709
upcoming_large_intervention,Baseline,180,MAP_same_minus_opposite_cosine,2303,0.012069868544737461
upcoming_large_intervention,Baseline,180,MAP_same_minus_opposite_cosine,2308,-0.14410680594543612
upcoming_large_intervention,Baseline,180,MAP_same_minus_opposite_cosine,2347,-0.00637938578923547
upcoming_large_intervention,Baseline,180,MAP_same_minus_opposite_cosine,2361,-0.08723530173301697
upcoming_large_intervention,Baseline,180,MAP_same_minus_opposite_cosine,2567,0.15330212004482746
upcoming_large_intervention,Baseline,180,MAP_same_minus_opposite_cosine,2900,0.010293704271316484
upcoming_large_intervention,Baseline,180,MAP_same_minus_opposite_cosine,2943,-0.2005415889951917
upcoming_large_intervention,Baseline,180,MAP_same_minus_opposite_cosine,2946,0.013456374406814575
upcoming_large_intervention,Baseline,180,MAP_same_minus_opposite_cosine,2988,0.05916137827767265
upcoming_large_intervention,Baseline,180,MAP_same_minus_opposite_cosine,3261,-0.16249119093020759
upcoming_large_intervention,Baseline,180,MAP_same_minus_opposite_cosine,3354,0.0035681078831355517
upcoming_large_intervention,Baseline,180,MAP_same_minus_opposite_cosine,3387,-0.032214992990096336
upcoming_large_intervention,Baseline,180,MAP_same_minus_opposite_cosine,3485,-0.03281771143277479
upcoming_large_intervention,Baseline,180,MAP_same_minus_opposite_cosine,3525,0.05094664891560874
upcoming_large_intervention,Baseline,180,MAP_same_minus_opposite_cosine,3569,0.010175232092539455
upcoming_large_intervention,Baseline,180,MAP_same_minus_opposite_cosine,3593,0.07789959374702338
upcoming_large_intervention,Baseline,180,MAP_same_minus_opposite_cosine,3613,-0.00784430238935685
upcoming_large_intervention,Baseline,180,MAP_same_minus_opposite_cosine,3764,-0.005279574543237686
upcoming_large_intervention,Baseline,180,MAP_same_minus_opposite_cosine,3768,-0.015878753860791517
upcoming_large_intervention,Baseline,180,MAP_same_minus_opposite_cosine,3852,-0.03882388025522232
upcoming_large_intervention,Baseline,180,MAP_same_minus_opposite_cosine,3967,0.04304304673816217
upcoming_large_intervention,Baseline,180,MAP_same_minus_opposite_cosine,3976,-0.0751410841941833
upcoming_large_intervention,Baseline,180,MAP_same_minus_opposite_cosine,3978,-0.03267909812204772
upcoming_large_intervention,Baseline,180,MAP_same_minus_opposite_cosine,3985,0.00025811460283065024
upcoming_large_intervention,Baseline,180,MAP_same_minus_opposite_cosine,4016,0.013621567686398883
upcoming_large_intervention,Baseline,180,MAP_same_minus_opposite_cosine,4080,-0.04280933647444751
upcoming_large_intervention,Baseline,180,MAP_same_minus_opposite_cosine,4293,-0.015957236289978027
upcoming_large_intervention,Baseline,180,MAP_same_minus_opposite_cosine,4312,-0.0200196147868128
upcoming_large_intervention,Baseline,180,MAP_same_minus_opposite_cosine,4529,-0.051809732119242335
upcoming_large_intervention,Baseline,180,MAP_same_minus_opposite_cosine,4540,0.009342359503110242
upcoming_large_intervention,Baseline,180,MAP_same_minus_opposite_cosine,4638,-0.024172258873780605
upcoming_large_intervention,Baseline,180,MAP_same_minus_opposite_cosine,4686,-0.043809130787849426
upcoming_large_intervention,Baseline,180,MAP_same_minus_opposite_cosine,4821,0.12259088276010577
upcoming_large_intervention,Baseline,180,MAP_same_minus_opposite_cosine,4865,-0.08436071500182152
upcoming_large_intervention,Baseline,180,MAP_same_minus_opposite_cosine,4944,0.011597461998462677
upcoming_large_intervention,Baseline,180,MAP_same_minus_opposite_cosine,5309,-0.11559994879997137
upcoming_large_intervention,Baseline,180,MAP_same_minus_opposite_cosine,5377,-0.0786529093980789
upcoming_large_intervention,Baseline,180,MAP_same_minus_opposite_cosine,5410,0.016273306400486964
upcoming_large_intervention,Baseline,180,MAP_same_minus_opposite_cosine,5454,0.040311363008287304
upcoming_large_intervention,Baseline,180,MAP_same_minus_opposite_cosine,5516,-0.15532831599315
upcoming_large_intervention,Baseline,180,MAP_same_minus_opposite_cosine,5600,0.019812997430562973
upcoming_large_intervention,Baseline,180,MAP_same_minus_opposite_cosine,5778,0.016346709068977394
upcoming_large_intervention,Baseline,180,MAP_same_minus_opposite_cosine,5826,-0.022702425718307495
upcoming_large_intervention,Baseline,180,MAP_same_minus_opposite_cosine,5961,-0.020372388037768308
upcoming_large_intervention,Baseline,180,MAP_same_minus_opposite_cosine,5989,-0.05796444084909225
upcoming_large_intervention,Baseline,180,MAP_same_minus_opposite_cosine,6025,0.04382538596789043
upcoming_large_intervention,Baseline,180,triplet_accuracy,323,0.7
upcoming_large_intervention,Baseline,180,triplet_accuracy,348,0.65
upcoming_large_intervention,Baseline,180,triplet_accuracy,391,0.55
upcoming_large_intervention,Baseline,180,triplet_accuracy,683,0.6
upcoming_large_intervention,Baseline,180,triplet_accuracy,747,0.35
upcoming_large_intervention,Baseline,180,triplet_accuracy,750,0.5
upcoming_large_intervention,Baseline,180,triplet_accuracy,758,0.8
upcoming_large_intervention,Baseline,180,triplet_accuracy,843,0.5
upcoming_large_intervention,Baseline,180,triplet_accuracy,967,0.55
upcoming_large_intervention,Baseline,180,triplet_accuracy,1014,0.4
upcoming_large_intervention,Baseline,180,triplet_accuracy,1092,0.35
upcoming_large_intervention,Baseline,180,triplet_accuracy,1193,0.5
upcoming_large_intervention,Baseline,180,triplet_accuracy,1335,0.55
upcoming_large_intervention,Baseline,180,triplet_accuracy,1480,0.6
upcoming_large_intervention,Baseline,180,triplet_accuracy,1566,0.4
upcoming_large_intervention,Baseline,180,triplet_accuracy,1839,0.25
upcoming_large_intervention,Baseline,180,triplet_accuracy,1943,0.6
upcoming_large_intervention,Baseline,180,triplet_accuracy,2005,0.5
upcoming_large_intervention,Baseline,180,triplet_accuracy,2048,0.8
upcoming_large_intervention,Baseline,180,triplet_accuracy,2173,0.45
upcoming_large_intervention,Baseline,180,triplet_accuracy,2263,0.5
upcoming_large_intervention,Baseline,180,triplet_accuracy,2303,0.55
upcoming_large_intervention,Baseline,180,triplet_accuracy,2308,0.65
upcoming_large_intervention,Baseline,180,triplet_accuracy,2347,0.65
upcoming_large_intervention,Baseline,180,triplet_accuracy,2361,0.45
upcoming_large_intervention,Baseline,180,triplet_accuracy,2567,0.55
upcoming_large_intervention,Baseline,180,triplet_accuracy,2943,0.45
upcoming_large_intervention,Baseline,180,triplet_accuracy,2988,0.5
upcoming_large_intervention,Baseline,180,triplet_accuracy,3261,0.65
upcoming_large_intervention,Baseline,180,triplet_accuracy,3354,0.55
upcoming_large_intervention,Baseline,180,triplet_accuracy,3525,0.75
upcoming_large_intervention,Baseline,180,triplet_accuracy,3569,0.45
upcoming_large_intervention,Baseline,180,triplet_accuracy,3593,0.75
upcoming_large_intervention,Baseline,180,triplet_accuracy,3768,0.5
upcoming_large_intervention,Baseline,180,triplet_accuracy,3852,0.6
upcoming_large_intervention,Baseline,180,triplet_accuracy,3967,0.5
upcoming_large_intervention,Baseline,180,triplet_accuracy,3978,0.6
upcoming_large_intervention,Baseline,180,triplet_accuracy,3985,0.65
upcoming_large_intervention,Baseline,180,triplet_accuracy,4016,0.4
upcoming_large_intervention,Baseline,180,triplet_accuracy,4293,0.35
upcoming_large_intervention,Baseline,180,triplet_accuracy,4312,0.65
upcoming_large_intervention,Baseline,180,triplet_accuracy,4529,0.65
upcoming_large_intervention,Baseline,180,triplet_accuracy,4540,0.65
upcoming_large_intervention,Baseline,180,triplet_accuracy,4686,0.5
upcoming_large_intervention,Baseline,180,triplet_accuracy,4821,0.55
upcoming_large_intervention,Baseline,180,triplet_accuracy,4865,0.45
upcoming_large_intervention,Baseline,180,triplet_accuracy,4944,0.65
upcoming_large_intervention,Baseline,180,triplet_accuracy,5309,0.5
upcoming_large_intervention,Baseline,180,triplet_accuracy,5377,0.4
upcoming_large_intervention,Baseline,180,triplet_accuracy,5410,0.6
upcoming_large_intervention,Baseline,180,triplet_accuracy,5454,0.65
upcoming_large_intervention,Baseline,180,triplet_accuracy,5516,0.4
upcoming_large_intervention,Baseline,180,triplet_accuracy,5600,0.5
upcoming_large_intervention,Baseline,180,triplet_accuracy,5778,0.55
upcoming_large_intervention,Baseline,180,triplet_accuracy,5989,0.5
upcoming_large_intervention,Baseline,180,triplet_accuracy,6025,0.55
initiation,Baseline,180,BIS_same_minus_opposite_cosine,105,0.1317451442732956
initiation,Baseline,180,BIS_same_minus_opposite_cosine,323,0.0902032578984896
initiation,Baseline,180,BIS_same_minus_opposite_cosine,348,0.11034736037254333
initiation,Baseline,180,BIS_same_minus_opposite_cosine,391,-0.027510782082875607
initiation,Baseline,180,BIS_same_minus_opposite_cosine,683,-0.09825715716138039
initiation,Baseline,180,BIS_same_minus_opposite_cosine,747,0.07678583636879921
initiation,Baseline,180,BIS_same_minus_opposite_cosine,750,0.03139120091994607
initiation,Baseline,180,BIS_same_minus_opposite_cosine,758,0.13143241902192426
initiation,Baseline,180,BIS_same_minus_opposite_cosine,843,-0.03155563275019324
initiation,Baseline,180,BIS_same_minus_opposite_cosine,877,0.008446504446593228
initiation,Baseline,180,BIS_same_minus_opposite_cosine,926,0.03312961757183075
initiation,Baseline,180,BIS_same_minus_opposite_cosine,967,0.03171485289931297
initiation,Baseline,180,BIS_same_minus_opposite_cosine,992,0.0212185333172481
initiation,Baseline,180,BIS_same_minus_opposite_cosine,1014,0.012600481961712706
initiation,Baseline,180,BIS_same_minus_opposite_cosine,1092,0.16294899440947042
initiation,Baseline,180,BIS_same_minus_opposite_cosine,1193,0.05882655829191208
initiation,Baseline,180,BIS_same_minus_opposite_cosine,1308,0.053936318691932716
initiation,Baseline,180,BIS_same_minus_opposite_cosine,1335,0.08229074130455649
initiation,Baseline,180,BIS_same_minus_opposite_cosine,1480,-0.042986247440179204
initiation,Baseline,180,BIS_same_minus_opposite_cosine,1566,0.03168079211856378
initiation,Baseline,180,BIS_same_minus_opposite_cosine,1636,0.07241729014750675
initiation,Baseline,180,BIS_same_minus_opposite_cosine,1644,0.1556073114275932
initiation,Baseline,180,BIS_same_minus_opposite_cosine,1839,0.04018874950706963
initiation,Baseline,180,BIS_same_minus_opposite_cosine,1943,0.13297684897076
initiation,Baseline,180,BIS_same_minus_opposite_cosine,2005,0.08320743963122368
initiation,Baseline,180,BIS_same_minus_opposite_cosine,2048,0.03195693691571555
initiation,Baseline,180,BIS_same_minus_opposite_cosine,2173,0.016649389432536243
initiation,Baseline,180,BIS_same_minus_opposite_cosine,2263,0.01780983805656433
initiation,Baseline,180,BIS_same_minus_opposite_cosine,2303,0.024290501619830263
initiation,Baseline,180,BIS_same_minus_opposite_cosine,2308,-0.1692525826187597
initiation,Baseline,180,BIS_same_minus_opposite_cosine,2347,0.051049382623397865
initiation,Baseline,180,BIS_same_minus_opposite_cosine,2361,-0.0861498167117436
initiation,Baseline,180,BIS_same_minus_opposite_cosine,2567,-0.024995918075243595
initiation,Baseline,180,BIS_same_minus_opposite_cosine,2900,-0.07585868239402771
initiation,Baseline,180,BIS_same_minus_opposite_cosine,2943,0.05893857131401692
initiation,Baseline,180,BIS_same_minus_opposite_cosine,2946,0.07919312417507174
initiation,Baseline,180,BIS_same_minus_opposite_cosine,2988,0.04857408006985986
initiation,Baseline,180,BIS_same_minus_opposite_cosine,3354,0.10133506447979901
initiation,Baseline,180,BIS_same_minus_opposite_cosine,3387,-0.15084312111139297
initiation,Baseline,180,BIS_same_minus_opposite_cosine,3485,-0.024482694144050243
initiation,Baseline,180,BIS_same_minus_opposite_cosine,3525,-0.07082769793994492
initiation,Baseline,180,BIS_same_minus_opposite_cosine,3569,0.02090012232462557
initiation,Baseline,180,BIS_same_minus_opposite_cosine,3593,0.0511655141909918
initiation,Baseline,180,BIS_same_minus_opposite_cosine,3613,0.037868398608583376
initiation,Baseline,180,BIS_same_minus_opposite_cosine,3764,0.024538216943090663
initiation,Baseline,180,BIS_same_minus_opposite_cosine,3768,0.00839127396995376
initiation,Baseline,180,BIS_same_minus_opposite_cosine,3852,-0.039760053157806396
initiation,Baseline,180,BIS_same_minus_opposite_cosine,3967,0.010530988375345829
initiation,Baseline,180,BIS_same_minus_opposite_cosine,3976,0.11521054059267044
initiation,Baseline,180,BIS_same_minus_opposite_cosine,3978,0.044331371784210205
initiation,Baseline,180,BIS_same_minus_opposite_cosine,3985,0.032390858978033066
initiation,Baseline,180,BIS_same_minus_opposite_cosine,4016,0.15294771144787467
initiation,Baseline,180,BIS_same_minus_opposite_cosine,4080,-0.014487574497858757
initiation,Baseline,180,BIS_same_minus_opposite_cosine,4293,0.08874060213565826
initiation,Baseline,180,BIS_same_minus_opposite_cosine,4312,0.03476411600907647
initiation,Baseline,180,BIS_same_minus_opposite_cosine,4540,0.02007627667802747
initiation,Baseline,180,BIS_same_minus_opposite_cosine,4638,0.006856231225861431
initiation,Baseline,180,BIS_same_minus_opposite_cosine,4686,0.06695116659005484
initiation,Baseline,180,BIS_same_minus_opposite_cosine,4865,0.0009225561763301915
initiation,Baseline,180,BIS_same_minus_opposite_cosine,4944,0.07032346808248102
initiation,Baseline,180,BIS_same_minus_opposite_cosine,5309,0.058924614389737506
initiation,Baseline,180,BIS_same_minus_opposite_cosine,5377,0.009799527625242832
initiation,Baseline,180,BIS_same_minus_opposite_cosine,5410,0.029984311925040363
initiation,Baseline,180,BIS_same_minus_opposite_cosine,5454,0.07210492094357812
initiation,Baseline,180,BIS_same_minus_opposite_cosine,5516,0.023957074398086253
initiation,Baseline,180,BIS_same_minus_opposite_cosine,5600,0.05763522535562515
initiation,Baseline,180,BIS_same_minus_opposite_cosine,5778,0.10327182710170746
initiation,Baseline,180,BIS_same_minus_opposite_cosine,5826,0.011553719639778137
initiation,Baseline,180,BIS_same_minus_opposite_cosine,5961,-0.02620489067501497
initiation,Baseline,180,BIS_same_minus_opposite_cosine,5989,0.025616210518461302
initiation,Baseline,180,BIS_same_minus_opposite_cosine,6025,0.08995940039555239
initiation,Baseline,180,MAP_same_minus_opposite_cosine,105,-0.04372846877033065
initiation,Baseline,180,MAP_same_minus_opposite_cosine,323,0.15312338868776953
initiation,Baseline,180,MAP_same_minus_opposite_cosine,348,0.08783918167605553
initiation,Baseline,180,MAP_same_minus_opposite_cosine,391,0.12798943743109703
initiation,Baseline,180,MAP_same_minus_opposite_cosine,683,-0.021858977360857845
initiation,Baseline,180,MAP_same_minus_opposite_cosine,747,0.06880895011126995
initiation,Baseline,180,MAP_same_minus_opposite_cosine,750,0.058903197447458866
initiation,Baseline,180,MAP_same_minus_opposite_cosine,758,-0.08791595846414568
initiation,Baseline,180,MAP_same_minus_opposite_cosine,843,0.045535111001559714
initiation,Baseline,180,MAP_same_minus_opposite_cosine,877,0.037273323039213824
initiation,Baseline,180,MAP_same_minus_opposite_cosine,926,-0.04221150279045105
initiation,Baseline,180,MAP_same_minus_opposite_cosine,967,0.028633219839045543
initiation,Baseline,180,MAP_same_minus_opposite_cosine,992,-0.05645491828521099
initiation,Baseline,180,MAP_same_minus_opposite_cosine,1014,0.15287140818933642
initiation,Baseline,180,MAP_same_minus_opposite_cosine,1092,0.07336864123741782
initiation,Baseline,180,MAP_same_minus_opposite_cosine,1193,0.024795568651623245
initiation,Baseline,180,MAP_same_minus_opposite_cosine,1308,0.10871669525901473
initiation,Baseline,180,MAP_same_minus_opposite_cosine,1335,0.09309243741962647
initiation,Baseline,180,MAP_same_minus_opposite_cosine,1480,-0.03308290839195249
initiation,Baseline,180,MAP_same_minus_opposite_cosine,1566,-0.031384785744276944
initiation,Baseline,180,MAP_same_minus_opposite_cosine,1636,-0.14748972405989969
initiation,Baseline,180,MAP_same_minus_opposite_cosine,1644,-0.11886601998574209
initiation,Baseline,180,MAP_same_minus_opposite_cosine,1839,-0.040555125384619695
initiation,Baseline,180,MAP_same_minus_opposite_cosine,1943,-0.0417045490308241
initiation,Baseline,180,MAP_same_minus_opposite_cosine,2005,-0.09137127126256617
initiation,Baseline,180,MAP_same_minus_opposite_cosine,2048,0.01915583097272444
initiation,Baseline,180,MAP_same_minus_opposite_cosine,2173,0.06869218533947352
initiation,Baseline,180,MAP_same_minus_opposite_cosine,2263,0.025002945462862636
initiation,Baseline,180,MAP_same_minus_opposite_cosine,2303,0.09034236719210942
initiation,Baseline,180,MAP_same_minus_opposite_cosine,2308,0.10430464458962285
initiation,Baseline,180,MAP_same_minus_opposite_cosine,2347,0.019093067944049857
initiation,Baseline,180,MAP_same_minus_opposite_cosine,2361,0.011780217289924622
initiation,Baseline,180,MAP_same_minus_opposite_cosine,2567,0.14371839988355828
initiation,Baseline,180,MAP_same_minus_opposite_cosine,2900,0.07461842757960169
initiation,Baseline,180,MAP_same_minus_opposite_cosine,2943,-0.07698286597927417
initiation,Baseline,180,MAP_same_minus_opposite_cosine,2946,0.03164266715898667
initiation,Baseline,180,MAP_same_minus_opposite_cosine,2988,-0.06710550698141249
initiation,Baseline,180,MAP_same_minus_opposite_cosine,3354,-0.09862406800190604
initiation,Baseline,180,MAP_same_minus_opposite_cosine,3387,-0.10843911021947861
initiation,Baseline,180,MAP_same_minus_opposite_cosine,3485,0.1233215942269279
initiation,Baseline,180,MAP_same_minus_opposite_cosine,3525,0.041345395147800446
initiation,Baseline,180,MAP_same_minus_opposite_cosine,3569,0.0637541338801384
initiation,Baseline,180,MAP_same_minus_opposite_cosine,3593,0.08522008028295314
initiation,Baseline,180,MAP_same_minus_opposite_cosine,3613,0.0015160176489087407
initiation,Baseline,180,MAP_same_minus_opposite_cosine,3764,-0.03499987026055662
initiation,Baseline,180,MAP_same_minus_opposite_cosine,3768,-0.05925837904214859
initiation,Baseline,180,MAP_same_minus_opposite_cosine,3852,-0.10202008237441385
initiation,Baseline,180,MAP_same_minus_opposite_cosine,3967,-0.03362158834934237
initiation,Baseline,180,MAP_same_minus_opposite_cosine,3976,-0.008231792598962784
initiation,Baseline,180,MAP_same_minus_opposite_cosine,3978,0.03148412207762408
initiation,Baseline,180,MAP_same_minus_opposite_cosine,3985,-0.039961869766314884
initiation,Baseline,180,MAP_same_minus_opposite_cosine,4016,0.006076134289755952
initiation,Baseline,180,MAP_same_minus_opposite_cosine,4080,0.07301105558872223
initiation,Baseline,180,MAP_same_minus_opposite_cosine,4293,-0.006067635660821691
initiation,Baseline,180,MAP_same_minus_opposite_cosine,4312,0.01400748987992606
initiation,Baseline,180,MAP_same_minus_opposite_cosine,4540,-0.02830858131249747
initiation,Baseline,180,MAP_same_minus_opposite_cosine,4638,0.1116926982289268
initiation,Baseline,180,MAP_same_minus_opposite_cosine,4686,-0.08087783058484388
initiation,Baseline,180,MAP_same_minus_opposite_cosine,4865,-0.10939400146404898
initiation,Baseline,180,MAP_same_minus_opposite_cosine,4944,-0.05436472064166353
initiation,Baseline,180,MAP_same_minus_opposite_cosine,5309,-0.02298008451859157
initiation,Baseline,180,MAP_same_minus_opposite_cosine,5377,0.045057018372145596
initiation,Baseline,180,MAP_same_minus_opposite_cosine,5410,0.011301447947820065
initiation,Baseline,180,MAP_same_minus_opposite_cosine,5454,0.00020821268359816347
initiation,Baseline,180,MAP_same_minus_opposite_cosine,5516,-0.015319856504599327
initiation,Baseline,180,MAP_same_minus_opposite_cosine,5600,-0.0424320250749588
initiation,Baseline,180,MAP_same_minus_opposite_cosine,5778,-0.0632839966000932
initiation,Baseline,180,MAP_same_minus_opposite_cosine,5826,-0.014245034257570843
initiation,Baseline,180,MAP_same_minus_opposite_cosine,5961,0.026904614134268368
initiation,Baseline,180,MAP_same_minus_opposite_cosine,5989,-0.014253569642702746
initiation,Baseline,180,MAP_same_minus_opposite_cosine,6025,-0.052080172631475685
initiation,Baseline,180,triplet_accuracy,323,0.6
initiation,Baseline,180,triplet_accuracy,348,0.6
initiation,Baseline,180,triplet_accuracy,391,0.55
initiation,Baseline,180,triplet_accuracy,683,0.6
initiation,Baseline,180,triplet_accuracy,747,0.45
initiation,Baseline,180,triplet_accuracy,750,0.55
initiation,Baseline,180,triplet_accuracy,758,0.6
initiation,Baseline,180,triplet_accuracy,843,0.45
initiation,Baseline,180,triplet_accuracy,967,0.75
initiation,Baseline,180,triplet_accuracy,1014,0.65
initiation,Baseline,180,triplet_accuracy,1092,0.45
initiation,Baseline,180,triplet_accuracy,1193,0.55
initiation,Baseline,180,triplet_accuracy,1335,0.65
initiation,Baseline,180,triplet_accuracy,1480,0.5
initiation,Baseline,180,triplet_accuracy,1566,0.4
initiation,Baseline,180,triplet_accuracy,1839,0.5
initiation,Baseline,180,triplet_accuracy,1943,0.5
initiation,Baseline,180,triplet_accuracy,2005,0.45
initiation,Baseline,180,triplet_accuracy,2048,0.65
initiation,Baseline,180,triplet_accuracy,2173,0.65
initiation,Baseline,180,triplet_accuracy,2263,0.7
initiation,Baseline,180,triplet_accuracy,2303,0.6
initiation,Baseline,180,triplet_accuracy,2308,0.4
initiation,Baseline,180,triplet_accuracy,2347,0.7
initiation,Baseline,180,triplet_accuracy,2361,0.5
initiation,Baseline,180,triplet_accuracy,2567,0.5
initiation,Baseline,180,triplet_accuracy,2943,0.65
initiation,Baseline,180,triplet_accuracy,2988,0.6
initiation,Baseline,180,triplet_accuracy,3354,0.5
initiation,Baseline,180,triplet_accuracy,3525,0.6
initiation,Baseline,180,triplet_accuracy,3569,0.7
initiation,Baseline,180,triplet_accuracy,3593,0.45
initiation,Baseline,180,triplet_accuracy,3768,0.5
initiation,Baseline,180,triplet_accuracy,3852,0.45
initiation,Baseline,180,triplet_accuracy,3967,0.45
initiation,Baseline,180,triplet_accuracy,3978,0.65
initiation,Baseline,180,triplet_accuracy,3985,0.6
initiation,Baseline,180,triplet_accuracy,4016,0.6
initiation,Baseline,180,triplet_accuracy,4293,0.5
initiation,Baseline,180,triplet_accuracy,4312,0.7
initiation,Baseline,180,triplet_accuracy,4540,0.7
initiation,Baseline,180,triplet_accuracy,4686,0.5
initiation,Baseline,180,triplet_accuracy,4865,0.6
initiation,Baseline,180,triplet_accuracy,4944,0.35
initiation,Baseline,180,triplet_accuracy,5309,0.6
initiation,Baseline,180,triplet_accuracy,5377,0.45
initiation,Baseline,180,triplet_accuracy,5410,0.65
initiation,Baseline,180,triplet_accuracy,5454,0.65
initiation,Baseline,180,triplet_accuracy,5516,0.5
initiation,Baseline,180,triplet_accuracy,5600,0.7
initiation,Baseline,180,triplet_accuracy,5778,0.55
initiation,Baseline,180,triplet_accuracy,5989,0.4
initiation,Baseline,180,triplet_accuracy,6025,0.7
increase,Baseline,180,BIS_same_minus_opposite_cosine,105,0.001756311083833395
increase,Baseline,180,BIS_same_minus_opposite_cosine,323,-0.053478580382135155
increase,Baseline,180,BIS_same_minus_opposite_cosine,348,0.0838998054916208
increase,Baseline,180,BIS_same_minus_opposite_cosine,391,0.0506106488632434
increase,Baseline,180,BIS_same_minus_opposite_cosine,683,0.09627858594511496
increase,Baseline,180,BIS_same_minus_opposite_cosine,747,-0.09232018391291297
increase,Baseline,180,BIS_same_minus_opposite_cosine,750,0.0053457707166671975
increase,Baseline,180,BIS_same_minus_opposite_cosine,758,0.1031613608201345
increase,Baseline,180,BIS_same_minus_opposite_cosine,843,0.20254270204653346
increase,Baseline,180,BIS_same_minus_opposite_cosine,877,-0.09471317231655119
increase,Baseline,180,BIS_same_minus_opposite_cosine,926,0.05874820947647097
increase,Baseline,180,BIS_same_minus_opposite_cosine,967,0.14343780080477392
increase,Baseline,180,BIS_same_minus_opposite_cosine,992,0.03235342105229699
increase,Baseline,180,BIS_same_minus_opposite_cosine,1092,-0.0019200699669974508
increase,Baseline,180,BIS_same_minus_opposite_cosine,1193,0.08012951413790392
increase,Baseline,180,BIS_same_minus_opposite_cosine,1308,0.05733265163320478
increase,Baseline,180,BIS_same_minus_opposite_cosine,1335,-0.07736474772294355
increase,Baseline,180,BIS_same_minus_opposite_cosine,1480,0.018261681000391716
increase,Baseline,180,BIS_same_minus_opposite_cosine,1566,0.0063124969601631165
increase,Baseline,180,BIS_same_minus_opposite_cosine,1636,0.03961792389551799
increase,Baseline,180,BIS_same_minus_opposite_cosine,1644,0.0855988090236981
increase,Baseline,180,BIS_same_minus_opposite_cosine,1943,0.10356791019439693
increase,Baseline,180,BIS_same_minus_opposite_cosine,2005,-0.10357712386619478
increase,Baseline,180,BIS_same_minus_opposite_cosine,2048,0.013428205251693748
increase,Baseline,180,BIS_same_minus_opposite_cosine,2173,-0.037134725848833705
increase,Baseline,180,BIS_same_minus_opposite_cosine,2263,0.041851428647835975
increase,Baseline,180,BIS_same_minus_opposite_cosine,2303,0.12556539674599965
increase,Baseline,180,BIS_same_minus_opposite_cosine,2308,0.02800006394584975
increase,Baseline,180,BIS_same_minus_opposite_cosine,2361,0.03701198101043701
increase,Baseline,180,BIS_same_minus_opposite_cosine,2567,-0.070111486044797
increase,Baseline,180,BIS_same_minus_opposite_cosine,2900,0.0493823900818825
increase,Baseline,180,BIS_same_minus_opposite_cosine,2943,0.015813556810220064
increase,Baseline,180,BIS_same_minus_opposite_cosine,2946,0.03070235974860913
increase,Baseline,180,BIS_same_minus_opposite_cosine,3261,0.08552671720584237
increase,Baseline,180,BIS_same_minus_opposite_cosine,3354,0.03416425403621459
increase,Baseline,180,BIS_same_minus_opposite_cosine,3387,-0.07783941179513931
increase,Baseline,180,BIS_same_minus_opposite_cosine,3485,0.03760963891233715
increase,Baseline,180,BIS_same_minus_opposite_cosine,3525,0.07429795260682259
increase,Baseline,180,BIS_same_minus_opposite_cosine,3593,-0.01644597053527841
increase,Baseline,180,BIS_same_minus_opposite_cosine,3613,0.05662310818831118
increase,Baseline,180,BIS_same_minus_opposite_cosine,3768,-0.017820050770586238
increase,Baseline,180,BIS_same_minus_opposite_cosine,3852,0.046722282965978024
increase,Baseline,180,BIS_same_minus_opposite_cosine,3967,-0.010797605821580625
increase,Baseline,180,BIS_same_minus_opposite_cosine,3976,0.016467129190762875
increase,Baseline,180,BIS_same_minus_opposite_cosine,3978,-0.0009415470289462213
increase,Baseline,180,BIS_same_minus_opposite_cosine,3985,0.11764261325200398
increase,Baseline,180,BIS_same_minus_opposite_cosine,4016,0.06690009021096754
increase,Baseline,180,BIS_same_minus_opposite_cosine,4080,-0.029384385617006403
increase,Baseline,180,BIS_same_minus_opposite_cosine,4293,0.08366778989632928
increase,Baseline,180,BIS_same_minus_opposite_cosine,4312,-0.061108511189619685
increase,Baseline,180,BIS_same_minus_opposite_cosine,4529,0.08441515101326835
increase,Baseline,180,BIS_same_minus_opposite_cosine,4540,0.05610826694303084
increase,Baseline,180,BIS_same_minus_opposite_cosine,4638,-0.10524086654186249
increase,Baseline,180,BIS_same_minus_opposite_cosine,4686,-0.03937230507532752
increase,Baseline,180,BIS_same_minus_opposite_cosine,4821,0.05058452188968654
increase,Baseline,180,BIS_same_minus_opposite_cosine,4865,0.11855195733633905
increase,Baseline,180,BIS_same_minus_opposite_cosine,4944,-0.0754139398535093
increase,Baseline,180,BIS_same_minus_opposite_cosine,5309,-0.005337879061698914
increase,Baseline,180,BIS_same_minus_opposite_cosine,5377,0.14337675092798297
increase,Baseline,180,BIS_same_minus_opposite_cosine,5410,0.01687529683113098
increase,Baseline,180,BIS_same_minus_opposite_cosine,5454,0.055834503755682996
increase,Baseline,180,BIS_same_minus_opposite_cosine,5516,0.05062668522198999
increase,Baseline,180,BIS_same_minus_opposite_cosine,5600,0.06683115081654656
increase,Baseline,180,BIS_same_minus_opposite_cosine,5778,0.08365390863683486
increase,Baseline,180,BIS_same_minus_opposite_cosine,5826,0.03329592247804014
increase,Baseline,180,BIS_same_minus_opposite_cosine,5961,0.007000279095437767
increase,Baseline,180,BIS_same_minus_opposite_cosine,5989,0.008408436344729542
increase,Baseline,180,MAP_same_minus_opposite_cosine,105,0.022631400067246288
increase,Baseline,180,MAP_same_minus_opposite_cosine,323,-0.040179020979187685
increase,Baseline,180,MAP_same_minus_opposite_cosine,348,-0.009901671608289142
increase,Baseline,180,MAP_same_minus_opposite_cosine,391,-0.05380099018414808
increase,Baseline,180,MAP_same_minus_opposite_cosine,683,-0.06047498534123097
increase,Baseline,180,MAP_same_minus_opposite_cosine,747,-0.08834558770512091
increase,Baseline,180,MAP_same_minus_opposite_cosine,750,0.04220595865538623
increase,Baseline,180,MAP_same_minus_opposite_cosine,758,-0.010823242366313934
increase,Baseline,180,MAP_same_minus_opposite_cosine,843,0.11089653815283929
increase,Baseline,180,MAP_same_minus_opposite_cosine,877,-0.0831674838607962
increase,Baseline,180,MAP_same_minus_opposite_cosine,926,0.04121054279984848
increase,Baseline,180,MAP_same_minus_opposite_cosine,967,0.05390896896521258
increase,Baseline,180,MAP_same_minus_opposite_cosine,992,-0.07109396159648895
increase,Baseline,180,MAP_same_minus_opposite_cosine,1092,-0.007797620513222414
increase,Baseline,180,MAP_same_minus_opposite_cosine,1193,-0.030848833421866062
increase,Baseline,180,MAP_same_minus_opposite_cosine,1308,0.041442434489727065
increase,Baseline,180,MAP_same_minus_opposite_cosine,1335,0.04066202992742707
increase,Baseline,180,MAP_same_minus_opposite_cosine,1480,0.025470934582479066
increase,Baseline,180,MAP_same_minus_opposite_cosine,1566,0.052409763137499454
increase,Baseline,180,MAP_same_minus_opposite_cosine,1636,0.015555663090763727
increase,Baseline,180,MAP_same_minus_opposite_cosine,1644,0.09387741712006659
increase,Baseline,180,MAP_same_minus_opposite_cosine,1943,-0.08841721036217431
increase,Baseline,180,MAP_same_minus_opposite_cosine,2005,-0.06919668813546498
increase,Baseline,180,MAP_same_minus_opposite_cosine,2048,0.10177562137444818
increase,Baseline,180,MAP_same_minus_opposite_cosine,2173,-0.05850042899449659
increase,Baseline,180,MAP_same_minus_opposite_cosine,2263,0.11974026262760162
increase,Baseline,180,MAP_same_minus_opposite_cosine,2303,-0.09803557147582376
increase,Baseline,180,MAP_same_minus_opposite_cosine,2308,-0.13860582932829857
increase,Baseline,180,MAP_same_minus_opposite_cosine,2361,-0.03896819409869967
increase,Baseline,180,MAP_same_minus_opposite_cosine,2567,0.12020172841019094
increase,Baseline,180,MAP_same_minus_opposite_cosine,2900,-0.06287376795496258
increase,Baseline,180,MAP_same_minus_opposite_cosine,2943,-0.1300909477803442
increase,Baseline,180,MAP_same_minus_opposite_cosine,2946,-0.005632012179403567
increase,Baseline,180,MAP_same_minus_opposite_cosine,3261,-0.018060117959976196
increase,Baseline,180,MAP_same_minus_opposite_cosine,3354,0.08060693785999762
increase,Baseline,180,MAP_same_minus_opposite_cosine,3387,0.024533815230384004
increase,Baseline,180,MAP_same_minus_opposite_cosine,3485,-0.02573878950241848
increase,Baseline,180,MAP_same_minus_opposite_cosine,3525,-0.044482772097443
increase,Baseline,180,MAP_same_minus_opposite_cosine,3593,0.01266508549451828
increase,Baseline,180,MAP_same_minus_opposite_cosine,3613,0.040103447933991676
increase,Baseline,180,MAP_same_minus_opposite_cosine,3768,0.04449675232172012
increase,Baseline,180,MAP_same_minus_opposite_cosine,3852,0.059350119531154655
increase,Baseline,180,MAP_same_minus_opposite_cosine,3967,-8.444984753930296e-05
increase,Baseline,180,MAP_same_minus_opposite_cosine,3976,0.06432031907818536
increase,Baseline,180,MAP_same_minus_opposite_cosine,3978,-0.008507640524344051
increase,Baseline,180,MAP_same_minus_opposite_cosine,3985,-0.05610568708542629
increase,Baseline,180,MAP_same_minus_opposite_cosine,4016,0.011665652195612553
increase,Baseline,180,MAP_same_minus_opposite_cosine,4080,0.004120692610740662
increase,Baseline,180,MAP_same_minus_opposite_cosine,4293,0.047084252039591545
increase,Baseline,180,MAP_same_minus_opposite_cosine,4312,-0.0013554617762565613
increase,Baseline,180,MAP_same_minus_opposite_cosine,4529,0.04262733790609574
increase,Baseline,180,MAP_same_minus_opposite_cosine,4540,-0.013181313872337341
increase,Baseline,180,MAP_same_minus_opposite_cosine,4638,-0.0030609911138360646
increase,Baseline,180,MAP_same_minus_opposite_cosine,4686,-0.03346140517128837
increase,Baseline,180,MAP_same_minus_opposite_cosine,4821,0.010449982050693474
increase,Baseline,180,MAP_same_minus_opposite_cosine,4865,0.06731370339790976
increase,Baseline,180,MAP_same_minus_opposite_cosine,4944,0.06160888473192849
increase,Baseline,180,MAP_same_minus_opposite_cosine,5309,0.10742665240258886
increase,Baseline,180,MAP_same_minus_opposite_cosine,5377,0.13647012909253442
increase,Baseline,180,MAP_same_minus_opposite_cosine,5410,-0.2310776263475418
increase,Baseline,180,MAP_same_minus_opposite_cosine,5454,0.08189272383848822
increase,Baseline,180,MAP_same_minus_opposite_cosine,5516,-0.059788453082243564
increase,Baseline,180,MAP_same_minus_opposite_cosine,5600,-0.022503580649693822
increase,Baseline,180,MAP_same_minus_opposite_cosine,5778,0.04422050217787421
increase,Baseline,180,MAP_same_minus_opposite_cosine,5961,0.1084815421790788
increase,Baseline,180,MAP_same_minus_opposite_cosine,5989,0.04601009777097986
increase,Baseline,180,triplet_accuracy,323,0.4
increase,Baseline,180,triplet_accuracy,348,0.5
increase,Baseline,180,triplet_accuracy,391,0.4
increase,Baseline,180,triplet_accuracy,683,0.65
increase,Baseline,180,triplet_accuracy,747,0.6
increase,Baseline,180,triplet_accuracy,750,0.55
increase,Baseline,180,triplet_accuracy,758,0.45
increase,Baseline,180,triplet_accuracy,843,0.55
increase,Baseline,180,triplet_accuracy,967,0.9
increase,Baseline,180,triplet_accuracy,1092,0.55
increase,Baseline,180,triplet_accuracy,1193,0.6
increase,Baseline,180,triplet_accuracy,1335,0.75
increase,Baseline,180,triplet_accuracy,1480,0.5
increase,Baseline,180,triplet_accuracy,1566,0.55
increase,Baseline,180,triplet_accuracy,1943,0.35
increase,Baseline,180,triplet_accuracy,2005,0.5
increase,Baseline,180,triplet_accuracy,2048,0.45
increase,Baseline,180,triplet_accuracy,2173,0.65
increase,Baseline,180,triplet_accuracy,2263,0.6
increase,Baseline,180,triplet_accuracy,2303,0.65
increase,Baseline,180,triplet_accuracy,2308,0.45
increase,Baseline,180,triplet_accuracy,2361,0.5
increase,Baseline,180,triplet_accuracy,2567,0.6
increase,Baseline,180,triplet_accuracy,2943,0.6
increase,Baseline,180,triplet_accuracy,3261,0.4
increase,Baseline,180,triplet_accuracy,3354,0.85
increase,Baseline,180,triplet_accuracy,3525,0.35
increase,Baseline,180,triplet_accuracy,3593,0.25
increase,Baseline,180,triplet_accuracy,3768,0.6
increase,Baseline,180,triplet_accuracy,3852,0.5
increase,Baseline,180,triplet_accuracy,3967,0.6
increase,Baseline,180,triplet_accuracy,3978,0.6
increase,Baseline,180,triplet_accuracy,3985,0.75
increase,Baseline,180,triplet_accuracy,4016,0.45
increase,Baseline,180,triplet_accuracy,4293,0.55
increase,Baseline,180,triplet_accuracy,4312,0.45
increase,Baseline,180,triplet_accuracy,4529,0.3
increase,Baseline,180,triplet_accuracy,4540,0.6
increase,Baseline,180,triplet_accuracy,4686,0.4
increase,Baseline,180,triplet_accuracy,4821,0.6
increase,Baseline,180,triplet_accuracy,4865,0.55
increase,Baseline,180,triplet_accuracy,4944,0.4
increase,Baseline,180,triplet_accuracy,5309,0.6
increase,Baseline,180,triplet_accuracy,5377,0.6
increase,Baseline,180,triplet_accuracy,5410,0.55
increase,Baseline,180,triplet_accuracy,5454,0.5
increase,Baseline,180,triplet_accuracy,5516,0.5
increase,Baseline,180,triplet_accuracy,5600,0.45
increase,Baseline,180,triplet_accuracy,5778,0.5
increase,Baseline,180,triplet_accuracy,5989,0.5
decrease,Baseline,180,BIS_same_minus_opposite_cosine,105,0.03435921669006348
decrease,Baseline,180,BIS_same_minus_opposite_cosine,323,-0.06796836058298739
decrease,Baseline,180,BIS_same_minus_opposite_cosine,348,-0.006826676428318024
decrease,Baseline,180,BIS_same_minus_opposite_cosine,391,0.10444492995738985
decrease,Baseline,180,BIS_same_minus_opposite_cosine,683,0.03129170669449699
decrease,Baseline,180,BIS_same_minus_opposite_cosine,747,0.008651739110549284
decrease,Baseline,180,BIS_same_minus_opposite_cosine,750,0.09959859152634942
decrease,Baseline,180,BIS_same_minus_opposite_cosine,758,-0.04810151954491926
decrease,Baseline,180,BIS_same_minus_opposite_cosine,843,-0.03604651490847266
decrease,Baseline,180,BIS_same_minus_opposite_cosine,877,-0.0657667382196947
decrease,Baseline,180,BIS_same_minus_opposite_cosine,926,-0.018484455015924217
decrease,Baseline,180,BIS_same_minus_opposite_cosine,967,-0.054726773139202156
decrease,Baseline,180,BIS_same_minus_opposite_cosine,992,0.044564312606146794
decrease,Baseline,180,BIS_same_minus_opposite_cosine,1014,-0.009610332548618317
decrease,Baseline,180,BIS_same_minus_opposite_cosine,1092,0.0009082777030540168
decrease,Baseline,180,BIS_same_minus_opposite_cosine,1193,0.01724720663494539
decrease,Baseline,180,BIS_same_minus_opposite_cosine,1308,0.056146035591761234
decrease,Baseline,180,BIS_same_minus_opposite_cosine,1335,0.08102068636152471
decrease,Baseline,180,BIS_same_minus_opposite_cosine,1480,0.15601210892200468
decrease,Baseline,180,BIS_same_minus_opposite_cosine,1566,-0.02023935317993164
decrease,Baseline,180,BIS_same_minus_opposite_cosine,1636,0.0486625216223977
decrease,Baseline,180,BIS_same_minus_opposite_cosine,1644,0.08393492120684998
decrease,Baseline,180,BIS_same_minus_opposite_cosine,1839,0.17986033721403638
decrease,Baseline,180,BIS_same_minus_opposite_cosine,1943,0.05604500571886695
decrease,Baseline,180,BIS_same_minus_opposite_cosine,2005,0.010303972909847858
decrease,Baseline,180,BIS_same_minus_opposite_cosine,2048,-0.04973524334755808
decrease,Baseline,180,BIS_same_minus_opposite_cosine,2173,0.032909150545795796
decrease,Baseline,180,BIS_same_minus_opposite_cosine,2263,0.05403241515159607
decrease,Baseline,180,BIS_same_minus_opposite_cosine,2303,0.163393751780192
decrease,Baseline,180,BIS_same_minus_opposite_cosine,2308,0.037019071834427986
decrease,Baseline,180,BIS_same_minus_opposite_cosine,2347,0.022363339861233955
decrease,Baseline,180,BIS_same_minus_opposite_cosine,2361,0.04698895514011381
decrease,Baseline,180,BIS_same_minus_opposite_cosine,2567,0.08422645294305042
decrease,Baseline,180,BIS_same_minus_opposite_cosine,2900,0.05217750583376202
decrease,Baseline,180,BIS_same_minus_opposite_cosine,2943,-0.029611761822845084
decrease,Baseline,180,BIS_same_minus_opposite_cosine,2946,-0.06879794970154762
decrease,Baseline,180,BIS_same_minus_opposite_cosine,2988,-0.045123780992898044
decrease,Baseline,180,BIS_same_minus_opposite_cosine,3261,0.04816150830851662
decrease,Baseline,180,BIS_same_minus_opposite_cosine,3354,0.07896806697050729
decrease,Baseline,180,BIS_same_minus_opposite_cosine,3387,0.12412817776203156
decrease,Baseline,180,BIS_same_minus_opposite_cosine,3485,-0.034835896257198296
decrease,Baseline,180,BIS_same_minus_opposite_cosine,3525,-0.0644249017039934
decrease,Baseline,180,BIS_same_minus_opposite_cosine,3569,-0.04360627879699075
decrease,Baseline,180,BIS_same_minus_opposite_cosine,3593,0.06086431443691254
decrease,Baseline,180,BIS_same_minus_opposite_cosine,3613,0.06844795578055918
decrease,Baseline,180,BIS_same_minus_opposite_cosine,3764,0.009736649692058563
decrease,Baseline,180,BIS_same_minus_opposite_cosine,3768,-0.06899116312464082
decrease,Baseline,180,BIS_same_minus_opposite_cosine,3852,-0.008697205420696297
decrease,Baseline,180,BIS_same_minus_opposite_cosine,3967,0.10357138266166055
decrease,Baseline,180,BIS_same_minus_opposite_cosine,3976,0.020031554003556606
decrease,Baseline,180,BIS_same_minus_opposite_cosine,3978,-0.031742838025093034
decrease,Baseline,180,BIS_same_minus_opposite_cosine,3985,-0.0025851216280098344
decrease,Baseline,180,BIS_same_minus_opposite_cosine,4016,-0.010838121175765991
decrease,Baseline,180,BIS_same_minus_opposite_cosine,4080,0.038971980412801144
decrease,Baseline,180,BIS_same_minus_opposite_cosine,4293,0.03935455508304364
decrease,Baseline,180,BIS_same_minus_opposite_cosine,4312,0.0058611624297640885
decrease,Baseline,180,BIS_same_minus_opposite_cosine,4529,0.019061346848805782
decrease,Baseline,180,BIS_same_minus_opposite_cosine,4540,-0.02073325465122855
decrease,Baseline,180,BIS_same_minus_opposite_cosine,4638,0.0981691810819838
decrease,Baseline,180,BIS_same_minus_opposite_cosine,4686,0.02652440333005146
decrease,Baseline,180,BIS_same_minus_opposite_cosine,4821,0.031482066394704744
decrease,Baseline,180,BIS_same_minus_opposite_cosine,4865,0.025126821051041248
decrease,Baseline,180,BIS_same_minus_opposite_cosine,4944,0.05006864666938782
decrease,Baseline,180,BIS_same_minus_opposite_cosine,5309,0.04749123345721851
decrease,Baseline,180,BIS_same_minus_opposite_cosine,5377,-0.05687749435504286
decrease,Baseline,180,BIS_same_minus_opposite_cosine,5410,0.07241202890872955
decrease,Baseline,180,BIS_same_minus_opposite_cosine,5454,0.08617735676693195
decrease,Baseline,180,BIS_same_minus_opposite_cosine,5516,0.02040322472651801
decrease,Baseline,180,BIS_same_minus_opposite_cosine,5600,-0.037686554094155555
decrease,Baseline,180,BIS_same_minus_opposite_cosine,5778,-0.03864817072947824
decrease,Baseline,180,BIS_same_minus_opposite_cosine,5826,0.022782721453242893
decrease,Baseline,180,BIS_same_minus_opposite_cosine,5961,0.017014618172790152
decrease,Baseline,180,BIS_same_minus_opposite_cosine,5989,-0.004999945561091068
decrease,Baseline,180,BIS_same_minus_opposite_cosine,6025,0.103729403831742
decrease,Baseline,180,MAP_same_minus_opposite_cosine,105,0.046970054507255554
decrease,Baseline,180,MAP_same_minus_opposite_cosine,323,0.03330974351792115
decrease,Baseline,180,MAP_same_minus_opposite_cosine,348,-0.0940107901891073
decrease,Baseline,180,MAP_same_minus_opposite_cosine,391,-0.11779165392120683
decrease,Baseline,180,MAP_same_minus_opposite_cosine,683,0.020521787531448066
decrease,Baseline,180,MAP_same_minus_opposite_cosine,747,0.01573779371877515
decrease,Baseline,180,MAP_same_minus_opposite_cosine,750,-0.0008704413970311853
decrease,Baseline,180,MAP_same_minus_opposite_cosine,758,-0.030311649044354794
decrease,Baseline,180,MAP_same_minus_opposite_cosine,843,-0.08213795920213063
decrease,Baseline,180,MAP_same_minus_opposite_cosine,877,0.1503374442458153
decrease,Baseline,180,MAP_same_minus_opposite_cosine,926,-0.036383022864659664
decrease,Baseline,180,MAP_same_minus_opposite_cosine,967,0.05017293865482009
decrease,Baseline,180,MAP_same_minus_opposite_cosine,992,0.07440688257867645
decrease,Baseline,180,MAP_same_minus_opposite_cosine,1014,-0.011523835361003876
decrease,Baseline,180,MAP_same_minus_opposite_cosine,1092,-0.03124652377196724
decrease,Baseline,180,MAP_same_minus_opposite_cosine,1193,0.11591062115298378
decrease,Baseline,180,MAP_same_minus_opposite_cosine,1308,0.04249345138669014
decrease,Baseline,180,MAP_same_minus_opposite_cosine,1335,-0.04775013327598576
decrease,Baseline,180,MAP_same_minus_opposite_cosine,1480,-0.005087370177110029
decrease,Baseline,180,MAP_same_minus_opposite_cosine,1566,-0.13036045254695983
decrease,Baseline,180,MAP_same_minus_opposite_cosine,1636,0.04696384320656455
decrease,Baseline,180,MAP_same_minus_opposite_cosine,1644,0.03583824303415095
decrease,Baseline,180,MAP_same_minus_opposite_cosine,1839,0.01370937670722161
decrease,Baseline,180,MAP_same_minus_opposite_cosine,1943,-0.030315676421830196
decrease,Baseline,180,MAP_same_minus_opposite_cosine,2005,0.05241610109806061
decrease,Baseline,180,MAP_same_minus_opposite_cosine,2048,0.005784663889143116
decrease,Baseline,180,MAP_same_minus_opposite_cosine,2173,-0.017365889747937513
decrease,Baseline,180,MAP_same_minus_opposite_cosine,2263,0.01609714825948083
decrease,Baseline,180,MAP_same_minus_opposite_cosine,2303,-0.0355617319544157
decrease,Baseline,180,MAP_same_minus_opposite_cosine,2308,0.01796177712579572
decrease,Baseline,180,MAP_same_minus_opposite_cosine,2347,0.022990908135067323
decrease,Baseline,180,MAP_same_minus_opposite_cosine,2361,0.014861231545607256
decrease,Baseline,180,MAP_same_minus_opposite_cosine,2567,0.05813961121298017
decrease,Baseline,180,MAP_same_minus_opposite_cosine,2900,-0.024240276341637057
decrease,Baseline,180,MAP_same_minus_opposite_cosine,2943,0.06895297020673752
decrease,Baseline,180,MAP_same_minus_opposite_cosine,2946,0.043329546848932865
decrease,Baseline,180,MAP_same_minus_opposite_cosine,2988,0.04289492633607661
decrease,Baseline,180,MAP_same_minus_opposite_cosine,3261,-0.007801401863495427
decrease,Baseline,180,MAP_same_minus_opposite_cosine,3354,0.002403569718201881
decrease,Baseline,180,MAP_same_minus_opposite_cosine,3387,0.06461356911394334
decrease,Baseline,180,MAP_same_minus_opposite_cosine,3485,0.07263815485768843
decrease,Baseline,180,MAP_same_minus_opposite_cosine,3525,-0.057905082901318794
decrease,Baseline,180,MAP_same_minus_opposite_cosine,3569,-0.03594625718665845
decrease,Baseline,180,MAP_same_minus_opposite_cosine,3593,0.1159657587607702
decrease,Baseline,180,MAP_same_minus_opposite_cosine,3613,0.03294064849615097
decrease,Baseline,180,MAP_same_minus_opposite_cosine,3764,0.04913689196109772
decrease,Baseline,180,MAP_same_minus_opposite_cosine,3768,-0.06671290596326196
decrease,Baseline,180,MAP_same_minus_opposite_cosine,3852,0.00759512186050415
decrease,Baseline,180,MAP_same_minus_opposite_cosine,3967,-0.008117999994393554
decrease,Baseline,180,MAP_same_minus_opposite_cosine,3976,0.021854455723907096
decrease,Baseline,180,MAP_same_minus_opposite_cosine,3978,0.05214952429135644
decrease,Baseline,180,MAP_same_minus_opposite_cosine,3985,0.023469645868648192
decrease,Baseline,180,MAP_same_minus_opposite_cosine,4016,-0.002076893548170644
decrease,Baseline,180,MAP_same_minus_opposite_cosine,4080,-0.04568304302114423
decrease,Baseline,180,MAP_same_minus_opposite_cosine,4293,-0.028536577522754625
decrease,Baseline,180,MAP_same_minus_opposite_cosine,4312,-0.0236041322350502
decrease,Baseline,180,MAP_same_minus_opposite_cosine,4529,0.04163607954978943
decrease,Baseline,180,MAP_same_minus_opposite_cosine,4540,-0.10868331690629329
decrease,Baseline,180,MAP_same_minus_opposite_cosine,4638,0.022074067682930965
decrease,Baseline,180,MAP_same_minus_opposite_cosine,4686,0.0427317967017492
decrease,Baseline,180,MAP_same_minus_opposite_cosine,4821,0.026984219749768612
decrease,Baseline,180,MAP_same_minus_opposite_cosine,4865,-0.07743793055415149
decrease,Baseline,180,MAP_same_minus_opposite_cosine,4944,0.0470503589936665
decrease,Baseline,180,MAP_same_minus_opposite_cosine,5309,-0.07682856894803769
decrease,Baseline,180,MAP_same_minus_opposite_cosine,5377,0.10216880672507822
decrease,Baseline,180,MAP_same_minus_opposite_cosine,5410,0.019316203892230988
decrease,Baseline,180,MAP_same_minus_opposite_cosine,5454,-0.007871208091576931
decrease,Baseline,180,MAP_same_minus_opposite_cosine,5516,-0.0659078172210491
decrease,Baseline,180,MAP_same_minus_opposite_cosine,5600,-0.017288734967058406
decrease,Baseline,180,MAP_same_minus_opposite_cosine,5778,-0.03523646295070648
decrease,Baseline,180,MAP_same_minus_opposite_cosine,5826,-0.006328235069910648
decrease,Baseline,180,MAP_same_minus_opposite_cosine,5961,0.00803994337717684
decrease,Baseline,180,MAP_same_minus_opposite_cosine,5989,-0.07043257355690002
decrease,Baseline,180,MAP_same_minus_opposite_cosine,6025,-0.027257533868153883
decrease,Baseline,180,triplet_accuracy,323,0.55
decrease,Baseline,180,triplet_accuracy,348,0.55
decrease,Baseline,180,triplet_accuracy,391,0.5
decrease,Baseline,180,triplet_accuracy,683,0.5
decrease,Baseline,180,triplet_accuracy,747,0.45
decrease,Baseline,180,triplet_accuracy,750,0.65
decrease,Baseline,180,triplet_accuracy,758,0.2
decrease,Baseline,180,triplet_accuracy,843,0.65
decrease,Baseline,180,triplet_accuracy,967,0.6
decrease,Baseline,180,triplet_accuracy,1014,0.4
decrease,Baseline,180,triplet_accuracy,1092,0.5
decrease,Baseline,180,triplet_accuracy,1193,0.4
decrease,Baseline,180,triplet_accuracy,1335,0.6
decrease,Baseline,180,triplet_accuracy,1480,0.5
decrease,Baseline,180,triplet_accuracy,1566,0.55
decrease,Baseline,180,triplet_accuracy,1839,0.6
decrease,Baseline,180,triplet_accuracy,1943,0.65
decrease,Baseline,180,triplet_accuracy,2005,0.65
decrease,Baseline,180,triplet_accuracy,2048,0.5
decrease,Baseline,180,triplet_accuracy,2173,0.55
decrease,Baseline,180,triplet_accuracy,2263,0.45
decrease,Baseline,180,triplet_accuracy,2303,0.55
decrease,Baseline,180,triplet_accuracy,2308,0.5
decrease,Baseline,180,triplet_accuracy,2347,0.6
decrease,Baseline,180,triplet_accuracy,2361,0.4
decrease,Baseline,180,triplet_accuracy,2567,0.5
decrease,Baseline,180,triplet_accuracy,2943,0.35
decrease,Baseline,180,triplet_accuracy,2988,0.35
decrease,Baseline,180,triplet_accuracy,3261,0.6
decrease,Baseline,180,triplet_accuracy,3354,0.5
decrease,Baseline,180,triplet_accuracy,3525,0.5
decrease,Baseline,180,triplet_accuracy,3569,0.4
decrease,Baseline,180,triplet_accuracy,3593,0.6
decrease,Baseline,180,triplet_accuracy,3768,0.45
decrease,Baseline,180,triplet_accuracy,3852,0.6
decrease,Baseline,180,triplet_accuracy,3967,0.55
decrease,Baseline,180,triplet_accuracy,3978,0.55
decrease,Baseline,180,triplet_accuracy,3985,0.55
decrease,Baseline,180,triplet_accuracy,4016,0.45
decrease,Baseline,180,triplet_accuracy,4293,0.6
decrease,Baseline,180,triplet_accuracy,4312,0.35
decrease,Baseline,180,triplet_accuracy,4529,0.4
decrease,Baseline,180,triplet_accuracy,4540,0.6
decrease,Baseline,180,triplet_accuracy,4686,0.6
decrease,Baseline,180,triplet_accuracy,4821,0.5
decrease,Baseline,180,triplet_accuracy,4865,0.6
decrease,Baseline,180,triplet_accuracy,4944,0.65
decrease,Baseline,180,triplet_accuracy,5309,0.7
decrease,Baseline,180,triplet_accuracy,5377,0.65
decrease,Baseline,180,triplet_accuracy,5410,0.5
decrease,Baseline,180,triplet_accuracy,5454,0.4
decrease,Baseline,180,triplet_accuracy,5516,0.65
decrease,Baseline,180,triplet_accuracy,5600,0.45
decrease,Baseline,180,triplet_accuracy,5778,0.55
decrease,Baseline,180,triplet_accuracy,5989,0.55
decrease,Baseline,180,triplet_accuracy,6025,0.6
stop,Baseline,180,BIS_same_minus_opposite_cosine,105,0.06470384945472085
stop,Baseline,180,BIS_same_minus_opposite_cosine,348,0.05294879443115663
stop,Baseline,180,BIS_same_minus_opposite_cosine,391,0.09120797259466995
stop,Baseline,180,BIS_same_minus_opposite_cosine,747,0.00522981749640572
stop,Baseline,180,BIS_same_minus_opposite_cosine,758,0.09806129932403562
stop,Baseline,180,BIS_same_minus_opposite_cosine,877,0.2370392102183717
stop,Baseline,180,BIS_same_minus_opposite_cosine,926,-0.12480294704437256
stop,Baseline,180,BIS_same_minus_opposite_cosine,1092,0.10858826339244843
stop,Baseline,180,BIS_same_minus_opposite_cosine,1193,-0.11757354214787485
stop,Baseline,180,BIS_same_minus_opposite_cosine,1480,-0.004577999313672421
stop,Baseline,180,BIS_same_minus_opposite_cosine,1636,0.04905824065208442
stop,Baseline,180,BIS_same_minus_opposite_cosine,1644,-0.04512710041469992
stop,Baseline,180,BIS_same_minus_opposite_cosine,2005,0.07136346499125157
stop,Baseline,180,BIS_same_minus_opposite_cosine,2303,-0.41929176449775696
stop,Baseline,180,BIS_same_minus_opposite_cosine,2361,0.018603976025725943
stop,Baseline,180,BIS_same_minus_opposite_cosine,2567,-0.1787539631128311
stop,Baseline,180,BIS_same_minus_opposite_cosine,2943,-0.018446162343025208
stop,Baseline,180,BIS_same_minus_opposite_cosine,2946,0.0174678482792594
stop,Baseline,180,BIS_same_minus_opposite_cosine,3261,-0.01460674436142051
stop,Baseline,180,BIS_same_minus_opposite_cosine,3485,-0.05755365267395973
stop,Baseline,180,BIS_same_minus_opposite_cosine,3525,0.025765233806201437
stop,Baseline,180,BIS_same_minus_opposite_cosine,3593,0.11711442760295343
stop,Baseline,180,BIS_same_minus_opposite_cosine,3613,0.009136427532542846
stop,Baseline,180,BIS_same_minus_opposite_cosine,3967,0.12127159016601974
stop,Baseline,180,BIS_same_minus_opposite_cosine,3976,-0.018625809500614765
stop,Baseline,180,BIS_same_minus_opposite_cosine,4016,0.058359479738606335
stop,Baseline,180,BIS_same_minus_opposite_cosine,4865,0.14146582533915836
stop,Baseline,180,BIS_same_minus_opposite_cosine,4944,-0.011320364971955654
stop,Baseline,180,BIS_same_minus_opposite_cosine,5377,-0.053375184535980225
stop,Baseline,180,BIS_same_minus_opposite_cosine,5410,0.11864554362766677
stop,Baseline,180,BIS_same_minus_opposite_cosine,5454,0.09244805326064426
stop,Baseline,180,BIS_same_minus_opposite_cosine,5516,-0.11355902999639511
stop,Baseline,180,BIS_same_minus_opposite_cosine,5600,-0.030824950171841503
stop,Baseline,180,BIS_same_minus_opposite_cosine,5778,0.041076692087309685
stop,Baseline,180,BIS_same_minus_opposite_cosine,5826,0.04844749470551801
stop,Baseline,180,MAP_same_minus_opposite_cosine,105,0.06033694428024872
stop,Baseline,180,MAP_same_minus_opposite_cosine,348,0.01815334662343515
stop,Baseline,180,MAP_same_minus_opposite_cosine,391,-0.08846699340002873
stop,Baseline,180,MAP_same_minus_opposite_cosine,747,-0.029299077211004332
stop,Baseline,180,MAP_same_minus_opposite_cosine,758,0.012433883216645958
stop,Baseline,180,MAP_same_minus_opposite_cosine,877,-0.011165793646465638
stop,Baseline,180,MAP_same_minus_opposite_cosine,926,-0.01317662000656128
stop,Baseline,180,MAP_same_minus_opposite_cosine,1092,0.0012680795930680722
stop,Baseline,180,MAP_same_minus_opposite_cosine,1193,-0.13794688011209172
stop,Baseline,180,MAP_same_minus_opposite_cosine,1480,-0.026638319094975826
stop,Baseline,180,MAP_same_minus_opposite_cosine,1636,-0.09486521482467647
stop,Baseline,180,MAP_same_minus_opposite_cosine,1644,0.03358628476659453
stop,Baseline,180,MAP_same_minus_opposite_cosine,2005,0.05219484617312742
stop,Baseline,180,MAP_same_minus_opposite_cosine,2361,-0.05750014881292975
stop,Baseline,180,MAP_same_minus_opposite_cosine,2567,-0.06342616081237795
stop,Baseline,180,MAP_same_minus_opposite_cosine,2943,-0.03517912115369526
stop,Baseline,180,MAP_same_minus_opposite_cosine,2946,0.052257439742485645
stop,Baseline,180,MAP_same_minus_opposite_cosine,3261,-0.027863973695220312
stop,Baseline,180,MAP_same_minus_opposite_cosine,3485,-0.03151262303193414
stop,Baseline,180,MAP_same_minus_opposite_cosine,3525,-0.0669909546772639
stop,Baseline,180,MAP_same_minus_opposite_cosine,3593,0.21532604429456925
stop,Baseline,180,MAP_same_minus_opposite_cosine,3613,-0.03005396055452758
stop,Baseline,180,MAP_same_minus_opposite_cosine,3967,-0.025204415619373366
stop,Baseline,180,MAP_same_minus_opposite_cosine,3976,0.021749277909596798
stop,Baseline,180,MAP_same_minus_opposite_cosine,4016,-0.04502745514566253
stop,Baseline,180,MAP_same_minus_opposite_cosine,4865,-0.006363582882014163
stop,Baseline,180,MAP_same_minus_opposite_cosine,4944,0.09976927439371741
stop,Baseline,180,MAP_same_minus_opposite_cosine,5377,0.17210853099822998
stop,Baseline,180,MAP_same_minus_opposite_cosine,5410,0.008102820452415505
stop,Baseline,180,MAP_same_minus_opposite_cosine,5454,0.0954403554399808
stop,Baseline,180,MAP_same_minus_opposite_cosine,5516,0.08053024858236313
stop,Baseline,180,MAP_same_minus_opposite_cosine,5600,-0.03927618016799295
stop,Baseline,180,MAP_same_minus_opposite_cosine,5778,-0.09311986556558893
stop,Baseline,180,MAP_same_minus_opposite_cosine,5826,0.08793699741363525
stop,Baseline,180,triplet_accuracy,348,0.65
stop,Baseline,180,triplet_accuracy,391,0.7
stop,Baseline,180,triplet_accuracy,747,0.4
stop,Baseline,180,triplet_accuracy,758,0.65
stop,Baseline,180,triplet_accuracy,1092,0.6
stop,Baseline,180,triplet_accuracy,1193,0.55
stop,Baseline,180,triplet_accuracy,1480,0.6
stop,Baseline,180,triplet_accuracy,2005,0.55
stop,Baseline,180,triplet_accuracy,2361,0.35
stop,Baseline,180,triplet_accuracy,2567,0.75
stop,Baseline,180,triplet_accuracy,2943,0.55
stop,Baseline,180,triplet_accuracy,3261,0.6
stop,Baseline,180,triplet_accuracy,3525,0.65
stop,Baseline,180,triplet_accuracy,3593,0.6
stop,Baseline,180,triplet_accuracy,3967,0.55
stop,Baseline,180,triplet_accuracy,4016,0.65
stop,Baseline,180,triplet_accuracy,4865,0.65
stop,Baseline,180,triplet_accuracy,4944,0.4
stop,Baseline,180,triplet_accuracy,5377,0.7
stop,Baseline,180,triplet_accuracy,5410,0.55
stop,Baseline,180,triplet_accuracy,5454,0.55
stop,Baseline,180,triplet_accuracy,5516,0.45
stop,Baseline,180,triplet_accuracy,5600,0.5
stop,Baseline,180,triplet_accuracy,5778,0.75
high_rate_tail,Baseline,180,BIS_same_minus_opposite_cosine,105,0.07731359203656507
high_rate_tail,Baseline,180,BIS_same_minus_opposite_cosine,323,-0.10109611239397165
high_rate_tail,Baseline,180,BIS_same_minus_opposite_cosine,348,0.10612611698381835
high_rate_tail,Baseline,180,BIS_same_minus_opposite_cosine,391,0.031209853167335155
high_rate_tail,Baseline,180,BIS_same_minus_opposite_cosine,683,-0.055193267265955526
high_rate_tail,Baseline,180,BIS_same_minus_opposite_cosine,747,0.024252193793654397
high_rate_tail,Baseline,180,BIS_same_minus_opposite_cosine,750,0.09378681775359887
high_rate_tail,Baseline,180,BIS_same_minus_opposite_cosine,758,0.04658874207072783
high_rate_tail,Baseline,180,BIS_same_minus_opposite_cosine,843,0.12259787486659157
high_rate_tail,Baseline,180,BIS_same_minus_opposite_cosine,877,-0.048026465556838316
high_rate_tail,Baseline,180,BIS_same_minus_opposite_cosine,926,0.21777089850770104
high_rate_tail,Baseline,180,BIS_same_minus_opposite_cosine,967,0.02096315597494436
high_rate_tail,Baseline,180,BIS_same_minus_opposite_cosine,992,0.07969316524086578
high_rate_tail,Baseline,180,BIS_same_minus_opposite_cosine,1092,0.05023842598452721
high_rate_tail,Baseline,180,BIS_same_minus_opposite_cosine,1193,0.03170379860834638
high_rate_tail,Baseline,180,BIS_same_minus_opposite_cosine,1308,-0.06691452770522144
high_rate_tail,Baseline,180,BIS_same_minus_opposite_cosine,1335,-0.09969247256716096
high_rate_tail,Baseline,180,BIS_same_minus_opposite_cosine,1480,0.06458564930491972
high_rate_tail,Baseline,180,BIS_same_minus_opposite_cosine,1566,-0.08281431264347494
high_rate_tail,Baseline,180,BIS_same_minus_opposite_cosine,1636,0.04591685036818183
high_rate_tail,Baseline,180,BIS_same_minus_opposite_cosine,1644,0.059470312161879146
high_rate_tail,Baseline,180,BIS_same_minus_opposite_cosine,1839,0.08543696644760312
high_rate_tail,Baseline,180,BIS_same_minus_opposite_cosine,1943,-0.08586680960087556
high_rate_tail,Baseline,180,BIS_same_minus_opposite_cosine,2005,0.05814954472912681
high_rate_tail,Baseline,180,BIS_same_minus_opposite_cosine,2048,0.002007636427879378
high_rate_tail,Baseline,180,BIS_same_minus_opposite_cosine,2173,-0.02530168493588769
high_rate_tail,Baseline,180,BIS_same_minus_opposite_cosine,2263,0.12854330862561858
high_rate_tail,Baseline,180,BIS_same_minus_opposite_cosine,2303,0.18025650183359776
high_rate_tail,Baseline,180,BIS_same_minus_opposite_cosine,2308,0.14392118445701074
high_rate_tail,Baseline,180,BIS_same_minus_opposite_cosine,2347,0.03571951223744285
high_rate_tail,Baseline,180,BIS_same_minus_opposite_cosine,2361,-0.07064140746087744
high_rate_tail,Baseline,180,BIS_same_minus_opposite_cosine,2567,0.018076154092947605
high_rate_tail,Baseline,180,BIS_same_minus_opposite_cosine,2900,0.043051255923329035
high_rate_tail,Baseline,180,BIS_same_minus_opposite_cosine,2943,-0.04045470058917999
high_rate_tail,Baseline,180,BIS_same_minus_opposite_cosine,2946,0.10279220342636108
high_rate_tail,Baseline,180,BIS_same_minus_opposite_cosine,2988,0.04256718804438908
high_rate_tail,Baseline,180,BIS_same_minus_opposite_cosine,3261,0.07994207739830017
high_rate_tail,Baseline,180,BIS_same_minus_opposite_cosine,3354,0.035695814273574156
high_rate_tail,Baseline,180,BIS_same_minus_opposite_cosine,3387,0.03841990182797106
high_rate_tail,Baseline,180,BIS_same_minus_opposite_cosine,3485,-0.05027972459793095
high_rate_tail,Baseline,180,BIS_same_minus_opposite_cosine,3525,-0.10282673957672983
high_rate_tail,Baseline,180,BIS_same_minus_opposite_cosine,3569,0.0734973127643267
high_rate_tail,Baseline,180,BIS_same_minus_opposite_cosine,3593,-0.025620562334855324
high_rate_tail,Baseline,180,BIS_same_minus_opposite_cosine,3613,0.019107779149304727
high_rate_tail,Baseline,180,BIS_same_minus_opposite_cosine,3764,0.06168567041556039
high_rate_tail,Baseline,180,BIS_same_minus_opposite_cosine,3768,-0.036089048286279124
high_rate_tail,Baseline,180,BIS_same_minus_opposite_cosine,3852,0.0038398844855171976
high_rate_tail,Baseline,180,BIS_same_minus_opposite_cosine,3967,0.007036841577953812
high_rate_tail,Baseline,180,BIS_same_minus_opposite_cosine,3976,0.03673501403042767
high_rate_tail,Baseline,180,BIS_same_minus_opposite_cosine,3978,0.11398437420527141
high_rate_tail,Baseline,180,BIS_same_minus_opposite_cosine,3985,0.04805365867084921
high_rate_tail,Baseline,180,BIS_same_minus_opposite_cosine,4016,0.09230024938782055
high_rate_tail,Baseline,180,BIS_same_minus_opposite_cosine,4080,0.0466845016926527
high_rate_tail,Baseline,180,BIS_same_minus_opposite_cosine,4293,0.031838782131671906
high_rate_tail,Baseline,180,BIS_same_minus_opposite_cosine,4312,0.03488999207814536
high_rate_tail,Baseline,180,BIS_same_minus_opposite_cosine,4529,0.013486238817373986
high_rate_tail,Baseline,180,BIS_same_minus_opposite_cosine,4540,0.05655831730727001
high_rate_tail,Baseline,180,BIS_same_minus_opposite_cosine,4638,-0.03813374092181532
high_rate_tail,Baseline,180,BIS_same_minus_opposite_cosine,4686,0.057650233308474186
high_rate_tail,Baseline,180,BIS_same_minus_opposite_cosine,4821,0.053526660427451134
high_rate_tail,Baseline,180,BIS_same_minus_opposite_cosine,4865,0.011029485274444917
high_rate_tail,Baseline,180,BIS_same_minus_opposite_cosine,4944,0.05083401410868671
high_rate_tail,Baseline,180,BIS_same_minus_opposite_cosine,5309,0.05815872152646384
high_rate_tail,Baseline,180,BIS_same_minus_opposite_cosine,5377,0.12309032633449091
high_rate_tail,Baseline,180,BIS_same_minus_opposite_cosine,5410,-0.036611396819353104
high_rate_tail,Baseline,180,BIS_same_minus_opposite_cosine,5454,0.02178655248699768
high_rate_tail,Baseline,180,BIS_same_minus_opposite_cosine,5516,0.00617767870426178
high_rate_tail,Baseline,180,BIS_same_minus_opposite_cosine,5600,0.05933761912764923
high_rate_tail,Baseline,180,BIS_same_minus_opposite_cosine,5778,0.029953316563651744
high_rate_tail,Baseline,180,BIS_same_minus_opposite_cosine,5826,0.03872281606450234
high_rate_tail,Baseline,180,BIS_same_minus_opposite_cosine,5961,0.04262884864301397
high_rate_tail,Baseline,180,BIS_same_minus_opposite_cosine,5989,0.0386724240250057
high_rate_tail,Baseline,180,BIS_same_minus_opposite_cosine,6025,0.02209881693124771
high_rate_tail,Baseline,180,MAP_same_minus_opposite_cosine,105,-0.03773609052101767
high_rate_tail,Baseline,180,MAP_same_minus_opposite_cosine,323,0.014367017149925276
high_rate_tail,Baseline,180,MAP_same_minus_opposite_cosine,348,0.04048118762897723
high_rate_tail,Baseline,180,MAP_same_minus_opposite_cosine,391,-0.01397932817538583
high_rate_tail,Baseline,180,MAP_same_minus_opposite_cosine,683,-0.05295719305674229
high_rate_tail,Baseline,180,MAP_same_minus_opposite_cosine,747,-0.11697488893387892
high_rate_tail,Baseline,180,MAP_same_minus_opposite_cosine,750,-0.033079228467411514
high_rate_tail,Baseline,180,MAP_same_minus_opposite_cosine,758,-0.015353643532955208
high_rate_tail,Baseline,180,MAP_same_minus_opposite_cosine,843,-0.01982060819864273
high_rate_tail,Baseline,180,MAP_same_minus_opposite_cosine,877,0.02967362105846405
high_rate_tail,Baseline,180,MAP_same_minus_opposite_cosine,926,-0.029725287899826425
high_rate_tail,Baseline,180,MAP_same_minus_opposite_cosine,967,-0.07199126978715265
high_rate_tail,Baseline,180,MAP_same_minus_opposite_cosine,992,-0.0009120156367620202
high_rate_tail,Baseline,180,MAP_same_minus_opposite_cosine,1092,0.01396648834149039
high_rate_tail,Baseline,180,MAP_same_minus_opposite_cosine,1193,-0.10513429364396465
high_rate_tail,Baseline,180,MAP_same_minus_opposite_cosine,1308,0.057208705580595764
high_rate_tail,Baseline,180,MAP_same_minus_opposite_cosine,1335,-0.013087765737013424
high_rate_tail,Baseline,180,MAP_same_minus_opposite_cosine,1480,0.004776897033055616
high_rate_tail,Baseline,180,MAP_same_minus_opposite_cosine,1566,0.09155927929613328
high_rate_tail,Baseline,180,MAP_same_minus_opposite_cosine,1636,-0.07794940595825506
high_rate_tail,Baseline,180,MAP_same_minus_opposite_cosine,1644,-0.018315821886062622
high_rate_tail,Baseline,180,MAP_same_minus_opposite_cosine,1839,-0.053275853395462036
high_rate_tail,Baseline,180,MAP_same_minus_opposite_cosine,1943,-0.02596564929593692
high_rate_tail,Baseline,180,MAP_same_minus_opposite_cosine,2005,0.05752808103958773
high_rate_tail,Baseline,180,MAP_same_minus_opposite_cosine,2048,0.03462158143520355
high_rate_tail,Baseline,180,MAP_same_minus_opposite_cosine,2173,-0.0684438397487005
high_rate_tail,Baseline,180,MAP_same_minus_opposite_cosine,2263,-0.047616769587903285
high_rate_tail,Baseline,180,MAP_same_minus_opposite_cosine,2303,-0.0358770415186882
high_rate_tail,Baseline,180,MAP_same_minus_opposite_cosine,2308,-0.04520371655058686
high_rate_tail,Baseline,180,MAP_same_minus_opposite_cosine,2347,-0.05513112698540534
high_rate_tail,Baseline,180,MAP_same_minus_opposite_cosine,2361,0.05968167136112845
high_rate_tail,Baseline,180,MAP_same_minus_opposite_cosine,2567,0.07361717149615288
high_rate_tail,Baseline,180,MAP_same_minus_opposite_cosine,2900,-0.06210968891779578
high_rate_tail,Baseline,180,MAP_same_minus_opposite_cosine,2943,0.08357538779576623
high_rate_tail,Baseline,180,MAP_same_minus_opposite_cosine,2946,0.07906161158373859
high_rate_tail,Baseline,180,MAP_same_minus_opposite_cosine,2988,-0.037152278603929445
high_rate_tail,Baseline,180,MAP_same_minus_opposite_cosine,3261,-0.11632532180484495
high_rate_tail,Baseline,180,MAP_same_minus_opposite_cosine,3354,0.00278618435064959
high_rate_tail,Baseline,180,MAP_same_minus_opposite_cosine,3387,-0.02851264178752899
high_rate_tail,Baseline,180,MAP_same_minus_opposite_cosine,3485,0.015011027455329895
high_rate_tail,Baseline,180,MAP_same_minus_opposite_cosine,3525,-0.07506664503704419
high_rate_tail,Baseline,180,MAP_same_minus_opposite_cosine,3569,-0.02627349893252051
high_rate_tail,Baseline,180,MAP_same_minus_opposite_cosine,3593,-0.07083766361077626
high_rate_tail,Baseline,180,MAP_same_minus_opposite_cosine,3613,0.035823168233036995
high_rate_tail,Baseline,180,MAP_same_minus_opposite_cosine,3764,0.0504583597183228
high_rate_tail,Baseline,180,MAP_same_minus_opposite_cosine,3768,-0.061919810871283176
high_rate_tail,Baseline,180,MAP_same_minus_opposite_cosine,3852,0.005444221198558807
high_rate_tail,Baseline,180,MAP_same_minus_opposite_cosine,3967,-0.019501474996407753
high_rate_tail,Baseline,180,MAP_same_minus_opposite_cosine,3976,0.012232726315657305
high_rate_tail,Baseline,180,MAP_same_minus_opposite_cosine,3978,-0.03232381244500482
high_rate_tail,Baseline,180,MAP_same_minus_opposite_cosine,3985,0.10150458166996645
high_rate_tail,Baseline,180,MAP_same_minus_opposite_cosine,4016,-0.008577144394318226
high_rate_tail,Baseline,180,MAP_same_minus_opposite_cosine,4080,0.023997049530347203
high_rate_tail,Baseline,180,MAP_same_minus_opposite_cosine,4293,0.05370402832825971
high_rate_tail,Baseline,180,MAP_same_minus_opposite_cosine,4312,0.08515390008687973
high_rate_tail,Baseline,180,MAP_same_minus_opposite_cosine,4529,0.019629857937494832
high_rate_tail,Baseline,180,MAP_same_minus_opposite_cosine,4540,0.012437904874483707
high_rate_tail,Baseline,180,MAP_same_minus_opposite_cosine,4638,-0.007322714635820127
high_rate_tail,Baseline,180,MAP_same_minus_opposite_cosine,4686,-0.06636388997236886
high_rate_tail,Baseline,180,MAP_same_minus_opposite_cosine,4821,0.03335854727210419
high_rate_tail,Baseline,180,MAP_same_minus_opposite_cosine,4865,-0.07525251354231988
high_rate_tail,Baseline,180,MAP_same_minus_opposite_cosine,4944,0.006069477308880189
high_rate_tail,Baseline,180,MAP_same_minus_opposite_cosine,5309,0.010412099460760826
high_rate_tail,Baseline,180,MAP_same_minus_opposite_cosine,5377,0.05337659517923987
high_rate_tail,Baseline,180,MAP_same_minus_opposite_cosine,5410,-0.07055270299315453
high_rate_tail,Baseline,180,MAP_same_minus_opposite_cosine,5454,-0.08057573211915559
high_rate_tail,Baseline,180,MAP_same_minus_opposite_cosine,5516,0.008963030396085814
high_rate_tail,Baseline,180,MAP_same_minus_opposite_cosine,5600,-0.06625204202201629
high_rate_tail,Baseline,180,MAP_same_minus_opposite_cosine,5778,-0.07925913896825576
high_rate_tail,Baseline,180,MAP_same_minus_opposite_cosine,5826,-0.02664052175753051
high_rate_tail,Baseline,180,MAP_same_minus_opposite_cosine,5961,-0.0022039426998659017
high_rate_tail,Baseline,180,MAP_same_minus_opposite_cosine,5989,0.012545501192410824
high_rate_tail,Baseline,180,MAP_same_minus_opposite_cosine,6025,-0.10488095744089643
high_rate_tail,Baseline,180,triplet_accuracy,323,0.7
high_rate_tail,Baseline,180,triplet_accuracy,348,0.6
high_rate_tail,Baseline,180,triplet_accuracy,391,0.65
high_rate_tail,Baseline,180,triplet_accuracy,683,0.6
high_rate_tail,Baseline,180,triplet_accuracy,747,0.4
high_rate_tail,Baseline,180,triplet_accuracy,750,0.6
high_rate_tail,Baseline,180,triplet_accuracy,758,0.45
high_rate_tail,Baseline,180,triplet_accuracy,843,0.6
high_rate_tail,Baseline,180,triplet_accuracy,967,0.5
high_rate_tail,Baseline,180,triplet_accuracy,1092,0.65
high_rate_tail,Baseline,180,triplet_accuracy,1193,0.45
high_rate_tail,Baseline,180,triplet_accuracy,1335,0.45
high_rate_tail,Baseline,180,triplet_accuracy,1480,0.35
high_rate_tail,Baseline,180,triplet_accuracy,1566,0.4
high_rate_tail,Baseline,180,triplet_accuracy,1839,0.65
high_rate_tail,Baseline,180,triplet_accuracy,1943,0.75
high_rate_tail,Baseline,180,triplet_accuracy,2005,0.5
high_rate_tail,Baseline,180,triplet_accuracy,2048,0.65
high_rate_tail,Baseline,180,triplet_accuracy,2173,0.4
high_rate_tail,Baseline,180,triplet_accuracy,2263,0.7
high_rate_tail,Baseline,180,triplet_accuracy,2303,0.55
high_rate_tail,Baseline,180,triplet_accuracy,2308,0.55
high_rate_tail,Baseline,180,triplet_accuracy,2347,0.45
high_rate_tail,Baseline,180,triplet_accuracy,2361,0.65
high_rate_tail,Baseline,180,triplet_accuracy,2567,0.55
high_rate_tail,Baseline,180,triplet_accuracy,2943,0.5
high_rate_tail,Baseline,180,triplet_accuracy,2988,0.5
high_rate_tail,Baseline,180,triplet_accuracy,3261,0.6
high_rate_tail,Baseline,180,triplet_accuracy,3354,0.45
high_rate_tail,Baseline,180,triplet_accuracy,3525,0.5
high_rate_tail,Baseline,180,triplet_accuracy,3569,0.65
high_rate_tail,Baseline,180,triplet_accuracy,3593,0.6
high_rate_tail,Baseline,180,triplet_accuracy,3768,0.55
high_rate_tail,Baseline,180,triplet_accuracy,3852,0.55
high_rate_tail,Baseline,180,triplet_accuracy,3967,0.4
high_rate_tail,Baseline,180,triplet_accuracy,3978,0.55
high_rate_tail,Baseline,180,triplet_accuracy,3985,0.65
high_rate_tail,Baseline,180,triplet_accuracy,4016,0.6
high_rate_tail,Baseline,180,triplet_accuracy,4293,0.55
high_rate_tail,Baseline,180,triplet_accuracy,4312,0.55
high_rate_tail,Baseline,180,triplet_accuracy,4529,0.3
high_rate_tail,Baseline,180,triplet_accuracy,4540,0.65
high_rate_tail,Baseline,180,triplet_accuracy,4686,0.6
high_rate_tail,Baseline,180,triplet_accuracy,4821,0.4
high_rate_tail,Baseline,180,triplet_accuracy,4865,0.5
high_rate_tail,Baseline,180,triplet_accuracy,4944,0.65
high_rate_tail,Baseline,180,triplet_accuracy,5309,0.5
high_rate_tail,Baseline,180,triplet_accuracy,5377,0.6
high_rate_tail,Baseline,180,triplet_accuracy,5410,0.55
high_rate_tail,Baseline,180,triplet_accuracy,5454,0.4
high_rate_tail,Baseline,180,triplet_accuracy,5516,0.45
high_rate_tail,Baseline,180,triplet_accuracy,5600,0.4
high_rate_tail,Baseline,180,triplet_accuracy,5778,0.55
high_rate_tail,Baseline,180,triplet_accuracy,5989,0.55
high_rate_tail,Baseline,180,triplet_accuracy,6025,0.6
non_tail,Baseline,180,BIS_same_minus_opposite_cosine,105,0.04875674956675724
non_tail,Baseline,180,BIS_same_minus_opposite_cosine,323,-0.010247281856007096
non_tail,Baseline,180,BIS_same_minus_opposite_cosine,348,0.05625632901986444
non_tail,Baseline,180,BIS_same_minus_opposite_cosine,391,-0.014649222294489506
non_tail,Baseline,180,BIS_same_minus_opposite_cosine,683,0.024042686654461742
non_tail,Baseline,180,BIS_same_minus_opposite_cosine,747,0.01368590593338015
non_tail,Baseline,180,BIS_same_minus_opposite_cosine,750,0.05600537856419885
non_tail,Baseline,180,BIS_same_minus_opposite_cosine,758,0.09924866093529594
non_tail,Baseline,180,BIS_same_minus_opposite_cosine,843,0.17329507420460377
non_tail,Baseline,180,BIS_same_minus_opposite_cosine,877,-0.06414919594923651
non_tail,Baseline,180,BIS_same_minus_opposite_cosine,926,0.11422271132469175
non_tail,Baseline,180,BIS_same_minus_opposite_cosine,967,-0.10265495344286868
non_tail,Baseline,180,BIS_same_minus_opposite_cosine,992,-0.05613214883840445
non_tail,Baseline,180,BIS_same_minus_opposite_cosine,1014,0.045963379921335146
non_tail,Baseline,180,BIS_same_minus_opposite_cosine,1092,0.06332498788833618
non_tail,Baseline,180,BIS_same_minus_opposite_cosine,1193,0.026643422059714816
non_tail,Baseline,180,BIS_same_minus_opposite_cosine,1308,-0.06596668759981783
non_tail,Baseline,180,BIS_same_minus_opposite_cosine,1335,-0.0010388831071781457
non_tail,Baseline,180,BIS_same_minus_opposite_cosine,1480,0.03403495301802961
non_tail,Baseline,180,BIS_same_minus_opposite_cosine,1566,-0.045400445208404916
non_tail,Baseline,180,BIS_same_minus_opposite_cosine,1636,0.04119667410850525
non_tail,Baseline,180,BIS_same_minus_opposite_cosine,1644,0.1491081056495508
non_tail,Baseline,180,BIS_same_minus_opposite_cosine,1839,0.028053993980089897
non_tail,Baseline,180,BIS_same_minus_opposite_cosine,1943,0.07389589250087736
non_tail,Baseline,180,BIS_same_minus_opposite_cosine,2005,0.023265617092450452
non_tail,Baseline,180,BIS_same_minus_opposite_cosine,2048,-0.03257957887318408
non_tail,Baseline,180,BIS_same_minus_opposite_cosine,2173,-0.03821845210733876
non_tail,Baseline,180,BIS_same_minus_opposite_cosine,2263,-0.06733285412192347
non_tail,Baseline,180,BIS_same_minus_opposite_cosine,2303,-0.08045526345570886
non_tail,Baseline,180,BIS_same_minus_opposite_cosine,2308,0.0723270145910127
non_tail,Baseline,180,BIS_same_minus_opposite_cosine,2347,0.11415232320626578
non_tail,Baseline,180,BIS_same_minus_opposite_cosine,2361,-0.018962024648984332
non_tail,Baseline,180,BIS_same_minus_opposite_cosine,2567,-0.07167612339059504
non_tail,Baseline,180,BIS_same_minus_opposite_cosine,2900,-0.057854120930035946
non_tail,Baseline,180,BIS_same_minus_opposite_cosine,2943,-0.014928704522775949
non_tail,Baseline,180,BIS_same_minus_opposite_cosine,2946,0.029611292436267478
non_tail,Baseline,180,BIS_same_minus_opposite_cosine,2988,-0.004788913660579208
non_tail,Baseline,180,BIS_same_minus_opposite_cosine,3261,-0.09342886495093505
non_tail,Baseline,180,BIS_same_minus_opposite_cosine,3354,-0.05802368124326074
non_tail,Baseline,180,BIS_same_minus_opposite_cosine,3387,0.06818952943597523
non_tail,Baseline,180,BIS_same_minus_opposite_cosine,3485,0.09929827139491132
non_tail,Baseline,180,BIS_same_minus_opposite_cosine,3525,0.06080275575319927
non_tail,Baseline,180,BIS_same_minus_opposite_cosine,3569,0.020258530146545883
non_tail,Baseline,180,BIS_same_minus_opposite_cosine,3593,-0.02835538734992349
non_tail,Baseline,180,BIS_same_minus_opposite_cosine,3613,-0.12377440101570558
non_tail,Baseline,180,BIS_same_minus_opposite_cosine,3764,-0.09534331907828653
non_tail,Baseline,180,BIS_same_minus_opposite_cosine,3768,-0.08575426150734222
non_tail,Baseline,180,BIS_same_minus_opposite_cosine,3852,-0.10313271813922453
non_tail,Baseline,180,BIS_same_minus_opposite_cosine,3967,-0.03324812843153868
non_tail,Baseline,180,BIS_same_minus_opposite_cosine,3976,0.008038878440856934
non_tail,Baseline,180,BIS_same_minus_opposite_cosine,3978,-0.010574693481127384
non_tail,Baseline,180,BIS_same_minus_opposite_cosine,3985,-0.028938762843608856
non_tail,Baseline,180,BIS_same_minus_opposite_cosine,4016,-0.04897738812547747
non_tail,Baseline,180,BIS_same_minus_opposite_cosine,4080,0.09502479008265907
non_tail,Baseline,180,BIS_same_minus_opposite_cosine,4293,-0.05393674323956166
non_tail,Baseline,180,BIS_same_minus_opposite_cosine,4312,-0.050734422687027214
non_tail,Baseline,180,BIS_same_minus_opposite_cosine,4529,-0.022271881500879886
non_tail,Baseline,180,BIS_same_minus_opposite_cosine,4540,0.08598170843389297
non_tail,Baseline,180,BIS_same_minus_opposite_cosine,4638,-0.08327863771807065
non_tail,Baseline,180,BIS_same_minus_opposite_cosine,4686,0.01845659812291467
non_tail,Baseline,180,BIS_same_minus_opposite_cosine,4821,0.026394161762613222
non_tail,Baseline,180,BIS_same_minus_opposite_cosine,4865,0.06388273112701648
non_tail,Baseline,180,BIS_same_minus_opposite_cosine,4944,0.11215037920258264
non_tail,Baseline,180,BIS_same_minus_opposite_cosine,5309,0.0029598083911520634
non_tail,Baseline,180,BIS_same_minus_opposite_cosine,5377,0.0973013632676818
non_tail,Baseline,180,BIS_same_minus_opposite_cosine,5410,0.0008446795245011796
non_tail,Baseline,180,BIS_same_minus_opposite_cosine,5454,0.023957033952077156
non_tail,Baseline,180,BIS_same_minus_opposite_cosine,5516,-0.04938614910299133
non_tail,Baseline,180,BIS_same_minus_opposite_cosine,5600,-0.04664019246896112
non_tail,Baseline,180,BIS_same_minus_opposite_cosine,5778,0.0006377622485160828
non_tail,Baseline,180,BIS_same_minus_opposite_cosine,5826,0.037414186199506205
non_tail,Baseline,180,BIS_same_minus_opposite_cosine,5961,0.021597525974114795
non_tail,Baseline,180,BIS_same_minus_opposite_cosine,5989,-0.05283874805484501
non_tail,Baseline,180,BIS_same_minus_opposite_cosine,6025,0.10835225532452264
non_tail,Baseline,180,MAP_same_minus_opposite_cosine,105,-0.07175159193575387
non_tail,Baseline,180,MAP_same_minus_opposite_cosine,323,0.14234382659196854
non_tail,Baseline,180,MAP_same_minus_opposite_cosine,348,-0.11281466384728756
non_tail,Baseline,180,MAP_same_minus_opposite_cosine,391,-0.061396168810980645
non_tail,Baseline,180,MAP_same_minus_opposite_cosine,683,-0.03979163368542993
non_tail,Baseline,180,MAP_same_minus_opposite_cosine,747,0.051023186246554
non_tail,Baseline,180,MAP_same_minus_opposite_cosine,750,0.0828134367863338
non_tail,Baseline,180,MAP_same_minus_opposite_cosine,758,0.10202024728059766
non_tail,Baseline,180,MAP_same_minus_opposite_cosine,843,-0.09069728354612983
non_tail,Baseline,180,MAP_same_minus_opposite_cosine,877,0.07920327906807267
non_tail,Baseline,180,MAP_same_minus_opposite_cosine,926,-0.10603967218688037
non_tail,Baseline,180,MAP_same_minus_opposite_cosine,967,0.02388915487311105
non_tail,Baseline,180,MAP_same_minus_opposite_cosine,992,0.0014510976545738519
non_tail,Baseline,180,MAP_same_minus_opposite_cosine,1014,0.10836649984121327
non_tail,Baseline,180,MAP_same_minus_opposite_cosine,1092,-0.0015956372022628562
non_tail,Baseline,180,MAP_same_minus_opposite_cosine,1193,-0.038167643050352695
non_tail,Baseline,180,MAP_same_minus_opposite_cosine,1308,0.002142848390521368
non_tail,Baseline,180,MAP_same_minus_opposite_cosine,1335,0.07171347571743858
non_tail,Baseline,180,MAP_same_minus_opposite_cosine,1480,0.039767802755037884
non_tail,Baseline,180,MAP_same_minus_opposite_cosine,1566,0.06398911575476329
non_tail,Baseline,180,MAP_same_minus_opposite_cosine,1636,-0.057074982921282436
non_tail,Baseline,180,MAP_same_minus_opposite_cosine,1644,0.14525479574998224
non_tail,Baseline,180,MAP_same_minus_opposite_cosine,1839,-0.04776188505418366
non_tail,Baseline,180,MAP_same_minus_opposite_cosine,1943,0.017649445268842934
non_tail,Baseline,180,MAP_same_minus_opposite_cosine,2005,0.0873456244667371
non_tail,Baseline,180,MAP_same_minus_opposite_cosine,2048,0.1374717781941096
non_tail,Baseline,180,MAP_same_minus_opposite_cosine,2173,-0.028843369222048554
non_tail,Baseline,180,MAP_same_minus_opposite_cosine,2263,-0.008798708744121253
non_tail,Baseline,180,MAP_same_minus_opposite_cosine,2303,-0.05024624367554975
non_tail,Baseline,180,MAP_same_minus_opposite_cosine,2308,0.14027315129836393
non_tail,Baseline,180,MAP_same_minus_opposite_cosine,2347,0.03399837215741475
non_tail,Baseline,180,MAP_same_minus_opposite_cosine,2361,-0.09349223888582658
non_tail,Baseline,180,MAP_same_minus_opposite_cosine,2567,0.12434162199497223
non_tail,Baseline,180,MAP_same_minus_opposite_cosine,2900,-0.035753318306171455
non_tail,Baseline,180,MAP_same_minus_opposite_cosine,2943,-0.022028998533884625
non_tail,Baseline,180,MAP_same_minus_opposite_cosine,2946,0.029913266499837277
non_tail,Baseline,180,MAP_same_minus_opposite_cosine,2988,-0.032787008417977215
non_tail,Baseline,180,MAP_same_minus_opposite_cosine,3261,0.007449161261320114
non_tail,Baseline,180,MAP_same_minus_opposite_cosine,3354,-0.08582960814237595
non_tail,Baseline,180,MAP_same_minus_opposite_cosine,3387,-0.037049302458763145
non_tail,Baseline,180,MAP_same_minus_opposite_cosine,3485,-0.06478956540425618
non_tail,Baseline,180,MAP_same_minus_opposite_cosine,3525,-0.04611085255940761
non_tail,Baseline,180,MAP_same_minus_opposite_cosine,3569,-0.05816522820128334
non_tail,Baseline,180,MAP_same_minus_opposite_cosine,3593,0.010179036946007747
non_tail,Baseline,180,MAP_same_minus_opposite_cosine,3613,0.0053068498770395545
non_tail,Baseline,180,MAP_same_minus_opposite_cosine,3764,0.04307554364204402
non_tail,Baseline,180,MAP_same_minus_opposite_cosine,3768,0.039481300446722156
non_tail,Baseline,180,MAP_same_minus_opposite_cosine,3852,-0.03863976697127025
non_tail,Baseline,180,MAP_same_minus_opposite_cosine,3967,-0.0712537429097927
non_tail,Baseline,180,MAP_same_minus_opposite_cosine,3976,0.02432890360554063
non_tail,Baseline,180,MAP_same_minus_opposite_cosine,3978,-0.02124953104390037
non_tail,Baseline,180,MAP_same_minus_opposite_cosine,3985,-0.06498389608330202
non_tail,Baseline,180,MAP_same_minus_opposite_cosine,4016,-0.1384173954526584
non_tail,Baseline,180,MAP_same_minus_opposite_cosine,4080,-0.021222228805224064
non_tail,Baseline,180,MAP_same_minus_opposite_cosine,4293,-0.04900904099146519
non_tail,Baseline,180,MAP_same_minus_opposite_cosine,4312,0.02278917200035524
non_tail,Baseline,180,MAP_same_minus_opposite_cosine,4529,0.007198860247929817
non_tail,Baseline,180,MAP_same_minus_opposite_cosine,4540,-0.0763262199858824
non_tail,Baseline,180,MAP_same_minus_opposite_cosine,4638,0.003976696729660056
non_tail,Baseline,180,MAP_same_minus_opposite_cosine,4686,-0.006682932376861572
non_tail,Baseline,180,MAP_same_minus_opposite_cosine,4821,0.017141892602949405
non_tail,Baseline,180,MAP_same_minus_opposite_cosine,4865,-0.009242403010527256
non_tail,Baseline,180,MAP_same_minus_opposite_cosine,4944,-0.011041004624631756
non_tail,Baseline,180,MAP_same_minus_opposite_cosine,5309,-0.030792332688967305
non_tail,Baseline,180,MAP_same_minus_opposite_cosine,5377,0.03756046908286714
non_tail,Baseline,180,MAP_same_minus_opposite_cosine,5410,0.027112707495689392
non_tail,Baseline,180,MAP_same_minus_opposite_cosine,5454,0.07527427872021997
non_tail,Baseline,180,MAP_same_minus_opposite_cosine,5516,-0.04901407184925943
non_tail,Baseline,180,MAP_same_minus_opposite_cosine,5600,-0.02141226828098297
non_tail,Baseline,180,MAP_same_minus_opposite_cosine,5778,-0.007108961542447445
non_tail,Baseline,180,MAP_same_minus_opposite_cosine,5826,0.07926046329014236
non_tail,Baseline,180,MAP_same_minus_opposite_cosine,5961,0.018126069257656696
non_tail,Baseline,180,MAP_same_minus_opposite_cosine,5989,0.055115681555536145
non_tail,Baseline,180,MAP_same_minus_opposite_cosine,6025,0.09960652526580926
non_tail,Baseline,180,triplet_accuracy,323,0.55
non_tail,Baseline,180,triplet_accuracy,348,0.45
non_tail,Baseline,180,triplet_accuracy,391,0.75
non_tail,Baseline,180,triplet_accuracy,683,0.6
non_tail,Baseline,180,triplet_accuracy,747,0.55
non_tail,Baseline,180,triplet_accuracy,750,0.7
non_tail,Baseline,180,triplet_accuracy,758,0.6
non_tail,Baseline,180,triplet_accuracy,843,0.45
non_tail,Baseline,180,triplet_accuracy,967,0.65
non_tail,Baseline,180,triplet_accuracy,1014,0.5
non_tail,Baseline,180,triplet_accuracy,1092,0.35
non_tail,Baseline,180,triplet_accuracy,1193,0.5
non_tail,Baseline,180,triplet_accuracy,1335,0.5
non_tail,Baseline,180,triplet_accuracy,1480,0.55
non_tail,Baseline,180,triplet_accuracy,1566,0.4
non_tail,Baseline,180,triplet_accuracy,1839,0.6
non_tail,Baseline,180,triplet_accuracy,1943,0.4
non_tail,Baseline,180,triplet_accuracy,2005,0.55
non_tail,Baseline,180,triplet_accuracy,2048,0.6
non_tail,Baseline,180,triplet_accuracy,2173,0.5
non_tail,Baseline,180,triplet_accuracy,2263,0.45
non_tail,Baseline,180,triplet_accuracy,2303,0.6
non_tail,Baseline,180,triplet_accuracy,2308,0.55
non_tail,Baseline,180,triplet_accuracy,2347,0.5
non_tail,Baseline,180,triplet_accuracy,2361,0.4
non_tail,Baseline,180,triplet_accuracy,2567,0.55
non_tail,Baseline,180,triplet_accuracy,2943,0.5
non_tail,Baseline,180,triplet_accuracy,2988,0.5
non_tail,Baseline,180,triplet_accuracy,3261,0.7
non_tail,Baseline,180,triplet_accuracy,3354,0.35
non_tail,Baseline,180,triplet_accuracy,3525,0.5
non_tail,Baseline,180,triplet_accuracy,3569,0.5
non_tail,Baseline,180,triplet_accuracy,3593,0.5
non_tail,Baseline,180,triplet_accuracy,3768,0.45
non_tail,Baseline,180,triplet_accuracy,3852,0.65
non_tail,Baseline,180,triplet_accuracy,3967,0.5
non_tail,Baseline,180,triplet_accuracy,3978,0.55
non_tail,Baseline,180,triplet_accuracy,3985,0.5
non_tail,Baseline,180,triplet_accuracy,4016,0.5
non_tail,Baseline,180,triplet_accuracy,4293,0.4
non_tail,Baseline,180,triplet_accuracy,4312,0.65
non_tail,Baseline,180,triplet_accuracy,4529,0.8
non_tail,Baseline,180,triplet_accuracy,4540,0.45
non_tail,Baseline,180,triplet_accuracy,4686,0.55
non_tail,Baseline,180,triplet_accuracy,4821,0.65
non_tail,Baseline,180,triplet_accuracy,4865,0.45
non_tail,Baseline,180,triplet_accuracy,4944,0.75
non_tail,Baseline,180,triplet_accuracy,5309,0.45
non_tail,Baseline,180,triplet_accuracy,5377,0.45
non_tail,Baseline,180,triplet_accuracy,5410,0.6
non_tail,Baseline,180,triplet_accuracy,5454,0.4
non_tail,Baseline,180,triplet_accuracy,5516,0.6
non_tail,Baseline,180,triplet_accuracy,5600,0.65
non_tail,Baseline,180,triplet_accuracy,5778,0.5
non_tail,Baseline,180,triplet_accuracy,5989,0.6
non_tail,Baseline,180,triplet_accuracy,6025,0.5
overall,Baseline,300,BIS_same_minus_opposite_cosine,105,0.0873017802337806
overall,Baseline,300,BIS_same_minus_opposite_cosine,323,0.05614341100056974
overall,Baseline,300,BIS_same_minus_opposite_cosine,348,0.05937977160016694
overall,Baseline,300,BIS_same_minus_opposite_cosine,391,-0.03091695137597894
overall,Baseline,300,BIS_same_minus_opposite_cosine,683,0.04581498394791905
overall,Baseline,300,BIS_same_minus_opposite_cosine,747,-0.009424404184455448
overall,Baseline,300,BIS_same_minus_opposite_cosine,750,0.09406856360534821
overall,Baseline,300,BIS_same_minus_opposite_cosine,758,-0.004322286988749591
overall,Baseline,300,BIS_same_minus_opposite_cosine,843,-0.024534707350863383
overall,Baseline,300,BIS_same_minus_opposite_cosine,877,0.07827756924506946
overall,Baseline,300,BIS_same_minus_opposite_cosine,926,0.03194288313388827
overall,Baseline,300,BIS_same_minus_opposite_cosine,967,0.018412367723606327
overall,Baseline,300,BIS_same_minus_opposite_cosine,992,0.04165535028334022
overall,Baseline,300,BIS_same_minus_opposite_cosine,1014,0.03534286463702163
overall,Baseline,300,BIS_same_minus_opposite_cosine,1092,0.052546830574671466
overall,Baseline,300,BIS_same_minus_opposite_cosine,1193,-0.06345815405249589
overall,Baseline,300,BIS_same_minus_opposite_cosine,1308,0.014382600188255323
overall,Baseline,300,BIS_same_minus_opposite_cosine,1335,-0.005158341377973552
overall,Baseline,300,BIS_same_minus_opposite_cosine,1480,0.0507648183749273
overall,Baseline,300,BIS_same_minus_opposite_cosine,1566,0.02579223603913272
overall,Baseline,300,BIS_same_minus_opposite_cosine,1636,0.04368367018523045
overall,Baseline,300,BIS_same_minus_opposite_cosine,1644,0.0923924573089766
overall,Baseline,300,BIS_same_minus_opposite_cosine,1839,0.03901822376942288
overall,Baseline,300,BIS_same_minus_opposite_cosine,1943,0.09446107134932558
overall,Baseline,300,BIS_same_minus_opposite_cosine,2005,0.006440819303194623
overall,Baseline,300,BIS_same_minus_opposite_cosine,2048,0.09536191200216604
overall,Baseline,300,BIS_same_minus_opposite_cosine,2173,0.1055380061889688
overall,Baseline,300,BIS_same_minus_opposite_cosine,2263,0.17568674644357285
overall,Baseline,300,BIS_same_minus_opposite_cosine,2303,0.04350217443246107
overall,Baseline,300,BIS_same_minus_opposite_cosine,2308,-0.061415968338648486
overall,Baseline,300,BIS_same_minus_opposite_cosine,2347,-0.004854845106601724
overall,Baseline,300,BIS_same_minus_opposite_cosine,2361,0.04158536667625112
overall,Baseline,300,BIS_same_minus_opposite_cosine,2567,0.09801780203978228
overall,Baseline,300,BIS_same_minus_opposite_cosine,2900,0.12221077499967636
overall,Baseline,300,BIS_same_minus_opposite_cosine,2943,0.0808620409170786
overall,Baseline,300,BIS_same_minus_opposite_cosine,2946,0.04621162773706966
overall,Baseline,300,BIS_same_minus_opposite_cosine,2988,0.017384176966787845
overall,Baseline,300,BIS_same_minus_opposite_cosine,3261,-0.0259121221800645
overall,Baseline,300,BIS_same_minus_opposite_cosine,3354,0.002951305221628231
overall,Baseline,300,BIS_same_minus_opposite_cosine,3387,0.06942121783892319
overall,Baseline,300,BIS_same_minus_opposite_cosine,3485,-0.03181257680768068
overall,Baseline,300,BIS_same_minus_opposite_cosine,3525,0.05636545730133846
overall,Baseline,300,BIS_same_minus_opposite_cosine,3569,-0.015796429208583262
overall,Baseline,300,BIS_same_minus_opposite_cosine,3593,0.1543938610702753
overall,Baseline,300,BIS_same_minus_opposite_cosine,3613,0.026078878591458077
overall,Baseline,300,BIS_same_minus_opposite_cosine,3764,0.005004987915356973
overall,Baseline,300,BIS_same_minus_opposite_cosine,3768,-0.018184773598251658
overall,Baseline,300,BIS_same_minus_opposite_cosine,3852,0.014403412395562976
overall,Baseline,300,BIS_same_minus_opposite_cosine,3967,-0.037905779339018286
overall,Baseline,300,BIS_same_minus_opposite_cosine,3976,0.044019575516382914
overall,Baseline,300,BIS_same_minus_opposite_cosine,3978,-0.029316462410820754
overall,Baseline,300,BIS_same_minus_opposite_cosine,3985,0.05768216133117676
overall,Baseline,300,BIS_same_minus_opposite_cosine,4016,0.1017121543486913
overall,Baseline,300,BIS_same_minus_opposite_cosine,4080,0.04325569686682329
overall,Baseline,300,BIS_same_minus_opposite_cosine,4293,0.031526640305916453
overall,Baseline,300,BIS_same_minus_opposite_cosine,4312,0.14392712722222012
overall,Baseline,300,BIS_same_minus_opposite_cosine,4529,0.07284169117609651
overall,Baseline,300,BIS_same_minus_opposite_cosine,4540,0.006013332555691475
overall,Baseline,300,BIS_same_minus_opposite_cosine,4638,0.06488718245273983
overall,Baseline,300,BIS_same_minus_opposite_cosine,4686,0.02759002385468312
overall,Baseline,300,BIS_same_minus_opposite_cosine,4821,0.0005198721090952096
overall,Baseline,300,BIS_same_minus_opposite_cosine,4865,0.045764842083056756
overall,Baseline,300,BIS_same_minus_opposite_cosine,4944,0.03705330988851152
overall,Baseline,300,BIS_same_minus_opposite_cosine,5309,0.050637269240838556
overall,Baseline,300,BIS_same_minus_opposite_cosine,5377,0.12483458019172156
overall,Baseline,300,BIS_same_minus_opposite_cosine,5410,0.06938674676985968
overall,Baseline,300,BIS_same_minus_opposite_cosine,5454,-0.0022987939417361547
overall,Baseline,300,BIS_same_minus_opposite_cosine,5516,0.022475486596425398
overall,Baseline,300,BIS_same_minus_opposite_cosine,5600,0.04700952698202698
overall,Baseline,300,BIS_same_minus_opposite_cosine,5778,0.09831296754056129
overall,Baseline,300,BIS_same_minus_opposite_cosine,5826,0.060378972689310695
overall,Baseline,300,BIS_same_minus_opposite_cosine,5961,0.006011673614072288
overall,Baseline,300,BIS_same_minus_opposite_cosine,5989,0.014155701273365962
overall,Baseline,300,BIS_same_minus_opposite_cosine,6025,0.03798905812479836
overall,Baseline,300,MAP_same_minus_opposite_cosine,105,0.025713257988294047
overall,Baseline,300,MAP_same_minus_opposite_cosine,323,-0.031200043878693573
overall,Baseline,300,MAP_same_minus_opposite_cosine,348,0.0654949816919509
overall,Baseline,300,MAP_same_minus_opposite_cosine,391,0.00780046266922052
overall,Baseline,300,MAP_same_minus_opposite_cosine,683,-0.0033741527370043656
overall,Baseline,300,MAP_same_minus_opposite_cosine,747,-0.013907202802322605
overall,Baseline,300,MAP_same_minus_opposite_cosine,750,-0.0631349993248781
overall,Baseline,300,MAP_same_minus_opposite_cosine,758,0.047081803292899904
overall,Baseline,300,MAP_same_minus_opposite_cosine,843,-0.03115515162547422
overall,Baseline,300,MAP_same_minus_opposite_cosine,877,0.07869876609607185
overall,Baseline,300,MAP_same_minus_opposite_cosine,926,0.06670680205027257
overall,Baseline,300,MAP_same_minus_opposite_cosine,967,-0.012949169476827005
overall,Baseline,300,MAP_same_minus_opposite_cosine,992,0.052063771940413006
overall,Baseline,300,MAP_same_minus_opposite_cosine,1014,0.0006823649009068955
overall,Baseline,300,MAP_same_minus_opposite_cosine,1092,-0.005706875609315043
overall,Baseline,300,MAP_same_minus_opposite_cosine,1193,0.021092209290890507
overall,Baseline,300,MAP_same_minus_opposite_cosine,1308,0.04621233417276749
overall,Baseline,300,MAP_same_minus_opposite_cosine,1335,-0.02282655871751016
overall,Baseline,300,MAP_same_minus_opposite_cosine,1480,0.05087582634554977
overall,Baseline,300,MAP_same_minus_opposite_cosine,1566,-0.019599660361806603
overall,Baseline,300,MAP_same_minus_opposite_cosine,1636,0.05086403345620194
overall,Baseline,300,MAP_same_minus_opposite_cosine,1644,-0.06886803143554265
overall,Baseline,300,MAP_same_minus_opposite_cosine,1839,0.06478879824280748
overall,Baseline,300,MAP_same_minus_opposite_cosine,1943,0.03789261221885676
overall,Baseline,300,MAP_same_minus_opposite_cosine,2005,-0.001834306120872431
overall,Baseline,300,MAP_same_minus_opposite_cosine,2048,0.021320725889766856
overall,Baseline,300,MAP_same_minus_opposite_cosine,2173,0.013637248291210713
overall,Baseline,300,MAP_same_minus_opposite_cosine,2263,0.006400647721229502
overall,Baseline,300,MAP_same_minus_opposite_cosine,2303,-0.005103173671346717
overall,Baseline,300,MAP_same_minus_opposite_cosine,2308,-0.035059566968593026
overall,Baseline,300,MAP_same_minus_opposite_cosine,2347,0.10763911111280322
overall,Baseline,300,MAP_same_minus_opposite_cosine,2361,0.005396208876655262
overall,Baseline,300,MAP_same_minus_opposite_cosine,2567,0.036643816530704476
overall,Baseline,300,MAP_same_minus_opposite_cosine,2900,0.01829428600542471
overall,Baseline,300,MAP_same_minus_opposite_cosine,2943,-0.05117444225411483
overall,Baseline,300,MAP_same_minus_opposite_cosine,2946,-0.030893326401710497
overall,Baseline,300,MAP_same_minus_opposite_cosine,2988,0.04151588466720313
overall,Baseline,300,MAP_same_minus_opposite_cosine,3261,-0.029556099513823986
overall,Baseline,300,MAP_same_minus_opposite_cosine,3354,-0.015837802222141817
overall,Baseline,300,MAP_same_minus_opposite_cosine,3387,0.03248291393121083
overall,Baseline,300,MAP_same_minus_opposite_cosine,3485,-0.0066242991071758794
overall,Baseline,300,MAP_same_minus_opposite_cosine,3525,0.0031321519526882335
overall,Baseline,300,MAP_same_minus_opposite_cosine,3569,-0.04658605406681693
overall,Baseline,300,MAP_same_minus_opposite_cosine,3593,0.025832911984374096
overall,Baseline,300,MAP_same_minus_opposite_cosine,3613,-0.013167269256981862
overall,Baseline,300,MAP_same_minus_opposite_cosine,3764,0.02453055915733182
overall,Baseline,300,MAP_same_minus_opposite_cosine,3768,0.05265503500898683
overall,Baseline,300,MAP_same_minus_opposite_cosine,3852,-0.011852826904027891
overall,Baseline,300,MAP_same_minus_opposite_cosine,3967,-0.02329205969969439
overall,Baseline,300,MAP_same_minus_opposite_cosine,3976,-0.02214498321215319
overall,Baseline,300,MAP_same_minus_opposite_cosine,3978,-0.01898659467697139
overall,Baseline,300,MAP_same_minus_opposite_cosine,3985,0.004938016831874892
overall,Baseline,300,MAP_same_minus_opposite_cosine,4016,-0.01966794689496354
overall,Baseline,300,MAP_same_minus_opposite_cosine,4080,0.05361245804362824
overall,Baseline,300,MAP_same_minus_opposite_cosine,4293,-0.01471350845836461
overall,Baseline,300,MAP_same_minus_opposite_cosine,4312,0.033279644598563585
overall,Baseline,300,MAP_same_minus_opposite_cosine,4529,0.006257645431019032
overall,Baseline,300,MAP_same_minus_opposite_cosine,4540,-0.0065388417205749505
overall,Baseline,300,MAP_same_minus_opposite_cosine,4638,0.05751967516498291
overall,Baseline,300,MAP_same_minus_opposite_cosine,4686,-0.020586735697893044
overall,Baseline,300,MAP_same_minus_opposite_cosine,4821,0.007729796710468473
overall,Baseline,300,MAP_same_minus_opposite_cosine,4865,0.03151697970571976
overall,Baseline,300,MAP_same_minus_opposite_cosine,4944,-0.10766316860914238
overall,Baseline,300,MAP_same_minus_opposite_cosine,5309,0.05121090758453917
overall,Baseline,300,MAP_same_minus_opposite_cosine,5377,0.012840586569574208
overall,Baseline,300,MAP_same_minus_opposite_cosine,5410,0.05949411789576209
overall,Baseline,300,MAP_same_minus_opposite_cosine,5454,0.005161692202091173
overall,Baseline,300,MAP_same_minus_opposite_cosine,5516,0.06442270676294959
overall,Baseline,300,MAP_same_minus_opposite_cosine,5600,0.021525413634484236
overall,Baseline,300,MAP_same_minus_opposite_cosine,5778,0.022144023883037045
overall,Baseline,300,MAP_same_minus_opposite_cosine,5826,-0.018327564199765445
overall,Baseline,300,MAP_same_minus_opposite_cosine,5961,-0.0056067984264630555
overall,Baseline,300,MAP_same_minus_opposite_cosine,5989,-0.025568456451098065
overall,Baseline,300,MAP_same_minus_opposite_cosine,6025,-0.09685621162255609
overall,Baseline,300,triplet_accuracy,323,0.5
overall,Baseline,300,triplet_accuracy,348,0.5666666666666667
overall,Baseline,300,triplet_accuracy,391,0.48333333333333334
overall,Baseline,300,triplet_accuracy,683,0.6333333333333333
overall,Baseline,300,triplet_accuracy,747,0.4
overall,Baseline,300,triplet_accuracy,750,0.43333333333333335
overall,Baseline,300,triplet_accuracy,758,0.5666666666666667
overall,Baseline,300,triplet_accuracy,843,0.7
overall,Baseline,300,triplet_accuracy,967,0.5666666666666667
overall,Baseline,300,triplet_accuracy,1014,0.5166666666666667
overall,Baseline,300,triplet_accuracy,1092,0.4666666666666667
overall,Baseline,300,triplet_accuracy,1193,0.5
overall,Baseline,300,triplet_accuracy,1335,0.55
overall,Baseline,300,triplet_accuracy,1480,0.5166666666666667
overall,Baseline,300,triplet_accuracy,1566,0.5166666666666667
overall,Baseline,300,triplet_accuracy,1839,0.45
overall,Baseline,300,triplet_accuracy,1943,0.6666666666666666
overall,Baseline,300,triplet_accuracy,2005,0.55
overall,Baseline,300,triplet_accuracy,2048,0.55
overall,Baseline,300,triplet_accuracy,2173,0.55
overall,Baseline,300,triplet_accuracy,2263,0.5
overall,Baseline,300,triplet_accuracy,2303,0.5333333333333333
overall,Baseline,300,triplet_accuracy,2308,0.4666666666666667
overall,Baseline,300,triplet_accuracy,2347,0.5666666666666667
overall,Baseline,300,triplet_accuracy,2361,0.6333333333333333
overall,Baseline,300,triplet_accuracy,2567,0.6333333333333333
overall,Baseline,300,triplet_accuracy,2943,0.5833333333333334
overall,Baseline,300,triplet_accuracy,2988,0.5666666666666667
overall,Baseline,300,triplet_accuracy,3261,0.55
overall,Baseline,300,triplet_accuracy,3354,0.5666666666666667
overall,Baseline,300,triplet_accuracy,3525,0.5166666666666667
overall,Baseline,300,triplet_accuracy,3569,0.5666666666666667
overall,Baseline,300,triplet_accuracy,3593,0.48333333333333334
overall,Baseline,300,triplet_accuracy,3768,0.5
overall,Baseline,300,triplet_accuracy,3852,0.5333333333333333
overall,Baseline,300,triplet_accuracy,3967,0.5333333333333333
overall,Baseline,300,triplet_accuracy,3978,0.65
overall,Baseline,300,triplet_accuracy,3985,0.5833333333333334
overall,Baseline,300,triplet_accuracy,4016,0.43333333333333335
overall,Baseline,300,triplet_accuracy,4293,0.45
overall,Baseline,300,triplet_accuracy,4312,0.5833333333333334
overall,Baseline,300,triplet_accuracy,4529,0.6333333333333333
overall,Baseline,300,triplet_accuracy,4540,0.5
overall,Baseline,300,triplet_accuracy,4686,0.7166666666666667
overall,Baseline,300,triplet_accuracy,4821,0.6166666666666667
overall,Baseline,300,triplet_accuracy,4865,0.5666666666666667
overall,Baseline,300,triplet_accuracy,4944,0.4
overall,Baseline,300,triplet_accuracy,5309,0.5833333333333334
overall,Baseline,300,triplet_accuracy,5377,0.5333333333333333
overall,Baseline,300,triplet_accuracy,5410,0.65
overall,Baseline,300,triplet_accuracy,5454,0.5333333333333333
overall,Baseline,300,triplet_accuracy,5516,0.5833333333333334
overall,Baseline,300,triplet_accuracy,5600,0.5333333333333333
overall,Baseline,300,triplet_accuracy,5778,0.4166666666666667
overall,Baseline,300,triplet_accuracy,5989,0.5833333333333334
overall,Baseline,300,triplet_accuracy,6025,0.4666666666666667
stable_action_Q1,Baseline,300,BIS_same_minus_opposite_cosine,105,0.042717386569295634
stable_action_Q1,Baseline,300,BIS_same_minus_opposite_cosine,323,0.109718707203865
stable_action_Q1,Baseline,300,BIS_same_minus_opposite_cosine,348,0.009979248046875
stable_action_Q1,Baseline,300,BIS_same_minus_opposite_cosine,391,-0.13165758188926813
stable_action_Q1,Baseline,300,BIS_same_minus_opposite_cosine,683,0.014647158935214621
stable_action_Q1,Baseline,300,BIS_same_minus_opposite_cosine,747,0.09648926556110382
stable_action_Q1,Baseline,300,BIS_same_minus_opposite_cosine,750,-0.02084090168390318
stable_action_Q1,Baseline,300,BIS_same_minus_opposite_cosine,758,0.1503880197803179
stable_action_Q1,Baseline,300,BIS_same_minus_opposite_cosine,843,0.003033395546177986
stable_action_Q1,Baseline,300,BIS_same_minus_opposite_cosine,877,0.06019891649484632
stable_action_Q1,Baseline,300,BIS_same_minus_opposite_cosine,926,-0.15879029408097267
stable_action_Q1,Baseline,300,BIS_same_minus_opposite_cosine,967,0.04629771659771598
stable_action_Q1,Baseline,300,BIS_same_minus_opposite_cosine,992,0.06280389328797664
stable_action_Q1,Baseline,300,BIS_same_minus_opposite_cosine,1014,-0.06778913966069611
stable_action_Q1,Baseline,300,BIS_same_minus_opposite_cosine,1092,0.07686971127986908
stable_action_Q1,Baseline,300,BIS_same_minus_opposite_cosine,1193,0.21339654897650084
stable_action_Q1,Baseline,300,BIS_same_minus_opposite_cosine,1308,0.025773799667755726
stable_action_Q1,Baseline,300,BIS_same_minus_opposite_cosine,1335,0.02380614653229718
stable_action_Q1,Baseline,300,BIS_same_minus_opposite_cosine,1480,-0.019657694631152745
stable_action_Q1,Baseline,300,BIS_same_minus_opposite_cosine,1566,0.05617788732051854
stable_action_Q1,Baseline,300,BIS_same_minus_opposite_cosine,1636,-0.43068818747997284
stable_action_Q1,Baseline,300,BIS_same_minus_opposite_cosine,1644,0.15523704247815273
stable_action_Q1,Baseline,300,BIS_same_minus_opposite_cosine,1839,0.012380474380084494
stable_action_Q1,Baseline,300,BIS_same_minus_opposite_cosine,1943,0.25533847691434797
stable_action_Q1,Baseline,300,BIS_same_minus_opposite_cosine,2005,-0.11191638683279354
stable_action_Q1,Baseline,300,BIS_same_minus_opposite_cosine,2048,0.0672947118679682
stable_action_Q1,Baseline,300,BIS_same_minus_opposite_cosine,2173,0.07300942055316584
stable_action_Q1,Baseline,300,BIS_same_minus_opposite_cosine,2263,0.081118089457353
stable_action_Q1,Baseline,300,BIS_same_minus_opposite_cosine,2303,0.11442626199939032
stable_action_Q1,Baseline,300,BIS_same_minus_opposite_cosine,2308,-0.04576293037583423
stable_action_Q1,Baseline,300,BIS_same_minus_opposite_cosine,2347,0.011508377889792087
stable_action_Q1,Baseline,300,BIS_same_minus_opposite_cosine,2361,-0.04930723127391601
stable_action_Q1,Baseline,300,BIS_same_minus_opposite_cosine,2567,0.04409580373515687
stable_action_Q1,Baseline,300,BIS_same_minus_opposite_cosine,2900,-0.0023380244771639136
stable_action_Q1,Baseline,300,BIS_same_minus_opposite_cosine,2943,0.12799699418246746
stable_action_Q1,Baseline,300,BIS_same_minus_opposite_cosine,2946,0.14860670144359267
stable_action_Q1,Baseline,300,BIS_same_minus_opposite_cosine,2988,-0.028430573642253876
stable_action_Q1,Baseline,300,BIS_same_minus_opposite_cosine,3261,0.03090123956402141
stable_action_Q1,Baseline,300,BIS_same_minus_opposite_cosine,3354,-0.0878760305543741
stable_action_Q1,Baseline,300,BIS_same_minus_opposite_cosine,3387,0.13208824313349188
stable_action_Q1,Baseline,300,BIS_same_minus_opposite_cosine,3485,0.05700986459851265
stable_action_Q1,Baseline,300,BIS_same_minus_opposite_cosine,3525,-0.133474829367229
stable_action_Q1,Baseline,300,BIS_same_minus_opposite_cosine,3569,-0.052757859230041504
stable_action_Q1,Baseline,300,BIS_same_minus_opposite_cosine,3593,0.3083673492074013
stable_action_Q1,Baseline,300,BIS_same_minus_opposite_cosine,3613,0.07248981731633353
stable_action_Q1,Baseline,300,BIS_same_minus_opposite_cosine,3764,-0.383836350341638
stable_action_Q1,Baseline,300,BIS_same_minus_opposite_cosine,3768,0.008025235679903764
stable_action_Q1,Baseline,300,BIS_same_minus_opposite_cosine,3852,0.32757671222542273
stable_action_Q1,Baseline,300,BIS_same_minus_opposite_cosine,3967,0.05800990921755633
stable_action_Q1,Baseline,300,BIS_same_minus_opposite_cosine,3976,0.13622188658425305
stable_action_Q1,Baseline,300,BIS_same_minus_opposite_cosine,3978,0.0660320578349961
stable_action_Q1,Baseline,300,BIS_same_minus_opposite_cosine,3985,0.07305221839083564
stable_action_Q1,Baseline,300,BIS_same_minus_opposite_cosine,4016,0.04672388145417883
stable_action_Q1,Baseline,300,BIS_same_minus_opposite_cosine,4080,-0.17882341236779187
stable_action_Q1,Baseline,300,BIS_same_minus_opposite_cosine,4293,0.045461534324920616
stable_action_Q1,Baseline,300,BIS_same_minus_opposite_cosine,4312,0.11780090102305019
stable_action_Q1,Baseline,300,BIS_same_minus_opposite_cosine,4529,-0.045239628038623136
stable_action_Q1,Baseline,300,BIS_same_minus_opposite_cosine,4540,0.030079873402913404
stable_action_Q1,Baseline,300,BIS_same_minus_opposite_cosine,4638,-0.10647359024733305
stable_action_Q1,Baseline,300,BIS_same_minus_opposite_cosine,4686,0.016509409655224183
stable_action_Q1,Baseline,300,BIS_same_minus_opposite_cosine,4821,0.05329171816507983
stable_action_Q1,Baseline,300,BIS_same_minus_opposite_cosine,4865,0.04940295517444615
stable_action_Q1,Baseline,300,BIS_same_minus_opposite_cosine,4944,0.21382630639003986
stable_action_Q1,Baseline,300,BIS_same_minus_opposite_cosine,5309,-0.0020820041497549013
stable_action_Q1,Baseline,300,BIS_same_minus_opposite_cosine,5377,-0.004634026024076698
stable_action_Q1,Baseline,300,BIS_same_minus_opposite_cosine,5410,0.007062270243962665
stable_action_Q1,Baseline,300,BIS_same_minus_opposite_cosine,5454,-0.0824877992272377
stable_action_Q1,Baseline,300,BIS_same_minus_opposite_cosine,5516,0.17347858150800077
stable_action_Q1,Baseline,300,BIS_same_minus_opposite_cosine,5600,0.013060682586261252
stable_action_Q1,Baseline,300,BIS_same_minus_opposite_cosine,5778,0.04858904033899303
stable_action_Q1,Baseline,300,BIS_same_minus_opposite_cosine,5826,0.11168752279546523
stable_action_Q1,Baseline,300,BIS_same_minus_opposite_cosine,5961,-0.005050872530167283
stable_action_Q1,Baseline,300,BIS_same_minus_opposite_cosine,5989,-0.027528604661876455
stable_action_Q1,Baseline,300,BIS_same_minus_opposite_cosine,6025,0.12185981734232465
stable_action_Q1,Baseline,300,MAP_same_minus_opposite_cosine,105,-0.12240386009216309
stable_action_Q1,Baseline,300,MAP_same_minus_opposite_cosine,323,0.18672628842648997
stable_action_Q1,Baseline,300,MAP_same_minus_opposite_cosine,348,0.04311015109221139
stable_action_Q1,Baseline,300,MAP_same_minus_opposite_cosine,391,-0.042406365275382996
stable_action_Q1,Baseline,300,MAP_same_minus_opposite_cosine,683,0.07353940357764566
stable_action_Q1,Baseline,300,MAP_same_minus_opposite_cosine,747,0.07136822695081879
stable_action_Q1,Baseline,300,MAP_same_minus_opposite_cosine,750,0.09592215716838837
stable_action_Q1,Baseline,300,MAP_same_minus_opposite_cosine,758,-0.028558292623722115
stable_action_Q1,Baseline,300,MAP_same_minus_opposite_cosine,843,0.0807824046129273
stable_action_Q1,Baseline,300,MAP_same_minus_opposite_cosine,877,0.07405728474259377
stable_action_Q1,Baseline,300,MAP_same_minus_opposite_cosine,926,0.013344519833723645
stable_action_Q1,Baseline,300,MAP_same_minus_opposite_cosine,967,0.13932060595187867
stable_action_Q1,Baseline,300,MAP_same_minus_opposite_cosine,992,0.2689241646301179
stable_action_Q1,Baseline,300,MAP_same_minus_opposite_cosine,1014,0.17091079884105254
stable_action_Q1,Baseline,300,MAP_same_minus_opposite_cosine,1092,0.0461354826887449
stable_action_Q1,Baseline,300,MAP_same_minus_opposite_cosine,1193,0.06890810156861937
stable_action_Q1,Baseline,300,MAP_same_minus_opposite_cosine,1308,-0.0011709767083326605
stable_action_Q1,Baseline,300,MAP_same_minus_opposite_cosine,1335,-0.09727112576365471
stable_action_Q1,Baseline,300,MAP_same_minus_opposite_cosine,1480,-0.050109123190244076
stable_action_Q1,Baseline,300,MAP_same_minus_opposite_cosine,1566,-0.06663586554073153
stable_action_Q1,Baseline,300,MAP_same_minus_opposite_cosine,1644,0.2782412519057591
stable_action_Q1,Baseline,300,MAP_same_minus_opposite_cosine,1839,-0.012777014212174809
stable_action_Q1,Baseline,300,MAP_same_minus_opposite_cosine,1943,-0.038648709654808044
stable_action_Q1,Baseline,300,MAP_same_minus_opposite_cosine,2005,-0.0017989287999543024
stable_action_Q1,Baseline,300,MAP_same_minus_opposite_cosine,2048,0.13526524479190505
stable_action_Q1,Baseline,300,MAP_same_minus_opposite_cosine,2173,-0.010350622733434123
stable_action_Q1,Baseline,300,MAP_same_minus_opposite_cosine,2263,0.14524107798933983
stable_action_Q1,Baseline,300,MAP_same_minus_opposite_cosine,2303,0.04445355716678834
stable_action_Q1,Baseline,300,MAP_same_minus_opposite_cosine,2308,-0.0673710185857046
stable_action_Q1,Baseline,300,MAP_same_minus_opposite_cosine,2347,0.008697554469108582
stable_action_Q1,Baseline,300,MAP_same_minus_opposite_cosine,2361,-0.014744777232408524
stable_action_Q1,Baseline,300,MAP_same_minus_opposite_cosine,2567,0.2990692234598101
stable_action_Q1,Baseline,300,MAP_same_minus_opposite_cosine,2900,0.08914042363564167
stable_action_Q1,Baseline,300,MAP_same_minus_opposite_cosine,2943,0.05653918824262094
stable_action_Q1,Baseline,300,MAP_same_minus_opposite_cosine,2946,0.04717174420754111
stable_action_Q1,Baseline,300,MAP_same_minus_opposite_cosine,2988,0.07722767318288482
stable_action_Q1,Baseline,300,MAP_same_minus_opposite_cosine,3261,0.06397379375994205
stable_action_Q1,Baseline,300,MAP_same_minus_opposite_cosine,3354,0.06165807321667671
stable_action_Q1,Baseline,300,MAP_same_minus_opposite_cosine,3387,0.04563405669548293
stable_action_Q1,Baseline,300,MAP_same_minus_opposite_cosine,3485,-0.042269567648569706
stable_action_Q1,Baseline,300,MAP_same_minus_opposite_cosine,3525,-0.15728092193603516
stable_action_Q1,Baseline,300,MAP_same_minus_opposite_cosine,3569,-0.025472469317416313
stable_action_Q1,Baseline,300,MAP_same_minus_opposite_cosine,3593,0.006054659932851814
stable_action_Q1,Baseline,300,MAP_same_minus_opposite_cosine,3613,0.23342567433913552
stable_action_Q1,Baseline,300,MAP_same_minus_opposite_cosine,3764,-0.0636678814888001
stable_action_Q1,Baseline,300,MAP_same_minus_opposite_cosine,3768,0.07839241127173102
stable_action_Q1,Baseline,300,MAP_same_minus_opposite_cosine,3852,-0.08062752268531104
stable_action_Q1,Baseline,300,MAP_same_minus_opposite_cosine,3967,-0.037918566001786114
stable_action_Q1,Baseline,300,MAP_same_minus_opposite_cosine,3976,0.07539403769705033
stable_action_Q1,Baseline,300,MAP_same_minus_opposite_cosine,3978,0.07874223714073503
stable_action_Q1,Baseline,300,MAP_same_minus_opposite_cosine,3985,-0.12269192047062383
stable_action_Q1,Baseline,300,MAP_same_minus_opposite_cosine,4016,0.09433378775914514
stable_action_Q1,Baseline,300,MAP_same_minus_opposite_cosine,4080,0.08752607350999664
stable_action_Q1,Baseline,300,MAP_same_minus_opposite_cosine,4293,0.07731096570690477
stable_action_Q1,Baseline,300,MAP_same_minus_opposite_cosine,4312,0.008012793958187103
stable_action_Q1,Baseline,300,MAP_same_minus_opposite_cosine,4529,0.11689459905028343
stable_action_Q1,Baseline,300,MAP_same_minus_opposite_cosine,4540,0.2165389082261494
stable_action_Q1,Baseline,300,MAP_same_minus_opposite_cosine,4638,-0.02254587050640222
stable_action_Q1,Baseline,300,MAP_same_minus_opposite_cosine,4686,-0.031991933105569914
stable_action_Q1,Baseline,300,MAP_same_minus_opposite_cosine,4821,-0.06921342859665547
stable_action_Q1,Baseline,300,MAP_same_minus_opposite_cosine,4865,-0.016005726324187397
stable_action_Q1,Baseline,300,MAP_same_minus_opposite_cosine,4944,-0.02768380277686655
stable_action_Q1,Baseline,300,MAP_same_minus_opposite_cosine,5309,0.05682636221701454
stable_action_Q1,Baseline,300,MAP_same_minus_opposite_cosine,5377,-0.11768754252365654
stable_action_Q1,Baseline,300,MAP_same_minus_opposite_cosine,5410,-0.02492477496465051
stable_action_Q1,Baseline,300,MAP_same_minus_opposite_cosine,5454,0.017775213718414284
stable_action_Q1,Baseline,300,MAP_same_minus_opposite_cosine,5516,-0.1626579595108827
stable_action_Q1,Baseline,300,MAP_same_minus_opposite_cosine,5600,0.03680481016635895
stable_action_Q1,Baseline,300,MAP_same_minus_opposite_cosine,5778,0.008669981857140852
stable_action_Q1,Baseline,300,MAP_same_minus_opposite_cosine,5826,0.06986332560578978
stable_action_Q1,Baseline,300,MAP_same_minus_opposite_cosine,5961,0.12356897443532944
stable_action_Q1,Baseline,300,MAP_same_minus_opposite_cosine,5989,0.138750164459149
stable_action_Q1,Baseline,300,MAP_same_minus_opposite_cosine,6025,-0.08989727293903182
stable_action_Q1,Baseline,300,triplet_accuracy,323,0.55
stable_action_Q1,Baseline,300,triplet_accuracy,348,0.6
stable_action_Q1,Baseline,300,triplet_accuracy,391,0.5
stable_action_Q1,Baseline,300,triplet_accuracy,683,0.5
stable_action_Q1,Baseline,300,triplet_accuracy,747,0.55
stable_action_Q1,Baseline,300,triplet_accuracy,750,0.65
stable_action_Q1,Baseline,300,triplet_accuracy,758,0.55
stable_action_Q1,Baseline,300,triplet_accuracy,843,0.75
stable_action_Q1,Baseline,300,triplet_accuracy,967,0.4
stable_action_Q1,Baseline,300,triplet_accuracy,1014,0.55
stable_action_Q1,Baseline,300,triplet_accuracy,1092,0.6
stable_action_Q1,Baseline,300,triplet_accuracy,1193,0.7
stable_action_Q1,Baseline,300,triplet_accuracy,1335,0.7
stable_action_Q1,Baseline,300,triplet_accuracy,1480,0.65
stable_action_Q1,Baseline,300,triplet_accuracy,1566,0.6
stable_action_Q1,Baseline,300,triplet_accuracy,1839,0.45
stable_action_Q1,Baseline,300,triplet_accuracy,1943,0.75
stable_action_Q1,Baseline,300,triplet_accuracy,2005,0.55
stable_action_Q1,Baseline,300,triplet_accuracy,2048,0.5
stable_action_Q1,Baseline,300,triplet_accuracy,2173,0.5
stable_action_Q1,Baseline,300,triplet_accuracy,2263,0.5
stable_action_Q1,Baseline,300,triplet_accuracy,2303,0.5
stable_action_Q1,Baseline,300,triplet_accuracy,2308,0.8
stable_action_Q1,Baseline,300,triplet_accuracy,2347,0.5
stable_action_Q1,Baseline,300,triplet_accuracy,2361,0.45
stable_action_Q1,Baseline,300,triplet_accuracy,2567,0.6
stable_action_Q1,Baseline,300,triplet_accuracy,2943,0.7
stable_action_Q1,Baseline,300,triplet_accuracy,2988,0.55
stable_action_Q1,Baseline,300,triplet_accuracy,3261,0.4
stable_action_Q1,Baseline,300,triplet_accuracy,3354,0.35
stable_action_Q1,Baseline,300,triplet_accuracy,3525,0.45
stable_action_Q1,Baseline,300,triplet_accuracy,3569,0.6
stable_action_Q1,Baseline,300,triplet_accuracy,3593,0.65
stable_action_Q1,Baseline,300,triplet_accuracy,3768,0.75
stable_action_Q1,Baseline,300,triplet_accuracy,3852,0.65
stable_action_Q1,Baseline,300,triplet_accuracy,3967,0.55
stable_action_Q1,Baseline,300,triplet_accuracy,3978,0.6
stable_action_Q1,Baseline,300,triplet_accuracy,3985,0.5
stable_action_Q1,Baseline,300,triplet_accuracy,4016,0.55
stable_action_Q1,Baseline,300,triplet_accuracy,4293,0.35
stable_action_Q1,Baseline,300,triplet_accuracy,4312,0.55
stable_action_Q1,Baseline,300,triplet_accuracy,4529,0.55
stable_action_Q1,Baseline,300,triplet_accuracy,4540,0.55
stable_action_Q1,Baseline,300,triplet_accuracy,4686,0.55
stable_action_Q1,Baseline,300,triplet_accuracy,4821,0.4
stable_action_Q1,Baseline,300,triplet_accuracy,4865,0.6
stable_action_Q1,Baseline,300,triplet_accuracy,4944,0.7
stable_action_Q1,Baseline,300,triplet_accuracy,5309,0.35
stable_action_Q1,Baseline,300,triplet_accuracy,5377,0.65
stable_action_Q1,Baseline,300,triplet_accuracy,5410,0.4
stable_action_Q1,Baseline,300,triplet_accuracy,5454,0.55
stable_action_Q1,Baseline,300,triplet_accuracy,5516,0.6
stable_action_Q1,Baseline,300,triplet_accuracy,5600,0.4
stable_action_Q1,Baseline,300,triplet_accuracy,5778,0.6
stable_action_Q1,Baseline,300,triplet_accuracy,5989,0.55
stable_action_Q1,Baseline,300,triplet_accuracy,6025,0.45
Q4,Baseline,300,BIS_same_minus_opposite_cosine,105,0.01423399746417997
Q4,Baseline,300,BIS_same_minus_opposite_cosine,323,0.052285704554782986
Q4,Baseline,300,BIS_same_minus_opposite_cosine,348,0.046777963638305664
Q4,Baseline,300,BIS_same_minus_opposite_cosine,391,-0.008824576934178707
Q4,Baseline,300,BIS_same_minus_opposite_cosine,683,-0.019203896323839786
Q4,Baseline,300,BIS_same_minus_opposite_cosine,747,-0.0629589845511046
Q4,Baseline,300,BIS_same_minus_opposite_cosine,750,0.0013125042120616381
Q4,Baseline,300,BIS_same_minus_opposite_cosine,758,-0.01379483938217163
Q4,Baseline,300,BIS_same_minus_opposite_cosine,843,-0.029725279836427587
Q4,Baseline,300,BIS_same_minus_opposite_cosine,877,0.043766627709070804
Q4,Baseline,300,BIS_same_minus_opposite_cosine,926,0.04420001953840258
Q4,Baseline,300,BIS_same_minus_opposite_cosine,967,0.021836380163828606
Q4,Baseline,300,BIS_same_minus_opposite_cosine,992,-0.05279362450043357
Q4,Baseline,300,BIS_same_minus_opposite_cosine,1014,0.06509227355321257
Q4,Baseline,300,BIS_same_minus_opposite_cosine,1092,-0.06801764865716298
Q4,Baseline,300,BIS_same_minus_opposite_cosine,1193,-0.0705760195851326
Q4,Baseline,300,BIS_same_minus_opposite_cosine,1308,-0.07290635903676357
Q4,Baseline,300,BIS_same_minus_opposite_cosine,1335,0.10065375703076518
Q4,Baseline,300,BIS_same_minus_opposite_cosine,1480,0.006122976541519165
Q4,Baseline,300,BIS_same_minus_opposite_cosine,1566,0.02198100835084915
Q4,Baseline,300,BIS_same_minus_opposite_cosine,1636,-0.005893682688474677
Q4,Baseline,300,BIS_same_minus_opposite_cosine,1644,0.14021879299120465
Q4,Baseline,300,BIS_same_minus_opposite_cosine,1839,0.0496861398220062
Q4,Baseline,300,BIS_same_minus_opposite_cosine,1943,0.07474984228610992
Q4,Baseline,300,BIS_same_minus_opposite_cosine,2005,-0.01838402152061458
Q4,Baseline,300,BIS_same_minus_opposite_cosine,2048,-0.03411252051591873
Q4,Baseline,300,BIS_same_minus_opposite_cosine,2173,-0.032627763019667744
Q4,Baseline,300,BIS_same_minus_opposite_cosine,2263,-0.14512619479662847
Q4,Baseline,300,BIS_same_minus_opposite_cosine,2303,0.034669446674260196
Q4,Baseline,300,BIS_same_minus_opposite_cosine,2308,0.04214972080219359
Q4,Baseline,300,BIS_same_minus_opposite_cosine,2347,0.03612155715624488
Q4,Baseline,300,BIS_same_minus_opposite_cosine,2361,0.020558685064315796
Q4,Baseline,300,BIS_same_minus_opposite_cosine,2567,0.10567046453555429
Q4,Baseline,300,BIS_same_minus_opposite_cosine,2900,0.12731097006436543
Q4,Baseline,300,BIS_same_minus_opposite_cosine,2943,-0.11766503709885812
Q4,Baseline,300,BIS_same_minus_opposite_cosine,2946,0.0074211955070495605
Q4,Baseline,300,BIS_same_minus_opposite_cosine,2988,0.03739061951637268
Q4,Baseline,300,BIS_same_minus_opposite_cosine,3261,0.04669506456702943
Q4,Baseline,300,BIS_same_minus_opposite_cosine,3354,-0.009401622911294316
Q4,Baseline,300,BIS_same_minus_opposite_cosine,3387,0.008906019727389025
Q4,Baseline,300,BIS_same_minus_opposite_cosine,3485,-0.059087824866627114
Q4,Baseline,300,BIS_same_minus_opposite_cosine,3525,0.011433868245644963
Q4,Baseline,300,BIS_same_minus_opposite_cosine,3569,0.07163843264182401
Q4,Baseline,300,BIS_same_minus_opposite_cosine,3593,0.05866014634569494
Q4,Baseline,300,BIS_same_minus_opposite_cosine,3613,0.09944456883452157
Q4,Baseline,300,BIS_same_minus_opposite_cosine,3764,0.07386863728364312
Q4,Baseline,300,BIS_same_minus_opposite_cosine,3768,0.18510993163694034
Q4,Baseline,300,BIS_same_minus_opposite_cosine,3852,-0.030225560069084167
Q4,Baseline,300,BIS_same_minus_opposite_cosine,3967,0.05559899608294161
Q4,Baseline,300,BIS_same_minus_opposite_cosine,3976,0.03329599739024136
Q4,Baseline,300,BIS_same_minus_opposite_cosine,3978,-0.08383568056992119
Q4,Baseline,300,BIS_same_minus_opposite_cosine,3985,0.029599212855100587
Q4,Baseline,300,BIS_same_minus_opposite_cosine,4016,-0.036552975575129154
Q4,Baseline,300,BIS_same_minus_opposite_cosine,4080,0.09734044472376502
Q4,Baseline,300,BIS_same_minus_opposite_cosine,4293,-0.006745553678936478
Q4,Baseline,300,BIS_same_minus_opposite_cosine,4312,0.07121450536780882
Q4,Baseline,300,BIS_same_minus_opposite_cosine,4529,0.05940896107090843
Q4,Baseline,300,BIS_same_minus_opposite_cosine,4540,0.13008375736800104
Q4,Baseline,300,BIS_same_minus_opposite_cosine,4638,-0.007029782732327794
Q4,Baseline,300,BIS_same_minus_opposite_cosine,4686,-0.008090789570952994
Q4,Baseline,300,BIS_same_minus_opposite_cosine,4821,-0.0161169171333313
Q4,Baseline,300,BIS_same_minus_opposite_cosine,4865,0.08808213273684184
Q4,Baseline,300,BIS_same_minus_opposite_cosine,4944,0.09173656751712167
Q4,Baseline,300,BIS_same_minus_opposite_cosine,5309,0.1850915749867757
Q4,Baseline,300,BIS_same_minus_opposite_cosine,5377,0.05206386248270678
Q4,Baseline,300,BIS_same_minus_opposite_cosine,5410,0.06447549802916386
Q4,Baseline,300,BIS_same_minus_opposite_cosine,5454,-0.007216850419839216
Q4,Baseline,300,BIS_same_minus_opposite_cosine,5516,0.12790015935897825
Q4,Baseline,300,BIS_same_minus_opposite_cosine,5600,0.06754469374815619
Q4,Baseline,300,BIS_same_minus_opposite_cosine,5778,0.12260738884409272
Q4,Baseline,300,BIS_same_minus_opposite_cosine,5826,0.027256488800048828
Q4,Baseline,300,BIS_same_minus_opposite_cosine,5961,-0.009831503033638
Q4,Baseline,300,BIS_same_minus_opposite_cosine,5989,0.005573055810398464
Q4,Baseline,300,BIS_same_minus_opposite_cosine,6025,0.14263597559748276
Q4,Baseline,300,MAP_same_minus_opposite_cosine,105,0.05027024380185385
Q4,Baseline,300,MAP_same_minus_opposite_cosine,323,0.022647904025183796
Q4,Baseline,300,MAP_same_minus_opposite_cosine,348,-0.042095497250556946
Q4,Baseline,300,MAP_same_minus_opposite_cosine,391,-0.029521233505672928
Q4,Baseline,300,MAP_same_minus_opposite_cosine,683,-0.04711677134037018
Q4,Baseline,300,MAP_same_minus_opposite_cosine,747,0.09103398803960194
Q4,Baseline,300,MAP_same_minus_opposite_cosine,750,0.08188033884479884
Q4,Baseline,300,MAP_same_minus_opposite_cosine,758,0.05615619818369544
Q4,Baseline,300,MAP_same_minus_opposite_cosine,843,-0.03601851984858517
Q4,Baseline,300,MAP_same_minus_opposite_cosine,877,-0.030218423406283
Q4,Baseline,300,MAP_same_minus_opposite_cosine,926,-0.024860508739948273
Q4,Baseline,300,MAP_same_minus_opposite_cosine,967,-0.04072985905363713
Q4,Baseline,300,MAP_same_minus_opposite_cosine,992,-0.020876612691652197
Q4,Baseline,300,MAP_same_minus_opposite_cosine,1014,-0.08561583360036218
Q4,Baseline,300,MAP_same_minus_opposite_cosine,1092,-0.015096202492713928
Q4,Baseline,300,MAP_same_minus_opposite_cosine,1193,0.058684493104616875
Q4,Baseline,300,MAP_same_minus_opposite_cosine,1308,-0.0847418963006048
Q4,Baseline,300,MAP_same_minus_opposite_cosine,1335,0.055581743021806074
Q4,Baseline,300,MAP_same_minus_opposite_cosine,1480,-0.058062540988127354
Q4,Baseline,300,MAP_same_minus_opposite_cosine,1566,0.011077897179694318
Q4,Baseline,300,MAP_same_minus_opposite_cosine,1636,0.09833438073595369
Q4,Baseline,300,MAP_same_minus_opposite_cosine,1644,-0.07500646263360977
Q4,Baseline,300,MAP_same_minus_opposite_cosine,1839,0.20214265615989768
Q4,Baseline,300,MAP_same_minus_opposite_cosine,1943,0.06071030249198284
Q4,Baseline,300,MAP_same_minus_opposite_cosine,2005,-0.017574749661214417
Q4,Baseline,300,MAP_same_minus_opposite_cosine,2048,0.05484354141212644
Q4,Baseline,300,MAP_same_minus_opposite_cosine,2173,-0.11500544150670378
Q4,Baseline,300,MAP_same_minus_opposite_cosine,2263,-0.04488069835034281
Q4,Baseline,300,MAP_same_minus_opposite_cosine,2303,-0.0061402554313341184
Q4,Baseline,300,MAP_same_minus_opposite_cosine,2308,0.05046604325373971
Q4,Baseline,300,MAP_same_minus_opposite_cosine,2347,0.021818182233608208
Q4,Baseline,300,MAP_same_minus_opposite_cosine,2361,-0.05910484492778778
Q4,Baseline,300,MAP_same_minus_opposite_cosine,2567,-0.007512764916533521
Q4,Baseline,300,MAP_same_minus_opposite_cosine,2900,0.08757220705350244
Q4,Baseline,300,MAP_same_minus_opposite_cosine,2943,0.07180692120031873
Q4,Baseline,300,MAP_same_minus_opposite_cosine,2946,0.09484575959769159
Q4,Baseline,300,MAP_same_minus_opposite_cosine,2988,0.0956729228297869
Q4,Baseline,300,MAP_same_minus_opposite_cosine,3261,0.06427031631271052
Q4,Baseline,300,MAP_same_minus_opposite_cosine,3354,-0.07571183844949259
Q4,Baseline,300,MAP_same_minus_opposite_cosine,3387,-0.08732238064209619
Q4,Baseline,300,MAP_same_minus_opposite_cosine,3485,0.03511386613051104
Q4,Baseline,300,MAP_same_minus_opposite_cosine,3525,-0.07079377770423889
Q4,Baseline,300,MAP_same_minus_opposite_cosine,3569,0.021266893380218033
Q4,Baseline,300,MAP_same_minus_opposite_cosine,3593,0.10135760813048389
Q4,Baseline,300,MAP_same_minus_opposite_cosine,3613,-0.007272049333109987
Q4,Baseline,300,MAP_same_minus_opposite_cosine,3764,0.09658198969231713
Q4,Baseline,300,MAP_same_minus_opposite_cosine,3768,-0.031468423252755895
Q4,Baseline,300,MAP_same_minus_opposite_cosine,3852,0.06314999994003412
Q4,Baseline,300,MAP_same_minus_opposite_cosine,3967,-0.002727198104063633
Q4,Baseline,300,MAP_same_minus_opposite_cosine,3976,0.060659161872334
Q4,Baseline,300,MAP_same_minus_opposite_cosine,3978,0.03472531248222699
Q4,Baseline,300,MAP_same_minus_opposite_cosine,3985,0.015958649190989438
Q4,Baseline,300,MAP_same_minus_opposite_cosine,4016,-0.05425262848536172
Q4,Baseline,300,MAP_same_minus_opposite_cosine,4080,0.04332174162069957
Q4,Baseline,300,MAP_same_minus_opposite_cosine,4293,-0.011163469403982162
Q4,Baseline,300,MAP_same_minus_opposite_cosine,4312,-0.028907600045204207
Q4,Baseline,300,MAP_same_minus_opposite_cosine,4529,-0.04722290237744642
Q4,Baseline,300,MAP_same_minus_opposite_cosine,4540,-0.06077404071887338
Q4,Baseline,300,MAP_same_minus_opposite_cosine,4638,0.017977174371480942
Q4,Baseline,300,MAP_same_minus_opposite_cosine,4686,0.028317013473221797
Q4,Baseline,300,MAP_same_minus_opposite_cosine,4821,-0.07788143120706076
Q4,Baseline,300,MAP_same_minus_opposite_cosine,4865,-0.0265353143215179
Q4,Baseline,300,MAP_same_minus_opposite_cosine,4944,0.10084463324811721
Q4,Baseline,300,MAP_same_minus_opposite_cosine,5309,-0.005064631501833672
Q4,Baseline,300,MAP_same_minus_opposite_cosine,5377,0.10399965569376945
Q4,Baseline,300,MAP_same_minus_opposite_cosine,5410,0.008605357372399536
Q4,Baseline,300,MAP_same_minus_opposite_cosine,5454,-0.10631949277151198
Q4,Baseline,300,MAP_same_minus_opposite_cosine,5516,-0.015549323324001274
Q4,Baseline,300,MAP_same_minus_opposite_cosine,5600,0.0012487263390512648
Q4,Baseline,300,MAP_same_minus_opposite_cosine,5778,-0.04558254033327103
Q4,Baseline,300,MAP_same_minus_opposite_cosine,5826,0.00248442093531287
Q4,Baseline,300,MAP_same_minus_opposite_cosine,5961,0.012143755952517155
Q4,Baseline,300,MAP_same_minus_opposite_cosine,5989,0.012324053229707643
Q4,Baseline,300,MAP_same_minus_opposite_cosine,6025,-0.08463316255559528
Q4,Baseline,300,triplet_accuracy,323,0.8
Q4,Baseline,300,triplet_accuracy,348,0.4
Q4,Baseline,300,triplet_accuracy,391,0.65
Q4,Baseline,300,triplet_accuracy,683,0.45
Q4,Baseline,300,triplet_accuracy,747,0.65
Q4,Baseline,300,triplet_accuracy,750,0.65
Q4,Baseline,300,triplet_accuracy,758,0.45
Q4,Baseline,300,triplet_accuracy,843,0.5
Q4,Baseline,300,triplet_accuracy,967,0.55
Q4,Baseline,300,triplet_accuracy,1014,0.55
Q4,Baseline,300,triplet_accuracy,1092,0.7
Q4,Baseline,300,triplet_accuracy,1193,0.7
Q4,Baseline,300,triplet_accuracy,1335,0.7
Q4,Baseline,300,triplet_accuracy,1480,0.45
Q4,Baseline,300,triplet_accuracy,1566,0.4
Q4,Baseline,300,triplet_accuracy,1839,0.6
Q4,Baseline,300,triplet_accuracy,1943,0.7
Q4,Baseline,300,triplet_accuracy,2005,0.45
Q4,Baseline,300,triplet_accuracy,2048,0.55
Q4,Baseline,300,triplet_accuracy,2173,0.7
Q4,Baseline,300,triplet_accuracy,2263,0.5
Q4,Baseline,300,triplet_accuracy,2303,0.35
Q4,Baseline,300,triplet_accuracy,2308,0.7
Q4,Baseline,300,triplet_accuracy,2347,0.45
Q4,Baseline,300,triplet_accuracy,2361,0.6
Q4,Baseline,300,triplet_accuracy,2567,0.45
Q4,Baseline,300,triplet_accuracy,2943,0.5
Q4,Baseline,300,triplet_accuracy,2988,0.65
Q4,Baseline,300,triplet_accuracy,3261,0.5
Q4,Baseline,300,triplet_accuracy,3354,0.65
Q4,Baseline,300,triplet_accuracy,3525,0.6
Q4,Baseline,300,triplet_accuracy,3569,0.55
Q4,Baseline,300,triplet_accuracy,3593,0.65
Q4,Baseline,300,triplet_accuracy,3768,0.4
Q4,Baseline,300,triplet_accuracy,3852,0.5
Q4,Baseline,300,triplet_accuracy,3967,0.7
Q4,Baseline,300,triplet_accuracy,3978,0.4
Q4,Baseline,300,triplet_accuracy,3985,0.55
Q4,Baseline,300,triplet_accuracy,4016,0.35
Q4,Baseline,300,triplet_accuracy,4293,0.5
Q4,Baseline,300,triplet_accuracy,4312,0.4
Q4,Baseline,300,triplet_accuracy,4529,0.65
Q4,Baseline,300,triplet_accuracy,4540,0.6
Q4,Baseline,300,triplet_accuracy,4686,0.6
Q4,Baseline,300,triplet_accuracy,4821,0.5
Q4,Baseline,300,triplet_accuracy,4865,0.55
Q4,Baseline,300,triplet_accuracy,4944,0.55
Q4,Baseline,300,triplet_accuracy,5309,0.45
Q4,Baseline,300,triplet_accuracy,5377,0.55
Q4,Baseline,300,triplet_accuracy,5410,0.45
Q4,Baseline,300,triplet_accuracy,5454,0.5
Q4,Baseline,300,triplet_accuracy,5516,0.75
Q4,Baseline,300,triplet_accuracy,5600,0.7
Q4,Baseline,300,triplet_accuracy,5778,0.45
Q4,Baseline,300,triplet_accuracy,5989,0.6
Q4,Baseline,300,triplet_accuracy,6025,0.45
upcoming_large_intervention,Baseline,300,BIS_same_minus_opposite_cosine,105,-0.004471263876467013
upcoming_large_intervention,Baseline,300,BIS_same_minus_opposite_cosine,323,-0.047053348273038864
upcoming_large_intervention,Baseline,300,BIS_same_minus_opposite_cosine,348,0.07565667502807849
upcoming_large_intervention,Baseline,300,BIS_same_minus_opposite_cosine,391,-0.03450365364551544
upcoming_large_intervention,Baseline,300,BIS_same_minus_opposite_cosine,683,0.02814021375444209
upcoming_large_intervention,Baseline,300,BIS_same_minus_opposite_cosine,747,-0.04681038781718322
upcoming_large_intervention,Baseline,300,BIS_same_minus_opposite_cosine,750,-0.01800912949774003
upcoming_large_intervention,Baseline,300,BIS_same_minus_opposite_cosine,758,-0.026628761862715122
upcoming_large_intervention,Baseline,300,BIS_same_minus_opposite_cosine,843,0.19617677868033445
upcoming_large_intervention,Baseline,300,BIS_same_minus_opposite_cosine,877,0.03372112413247419
upcoming_large_intervention,Baseline,300,BIS_same_minus_opposite_cosine,926,0.14568512803978395
upcoming_large_intervention,Baseline,300,BIS_same_minus_opposite_cosine,967,0.03605646730372403
upcoming_large_intervention,Baseline,300,BIS_same_minus_opposite_cosine,992,0.018464548720253826
upcoming_large_intervention,Baseline,300,BIS_same_minus_opposite_cosine,1014,0.07820287346839905
upcoming_large_intervention,Baseline,300,BIS_same_minus_opposite_cosine,1092,-0.053007956594228745
upcoming_large_intervention,Baseline,300,BIS_same_minus_opposite_cosine,1193,-0.03188712398211169
upcoming_large_intervention,Baseline,300,BIS_same_minus_opposite_cosine,1308,0.1168128437165058
upcoming_large_intervention,Baseline,300,BIS_same_minus_opposite_cosine,1335,0.04894033173720036
upcoming_large_intervention,Baseline,300,BIS_same_minus_opposite_cosine,1480,0.015415551761786106
upcoming_large_intervention,Baseline,300,BIS_same_minus_opposite_cosine,1566,0.017052841683228848
upcoming_large_intervention,Baseline,300,BIS_same_minus_opposite_cosine,1636,0.03809612592061362
upcoming_large_intervention,Baseline,300,BIS_same_minus_opposite_cosine,1644,-0.015122362722953198
upcoming_large_intervention,Baseline,300,BIS_same_minus_opposite_cosine,1839,0.09445115327835085
upcoming_large_intervention,Baseline,300,BIS_same_minus_opposite_cosine,1943,0.07661185413599014
upcoming_large_intervention,Baseline,300,BIS_same_minus_opposite_cosine,2005,-0.008321260412534115
upcoming_large_intervention,Baseline,300,BIS_same_minus_opposite_cosine,2048,-0.04242909722255939
upcoming_large_intervention,Baseline,300,BIS_same_minus_opposite_cosine,2173,0.03182678321997323
upcoming_large_intervention,Baseline,300,BIS_same_minus_opposite_cosine,2263,0.12624033517909772
upcoming_large_intervention,Baseline,300,BIS_same_minus_opposite_cosine,2303,0.019954850276311276
upcoming_large_intervention,Baseline,300,BIS_same_minus_opposite_cosine,2308,-0.012204940989613555
upcoming_large_intervention,Baseline,300,BIS_same_minus_opposite_cosine,2347,0.0014781281352043152
upcoming_large_intervention,Baseline,300,BIS_same_minus_opposite_cosine,2361,0.0020755603909492493
upcoming_large_intervention,Baseline,300,BIS_same_minus_opposite_cosine,2567,-0.06477051521792565
upcoming_large_intervention,Baseline,300,BIS_same_minus_opposite_cosine,2900,0.07916013896465302
upcoming_large_intervention,Baseline,300,BIS_same_minus_opposite_cosine,2943,0.0816226452589035
upcoming_large_intervention,Baseline,300,BIS_same_minus_opposite_cosine,2946,-0.032176728049914005
upcoming_large_intervention,Baseline,300,BIS_same_minus_opposite_cosine,2988,0.011812865734100342
upcoming_large_intervention,Baseline,300,BIS_same_minus_opposite_cosine,3261,0.0017780748506386335
upcoming_large_intervention,Baseline,300,BIS_same_minus_opposite_cosine,3354,-0.0292454842064116
upcoming_large_intervention,Baseline,300,BIS_same_minus_opposite_cosine,3387,-0.04964331856795723
upcoming_large_intervention,Baseline,300,BIS_same_minus_opposite_cosine,3485,-0.032281284176167935
upcoming_large_intervention,Baseline,300,BIS_same_minus_opposite_cosine,3525,0.1104189778367678
upcoming_large_intervention,Baseline,300,BIS_same_minus_opposite_cosine,3569,0.023867629694216186
upcoming_large_intervention,Baseline,300,BIS_same_minus_opposite_cosine,3593,0.032786041498184204
upcoming_large_intervention,Baseline,300,BIS_same_minus_opposite_cosine,3613,-0.03678688542409381
upcoming_large_intervention,Baseline,300,BIS_same_minus_opposite_cosine,3764,0.038813106264128816
upcoming_large_intervention,Baseline,300,BIS_same_minus_opposite_cosine,3768,0.07311391457915306
upcoming_large_intervention,Baseline,300,BIS_same_minus_opposite_cosine,3852,0.06888346125682199
upcoming_large_intervention,Baseline,300,BIS_same_minus_opposite_cosine,3967,0.05367392933729931
upcoming_large_intervention,Baseline,300,BIS_same_minus_opposite_cosine,3976,-0.014936044812202454
upcoming_large_intervention,Baseline,300,BIS_same_minus_opposite_cosine,3978,-0.01661246187157106
upcoming_large_intervention,Baseline,300,BIS_same_minus_opposite_cosine,3985,0.05302130679289507
upcoming_large_intervention,Baseline,300,BIS_same_minus_opposite_cosine,4016,-0.011516143878301022
upcoming_large_intervention,Baseline,300,BIS_same_minus_opposite_cosine,4080,-0.03552358266380096
upcoming_large_intervention,Baseline,300,BIS_same_minus_opposite_cosine,4293,0.00624765207370126
upcoming_large_intervention,Baseline,300,BIS_same_minus_opposite_cosine,4312,0.08453279485305154
upcoming_large_intervention,Baseline,300,BIS_same_minus_opposite_cosine,4529,0.071922379732132
upcoming_large_intervention,Baseline,300,BIS_same_minus_opposite_cosine,4540,-0.08333958685398102
upcoming_large_intervention,Baseline,300,BIS_same_minus_opposite_cosine,4638,0.09685009311545978
upcoming_large_intervention,Baseline,300,BIS_same_minus_opposite_cosine,4686,0.01523338506619143
upcoming_large_intervention,Baseline,300,BIS_same_minus_opposite_cosine,4821,0.01312380983973993
upcoming_large_intervention,Baseline,300,BIS_same_minus_opposite_cosine,4865,0.03252076605955767
upcoming_large_intervention,Baseline,300,BIS_same_minus_opposite_cosine,4944,0.0008386150002479553
upcoming_large_intervention,Baseline,300,BIS_same_minus_opposite_cosine,5309,0.0358778644691814
upcoming_large_intervention,Baseline,300,BIS_same_minus_opposite_cosine,5377,0.03542936096588767
upcoming_large_intervention,Baseline,300,BIS_same_minus_opposite_cosine,5410,-0.11977346986532211
upcoming_large_intervention,Baseline,300,BIS_same_minus_opposite_cosine,5454,0.05260998010635376
upcoming_large_intervention,Baseline,300,BIS_same_minus_opposite_cosine,5516,0.12527215209874243
upcoming_large_intervention,Baseline,300,BIS_same_minus_opposite_cosine,5600,0.0493839134772619
upcoming_large_intervention,Baseline,300,BIS_same_minus_opposite_cosine,5778,-0.048329922888013965
upcoming_large_intervention,Baseline,300,BIS_same_minus_opposite_cosine,5826,-0.04109172703641828
upcoming_large_intervention,Baseline,300,BIS_same_minus_opposite_cosine,5961,-0.0610959736837281
upcoming_large_intervention,Baseline,300,BIS_same_minus_opposite_cosine,5989,0.015887853999932644
upcoming_large_intervention,Baseline,300,BIS_same_minus_opposite_cosine,6025,-0.004006299707624672
upcoming_large_intervention,Baseline,300,MAP_same_minus_opposite_cosine,105,0.07759450972080228
upcoming_large_intervention,Baseline,300,MAP_same_minus_opposite_cosine,323,0.09086321791013086
upcoming_large_intervention,Baseline,300,MAP_same_minus_opposite_cosine,348,0.00013058682282773848
upcoming_large_intervention,Baseline,300,MAP_same_minus_opposite_cosine,391,0.09911602114637696
upcoming_large_intervention,Baseline,300,MAP_same_minus_opposite_cosine,683,0.04410006188684035
upcoming_large_intervention,Baseline,300,MAP_same_minus_opposite_cosine,747,-0.11950010247528553
upcoming_large_intervention,Baseline,300,MAP_same_minus_opposite_cosine,750,-0.04007230744217383
upcoming_large_intervention,Baseline,300,MAP_same_minus_opposite_cosine,758,-0.031082632415222466
upcoming_large_intervention,Baseline,300,MAP_same_minus_opposite_cosine,843,0.06509953950132641
upcoming_large_intervention,Baseline,300,MAP_same_minus_opposite_cosine,877,-0.04390039642651877
upcoming_large_intervention,Baseline,300,MAP_same_minus_opposite_cosine,926,-0.02235571091825317
upcoming_large_intervention,Baseline,300,MAP_same_minus_opposite_cosine,967,0.16276823906671434
upcoming_large_intervention,Baseline,300,MAP_same_minus_opposite_cosine,992,0.022618524730205536
upcoming_large_intervention,Baseline,300,MAP_same_minus_opposite_cosine,1014,0.06284097333749128
upcoming_large_intervention,Baseline,300,MAP_same_minus_opposite_cosine,1092,0.11094990703794683
upcoming_large_intervention,Baseline,300,MAP_same_minus_opposite_cosine,1193,0.13671952911785668
upcoming_large_intervention,Baseline,300,MAP_same_minus_opposite_cosine,1308,0.028963814179102654
upcoming_large_intervention,Baseline,300,MAP_same_minus_opposite_cosine,1335,0.023675334950288174
upcoming_large_intervention,Baseline,300,MAP_same_minus_opposite_cosine,1480,-0.028849057853221893
upcoming_large_intervention,Baseline,300,MAP_same_minus_opposite_cosine,1566,0.03801705357101226
upcoming_large_intervention,Baseline,300,MAP_same_minus_opposite_cosine,1636,0.09853467593590415
upcoming_large_intervention,Baseline,300,MAP_same_minus_opposite_cosine,1644,-0.12576761841773987
upcoming_large_intervention,Baseline,300,MAP_same_minus_opposite_cosine,1839,0.025820523500442505
upcoming_large_intervention,Baseline,300,MAP_same_minus_opposite_cosine,1943,0.0067237906835295735
upcoming_large_intervention,Baseline,300,MAP_same_minus_opposite_cosine,2005,0.01721850714900275
upcoming_large_intervention,Baseline,300,MAP_same_minus_opposite_cosine,2048,-0.041876010241962636
upcoming_large_intervention,Baseline,300,MAP_same_minus_opposite_cosine,2173,-0.04522566497325897
upcoming_large_intervention,Baseline,300,MAP_same_minus_opposite_cosine,2263,0.08096591300434541
upcoming_large_intervention,Baseline,300,MAP_same_minus_opposite_cosine,2303,-0.027404720584551456
upcoming_large_intervention,Baseline,300,MAP_same_minus_opposite_cosine,2308,-0.24290625999371207
upcoming_large_intervention,Baseline,300,MAP_same_minus_opposite_cosine,2347,-0.029728715618451473
upcoming_large_intervention,Baseline,300,MAP_same_minus_opposite_cosine,2361,-0.047081346313158634
upcoming_large_intervention,Baseline,300,MAP_same_minus_opposite_cosine,2567,0.0808729579051336
upcoming_large_intervention,Baseline,300,MAP_same_minus_opposite_cosine,2900,0.020987993478775002
upcoming_large_intervention,Baseline,300,MAP_same_minus_opposite_cosine,2943,-0.045645665941816405
upcoming_large_intervention,Baseline,300,MAP_same_minus_opposite_cosine,2946,-0.03282452325026186
upcoming_large_intervention,Baseline,300,MAP_same_minus_opposite_cosine,2988,0.12981434961160032
upcoming_large_intervention,Baseline,300,MAP_same_minus_opposite_cosine,3261,-0.07210297040133318
upcoming_large_intervention,Baseline,300,MAP_same_minus_opposite_cosine,3354,0.009365806976954216
upcoming_large_intervention,Baseline,300,MAP_same_minus_opposite_cosine,3387,-0.021948734919230106
upcoming_large_intervention,Baseline,300,MAP_same_minus_opposite_cosine,3485,-0.05284389108419418
upcoming_large_intervention,Baseline,300,MAP_same_minus_opposite_cosine,3525,0.03474550445874536
upcoming_large_intervention,Baseline,300,MAP_same_minus_opposite_cosine,3569,-0.0563638264934222
upcoming_large_intervention,Baseline,300,MAP_same_minus_opposite_cosine,3593,0.08860713905758333
upcoming_large_intervention,Baseline,300,MAP_same_minus_opposite_cosine,3613,-0.004893732567628262
upcoming_large_intervention,Baseline,300,MAP_same_minus_opposite_cosine,3764,0.06139558021511349
upcoming_large_intervention,Baseline,300,MAP_same_minus_opposite_cosine,3768,-0.03226172314448794
upcoming_large_intervention,Baseline,300,MAP_same_minus_opposite_cosine,3852,-0.008067367474238085
upcoming_large_intervention,Baseline,300,MAP_same_minus_opposite_cosine,3967,-0.015507452686627787
upcoming_large_intervention,Baseline,300,MAP_same_minus_opposite_cosine,3976,0.12611428151528037
upcoming_large_intervention,Baseline,300,MAP_same_minus_opposite_cosine,3978,0.07597087522347767
upcoming_large_intervention,Baseline,300,MAP_same_minus_opposite_cosine,3985,-0.02068474076010962
upcoming_large_intervention,Baseline,300,MAP_same_minus_opposite_cosine,4016,0.004130033983124615
upcoming_large_intervention,Baseline,300,MAP_same_minus_opposite_cosine,4080,0.00011289781994294756
upcoming_large_intervention,Baseline,300,MAP_same_minus_opposite_cosine,4293,0.003532956043879154
upcoming_large_intervention,Baseline,300,MAP_same_minus_opposite_cosine,4312,0.06829178333282471
upcoming_large_intervention,Baseline,300,MAP_same_minus_opposite_cosine,4529,-0.006899873867179496
upcoming_large_intervention,Baseline,300,MAP_same_minus_opposite_cosine,4540,-0.01208008676767347
upcoming_large_intervention,Baseline,300,MAP_same_minus_opposite_cosine,4638,-0.051288979252179456
upcoming_large_intervention,Baseline,300,MAP_same_minus_opposite_cosine,4686,-0.03174962938734982
upcoming_large_intervention,Baseline,300,MAP_same_minus_opposite_cosine,4821,-0.006384080648422219
upcoming_large_intervention,Baseline,300,MAP_same_minus_opposite_cosine,4865,0.13840082064270975
upcoming_large_intervention,Baseline,300,MAP_same_minus_opposite_cosine,4944,0.10563692864444518
upcoming_large_intervention,Baseline,300,MAP_same_minus_opposite_cosine,5309,-0.011277623474597931
upcoming_large_intervention,Baseline,300,MAP_same_minus_opposite_cosine,5377,0.002094166477521253
upcoming_large_intervention,Baseline,300,MAP_same_minus_opposite_cosine,5410,-0.006971701076536441
upcoming_large_intervention,Baseline,300,MAP_same_minus_opposite_cosine,5454,0.06088959177335107
upcoming_large_intervention,Baseline,300,MAP_same_minus_opposite_cosine,5516,0.06844220434625947
upcoming_large_intervention,Baseline,300,MAP_same_minus_opposite_cosine,5600,0.018196046352386475
upcoming_large_intervention,Baseline,300,MAP_same_minus_opposite_cosine,5778,0.09609593767108338
upcoming_large_intervention,Baseline,300,MAP_same_minus_opposite_cosine,5826,-0.016368571104425356
upcoming_large_intervention,Baseline,300,MAP_same_minus_opposite_cosine,5961,-0.04196777890125902
upcoming_large_intervention,Baseline,300,MAP_same_minus_opposite_cosine,5989,0.11929537057876582
upcoming_large_intervention,Baseline,300,MAP_same_minus_opposite_cosine,6025,0.10660612732172015
upcoming_large_intervention,Baseline,300,triplet_accuracy,323,0.55
upcoming_large_intervention,Baseline,300,triplet_accuracy,348,0.6
upcoming_large_intervention,Baseline,300,triplet_accuracy,391,0.6
upcoming_large_intervention,Baseline,300,triplet_accuracy,683,0.55
upcoming_large_intervention,Baseline,300,triplet_accuracy,747,0.6
upcoming_large_intervention,Baseline,300,triplet_accuracy,750,0.5
upcoming_large_intervention,Baseline,300,triplet_accuracy,758,0.55
upcoming_large_intervention,Baseline,300,triplet_accuracy,843,0.6
upcoming_large_intervention,Baseline,300,triplet_accuracy,967,0.45
upcoming_large_intervention,Baseline,300,triplet_accuracy,1014,0.55
upcoming_large_intervention,Baseline,300,triplet_accuracy,1092,0.7
upcoming_large_intervention,Baseline,300,triplet_accuracy,1193,0.65
upcoming_large_intervention,Baseline,300,triplet_accuracy,1335,0.7
upcoming_large_intervention,Baseline,300,triplet_accuracy,1480,0.3
upcoming_large_intervention,Baseline,300,triplet_accuracy,1566,0.75
upcoming_large_intervention,Baseline,300,triplet_accuracy,1839,0.6
upcoming_large_intervention,Baseline,300,triplet_accuracy,1943,0.7
upcoming_large_intervention,Baseline,300,triplet_accuracy,2005,0.6
upcoming_large_intervention,Baseline,300,triplet_accuracy,2048,0.55
upcoming_large_intervention,Baseline,300,triplet_accuracy,2173,0.4
upcoming_large_intervention,Baseline,300,triplet_accuracy,2263,0.55
upcoming_large_intervention,Baseline,300,triplet_accuracy,2303,0.5
upcoming_large_intervention,Baseline,300,triplet_accuracy,2308,0.4
upcoming_large_intervention,Baseline,300,triplet_accuracy,2347,0.55
upcoming_large_intervention,Baseline,300,triplet_accuracy,2361,0.65
upcoming_large_intervention,Baseline,300,triplet_accuracy,2567,0.45
upcoming_large_intervention,Baseline,300,triplet_accuracy,2943,0.5
upcoming_large_intervention,Baseline,300,triplet_accuracy,2988,0.65
upcoming_large_intervention,Baseline,300,triplet_accuracy,3261,0.5
upcoming_large_intervention,Baseline,300,triplet_accuracy,3354,0.45
upcoming_large_intervention,Baseline,300,triplet_accuracy,3525,0.55
upcoming_large_intervention,Baseline,300,triplet_accuracy,3569,0.5
upcoming_large_intervention,Baseline,300,triplet_accuracy,3593,0.65
upcoming_large_intervention,Baseline,300,triplet_accuracy,3768,0.65
upcoming_large_intervention,Baseline,300,triplet_accuracy,3852,0.5
upcoming_large_intervention,Baseline,300,triplet_accuracy,3967,0.4
upcoming_large_intervention,Baseline,300,triplet_accuracy,3978,0.25
upcoming_large_intervention,Baseline,300,triplet_accuracy,3985,0.55
upcoming_large_intervention,Baseline,300,triplet_accuracy,4016,0.55
upcoming_large_intervention,Baseline,300,triplet_accuracy,4293,0.55
upcoming_large_intervention,Baseline,300,triplet_accuracy,4312,0.5
upcoming_large_intervention,Baseline,300,triplet_accuracy,4529,0.45
upcoming_large_intervention,Baseline,300,triplet_accuracy,4540,0.5
upcoming_large_intervention,Baseline,300,triplet_accuracy,4686,0.65
upcoming_large_intervention,Baseline,300,triplet_accuracy,4821,0.45
upcoming_large_intervention,Baseline,300,triplet_accuracy,4865,0.65
upcoming_large_intervention,Baseline,300,triplet_accuracy,4944,0.55
upcoming_large_intervention,Baseline,300,triplet_accuracy,5309,0.6
upcoming_large_intervention,Baseline,300,triplet_accuracy,5377,0.5
upcoming_large_intervention,Baseline,300,triplet_accuracy,5410,0.7
upcoming_large_intervention,Baseline,300,triplet_accuracy,5454,0.6
upcoming_large_intervention,Baseline,300,triplet_accuracy,5516,0.5
upcoming_large_intervention,Baseline,300,triplet_accuracy,5600,0.5
upcoming_large_intervention,Baseline,300,triplet_accuracy,5778,0.85
upcoming_large_intervention,Baseline,300,triplet_accuracy,5989,0.55
upcoming_large_intervention,Baseline,300,triplet_accuracy,6025,0.7
initiation,Baseline,300,BIS_same_minus_opposite_cosine,105,0.016147993279225892
initiation,Baseline,300,BIS_same_minus_opposite_cosine,323,-0.03576633665296758
initiation,Baseline,300,BIS_same_minus_opposite_cosine,348,0.1434968511263529
initiation,Baseline,300,BIS_same_minus_opposite_cosine,391,0.00582134806447554
initiation,Baseline,300,BIS_same_minus_opposite_cosine,683,0.23751350130998727
initiation,Baseline,300,BIS_same_minus_opposite_cosine,747,-0.09249265160825515
initiation,Baseline,300,BIS_same_minus_opposite_cosine,750,0.01511355950718829
initiation,Baseline,300,BIS_same_minus_opposite_cosine,758,0.05949370427565137
initiation,Baseline,300,BIS_same_minus_opposite_cosine,843,0.03208532991508639
initiation,Baseline,300,BIS_same_minus_opposite_cosine,877,-0.03504078586896264
initiation,Baseline,300,BIS_same_minus_opposite_cosine,926,0.03739352275927865
initiation,Baseline,300,BIS_same_minus_opposite_cosine,967,0.08408030288086998
initiation,Baseline,300,BIS_same_minus_opposite_cosine,992,-0.0004046658674875525
initiation,Baseline,300,BIS_same_minus_opposite_cosine,1014,0.076606168349584
initiation,Baseline,300,BIS_same_minus_opposite_cosine,1092,0.08317084362109506
initiation,Baseline,300,BIS_same_minus_opposite_cosine,1193,0.018322395284970594
initiation,Baseline,300,BIS_same_minus_opposite_cosine,1308,-0.0913485172722075
initiation,Baseline,300,BIS_same_minus_opposite_cosine,1335,0.03871795760862762
initiation,Baseline,300,BIS_same_minus_opposite_cosine,1480,-0.05723431458075845
initiation,Baseline,300,BIS_same_minus_opposite_cosine,1566,0.037592751961765924
initiation,Baseline,300,BIS_same_minus_opposite_cosine,1636,-0.1596662477787697
initiation,Baseline,300,BIS_same_minus_opposite_cosine,1644,-0.011602369944254565
initiation,Baseline,300,BIS_same_minus_opposite_cosine,1839,0.030544855942328808
initiation,Baseline,300,BIS_same_minus_opposite_cosine,1943,0.10346521106031203
initiation,Baseline,300,BIS_same_minus_opposite_cosine,2005,-0.009463753212581971
initiation,Baseline,300,BIS_same_minus_opposite_cosine,2048,0.07338915720130457
initiation,Baseline,300,BIS_same_minus_opposite_cosine,2173,-0.0830387092298932
initiation,Baseline,300,BIS_same_minus_opposite_cosine,2263,0.03939097896218302
initiation,Baseline,300,BIS_same_minus_opposite_cosine,2303,0.05542636538545287
initiation,Baseline,300,BIS_same_minus_opposite_cosine,2308,0.030196227471936843
initiation,Baseline,300,BIS_same_minus_opposite_cosine,2347,0.11403663208087289
initiation,Baseline,300,BIS_same_minus_opposite_cosine,2361,0.027486003258011538
initiation,Baseline,300,BIS_same_minus_opposite_cosine,2567,0.01605670319663155
initiation,Baseline,300,BIS_same_minus_opposite_cosine,2900,0.08003799021244051
initiation,Baseline,300,BIS_same_minus_opposite_cosine,2943,-0.11244628578424454
initiation,Baseline,300,BIS_same_minus_opposite_cosine,2946,0.06144237879550818
initiation,Baseline,300,BIS_same_minus_opposite_cosine,2988,0.02183050910631812
initiation,Baseline,300,BIS_same_minus_opposite_cosine,3354,-0.11466374744971597
initiation,Baseline,300,BIS_same_minus_opposite_cosine,3387,0.12864381174246464
initiation,Baseline,300,BIS_same_minus_opposite_cosine,3485,0.09812740981578827
initiation,Baseline,300,BIS_same_minus_opposite_cosine,3525,0.00366649362776017
initiation,Baseline,300,BIS_same_minus_opposite_cosine,3569,0.0524473443175808
initiation,Baseline,300,BIS_same_minus_opposite_cosine,3593,0.015585634919504265
initiation,Baseline,300,BIS_same_minus_opposite_cosine,3613,-0.03402541478474941
initiation,Baseline,300,BIS_same_minus_opposite_cosine,3764,0.0446482131878535
initiation,Baseline,300,BIS_same_minus_opposite_cosine,3768,0.10995537087772833
initiation,Baseline,300,BIS_same_minus_opposite_cosine,3852,-0.027476763183420405
initiation,Baseline,300,BIS_same_minus_opposite_cosine,3967,0.028859467668966854
initiation,Baseline,300,BIS_same_minus_opposite_cosine,3976,0.13333306393840094
initiation,Baseline,300,BIS_same_minus_opposite_cosine,3978,0.055937669493935305
initiation,Baseline,300,BIS_same_minus_opposite_cosine,3985,-0.007481532792250278
initiation,Baseline,300,BIS_same_minus_opposite_cosine,4016,0.02694062888622284
initiation,Baseline,300,BIS_same_minus_opposite_cosine,4080,-0.01106493622064586
initiation,Baseline,300,BIS_same_minus_opposite_cosine,4293,0.020578923821449324
initiation,Baseline,300,BIS_same_minus_opposite_cosine,4312,0.04239587634801867
initiation,Baseline,300,BIS_same_minus_opposite_cosine,4540,-0.0014365613460540771
initiation,Baseline,300,BIS_same_minus_opposite_cosine,4638,0.126344846053557
initiation,Baseline,300,BIS_same_minus_opposite_cosine,4686,-0.0003405660390853882
initiation,Baseline,300,BIS_same_minus_opposite_cosine,4865,-0.05783914402127266
initiation,Baseline,300,BIS_same_minus_opposite_cosine,4944,0.12980492313702907
initiation,Baseline,300,BIS_same_minus_opposite_cosine,5309,0.06225980818271637
initiation,Baseline,300,BIS_same_minus_opposite_cosine,5377,0.04876013845205307
initiation,Baseline,300,BIS_same_minus_opposite_cosine,5410,0.20954547112896327
initiation,Baseline,300,BIS_same_minus_opposite_cosine,5454,-0.11051073963894997
initiation,Baseline,300,BIS_same_minus_opposite_cosine,5516,0.029063086956739426
initiation,Baseline,300,BIS_same_minus_opposite_cosine,5600,-0.0022705569863319397
initiation,Baseline,300,BIS_same_minus_opposite_cosine,5778,0.07931341603398323
initiation,Baseline,300,BIS_same_minus_opposite_cosine,5826,0.10129509369532275
initiation,Baseline,300,BIS_same_minus_opposite_cosine,5961,0.04357597149080694
initiation,Baseline,300,BIS_same_minus_opposite_cosine,5989,0.024064571907122856
initiation,Baseline,300,BIS_same_minus_opposite_cosine,6025,-0.018129702243540047
initiation,Baseline,300,MAP_same_minus_opposite_cosine,105,-0.06258090540315159
initiation,Baseline,300,MAP_same_minus_opposite_cosine,323,0.10968254506587982
initiation,Baseline,300,MAP_same_minus_opposite_cosine,348,-0.0055284549792606885
initiation,Baseline,300,MAP_same_minus_opposite_cosine,391,0.23015119731426237
initiation,Baseline,300,MAP_same_minus_opposite_cosine,683,-0.09294348458449042
initiation,Baseline,300,MAP_same_minus_opposite_cosine,747,-0.001236698745439413
initiation,Baseline,300,MAP_same_minus_opposite_cosine,750,-0.08270958686868346
initiation,Baseline,300,MAP_same_minus_opposite_cosine,758,-0.10310706992944085
initiation,Baseline,300,MAP_same_minus_opposite_cosine,843,0.18933728585640586
initiation,Baseline,300,MAP_same_minus_opposite_cosine,877,0.19303337732950854
initiation,Baseline,300,MAP_same_minus_opposite_cosine,926,0.0349230865637461
initiation,Baseline,300,MAP_same_minus_opposite_cosine,967,0.06601180260380113
initiation,Baseline,300,MAP_same_minus_opposite_cosine,992,0.010860055685043335
initiation,Baseline,300,MAP_same_minus_opposite_cosine,1014,0.010546094013584972
initiation,Baseline,300,MAP_same_minus_opposite_cosine,1092,0.04749471491033386
initiation,Baseline,300,MAP_same_minus_opposite_cosine,1193,-0.09164683831234766
initiation,Baseline,300,MAP_same_minus_opposite_cosine,1308,0.026080167293548562
initiation,Baseline,300,MAP_same_minus_opposite_cosine,1335,0.04932631800572074
initiation,Baseline,300,MAP_same_minus_opposite_cosine,1480,0.027698386799205443
initiation,Baseline,300,MAP_same_minus_opposite_cosine,1566,0.09017661379443276
initiation,Baseline,300,MAP_same_minus_opposite_cosine,1636,0.07280034447709716
initiation,Baseline,300,MAP_same_minus_opposite_cosine,1644,-0.14645065708706773
initiation,Baseline,300,MAP_same_minus_opposite_cosine,1839,-0.07560908704093006
initiation,Baseline,300,MAP_same_minus_opposite_cosine,1943,0.06719314720895564
initiation,Baseline,300,MAP_same_minus_opposite_cosine,2005,-0.026971134046713474
initiation,Baseline,300,MAP_same_minus_opposite_cosine,2048,-0.0708380242188772
initiation,Baseline,300,MAP_same_minus_opposite_cosine,2173,0.05624958127737045
initiation,Baseline,300,MAP_same_minus_opposite_cosine,2263,0.07174547016620636
initiation,Baseline,300,MAP_same_minus_opposite_cosine,2303,0.022243929406007168
initiation,Baseline,300,MAP_same_minus_opposite_cosine,2308,0.07150939745562412
initiation,Baseline,300,MAP_same_minus_opposite_cosine,2347,-0.0006470723134098799
initiation,Baseline,300,MAP_same_minus_opposite_cosine,2361,-0.11253708104292548
initiation,Baseline,300,MAP_same_minus_opposite_cosine,2567,0.07530567049980164
initiation,Baseline,300,MAP_same_minus_opposite_cosine,2900,0.04087394277254741
initiation,Baseline,300,MAP_same_minus_opposite_cosine,2943,0.045327252059271794
initiation,Baseline,300,MAP_same_minus_opposite_cosine,2946,-0.1476360304901998
initiation,Baseline,300,MAP_same_minus_opposite_cosine,2988,0.0649073512265177
initiation,Baseline,300,MAP_same_minus_opposite_cosine,3354,-0.07155624826749174
initiation,Baseline,300,MAP_same_minus_opposite_cosine,3387,0.05980150070455337
initiation,Baseline,300,MAP_same_minus_opposite_cosine,3485,0.043239905602402096
initiation,Baseline,300,MAP_same_minus_opposite_cosine,3525,-0.04687818884849548
initiation,Baseline,300,MAP_same_minus_opposite_cosine,3569,0.026603633707219854
initiation,Baseline,300,MAP_same_minus_opposite_cosine,3593,0.016465293299971262
initiation,Baseline,300,MAP_same_minus_opposite_cosine,3613,0.013586121300856235
initiation,Baseline,300,MAP_same_minus_opposite_cosine,3764,-0.07010773817698168
initiation,Baseline,300,MAP_same_minus_opposite_cosine,3768,-0.07568535389322217
initiation,Baseline,300,MAP_same_minus_opposite_cosine,3852,0.009823029465747535
initiation,Baseline,300,MAP_same_minus_opposite_cosine,3967,0.022231077154477474
initiation,Baseline,300,MAP_same_minus_opposite_cosine,3976,-0.008707044521967577
initiation,Baseline,300,MAP_same_minus_opposite_cosine,3978,0.16502568349242208
initiation,Baseline,300,MAP_same_minus_opposite_cosine,3985,0.07753134767214465
initiation,Baseline,300,MAP_same_minus_opposite_cosine,4016,-0.06405945641524857
initiation,Baseline,300,MAP_same_minus_opposite_cosine,4080,-0.05527949167622459
initiation,Baseline,300,MAP_same_minus_opposite_cosine,4293,-0.11070616543292999
initiation,Baseline,300,MAP_same_minus_opposite_cosine,4312,-0.04633575192455097
initiation,Baseline,300,MAP_same_minus_opposite_cosine,4540,-0.02778544053435328
initiation,Baseline,300,MAP_same_minus_opposite_cosine,4638,0.012976916631062818
initiation,Baseline,300,MAP_same_minus_opposite_cosine,4686,-0.0012893577416738244
initiation,Baseline,300,MAP_same_minus_opposite_cosine,4865,-0.03180842536191142
initiation,Baseline,300,MAP_same_minus_opposite_cosine,4944,0.10084194057818607
initiation,Baseline,300,MAP_same_minus_opposite_cosine,5309,0.008727992574373844
initiation,Baseline,300,MAP_same_minus_opposite_cosine,5377,0.05907309303681052
initiation,Baseline,300,MAP_same_minus_opposite_cosine,5410,0.027308615545431736
initiation,Baseline,300,MAP_same_minus_opposite_cosine,5454,0.050333475073178646
initiation,Baseline,300,MAP_same_minus_opposite_cosine,5516,0.004081371832977632
initiation,Baseline,300,MAP_same_minus_opposite_cosine,5600,-0.012895513858113938
initiation,Baseline,300,MAP_same_minus_opposite_cosine,5778,0.058203392227490824
initiation,Baseline,300,MAP_same_minus_opposite_cosine,5826,0.036585837602615356
initiation,Baseline,300,MAP_same_minus_opposite_cosine,5961,-0.002294263905949112
initiation,Baseline,300,MAP_same_minus_opposite_cosine,5989,-0.02802410586313764
initiation,Baseline,300,MAP_same_minus_opposite_cosine,6025,-0.10149289419253671
initiation,Baseline,300,triplet_accuracy,323,0.65
initiation,Baseline,300,triplet_accuracy,348,0.75
initiation,Baseline,300,triplet_accuracy,391,0.35
initiation,Baseline,300,triplet_accuracy,683,0.45
initiation,Baseline,300,triplet_accuracy,747,0.5
initiation,Baseline,300,triplet_accuracy,750,0.45
initiation,Baseline,300,triplet_accuracy,758,0.4
initiation,Baseline,300,triplet_accuracy,843,0.55
initiation,Baseline,300,triplet_accuracy,967,0.6
initiation,Baseline,300,triplet_accuracy,1014,0.7
initiation,Baseline,300,triplet_accuracy,1092,0.65
initiation,Baseline,300,triplet_accuracy,1193,0.65
initiation,Baseline,300,triplet_accuracy,1335,0.75
initiation,Baseline,300,triplet_accuracy,1480,0.55
initiation,Baseline,300,triplet_accuracy,1566,0.6
initiation,Baseline,300,triplet_accuracy,1839,0.6
initiation,Baseline,300,triplet_accuracy,1943,0.45
initiation,Baseline,300,triplet_accuracy,2005,0.45
initiation,Baseline,300,triplet_accuracy,2048,0.6
initiation,Baseline,300,triplet_accuracy,2173,0.65
initiation,Baseline,300,triplet_accuracy,2263,0.6
initiation,Baseline,300,triplet_accuracy,2303,0.65
initiation,Baseline,300,triplet_accuracy,2308,0.45
initiation,Baseline,300,triplet_accuracy,2347,0.6
initiation,Baseline,300,triplet_accuracy,2361,0.7
initiation,Baseline,300,triplet_accuracy,2567,0.7
initiation,Baseline,300,triplet_accuracy,2943,0.5
initiation,Baseline,300,triplet_accuracy,2988,0.85
initiation,Baseline,300,triplet_accuracy,3354,0.6
initiation,Baseline,300,triplet_accuracy,3525,0.7
initiation,Baseline,300,triplet_accuracy,3569,0.5
initiation,Baseline,300,triplet_accuracy,3593,0.5
initiation,Baseline,300,triplet_accuracy,3768,0.75
initiation,Baseline,300,triplet_accuracy,3852,0.5
initiation,Baseline,300,triplet_accuracy,3967,0.6
initiation,Baseline,300,triplet_accuracy,3978,0.45
initiation,Baseline,300,triplet_accuracy,3985,0.6
initiation,Baseline,300,triplet_accuracy,4016,0.5
initiation,Baseline,300,triplet_accuracy,4293,0.55
initiation,Baseline,300,triplet_accuracy,4312,0.6
initiation,Baseline,300,triplet_accuracy,4540,0.6
initiation,Baseline,300,triplet_accuracy,4686,0.7
initiation,Baseline,300,triplet_accuracy,4865,0.55
initiation,Baseline,300,triplet_accuracy,4944,0.75
initiation,Baseline,300,triplet_accuracy,5309,0.5
initiation,Baseline,300,triplet_accuracy,5377,0.6
initiation,Baseline,300,triplet_accuracy,5410,0.3
initiation,Baseline,300,triplet_accuracy,5454,0.5
initiation,Baseline,300,triplet_accuracy,5516,0.55
initiation,Baseline,300,triplet_accuracy,5600,0.5
initiation,Baseline,300,triplet_accuracy,5778,0.9
initiation,Baseline,300,triplet_accuracy,5989,0.6
initiation,Baseline,300,triplet_accuracy,6025,0.6
increase,Baseline,300,BIS_same_minus_opposite_cosine,105,0.0702481212263758
increase,Baseline,300,BIS_same_minus_opposite_cosine,323,0.028020055095354657
increase,Baseline,300,BIS_same_minus_opposite_cosine,348,-0.038513812990415675
increase,Baseline,300,BIS_same_minus_opposite_cosine,391,0.15937862206589093
increase,Baseline,300,BIS_same_minus_opposite_cosine,683,-0.017167494197686595
increase,Baseline,300,BIS_same_minus_opposite_cosine,747,-0.03266926854848862
increase,Baseline,300,BIS_same_minus_opposite_cosine,750,0.08765773375829067
increase,Baseline,300,BIS_same_minus_opposite_cosine,758,-0.02202032340897453
increase,Baseline,300,BIS_same_minus_opposite_cosine,843,-0.08154792338609695
increase,Baseline,300,BIS_same_minus_opposite_cosine,877,0.08547609547773993
increase,Baseline,300,BIS_same_minus_opposite_cosine,926,0.13831581672032678
increase,Baseline,300,BIS_same_minus_opposite_cosine,967,0.017359914879004124
increase,Baseline,300,BIS_same_minus_opposite_cosine,992,0.05482118080059695
increase,Baseline,300,BIS_same_minus_opposite_cosine,1092,0.022857743501663252
increase,Baseline,300,BIS_same_minus_opposite_cosine,1193,-0.06480824699004495
increase,Baseline,300,BIS_same_minus_opposite_cosine,1308,0.041271970385596934
increase,Baseline,300,BIS_same_minus_opposite_cosine,1335,0.022197087605794308
increase,Baseline,300,BIS_same_minus_opposite_cosine,1480,0.006915984054406521
increase,Baseline,300,BIS_same_minus_opposite_cosine,1566,0.0021814846179701863
increase,Baseline,300,BIS_same_minus_opposite_cosine,1636,-0.05011531439694494
increase,Baseline,300,BIS_same_minus_opposite_cosine,1644,0.0720188812840552
increase,Baseline,300,BIS_same_minus_opposite_cosine,1943,-0.0008097211519876302
increase,Baseline,300,BIS_same_minus_opposite_cosine,2005,0.018289646506309487
increase,Baseline,300,BIS_same_minus_opposite_cosine,2048,0.04801391471516003
increase,Baseline,300,BIS_same_minus_opposite_cosine,2173,0.013651907444000244
increase,Baseline,300,BIS_same_minus_opposite_cosine,2263,0.13863306542237608
increase,Baseline,300,BIS_same_minus_opposite_cosine,2303,0.1950904826323191
increase,Baseline,300,BIS_same_minus_opposite_cosine,2308,-0.030982881784439087
increase,Baseline,300,BIS_same_minus_opposite_cosine,2361,0.11749946077664686
increase,Baseline,300,BIS_same_minus_opposite_cosine,2567,0.13691194355487823
increase,Baseline,300,BIS_same_minus_opposite_cosine,2900,0.15536350703665192
increase,Baseline,300,BIS_same_minus_opposite_cosine,2943,0.10555728524923325
increase,Baseline,300,BIS_same_minus_opposite_cosine,2946,0.04261447602149204
increase,Baseline,300,BIS_same_minus_opposite_cosine,3261,-0.06305228008164299
increase,Baseline,300,BIS_same_minus_opposite_cosine,3354,0.12065415183703099
increase,Baseline,300,BIS_same_minus_opposite_cosine,3387,0.18136030435562134
increase,Baseline,300,BIS_same_minus_opposite_cosine,3485,0.1531935979922613
increase,Baseline,300,BIS_same_minus_opposite_cosine,3525,0.1022594026995427
increase,Baseline,300,BIS_same_minus_opposite_cosine,3593,0.019020680338144302
increase,Baseline,300,BIS_same_minus_opposite_cosine,3613,0.09620845938722289
increase,Baseline,300,BIS_same_minus_opposite_cosine,3768,0.07595947484175358
increase,Baseline,300,BIS_same_minus_opposite_cosine,3852,0.04379082719484961
increase,Baseline,300,BIS_same_minus_opposite_cosine,3967,0.050498445828755734
increase,Baseline,300,BIS_same_minus_opposite_cosine,3976,-0.010553829371929169
increase,Baseline,300,BIS_same_minus_opposite_cosine,3978,0.08461786451793851
increase,Baseline,300,BIS_same_minus_opposite_cosine,3985,-0.0934249646961689
increase,Baseline,300,BIS_same_minus_opposite_cosine,4016,0.008606348009336573
increase,Baseline,300,BIS_same_minus_opposite_cosine,4080,0.15521201988061262
increase,Baseline,300,BIS_same_minus_opposite_cosine,4293,0.057469457387924194
increase,Baseline,300,BIS_same_minus_opposite_cosine,4312,0.05567763447761531
increase,Baseline,300,BIS_same_minus_opposite_cosine,4529,0.0299290928876762
increase,Baseline,300,BIS_same_minus_opposite_cosine,4540,0.018090813110272053
increase,Baseline,300,BIS_same_minus_opposite_cosine,4638,-0.09003583838542306
increase,Baseline,300,BIS_same_minus_opposite_cosine,4686,-0.015128639837106106
increase,Baseline,300,BIS_same_minus_opposite_cosine,4821,0.04977987905343373
increase,Baseline,300,BIS_same_minus_opposite_cosine,4865,0.005779412885506874
increase,Baseline,300,BIS_same_minus_opposite_cosine,4944,0.021529442734188553
increase,Baseline,300,BIS_same_minus_opposite_cosine,5309,0.11587431846242968
increase,Baseline,300,BIS_same_minus_opposite_cosine,5377,0.0025291106466091007
increase,Baseline,300,BIS_same_minus_opposite_cosine,5410,0.5015955567359924
increase,Baseline,300,BIS_same_minus_opposite_cosine,5454,0.010554247597853283
increase,Baseline,300,BIS_same_minus_opposite_cosine,5516,-0.03649139630072051
increase,Baseline,300,BIS_same_minus_opposite_cosine,5600,0.07026885130575722
increase,Baseline,300,BIS_same_minus_opposite_cosine,5778,0.08441113928953803
increase,Baseline,300,BIS_same_minus_opposite_cosine,5826,0.0033019532759984704
increase,Baseline,300,BIS_same_minus_opposite_cosine,5961,0.05560587147871654
increase,Baseline,300,BIS_same_minus_opposite_cosine,5989,0.058108005559805664
increase,Baseline,300,MAP_same_minus_opposite_cosine,105,-0.042623412880030576
increase,Baseline,300,MAP_same_minus_opposite_cosine,323,0.03501098715897755
increase,Baseline,300,MAP_same_minus_opposite_cosine,348,0.02589567005634308
increase,Baseline,300,MAP_same_minus_opposite_cosine,391,0.06112324446439743
increase,Baseline,300,MAP_same_minus_opposite_cosine,683,-0.018089670123475954
increase,Baseline,300,MAP_same_minus_opposite_cosine,747,-0.02602872523394495
increase,Baseline,300,MAP_same_minus_opposite_cosine,750,0.08422955522934594
increase,Baseline,300,MAP_same_minus_opposite_cosine,758,0.12218555606280768
increase,Baseline,300,MAP_same_minus_opposite_cosine,843,0.0014863405376672745
increase,Baseline,300,MAP_same_minus_opposite_cosine,877,-0.048740994599130394
increase,Baseline,300,MAP_same_minus_opposite_cosine,926,0.04909171164035797
increase,Baseline,300,MAP_same_minus_opposite_cosine,967,0.013525469104448962
increase,Baseline,300,MAP_same_minus_opposite_cosine,992,-0.024103139837582943
increase,Baseline,300,MAP_same_minus_opposite_cosine,1092,0.011767271492216347
increase,Baseline,300,MAP_same_minus_opposite_cosine,1193,0.07656544198592508
increase,Baseline,300,MAP_same_minus_opposite_cosine,1308,-0.0630540962020556
increase,Baseline,300,MAP_same_minus_opposite_cosine,1335,0.13562082747618354
increase,Baseline,300,MAP_same_minus_opposite_cosine,1480,-0.07854470858971274
increase,Baseline,300,MAP_same_minus_opposite_cosine,1566,0.1256132374207179
increase,Baseline,300,MAP_same_minus_opposite_cosine,1636,-0.026754949241876602
increase,Baseline,300,MAP_same_minus_opposite_cosine,1644,0.05743059019247687
increase,Baseline,300,MAP_same_minus_opposite_cosine,1943,0.05704715847969055
increase,Baseline,300,MAP_same_minus_opposite_cosine,2005,0.08732556213032117
increase,Baseline,300,MAP_same_minus_opposite_cosine,2048,-0.0226975679397583
increase,Baseline,300,MAP_same_minus_opposite_cosine,2173,0.0020156072245703927
increase,Baseline,300,MAP_same_minus_opposite_cosine,2263,0.06944638894249999
increase,Baseline,300,MAP_same_minus_opposite_cosine,2303,-0.023943458497524217
increase,Baseline,300,MAP_same_minus_opposite_cosine,2308,-0.08250630895296729
increase,Baseline,300,MAP_same_minus_opposite_cosine,2361,0.09695119871979663
increase,Baseline,300,MAP_same_minus_opposite_cosine,2567,0.16130527605613076
increase,Baseline,300,MAP_same_minus_opposite_cosine,2900,-0.07251664725216955
increase,Baseline,300,MAP_same_minus_opposite_cosine,2943,-0.06971837853391966
increase,Baseline,300,MAP_same_minus_opposite_cosine,2946,0.008082145452499412
increase,Baseline,300,MAP_same_minus_opposite_cosine,3261,0.06457823018232978
increase,Baseline,300,MAP_same_minus_opposite_cosine,3354,0.0015504300594330056
increase,Baseline,300,MAP_same_minus_opposite_cosine,3387,-0.01036364833513892
increase,Baseline,300,MAP_same_minus_opposite_cosine,3485,-0.03676239649454749
increase,Baseline,300,MAP_same_minus_opposite_cosine,3525,0.058692510757181404
increase,Baseline,300,MAP_same_minus_opposite_cosine,3593,-0.046135677194053426
increase,Baseline,300,MAP_same_minus_opposite_cosine,3613,0.046180543800195095
increase,Baseline,300,MAP_same_minus_opposite_cosine,3768,0.06651261101166406
increase,Baseline,300,MAP_same_minus_opposite_cosine,3852,0.09163690855105722
increase,Baseline,300,MAP_same_minus_opposite_cosine,3967,-0.05927816601026625
increase,Baseline,300,MAP_same_minus_opposite_cosine,3976,-0.057224100662602306
increase,Baseline,300,MAP_same_minus_opposite_cosine,3978,-0.04706024130185449
increase,Baseline,300,MAP_same_minus_opposite_cosine,3985,0.09072382499774301
increase,Baseline,300,MAP_same_minus_opposite_cosine,4016,0.006584261854489681
increase,Baseline,300,MAP_same_minus_opposite_cosine,4080,0.10635821024576819
increase,Baseline,300,MAP_same_minus_opposite_cosine,4293,0.043704537550608324
increase,Baseline,300,MAP_same_minus_opposite_cosine,4312,0.012660772059903014
increase,Baseline,300,MAP_same_minus_opposite_cosine,4529,0.026611881951491
increase,Baseline,300,MAP_same_minus_opposite_cosine,4540,-0.008292903502782223
increase,Baseline,300,MAP_same_minus_opposite_cosine,4638,0.08894176058696979
increase,Baseline,300,MAP_same_minus_opposite_cosine,4686,0.006554971138636234
increase,Baseline,300,MAP_same_minus_opposite_cosine,4821,0.018502376973628998
increase,Baseline,300,MAP_same_minus_opposite_cosine,4865,0.03136001361740959
increase,Baseline,300,MAP_same_minus_opposite_cosine,4944,0.03599651428786188
increase,Baseline,300,MAP_same_minus_opposite_cosine,5309,-0.006046511232852936
increase,Baseline,300,MAP_same_minus_opposite_cosine,5377,0.015199646353721619
increase,Baseline,300,MAP_same_minus_opposite_cosine,5410,-0.10113981366157532
increase,Baseline,300,MAP_same_minus_opposite_cosine,5454,-0.07629652321338654
increase,Baseline,300,MAP_same_minus_opposite_cosine,5516,0.04072330395380652
increase,Baseline,300,MAP_same_minus_opposite_cosine,5600,-0.05618210917427424
increase,Baseline,300,MAP_same_minus_opposite_cosine,5778,0.06403422852357232
increase,Baseline,300,MAP_same_minus_opposite_cosine,5826,-0.1024974256753921
increase,Baseline,300,MAP_same_minus_opposite_cosine,5961,0.03710632522900903
increase,Baseline,300,MAP_same_minus_opposite_cosine,5989,0.024917401373386383
increase,Baseline,300,triplet_accuracy,323,0.65
increase,Baseline,300,triplet_accuracy,348,0.55
increase,Baseline,300,triplet_accuracy,391,0.3
increase,Baseline,300,triplet_accuracy,683,0.55
increase,Baseline,300,triplet_accuracy,747,0.55
increase,Baseline,300,triplet_accuracy,750,0.55
increase,Baseline,300,triplet_accuracy,758,0.65
increase,Baseline,300,triplet_accuracy,843,0.6
increase,Baseline,300,triplet_accuracy,967,0.55
increase,Baseline,300,triplet_accuracy,1092,0.5
increase,Baseline,300,triplet_accuracy,1193,0.5
increase,Baseline,300,triplet_accuracy,1335,0.6
increase,Baseline,300,triplet_accuracy,1480,0.5
increase,Baseline,300,triplet_accuracy,1566,0.5
increase,Baseline,300,triplet_accuracy,1943,0.4
increase,Baseline,300,triplet_accuracy,2005,0.55
increase,Baseline,300,triplet_accuracy,2048,0.65
increase,Baseline,300,triplet_accuracy,2173,0.6
increase,Baseline,300,triplet_accuracy,2263,0.55
increase,Baseline,300,triplet_accuracy,2303,0.55
increase,Baseline,300,triplet_accuracy,2308,0.6
increase,Baseline,300,triplet_accuracy,2361,0.6
increase,Baseline,300,triplet_accuracy,2567,0.4
increase,Baseline,300,triplet_accuracy,2943,0.4
increase,Baseline,300,triplet_accuracy,3261,0.35
increase,Baseline,300,triplet_accuracy,3354,0.5
increase,Baseline,300,triplet_accuracy,3525,0.7
increase,Baseline,300,triplet_accuracy,3593,0.55
increase,Baseline,300,triplet_accuracy,3768,0.6
increase,Baseline,300,triplet_accuracy,3852,0.4
increase,Baseline,300,triplet_accuracy,3967,0.3
increase,Baseline,300,triplet_accuracy,3978,0.6
increase,Baseline,300,triplet_accuracy,3985,0.7
increase,Baseline,300,triplet_accuracy,4016,0.6
increase,Baseline,300,triplet_accuracy,4293,0.7
increase,Baseline,300,triplet_accuracy,4312,0.65
increase,Baseline,300,triplet_accuracy,4529,0.4
increase,Baseline,300,triplet_accuracy,4540,0.55
increase,Baseline,300,triplet_accuracy,4686,0.5
increase,Baseline,300,triplet_accuracy,4821,0.45
increase,Baseline,300,triplet_accuracy,4865,0.85
increase,Baseline,300,triplet_accuracy,4944,0.65
increase,Baseline,300,triplet_accuracy,5309,0.55
increase,Baseline,300,triplet_accuracy,5377,0.4
increase,Baseline,300,triplet_accuracy,5410,0.65
increase,Baseline,300,triplet_accuracy,5454,0.55
increase,Baseline,300,triplet_accuracy,5516,0.55
increase,Baseline,300,triplet_accuracy,5600,0.45
increase,Baseline,300,triplet_accuracy,5778,0.5
increase,Baseline,300,triplet_accuracy,5989,0.65
decrease,Baseline,300,BIS_same_minus_opposite_cosine,105,-0.03781472444534306
decrease,Baseline,300,BIS_same_minus_opposite_cosine,323,0.06318513154983518
decrease,Baseline,300,BIS_same_minus_opposite_cosine,348,-0.015529319192423952
decrease,Baseline,300,BIS_same_minus_opposite_cosine,391,-0.020144312219186222
decrease,Baseline,300,BIS_same_minus_opposite_cosine,683,0.03762714490294461
decrease,Baseline,300,BIS_same_minus_opposite_cosine,747,0.00041209770874539586
decrease,Baseline,300,BIS_same_minus_opposite_cosine,750,-0.11243689344042829
decrease,Baseline,300,BIS_same_minus_opposite_cosine,758,0.10197169040188636
decrease,Baseline,300,BIS_same_minus_opposite_cosine,843,0.07989720006783807
decrease,Baseline,300,BIS_same_minus_opposite_cosine,877,0.07031289736429847
decrease,Baseline,300,BIS_same_minus_opposite_cosine,926,-0.016132736702760053
decrease,Baseline,300,BIS_same_minus_opposite_cosine,967,-0.053654069250280156
decrease,Baseline,300,BIS_same_minus_opposite_cosine,992,0.05920521997743178
decrease,Baseline,300,BIS_same_minus_opposite_cosine,1014,0.023144306408034443
decrease,Baseline,300,BIS_same_minus_opposite_cosine,1092,-0.04329001068165805
decrease,Baseline,300,BIS_same_minus_opposite_cosine,1193,0.08131655057271325
decrease,Baseline,300,BIS_same_minus_opposite_cosine,1308,0.004183800684081196
decrease,Baseline,300,BIS_same_minus_opposite_cosine,1335,-0.038419393201669094
decrease,Baseline,300,BIS_same_minus_opposite_cosine,1480,0.05732562144597375
decrease,Baseline,300,BIS_same_minus_opposite_cosine,1566,-0.04819122205177939
decrease,Baseline,300,BIS_same_minus_opposite_cosine,1636,0.03472181856632228
decrease,Baseline,300,BIS_same_minus_opposite_cosine,1644,0.07080707947413123
decrease,Baseline,300,BIS_same_minus_opposite_cosine,1839,0.010483834892511368
decrease,Baseline,300,BIS_same_minus_opposite_cosine,1943,0.0480326788895058
decrease,Baseline,300,BIS_same_minus_opposite_cosine,2005,0.041941595077514604
decrease,Baseline,300,BIS_same_minus_opposite_cosine,2048,0.04017080664634709
decrease,Baseline,300,BIS_same_minus_opposite_cosine,2173,0.0706478120251135
decrease,Baseline,300,BIS_same_minus_opposite_cosine,2263,0.027596565584341648
decrease,Baseline,300,BIS_same_minus_opposite_cosine,2303,0.016688869113013927
decrease,Baseline,300,BIS_same_minus_opposite_cosine,2308,0.20037664473056793
decrease,Baseline,300,BIS_same_minus_opposite_cosine,2347,0.05933794875939691
decrease,Baseline,300,BIS_same_minus_opposite_cosine,2361,0.05482058859232708
decrease,Baseline,300,BIS_same_minus_opposite_cosine,2567,-0.02743072284272674
decrease,Baseline,300,BIS_same_minus_opposite_cosine,2900,0.0669050862391789
decrease,Baseline,300,BIS_same_minus_opposite_cosine,2943,0.1434579748246405
decrease,Baseline,300,BIS_same_minus_opposite_cosine,2946,-0.014595123628775242
decrease,Baseline,300,BIS_same_minus_opposite_cosine,2988,-0.03539096631787042
decrease,Baseline,300,BIS_same_minus_opposite_cosine,3261,-0.019294953876824117
decrease,Baseline,300,BIS_same_minus_opposite_cosine,3354,-0.005071779092152839
decrease,Baseline,300,BIS_same_minus_opposite_cosine,3387,-0.05958322932322824
decrease,Baseline,300,BIS_same_minus_opposite_cosine,3485,0.11111271182696025
decrease,Baseline,300,BIS_same_minus_opposite_cosine,3525,-0.006453208128611165
decrease,Baseline,300,BIS_same_minus_opposite_cosine,3569,0.023040255362337336
decrease,Baseline,300,BIS_same_minus_opposite_cosine,3593,0.1757654448350271
decrease,Baseline,300,BIS_same_minus_opposite_cosine,3613,0.06772846573342883
decrease,Baseline,300,BIS_same_minus_opposite_cosine,3764,-0.005309357900511125
decrease,Baseline,300,BIS_same_minus_opposite_cosine,3768,0.07242664288390765
decrease,Baseline,300,BIS_same_minus_opposite_cosine,3852,-0.02582739293575287
decrease,Baseline,300,BIS_same_minus_opposite_cosine,3967,-0.0009406295915445062
decrease,Baseline,300,BIS_same_minus_opposite_cosine,3976,0.056914683183034276
decrease,Baseline,300,BIS_same_minus_opposite_cosine,3978,-0.025666609406471252
decrease,Baseline,300,BIS_same_minus_opposite_cosine,3985,-0.054874102274576786
decrease,Baseline,300,BIS_same_minus_opposite_cosine,4016,-0.029556901090674992
decrease,Baseline,300,BIS_same_minus_opposite_cosine,4080,0.11378174168722965
decrease,Baseline,300,BIS_same_minus_opposite_cosine,4293,0.003922167751524208
decrease,Baseline,300,BIS_same_minus_opposite_cosine,4312,0.06949799358844755
decrease,Baseline,300,BIS_same_minus_opposite_cosine,4529,-0.03785371283690131
decrease,Baseline,300,BIS_same_minus_opposite_cosine,4540,0.059590416424202264
decrease,Baseline,300,BIS_same_minus_opposite_cosine,4638,0.0027085209886232864
decrease,Baseline,300,BIS_same_minus_opposite_cosine,4686,0.02603415896495187
decrease,Baseline,300,BIS_same_minus_opposite_cosine,4821,-0.024419267227252406
decrease,Baseline,300,BIS_same_minus_opposite_cosine,4865,0.04876786470413208
decrease,Baseline,300,BIS_same_minus_opposite_cosine,4944,0.02465376357237492
decrease,Baseline,300,BIS_same_minus_opposite_cosine,5309,-0.08212407588055637
decrease,Baseline,300,BIS_same_minus_opposite_cosine,5377,0.12260768612225859
decrease,Baseline,300,BIS_same_minus_opposite_cosine,5410,0.12611442969905007
decrease,Baseline,300,BIS_same_minus_opposite_cosine,5454,-0.0012799832555981938
decrease,Baseline,300,BIS_same_minus_opposite_cosine,5516,-0.06544332537386155
decrease,Baseline,300,BIS_same_minus_opposite_cosine,5600,-0.11236028042104518
decrease,Baseline,300,BIS_same_minus_opposite_cosine,5778,0.14572081814209614
decrease,Baseline,300,BIS_same_minus_opposite_cosine,5826,0.06440763175487518
decrease,Baseline,300,BIS_same_minus_opposite_cosine,5961,0.031615955134232876
decrease,Baseline,300,BIS_same_minus_opposite_cosine,5989,-0.002230191230773948
decrease,Baseline,300,BIS_same_minus_opposite_cosine,6025,-0.03268899249308044
decrease,Baseline,300,MAP_same_minus_opposite_cosine,105,-0.05135839432477951
decrease,Baseline,300,MAP_same_minus_opposite_cosine,323,-0.01866391797860467
decrease,Baseline,300,MAP_same_minus_opposite_cosine,348,-0.1280631273984909
decrease,Baseline,300,MAP_same_minus_opposite_cosine,391,-0.056554780900478385
decrease,Baseline,300,MAP_same_minus_opposite_cosine,683,0.01542314582250337
decrease,Baseline,300,MAP_same_minus_opposite_cosine,747,0.023924120391408676
decrease,Baseline,300,MAP_same_minus_opposite_cosine,750,-0.028664473331335816
decrease,Baseline,300,MAP_same_minus_opposite_cosine,758,0.037788318865227044
decrease,Baseline,300,MAP_same_minus_opposite_cosine,843,0.04702841904428268
decrease,Baseline,300,MAP_same_minus_opposite_cosine,877,0.05630028247833252
decrease,Baseline,300,MAP_same_minus_opposite_cosine,926,-0.017932881460045236
decrease,Baseline,300,MAP_same_minus_opposite_cosine,967,0.035861968994140625
decrease,Baseline,300,MAP_same_minus_opposite_cosine,992,0.057416418194770835
decrease,Baseline,300,MAP_same_minus_opposite_cosine,1014,-0.04351692895094561
decrease,Baseline,300,MAP_same_minus_opposite_cosine,1092,0.0605397975693146
decrease,Baseline,300,MAP_same_minus_opposite_cosine,1193,-0.11331850538651145
decrease,Baseline,300,MAP_same_minus_opposite_cosine,1308,0.03481838256120684
decrease,Baseline,300,MAP_same_minus_opposite_cosine,1335,-0.009575931798844195
decrease,Baseline,300,MAP_same_minus_opposite_cosine,1480,0.013449626664320702
decrease,Baseline,300,MAP_same_minus_opposite_cosine,1566,0.08731958766778314
decrease,Baseline,300,MAP_same_minus_opposite_cosine,1636,0.026873384912808662
decrease,Baseline,300,MAP_same_minus_opposite_cosine,1644,-0.0425149301687876
decrease,Baseline,300,MAP_same_minus_opposite_cosine,1839,-0.0012260893980661214
decrease,Baseline,300,MAP_same_minus_opposite_cosine,1943,0.05054795907603371
decrease,Baseline,300,MAP_same_minus_opposite_cosine,2005,-0.05387609452009201
decrease,Baseline,300,MAP_same_minus_opposite_cosine,2048,-0.0860454447212674
decrease,Baseline,300,MAP_same_minus_opposite_cosine,2173,0.014913823869493248
decrease,Baseline,300,MAP_same_minus_opposite_cosine,2263,-0.06040826439857483
decrease,Baseline,300,MAP_same_minus_opposite_cosine,2303,0.04351603570911611
decrease,Baseline,300,MAP_same_minus_opposite_cosine,2308,-0.1187236565306331
decrease,Baseline,300,MAP_same_minus_opposite_cosine,2347,0.007969612048731922
decrease,Baseline,300,MAP_same_minus_opposite_cosine,2361,-0.013393610715866089
decrease,Baseline,300,MAP_same_minus_opposite_cosine,2567,-0.09106868150688352
decrease,Baseline,300,MAP_same_minus_opposite_cosine,2900,-0.04390965402126312
decrease,Baseline,300,MAP_same_minus_opposite_cosine,2943,0.06900280714035034
decrease,Baseline,300,MAP_same_minus_opposite_cosine,2946,-0.041070739428202274
decrease,Baseline,300,MAP_same_minus_opposite_cosine,2988,-0.012559158106644874
decrease,Baseline,300,MAP_same_minus_opposite_cosine,3261,-0.021857870121796963
decrease,Baseline,300,MAP_same_minus_opposite_cosine,3354,0.008305807908375984
decrease,Baseline,300,MAP_same_minus_opposite_cosine,3387,0.04129367818435037
decrease,Baseline,300,MAP_same_minus_opposite_cosine,3485,0.017687204811308033
decrease,Baseline,300,MAP_same_minus_opposite_cosine,3525,-0.036646673173615474
decrease,Baseline,300,MAP_same_minus_opposite_cosine,3569,0.05132430082275752
decrease,Baseline,300,MAP_same_minus_opposite_cosine,3593,-0.0332403372634541
decrease,Baseline,300,MAP_same_minus_opposite_cosine,3613,0.07101316343654285
decrease,Baseline,300,MAP_same_minus_opposite_cosine,3764,0.051725660761197445
decrease,Baseline,300,MAP_same_minus_opposite_cosine,3768,-0.023479466636975532
decrease,Baseline,300,MAP_same_minus_opposite_cosine,3852,-0.010228158036867718
decrease,Baseline,300,MAP_same_minus_opposite_cosine,3967,-0.047555675109227535
decrease,Baseline,300,MAP_same_minus_opposite_cosine,3976,0.05957285066445661
decrease,Baseline,300,MAP_same_minus_opposite_cosine,3978,0.0890878327190876
decrease,Baseline,300,MAP_same_minus_opposite_cosine,3985,-0.036309222380320194
decrease,Baseline,300,MAP_same_minus_opposite_cosine,4016,-0.08001078913609183
decrease,Baseline,300,MAP_same_minus_opposite_cosine,4080,0.06704645057519276
decrease,Baseline,300,MAP_same_minus_opposite_cosine,4293,-0.01538214584191644
decrease,Baseline,300,MAP_same_minus_opposite_cosine,4312,-0.04586758464574814
decrease,Baseline,300,MAP_same_minus_opposite_cosine,4529,0.007468372583389282
decrease,Baseline,300,MAP_same_minus_opposite_cosine,4540,-0.026843036666061026
decrease,Baseline,300,MAP_same_minus_opposite_cosine,4638,0.03873315950234735
decrease,Baseline,300,MAP_same_minus_opposite_cosine,4686,-0.023507272203763363
decrease,Baseline,300,MAP_same_minus_opposite_cosine,4821,-0.013006517291069053
decrease,Baseline,300,MAP_same_minus_opposite_cosine,4865,0.008006100356578782
decrease,Baseline,300,MAP_same_minus_opposite_cosine,4944,0.10317916671435046
decrease,Baseline,300,MAP_same_minus_opposite_cosine,5309,0.01578305548790737
decrease,Baseline,300,MAP_same_minus_opposite_cosine,5377,0.019171164342851377
decrease,Baseline,300,MAP_same_minus_opposite_cosine,5410,-0.02027723689874017
decrease,Baseline,300,MAP_same_minus_opposite_cosine,5454,0.0157480388879776
decrease,Baseline,300,MAP_same_minus_opposite_cosine,5516,0.0396028533577919
decrease,Baseline,300,MAP_same_minus_opposite_cosine,5600,0.05940527551703978
decrease,Baseline,300,MAP_same_minus_opposite_cosine,5778,-0.0073987642923990515
decrease,Baseline,300,MAP_same_minus_opposite_cosine,5826,0.03595413863658903
decrease,Baseline,300,MAP_same_minus_opposite_cosine,5961,0.01869945837692777
decrease,Baseline,300,MAP_same_minus_opposite_cosine,5989,-0.04969605902830754
decrease,Baseline,300,MAP_same_minus_opposite_cosine,6025,0.003420540028148178
decrease,Baseline,300,triplet_accuracy,323,0.45
decrease,Baseline,300,triplet_accuracy,348,0.45
decrease,Baseline,300,triplet_accuracy,391,0.65
decrease,Baseline,300,triplet_accuracy,683,0.55
decrease,Baseline,300,triplet_accuracy,747,0.35
decrease,Baseline,300,triplet_accuracy,750,0.55
decrease,Baseline,300,triplet_accuracy,758,0.5
decrease,Baseline,300,triplet_accuracy,843,0.65
decrease,Baseline,300,triplet_accuracy,967,0.55
decrease,Baseline,300,triplet_accuracy,1014,0.45
decrease,Baseline,300,triplet_accuracy,1092,0.55
decrease,Baseline,300,triplet_accuracy,1193,0.75
decrease,Baseline,300,triplet_accuracy,1335,0.65
decrease,Baseline,300,triplet_accuracy,1480,0.6
decrease,Baseline,300,triplet_accuracy,1566,0.45
decrease,Baseline,300,triplet_accuracy,1839,0.5
decrease,Baseline,300,triplet_accuracy,1943,0.5
decrease,Baseline,300,triplet_accuracy,2005,0.55
decrease,Baseline,300,triplet_accuracy,2048,0.5
decrease,Baseline,300,triplet_accuracy,2173,0.7
decrease,Baseline,300,triplet_accuracy,2263,0.55
decrease,Baseline,300,triplet_accuracy,2303,0.7
decrease,Baseline,300,triplet_accuracy,2308,0.6
decrease,Baseline,300,triplet_accuracy,2347,0.4
decrease,Baseline,300,triplet_accuracy,2361,0.65
decrease,Baseline,300,triplet_accuracy,2567,0.65
decrease,Baseline,300,triplet_accuracy,2943,0.65
decrease,Baseline,300,triplet_accuracy,2988,0.5
decrease,Baseline,300,triplet_accuracy,3261,0.5
decrease,Baseline,300,triplet_accuracy,3354,0.65
decrease,Baseline,300,triplet_accuracy,3525,0.55
decrease,Baseline,300,triplet_accuracy,3569,0.45
decrease,Baseline,300,triplet_accuracy,3593,0.65
decrease,Baseline,300,triplet_accuracy,3768,0.7
decrease,Baseline,300,triplet_accuracy,3852,0.7
decrease,Baseline,300,triplet_accuracy,3967,0.35
decrease,Baseline,300,triplet_accuracy,3978,0.6
decrease,Baseline,300,triplet_accuracy,3985,0.7
decrease,Baseline,300,triplet_accuracy,4016,0.55
decrease,Baseline,300,triplet_accuracy,4293,0.65
decrease,Baseline,300,triplet_accuracy,4312,0.55
decrease,Baseline,300,triplet_accuracy,4529,0.7
decrease,Baseline,300,triplet_accuracy,4540,0.4
decrease,Baseline,300,triplet_accuracy,4686,0.55
decrease,Baseline,300,triplet_accuracy,4821,0.4
decrease,Baseline,300,triplet_accuracy,4865,0.4
decrease,Baseline,300,triplet_accuracy,4944,0.65
decrease,Baseline,300,triplet_accuracy,5309,0.65
decrease,Baseline,300,triplet_accuracy,5377,0.65
decrease,Baseline,300,triplet_accuracy,5410,0.55
decrease,Baseline,300,triplet_accuracy,5454,0.6
decrease,Baseline,300,triplet_accuracy,5516,0.6
decrease,Baseline,300,triplet_accuracy,5600,0.5
decrease,Baseline,300,triplet_accuracy,5778,0.45
decrease,Baseline,300,triplet_accuracy,5989,0.45
decrease,Baseline,300,triplet_accuracy,6025,0.5
stop,Baseline,300,BIS_same_minus_opposite_cosine,105,0.09973157867789267
stop,Baseline,300,BIS_same_minus_opposite_cosine,348,0.130321152734034
stop,Baseline,300,BIS_same_minus_opposite_cosine,391,0.24391887585322058
stop,Baseline,300,BIS_same_minus_opposite_cosine,747,-0.012315589370149538
stop,Baseline,300,BIS_same_minus_opposite_cosine,758,0.3402606000502904
stop,Baseline,300,BIS_same_minus_opposite_cosine,877,0.08028428753217065
stop,Baseline,300,BIS_same_minus_opposite_cosine,1092,0.070308471719424
stop,Baseline,300,BIS_same_minus_opposite_cosine,1193,0.13550887902577724
stop,Baseline,300,BIS_same_minus_opposite_cosine,1480,0.17657031976815418
stop,Baseline,300,BIS_same_minus_opposite_cosine,1636,-0.005174710353215595
stop,Baseline,300,BIS_same_minus_opposite_cosine,1644,0.09599570102161836
stop,Baseline,300,BIS_same_minus_opposite_cosine,2005,0.0958087295293808
stop,Baseline,300,BIS_same_minus_opposite_cosine,2303,-0.10309380292892456
stop,Baseline,300,BIS_same_minus_opposite_cosine,2361,0.13302078511979842
stop,Baseline,300,BIS_same_minus_opposite_cosine,2567,0.1582340757052103
stop,Baseline,300,BIS_same_minus_opposite_cosine,2943,0.06321970463702176
stop,Baseline,300,BIS_same_minus_opposite_cosine,2946,0.05050688485304511
stop,Baseline,300,BIS_same_minus_opposite_cosine,3261,0.08991246670484543
stop,Baseline,300,BIS_same_minus_opposite_cosine,3485,0.09280351052681612
stop,Baseline,300,BIS_same_minus_opposite_cosine,3525,0.005717640121777889
stop,Baseline,300,BIS_same_minus_opposite_cosine,3593,0.0647546648979187
stop,Baseline,300,BIS_same_minus_opposite_cosine,3613,0.11689229971832693
stop,Baseline,300,BIS_same_minus_opposite_cosine,3967,-0.012654588868220684
stop,Baseline,300,BIS_same_minus_opposite_cosine,3976,0.04000161588191986
stop,Baseline,300,BIS_same_minus_opposite_cosine,4016,0.015582202871640582
stop,Baseline,300,BIS_same_minus_opposite_cosine,4865,0.29748773699005443
stop,Baseline,300,BIS_same_minus_opposite_cosine,4944,-0.09438277135292683
stop,Baseline,300,BIS_same_minus_opposite_cosine,5377,0.006217022736867306
stop,Baseline,300,BIS_same_minus_opposite_cosine,5410,0.0945800940195719
stop,Baseline,300,BIS_same_minus_opposite_cosine,5454,0.20696906838566065
stop,Baseline,300,BIS_same_minus_opposite_cosine,5516,-0.23168488964438438
stop,Baseline,300,BIS_same_minus_opposite_cosine,5600,0.10973722239335382
stop,Baseline,300,BIS_same_minus_opposite_cosine,5778,0.0464431494474411
stop,Baseline,300,BIS_same_minus_opposite_cosine,5826,0.09380979294126679
stop,Baseline,300,MAP_same_minus_opposite_cosine,105,0.04667591800292337
stop,Baseline,300,MAP_same_minus_opposite_cosine,348,-0.0120228090220027
stop,Baseline,300,MAP_same_minus_opposite_cosine,391,0.03958398813293096
stop,Baseline,300,MAP_same_minus_opposite_cosine,747,0.05867450560132659
stop,Baseline,300,MAP_same_minus_opposite_cosine,758,-0.011891708487556163
stop,Baseline,300,MAP_same_minus_opposite_cosine,877,-0.10127723916913522
stop,Baseline,300,MAP_same_minus_opposite_cosine,926,-0.09464883804321289
stop,Baseline,300,MAP_same_minus_opposite_cosine,1092,-0.09544415363953229
stop,Baseline,300,MAP_same_minus_opposite_cosine,1193,-0.1217116815969348
stop,Baseline,300,MAP_same_minus_opposite_cosine,1480,0.04586394131183624
stop,Baseline,300,MAP_same_minus_opposite_cosine,1636,-0.15292699038982394
stop,Baseline,300,MAP_same_minus_opposite_cosine,1644,-0.12973310881190825
stop,Baseline,300,MAP_same_minus_opposite_cosine,2005,-0.021529088869239432
stop,Baseline,300,MAP_same_minus_opposite_cosine,2303,-0.1391826570034027
stop,Baseline,300,MAP_same_minus_opposite_cosine,2361,-0.009230968852837917
stop,Baseline,300,MAP_same_minus_opposite_cosine,2567,-0.05503402650356293
stop,Baseline,300,MAP_same_minus_opposite_cosine,2943,-0.1401059269195511
stop,Baseline,300,MAP_same_minus_opposite_cosine,2946,0.03142597327629726
stop,Baseline,300,MAP_same_minus_opposite_cosine,3261,-0.12995555665757919
stop,Baseline,300,MAP_same_minus_opposite_cosine,3485,-0.15053686499595642
stop,Baseline,300,MAP_same_minus_opposite_cosine,3525,-0.010850535333156608
stop,Baseline,300,MAP_same_minus_opposite_cosine,3593,0.15035929530858994
stop,Baseline,300,MAP_same_minus_opposite_cosine,3613,0.008248652021090153
stop,Baseline,300,MAP_same_minus_opposite_cosine,3967,0.20976360887289047
stop,Baseline,300,MAP_same_minus_opposite_cosine,3976,-0.029365704173133556
stop,Baseline,300,MAP_same_minus_opposite_cosine,4016,0.0927170559763908
stop,Baseline,300,MAP_same_minus_opposite_cosine,4865,-0.09601467723647755
stop,Baseline,300,MAP_same_minus_opposite_cosine,4944,0.00962626834710445
stop,Baseline,300,MAP_same_minus_opposite_cosine,5377,-0.025403906901677376
stop,Baseline,300,MAP_same_minus_opposite_cosine,5410,0.01335829067410843
stop,Baseline,300,MAP_same_minus_opposite_cosine,5454,-0.02866339435180032
stop,Baseline,300,MAP_same_minus_opposite_cosine,5516,-0.01807701587677002
stop,Baseline,300,MAP_same_minus_opposite_cosine,5600,-0.0368837068478266
stop,Baseline,300,MAP_same_minus_opposite_cosine,5778,-0.029821788271268246
stop,Baseline,300,MAP_same_minus_opposite_cosine,5826,-0.05923819541931152
stop,Baseline,300,triplet_accuracy,348,0.65
stop,Baseline,300,triplet_accuracy,391,0.5
stop,Baseline,300,triplet_accuracy,747,0.4
stop,Baseline,300,triplet_accuracy,758,0.55
stop,Baseline,300,triplet_accuracy,1092,0.6
stop,Baseline,300,triplet_accuracy,1193,0.75
stop,Baseline,300,triplet_accuracy,1480,0.8
stop,Baseline,300,triplet_accuracy,2005,0.65
stop,Baseline,300,triplet_accuracy,2303,0.6
stop,Baseline,300,triplet_accuracy,2361,0.6
stop,Baseline,300,triplet_accuracy,2567,0.65
stop,Baseline,300,triplet_accuracy,2943,0.5
stop,Baseline,300,triplet_accuracy,3261,0.6
stop,Baseline,300,triplet_accuracy,3525,0.6
stop,Baseline,300,triplet_accuracy,3593,0.6
stop,Baseline,300,triplet_accuracy,3967,0.8
stop,Baseline,300,triplet_accuracy,4016,0.75
stop,Baseline,300,triplet_accuracy,4865,0.65
stop,Baseline,300,triplet_accuracy,4944,0.55
stop,Baseline,300,triplet_accuracy,5377,0.65
stop,Baseline,300,triplet_accuracy,5410,0.5
stop,Baseline,300,triplet_accuracy,5454,0.55
stop,Baseline,300,triplet_accuracy,5516,0.7
stop,Baseline,300,triplet_accuracy,5600,0.55
stop,Baseline,300,triplet_accuracy,5778,0.5
high_rate_tail,Baseline,300,BIS_same_minus_opposite_cosine,105,-0.005296364426612854
high_rate_tail,Baseline,300,BIS_same_minus_opposite_cosine,323,0.06259031345446908
high_rate_tail,Baseline,300,BIS_same_minus_opposite_cosine,348,0.04854518340693581
high_rate_tail,Baseline,300,BIS_same_minus_opposite_cosine,391,-0.045078899463017796
high_rate_tail,Baseline,300,BIS_same_minus_opposite_cosine,683,0.04796846978592151
high_rate_tail,Baseline,300,BIS_same_minus_opposite_cosine,747,0.0350012613667382
high_rate_tail,Baseline,300,BIS_same_minus_opposite_cosine,750,0.16018909215927124
high_rate_tail,Baseline,300,BIS_same_minus_opposite_cosine,758,0.06292350838581717
high_rate_tail,Baseline,300,BIS_same_minus_opposite_cosine,843,-0.015547019739945767
high_rate_tail,Baseline,300,BIS_same_minus_opposite_cosine,877,0.1187732989589374
high_rate_tail,Baseline,300,BIS_same_minus_opposite_cosine,926,0.04303308079640067
high_rate_tail,Baseline,300,BIS_same_minus_opposite_cosine,967,0.014543421566486359
high_rate_tail,Baseline,300,BIS_same_minus_opposite_cosine,992,0.0261737431089083
high_rate_tail,Baseline,300,BIS_same_minus_opposite_cosine,1092,0.01954067415661287
high_rate_tail,Baseline,300,BIS_same_minus_opposite_cosine,1193,0.10122996071974433
high_rate_tail,Baseline,300,BIS_same_minus_opposite_cosine,1308,-0.0011841813723245664
high_rate_tail,Baseline,300,BIS_same_minus_opposite_cosine,1335,0.17372554375065696
high_rate_tail,Baseline,300,BIS_same_minus_opposite_cosine,1480,-0.04667546798785527
high_rate_tail,Baseline,300,BIS_same_minus_opposite_cosine,1566,0.006676527774996277
high_rate_tail,Baseline,300,BIS_same_minus_opposite_cosine,1636,-0.04657476147015893
high_rate_tail,Baseline,300,BIS_same_minus_opposite_cosine,1644,0.06975500375935528
high_rate_tail,Baseline,300,BIS_same_minus_opposite_cosine,1839,0.037634674045774585
high_rate_tail,Baseline,300,BIS_same_minus_opposite_cosine,1943,0.09753459692001343
high_rate_tail,Baseline,300,BIS_same_minus_opposite_cosine,2005,0.025819238026936864
high_rate_tail,Baseline,300,BIS_same_minus_opposite_cosine,2048,0.08904697994391131
high_rate_tail,Baseline,300,BIS_same_minus_opposite_cosine,2173,-0.013445635139942125
high_rate_tail,Baseline,300,BIS_same_minus_opposite_cosine,2263,-0.022964608488660887
high_rate_tail,Baseline,300,BIS_same_minus_opposite_cosine,2303,0.02743240743875508
high_rate_tail,Baseline,300,BIS_same_minus_opposite_cosine,2308,0.16221074842744404
high_rate_tail,Baseline,300,BIS_same_minus_opposite_cosine,2347,0.05360859000321583
high_rate_tail,Baseline,300,BIS_same_minus_opposite_cosine,2361,-0.005131683114803276
high_rate_tail,Baseline,300,BIS_same_minus_opposite_cosine,2567,0.019708008567492108
high_rate_tail,Baseline,300,BIS_same_minus_opposite_cosine,2900,-0.08912834972143169
high_rate_tail,Baseline,300,BIS_same_minus_opposite_cosine,2943,0.04448595245679221
high_rate_tail,Baseline,300,BIS_same_minus_opposite_cosine,2946,0.07496686144308606
high_rate_tail,Baseline,300,BIS_same_minus_opposite_cosine,2988,-0.003679770976305008
high_rate_tail,Baseline,300,BIS_same_minus_opposite_cosine,3261,0.06551618874073029
high_rate_tail,Baseline,300,BIS_same_minus_opposite_cosine,3354,-0.030342179867956287
high_rate_tail,Baseline,300,BIS_same_minus_opposite_cosine,3387,0.075055483314726
high_rate_tail,Baseline,300,BIS_same_minus_opposite_cosine,3485,0.04409982986522443
high_rate_tail,Baseline,300,BIS_same_minus_opposite_cosine,3525,0.02024992505709322
high_rate_tail,Baseline,300,BIS_same_minus_opposite_cosine,3569,0.03186587537779961
high_rate_tail,Baseline,300,BIS_same_minus_opposite_cosine,3593,0.029465760503496474
high_rate_tail,Baseline,300,BIS_same_minus_opposite_cosine,3613,0.03501849249005318
high_rate_tail,Baseline,300,BIS_same_minus_opposite_cosine,3764,-0.04857153626102384
high_rate_tail,Baseline,300,BIS_same_minus_opposite_cosine,3768,-0.0009701738754908096
high_rate_tail,Baseline,300,BIS_same_minus_opposite_cosine,3852,-0.04800141602754593
high_rate_tail,Baseline,300,BIS_same_minus_opposite_cosine,3967,-0.05418519179026282
high_rate_tail,Baseline,300,BIS_same_minus_opposite_cosine,3976,-0.05622599770625436
high_rate_tail,Baseline,300,BIS_same_minus_opposite_cosine,3978,-0.03989955451753402
high_rate_tail,Baseline,300,BIS_same_minus_opposite_cosine,3985,0.13119671742121375
high_rate_tail,Baseline,300,BIS_same_minus_opposite_cosine,4016,0.026912814965753817
high_rate_tail,Baseline,300,BIS_same_minus_opposite_cosine,4080,0.09175737911746618
high_rate_tail,Baseline,300,BIS_same_minus_opposite_cosine,4293,0.11734179324573935
high_rate_tail,Baseline,300,BIS_same_minus_opposite_cosine,4312,-0.0015471984942754258
high_rate_tail,Baseline,300,BIS_same_minus_opposite_cosine,4529,-0.003944794336954716
high_rate_tail,Baseline,300,BIS_same_minus_opposite_cosine,4540,0.007350690888636047
high_rate_tail,Baseline,300,BIS_same_minus_opposite_cosine,4638,0.0012738580505052832
high_rate_tail,Baseline,300,BIS_same_minus_opposite_cosine,4686,0.0928025643030802
high_rate_tail,Baseline,300,BIS_same_minus_opposite_cosine,4821,-0.04229537232054603
high_rate_tail,Baseline,300,BIS_same_minus_opposite_cosine,4865,0.07624209920565284
high_rate_tail,Baseline,300,BIS_same_minus_opposite_cosine,4944,0.10003202805916467
high_rate_tail,Baseline,300,BIS_same_minus_opposite_cosine,5309,0.08183057606220245
high_rate_tail,Baseline,300,BIS_same_minus_opposite_cosine,5377,0.01823362542523277
high_rate_tail,Baseline,300,BIS_same_minus_opposite_cosine,5410,0.06723712535486337
high_rate_tail,Baseline,300,BIS_same_minus_opposite_cosine,5454,-0.002642122904459643
high_rate_tail,Baseline,300,BIS_same_minus_opposite_cosine,5516,0.20683914298812545
high_rate_tail,Baseline,300,BIS_same_minus_opposite_cosine,5600,0.07037564449840117
high_rate_tail,Baseline,300,BIS_same_minus_opposite_cosine,5778,-0.09719807315956464
high_rate_tail,Baseline,300,BIS_same_minus_opposite_cosine,5826,0.027697807911670647
high_rate_tail,Baseline,300,BIS_same_minus_opposite_cosine,5961,-0.04823499520619712
high_rate_tail,Baseline,300,BIS_same_minus_opposite_cosine,5989,0.13287923281843017
high_rate_tail,Baseline,300,BIS_same_minus_opposite_cosine,6025,0.03560521403948458
high_rate_tail,Baseline,300,MAP_same_minus_opposite_cosine,105,-0.025987374285856846
high_rate_tail,Baseline,300,MAP_same_minus_opposite_cosine,323,-0.06788955877224612
high_rate_tail,Baseline,300,MAP_same_minus_opposite_cosine,348,-0.13574164311091097
high_rate_tail,Baseline,300,MAP_same_minus_opposite_cosine,391,-0.06673219303290046
high_rate_tail,Baseline,300,MAP_same_minus_opposite_cosine,683,-0.06437845031420386
high_rate_tail,Baseline,300,MAP_same_minus_opposite_cosine,747,0.12009520602948742
high_rate_tail,Baseline,300,MAP_same_minus_opposite_cosine,750,-0.06303730259339013
high_rate_tail,Baseline,300,MAP_same_minus_opposite_cosine,758,0.08786760496370727
high_rate_tail,Baseline,300,MAP_same_minus_opposite_cosine,843,0.008190351724624678
high_rate_tail,Baseline,300,MAP_same_minus_opposite_cosine,877,-0.04613673686981201
high_rate_tail,Baseline,300,MAP_same_minus_opposite_cosine,926,0.05454099675019586
high_rate_tail,Baseline,300,MAP_same_minus_opposite_cosine,967,-0.06663447991013527
high_rate_tail,Baseline,300,MAP_same_minus_opposite_cosine,992,0.006378811597824052
high_rate_tail,Baseline,300,MAP_same_minus_opposite_cosine,1092,-0.030237413588024342
high_rate_tail,Baseline,300,MAP_same_minus_opposite_cosine,1193,0.02403919448455183
high_rate_tail,Baseline,300,MAP_same_minus_opposite_cosine,1308,-0.008767151998149036
high_rate_tail,Baseline,300,MAP_same_minus_opposite_cosine,1335,-0.028012711803118373
high_rate_tail,Baseline,300,MAP_same_minus_opposite_cosine,1480,0.058498755548939574
high_rate_tail,Baseline,300,MAP_same_minus_opposite_cosine,1566,0.02104097439183128
high_rate_tail,Baseline,300,MAP_same_minus_opposite_cosine,1636,-0.1532585763682922
high_rate_tail,Baseline,300,MAP_same_minus_opposite_cosine,1644,-0.05784622118586591
high_rate_tail,Baseline,300,MAP_same_minus_opposite_cosine,1839,0.13733882539802122
high_rate_tail,Baseline,300,MAP_same_minus_opposite_cosine,1943,0.04131332039833069
high_rate_tail,Baseline,300,MAP_same_minus_opposite_cosine,2005,0.013272576259844238
high_rate_tail,Baseline,300,MAP_same_minus_opposite_cosine,2048,-0.04229082498285508
high_rate_tail,Baseline,300,MAP_same_minus_opposite_cosine,2173,-0.12101535126566887
high_rate_tail,Baseline,300,MAP_same_minus_opposite_cosine,2263,0.04670962939659751
high_rate_tail,Baseline,300,MAP_same_minus_opposite_cosine,2303,-0.04090981343478872
high_rate_tail,Baseline,300,MAP_same_minus_opposite_cosine,2308,0.04632320571126358
high_rate_tail,Baseline,300,MAP_same_minus_opposite_cosine,2347,0.05090427100658412
high_rate_tail,Baseline,300,MAP_same_minus_opposite_cosine,2361,-0.023468570907910657
high_rate_tail,Baseline,300,MAP_same_minus_opposite_cosine,2567,0.10047271351019538
high_rate_tail,Baseline,300,MAP_same_minus_opposite_cosine,2900,0.09091187020142877
high_rate_tail,Baseline,300,MAP_same_minus_opposite_cosine,2943,-0.07164728827774525
high_rate_tail,Baseline,300,MAP_same_minus_opposite_cosine,2946,0.039708656569321876
high_rate_tail,Baseline,300,MAP_same_minus_opposite_cosine,2988,0.0032230296305247874
high_rate_tail,Baseline,300,MAP_same_minus_opposite_cosine,3261,-0.098061046252648
high_rate_tail,Baseline,300,MAP_same_minus_opposite_cosine,3354,0.030892504209821925
high_rate_tail,Baseline,300,MAP_same_minus_opposite_cosine,3387,0.08249632848633659
high_rate_tail,Baseline,300,MAP_same_minus_opposite_cosine,3485,0.029418647289276123
high_rate_tail,Baseline,300,MAP_same_minus_opposite_cosine,3525,-0.04937211717620049
high_rate_tail,Baseline,300,MAP_same_minus_opposite_cosine,3569,0.06023831168810523
high_rate_tail,Baseline,300,MAP_same_minus_opposite_cosine,3593,0.0744592362281048
high_rate_tail,Baseline,300,MAP_same_minus_opposite_cosine,3613,-0.0327540442347527
high_rate_tail,Baseline,300,MAP_same_minus_opposite_cosine,3764,-0.002092864364385605
high_rate_tail,Baseline,300,MAP_same_minus_opposite_cosine,3768,-0.07829871367324481
high_rate_tail,Baseline,300,MAP_same_minus_opposite_cosine,3852,0.008983706434567806
high_rate_tail,Baseline,300,MAP_same_minus_opposite_cosine,3967,0.003141718606154087
high_rate_tail,Baseline,300,MAP_same_minus_opposite_cosine,3976,0.06905779784375976
high_rate_tail,Baseline,300,MAP_same_minus_opposite_cosine,3978,0.058465391397476196
high_rate_tail,Baseline,300,MAP_same_minus_opposite_cosine,3985,0.01588729001355893
high_rate_tail,Baseline,300,MAP_same_minus_opposite_cosine,4016,-0.08057145277659095
high_rate_tail,Baseline,300,MAP_same_minus_opposite_cosine,4080,-0.01101405196117633
high_rate_tail,Baseline,300,MAP_same_minus_opposite_cosine,4293,-0.04449647615353258
high_rate_tail,Baseline,300,MAP_same_minus_opposite_cosine,4312,0.032591094573338864
high_rate_tail,Baseline,300,MAP_same_minus_opposite_cosine,4529,0.05756153414646781
high_rate_tail,Baseline,300,MAP_same_minus_opposite_cosine,4540,-0.05168536719348693
high_rate_tail,Baseline,300,MAP_same_minus_opposite_cosine,4638,-0.004985034465789795
high_rate_tail,Baseline,300,MAP_same_minus_opposite_cosine,4686,-0.018802444140116448
high_rate_tail,Baseline,300,MAP_same_minus_opposite_cosine,4821,0.0243799090385437
high_rate_tail,Baseline,300,MAP_same_minus_opposite_cosine,4865,-0.023865383532312157
high_rate_tail,Baseline,300,MAP_same_minus_opposite_cosine,4944,0.03396606761397736
high_rate_tail,Baseline,300,MAP_same_minus_opposite_cosine,5309,-0.055748579402764564
high_rate_tail,Baseline,300,MAP_same_minus_opposite_cosine,5377,-0.016830037037531498
high_rate_tail,Baseline,300,MAP_same_minus_opposite_cosine,5410,-0.05804729258472274
high_rate_tail,Baseline,300,MAP_same_minus_opposite_cosine,5454,0.04285970330238342
high_rate_tail,Baseline,300,MAP_same_minus_opposite_cosine,5516,-0.03681825039287401
high_rate_tail,Baseline,300,MAP_same_minus_opposite_cosine,5600,0.12559021512667334
high_rate_tail,Baseline,300,MAP_same_minus_opposite_cosine,5778,0.025652344338595867
high_rate_tail,Baseline,300,MAP_same_minus_opposite_cosine,5826,-0.007699951032797414
high_rate_tail,Baseline,300,MAP_same_minus_opposite_cosine,5961,0.036748247616218865
high_rate_tail,Baseline,300,MAP_same_minus_opposite_cosine,5989,0.07829060554504397
high_rate_tail,Baseline,300,MAP_same_minus_opposite_cosine,6025,0.031854730844497636
high_rate_tail,Baseline,300,triplet_accuracy,323,0.5
high_rate_tail,Baseline,300,triplet_accuracy,348,0.6
high_rate_tail,Baseline,300,triplet_accuracy,391,0.7
high_rate_tail,Baseline,300,triplet_accuracy,683,0.65
high_rate_tail,Baseline,300,triplet_accuracy,747,0.45
high_rate_tail,Baseline,300,triplet_accuracy,750,0.7
high_rate_tail,Baseline,300,triplet_accuracy,758,0.5
high_rate_tail,Baseline,300,triplet_accuracy,843,0.4
high_rate_tail,Baseline,300,triplet_accuracy,967,0.5
high_rate_tail,Baseline,300,triplet_accuracy,1092,0.4
high_rate_tail,Baseline,300,triplet_accuracy,1193,0.7
high_rate_tail,Baseline,300,triplet_accuracy,1335,0.65
high_rate_tail,Baseline,300,triplet_accuracy,1480,0.75
high_rate_tail,Baseline,300,triplet_accuracy,1566,0.55
high_rate_tail,Baseline,300,triplet_accuracy,1839,0.55
high_rate_tail,Baseline,300,triplet_accuracy,1943,0.4
high_rate_tail,Baseline,300,triplet_accuracy,2005,0.6
high_rate_tail,Baseline,300,triplet_accuracy,2048,0.5
high_rate_tail,Baseline,300,triplet_accuracy,2173,0.5
high_rate_tail,Baseline,300,triplet_accuracy,2263,0.55
high_rate_tail,Baseline,300,triplet_accuracy,2303,0.4
high_rate_tail,Baseline,300,triplet_accuracy,2308,0.5
high_rate_tail,Baseline,300,triplet_accuracy,2347,0.45
high_rate_tail,Baseline,300,triplet_accuracy,2361,0.65
high_rate_tail,Baseline,300,triplet_accuracy,2567,0.7
high_rate_tail,Baseline,300,triplet_accuracy,2943,0.6
high_rate_tail,Baseline,300,triplet_accuracy,2988,0.9
high_rate_tail,Baseline,300,triplet_accuracy,3261,0.65
high_rate_tail,Baseline,300,triplet_accuracy,3354,0.75
high_rate_tail,Baseline,300,triplet_accuracy,3525,0.55
high_rate_tail,Baseline,300,triplet_accuracy,3569,0.6
high_rate_tail,Baseline,300,triplet_accuracy,3593,0.5
high_rate_tail,Baseline,300,triplet_accuracy,3768,0.7
high_rate_tail,Baseline,300,triplet_accuracy,3852,0.75
high_rate_tail,Baseline,300,triplet_accuracy,3967,0.6
high_rate_tail,Baseline,300,triplet_accuracy,3978,0.5
high_rate_tail,Baseline,300,triplet_accuracy,3985,0.7
high_rate_tail,Baseline,300,triplet_accuracy,4016,0.6
high_rate_tail,Baseline,300,triplet_accuracy,4293,0.55
high_rate_tail,Baseline,300,triplet_accuracy,4312,0.6
high_rate_tail,Baseline,300,triplet_accuracy,4529,0.6
high_rate_tail,Baseline,300,triplet_accuracy,4540,0.45
high_rate_tail,Baseline,300,triplet_accuracy,4686,0.65
high_rate_tail,Baseline,300,triplet_accuracy,4821,0.5
high_rate_tail,Baseline,300,triplet_accuracy,4865,0.65
high_rate_tail,Baseline,300,triplet_accuracy,4944,0.45
high_rate_tail,Baseline,300,triplet_accuracy,5309,0.45
high_rate_tail,Baseline,300,triplet_accuracy,5377,0.5
high_rate_tail,Baseline,300,triplet_accuracy,5410,0.55
high_rate_tail,Baseline,300,triplet_accuracy,5454,0.45
high_rate_tail,Baseline,300,triplet_accuracy,5516,0.55
high_rate_tail,Baseline,300,triplet_accuracy,5600,0.6
high_rate_tail,Baseline,300,triplet_accuracy,5778,0.5
high_rate_tail,Baseline,300,triplet_accuracy,5989,0.55
high_rate_tail,Baseline,300,triplet_accuracy,6025,0.6
non_tail,Baseline,300,BIS_same_minus_opposite_cosine,105,0.013490361471970802
non_tail,Baseline,300,BIS_same_minus_opposite_cosine,323,0.13452543483840096
non_tail,Baseline,300,BIS_same_minus_opposite_cosine,348,-0.023196786642074585
non_tail,Baseline,300,BIS_same_minus_opposite_cosine,391,0.0980198373397192
non_tail,Baseline,300,BIS_same_minus_opposite_cosine,683,-0.031023172247740982
non_tail,Baseline,300,BIS_same_minus_opposite_cosine,747,-0.022456037953044516
non_tail,Baseline,300,BIS_same_minus_opposite_cosine,750,0.03574213716718877
non_tail,Baseline,300,BIS_same_minus_opposite_cosine,758,0.04771243532498681
non_tail,Baseline,300,BIS_same_minus_opposite_cosine,843,0.06384819018698873
non_tail,Baseline,300,BIS_same_minus_opposite_cosine,877,0.08168294167879864
non_tail,Baseline,300,BIS_same_minus_opposite_cosine,926,0.06961881369352341
non_tail,Baseline,300,BIS_same_minus_opposite_cosine,967,-0.1097095280885696
non_tail,Baseline,300,BIS_same_minus_opposite_cosine,992,-0.12407939858508832
non_tail,Baseline,300,BIS_same_minus_opposite_cosine,1014,0.003961374362309811
non_tail,Baseline,300,BIS_same_minus_opposite_cosine,1092,-0.08933781584103906
non_tail,Baseline,300,BIS_same_minus_opposite_cosine,1193,0.23353451117873192
non_tail,Baseline,300,BIS_same_minus_opposite_cosine,1308,0.10483913975102566
non_tail,Baseline,300,BIS_same_minus_opposite_cosine,1335,-0.024211810694800495
non_tail,Baseline,300,BIS_same_minus_opposite_cosine,1480,-0.034767429033915165
non_tail,Baseline,300,BIS_same_minus_opposite_cosine,1566,0.04806352000344882
non_tail,Baseline,300,BIS_same_minus_opposite_cosine,1636,0.09500015797940164
non_tail,Baseline,300,BIS_same_minus_opposite_cosine,1644,0.02510413617798779
non_tail,Baseline,300,BIS_same_minus_opposite_cosine,1839,0.19131773710250854
non_tail,Baseline,300,BIS_same_minus_opposite_cosine,1943,-0.11162981713811548
non_tail,Baseline,300,BIS_same_minus_opposite_cosine,2005,0.01731373334214803
non_tail,Baseline,300,BIS_same_minus_opposite_cosine,2048,-0.038078189889589886
non_tail,Baseline,300,BIS_same_minus_opposite_cosine,2173,0.020217452085379395
non_tail,Baseline,300,BIS_same_minus_opposite_cosine,2263,-0.04932077632596099
non_tail,Baseline,300,BIS_same_minus_opposite_cosine,2303,-0.07027543584505713
non_tail,Baseline,300,BIS_same_minus_opposite_cosine,2308,0.15912748767683899
non_tail,Baseline,300,BIS_same_minus_opposite_cosine,2347,0.04637123644351959
non_tail,Baseline,300,BIS_same_minus_opposite_cosine,2361,0.03718009864290561
non_tail,Baseline,300,BIS_same_minus_opposite_cosine,2567,0.07316813531021271
non_tail,Baseline,300,BIS_same_minus_opposite_cosine,2900,0.091109873726964
non_tail,Baseline,300,BIS_same_minus_opposite_cosine,2943,0.04938352902730314
non_tail,Baseline,300,BIS_same_minus_opposite_cosine,2946,0.0018242041269938003
non_tail,Baseline,300,BIS_same_minus_opposite_cosine,2988,-0.029473320643107037
non_tail,Baseline,300,BIS_same_minus_opposite_cosine,3261,0.026012996832529778
non_tail,Baseline,300,BIS_same_minus_opposite_cosine,3354,0.0163020292917887
non_tail,Baseline,300,BIS_same_minus_opposite_cosine,3387,0.10683704912662506
non_tail,Baseline,300,BIS_same_minus_opposite_cosine,3485,-0.011978394573643025
non_tail,Baseline,300,BIS_same_minus_opposite_cosine,3525,0.02114471491603631
non_tail,Baseline,300,BIS_same_minus_opposite_cosine,3569,0.05419669879807365
non_tail,Baseline,300,BIS_same_minus_opposite_cosine,3593,0.0721407334009806
non_tail,Baseline,300,BIS_same_minus_opposite_cosine,3613,0.21978576729695004
non_tail,Baseline,300,BIS_same_minus_opposite_cosine,3764,-0.03092804957519879
non_tail,Baseline,300,BIS_same_minus_opposite_cosine,3768,0.13099971052372095
non_tail,Baseline,300,BIS_same_minus_opposite_cosine,3852,0.05333000421524048
non_tail,Baseline,300,BIS_same_minus_opposite_cosine,3967,0.0003103410204251533
non_tail,Baseline,300,BIS_same_minus_opposite_cosine,3976,-0.13735635719741834
non_tail,Baseline,300,BIS_same_minus_opposite_cosine,3978,0.06054702897866571
non_tail,Baseline,300,BIS_same_minus_opposite_cosine,3985,0.04098943993449211
non_tail,Baseline,300,BIS_same_minus_opposite_cosine,4016,0.061023399233818054
non_tail,Baseline,300,BIS_same_minus_opposite_cosine,4080,0.017341287599669575
non_tail,Baseline,300,BIS_same_minus_opposite_cosine,4293,0.028173260390758514
non_tail,Baseline,300,BIS_same_minus_opposite_cosine,4312,0.07485227065072175
non_tail,Baseline,300,BIS_same_minus_opposite_cosine,4529,-0.04094155381123221
non_tail,Baseline,300,BIS_same_minus_opposite_cosine,4540,0.0015346437692642656
non_tail,Baseline,300,BIS_same_minus_opposite_cosine,4638,0.03041206962532461
non_tail,Baseline,300,BIS_same_minus_opposite_cosine,4686,-0.07837909256870101
non_tail,Baseline,300,BIS_same_minus_opposite_cosine,4821,0.01289506951967867
non_tail,Baseline,300,BIS_same_minus_opposite_cosine,4865,0.051475579043229414
non_tail,Baseline,300,BIS_same_minus_opposite_cosine,4944,0.12116400235229063
non_tail,Baseline,300,BIS_same_minus_opposite_cosine,5309,-0.07963788509368896
non_tail,Baseline,300,BIS_same_minus_opposite_cosine,5377,0.05912650624910987
non_tail,Baseline,300,BIS_same_minus_opposite_cosine,5410,0.0006991922855377197
non_tail,Baseline,300,BIS_same_minus_opposite_cosine,5454,0.0762176930904388
non_tail,Baseline,300,BIS_same_minus_opposite_cosine,5516,-0.007500739485928554
non_tail,Baseline,300,BIS_same_minus_opposite_cosine,5600,0.1753112946947415
non_tail,Baseline,300,BIS_same_minus_opposite_cosine,5778,0.07737294336160028
non_tail,Baseline,300,BIS_same_minus_opposite_cosine,5826,0.1373903676867485
non_tail,Baseline,300,BIS_same_minus_opposite_cosine,5961,0.07751557106773055
non_tail,Baseline,300,BIS_same_minus_opposite_cosine,5989,0.007963462760954165
non_tail,Baseline,300,BIS_same_minus_opposite_cosine,6025,0.18184382965167367
non_tail,Baseline,300,MAP_same_minus_opposite_cosine,105,-0.0235090721398592
non_tail,Baseline,300,MAP_same_minus_opposite_cosine,323,-0.04610697304209077
non_tail,Baseline,300,MAP_same_minus_opposite_cosine,348,0.014176407953103376
non_tail,Baseline,300,MAP_same_minus_opposite_cosine,391,-0.013564957181612658
non_tail,Baseline,300,MAP_same_minus_opposite_cosine,683,0.040660418570041656
non_tail,Baseline,300,MAP_same_minus_opposite_cosine,747,0.009725948513457316
non_tail,Baseline,300,MAP_same_minus_opposite_cosine,750,0.05972902874151864
non_tail,Baseline,300,MAP_same_minus_opposite_cosine,758,0.09485604081835064
non_tail,Baseline,300,MAP_same_minus_opposite_cosine,843,0.04492122431596124
non_tail,Baseline,300,MAP_same_minus_opposite_cosine,877,0.005606842537720924
non_tail,Baseline,300,MAP_same_minus_opposite_cosine,926,0.018770744854753718
non_tail,Baseline,300,MAP_same_minus_opposite_cosine,967,-0.2561259701791586
non_tail,Baseline,300,MAP_same_minus_opposite_cosine,992,-0.06964633216460547
non_tail,Baseline,300,MAP_same_minus_opposite_cosine,1014,0.03572478062576723
non_tail,Baseline,300,MAP_same_minus_opposite_cosine,1092,-0.03702004899581279
non_tail,Baseline,300,MAP_same_minus_opposite_cosine,1193,0.2475216227273146
non_tail,Baseline,300,MAP_same_minus_opposite_cosine,1308,-0.04913491060336439
non_tail,Baseline,300,MAP_same_minus_opposite_cosine,1335,0.08424110639662963
non_tail,Baseline,300,MAP_same_minus_opposite_cosine,1480,-0.03380594278375304
non_tail,Baseline,300,MAP_same_minus_opposite_cosine,1566,-0.1092247693311601
non_tail,Baseline,300,MAP_same_minus_opposite_cosine,1636,-0.057486232031475404
non_tail,Baseline,300,MAP_same_minus_opposite_cosine,1644,-0.015499584376811981
non_tail,Baseline,300,MAP_same_minus_opposite_cosine,1839,-0.06237335909496655
non_tail,Baseline,300,MAP_same_minus_opposite_cosine,1943,-0.06596790112200246
non_tail,Baseline,300,MAP_same_minus_opposite_cosine,2005,0.05076406139767531
non_tail,Baseline,300,MAP_same_minus_opposite_cosine,2048,0.14980781575044
non_tail,Baseline,300,MAP_same_minus_opposite_cosine,2173,0.0039056042830148963
non_tail,Baseline,300,MAP_same_minus_opposite_cosine,2263,-0.027428316573302025
non_tail,Baseline,300,MAP_same_minus_opposite_cosine,2303,-0.10470193979286013
non_tail,Baseline,300,MAP_same_minus_opposite_cosine,2308,-0.08719954341650005
non_tail,Baseline,300,MAP_same_minus_opposite_cosine,2347,-0.007816095650196031
non_tail,Baseline,300,MAP_same_minus_opposite_cosine,2361,0.011764016534600907
non_tail,Baseline,300,MAP_same_minus_opposite_cosine,2567,0.07389934485157335
non_tail,Baseline,300,MAP_same_minus_opposite_cosine,2900,-0.08956655661265056
non_tail,Baseline,300,MAP_same_minus_opposite_cosine,2943,-0.029389224720723695
non_tail,Baseline,300,MAP_same_minus_opposite_cosine,2946,-0.03344573378562932
non_tail,Baseline,300,MAP_same_minus_opposite_cosine,2988,0.04516758160157641
non_tail,Baseline,300,MAP_same_minus_opposite_cosine,3261,-0.04392079586784037
non_tail,Baseline,300,MAP_same_minus_opposite_cosine,3354,-0.0348743459943569
non_tail,Baseline,300,MAP_same_minus_opposite_cosine,3387,0.10007971711456776
non_tail,Baseline,300,MAP_same_minus_opposite_cosine,3485,0.1705502503448062
non_tail,Baseline,300,MAP_same_minus_opposite_cosine,3525,-0.06422376135985064
non_tail,Baseline,300,MAP_same_minus_opposite_cosine,3569,0.05028617065964325
non_tail,Baseline,300,MAP_same_minus_opposite_cosine,3593,-0.07423356796304381
non_tail,Baseline,300,MAP_same_minus_opposite_cosine,3613,0.1511272307899264
non_tail,Baseline,300,MAP_same_minus_opposite_cosine,3764,0.043104795614878344
non_tail,Baseline,300,MAP_same_minus_opposite_cosine,3768,-0.011007918914159198
non_tail,Baseline,300,MAP_same_minus_opposite_cosine,3852,-0.045717756179246005
non_tail,Baseline,300,MAP_same_minus_opposite_cosine,3967,-0.08616245620780516
non_tail,Baseline,300,MAP_same_minus_opposite_cosine,3976,0.09052320967117944
non_tail,Baseline,300,MAP_same_minus_opposite_cosine,3978,-0.02865980979469085
non_tail,Baseline,300,MAP_same_minus_opposite_cosine,3985,0.03914358715216315
non_tail,Baseline,300,MAP_same_minus_opposite_cosine,4016,0.04904692992568016
non_tail,Baseline,300,MAP_same_minus_opposite_cosine,4080,0.07237732782959938
non_tail,Baseline,300,MAP_same_minus_opposite_cosine,4293,0.004986091620392319
non_tail,Baseline,300,MAP_same_minus_opposite_cosine,4312,-0.13560652919113636
non_tail,Baseline,300,MAP_same_minus_opposite_cosine,4529,-0.04776085235855798
non_tail,Baseline,300,MAP_same_minus_opposite_cosine,4540,-0.010885653396447426
non_tail,Baseline,300,MAP_same_minus_opposite_cosine,4638,-0.037110435962677046
non_tail,Baseline,300,MAP_same_minus_opposite_cosine,4686,-0.03136588362130255
non_tail,Baseline,300,MAP_same_minus_opposite_cosine,4821,-0.028031503160794613
non_tail,Baseline,300,MAP_same_minus_opposite_cosine,4865,0.10342466210325563
non_tail,Baseline,300,MAP_same_minus_opposite_cosine,4944,-0.1157866561164459
non_tail,Baseline,300,MAP_same_minus_opposite_cosine,5309,-0.05389696707328162
non_tail,Baseline,300,MAP_same_minus_opposite_cosine,5377,-0.017999375505106774
non_tail,Baseline,300,MAP_same_minus_opposite_cosine,5410,0.006665165225664738
non_tail,Baseline,300,MAP_same_minus_opposite_cosine,5454,-0.021765854623582714
non_tail,Baseline,300,MAP_same_minus_opposite_cosine,5516,-0.18816770771236135
non_tail,Baseline,300,MAP_same_minus_opposite_cosine,5600,-0.01722734007570481
non_tail,Baseline,300,MAP_same_minus_opposite_cosine,5778,0.09333948629597821
non_tail,Baseline,300,MAP_same_minus_opposite_cosine,5826,0.04750031492475315
non_tail,Baseline,300,MAP_same_minus_opposite_cosine,5961,0.09267298049396938
non_tail,Baseline,300,MAP_same_minus_opposite_cosine,5989,-0.06478478386998177
non_tail,Baseline,300,MAP_same_minus_opposite_cosine,6025,-0.05262984633445744
non_tail,Baseline,300,triplet_accuracy,323,0.55
non_tail,Baseline,300,triplet_accuracy,348,0.3
non_tail,Baseline,300,triplet_accuracy,391,0.5
non_tail,Baseline,300,triplet_accuracy,683,0.45
non_tail,Baseline,300,triplet_accuracy,747,0.55
non_tail,Baseline,300,triplet_accuracy,750,0.6
non_tail,Baseline,300,triplet_accuracy,758,0.65
non_tail,Baseline,300,triplet_accuracy,843,0.35
non_tail,Baseline,300,triplet_accuracy,967,0.6
non_tail,Baseline,300,triplet_accuracy,1014,0.8
non_tail,Baseline,300,triplet_accuracy,1092,0.6
non_tail,Baseline,300,triplet_accuracy,1193,0.3
non_tail,Baseline,300,triplet_accuracy,1335,0.6
non_tail,Baseline,300,triplet_accuracy,1480,0.8
non_tail,Baseline,300,triplet_accuracy,1566,0.5
non_tail,Baseline,300,triplet_accuracy,1839,0.55
non_tail,Baseline,300,triplet_accuracy,1943,0.75
non_tail,Baseline,300,triplet_accuracy,2005,0.6
non_tail,Baseline,300,triplet_accuracy,2048,0.5
non_tail,Baseline,300,triplet_accuracy,2173,0.6
non_tail,Baseline,300,triplet_accuracy,2263,0.4
non_tail,Baseline,300,triplet_accuracy,2303,0.5
non_tail,Baseline,300,triplet_accuracy,2308,0.35
non_tail,Baseline,300,triplet_accuracy,2347,0.5
non_tail,Baseline,300,triplet_accuracy,2361,0.8
non_tail,Baseline,300,triplet_accuracy,2567,0.45
non_tail,Baseline,300,triplet_accuracy,2943,0.6
non_tail,Baseline,300,triplet_accuracy,2988,0.55
non_tail,Baseline,300,triplet_accuracy,3261,0.75
non_tail,Baseline,300,triplet_accuracy,3354,0.6
non_tail,Baseline,300,triplet_accuracy,3525,0.75
non_tail,Baseline,300,triplet_accuracy,3569,0.5
non_tail,Baseline,300,triplet_accuracy,3593,0.55
non_tail,Baseline,300,triplet_accuracy,3768,0.75
non_tail,Baseline,300,triplet_accuracy,3852,0.65
non_tail,Baseline,300,triplet_accuracy,3967,0.55
non_tail,Baseline,300,triplet_accuracy,3978,0.2
non_tail,Baseline,300,triplet_accuracy,3985,0.6
non_tail,Baseline,300,triplet_accuracy,4016,0.6
non_tail,Baseline,300,triplet_accuracy,4293,0.4
non_tail,Baseline,300,triplet_accuracy,4312,0.6
non_tail,Baseline,300,triplet_accuracy,4529,0.55
non_tail,Baseline,300,triplet_accuracy,4540,0.5
non_tail,Baseline,300,triplet_accuracy,4686,0.45
non_tail,Baseline,300,triplet_accuracy,4821,0.65
non_tail,Baseline,300,triplet_accuracy,4865,0.6
non_tail,Baseline,300,triplet_accuracy,4944,0.6
non_tail,Baseline,300,triplet_accuracy,5309,0.5
non_tail,Baseline,300,triplet_accuracy,5377,0.45
non_tail,Baseline,300,triplet_accuracy,5410,0.25
non_tail,Baseline,300,triplet_accuracy,5454,0.55
non_tail,Baseline,300,triplet_accuracy,5516,0.65
non_tail,Baseline,300,triplet_accuracy,5600,0.5
non_tail,Baseline,300,triplet_accuracy,5778,0.65
non_tail,Baseline,300,triplet_accuracy,5989,0.45
non_tail,Baseline,300,triplet_accuracy,6025,0.4
overall,State-Grounded,30,BIS_same_minus_opposite_cosine,105,0.020520435290775074
overall,State-Grounded,30,BIS_same_minus_opposite_cosine,323,-0.09430338342984512
overall,State-Grounded,30,BIS_same_minus_opposite_cosine,348,0.005289710760116639
overall,State-Grounded,30,BIS_same_minus_opposite_cosine,391,0.04786623790860178
overall,State-Grounded,30,BIS_same_minus_opposite_cosine,683,-0.0010414585471153481
overall,State-Grounded,30,BIS_same_minus_opposite_cosine,747,0.04141410191853845
overall,State-Grounded,30,BIS_same_minus_opposite_cosine,750,0.09631254117315013
overall,State-Grounded,30,BIS_same_minus_opposite_cosine,758,0.01746656239653621
overall,State-Grounded,30,BIS_same_minus_opposite_cosine,843,-0.013579876224199983
overall,State-Grounded,30,BIS_same_minus_opposite_cosine,877,0.15323397950441753
overall,State-Grounded,30,BIS_same_minus_opposite_cosine,926,-0.059525621930758166
overall,State-Grounded,30,BIS_same_minus_opposite_cosine,967,0.0398006285230319
overall,State-Grounded,30,BIS_same_minus_opposite_cosine,992,0.008680570125579878
overall,State-Grounded,30,BIS_same_minus_opposite_cosine,1014,-0.010194158128329689
overall,State-Grounded,30,BIS_same_minus_opposite_cosine,1092,0.066426630858062
overall,State-Grounded,30,BIS_same_minus_opposite_cosine,1193,0.10284795420510429
overall,State-Grounded,30,BIS_same_minus_opposite_cosine,1308,0.050813680224948476
overall,State-Grounded,30,BIS_same_minus_opposite_cosine,1335,-0.01660665439234832
overall,State-Grounded,30,BIS_same_minus_opposite_cosine,1480,-0.02300198058287306
overall,State-Grounded,30,BIS_same_minus_opposite_cosine,1566,0.04237500766913094
overall,State-Grounded,30,BIS_same_minus_opposite_cosine,1636,0.09372078795463612
overall,State-Grounded,30,BIS_same_minus_opposite_cosine,1644,0.015705598294734946
overall,State-Grounded,30,BIS_same_minus_opposite_cosine,1839,0.11931948456913233
overall,State-Grounded,30,BIS_same_minus_opposite_cosine,1943,0.027640863543465066
overall,State-Grounded,30,BIS_same_minus_opposite_cosine,2005,-0.006574407544655658
overall,State-Grounded,30,BIS_same_minus_opposite_cosine,2048,0.040798786556583644
overall,State-Grounded,30,BIS_same_minus_opposite_cosine,2173,-0.03745108399362784
overall,State-Grounded,30,BIS_same_minus_opposite_cosine,2263,0.10376128579179444
overall,State-Grounded,30,BIS_same_minus_opposite_cosine,2303,0.03297765311123668
overall,State-Grounded,30,BIS_same_minus_opposite_cosine,2308,0.03262848356795134
overall,State-Grounded,30,BIS_same_minus_opposite_cosine,2347,0.06330015662757826
overall,State-Grounded,30,BIS_same_minus_opposite_cosine,2361,-0.0396667130646251
overall,State-Grounded,30,BIS_same_minus_opposite_cosine,2567,0.07679570369804523
overall,State-Grounded,30,BIS_same_minus_opposite_cosine,2900,0.016040314350164286
overall,State-Grounded,30,BIS_same_minus_opposite_cosine,2943,0.0031896064678827996
overall,State-Grounded,30,BIS_same_minus_opposite_cosine,2946,-0.025051340858141535
overall,State-Grounded,30,BIS_same_minus_opposite_cosine,2988,0.02068514426549284
overall,State-Grounded,30,BIS_same_minus_opposite_cosine,3261,-0.005609045525391876
overall,State-Grounded,30,BIS_same_minus_opposite_cosine,3354,-0.03099068174207653
overall,State-Grounded,30,BIS_same_minus_opposite_cosine,3387,0.034578869640827126
overall,State-Grounded,30,BIS_same_minus_opposite_cosine,3485,0.10260275298108656
overall,State-Grounded,30,BIS_same_minus_opposite_cosine,3525,0.03743523216765865
overall,State-Grounded,30,BIS_same_minus_opposite_cosine,3569,-0.04505548190612052
overall,State-Grounded,30,BIS_same_minus_opposite_cosine,3593,0.08911033126345858
overall,State-Grounded,30,BIS_same_minus_opposite_cosine,3613,0.053011867274408764
overall,State-Grounded,30,BIS_same_minus_opposite_cosine,3764,0.09091055373350776
overall,State-Grounded,30,BIS_same_minus_opposite_cosine,3768,0.005598082145055083
overall,State-Grounded,30,BIS_same_minus_opposite_cosine,3852,0.08485668352208087
overall,State-Grounded,30,BIS_same_minus_opposite_cosine,3967,0.06603977887526802
overall,State-Grounded,30,BIS_same_minus_opposite_cosine,3976,-0.022477564826989704
overall,State-Grounded,30,BIS_same_minus_opposite_cosine,3978,0.09729148373007779
overall,State-Grounded,30,BIS_same_minus_opposite_cosine,3985,-0.0901956884066264
overall,State-Grounded,30,BIS_same_minus_opposite_cosine,4016,-0.07736382890438687
overall,State-Grounded,30,BIS_same_minus_opposite_cosine,4080,-0.01674388787812664
overall,State-Grounded,30,BIS_same_minus_opposite_cosine,4293,-0.01734695095154981
overall,State-Grounded,30,BIS_same_minus_opposite_cosine,4312,0.04931714340592874
overall,State-Grounded,30,BIS_same_minus_opposite_cosine,4529,0.05199008058933985
overall,State-Grounded,30,BIS_same_minus_opposite_cosine,4540,-0.00649509664737824
overall,State-Grounded,30,BIS_same_minus_opposite_cosine,4638,0.05755807959485326
overall,State-Grounded,30,BIS_same_minus_opposite_cosine,4686,-0.027930171482073995
overall,State-Grounded,30,BIS_same_minus_opposite_cosine,4821,0.020471488397855064
overall,State-Grounded,30,BIS_same_minus_opposite_cosine,4865,0.01943562686443323
overall,State-Grounded,30,BIS_same_minus_opposite_cosine,4944,-0.008895097396991902
overall,State-Grounded,30,BIS_same_minus_opposite_cosine,5309,0.0907196153093267
overall,State-Grounded,30,BIS_same_minus_opposite_cosine,5377,-0.08074312696854269
overall,State-Grounded,30,BIS_same_minus_opposite_cosine,5410,-0.04054803512990468
overall,State-Grounded,30,BIS_same_minus_opposite_cosine,5454,-0.05565941736102098
overall,State-Grounded,30,BIS_same_minus_opposite_cosine,5516,-0.03559043197960088
overall,State-Grounded,30,BIS_same_minus_opposite_cosine,5600,0.029358322918415114
overall,State-Grounded,30,BIS_same_minus_opposite_cosine,5778,0.03056621551513672
overall,State-Grounded,30,BIS_same_minus_opposite_cosine,5826,-0.033396418293317076
overall,State-Grounded,30,BIS_same_minus_opposite_cosine,5961,0.01718049275152611
overall,State-Grounded,30,BIS_same_minus_opposite_cosine,5989,0.0011631067248358828
overall,State-Grounded,30,BIS_same_minus_opposite_cosine,6025,0.012963696028150284
overall,State-Grounded,30,MAP_same_minus_opposite_cosine,105,0.025316025192538838
overall,State-Grounded,30,MAP_same_minus_opposite_cosine,323,-0.040872694551944755
overall,State-Grounded,30,MAP_same_minus_opposite_cosine,348,-0.04200805375973393
overall,State-Grounded,30,MAP_same_minus_opposite_cosine,391,0.03430854429801311
overall,State-Grounded,30,MAP_same_minus_opposite_cosine,683,-0.033386016388734174
overall,State-Grounded,30,MAP_same_minus_opposite_cosine,747,0.02051602055629087
overall,State-Grounded,30,MAP_same_minus_opposite_cosine,750,0.023292156308889367
overall,State-Grounded,30,MAP_same_minus_opposite_cosine,758,0.030712207158406613
overall,State-Grounded,30,MAP_same_minus_opposite_cosine,843,0.0035238364090521834
overall,State-Grounded,30,MAP_same_minus_opposite_cosine,877,-0.08538741370042169
overall,State-Grounded,30,MAP_same_minus_opposite_cosine,926,-0.009483880052963856
overall,State-Grounded,30,MAP_same_minus_opposite_cosine,967,0.04500134587287907
overall,State-Grounded,30,MAP_same_minus_opposite_cosine,992,0.015765297909577702
overall,State-Grounded,30,MAP_same_minus_opposite_cosine,1014,0.05458331033587449
overall,State-Grounded,30,MAP_same_minus_opposite_cosine,1092,0.008204257984956165
overall,State-Grounded,30,MAP_same_minus_opposite_cosine,1193,-0.04816673969229068
overall,State-Grounded,30,MAP_same_minus_opposite_cosine,1308,-0.01793575386206303
overall,State-Grounded,30,MAP_same_minus_opposite_cosine,1335,-0.03522403140862784
overall,State-Grounded,30,MAP_same_minus_opposite_cosine,1480,-0.04426965117454529
overall,State-Grounded,30,MAP_same_minus_opposite_cosine,1566,0.033944759517908096
overall,State-Grounded,30,MAP_same_minus_opposite_cosine,1636,0.07156908065080636
overall,State-Grounded,30,MAP_same_minus_opposite_cosine,1644,-0.02159926096598308
overall,State-Grounded,30,MAP_same_minus_opposite_cosine,1839,-0.007640087107817384
overall,State-Grounded,30,MAP_same_minus_opposite_cosine,1943,-0.034160057703653934
overall,State-Grounded,30,MAP_same_minus_opposite_cosine,2005,0.01866911003986993
overall,State-Grounded,30,MAP_same_minus_opposite_cosine,2048,0.024097525080045035
overall,State-Grounded,30,MAP_same_minus_opposite_cosine,2173,0.008042188485463453
overall,State-Grounded,30,MAP_same_minus_opposite_cosine,2263,-0.01481773182749746
overall,State-Grounded,30,MAP_same_minus_opposite_cosine,2303,-0.07553100461761153
overall,State-Grounded,30,MAP_same_minus_opposite_cosine,2308,-0.12382138967514034
overall,State-Grounded,30,MAP_same_minus_opposite_cosine,2347,0.02752400860190385
overall,State-Grounded,30,MAP_same_minus_opposite_cosine,2361,-0.0588520082334677
overall,State-Grounded,30,MAP_same_minus_opposite_cosine,2567,-0.002563401684165023
overall,State-Grounded,30,MAP_same_minus_opposite_cosine,2900,0.040067418416341094
overall,State-Grounded,30,MAP_same_minus_opposite_cosine,2943,0.018292574087778735
overall,State-Grounded,30,MAP_same_minus_opposite_cosine,2946,0.09595656668146446
overall,State-Grounded,30,MAP_same_minus_opposite_cosine,2988,0.004370618859926845
overall,State-Grounded,30,MAP_same_minus_opposite_cosine,3261,0.007746900773296761
overall,State-Grounded,30,MAP_same_minus_opposite_cosine,3354,0.009714676936467437
overall,State-Grounded,30,MAP_same_minus_opposite_cosine,3387,-0.010393768548965454
overall,State-Grounded,30,MAP_same_minus_opposite_cosine,3485,-0.038968839248021414
overall,State-Grounded,30,MAP_same_minus_opposite_cosine,3525,-0.02859879632790885
overall,State-Grounded,30,MAP_same_minus_opposite_cosine,3569,0.05915569464365644
overall,State-Grounded,30,MAP_same_minus_opposite_cosine,3593,0.014157289266586326
overall,State-Grounded,30,MAP_same_minus_opposite_cosine,3613,-0.04509894003470738
overall,State-Grounded,30,MAP_same_minus_opposite_cosine,3764,0.06285676012436547
overall,State-Grounded,30,MAP_same_minus_opposite_cosine,3768,0.03883099009593327
overall,State-Grounded,30,MAP_same_minus_opposite_cosine,3852,-0.013907351096471121
overall,State-Grounded,30,MAP_same_minus_opposite_cosine,3967,0.01954748531182615
overall,State-Grounded,30,MAP_same_minus_opposite_cosine,3976,0.054998260239760066
overall,State-Grounded,30,MAP_same_minus_opposite_cosine,3978,-0.02271845738093059
overall,State-Grounded,30,MAP_same_minus_opposite_cosine,3985,-0.0645701001087825
overall,State-Grounded,30,MAP_same_minus_opposite_cosine,4016,-0.03257027268409729
overall,State-Grounded,30,MAP_same_minus_opposite_cosine,4080,-0.03171482930580782
overall,State-Grounded,30,MAP_same_minus_opposite_cosine,4293,-0.04839529357850558
overall,State-Grounded,30,MAP_same_minus_opposite_cosine,4312,0.04957103083531067
overall,State-Grounded,30,MAP_same_minus_opposite_cosine,4529,0.008697714408238744
overall,State-Grounded,30,MAP_same_minus_opposite_cosine,4540,-0.027820511162281125
overall,State-Grounded,30,MAP_same_minus_opposite_cosine,4638,-0.012730544805526711
overall,State-Grounded,30,MAP_same_minus_opposite_cosine,4686,-0.013072799642880661
overall,State-Grounded,30,MAP_same_minus_opposite_cosine,4821,-0.04821662555138262
overall,State-Grounded,30,MAP_same_minus_opposite_cosine,4865,-0.07364560117324204
overall,State-Grounded,30,MAP_same_minus_opposite_cosine,4944,-0.0032140930493672615
overall,State-Grounded,30,MAP_same_minus_opposite_cosine,5309,0.010354157288869126
overall,State-Grounded,30,MAP_same_minus_opposite_cosine,5377,0.012564698855082157
overall,State-Grounded,30,MAP_same_minus_opposite_cosine,5410,0.0212578440705935
overall,State-Grounded,30,MAP_same_minus_opposite_cosine,5454,-0.0034329531093438836
overall,State-Grounded,30,MAP_same_minus_opposite_cosine,5516,0.0426451712846756
overall,State-Grounded,30,MAP_same_minus_opposite_cosine,5600,-0.06756509244441988
overall,State-Grounded,30,MAP_same_minus_opposite_cosine,5778,0.016599534451961495
overall,State-Grounded,30,MAP_same_minus_opposite_cosine,5826,0.006100898484388995
overall,State-Grounded,30,MAP_same_minus_opposite_cosine,5961,-0.020420981943607308
overall,State-Grounded,30,MAP_same_minus_opposite_cosine,5989,0.05537616486350705
overall,State-Grounded,30,MAP_same_minus_opposite_cosine,6025,-0.019379529356956415
overall,State-Grounded,30,triplet_accuracy,323,0.4166666666666667
overall,State-Grounded,30,triplet_accuracy,348,0.5166666666666667
overall,State-Grounded,30,triplet_accuracy,391,0.45
overall,State-Grounded,30,triplet_accuracy,683,0.45
overall,State-Grounded,30,triplet_accuracy,747,0.55
overall,State-Grounded,30,triplet_accuracy,750,0.5666666666666667
overall,State-Grounded,30,triplet_accuracy,758,0.5833333333333334
overall,State-Grounded,30,triplet_accuracy,843,0.4166666666666667
overall,State-Grounded,30,triplet_accuracy,967,0.38333333333333336
overall,State-Grounded,30,triplet_accuracy,1014,0.65
overall,State-Grounded,30,triplet_accuracy,1092,0.5
overall,State-Grounded,30,triplet_accuracy,1193,0.5833333333333334
overall,State-Grounded,30,triplet_accuracy,1335,0.55
overall,State-Grounded,30,triplet_accuracy,1480,0.5166666666666667
overall,State-Grounded,30,triplet_accuracy,1566,0.48333333333333334
overall,State-Grounded,30,triplet_accuracy,1839,0.4666666666666667
overall,State-Grounded,30,triplet_accuracy,1943,0.5166666666666667
overall,State-Grounded,30,triplet_accuracy,2005,0.5166666666666667
overall,State-Grounded,30,triplet_accuracy,2048,0.5333333333333333
overall,State-Grounded,30,triplet_accuracy,2173,0.4
overall,State-Grounded,30,triplet_accuracy,2263,0.5666666666666667
overall,State-Grounded,30,triplet_accuracy,2303,0.5333333333333333
overall,State-Grounded,30,triplet_accuracy,2308,0.5833333333333334
overall,State-Grounded,30,triplet_accuracy,2347,0.5166666666666667
overall,State-Grounded,30,triplet_accuracy,2361,0.4666666666666667
overall,State-Grounded,30,triplet_accuracy,2567,0.6
overall,State-Grounded,30,triplet_accuracy,2943,0.4666666666666667
overall,State-Grounded,30,triplet_accuracy,2988,0.43333333333333335
overall,State-Grounded,30,triplet_accuracy,3261,0.45
overall,State-Grounded,30,triplet_accuracy,3354,0.5
overall,State-Grounded,30,triplet_accuracy,3525,0.5833333333333334
overall,State-Grounded,30,triplet_accuracy,3569,0.48333333333333334
overall,State-Grounded,30,triplet_accuracy,3593,0.5166666666666667
overall,State-Grounded,30,triplet_accuracy,3768,0.5666666666666667
overall,State-Grounded,30,triplet_accuracy,3852,0.5666666666666667
overall,State-Grounded,30,triplet_accuracy,3967,0.5666666666666667
overall,State-Grounded,30,triplet_accuracy,3978,0.5333333333333333
overall,State-Grounded,30,triplet_accuracy,3985,0.4666666666666667
overall,State-Grounded,30,triplet_accuracy,4016,0.5166666666666667
overall,State-Grounded,30,triplet_accuracy,4293,0.5
overall,State-Grounded,30,triplet_accuracy,4312,0.4666666666666667
overall,State-Grounded,30,triplet_accuracy,4529,0.5333333333333333
overall,State-Grounded,30,triplet_accuracy,4540,0.5166666666666667
overall,State-Grounded,30,triplet_accuracy,4686,0.5833333333333334
overall,State-Grounded,30,triplet_accuracy,4821,0.5166666666666667
overall,State-Grounded,30,triplet_accuracy,4865,0.5333333333333333
overall,State-Grounded,30,triplet_accuracy,4944,0.43333333333333335
overall,State-Grounded,30,triplet_accuracy,5309,0.5666666666666667
overall,State-Grounded,30,triplet_accuracy,5377,0.48333333333333334
overall,State-Grounded,30,triplet_accuracy,5410,0.5333333333333333
overall,State-Grounded,30,triplet_accuracy,5454,0.5333333333333333
overall,State-Grounded,30,triplet_accuracy,5516,0.5
overall,State-Grounded,30,triplet_accuracy,5600,0.5666666666666667
overall,State-Grounded,30,triplet_accuracy,5778,0.4666666666666667
overall,State-Grounded,30,triplet_accuracy,5989,0.55
overall,State-Grounded,30,triplet_accuracy,6025,0.5
overall,State-Grounded,60,BIS_same_minus_opposite_cosine,105,0.017190973728131054
overall,State-Grounded,60,BIS_same_minus_opposite_cosine,323,0.01470665191159104
overall,State-Grounded,60,BIS_same_minus_opposite_cosine,348,0.014557434121767687
overall,State-Grounded,60,BIS_same_minus_opposite_cosine,391,-0.010695008245798276
overall,State-Grounded,60,BIS_same_minus_opposite_cosine,683,0.07470332700759175
overall,State-Grounded,60,BIS_same_minus_opposite_cosine,747,0.021961970698265887
overall,State-Grounded,60,BIS_same_minus_opposite_cosine,750,-0.053106036968529224
overall,State-Grounded,60,BIS_same_minus_opposite_cosine,758,0.057201367573461614
overall,State-Grounded,60,BIS_same_minus_opposite_cosine,843,0.07094349009650092
overall,State-Grounded,60,BIS_same_minus_opposite_cosine,877,0.05439690897862115
overall,State-Grounded,60,BIS_same_minus_opposite_cosine,926,0.039083284657934425
overall,State-Grounded,60,BIS_same_minus_opposite_cosine,967,0.012869529331615892
overall,State-Grounded,60,BIS_same_minus_opposite_cosine,992,0.0419336118300756
overall,State-Grounded,60,BIS_same_minus_opposite_cosine,1014,0.007744665719844668
overall,State-Grounded,60,BIS_same_minus_opposite_cosine,1092,-0.010436764449784253
overall,State-Grounded,60,BIS_same_minus_opposite_cosine,1193,0.07984468356677976
overall,State-Grounded,60,BIS_same_minus_opposite_cosine,1308,0.006648776317254135
overall,State-Grounded,60,BIS_same_minus_opposite_cosine,1335,0.04938222407430837
overall,State-Grounded,60,BIS_same_minus_opposite_cosine,1480,0.1199641129568868
overall,State-Grounded,60,BIS_same_minus_opposite_cosine,1566,-0.06427432221394991
overall,State-Grounded,60,BIS_same_minus_opposite_cosine,1636,0.04151162985298362
overall,State-Grounded,60,BIS_same_minus_opposite_cosine,1644,0.05807020542798225
overall,State-Grounded,60,BIS_same_minus_opposite_cosine,1839,-0.0219900052655827
overall,State-Grounded,60,BIS_same_minus_opposite_cosine,1943,0.07163838868339856
overall,State-Grounded,60,BIS_same_minus_opposite_cosine,2005,0.1247425126256766
overall,State-Grounded,60,BIS_same_minus_opposite_cosine,2048,0.004959528582791473
overall,State-Grounded,60,BIS_same_minus_opposite_cosine,2173,0.029593859215577445
overall,State-Grounded,60,BIS_same_minus_opposite_cosine,2263,0.025828092680735937
overall,State-Grounded,60,BIS_same_minus_opposite_cosine,2303,-0.049212807361726396
overall,State-Grounded,60,BIS_same_minus_opposite_cosine,2308,-0.04866789206862454
overall,State-Grounded,60,BIS_same_minus_opposite_cosine,2347,-0.11488059534242856
overall,State-Grounded,60,BIS_same_minus_opposite_cosine,2361,-0.01919635479097015
overall,State-Grounded,60,BIS_same_minus_opposite_cosine,2567,0.015088448444238067
overall,State-Grounded,60,BIS_same_minus_opposite_cosine,2900,0.02956410176826252
overall,State-Grounded,60,BIS_same_minus_opposite_cosine,2943,0.01391484466466042
overall,State-Grounded,60,BIS_same_minus_opposite_cosine,2946,-0.01767287790775307
overall,State-Grounded,60,BIS_same_minus_opposite_cosine,2988,-0.019158773749534563
overall,State-Grounded,60,BIS_same_minus_opposite_cosine,3261,0.03145181994747226
overall,State-Grounded,60,BIS_same_minus_opposite_cosine,3354,0.009220587324213159
overall,State-Grounded,60,BIS_same_minus_opposite_cosine,3387,0.025475774840875043
overall,State-Grounded,60,BIS_same_minus_opposite_cosine,3485,-0.019725319012707354
overall,State-Grounded,60,BIS_same_minus_opposite_cosine,3525,0.013211454753426555
overall,State-Grounded,60,BIS_same_minus_opposite_cosine,3569,-0.049778597056865714
overall,State-Grounded,60,BIS_same_minus_opposite_cosine,3593,-0.036281041304270456
overall,State-Grounded,60,BIS_same_minus_opposite_cosine,3613,-0.021820983787377624
overall,State-Grounded,60,BIS_same_minus_opposite_cosine,3764,0.05093681712945308
overall,State-Grounded,60,BIS_same_minus_opposite_cosine,3768,0.023808113336563075
overall,State-Grounded,60,BIS_same_minus_opposite_cosine,3852,0.028335793870381765
overall,State-Grounded,60,BIS_same_minus_opposite_cosine,3967,0.05420453954434057
overall,State-Grounded,60,BIS_same_minus_opposite_cosine,3976,-0.007136516173680607
overall,State-Grounded,60,BIS_same_minus_opposite_cosine,3978,-0.014220120012760185
overall,State-Grounded,60,BIS_same_minus_opposite_cosine,3985,0.04628196239471438
overall,State-Grounded,60,BIS_same_minus_opposite_cosine,4016,-0.03704022367795301
overall,State-Grounded,60,BIS_same_minus_opposite_cosine,4080,-0.0788562801622209
overall,State-Grounded,60,BIS_same_minus_opposite_cosine,4293,0.005351265134482586
overall,State-Grounded,60,BIS_same_minus_opposite_cosine,4312,0.024636219938596104
overall,State-Grounded,60,BIS_same_minus_opposite_cosine,4529,0.05614914351548905
overall,State-Grounded,60,BIS_same_minus_opposite_cosine,4540,-0.005051833696854358
overall,State-Grounded,60,BIS_same_minus_opposite_cosine,4638,0.01782849967479705
overall,State-Grounded,60,BIS_same_minus_opposite_cosine,4686,0.012815224589445617
overall,State-Grounded,60,BIS_same_minus_opposite_cosine,4821,0.06118704105416939
overall,State-Grounded,60,BIS_same_minus_opposite_cosine,4865,9.158054987590258e-05
overall,State-Grounded,60,BIS_same_minus_opposite_cosine,4944,0.01331880657623219
overall,State-Grounded,60,BIS_same_minus_opposite_cosine,5309,0.005066720755011911
overall,State-Grounded,60,BIS_same_minus_opposite_cosine,5377,-0.0025287163257599055
overall,State-Grounded,60,BIS_same_minus_opposite_cosine,5410,0.07469087665279706
overall,State-Grounded,60,BIS_same_minus_opposite_cosine,5454,0.0002638345536513098
overall,State-Grounded,60,BIS_same_minus_opposite_cosine,5516,0.0051586695529264315
overall,State-Grounded,60,BIS_same_minus_opposite_cosine,5600,-0.0024110361224128907
overall,State-Grounded,60,BIS_same_minus_opposite_cosine,5778,-0.02431852388562583
overall,State-Grounded,60,BIS_same_minus_opposite_cosine,5826,-0.005921057860056478
overall,State-Grounded,60,BIS_same_minus_opposite_cosine,5961,0.011140815507281965
overall,State-Grounded,60,BIS_same_minus_opposite_cosine,5989,0.08319344365078463
overall,State-Grounded,60,BIS_same_minus_opposite_cosine,6025,0.10944967846075693
overall,State-Grounded,60,MAP_same_minus_opposite_cosine,105,-0.020982324828704102
overall,State-Grounded,60,MAP_same_minus_opposite_cosine,323,0.034502460559209136
overall,State-Grounded,60,MAP_same_minus_opposite_cosine,348,-0.007069728771845418
overall,State-Grounded,60,MAP_same_minus_opposite_cosine,391,-0.01717879176139825
overall,State-Grounded,60,MAP_same_minus_opposite_cosine,683,0.02343202879031503
overall,State-Grounded,60,MAP_same_minus_opposite_cosine,747,0.03730715463558831
overall,State-Grounded,60,MAP_same_minus_opposite_cosine,750,-0.0188002972553174
overall,State-Grounded,60,MAP_same_minus_opposite_cosine,758,0.04744700441757843
overall,State-Grounded,60,MAP_same_minus_opposite_cosine,843,0.010218713680903213
overall,State-Grounded,60,MAP_same_minus_opposite_cosine,877,-0.0059945628046989
overall,State-Grounded,60,MAP_same_minus_opposite_cosine,926,-0.004150297244389867
overall,State-Grounded,60,MAP_same_minus_opposite_cosine,967,0.0004704214632510473
overall,State-Grounded,60,MAP_same_minus_opposite_cosine,992,0.03456483681996669
overall,State-Grounded,60,MAP_same_minus_opposite_cosine,1014,-0.03274045288562777
overall,State-Grounded,60,MAP_same_minus_opposite_cosine,1092,-0.07854605019092564
overall,State-Grounded,60,MAP_same_minus_opposite_cosine,1193,-0.06064063087105753
overall,State-Grounded,60,MAP_same_minus_opposite_cosine,1308,0.056833276649316145
overall,State-Grounded,60,MAP_same_minus_opposite_cosine,1335,0.007826305429140756
overall,State-Grounded,60,MAP_same_minus_opposite_cosine,1480,0.0020867884159088135
overall,State-Grounded,60,MAP_same_minus_opposite_cosine,1566,-0.039258953928947515
overall,State-Grounded,60,MAP_same_minus_opposite_cosine,1636,0.05434506448606646
overall,State-Grounded,60,MAP_same_minus_opposite_cosine,1644,-0.03628804286320997
overall,State-Grounded,60,MAP_same_minus_opposite_cosine,1839,0.0020643129944801775
overall,State-Grounded,60,MAP_same_minus_opposite_cosine,1943,-0.03943163504203162
overall,State-Grounded,60,MAP_same_minus_opposite_cosine,2005,-0.026368215431769648
overall,State-Grounded,60,MAP_same_minus_opposite_cosine,2048,0.006709760427474953
overall,State-Grounded,60,MAP_same_minus_opposite_cosine,2173,0.08321447471777599
overall,State-Grounded,60,MAP_same_minus_opposite_cosine,2263,0.02789537136753406
overall,State-Grounded,60,MAP_same_minus_opposite_cosine,2303,-0.027944895625114374
overall,State-Grounded,60,MAP_same_minus_opposite_cosine,2308,-0.060181660205125775
overall,State-Grounded,60,MAP_same_minus_opposite_cosine,2347,0.03825820386409762
overall,State-Grounded,60,MAP_same_minus_opposite_cosine,2361,0.05508367655177915
overall,State-Grounded,60,MAP_same_minus_opposite_cosine,2567,-0.04077253180245555
overall,State-Grounded,60,MAP_same_minus_opposite_cosine,2900,-0.03386458158493044
overall,State-Grounded,60,MAP_same_minus_opposite_cosine,2943,-0.03346587518850963
overall,State-Grounded,60,MAP_same_minus_opposite_cosine,2946,0.019141603509585048
overall,State-Grounded,60,MAP_same_minus_opposite_cosine,2988,0.011411654949188277
overall,State-Grounded,60,MAP_same_minus_opposite_cosine,3261,-0.00300145794947948
overall,State-Grounded,60,MAP_same_minus_opposite_cosine,3354,1.062651475269849e-05
overall,State-Grounded,60,MAP_same_minus_opposite_cosine,3387,0.040394086142380936
overall,State-Grounded,60,MAP_same_minus_opposite_cosine,3485,0.05533049603303275
overall,State-Grounded,60,MAP_same_minus_opposite_cosine,3525,0.021284855405489633
overall,State-Grounded,60,MAP_same_minus_opposite_cosine,3569,-0.024419376874963428
overall,State-Grounded,60,MAP_same_minus_opposite_cosine,3593,-0.010946065684159567
overall,State-Grounded,60,MAP_same_minus_opposite_cosine,3613,0.005191713074843007
overall,State-Grounded,60,MAP_same_minus_opposite_cosine,3764,0.06111389597256989
overall,State-Grounded,60,MAP_same_minus_opposite_cosine,3768,0.008693464597066325
overall,State-Grounded,60,MAP_same_minus_opposite_cosine,3852,-0.026708196600278233
overall,State-Grounded,60,MAP_same_minus_opposite_cosine,3967,0.04187680433193841
overall,State-Grounded,60,MAP_same_minus_opposite_cosine,3976,-0.04187148114045458
overall,State-Grounded,60,MAP_same_minus_opposite_cosine,3978,-0.08543585240840912
overall,State-Grounded,60,MAP_same_minus_opposite_cosine,3985,0.00815638030568766
overall,State-Grounded,60,MAP_same_minus_opposite_cosine,4016,-0.07127944429715483
overall,State-Grounded,60,MAP_same_minus_opposite_cosine,4080,0.031107055147488905
overall,State-Grounded,60,MAP_same_minus_opposite_cosine,4293,0.0021940191586812263
overall,State-Grounded,60,MAP_same_minus_opposite_cosine,4312,0.007126121222972848
overall,State-Grounded,60,MAP_same_minus_opposite_cosine,4529,-0.013612229625384109
overall,State-Grounded,60,MAP_same_minus_opposite_cosine,4540,-0.02875487804412835
overall,State-Grounded,60,MAP_same_minus_opposite_cosine,4638,-0.0426014294226964
overall,State-Grounded,60,MAP_same_minus_opposite_cosine,4686,-0.03153317073980966
overall,State-Grounded,60,MAP_same_minus_opposite_cosine,4821,0.013952653606732701
overall,State-Grounded,60,MAP_same_minus_opposite_cosine,4865,-0.026174590984980317
overall,State-Grounded,60,MAP_same_minus_opposite_cosine,4944,0.05678604518373809
overall,State-Grounded,60,MAP_same_minus_opposite_cosine,5309,-0.017298510670661904
overall,State-Grounded,60,MAP_same_minus_opposite_cosine,5377,0.006224658091863011
overall,State-Grounded,60,MAP_same_minus_opposite_cosine,5410,-0.018694928288459756
overall,State-Grounded,60,MAP_same_minus_opposite_cosine,5454,-0.042809470246235604
overall,State-Grounded,60,MAP_same_minus_opposite_cosine,5516,-0.024406075477600098
overall,State-Grounded,60,MAP_same_minus_opposite_cosine,5600,0.0404104595383008
overall,State-Grounded,60,MAP_same_minus_opposite_cosine,5778,0.003958709041277597
overall,State-Grounded,60,MAP_same_minus_opposite_cosine,5826,0.030754297971725464
overall,State-Grounded,60,MAP_same_minus_opposite_cosine,5961,0.05905039235949516
overall,State-Grounded,60,MAP_same_minus_opposite_cosine,5989,0.02333596299091978
overall,State-Grounded,60,MAP_same_minus_opposite_cosine,6025,-0.03309626777966823
overall,State-Grounded,60,triplet_accuracy,323,0.5333333333333333
overall,State-Grounded,60,triplet_accuracy,348,0.6333333333333333
overall,State-Grounded,60,triplet_accuracy,391,0.5333333333333333
overall,State-Grounded,60,triplet_accuracy,683,0.5333333333333333
overall,State-Grounded,60,triplet_accuracy,747,0.5833333333333334
overall,State-Grounded,60,triplet_accuracy,750,0.5333333333333333
overall,State-Grounded,60,triplet_accuracy,758,0.55
overall,State-Grounded,60,triplet_accuracy,843,0.43333333333333335
overall,State-Grounded,60,triplet_accuracy,967,0.4666666666666667
overall,State-Grounded,60,triplet_accuracy,1014,0.5333333333333333
overall,State-Grounded,60,triplet_accuracy,1092,0.48333333333333334
overall,State-Grounded,60,triplet_accuracy,1193,0.6
overall,State-Grounded,60,triplet_accuracy,1335,0.6
overall,State-Grounded,60,triplet_accuracy,1480,0.4
overall,State-Grounded,60,triplet_accuracy,1566,0.5166666666666667
overall,State-Grounded,60,triplet_accuracy,1839,0.5166666666666667
overall,State-Grounded,60,triplet_accuracy,1943,0.45
overall,State-Grounded,60,triplet_accuracy,2005,0.4666666666666667
overall,State-Grounded,60,triplet_accuracy,2048,0.45
overall,State-Grounded,60,triplet_accuracy,2173,0.4666666666666667
overall,State-Grounded,60,triplet_accuracy,2263,0.5833333333333334
overall,State-Grounded,60,triplet_accuracy,2303,0.5833333333333334
overall,State-Grounded,60,triplet_accuracy,2308,0.5833333333333334
overall,State-Grounded,60,triplet_accuracy,2347,0.5
overall,State-Grounded,60,triplet_accuracy,2361,0.5166666666666667
overall,State-Grounded,60,triplet_accuracy,2567,0.4
overall,State-Grounded,60,triplet_accuracy,2943,0.5666666666666667
overall,State-Grounded,60,triplet_accuracy,2988,0.48333333333333334
overall,State-Grounded,60,triplet_accuracy,3261,0.65
overall,State-Grounded,60,triplet_accuracy,3354,0.5666666666666667
overall,State-Grounded,60,triplet_accuracy,3525,0.36666666666666664
overall,State-Grounded,60,triplet_accuracy,3569,0.4666666666666667
overall,State-Grounded,60,triplet_accuracy,3593,0.55
overall,State-Grounded,60,triplet_accuracy,3768,0.48333333333333334
overall,State-Grounded,60,triplet_accuracy,3852,0.4666666666666667
overall,State-Grounded,60,triplet_accuracy,3967,0.43333333333333335
overall,State-Grounded,60,triplet_accuracy,3978,0.5166666666666667
overall,State-Grounded,60,triplet_accuracy,3985,0.5666666666666667
overall,State-Grounded,60,triplet_accuracy,4016,0.5666666666666667
overall,State-Grounded,60,triplet_accuracy,4293,0.5
overall,State-Grounded,60,triplet_accuracy,4312,0.65
overall,State-Grounded,60,triplet_accuracy,4529,0.4666666666666667
overall,State-Grounded,60,triplet_accuracy,4540,0.5666666666666667
overall,State-Grounded,60,triplet_accuracy,4686,0.6666666666666666
overall,State-Grounded,60,triplet_accuracy,4821,0.5666666666666667
overall,State-Grounded,60,triplet_accuracy,4865,0.45
overall,State-Grounded,60,triplet_accuracy,4944,0.5333333333333333
overall,State-Grounded,60,triplet_accuracy,5309,0.55
overall,State-Grounded,60,triplet_accuracy,5377,0.5333333333333333
overall,State-Grounded,60,triplet_accuracy,5410,0.45
overall,State-Grounded,60,triplet_accuracy,5454,0.5333333333333333
overall,State-Grounded,60,triplet_accuracy,5516,0.45
overall,State-Grounded,60,triplet_accuracy,5600,0.5
overall,State-Grounded,60,triplet_accuracy,5778,0.4666666666666667
overall,State-Grounded,60,triplet_accuracy,5989,0.5333333333333333
overall,State-Grounded,60,triplet_accuracy,6025,0.45
overall,State-Grounded,180,BIS_same_minus_opposite_cosine,105,0.05606150974829993
overall,State-Grounded,180,BIS_same_minus_opposite_cosine,323,0.096737356732289
overall,State-Grounded,180,BIS_same_minus_opposite_cosine,348,0.013802587290604906
overall,State-Grounded,180,BIS_same_minus_opposite_cosine,391,0.025055795907974243
overall,State-Grounded,180,BIS_same_minus_opposite_cosine,683,0.03855731333034085
overall,State-Grounded,180,BIS_same_minus_opposite_cosine,747,0.0233266958345969
overall,State-Grounded,180,BIS_same_minus_opposite_cosine,750,0.01187523889044928
overall,State-Grounded,180,BIS_same_minus_opposite_cosine,758,-0.02840057160111442
overall,State-Grounded,180,BIS_same_minus_opposite_cosine,843,0.02369455794493358
overall,State-Grounded,180,BIS_same_minus_opposite_cosine,877,0.07044370506818476
overall,State-Grounded,180,BIS_same_minus_opposite_cosine,926,0.11105585115543304
overall,State-Grounded,180,BIS_same_minus_opposite_cosine,967,-0.06420273646002728
overall,State-Grounded,180,BIS_same_minus_opposite_cosine,992,-0.00016683929023286748
overall,State-Grounded,180,BIS_same_minus_opposite_cosine,1014,-0.032578797273985716
overall,State-Grounded,180,BIS_same_minus_opposite_cosine,1092,0.06819280051650145
overall,State-Grounded,180,BIS_same_minus_opposite_cosine,1193,0.047338773195560235
overall,State-Grounded,180,BIS_same_minus_opposite_cosine,1308,0.0622658303490391
overall,State-Grounded,180,BIS_same_minus_opposite_cosine,1335,0.0324559521216613
overall,State-Grounded,180,BIS_same_minus_opposite_cosine,1480,0.05892931024233505
overall,State-Grounded,180,BIS_same_minus_opposite_cosine,1566,0.04831660389900205
overall,State-Grounded,180,BIS_same_minus_opposite_cosine,1636,0.07958347412447142
overall,State-Grounded,180,BIS_same_minus_opposite_cosine,1644,0.0762222943397669
overall,State-Grounded,180,BIS_same_minus_opposite_cosine,1839,-0.047891049252616114
overall,State-Grounded,180,BIS_same_minus_opposite_cosine,1943,0.04984408151358366
overall,State-Grounded,180,BIS_same_minus_opposite_cosine,2005,0.03278727407256754
overall,State-Grounded,180,BIS_same_minus_opposite_cosine,2048,0.022573118084582733
overall,State-Grounded,180,BIS_same_minus_opposite_cosine,2173,0.04959061682224264
overall,State-Grounded,180,BIS_same_minus_opposite_cosine,2263,0.06787341743707653
overall,State-Grounded,180,BIS_same_minus_opposite_cosine,2303,0.09195606472591566
overall,State-Grounded,180,BIS_same_minus_opposite_cosine,2308,0.060813367302003096
overall,State-Grounded,180,BIS_same_minus_opposite_cosine,2347,0.07346543259918692
overall,State-Grounded,180,BIS_same_minus_opposite_cosine,2361,0.009504027664661407
overall,State-Grounded,180,BIS_same_minus_opposite_cosine,2567,-0.05020802437017369
overall,State-Grounded,180,BIS_same_minus_opposite_cosine,2900,0.032162505541092345
overall,State-Grounded,180,BIS_same_minus_opposite_cosine,2943,0.008149860259415442
overall,State-Grounded,180,BIS_same_minus_opposite_cosine,2946,0.013602152665456169
overall,State-Grounded,180,BIS_same_minus_opposite_cosine,2988,0.034519212334244376
overall,State-Grounded,180,BIS_same_minus_opposite_cosine,3261,-0.03892112260063485
overall,State-Grounded,180,BIS_same_minus_opposite_cosine,3354,0.04744670124103623
overall,State-Grounded,180,BIS_same_minus_opposite_cosine,3387,0.11034722949067755
overall,State-Grounded,180,BIS_same_minus_opposite_cosine,3485,0.015410407837750273
overall,State-Grounded,180,BIS_same_minus_opposite_cosine,3525,0.09956591791576808
overall,State-Grounded,180,BIS_same_minus_opposite_cosine,3569,-0.03460473540154363
overall,State-Grounded,180,BIS_same_minus_opposite_cosine,3593,0.0191632002592087
overall,State-Grounded,180,BIS_same_minus_opposite_cosine,3613,0.05785929140372148
overall,State-Grounded,180,BIS_same_minus_opposite_cosine,3764,0.0009386496884482565
overall,State-Grounded,180,BIS_same_minus_opposite_cosine,3768,0.07126125251805338
overall,State-Grounded,180,BIS_same_minus_opposite_cosine,3852,0.05894683207838958
overall,State-Grounded,180,BIS_same_minus_opposite_cosine,3967,-0.032480755715798115
overall,State-Grounded,180,BIS_same_minus_opposite_cosine,3976,0.02661140903278636
overall,State-Grounded,180,BIS_same_minus_opposite_cosine,3978,0.0047048625846703995
overall,State-Grounded,180,BIS_same_minus_opposite_cosine,3985,0.058176814516385345
overall,State-Grounded,180,BIS_same_minus_opposite_cosine,4016,0.07129594995861954
overall,State-Grounded,180,BIS_same_minus_opposite_cosine,4080,-0.02723363364736242
overall,State-Grounded,180,BIS_same_minus_opposite_cosine,4293,0.029627117613951426
overall,State-Grounded,180,BIS_same_minus_opposite_cosine,4312,0.02764300033450129
overall,State-Grounded,180,BIS_same_minus_opposite_cosine,4529,0.023319441080093317
overall,State-Grounded,180,BIS_same_minus_opposite_cosine,4540,0.09184677519581541
overall,State-Grounded,180,BIS_same_minus_opposite_cosine,4638,0.04408741373391378
overall,State-Grounded,180,BIS_same_minus_opposite_cosine,4686,0.022276967763900757
overall,State-Grounded,180,BIS_same_minus_opposite_cosine,4821,-0.010957920582344127
overall,State-Grounded,180,BIS_same_minus_opposite_cosine,4865,0.01802991432724177
overall,State-Grounded,180,BIS_same_minus_opposite_cosine,4944,0.09211658140023549
overall,State-Grounded,180,BIS_same_minus_opposite_cosine,5309,0.0281560314730519
overall,State-Grounded,180,BIS_same_minus_opposite_cosine,5377,0.013596025881943863
overall,State-Grounded,180,BIS_same_minus_opposite_cosine,5410,-0.017844504234837633
overall,State-Grounded,180,BIS_same_minus_opposite_cosine,5454,-0.03192549924055732
overall,State-Grounded,180,BIS_same_minus_opposite_cosine,5516,0.04836320827404661
overall,State-Grounded,180,BIS_same_minus_opposite_cosine,5600,-0.024593202769756295
overall,State-Grounded,180,BIS_same_minus_opposite_cosine,5778,0.05091253876686097
overall,State-Grounded,180,BIS_same_minus_opposite_cosine,5826,-0.013400345505812261
overall,State-Grounded,180,BIS_same_minus_opposite_cosine,5961,0.06684295907616622
overall,State-Grounded,180,BIS_same_minus_opposite_cosine,5989,0.02730939677660016
overall,State-Grounded,180,BIS_same_minus_opposite_cosine,6025,-0.03961611499389017
overall,State-Grounded,180,MAP_same_minus_opposite_cosine,105,-0.02914624579802705
overall,State-Grounded,180,MAP_same_minus_opposite_cosine,323,0.05823963733686921
overall,State-Grounded,180,MAP_same_minus_opposite_cosine,348,-0.019978914276147397
overall,State-Grounded,180,MAP_same_minus_opposite_cosine,391,0.030640215675036053
overall,State-Grounded,180,MAP_same_minus_opposite_cosine,683,0.055878610671430406
overall,State-Grounded,180,MAP_same_minus_opposite_cosine,747,-0.029880895738800373
overall,State-Grounded,180,MAP_same_minus_opposite_cosine,750,-0.0060977981598289155
overall,State-Grounded,180,MAP_same_minus_opposite_cosine,758,-0.009723808864752437
overall,State-Grounded,180,MAP_same_minus_opposite_cosine,843,0.017951022930767224
overall,State-Grounded,180,MAP_same_minus_opposite_cosine,877,-0.014263799289862322
overall,State-Grounded,180,MAP_same_minus_opposite_cosine,926,0.028468695012005885
overall,State-Grounded,180,MAP_same_minus_opposite_cosine,967,0.06465934991836553
overall,State-Grounded,180,MAP_same_minus_opposite_cosine,992,-0.036395076165596674
overall,State-Grounded,180,MAP_same_minus_opposite_cosine,1014,-0.002937584905288171
overall,State-Grounded,180,MAP_same_minus_opposite_cosine,1092,-0.04744368751843764
overall,State-Grounded,180,MAP_same_minus_opposite_cosine,1193,0.033375443269809124
overall,State-Grounded,180,MAP_same_minus_opposite_cosine,1308,-0.055007763703664114
overall,State-Grounded,180,MAP_same_minus_opposite_cosine,1335,0.018441621056108803
overall,State-Grounded,180,MAP_same_minus_opposite_cosine,1480,-0.020899066577355074
overall,State-Grounded,180,MAP_same_minus_opposite_cosine,1566,0.040954775114854236
overall,State-Grounded,180,MAP_same_minus_opposite_cosine,1636,-0.00868534225793105
overall,State-Grounded,180,MAP_same_minus_opposite_cosine,1644,0.047837015655305626
overall,State-Grounded,180,MAP_same_minus_opposite_cosine,1839,-0.0394330026706059
overall,State-Grounded,180,MAP_same_minus_opposite_cosine,1943,0.06998018398880956
overall,State-Grounded,180,MAP_same_minus_opposite_cosine,2005,0.026162399434381034
overall,State-Grounded,180,MAP_same_minus_opposite_cosine,2048,-0.00944475957325519
overall,State-Grounded,180,MAP_same_minus_opposite_cosine,2173,-0.0201857144633929
overall,State-Grounded,180,MAP_same_minus_opposite_cosine,2263,-0.05801784311947611
overall,State-Grounded,180,MAP_same_minus_opposite_cosine,2303,0.018436232705910993
overall,State-Grounded,180,MAP_same_minus_opposite_cosine,2308,-0.029538825651009848
overall,State-Grounded,180,MAP_same_minus_opposite_cosine,2347,0.03890287092198497
overall,State-Grounded,180,MAP_same_minus_opposite_cosine,2361,0.014993847409884076
overall,State-Grounded,180,MAP_same_minus_opposite_cosine,2567,-0.014764368906617142
overall,State-Grounded,180,MAP_same_minus_opposite_cosine,2900,0.07468491783647824
overall,State-Grounded,180,MAP_same_minus_opposite_cosine,2943,0.016974981396626232
overall,State-Grounded,180,MAP_same_minus_opposite_cosine,2946,-0.039254832322950794
overall,State-Grounded,180,MAP_same_minus_opposite_cosine,2988,0.009049861975338191
overall,State-Grounded,180,MAP_same_minus_opposite_cosine,3261,0.0015851536056115112
overall,State-Grounded,180,MAP_same_minus_opposite_cosine,3354,-0.007964812333767224
overall,State-Grounded,180,MAP_same_minus_opposite_cosine,3387,-0.0422107422635668
overall,State-Grounded,180,MAP_same_minus_opposite_cosine,3485,0.033602309061421365
overall,State-Grounded,180,MAP_same_minus_opposite_cosine,3525,-0.018924412565926696
overall,State-Grounded,180,MAP_same_minus_opposite_cosine,3569,0.054775227606296606
overall,State-Grounded,180,MAP_same_minus_opposite_cosine,3593,0.047225663617805225
overall,State-Grounded,180,MAP_same_minus_opposite_cosine,3613,-0.05658659636974328
overall,State-Grounded,180,MAP_same_minus_opposite_cosine,3764,-0.029503618925809882
overall,State-Grounded,180,MAP_same_minus_opposite_cosine,3768,-0.0872020843660547
overall,State-Grounded,180,MAP_same_minus_opposite_cosine,3852,0.042008163600132375
overall,State-Grounded,180,MAP_same_minus_opposite_cosine,3967,-0.0019353232322595337
overall,State-Grounded,180,MAP_same_minus_opposite_cosine,3976,-0.03384107659260427
overall,State-Grounded,180,MAP_same_minus_opposite_cosine,3978,-0.026067731648251713
overall,State-Grounded,180,MAP_same_minus_opposite_cosine,3985,0.07805352629958717
overall,State-Grounded,180,MAP_same_minus_opposite_cosine,4016,0.05566290377200345
overall,State-Grounded,180,MAP_same_minus_opposite_cosine,4080,-0.07173095082952863
overall,State-Grounded,180,MAP_same_minus_opposite_cosine,4293,-0.006628756225109167
overall,State-Grounded,180,MAP_same_minus_opposite_cosine,4312,0.028577197094758366
overall,State-Grounded,180,MAP_same_minus_opposite_cosine,4529,0.016146717270215327
overall,State-Grounded,180,MAP_same_minus_opposite_cosine,4540,0.002212576347368711
overall,State-Grounded,180,MAP_same_minus_opposite_cosine,4638,0.02354343056678776
overall,State-Grounded,180,MAP_same_minus_opposite_cosine,4686,0.012175395091374663
overall,State-Grounded,180,MAP_same_minus_opposite_cosine,4821,-0.0329662561416626
overall,State-Grounded,180,MAP_same_minus_opposite_cosine,4865,-0.005831072613214916
overall,State-Grounded,180,MAP_same_minus_opposite_cosine,4944,0.04364224776887049
overall,State-Grounded,180,MAP_same_minus_opposite_cosine,5309,-0.017336223178949117
overall,State-Grounded,180,MAP_same_minus_opposite_cosine,5377,-0.003921233018239323
overall,State-Grounded,180,MAP_same_minus_opposite_cosine,5410,-0.04029262009121115
overall,State-Grounded,180,MAP_same_minus_opposite_cosine,5454,-0.016180959011295015
overall,State-Grounded,180,MAP_same_minus_opposite_cosine,5516,-0.0181727961060546
overall,State-Grounded,180,MAP_same_minus_opposite_cosine,5600,0.013578663269678715
overall,State-Grounded,180,MAP_same_minus_opposite_cosine,5778,0.08941526189446447
overall,State-Grounded,180,MAP_same_minus_opposite_cosine,5826,-0.022458146299634607
overall,State-Grounded,180,MAP_same_minus_opposite_cosine,5961,-0.02487450064956276
overall,State-Grounded,180,MAP_same_minus_opposite_cosine,5989,-0.014330050744342127
overall,State-Grounded,180,MAP_same_minus_opposite_cosine,6025,-0.003725406871392112
overall,State-Grounded,180,triplet_accuracy,323,0.45
overall,State-Grounded,180,triplet_accuracy,348,0.5666666666666667
overall,State-Grounded,180,triplet_accuracy,391,0.45
overall,State-Grounded,180,triplet_accuracy,683,0.4666666666666667
overall,State-Grounded,180,triplet_accuracy,747,0.5333333333333333
overall,State-Grounded,180,triplet_accuracy,750,0.5833333333333334
overall,State-Grounded,180,triplet_accuracy,758,0.3333333333333333
overall,State-Grounded,180,triplet_accuracy,843,0.5833333333333334
overall,State-Grounded,180,triplet_accuracy,967,0.5
overall,State-Grounded,180,triplet_accuracy,1014,0.55
overall,State-Grounded,180,triplet_accuracy,1092,0.5166666666666667
overall,State-Grounded,180,triplet_accuracy,1193,0.5
overall,State-Grounded,180,triplet_accuracy,1335,0.5
overall,State-Grounded,180,triplet_accuracy,1480,0.6333333333333333
overall,State-Grounded,180,triplet_accuracy,1566,0.5
overall,State-Grounded,180,triplet_accuracy,1839,0.45
overall,State-Grounded,180,triplet_accuracy,1943,0.5
overall,State-Grounded,180,triplet_accuracy,2005,0.43333333333333335
overall,State-Grounded,180,triplet_accuracy,2048,0.6166666666666667
overall,State-Grounded,180,triplet_accuracy,2173,0.6
overall,State-Grounded,180,triplet_accuracy,2263,0.5166666666666667
overall,State-Grounded,180,triplet_accuracy,2303,0.4666666666666667
overall,State-Grounded,180,triplet_accuracy,2308,0.5
overall,State-Grounded,180,triplet_accuracy,2347,0.5
overall,State-Grounded,180,triplet_accuracy,2361,0.6333333333333333
overall,State-Grounded,180,triplet_accuracy,2567,0.55
overall,State-Grounded,180,triplet_accuracy,2943,0.5166666666666667
overall,State-Grounded,180,triplet_accuracy,2988,0.5166666666666667
overall,State-Grounded,180,triplet_accuracy,3261,0.5166666666666667
overall,State-Grounded,180,triplet_accuracy,3354,0.5833333333333334
overall,State-Grounded,180,triplet_accuracy,3525,0.6
overall,State-Grounded,180,triplet_accuracy,3569,0.45
overall,State-Grounded,180,triplet_accuracy,3593,0.5666666666666667
overall,State-Grounded,180,triplet_accuracy,3768,0.4666666666666667
overall,State-Grounded,180,triplet_accuracy,3852,0.5833333333333334
overall,State-Grounded,180,triplet_accuracy,3967,0.6
overall,State-Grounded,180,triplet_accuracy,3978,0.5
overall,State-Grounded,180,triplet_accuracy,3985,0.5166666666666667
overall,State-Grounded,180,triplet_accuracy,4016,0.55
overall,State-Grounded,180,triplet_accuracy,4293,0.48333333333333334
overall,State-Grounded,180,triplet_accuracy,4312,0.5333333333333333
overall,State-Grounded,180,triplet_accuracy,4529,0.45
overall,State-Grounded,180,triplet_accuracy,4540,0.6666666666666666
overall,State-Grounded,180,triplet_accuracy,4686,0.4166666666666667
overall,State-Grounded,180,triplet_accuracy,4821,0.48333333333333334
overall,State-Grounded,180,triplet_accuracy,4865,0.5833333333333334
overall,State-Grounded,180,triplet_accuracy,4944,0.5166666666666667
overall,State-Grounded,180,triplet_accuracy,5309,0.5
overall,State-Grounded,180,triplet_accuracy,5377,0.5333333333333333
overall,State-Grounded,180,triplet_accuracy,5410,0.5333333333333333
overall,State-Grounded,180,triplet_accuracy,5454,0.6166666666666667
overall,State-Grounded,180,triplet_accuracy,5516,0.5666666666666667
overall,State-Grounded,180,triplet_accuracy,5600,0.48333333333333334
overall,State-Grounded,180,triplet_accuracy,5778,0.5666666666666667
overall,State-Grounded,180,triplet_accuracy,5989,0.43333333333333335
overall,State-Grounded,180,triplet_accuracy,6025,0.6166666666666667
stable_action_Q1,State-Grounded,180,BIS_same_minus_opposite_cosine,105,0.018393308633849692
stable_action_Q1,State-Grounded,180,BIS_same_minus_opposite_cosine,323,0.08520837326844533
stable_action_Q1,State-Grounded,180,BIS_same_minus_opposite_cosine,348,0.10222662736972177
stable_action_Q1,State-Grounded,180,BIS_same_minus_opposite_cosine,391,-0.0620762097338835
stable_action_Q1,State-Grounded,180,BIS_same_minus_opposite_cosine,683,-0.02587843885024388
stable_action_Q1,State-Grounded,180,BIS_same_minus_opposite_cosine,747,0.18192330449819566
stable_action_Q1,State-Grounded,180,BIS_same_minus_opposite_cosine,750,0.03713636242208018
stable_action_Q1,State-Grounded,180,BIS_same_minus_opposite_cosine,758,0.1242034497360388
stable_action_Q1,State-Grounded,180,BIS_same_minus_opposite_cosine,843,0.018588148057460785
stable_action_Q1,State-Grounded,180,BIS_same_minus_opposite_cosine,877,0.06814477705594257
stable_action_Q1,State-Grounded,180,BIS_same_minus_opposite_cosine,926,0.039066956866355085
stable_action_Q1,State-Grounded,180,BIS_same_minus_opposite_cosine,967,0.13696781658765034
stable_action_Q1,State-Grounded,180,BIS_same_minus_opposite_cosine,992,0.019585345053311554
stable_action_Q1,State-Grounded,180,BIS_same_minus_opposite_cosine,1014,0.01755066911379488
stable_action_Q1,State-Grounded,180,BIS_same_minus_opposite_cosine,1092,0.026159235699610317
stable_action_Q1,State-Grounded,180,BIS_same_minus_opposite_cosine,1193,0.04031294573926264
stable_action_Q1,State-Grounded,180,BIS_same_minus_opposite_cosine,1308,0.06325264275074005
stable_action_Q1,State-Grounded,180,BIS_same_minus_opposite_cosine,1335,-0.011858481913805008
stable_action_Q1,State-Grounded,180,BIS_same_minus_opposite_cosine,1480,-0.0796027394632498
stable_action_Q1,State-Grounded,180,BIS_same_minus_opposite_cosine,1566,-0.062148068100214005
stable_action_Q1,State-Grounded,180,BIS_same_minus_opposite_cosine,1636,0.08543741703033447
stable_action_Q1,State-Grounded,180,BIS_same_minus_opposite_cosine,1644,0.04016012359749188
stable_action_Q1,State-Grounded,180,BIS_same_minus_opposite_cosine,1839,0.07206464558839798
stable_action_Q1,State-Grounded,180,BIS_same_minus_opposite_cosine,1943,0.10151352270534542
stable_action_Q1,State-Grounded,180,BIS_same_minus_opposite_cosine,2005,0.029331298545002937
stable_action_Q1,State-Grounded,180,BIS_same_minus_opposite_cosine,2048,0.08310588424404464
stable_action_Q1,State-Grounded,180,BIS_same_minus_opposite_cosine,2173,0.16747776181860402
stable_action_Q1,State-Grounded,180,BIS_same_minus_opposite_cosine,2263,0.08668285359938943
stable_action_Q1,State-Grounded,180,BIS_same_minus_opposite_cosine,2303,0.05784969388817751
stable_action_Q1,State-Grounded,180,BIS_same_minus_opposite_cosine,2308,0.12988246480623877
stable_action_Q1,State-Grounded,180,BIS_same_minus_opposite_cosine,2347,0.1481580525222751
stable_action_Q1,State-Grounded,180,BIS_same_minus_opposite_cosine,2361,0.17956406623125076
stable_action_Q1,State-Grounded,180,BIS_same_minus_opposite_cosine,2567,0.14566733688116074
stable_action_Q1,State-Grounded,180,BIS_same_minus_opposite_cosine,2900,-0.017575417955716488
stable_action_Q1,State-Grounded,180,BIS_same_minus_opposite_cosine,2943,0.03399479836225505
stable_action_Q1,State-Grounded,180,BIS_same_minus_opposite_cosine,2946,-0.04428493206699691
stable_action_Q1,State-Grounded,180,BIS_same_minus_opposite_cosine,2988,0.05362673126386874
stable_action_Q1,State-Grounded,180,BIS_same_minus_opposite_cosine,3261,-0.08359269325931867
stable_action_Q1,State-Grounded,180,BIS_same_minus_opposite_cosine,3354,0.09363464830499713
stable_action_Q1,State-Grounded,180,BIS_same_minus_opposite_cosine,3387,-0.02702885170777647
stable_action_Q1,State-Grounded,180,BIS_same_minus_opposite_cosine,3485,0.025879710009603762
stable_action_Q1,State-Grounded,180,BIS_same_minus_opposite_cosine,3525,0.09451199429375778
stable_action_Q1,State-Grounded,180,BIS_same_minus_opposite_cosine,3569,0.09492539738615358
stable_action_Q1,State-Grounded,180,BIS_same_minus_opposite_cosine,3593,0.0600385860436492
stable_action_Q1,State-Grounded,180,BIS_same_minus_opposite_cosine,3613,-0.04618451264545764
stable_action_Q1,State-Grounded,180,BIS_same_minus_opposite_cosine,3764,-0.19490545690059663
stable_action_Q1,State-Grounded,180,BIS_same_minus_opposite_cosine,3768,0.04812850430607801
stable_action_Q1,State-Grounded,180,BIS_same_minus_opposite_cosine,3852,-0.06050933953939064
stable_action_Q1,State-Grounded,180,BIS_same_minus_opposite_cosine,3967,0.03668278997594665
stable_action_Q1,State-Grounded,180,BIS_same_minus_opposite_cosine,3976,0.09592000688567315
stable_action_Q1,State-Grounded,180,BIS_same_minus_opposite_cosine,3978,-0.10935257789161468
stable_action_Q1,State-Grounded,180,BIS_same_minus_opposite_cosine,3985,0.07014408359924951
stable_action_Q1,State-Grounded,180,BIS_same_minus_opposite_cosine,4016,-0.01847343146800995
stable_action_Q1,State-Grounded,180,BIS_same_minus_opposite_cosine,4080,0.1028480949726972
stable_action_Q1,State-Grounded,180,BIS_same_minus_opposite_cosine,4293,0.06070664723714192
stable_action_Q1,State-Grounded,180,BIS_same_minus_opposite_cosine,4312,-0.0031048618257045746
stable_action_Q1,State-Grounded,180,BIS_same_minus_opposite_cosine,4529,0.03702970842520392
stable_action_Q1,State-Grounded,180,BIS_same_minus_opposite_cosine,4540,-0.0753844386587541
stable_action_Q1,State-Grounded,180,BIS_same_minus_opposite_cosine,4638,0.004712085425853774
stable_action_Q1,State-Grounded,180,BIS_same_minus_opposite_cosine,4686,0.10307082368267906
stable_action_Q1,State-Grounded,180,BIS_same_minus_opposite_cosine,4821,0.06029525771737099
stable_action_Q1,State-Grounded,180,BIS_same_minus_opposite_cosine,4865,0.09514096255103743
stable_action_Q1,State-Grounded,180,BIS_same_minus_opposite_cosine,4944,0.011193067399841383
stable_action_Q1,State-Grounded,180,BIS_same_minus_opposite_cosine,5309,0.022065068284670475
stable_action_Q1,State-Grounded,180,BIS_same_minus_opposite_cosine,5377,0.18485260307788853
stable_action_Q1,State-Grounded,180,BIS_same_minus_opposite_cosine,5410,0.0769711997773912
stable_action_Q1,State-Grounded,180,BIS_same_minus_opposite_cosine,5454,0.20998114316413796
stable_action_Q1,State-Grounded,180,BIS_same_minus_opposite_cosine,5516,0.11373314261436462
stable_action_Q1,State-Grounded,180,BIS_same_minus_opposite_cosine,5600,0.22212188690900803
stable_action_Q1,State-Grounded,180,BIS_same_minus_opposite_cosine,5778,0.009510595915895537
stable_action_Q1,State-Grounded,180,BIS_same_minus_opposite_cosine,5826,0.04258270064989722
stable_action_Q1,State-Grounded,180,BIS_same_minus_opposite_cosine,5961,0.025224596036202973
stable_action_Q1,State-Grounded,180,BIS_same_minus_opposite_cosine,5989,-0.03836838934909215
stable_action_Q1,State-Grounded,180,BIS_same_minus_opposite_cosine,6025,0.13152431132215436
stable_action_Q1,State-Grounded,180,MAP_same_minus_opposite_cosine,105,0.1328295852456774
stable_action_Q1,State-Grounded,180,MAP_same_minus_opposite_cosine,323,0.09123063832521439
stable_action_Q1,State-Grounded,180,MAP_same_minus_opposite_cosine,348,-0.12159013847510014
stable_action_Q1,State-Grounded,180,MAP_same_minus_opposite_cosine,391,0.0004400337735811499
stable_action_Q1,State-Grounded,180,MAP_same_minus_opposite_cosine,683,0.1534867212176323
stable_action_Q1,State-Grounded,180,MAP_same_minus_opposite_cosine,747,0.06067419514963124
stable_action_Q1,State-Grounded,180,MAP_same_minus_opposite_cosine,750,-0.040440891502481535
stable_action_Q1,State-Grounded,180,MAP_same_minus_opposite_cosine,758,0.20104991272091866
stable_action_Q1,State-Grounded,180,MAP_same_minus_opposite_cosine,843,-0.02600870529810584
stable_action_Q1,State-Grounded,180,MAP_same_minus_opposite_cosine,877,0.09545799717307091
stable_action_Q1,State-Grounded,180,MAP_same_minus_opposite_cosine,926,0.01964243524002307
stable_action_Q1,State-Grounded,180,MAP_same_minus_opposite_cosine,967,0.26363562679652014
stable_action_Q1,State-Grounded,180,MAP_same_minus_opposite_cosine,992,-0.053948853909969285
stable_action_Q1,State-Grounded,180,MAP_same_minus_opposite_cosine,1014,0.1272046412030855
stable_action_Q1,State-Grounded,180,MAP_same_minus_opposite_cosine,1092,0.034565986444552776
stable_action_Q1,State-Grounded,180,MAP_same_minus_opposite_cosine,1193,0.04384233036802876
stable_action_Q1,State-Grounded,180,MAP_same_minus_opposite_cosine,1308,-0.07820994531114894
stable_action_Q1,State-Grounded,180,MAP_same_minus_opposite_cosine,1335,-0.04778219113747273
stable_action_Q1,State-Grounded,180,MAP_same_minus_opposite_cosine,1480,0.036665909613172176
stable_action_Q1,State-Grounded,180,MAP_same_minus_opposite_cosine,1566,-0.07364919675248005
stable_action_Q1,State-Grounded,180,MAP_same_minus_opposite_cosine,1636,-0.2033185362815857
stable_action_Q1,State-Grounded,180,MAP_same_minus_opposite_cosine,1644,0.005375796308120129
stable_action_Q1,State-Grounded,180,MAP_same_minus_opposite_cosine,1839,0.017250041994783527
stable_action_Q1,State-Grounded,180,MAP_same_minus_opposite_cosine,1943,-0.05989481187942958
stable_action_Q1,State-Grounded,180,MAP_same_minus_opposite_cosine,2005,-0.05297762155532837
stable_action_Q1,State-Grounded,180,MAP_same_minus_opposite_cosine,2048,0.07580253346399823
stable_action_Q1,State-Grounded,180,MAP_same_minus_opposite_cosine,2173,-0.209043768488548
stable_action_Q1,State-Grounded,180,MAP_same_minus_opposite_cosine,2263,0.0006430824597677409
stable_action_Q1,State-Grounded,180,MAP_same_minus_opposite_cosine,2303,-0.003434735124535626
stable_action_Q1,State-Grounded,180,MAP_same_minus_opposite_cosine,2308,0.07680875211954119
stable_action_Q1,State-Grounded,180,MAP_same_minus_opposite_cosine,2347,-0.057211373725699066
stable_action_Q1,State-Grounded,180,MAP_same_minus_opposite_cosine,2361,-0.1991823812325796
stable_action_Q1,State-Grounded,180,MAP_same_minus_opposite_cosine,2567,0.08243385122881997
stable_action_Q1,State-Grounded,180,MAP_same_minus_opposite_cosine,2900,0.1555843263864517
stable_action_Q1,State-Grounded,180,MAP_same_minus_opposite_cosine,2943,0.023744632800420162
stable_action_Q1,State-Grounded,180,MAP_same_minus_opposite_cosine,2946,-0.04111003296242821
stable_action_Q1,State-Grounded,180,MAP_same_minus_opposite_cosine,2988,0.01089421908060706
stable_action_Q1,State-Grounded,180,MAP_same_minus_opposite_cosine,3261,-0.09465938987153949
stable_action_Q1,State-Grounded,180,MAP_same_minus_opposite_cosine,3354,-0.09855507190028823
stable_action_Q1,State-Grounded,180,MAP_same_minus_opposite_cosine,3387,0.06174883923747321
stable_action_Q1,State-Grounded,180,MAP_same_minus_opposite_cosine,3485,-0.03354583516096077
stable_action_Q1,State-Grounded,180,MAP_same_minus_opposite_cosine,3525,-0.0009615719318389893
stable_action_Q1,State-Grounded,180,MAP_same_minus_opposite_cosine,3569,0.040742927127414286
stable_action_Q1,State-Grounded,180,MAP_same_minus_opposite_cosine,3593,0.13311503771128075
stable_action_Q1,State-Grounded,180,MAP_same_minus_opposite_cosine,3613,-0.13214794351231485
stable_action_Q1,State-Grounded,180,MAP_same_minus_opposite_cosine,3764,0.01040036082267759
stable_action_Q1,State-Grounded,180,MAP_same_minus_opposite_cosine,3768,-0.11005857959389687
stable_action_Q1,State-Grounded,180,MAP_same_minus_opposite_cosine,3852,0.07872706403334928
stable_action_Q1,State-Grounded,180,MAP_same_minus_opposite_cosine,3967,-0.10154190162817633
stable_action_Q1,State-Grounded,180,MAP_same_minus_opposite_cosine,3976,0.04224870534557279
stable_action_Q1,State-Grounded,180,MAP_same_minus_opposite_cosine,3978,-0.05116823895110023
stable_action_Q1,State-Grounded,180,MAP_same_minus_opposite_cosine,3985,0.10115088274081552
stable_action_Q1,State-Grounded,180,MAP_same_minus_opposite_cosine,4016,-0.13425167250846115
stable_action_Q1,State-Grounded,180,MAP_same_minus_opposite_cosine,4080,0.06593635000965814
stable_action_Q1,State-Grounded,180,MAP_same_minus_opposite_cosine,4293,0.06297798371977276
stable_action_Q1,State-Grounded,180,MAP_same_minus_opposite_cosine,4312,-0.04920010724001467
stable_action_Q1,State-Grounded,180,MAP_same_minus_opposite_cosine,4529,0.017238909999529595
stable_action_Q1,State-Grounded,180,MAP_same_minus_opposite_cosine,4540,-0.06867675930261607
stable_action_Q1,State-Grounded,180,MAP_same_minus_opposite_cosine,4638,0.06548836206396424
stable_action_Q1,State-Grounded,180,MAP_same_minus_opposite_cosine,4686,0.039270808299382565
stable_action_Q1,State-Grounded,180,MAP_same_minus_opposite_cosine,4821,-0.07155640646815298
stable_action_Q1,State-Grounded,180,MAP_same_minus_opposite_cosine,4865,-0.09902864179263504
stable_action_Q1,State-Grounded,180,MAP_same_minus_opposite_cosine,4944,-0.071968875411484
stable_action_Q1,State-Grounded,180,MAP_same_minus_opposite_cosine,5309,-0.13271632926030597
stable_action_Q1,State-Grounded,180,MAP_same_minus_opposite_cosine,5377,0.05040267696886347
stable_action_Q1,State-Grounded,180,MAP_same_minus_opposite_cosine,5410,0.048863284289836884
stable_action_Q1,State-Grounded,180,MAP_same_minus_opposite_cosine,5454,0.07274394948035479
stable_action_Q1,State-Grounded,180,MAP_same_minus_opposite_cosine,5516,-0.05768095103628701
stable_action_Q1,State-Grounded,180,MAP_same_minus_opposite_cosine,5600,-0.06510407725969947
stable_action_Q1,State-Grounded,180,MAP_same_minus_opposite_cosine,5778,0.01576054096221924
stable_action_Q1,State-Grounded,180,MAP_same_minus_opposite_cosine,5826,0.1892320757562464
stable_action_Q1,State-Grounded,180,MAP_same_minus_opposite_cosine,5961,0.06688789402445156
stable_action_Q1,State-Grounded,180,MAP_same_minus_opposite_cosine,5989,0.1334177851676941
stable_action_Q1,State-Grounded,180,MAP_same_minus_opposite_cosine,6025,-0.01910868833462398
stable_action_Q1,State-Grounded,180,triplet_accuracy,323,0.45
stable_action_Q1,State-Grounded,180,triplet_accuracy,348,0.45
stable_action_Q1,State-Grounded,180,triplet_accuracy,391,0.5
stable_action_Q1,State-Grounded,180,triplet_accuracy,683,0.7
stable_action_Q1,State-Grounded,180,triplet_accuracy,747,0.6
stable_action_Q1,State-Grounded,180,triplet_accuracy,750,0.45
stable_action_Q1,State-Grounded,180,triplet_accuracy,758,0.5
stable_action_Q1,State-Grounded,180,triplet_accuracy,843,0.55
stable_action_Q1,State-Grounded,180,triplet_accuracy,967,0.6
stable_action_Q1,State-Grounded,180,triplet_accuracy,1014,0.55
stable_action_Q1,State-Grounded,180,triplet_accuracy,1092,0.55
stable_action_Q1,State-Grounded,180,triplet_accuracy,1193,0.55
stable_action_Q1,State-Grounded,180,triplet_accuracy,1335,0.6
stable_action_Q1,State-Grounded,180,triplet_accuracy,1480,0.35
stable_action_Q1,State-Grounded,180,triplet_accuracy,1566,0.7
stable_action_Q1,State-Grounded,180,triplet_accuracy,1839,0.65
stable_action_Q1,State-Grounded,180,triplet_accuracy,1943,0.55
stable_action_Q1,State-Grounded,180,triplet_accuracy,2005,0.6
stable_action_Q1,State-Grounded,180,triplet_accuracy,2048,0.65
stable_action_Q1,State-Grounded,180,triplet_accuracy,2173,0.45
stable_action_Q1,State-Grounded,180,triplet_accuracy,2263,0.65
stable_action_Q1,State-Grounded,180,triplet_accuracy,2303,0.6
stable_action_Q1,State-Grounded,180,triplet_accuracy,2308,0.75
stable_action_Q1,State-Grounded,180,triplet_accuracy,2347,0.55
stable_action_Q1,State-Grounded,180,triplet_accuracy,2361,0.6
stable_action_Q1,State-Grounded,180,triplet_accuracy,2567,0.7
stable_action_Q1,State-Grounded,180,triplet_accuracy,2943,0.5
stable_action_Q1,State-Grounded,180,triplet_accuracy,2988,0.75
stable_action_Q1,State-Grounded,180,triplet_accuracy,3261,0.6
stable_action_Q1,State-Grounded,180,triplet_accuracy,3354,0.5
stable_action_Q1,State-Grounded,180,triplet_accuracy,3525,0.65
stable_action_Q1,State-Grounded,180,triplet_accuracy,3569,0.5
stable_action_Q1,State-Grounded,180,triplet_accuracy,3593,0.5
stable_action_Q1,State-Grounded,180,triplet_accuracy,3768,0.4
stable_action_Q1,State-Grounded,180,triplet_accuracy,3852,0.5
stable_action_Q1,State-Grounded,180,triplet_accuracy,3967,0.5
stable_action_Q1,State-Grounded,180,triplet_accuracy,3978,0.6
stable_action_Q1,State-Grounded,180,triplet_accuracy,3985,0.5
stable_action_Q1,State-Grounded,180,triplet_accuracy,4016,0.5
stable_action_Q1,State-Grounded,180,triplet_accuracy,4293,0.8
stable_action_Q1,State-Grounded,180,triplet_accuracy,4312,0.5
stable_action_Q1,State-Grounded,180,triplet_accuracy,4529,0.65
stable_action_Q1,State-Grounded,180,triplet_accuracy,4540,0.45
stable_action_Q1,State-Grounded,180,triplet_accuracy,4686,0.55
stable_action_Q1,State-Grounded,180,triplet_accuracy,4821,0.7
stable_action_Q1,State-Grounded,180,triplet_accuracy,4865,0.45
stable_action_Q1,State-Grounded,180,triplet_accuracy,4944,0.65
stable_action_Q1,State-Grounded,180,triplet_accuracy,5309,0.45
stable_action_Q1,State-Grounded,180,triplet_accuracy,5377,0.35
stable_action_Q1,State-Grounded,180,triplet_accuracy,5410,0.5
stable_action_Q1,State-Grounded,180,triplet_accuracy,5454,0.55
stable_action_Q1,State-Grounded,180,triplet_accuracy,5516,0.65
stable_action_Q1,State-Grounded,180,triplet_accuracy,5600,0.6
stable_action_Q1,State-Grounded,180,triplet_accuracy,5778,0.65
stable_action_Q1,State-Grounded,180,triplet_accuracy,5989,0.55
stable_action_Q1,State-Grounded,180,triplet_accuracy,6025,0.75
Q4,State-Grounded,180,BIS_same_minus_opposite_cosine,105,0.11264074047406519
Q4,State-Grounded,180,BIS_same_minus_opposite_cosine,323,0.1321289837360382
Q4,State-Grounded,180,BIS_same_minus_opposite_cosine,348,0.0779736886421839
Q4,State-Grounded,180,BIS_same_minus_opposite_cosine,391,0.05380650361378991
Q4,State-Grounded,180,BIS_same_minus_opposite_cosine,683,0.12415152390797934
Q4,State-Grounded,180,BIS_same_minus_opposite_cosine,747,-0.07655558311803778
Q4,State-Grounded,180,BIS_same_minus_opposite_cosine,750,-0.07302938567267525
Q4,State-Grounded,180,BIS_same_minus_opposite_cosine,758,0.013092291851838467
Q4,State-Grounded,180,BIS_same_minus_opposite_cosine,843,0.11310731288459563
Q4,State-Grounded,180,BIS_same_minus_opposite_cosine,877,0.1584311719193603
Q4,State-Grounded,180,BIS_same_minus_opposite_cosine,926,0.13289083912968636
Q4,State-Grounded,180,BIS_same_minus_opposite_cosine,967,-0.05687551531526769
Q4,State-Grounded,180,BIS_same_minus_opposite_cosine,992,-0.035347468925244874
Q4,State-Grounded,180,BIS_same_minus_opposite_cosine,1014,-0.028814977904160877
Q4,State-Grounded,180,BIS_same_minus_opposite_cosine,1092,0.05085519287321294
Q4,State-Grounded,180,BIS_same_minus_opposite_cosine,1193,0.02825844062097138
Q4,State-Grounded,180,BIS_same_minus_opposite_cosine,1308,0.10108748146078805
Q4,State-Grounded,180,BIS_same_minus_opposite_cosine,1335,0.043071532001098034
Q4,State-Grounded,180,BIS_same_minus_opposite_cosine,1480,0.003001407014601165
Q4,State-Grounded,180,BIS_same_minus_opposite_cosine,1566,0.05111982018658612
Q4,State-Grounded,180,BIS_same_minus_opposite_cosine,1636,0.04108003849784525
Q4,State-Grounded,180,BIS_same_minus_opposite_cosine,1644,-0.01122271946885367
Q4,State-Grounded,180,BIS_same_minus_opposite_cosine,1839,0.12637980613443578
Q4,State-Grounded,180,BIS_same_minus_opposite_cosine,1943,0.06856718304611387
Q4,State-Grounded,180,BIS_same_minus_opposite_cosine,2005,0.008580981691678424
Q4,State-Grounded,180,BIS_same_minus_opposite_cosine,2048,0.10108435981803476
Q4,State-Grounded,180,BIS_same_minus_opposite_cosine,2173,0.02271169076363244
Q4,State-Grounded,180,BIS_same_minus_opposite_cosine,2263,0.09206243273284698
Q4,State-Grounded,180,BIS_same_minus_opposite_cosine,2303,-0.05878096570571267
Q4,State-Grounded,180,BIS_same_minus_opposite_cosine,2308,-0.07116382146875061
Q4,State-Grounded,180,BIS_same_minus_opposite_cosine,2347,-0.03472889959812164
Q4,State-Grounded,180,BIS_same_minus_opposite_cosine,2361,-0.049413107335567474
Q4,State-Grounded,180,BIS_same_minus_opposite_cosine,2567,-0.06663753123333055
Q4,State-Grounded,180,BIS_same_minus_opposite_cosine,2900,0.1449297782447604
Q4,State-Grounded,180,BIS_same_minus_opposite_cosine,2943,-0.025845306615034702
Q4,State-Grounded,180,BIS_same_minus_opposite_cosine,2946,0.055536846319834465
Q4,State-Grounded,180,BIS_same_minus_opposite_cosine,2988,0.15141546254356708
Q4,State-Grounded,180,BIS_same_minus_opposite_cosine,3261,-0.055349652740088406
Q4,State-Grounded,180,BIS_same_minus_opposite_cosine,3354,0.06471984585126234
Q4,State-Grounded,180,BIS_same_minus_opposite_cosine,3387,0.037087206211355084
Q4,State-Grounded,180,BIS_same_minus_opposite_cosine,3485,0.05554980834325163
Q4,State-Grounded,180,BIS_same_minus_opposite_cosine,3525,0.0371476077672207
Q4,State-Grounded,180,BIS_same_minus_opposite_cosine,3569,0.0010546807086829757
Q4,State-Grounded,180,BIS_same_minus_opposite_cosine,3593,0.07284920662641525
Q4,State-Grounded,180,BIS_same_minus_opposite_cosine,3613,0.0655803483995524
Q4,State-Grounded,180,BIS_same_minus_opposite_cosine,3764,-0.038430228603608674
Q4,State-Grounded,180,BIS_same_minus_opposite_cosine,3768,0.0005703066786130195
Q4,State-Grounded,180,BIS_same_minus_opposite_cosine,3852,-0.021413515011469486
Q4,State-Grounded,180,BIS_same_minus_opposite_cosine,3967,-0.032469766835371616
Q4,State-Grounded,180,BIS_same_minus_opposite_cosine,3976,0.04959898028108811
Q4,State-Grounded,180,BIS_same_minus_opposite_cosine,3978,0.05942273636658979
Q4,State-Grounded,180,BIS_same_minus_opposite_cosine,3985,0.05888385077317548
Q4,State-Grounded,180,BIS_same_minus_opposite_cosine,4016,0.021617931624253628
Q4,State-Grounded,180,BIS_same_minus_opposite_cosine,4080,0.06133267780145013
Q4,State-Grounded,180,BIS_same_minus_opposite_cosine,4293,0.0828270663817724
Q4,State-Grounded,180,BIS_same_minus_opposite_cosine,4312,0.04139569923281672
Q4,State-Grounded,180,BIS_same_minus_opposite_cosine,4529,0.0768469081570704
Q4,State-Grounded,180,BIS_same_minus_opposite_cosine,4540,0.09419119963422418
Q4,State-Grounded,180,BIS_same_minus_opposite_cosine,4638,-0.0037778927521272543
Q4,State-Grounded,180,BIS_same_minus_opposite_cosine,4686,0.003992516434553894
Q4,State-Grounded,180,BIS_same_minus_opposite_cosine,4821,-0.02999655074543417
Q4,State-Grounded,180,BIS_same_minus_opposite_cosine,4865,-0.020471358389565486
Q4,State-Grounded,180,BIS_same_minus_opposite_cosine,4944,0.10488684127728143
Q4,State-Grounded,180,BIS_same_minus_opposite_cosine,5309,0.046530503779649734
Q4,State-Grounded,180,BIS_same_minus_opposite_cosine,5377,0.0011851365367571143
Q4,State-Grounded,180,BIS_same_minus_opposite_cosine,5410,0.0623918258481555
Q4,State-Grounded,180,BIS_same_minus_opposite_cosine,5454,0.07822609625079413
Q4,State-Grounded,180,BIS_same_minus_opposite_cosine,5516,0.029793669780095344
Q4,State-Grounded,180,BIS_same_minus_opposite_cosine,5600,-0.0284781580169996
Q4,State-Grounded,180,BIS_same_minus_opposite_cosine,5778,0.10513797733518804
Q4,State-Grounded,180,BIS_same_minus_opposite_cosine,5826,-0.011034426589806912
Q4,State-Grounded,180,BIS_same_minus_opposite_cosine,5961,-0.011649655302365614
Q4,State-Grounded,180,BIS_same_minus_opposite_cosine,5989,0.17256240972450798
Q4,State-Grounded,180,BIS_same_minus_opposite_cosine,6025,0.041741044053600906
Q4,State-Grounded,180,MAP_same_minus_opposite_cosine,105,-0.06539533163110411
Q4,State-Grounded,180,MAP_same_minus_opposite_cosine,323,-0.03532249977191293
Q4,State-Grounded,180,MAP_same_minus_opposite_cosine,348,0.08596884955962503
Q4,State-Grounded,180,MAP_same_minus_opposite_cosine,391,-0.17080517030424547
Q4,State-Grounded,180,MAP_same_minus_opposite_cosine,683,0.07543152677161358
Q4,State-Grounded,180,MAP_same_minus_opposite_cosine,747,0.04178435617888515
Q4,State-Grounded,180,MAP_same_minus_opposite_cosine,750,-0.05782351304184308
Q4,State-Grounded,180,MAP_same_minus_opposite_cosine,758,-0.06073394740621241
Q4,State-Grounded,180,MAP_same_minus_opposite_cosine,843,-0.009739011526107788
Q4,State-Grounded,180,MAP_same_minus_opposite_cosine,877,0.004670456954927182
Q4,State-Grounded,180,MAP_same_minus_opposite_cosine,926,0.02749443641214655
Q4,State-Grounded,180,MAP_same_minus_opposite_cosine,967,-0.012218839178482654
Q4,State-Grounded,180,MAP_same_minus_opposite_cosine,992,0.04903455575307214
Q4,State-Grounded,180,MAP_same_minus_opposite_cosine,1014,0.05095570931831994
Q4,State-Grounded,180,MAP_same_minus_opposite_cosine,1092,0.08467636083563168
Q4,State-Grounded,180,MAP_same_minus_opposite_cosine,1193,-0.01422860225041711
Q4,State-Grounded,180,MAP_same_minus_opposite_cosine,1308,-0.10079268930536334
Q4,State-Grounded,180,MAP_same_minus_opposite_cosine,1335,0.11429184012942839
Q4,State-Grounded,180,MAP_same_minus_opposite_cosine,1480,-0.05111814674102899
Q4,State-Grounded,180,MAP_same_minus_opposite_cosine,1566,-0.09977109134197237
Q4,State-Grounded,180,MAP_same_minus_opposite_cosine,1636,-0.0499907061457634
Q4,State-Grounded,180,MAP_same_minus_opposite_cosine,1644,-0.14629680584325944
Q4,State-Grounded,180,MAP_same_minus_opposite_cosine,1839,-0.016134943925973144
Q4,State-Grounded,180,MAP_same_minus_opposite_cosine,1943,-0.03169429031285376
Q4,State-Grounded,180,MAP_same_minus_opposite_cosine,2005,0.035472846843979555
Q4,State-Grounded,180,MAP_same_minus_opposite_cosine,2048,0.07753865917523706
Q4,State-Grounded,180,MAP_same_minus_opposite_cosine,2173,-0.07689837027679791
Q4,State-Grounded,180,MAP_same_minus_opposite_cosine,2263,0.02991036276022585
Q4,State-Grounded,180,MAP_same_minus_opposite_cosine,2303,0.06163798814470123
Q4,State-Grounded,180,MAP_same_minus_opposite_cosine,2308,0.08040166956682998
Q4,State-Grounded,180,MAP_same_minus_opposite_cosine,2347,-0.11630877666175365
Q4,State-Grounded,180,MAP_same_minus_opposite_cosine,2361,-0.0299212449427807
Q4,State-Grounded,180,MAP_same_minus_opposite_cosine,2567,-0.06344884013136232
Q4,State-Grounded,180,MAP_same_minus_opposite_cosine,2900,0.023712188005447388
Q4,State-Grounded,180,MAP_same_minus_opposite_cosine,2943,-0.2604114633230936
Q4,State-Grounded,180,MAP_same_minus_opposite_cosine,2946,0.07206528385480249
Q4,State-Grounded,180,MAP_same_minus_opposite_cosine,2988,-0.014796802774071693
Q4,State-Grounded,180,MAP_same_minus_opposite_cosine,3261,-0.03875290912886464
Q4,State-Grounded,180,MAP_same_minus_opposite_cosine,3354,0.030834990243116978
Q4,State-Grounded,180,MAP_same_minus_opposite_cosine,3387,0.034444327155748966
Q4,State-Grounded,180,MAP_same_minus_opposite_cosine,3485,-0.03934490929047263
Q4,State-Grounded,180,MAP_same_minus_opposite_cosine,3525,-0.023413523038228412
Q4,State-Grounded,180,MAP_same_minus_opposite_cosine,3569,-0.030768346289793636
Q4,State-Grounded,180,MAP_same_minus_opposite_cosine,3593,-0.12024955600500109
Q4,State-Grounded,180,MAP_same_minus_opposite_cosine,3613,0.1425763062304921
Q4,State-Grounded,180,MAP_same_minus_opposite_cosine,3764,0.12329521101145524
Q4,State-Grounded,180,MAP_same_minus_opposite_cosine,3768,-0.07192829747994745
Q4,State-Grounded,180,MAP_same_minus_opposite_cosine,3852,0.06156846135854721
Q4,State-Grounded,180,MAP_same_minus_opposite_cosine,3967,0.10973515113194787
Q4,State-Grounded,180,MAP_same_minus_opposite_cosine,3976,0.00573358413848013
Q4,State-Grounded,180,MAP_same_minus_opposite_cosine,3978,-0.05958189765612276
Q4,State-Grounded,180,MAP_same_minus_opposite_cosine,3985,0.0824460558819049
Q4,State-Grounded,180,MAP_same_minus_opposite_cosine,4016,0.03337601617430197
Q4,State-Grounded,180,MAP_same_minus_opposite_cosine,4080,-0.004913429419199589
Q4,State-Grounded,180,MAP_same_minus_opposite_cosine,4293,-0.004915164907773328
Q4,State-Grounded,180,MAP_same_minus_opposite_cosine,4312,0.03401526125768817
Q4,State-Grounded,180,MAP_same_minus_opposite_cosine,4529,-0.02780466820254479
Q4,State-Grounded,180,MAP_same_minus_opposite_cosine,4540,0.057082946101824406
Q4,State-Grounded,180,MAP_same_minus_opposite_cosine,4638,-0.027923204998175244
Q4,State-Grounded,180,MAP_same_minus_opposite_cosine,4686,-0.11535937810937558
Q4,State-Grounded,180,MAP_same_minus_opposite_cosine,4821,0.025940691928068804
Q4,State-Grounded,180,MAP_same_minus_opposite_cosine,4865,0.0021015220519268185
Q4,State-Grounded,180,MAP_same_minus_opposite_cosine,4944,-0.057115098743727666
Q4,State-Grounded,180,MAP_same_minus_opposite_cosine,5309,-0.027129368856549263
Q4,State-Grounded,180,MAP_same_minus_opposite_cosine,5377,0.081801638007164
Q4,State-Grounded,180,MAP_same_minus_opposite_cosine,5410,0.10057139645020163
Q4,State-Grounded,180,MAP_same_minus_opposite_cosine,5454,0.1063154146752574
Q4,State-Grounded,180,MAP_same_minus_opposite_cosine,5516,-0.031647686479669646
Q4,State-Grounded,180,MAP_same_minus_opposite_cosine,5600,0.014202305764863032
Q4,State-Grounded,180,MAP_same_minus_opposite_cosine,5778,0.08610734641551976
Q4,State-Grounded,180,MAP_same_minus_opposite_cosine,5826,0.012459918405070436
Q4,State-Grounded,180,MAP_same_minus_opposite_cosine,5961,0.054398943528984445
Q4,State-Grounded,180,MAP_same_minus_opposite_cosine,5989,-0.05770990476012228
Q4,State-Grounded,180,MAP_same_minus_opposite_cosine,6025,-0.012600309318966385
Q4,State-Grounded,180,triplet_accuracy,323,0.55
Q4,State-Grounded,180,triplet_accuracy,348,0.45
Q4,State-Grounded,180,triplet_accuracy,391,0.55
Q4,State-Grounded,180,triplet_accuracy,683,0.45
Q4,State-Grounded,180,triplet_accuracy,747,0.65
Q4,State-Grounded,180,triplet_accuracy,750,0.7
Q4,State-Grounded,180,triplet_accuracy,758,0.5
Q4,State-Grounded,180,triplet_accuracy,843,0.55
Q4,State-Grounded,180,triplet_accuracy,967,0.75
Q4,State-Grounded,180,triplet_accuracy,1014,0.5
Q4,State-Grounded,180,triplet_accuracy,1092,0.35
Q4,State-Grounded,180,triplet_accuracy,1193,0.65
Q4,State-Grounded,180,triplet_accuracy,1335,0.6
Q4,State-Grounded,180,triplet_accuracy,1480,0.55
Q4,State-Grounded,180,triplet_accuracy,1566,0.65
Q4,State-Grounded,180,triplet_accuracy,1839,0.65
Q4,State-Grounded,180,triplet_accuracy,1943,0.45
Q4,State-Grounded,180,triplet_accuracy,2005,0.65
Q4,State-Grounded,180,triplet_accuracy,2048,0.6
Q4,State-Grounded,180,triplet_accuracy,2173,0.55
Q4,State-Grounded,180,triplet_accuracy,2263,0.55
Q4,State-Grounded,180,triplet_accuracy,2303,0.55
Q4,State-Grounded,180,triplet_accuracy,2308,0.4
Q4,State-Grounded,180,triplet_accuracy,2347,0.4
Q4,State-Grounded,180,triplet_accuracy,2361,0.45
Q4,State-Grounded,180,triplet_accuracy,2567,0.55
Q4,State-Grounded,180,triplet_accuracy,2943,0.45
Q4,State-Grounded,180,triplet_accuracy,2988,0.65
Q4,State-Grounded,180,triplet_accuracy,3261,0.3
Q4,State-Grounded,180,triplet_accuracy,3354,0.35
Q4,State-Grounded,180,triplet_accuracy,3525,0.4
Q4,State-Grounded,180,triplet_accuracy,3569,0.5
Q4,State-Grounded,180,triplet_accuracy,3593,0.35
Q4,State-Grounded,180,triplet_accuracy,3768,0.65
Q4,State-Grounded,180,triplet_accuracy,3852,0.5
Q4,State-Grounded,180,triplet_accuracy,3967,0.6
Q4,State-Grounded,180,triplet_accuracy,3978,0.5
Q4,State-Grounded,180,triplet_accuracy,3985,0.6
Q4,State-Grounded,180,triplet_accuracy,4016,0.7
Q4,State-Grounded,180,triplet_accuracy,4293,0.5
Q4,State-Grounded,180,triplet_accuracy,4312,0.4
Q4,State-Grounded,180,triplet_accuracy,4529,0.5
Q4,State-Grounded,180,triplet_accuracy,4540,0.35
Q4,State-Grounded,180,triplet_accuracy,4686,0.4
Q4,State-Grounded,180,triplet_accuracy,4821,0.5
Q4,State-Grounded,180,triplet_accuracy,4865,0.65
Q4,State-Grounded,180,triplet_accuracy,4944,0.65
Q4,State-Grounded,180,triplet_accuracy,5309,0.45
Q4,State-Grounded,180,triplet_accuracy,5377,0.55
Q4,State-Grounded,180,triplet_accuracy,5410,0.35
Q4,State-Grounded,180,triplet_accuracy,5454,0.35
Q4,State-Grounded,180,triplet_accuracy,5516,0.55
Q4,State-Grounded,180,triplet_accuracy,5600,0.7
Q4,State-Grounded,180,triplet_accuracy,5778,0.7
Q4,State-Grounded,180,triplet_accuracy,5989,0.45
Q4,State-Grounded,180,triplet_accuracy,6025,0.55
upcoming_large_intervention,State-Grounded,180,BIS_same_minus_opposite_cosine,105,0.03838525272228499
upcoming_large_intervention,State-Grounded,180,BIS_same_minus_opposite_cosine,323,0.07702880203723905
upcoming_large_intervention,State-Grounded,180,BIS_same_minus_opposite_cosine,348,-0.01737707505623498
upcoming_large_intervention,State-Grounded,180,BIS_same_minus_opposite_cosine,391,0.03886008759339654
upcoming_large_intervention,State-Grounded,180,BIS_same_minus_opposite_cosine,683,0.04564894498749217
upcoming_large_intervention,State-Grounded,180,BIS_same_minus_opposite_cosine,747,-0.06068903839949413
upcoming_large_intervention,State-Grounded,180,BIS_same_minus_opposite_cosine,750,0.03336220358808839
upcoming_large_intervention,State-Grounded,180,BIS_same_minus_opposite_cosine,758,0.06470878015864978
upcoming_large_intervention,State-Grounded,180,BIS_same_minus_opposite_cosine,843,0.040690891444683075
upcoming_large_intervention,State-Grounded,180,BIS_same_minus_opposite_cosine,877,0.032323548062281215
upcoming_large_intervention,State-Grounded,180,BIS_same_minus_opposite_cosine,926,0.14898172616958616
upcoming_large_intervention,State-Grounded,180,BIS_same_minus_opposite_cosine,967,-0.07235064709352124
upcoming_large_intervention,State-Grounded,180,BIS_same_minus_opposite_cosine,992,0.06178891956806187
upcoming_large_intervention,State-Grounded,180,BIS_same_minus_opposite_cosine,1014,-0.016669353978200352
upcoming_large_intervention,State-Grounded,180,BIS_same_minus_opposite_cosine,1092,0.10193969806035363
upcoming_large_intervention,State-Grounded,180,BIS_same_minus_opposite_cosine,1193,0.13792504370212555
upcoming_large_intervention,State-Grounded,180,BIS_same_minus_opposite_cosine,1308,-0.01718859193903033
upcoming_large_intervention,State-Grounded,180,BIS_same_minus_opposite_cosine,1335,-0.004779958476622936
upcoming_large_intervention,State-Grounded,180,BIS_same_minus_opposite_cosine,1480,-0.0628310044606526
upcoming_large_intervention,State-Grounded,180,BIS_same_minus_opposite_cosine,1566,0.04696386694117938
upcoming_large_intervention,State-Grounded,180,BIS_same_minus_opposite_cosine,1636,-0.06043780008048727
upcoming_large_intervention,State-Grounded,180,BIS_same_minus_opposite_cosine,1644,-0.051541768014431
upcoming_large_intervention,State-Grounded,180,BIS_same_minus_opposite_cosine,1839,-0.13248984657582774
upcoming_large_intervention,State-Grounded,180,BIS_same_minus_opposite_cosine,1943,-0.03430274377266562
upcoming_large_intervention,State-Grounded,180,BIS_same_minus_opposite_cosine,2005,0.03179774930079782
upcoming_large_intervention,State-Grounded,180,BIS_same_minus_opposite_cosine,2048,-0.0617809674956582
upcoming_large_intervention,State-Grounded,180,BIS_same_minus_opposite_cosine,2173,-0.08697643876075745
upcoming_large_intervention,State-Grounded,180,BIS_same_minus_opposite_cosine,2263,-0.002570954461892483
upcoming_large_intervention,State-Grounded,180,BIS_same_minus_opposite_cosine,2303,-0.06808963666359591
upcoming_large_intervention,State-Grounded,180,BIS_same_minus_opposite_cosine,2308,-0.1122503572454055
upcoming_large_intervention,State-Grounded,180,BIS_same_minus_opposite_cosine,2347,0.03708645900090535
upcoming_large_intervention,State-Grounded,180,BIS_same_minus_opposite_cosine,2361,0.012484792958606383
upcoming_large_intervention,State-Grounded,180,BIS_same_minus_opposite_cosine,2567,0.1361786415179571
upcoming_large_intervention,State-Grounded,180,BIS_same_minus_opposite_cosine,2900,0.04635161012411115
upcoming_large_intervention,State-Grounded,180,BIS_same_minus_opposite_cosine,2943,0.04262550951292121
upcoming_large_intervention,State-Grounded,180,BIS_same_minus_opposite_cosine,2946,0.03134648456717981
upcoming_large_intervention,State-Grounded,180,BIS_same_minus_opposite_cosine,2988,0.08576044372536917
upcoming_large_intervention,State-Grounded,180,BIS_same_minus_opposite_cosine,3261,0.1215573242216399
upcoming_large_intervention,State-Grounded,180,BIS_same_minus_opposite_cosine,3354,0.058983658750851875
upcoming_large_intervention,State-Grounded,180,BIS_same_minus_opposite_cosine,3387,0.10343019754597638
upcoming_large_intervention,State-Grounded,180,BIS_same_minus_opposite_cosine,3485,0.011166176199913003
upcoming_large_intervention,State-Grounded,180,BIS_same_minus_opposite_cosine,3525,0.0914484063784281
upcoming_large_intervention,State-Grounded,180,BIS_same_minus_opposite_cosine,3569,-0.022131354610125165
upcoming_large_intervention,State-Grounded,180,BIS_same_minus_opposite_cosine,3593,0.02732832481463754
upcoming_large_intervention,State-Grounded,180,BIS_same_minus_opposite_cosine,3613,0.04120751718680071
upcoming_large_intervention,State-Grounded,180,BIS_same_minus_opposite_cosine,3764,-0.04028012648676382
upcoming_large_intervention,State-Grounded,180,BIS_same_minus_opposite_cosine,3768,0.0201731219887733
upcoming_large_intervention,State-Grounded,180,BIS_same_minus_opposite_cosine,3852,0.012345204750696781
upcoming_large_intervention,State-Grounded,180,BIS_same_minus_opposite_cosine,3967,0.17606820352375507
upcoming_large_intervention,State-Grounded,180,BIS_same_minus_opposite_cosine,3976,-0.014768761893113491
upcoming_large_intervention,State-Grounded,180,BIS_same_minus_opposite_cosine,3978,0.11792910844087601
upcoming_large_intervention,State-Grounded,180,BIS_same_minus_opposite_cosine,3985,0.08326930118103815
upcoming_large_intervention,State-Grounded,180,BIS_same_minus_opposite_cosine,4016,0.11443890773114695
upcoming_large_intervention,State-Grounded,180,BIS_same_minus_opposite_cosine,4080,0.05298332994182908
upcoming_large_intervention,State-Grounded,180,BIS_same_minus_opposite_cosine,4293,0.016352250494740206
upcoming_large_intervention,State-Grounded,180,BIS_same_minus_opposite_cosine,4312,-0.08051704242825508
upcoming_large_intervention,State-Grounded,180,BIS_same_minus_opposite_cosine,4529,0.016009649634361245
upcoming_large_intervention,State-Grounded,180,BIS_same_minus_opposite_cosine,4540,0.039650402466456014
upcoming_large_intervention,State-Grounded,180,BIS_same_minus_opposite_cosine,4638,0.013403822978337643
upcoming_large_intervention,State-Grounded,180,BIS_same_minus_opposite_cosine,4686,0.06976114890792151
upcoming_large_intervention,State-Grounded,180,BIS_same_minus_opposite_cosine,4821,0.06565978761875269
upcoming_large_intervention,State-Grounded,180,BIS_same_minus_opposite_cosine,4865,-0.04232384670864453
upcoming_large_intervention,State-Grounded,180,BIS_same_minus_opposite_cosine,4944,0.13891581874905212
upcoming_large_intervention,State-Grounded,180,BIS_same_minus_opposite_cosine,5309,-0.04947363652966241
upcoming_large_intervention,State-Grounded,180,BIS_same_minus_opposite_cosine,5377,-0.08104737554535713
upcoming_large_intervention,State-Grounded,180,BIS_same_minus_opposite_cosine,5410,-0.03978989663578214
upcoming_large_intervention,State-Grounded,180,BIS_same_minus_opposite_cosine,5454,-0.07550228685140614
upcoming_large_intervention,State-Grounded,180,BIS_same_minus_opposite_cosine,5516,0.016853558520475986
upcoming_large_intervention,State-Grounded,180,BIS_same_minus_opposite_cosine,5600,0.04757387191057205
upcoming_large_intervention,State-Grounded,180,BIS_same_minus_opposite_cosine,5778,0.034837911526362064
upcoming_large_intervention,State-Grounded,180,BIS_same_minus_opposite_cosine,5826,-0.0596247697869936
upcoming_large_intervention,State-Grounded,180,BIS_same_minus_opposite_cosine,5961,0.11009441587057978
upcoming_large_intervention,State-Grounded,180,BIS_same_minus_opposite_cosine,5989,0.15115313231945038
upcoming_large_intervention,State-Grounded,180,BIS_same_minus_opposite_cosine,6025,0.02853301122333063
upcoming_large_intervention,State-Grounded,180,MAP_same_minus_opposite_cosine,105,0.053485748668511635
upcoming_large_intervention,State-Grounded,180,MAP_same_minus_opposite_cosine,323,-0.012078494826952557
upcoming_large_intervention,State-Grounded,180,MAP_same_minus_opposite_cosine,348,0.016370944678783417
upcoming_large_intervention,State-Grounded,180,MAP_same_minus_opposite_cosine,391,-0.08651096577800454
upcoming_large_intervention,State-Grounded,180,MAP_same_minus_opposite_cosine,683,0.03875461386309731
upcoming_large_intervention,State-Grounded,180,MAP_same_minus_opposite_cosine,747,0.001112875387524026
upcoming_large_intervention,State-Grounded,180,MAP_same_minus_opposite_cosine,750,-0.12830759133353387
upcoming_large_intervention,State-Grounded,180,MAP_same_minus_opposite_cosine,758,-0.014130949070959353
upcoming_large_intervention,State-Grounded,180,MAP_same_minus_opposite_cosine,843,0.06109781202041742
upcoming_large_intervention,State-Grounded,180,MAP_same_minus_opposite_cosine,877,0.14252490053574252
upcoming_large_intervention,State-Grounded,180,MAP_same_minus_opposite_cosine,926,0.005157229801018959
upcoming_large_intervention,State-Grounded,180,MAP_same_minus_opposite_cosine,967,0.057202691212296486
upcoming_large_intervention,State-Grounded,180,MAP_same_minus_opposite_cosine,992,-0.11442154596249254
upcoming_large_intervention,State-Grounded,180,MAP_same_minus_opposite_cosine,1014,-0.11823547258973122
upcoming_large_intervention,State-Grounded,180,MAP_same_minus_opposite_cosine,1092,-0.038383761364402136
upcoming_large_intervention,State-Grounded,180,MAP_same_minus_opposite_cosine,1193,-0.06703498338659608
upcoming_large_intervention,State-Grounded,180,MAP_same_minus_opposite_cosine,1308,0.02785115395531501
upcoming_large_intervention,State-Grounded,180,MAP_same_minus_opposite_cosine,1335,0.08045669098695118
upcoming_large_intervention,State-Grounded,180,MAP_same_minus_opposite_cosine,1480,-0.006614424288272858
upcoming_large_intervention,State-Grounded,180,MAP_same_minus_opposite_cosine,1566,-0.058906346559524536
upcoming_large_intervention,State-Grounded,180,MAP_same_minus_opposite_cosine,1636,-0.0954320049948163
upcoming_large_intervention,State-Grounded,180,MAP_same_minus_opposite_cosine,1644,-0.023522871687556846
upcoming_large_intervention,State-Grounded,180,MAP_same_minus_opposite_cosine,1839,0.1069114074110985
upcoming_large_intervention,State-Grounded,180,MAP_same_minus_opposite_cosine,1943,-0.016415610909461975
upcoming_large_intervention,State-Grounded,180,MAP_same_minus_opposite_cosine,2005,0.007727101445198059
upcoming_large_intervention,State-Grounded,180,MAP_same_minus_opposite_cosine,2048,0.037865620520379895
upcoming_large_intervention,State-Grounded,180,MAP_same_minus_opposite_cosine,2173,-0.001048532286376691
upcoming_large_intervention,State-Grounded,180,MAP_same_minus_opposite_cosine,2263,-0.0004471391439437866
upcoming_large_intervention,State-Grounded,180,MAP_same_minus_opposite_cosine,2303,0.03146467929085095
upcoming_large_intervention,State-Grounded,180,MAP_same_minus_opposite_cosine,2308,-0.11988379433751106
upcoming_large_intervention,State-Grounded,180,MAP_same_minus_opposite_cosine,2347,0.01362505803505576
upcoming_large_intervention,State-Grounded,180,MAP_same_minus_opposite_cosine,2361,-0.13967994103829062
upcoming_large_intervention,State-Grounded,180,MAP_same_minus_opposite_cosine,2567,0.14518345457812154
upcoming_large_intervention,State-Grounded,180,MAP_same_minus_opposite_cosine,2900,0.042846451203028324
upcoming_large_intervention,State-Grounded,180,MAP_same_minus_opposite_cosine,2943,-0.17619314500027228
upcoming_large_intervention,State-Grounded,180,MAP_same_minus_opposite_cosine,2946,-0.019007081786791558
upcoming_large_intervention,State-Grounded,180,MAP_same_minus_opposite_cosine,2988,0.02278742897841657
upcoming_large_intervention,State-Grounded,180,MAP_same_minus_opposite_cosine,3261,-0.15991492072741187
upcoming_large_intervention,State-Grounded,180,MAP_same_minus_opposite_cosine,3354,0.02187376717726397
upcoming_large_intervention,State-Grounded,180,MAP_same_minus_opposite_cosine,3387,0.020402230322360992
upcoming_large_intervention,State-Grounded,180,MAP_same_minus_opposite_cosine,3485,0.023257283700837017
upcoming_large_intervention,State-Grounded,180,MAP_same_minus_opposite_cosine,3525,0.04236535926659901
upcoming_large_intervention,State-Grounded,180,MAP_same_minus_opposite_cosine,3569,-0.03590531150499976
upcoming_large_intervention,State-Grounded,180,MAP_same_minus_opposite_cosine,3593,0.03483111908038461
upcoming_large_intervention,State-Grounded,180,MAP_same_minus_opposite_cosine,3613,-0.03324448979563177
upcoming_large_intervention,State-Grounded,180,MAP_same_minus_opposite_cosine,3764,0.0057647557308276864
upcoming_large_intervention,State-Grounded,180,MAP_same_minus_opposite_cosine,3768,-0.014053379992644
upcoming_large_intervention,State-Grounded,180,MAP_same_minus_opposite_cosine,3852,-0.07659243543942773
upcoming_large_intervention,State-Grounded,180,MAP_same_minus_opposite_cosine,3967,0.03183773453488503
upcoming_large_intervention,State-Grounded,180,MAP_same_minus_opposite_cosine,3976,-0.1030318369468054
upcoming_large_intervention,State-Grounded,180,MAP_same_minus_opposite_cosine,3978,-0.021266273928411072
upcoming_large_intervention,State-Grounded,180,MAP_same_minus_opposite_cosine,3985,-0.002938307821750641
upcoming_large_intervention,State-Grounded,180,MAP_same_minus_opposite_cosine,4016,0.04910847445329036
upcoming_large_intervention,State-Grounded,180,MAP_same_minus_opposite_cosine,4080,-0.046988510724269905
upcoming_large_intervention,State-Grounded,180,MAP_same_minus_opposite_cosine,4293,-0.03633517937527764
upcoming_large_intervention,State-Grounded,180,MAP_same_minus_opposite_cosine,4312,-0.03984257556272275
upcoming_large_intervention,State-Grounded,180,MAP_same_minus_opposite_cosine,4529,-0.03657875160376223
upcoming_large_intervention,State-Grounded,180,MAP_same_minus_opposite_cosine,4540,-0.005067484577496839
upcoming_large_intervention,State-Grounded,180,MAP_same_minus_opposite_cosine,4638,-0.030592485020558002
upcoming_large_intervention,State-Grounded,180,MAP_same_minus_opposite_cosine,4686,-0.0638677105307579
upcoming_large_intervention,State-Grounded,180,MAP_same_minus_opposite_cosine,4821,0.11790508573705505
upcoming_large_intervention,State-Grounded,180,MAP_same_minus_opposite_cosine,4865,-0.07318788177023339
upcoming_large_intervention,State-Grounded,180,MAP_same_minus_opposite_cosine,4944,-0.047617437938849094
upcoming_large_intervention,State-Grounded,180,MAP_same_minus_opposite_cosine,5309,-0.12034754567977146
upcoming_large_intervention,State-Grounded,180,MAP_same_minus_opposite_cosine,5377,-0.04348141948382056
upcoming_large_intervention,State-Grounded,180,MAP_same_minus_opposite_cosine,5410,-0.014012201040080052
upcoming_large_intervention,State-Grounded,180,MAP_same_minus_opposite_cosine,5454,0.03886279712120688
upcoming_large_intervention,State-Grounded,180,MAP_same_minus_opposite_cosine,5516,-0.16203498281538486
upcoming_large_intervention,State-Grounded,180,MAP_same_minus_opposite_cosine,5600,0.04536722103754676
upcoming_large_intervention,State-Grounded,180,MAP_same_minus_opposite_cosine,5778,-0.003646379393158594
upcoming_large_intervention,State-Grounded,180,MAP_same_minus_opposite_cosine,5826,-0.05690355350573861
upcoming_large_intervention,State-Grounded,180,MAP_same_minus_opposite_cosine,5961,-0.05647256541432755
upcoming_large_intervention,State-Grounded,180,MAP_same_minus_opposite_cosine,5989,-0.08078352693054403
upcoming_large_intervention,State-Grounded,180,MAP_same_minus_opposite_cosine,6025,0.06589817007382714
upcoming_large_intervention,State-Grounded,180,triplet_accuracy,323,0.65
upcoming_large_intervention,State-Grounded,180,triplet_accuracy,348,0.65
upcoming_large_intervention,State-Grounded,180,triplet_accuracy,391,0.55
upcoming_large_intervention,State-Grounded,180,triplet_accuracy,683,0.65
upcoming_large_intervention,State-Grounded,180,triplet_accuracy,747,0.45
upcoming_large_intervention,State-Grounded,180,triplet_accuracy,750,0.5
upcoming_large_intervention,State-Grounded,180,triplet_accuracy,758,0.65
upcoming_large_intervention,State-Grounded,180,triplet_accuracy,843,0.5
upcoming_large_intervention,State-Grounded,180,triplet_accuracy,967,0.6
upcoming_large_intervention,State-Grounded,180,triplet_accuracy,1014,0.4
upcoming_large_intervention,State-Grounded,180,triplet_accuracy,1092,0.4
upcoming_large_intervention,State-Grounded,180,triplet_accuracy,1193,0.5
upcoming_large_intervention,State-Grounded,180,triplet_accuracy,1335,0.5
upcoming_large_intervention,State-Grounded,180,triplet_accuracy,1480,0.65
upcoming_large_intervention,State-Grounded,180,triplet_accuracy,1566,0.45
upcoming_large_intervention,State-Grounded,180,triplet_accuracy,1839,0.25
upcoming_large_intervention,State-Grounded,180,triplet_accuracy,1943,0.7
upcoming_large_intervention,State-Grounded,180,triplet_accuracy,2005,0.6
upcoming_large_intervention,State-Grounded,180,triplet_accuracy,2048,0.7
upcoming_large_intervention,State-Grounded,180,triplet_accuracy,2173,0.45
upcoming_large_intervention,State-Grounded,180,triplet_accuracy,2263,0.5
upcoming_large_intervention,State-Grounded,180,triplet_accuracy,2303,0.7
upcoming_large_intervention,State-Grounded,180,triplet_accuracy,2308,0.65
upcoming_large_intervention,State-Grounded,180,triplet_accuracy,2347,0.6
upcoming_large_intervention,State-Grounded,180,triplet_accuracy,2361,0.35
upcoming_large_intervention,State-Grounded,180,triplet_accuracy,2567,0.6
upcoming_large_intervention,State-Grounded,180,triplet_accuracy,2943,0.45
upcoming_large_intervention,State-Grounded,180,triplet_accuracy,2988,0.7
upcoming_large_intervention,State-Grounded,180,triplet_accuracy,3261,0.75
upcoming_large_intervention,State-Grounded,180,triplet_accuracy,3354,0.55
upcoming_large_intervention,State-Grounded,180,triplet_accuracy,3525,0.65
upcoming_large_intervention,State-Grounded,180,triplet_accuracy,3569,0.5
upcoming_large_intervention,State-Grounded,180,triplet_accuracy,3593,0.7
upcoming_large_intervention,State-Grounded,180,triplet_accuracy,3768,0.6
upcoming_large_intervention,State-Grounded,180,triplet_accuracy,3852,0.6
upcoming_large_intervention,State-Grounded,180,triplet_accuracy,3967,0.5
upcoming_large_intervention,State-Grounded,180,triplet_accuracy,3978,0.55
upcoming_large_intervention,State-Grounded,180,triplet_accuracy,3985,0.65
upcoming_large_intervention,State-Grounded,180,triplet_accuracy,4016,0.4
upcoming_large_intervention,State-Grounded,180,triplet_accuracy,4293,0.3
upcoming_large_intervention,State-Grounded,180,triplet_accuracy,4312,0.6
upcoming_large_intervention,State-Grounded,180,triplet_accuracy,4529,0.55
upcoming_large_intervention,State-Grounded,180,triplet_accuracy,4540,0.75
upcoming_large_intervention,State-Grounded,180,triplet_accuracy,4686,0.55
upcoming_large_intervention,State-Grounded,180,triplet_accuracy,4821,0.55
upcoming_large_intervention,State-Grounded,180,triplet_accuracy,4865,0.45
upcoming_large_intervention,State-Grounded,180,triplet_accuracy,4944,0.7
upcoming_large_intervention,State-Grounded,180,triplet_accuracy,5309,0.45
upcoming_large_intervention,State-Grounded,180,triplet_accuracy,5377,0.5
upcoming_large_intervention,State-Grounded,180,triplet_accuracy,5410,0.6
upcoming_large_intervention,State-Grounded,180,triplet_accuracy,5454,0.55
upcoming_large_intervention,State-Grounded,180,triplet_accuracy,5516,0.4
upcoming_large_intervention,State-Grounded,180,triplet_accuracy,5600,0.45
upcoming_large_intervention,State-Grounded,180,triplet_accuracy,5778,0.45
upcoming_large_intervention,State-Grounded,180,triplet_accuracy,5989,0.45
upcoming_large_intervention,State-Grounded,180,triplet_accuracy,6025,0.5
initiation,State-Grounded,180,BIS_same_minus_opposite_cosine,105,0.189460788712357
initiation,State-Grounded,180,BIS_same_minus_opposite_cosine,323,0.10441811134417855
initiation,State-Grounded,180,BIS_same_minus_opposite_cosine,348,0.013430193776176158
initiation,State-Grounded,180,BIS_same_minus_opposite_cosine,391,-0.019659830464257122
initiation,State-Grounded,180,BIS_same_minus_opposite_cosine,683,-0.025859096736619014
initiation,State-Grounded,180,BIS_same_minus_opposite_cosine,747,0.0834008657345266
initiation,State-Grounded,180,BIS_same_minus_opposite_cosine,750,0.0833656142155329
initiation,State-Grounded,180,BIS_same_minus_opposite_cosine,758,0.10290461530288064
initiation,State-Grounded,180,BIS_same_minus_opposite_cosine,843,-0.10133676379919054
initiation,State-Grounded,180,BIS_same_minus_opposite_cosine,877,0.07474217123605986
initiation,State-Grounded,180,BIS_same_minus_opposite_cosine,926,0.07440313109845831
initiation,State-Grounded,180,BIS_same_minus_opposite_cosine,967,0.010936529686053631
initiation,State-Grounded,180,BIS_same_minus_opposite_cosine,992,0.002957699199517605
initiation,State-Grounded,180,BIS_same_minus_opposite_cosine,1014,0.028955305164510503
initiation,State-Grounded,180,BIS_same_minus_opposite_cosine,1092,0.20223193083490643
initiation,State-Grounded,180,BIS_same_minus_opposite_cosine,1193,0.0702051731447379
initiation,State-Grounded,180,BIS_same_minus_opposite_cosine,1308,0.01506323006116983
initiation,State-Grounded,180,BIS_same_minus_opposite_cosine,1335,0.09144360137482488
initiation,State-Grounded,180,BIS_same_minus_opposite_cosine,1480,-0.10046331286430354
initiation,State-Grounded,180,BIS_same_minus_opposite_cosine,1566,-0.08049054511568765
initiation,State-Grounded,180,BIS_same_minus_opposite_cosine,1636,0.0767464764190442
initiation,State-Grounded,180,BIS_same_minus_opposite_cosine,1644,0.14421708633502328
initiation,State-Grounded,180,BIS_same_minus_opposite_cosine,1839,0.09575644358992574
initiation,State-Grounded,180,BIS_same_minus_opposite_cosine,1943,0.09738513601548737
initiation,State-Grounded,180,BIS_same_minus_opposite_cosine,2005,0.10585403577847918
initiation,State-Grounded,180,BIS_same_minus_opposite_cosine,2048,0.03732274174690242
initiation,State-Grounded,180,BIS_same_minus_opposite_cosine,2173,0.0017118859622212712
initiation,State-Grounded,180,BIS_same_minus_opposite_cosine,2263,0.07312758266925812
initiation,State-Grounded,180,BIS_same_minus_opposite_cosine,2303,-0.014396041857473785
initiation,State-Grounded,180,BIS_same_minus_opposite_cosine,2308,-0.17538471106025907
initiation,State-Grounded,180,BIS_same_minus_opposite_cosine,2347,0.07925892034263327
initiation,State-Grounded,180,BIS_same_minus_opposite_cosine,2361,-0.0805349163711071
initiation,State-Grounded,180,BIS_same_minus_opposite_cosine,2567,-0.021522413690884923
initiation,State-Grounded,180,BIS_same_minus_opposite_cosine,2900,-0.06186956912279129
initiation,State-Grounded,180,BIS_same_minus_opposite_cosine,2943,0.0731142402937015
initiation,State-Grounded,180,BIS_same_minus_opposite_cosine,2946,0.1031319518884023
initiation,State-Grounded,180,BIS_same_minus_opposite_cosine,2988,0.23611993455525598
initiation,State-Grounded,180,BIS_same_minus_opposite_cosine,3354,0.13388284860235278
initiation,State-Grounded,180,BIS_same_minus_opposite_cosine,3387,-0.09328548796474934
initiation,State-Grounded,180,BIS_same_minus_opposite_cosine,3485,-0.0017863640354739418
initiation,State-Grounded,180,BIS_same_minus_opposite_cosine,3525,-0.06587678464976221
initiation,State-Grounded,180,BIS_same_minus_opposite_cosine,3569,0.020585516591866804
initiation,State-Grounded,180,BIS_same_minus_opposite_cosine,3593,0.03651427328586576
initiation,State-Grounded,180,BIS_same_minus_opposite_cosine,3613,0.05284399065104395
initiation,State-Grounded,180,BIS_same_minus_opposite_cosine,3764,0.08745706036235346
initiation,State-Grounded,180,BIS_same_minus_opposite_cosine,3768,0.0036926499821923198
initiation,State-Grounded,180,BIS_same_minus_opposite_cosine,3852,-0.04216446975866961
initiation,State-Grounded,180,BIS_same_minus_opposite_cosine,3967,0.008769012987613678
initiation,State-Grounded,180,BIS_same_minus_opposite_cosine,3976,0.1481881129244963
initiation,State-Grounded,180,BIS_same_minus_opposite_cosine,3978,0.058838299413522144
initiation,State-Grounded,180,BIS_same_minus_opposite_cosine,3985,0.04012993474801385
initiation,State-Grounded,180,BIS_same_minus_opposite_cosine,4016,0.17625160763661063
initiation,State-Grounded,180,BIS_same_minus_opposite_cosine,4080,0.04430215722984743
initiation,State-Grounded,180,BIS_same_minus_opposite_cosine,4293,0.18284389737880596
initiation,State-Grounded,180,BIS_same_minus_opposite_cosine,4312,0.06532372037569678
initiation,State-Grounded,180,BIS_same_minus_opposite_cosine,4540,-0.00258320411949442
initiation,State-Grounded,180,BIS_same_minus_opposite_cosine,4638,0.01584368778599632
initiation,State-Grounded,180,BIS_same_minus_opposite_cosine,4686,0.0825499087572098
initiation,State-Grounded,180,BIS_same_minus_opposite_cosine,4865,0.11337523546182748
initiation,State-Grounded,180,BIS_same_minus_opposite_cosine,4944,0.11945867704020607
initiation,State-Grounded,180,BIS_same_minus_opposite_cosine,5309,0.035204639534155535
initiation,State-Grounded,180,BIS_same_minus_opposite_cosine,5377,0.0014368866880735132
initiation,State-Grounded,180,BIS_same_minus_opposite_cosine,5410,0.028928348173697827
initiation,State-Grounded,180,BIS_same_minus_opposite_cosine,5454,0.03453695525725686
initiation,State-Grounded,180,BIS_same_minus_opposite_cosine,5516,0.0693706437235786
initiation,State-Grounded,180,BIS_same_minus_opposite_cosine,5600,0.06830724359800422
initiation,State-Grounded,180,BIS_same_minus_opposite_cosine,5778,0.0843857626120249
initiation,State-Grounded,180,BIS_same_minus_opposite_cosine,5826,0.007258504629135132
initiation,State-Grounded,180,BIS_same_minus_opposite_cosine,5961,0.00975843436188173
initiation,State-Grounded,180,BIS_same_minus_opposite_cosine,5989,0.017160659260821998
initiation,State-Grounded,180,BIS_same_minus_opposite_cosine,6025,0.12067197014888131
initiation,State-Grounded,180,MAP_same_minus_opposite_cosine,105,-0.10761498388918966
initiation,State-Grounded,180,MAP_same_minus_opposite_cosine,323,0.2143334113061428
initiation,State-Grounded,180,MAP_same_minus_opposite_cosine,348,0.03937496312639932
initiation,State-Grounded,180,MAP_same_minus_opposite_cosine,391,0.14983077223102248
initiation,State-Grounded,180,MAP_same_minus_opposite_cosine,683,0.028059375782807594
initiation,State-Grounded,180,MAP_same_minus_opposite_cosine,747,0.03855748499433201
initiation,State-Grounded,180,MAP_same_minus_opposite_cosine,750,-0.046826961139837864
initiation,State-Grounded,180,MAP_same_minus_opposite_cosine,758,0.013021225730578068
initiation,State-Grounded,180,MAP_same_minus_opposite_cosine,843,0.011335706781773425
initiation,State-Grounded,180,MAP_same_minus_opposite_cosine,877,0.0973072210947672
initiation,State-Grounded,180,MAP_same_minus_opposite_cosine,926,0.023055878778298733
initiation,State-Grounded,180,MAP_same_minus_opposite_cosine,967,0.02845707253524754
initiation,State-Grounded,180,MAP_same_minus_opposite_cosine,992,-0.02549976110458374
initiation,State-Grounded,180,MAP_same_minus_opposite_cosine,1014,0.16583385691046715
initiation,State-Grounded,180,MAP_same_minus_opposite_cosine,1092,0.11449978748957312
initiation,State-Grounded,180,MAP_same_minus_opposite_cosine,1193,0.07490512749387157
initiation,State-Grounded,180,MAP_same_minus_opposite_cosine,1308,0.09015082319577539
initiation,State-Grounded,180,MAP_same_minus_opposite_cosine,1335,0.0514324373669095
initiation,State-Grounded,180,MAP_same_minus_opposite_cosine,1480,-0.06265373528003693
initiation,State-Grounded,180,MAP_same_minus_opposite_cosine,1566,0.041954658248207766
initiation,State-Grounded,180,MAP_same_minus_opposite_cosine,1636,-0.1293864072197013
initiation,State-Grounded,180,MAP_same_minus_opposite_cosine,1644,-0.06487530128409469
initiation,State-Grounded,180,MAP_same_minus_opposite_cosine,1839,-0.06713381093559845
initiation,State-Grounded,180,MAP_same_minus_opposite_cosine,1943,-0.02402119315934903
initiation,State-Grounded,180,MAP_same_minus_opposite_cosine,2005,-0.09087752352158229
initiation,State-Grounded,180,MAP_same_minus_opposite_cosine,2048,0.0030174553394317627
initiation,State-Grounded,180,MAP_same_minus_opposite_cosine,2173,0.05767644374143516
initiation,State-Grounded,180,MAP_same_minus_opposite_cosine,2263,0.03403666516145076
initiation,State-Grounded,180,MAP_same_minus_opposite_cosine,2303,0.047128659486770585
initiation,State-Grounded,180,MAP_same_minus_opposite_cosine,2308,0.1713651601846019
initiation,State-Grounded,180,MAP_same_minus_opposite_cosine,2347,0.09346803228060402
initiation,State-Grounded,180,MAP_same_minus_opposite_cosine,2361,0.04032311836878466
initiation,State-Grounded,180,MAP_same_minus_opposite_cosine,2567,0.08096451001862681
initiation,State-Grounded,180,MAP_same_minus_opposite_cosine,2900,0.06941756506760921
initiation,State-Grounded,180,MAP_same_minus_opposite_cosine,2943,0.008161344130834025
initiation,State-Grounded,180,MAP_same_minus_opposite_cosine,2946,-0.0069861637823509515
initiation,State-Grounded,180,MAP_same_minus_opposite_cosine,2988,0.01913972099622091
initiation,State-Grounded,180,MAP_same_minus_opposite_cosine,3354,-0.05063761522372556
initiation,State-Grounded,180,MAP_same_minus_opposite_cosine,3387,-0.1080778489510218
initiation,State-Grounded,180,MAP_same_minus_opposite_cosine,3485,0.06155087018296834
initiation,State-Grounded,180,MAP_same_minus_opposite_cosine,3525,0.022917772332827213
initiation,State-Grounded,180,MAP_same_minus_opposite_cosine,3569,0.07334132244189584
initiation,State-Grounded,180,MAP_same_minus_opposite_cosine,3593,0.1625751828153928
initiation,State-Grounded,180,MAP_same_minus_opposite_cosine,3613,-0.005888677305645351
initiation,State-Grounded,180,MAP_same_minus_opposite_cosine,3764,-0.016385070979595184
initiation,State-Grounded,180,MAP_same_minus_opposite_cosine,3768,-0.011899900707331601
initiation,State-Grounded,180,MAP_same_minus_opposite_cosine,3852,-0.05869056036074949
initiation,State-Grounded,180,MAP_same_minus_opposite_cosine,3967,-0.08280872354904811
initiation,State-Grounded,180,MAP_same_minus_opposite_cosine,3976,-0.06489619364341104
initiation,State-Grounded,180,MAP_same_minus_opposite_cosine,3978,0.03425388038158417
initiation,State-Grounded,180,MAP_same_minus_opposite_cosine,3985,-0.002995080749193746
initiation,State-Grounded,180,MAP_same_minus_opposite_cosine,4016,-0.023911083399346333
initiation,State-Grounded,180,MAP_same_minus_opposite_cosine,4080,0.04696027437845873
initiation,State-Grounded,180,MAP_same_minus_opposite_cosine,4293,-0.020102356193643645
initiation,State-Grounded,180,MAP_same_minus_opposite_cosine,4312,0.018518730998039246
initiation,State-Grounded,180,MAP_same_minus_opposite_cosine,4540,0.009913548827171326
initiation,State-Grounded,180,MAP_same_minus_opposite_cosine,4638,0.10808391514278592
initiation,State-Grounded,180,MAP_same_minus_opposite_cosine,4686,-0.05729503681262327
initiation,State-Grounded,180,MAP_same_minus_opposite_cosine,4865,-0.12259663703540963
initiation,State-Grounded,180,MAP_same_minus_opposite_cosine,4944,-0.013075132487398222
initiation,State-Grounded,180,MAP_same_minus_opposite_cosine,5309,-0.01655732691287992
initiation,State-Grounded,180,MAP_same_minus_opposite_cosine,5377,0.1022627157243815
initiation,State-Grounded,180,MAP_same_minus_opposite_cosine,5410,-0.05142784118652344
initiation,State-Grounded,180,MAP_same_minus_opposite_cosine,5454,0.05887526211639249
initiation,State-Grounded,180,MAP_same_minus_opposite_cosine,5516,-0.019225376968582397
initiation,State-Grounded,180,MAP_same_minus_opposite_cosine,5600,-0.08808598915735877
initiation,State-Grounded,180,MAP_same_minus_opposite_cosine,5778,-0.06698597651539429
initiation,State-Grounded,180,MAP_same_minus_opposite_cosine,5826,-0.02437762618064876
initiation,State-Grounded,180,MAP_same_minus_opposite_cosine,5961,0.03206415745345026
initiation,State-Grounded,180,MAP_same_minus_opposite_cosine,5989,0.06968525846799223
initiation,State-Grounded,180,MAP_same_minus_opposite_cosine,6025,0.010456295477019428
initiation,State-Grounded,180,triplet_accuracy,323,0.55
initiation,State-Grounded,180,triplet_accuracy,348,0.65
initiation,State-Grounded,180,triplet_accuracy,391,0.55
initiation,State-Grounded,180,triplet_accuracy,683,0.6
initiation,State-Grounded,180,triplet_accuracy,747,0.45
initiation,State-Grounded,180,triplet_accuracy,750,0.6
initiation,State-Grounded,180,triplet_accuracy,758,0.6
initiation,State-Grounded,180,triplet_accuracy,843,0.4
initiation,State-Grounded,180,triplet_accuracy,967,0.65
initiation,State-Grounded,180,triplet_accuracy,1014,0.55
initiation,State-Grounded,180,triplet_accuracy,1092,0.4
initiation,State-Grounded,180,triplet_accuracy,1193,0.55
initiation,State-Grounded,180,triplet_accuracy,1335,0.65
initiation,State-Grounded,180,triplet_accuracy,1480,0.5
initiation,State-Grounded,180,triplet_accuracy,1566,0.45
initiation,State-Grounded,180,triplet_accuracy,1839,0.65
initiation,State-Grounded,180,triplet_accuracy,1943,0.5
initiation,State-Grounded,180,triplet_accuracy,2005,0.6
initiation,State-Grounded,180,triplet_accuracy,2048,0.6
initiation,State-Grounded,180,triplet_accuracy,2173,0.5
initiation,State-Grounded,180,triplet_accuracy,2263,0.7
initiation,State-Grounded,180,triplet_accuracy,2303,0.6
initiation,State-Grounded,180,triplet_accuracy,2308,0.4
initiation,State-Grounded,180,triplet_accuracy,2347,0.65
initiation,State-Grounded,180,triplet_accuracy,2361,0.5
initiation,State-Grounded,180,triplet_accuracy,2567,0.55
initiation,State-Grounded,180,triplet_accuracy,2943,0.75
initiation,State-Grounded,180,triplet_accuracy,2988,0.65
initiation,State-Grounded,180,triplet_accuracy,3354,0.55
initiation,State-Grounded,180,triplet_accuracy,3525,0.45
initiation,State-Grounded,180,triplet_accuracy,3569,0.7
initiation,State-Grounded,180,triplet_accuracy,3593,0.5
initiation,State-Grounded,180,triplet_accuracy,3768,0.6
initiation,State-Grounded,180,triplet_accuracy,3852,0.6
initiation,State-Grounded,180,triplet_accuracy,3967,0.35
initiation,State-Grounded,180,triplet_accuracy,3978,0.6
initiation,State-Grounded,180,triplet_accuracy,3985,0.75
initiation,State-Grounded,180,triplet_accuracy,4016,0.65
initiation,State-Grounded,180,triplet_accuracy,4293,0.5
initiation,State-Grounded,180,triplet_accuracy,4312,0.6
initiation,State-Grounded,180,triplet_accuracy,4540,0.65
initiation,State-Grounded,180,triplet_accuracy,4686,0.55
initiation,State-Grounded,180,triplet_accuracy,4865,0.5
initiation,State-Grounded,180,triplet_accuracy,4944,0.5
initiation,State-Grounded,180,triplet_accuracy,5309,0.6
initiation,State-Grounded,180,triplet_accuracy,5377,0.6
initiation,State-Grounded,180,triplet_accuracy,5410,0.65
initiation,State-Grounded,180,triplet_accuracy,5454,0.55
initiation,State-Grounded,180,triplet_accuracy,5516,0.6
initiation,State-Grounded,180,triplet_accuracy,5600,0.65
initiation,State-Grounded,180,triplet_accuracy,5778,0.65
initiation,State-Grounded,180,triplet_accuracy,5989,0.4
initiation,State-Grounded,180,triplet_accuracy,6025,0.55
increase,State-Grounded,180,BIS_same_minus_opposite_cosine,105,0.006734008590380425
increase,State-Grounded,180,BIS_same_minus_opposite_cosine,323,-0.013797962831126331
increase,State-Grounded,180,BIS_same_minus_opposite_cosine,348,0.09511593368017313
increase,State-Grounded,180,BIS_same_minus_opposite_cosine,391,-0.012615874183900422
increase,State-Grounded,180,BIS_same_minus_opposite_cosine,683,0.06929204296885116
increase,State-Grounded,180,BIS_same_minus_opposite_cosine,747,-0.07299993435541785
increase,State-Grounded,180,BIS_same_minus_opposite_cosine,750,0.04777571236093847
increase,State-Grounded,180,BIS_same_minus_opposite_cosine,758,0.11363899856805804
increase,State-Grounded,180,BIS_same_minus_opposite_cosine,843,0.15316689262787508
increase,State-Grounded,180,BIS_same_minus_opposite_cosine,877,-0.12127841810385387
increase,State-Grounded,180,BIS_same_minus_opposite_cosine,926,0.011751789351304387
increase,State-Grounded,180,BIS_same_minus_opposite_cosine,967,0.1162326641380787
increase,State-Grounded,180,BIS_same_minus_opposite_cosine,992,0.0311943408515718
increase,State-Grounded,180,BIS_same_minus_opposite_cosine,1092,0.0407990139155161
increase,State-Grounded,180,BIS_same_minus_opposite_cosine,1193,0.07673053112294947
increase,State-Grounded,180,BIS_same_minus_opposite_cosine,1308,0.014256107762004477
increase,State-Grounded,180,BIS_same_minus_opposite_cosine,1335,-0.08396499852339423
increase,State-Grounded,180,BIS_same_minus_opposite_cosine,1480,0.0010836621125538404
increase,State-Grounded,180,BIS_same_minus_opposite_cosine,1566,0.05739727492133778
increase,State-Grounded,180,BIS_same_minus_opposite_cosine,1636,0.07245464424292247
increase,State-Grounded,180,BIS_same_minus_opposite_cosine,1644,0.15376376919448376
increase,State-Grounded,180,BIS_same_minus_opposite_cosine,1943,0.04112416803836827
increase,State-Grounded,180,BIS_same_minus_opposite_cosine,2005,-0.041806302255108174
increase,State-Grounded,180,BIS_same_minus_opposite_cosine,2048,-0.013302061955134059
increase,State-Grounded,180,BIS_same_minus_opposite_cosine,2173,-0.02245325446128843
increase,State-Grounded,180,BIS_same_minus_opposite_cosine,2263,0.07835881039500231
increase,State-Grounded,180,BIS_same_minus_opposite_cosine,2303,0.21874755254636202
increase,State-Grounded,180,BIS_same_minus_opposite_cosine,2308,0.05810963859160745
increase,State-Grounded,180,BIS_same_minus_opposite_cosine,2361,0.05054882831043672
increase,State-Grounded,180,BIS_same_minus_opposite_cosine,2567,-0.0386279042471539
increase,State-Grounded,180,BIS_same_minus_opposite_cosine,2900,0.000845895210901837
increase,State-Grounded,180,BIS_same_minus_opposite_cosine,2943,-0.0456068639953931
increase,State-Grounded,180,BIS_same_minus_opposite_cosine,2946,0.01791744396993611
increase,State-Grounded,180,BIS_same_minus_opposite_cosine,3261,0.07093583916624391
increase,State-Grounded,180,BIS_same_minus_opposite_cosine,3354,0.07578942262464106
increase,State-Grounded,180,BIS_same_minus_opposite_cosine,3387,-0.035157230993111965
increase,State-Grounded,180,BIS_same_minus_opposite_cosine,3485,-0.015260244409243229
increase,State-Grounded,180,BIS_same_minus_opposite_cosine,3525,0.12081222868326946
increase,State-Grounded,180,BIS_same_minus_opposite_cosine,3593,-0.049615174531936646
increase,State-Grounded,180,BIS_same_minus_opposite_cosine,3613,0.07749502062797542
increase,State-Grounded,180,BIS_same_minus_opposite_cosine,3768,0.077068739655343
increase,State-Grounded,180,BIS_same_minus_opposite_cosine,3852,0.14121316870053613
increase,State-Grounded,180,BIS_same_minus_opposite_cosine,3967,0.03310594233599573
increase,State-Grounded,180,BIS_same_minus_opposite_cosine,3976,-0.05039337548342615
increase,State-Grounded,180,BIS_same_minus_opposite_cosine,3978,-0.041648401229670506
increase,State-Grounded,180,BIS_same_minus_opposite_cosine,3985,0.07315745539963248
increase,State-Grounded,180,BIS_same_minus_opposite_cosine,4016,0.06908866100841093
increase,State-Grounded,180,BIS_same_minus_opposite_cosine,4080,-0.042801956335703495
increase,State-Grounded,180,BIS_same_minus_opposite_cosine,4293,0.18301317592461908
increase,State-Grounded,180,BIS_same_minus_opposite_cosine,4312,-0.12347580964366589
increase,State-Grounded,180,BIS_same_minus_opposite_cosine,4529,0.09516346454620361
increase,State-Grounded,180,BIS_same_minus_opposite_cosine,4540,0.03286651454658973
increase,State-Grounded,180,BIS_same_minus_opposite_cosine,4638,-0.1533635134498278
increase,State-Grounded,180,BIS_same_minus_opposite_cosine,4686,-0.06273103257020307
increase,State-Grounded,180,BIS_same_minus_opposite_cosine,4821,0.06556288450956349
increase,State-Grounded,180,BIS_same_minus_opposite_cosine,4865,0.1313585620937926
increase,State-Grounded,180,BIS_same_minus_opposite_cosine,4944,-0.1548948436975479
increase,State-Grounded,180,BIS_same_minus_opposite_cosine,5309,-0.0015941498180230829
increase,State-Grounded,180,BIS_same_minus_opposite_cosine,5377,0.12151092787583673
increase,State-Grounded,180,BIS_same_minus_opposite_cosine,5410,-0.05921900272369385
increase,State-Grounded,180,BIS_same_minus_opposite_cosine,5454,0.10065114178827833
increase,State-Grounded,180,BIS_same_minus_opposite_cosine,5516,0.17840759207805001
increase,State-Grounded,180,BIS_same_minus_opposite_cosine,5600,0.07861779878536856
increase,State-Grounded,180,BIS_same_minus_opposite_cosine,5778,0.14607940862576163
increase,State-Grounded,180,BIS_same_minus_opposite_cosine,5826,0.11452041665712986
increase,State-Grounded,180,BIS_same_minus_opposite_cosine,5961,0.014263535539309147
increase,State-Grounded,180,BIS_same_minus_opposite_cosine,5989,-0.023937084608607773
increase,State-Grounded,180,MAP_same_minus_opposite_cosine,105,0.0013918224157708492
increase,State-Grounded,180,MAP_same_minus_opposite_cosine,323,-0.05492988883545902
increase,State-Grounded,180,MAP_same_minus_opposite_cosine,348,0.05295375088850651
increase,State-Grounded,180,MAP_same_minus_opposite_cosine,391,-0.07977670710533857
increase,State-Grounded,180,MAP_same_minus_opposite_cosine,683,-0.05329053004582729
increase,State-Grounded,180,MAP_same_minus_opposite_cosine,747,-0.05760399681149109
increase,State-Grounded,180,MAP_same_minus_opposite_cosine,750,0.05340944727261865
increase,State-Grounded,180,MAP_same_minus_opposite_cosine,758,0.033308371901512146
increase,State-Grounded,180,MAP_same_minus_opposite_cosine,843,0.11285855327591743
increase,State-Grounded,180,MAP_same_minus_opposite_cosine,877,-0.13254659261667368
increase,State-Grounded,180,MAP_same_minus_opposite_cosine,926,0.052763378304062525
increase,State-Grounded,180,MAP_same_minus_opposite_cosine,967,0.017393242567777634
increase,State-Grounded,180,MAP_same_minus_opposite_cosine,992,-0.0817762017250061
increase,State-Grounded,180,MAP_same_minus_opposite_cosine,1092,0.0377171696587042
increase,State-Grounded,180,MAP_same_minus_opposite_cosine,1193,-0.034697920083999634
increase,State-Grounded,180,MAP_same_minus_opposite_cosine,1308,0.06335483690102894
increase,State-Grounded,180,MAP_same_minus_opposite_cosine,1335,0.014380027173143461
increase,State-Grounded,180,MAP_same_minus_opposite_cosine,1480,0.039288279685107175
increase,State-Grounded,180,MAP_same_minus_opposite_cosine,1566,0.057152282446622904
increase,State-Grounded,180,MAP_same_minus_opposite_cosine,1636,0.03521401909264654
increase,State-Grounded,180,MAP_same_minus_opposite_cosine,1644,0.12822422723878513
increase,State-Grounded,180,MAP_same_minus_opposite_cosine,1943,-0.06017537934310502
increase,State-Grounded,180,MAP_same_minus_opposite_cosine,2005,-0.09402382026116052
increase,State-Grounded,180,MAP_same_minus_opposite_cosine,2048,0.10760504172907936
increase,State-Grounded,180,MAP_same_minus_opposite_cosine,2173,-0.07558875903487206
increase,State-Grounded,180,MAP_same_minus_opposite_cosine,2263,0.12959956005215645
increase,State-Grounded,180,MAP_same_minus_opposite_cosine,2303,-0.1474777669504737
increase,State-Grounded,180,MAP_same_minus_opposite_cosine,2308,-0.08782163691340067
increase,State-Grounded,180,MAP_same_minus_opposite_cosine,2361,-0.026060872134708202
increase,State-Grounded,180,MAP_same_minus_opposite_cosine,2567,0.15070974330107367
increase,State-Grounded,180,MAP_same_minus_opposite_cosine,2900,-0.061881845905667254
increase,State-Grounded,180,MAP_same_minus_opposite_cosine,2943,-0.08148423085610074
increase,State-Grounded,180,MAP_same_minus_opposite_cosine,2946,-0.013921023092486662
increase,State-Grounded,180,MAP_same_minus_opposite_cosine,3261,0.0028519084056218835
increase,State-Grounded,180,MAP_same_minus_opposite_cosine,3354,0.04531185306382901
increase,State-Grounded,180,MAP_same_minus_opposite_cosine,3387,0.03416483149384009
increase,State-Grounded,180,MAP_same_minus_opposite_cosine,3485,-0.005479607618216309
increase,State-Grounded,180,MAP_same_minus_opposite_cosine,3525,-0.09997167912396521
increase,State-Grounded,180,MAP_same_minus_opposite_cosine,3593,0.05960403382778168
increase,State-Grounded,180,MAP_same_minus_opposite_cosine,3613,0.03134752685825026
increase,State-Grounded,180,MAP_same_minus_opposite_cosine,3768,0.07067487450937426
increase,State-Grounded,180,MAP_same_minus_opposite_cosine,3852,0.035196803510189056
increase,State-Grounded,180,MAP_same_minus_opposite_cosine,3967,0.03537646308541298
increase,State-Grounded,180,MAP_same_minus_opposite_cosine,3976,-0.002272073518146178
increase,State-Grounded,180,MAP_same_minus_opposite_cosine,3978,-0.012541393213199914
increase,State-Grounded,180,MAP_same_minus_opposite_cosine,3985,-0.046588669559269213
increase,State-Grounded,180,MAP_same_minus_opposite_cosine,4016,0.048650151987870593
increase,State-Grounded,180,MAP_same_minus_opposite_cosine,4080,-0.009647384285926819
increase,State-Grounded,180,MAP_same_minus_opposite_cosine,4293,0.08207346002260846
increase,State-Grounded,180,MAP_same_minus_opposite_cosine,4312,-0.006848181908329254
increase,State-Grounded,180,MAP_same_minus_opposite_cosine,4529,0.06662151714166009
increase,State-Grounded,180,MAP_same_minus_opposite_cosine,4540,-0.05352972075343132
increase,State-Grounded,180,MAP_same_minus_opposite_cosine,4638,0.002909365928534302
increase,State-Grounded,180,MAP_same_minus_opposite_cosine,4686,-0.0410422682762146
increase,State-Grounded,180,MAP_same_minus_opposite_cosine,4821,0.02627648345448752
increase,State-Grounded,180,MAP_same_minus_opposite_cosine,4865,0.06741717644035816
increase,State-Grounded,180,MAP_same_minus_opposite_cosine,4944,0.07522397687037785
increase,State-Grounded,180,MAP_same_minus_opposite_cosine,5309,0.13303408094427804
increase,State-Grounded,180,MAP_same_minus_opposite_cosine,5377,0.17015741641322774
increase,State-Grounded,180,MAP_same_minus_opposite_cosine,5410,-0.13331887125968933
increase,State-Grounded,180,MAP_same_minus_opposite_cosine,5454,0.08629510179162025
increase,State-Grounded,180,MAP_same_minus_opposite_cosine,5516,-0.0511724129319191
increase,State-Grounded,180,MAP_same_minus_opposite_cosine,5600,-0.01594872524340951
increase,State-Grounded,180,MAP_same_minus_opposite_cosine,5778,-0.016889955103397414
increase,State-Grounded,180,MAP_same_minus_opposite_cosine,5961,0.15013556995175104
increase,State-Grounded,180,MAP_same_minus_opposite_cosine,5989,-0.005277558709635866
increase,State-Grounded,180,triplet_accuracy,323,0.35
increase,State-Grounded,180,triplet_accuracy,348,0.45
increase,State-Grounded,180,triplet_accuracy,391,0.55
increase,State-Grounded,180,triplet_accuracy,683,0.5
increase,State-Grounded,180,triplet_accuracy,747,0.6
increase,State-Grounded,180,triplet_accuracy,750,0.6
increase,State-Grounded,180,triplet_accuracy,758,0.6
increase,State-Grounded,180,triplet_accuracy,843,0.5
increase,State-Grounded,180,triplet_accuracy,967,0.9
increase,State-Grounded,180,triplet_accuracy,1092,0.6
increase,State-Grounded,180,triplet_accuracy,1193,0.6
increase,State-Grounded,180,triplet_accuracy,1335,0.55
increase,State-Grounded,180,triplet_accuracy,1480,0.6
increase,State-Grounded,180,triplet_accuracy,1566,0.55
increase,State-Grounded,180,triplet_accuracy,1943,0.4
increase,State-Grounded,180,triplet_accuracy,2005,0.55
increase,State-Grounded,180,triplet_accuracy,2048,0.4
increase,State-Grounded,180,triplet_accuracy,2173,0.6
increase,State-Grounded,180,triplet_accuracy,2263,0.65
increase,State-Grounded,180,triplet_accuracy,2303,0.55
increase,State-Grounded,180,triplet_accuracy,2308,0.55
increase,State-Grounded,180,triplet_accuracy,2361,0.4
increase,State-Grounded,180,triplet_accuracy,2567,0.6
increase,State-Grounded,180,triplet_accuracy,2943,0.65
increase,State-Grounded,180,triplet_accuracy,3261,0.55
increase,State-Grounded,180,triplet_accuracy,3354,0.75
increase,State-Grounded,180,triplet_accuracy,3525,0.35
increase,State-Grounded,180,triplet_accuracy,3593,0.3
increase,State-Grounded,180,triplet_accuracy,3768,0.6
increase,State-Grounded,180,triplet_accuracy,3852,0.5
increase,State-Grounded,180,triplet_accuracy,3967,0.6
increase,State-Grounded,180,triplet_accuracy,3978,0.4
increase,State-Grounded,180,triplet_accuracy,3985,0.65
increase,State-Grounded,180,triplet_accuracy,4016,0.55
increase,State-Grounded,180,triplet_accuracy,4293,0.65
increase,State-Grounded,180,triplet_accuracy,4312,0.45
increase,State-Grounded,180,triplet_accuracy,4529,0.3
increase,State-Grounded,180,triplet_accuracy,4540,0.55
increase,State-Grounded,180,triplet_accuracy,4686,0.45
increase,State-Grounded,180,triplet_accuracy,4821,0.6
increase,State-Grounded,180,triplet_accuracy,4865,0.85
increase,State-Grounded,180,triplet_accuracy,4944,0.45
increase,State-Grounded,180,triplet_accuracy,5309,0.6
increase,State-Grounded,180,triplet_accuracy,5377,0.5
increase,State-Grounded,180,triplet_accuracy,5410,0.65
increase,State-Grounded,180,triplet_accuracy,5454,0.55
increase,State-Grounded,180,triplet_accuracy,5516,0.55
increase,State-Grounded,180,triplet_accuracy,5600,0.4
increase,State-Grounded,180,triplet_accuracy,5778,0.45
increase,State-Grounded,180,triplet_accuracy,5989,0.55
decrease,State-Grounded,180,BIS_same_minus_opposite_cosine,105,0.06400291373332334
decrease,State-Grounded,180,BIS_same_minus_opposite_cosine,323,-0.01759065588315334
decrease,State-Grounded,180,BIS_same_minus_opposite_cosine,348,0.05404417837659514
decrease,State-Grounded,180,BIS_same_minus_opposite_cosine,391,0.12133900622526805
decrease,State-Grounded,180,BIS_same_minus_opposite_cosine,683,0.006413946549097771
decrease,State-Grounded,180,BIS_same_minus_opposite_cosine,747,0.01958580513795216
decrease,State-Grounded,180,BIS_same_minus_opposite_cosine,750,0.04516272246837616
decrease,State-Grounded,180,BIS_same_minus_opposite_cosine,758,-0.098759220706092
decrease,State-Grounded,180,BIS_same_minus_opposite_cosine,843,0.012336721022923824
decrease,State-Grounded,180,BIS_same_minus_opposite_cosine,877,-0.07087570564313372
decrease,State-Grounded,180,BIS_same_minus_opposite_cosine,926,-0.02656392918692696
decrease,State-Grounded,180,BIS_same_minus_opposite_cosine,967,-0.00822072250373429
decrease,State-Grounded,180,BIS_same_minus_opposite_cosine,992,-0.00657425278967072
decrease,State-Grounded,180,BIS_same_minus_opposite_cosine,1014,0.021411336958408356
decrease,State-Grounded,180,BIS_same_minus_opposite_cosine,1092,0.029302387074990666
decrease,State-Grounded,180,BIS_same_minus_opposite_cosine,1193,0.03228495518366492
decrease,State-Grounded,180,BIS_same_minus_opposite_cosine,1308,0.06270585457483924
decrease,State-Grounded,180,BIS_same_minus_opposite_cosine,1335,0.04187003937032496
decrease,State-Grounded,180,BIS_same_minus_opposite_cosine,1480,0.1568476971859733
decrease,State-Grounded,180,BIS_same_minus_opposite_cosine,1566,-0.008794852842887169
decrease,State-Grounded,180,BIS_same_minus_opposite_cosine,1636,0.10470534725622693
decrease,State-Grounded,180,BIS_same_minus_opposite_cosine,1644,0.07246098012635205
decrease,State-Grounded,180,BIS_same_minus_opposite_cosine,1839,0.21708070012656122
decrease,State-Grounded,180,BIS_same_minus_opposite_cosine,1943,0.06593259548147523
decrease,State-Grounded,180,BIS_same_minus_opposite_cosine,2005,-0.0318543573220571
decrease,State-Grounded,180,BIS_same_minus_opposite_cosine,2048,-0.019425719750649995
decrease,State-Grounded,180,BIS_same_minus_opposite_cosine,2173,-0.00038005318492650986
decrease,State-Grounded,180,BIS_same_minus_opposite_cosine,2263,0.07833401497566339
decrease,State-Grounded,180,BIS_same_minus_opposite_cosine,2303,0.17389023204644527
decrease,State-Grounded,180,BIS_same_minus_opposite_cosine,2308,-0.001041276823906645
decrease,State-Grounded,180,BIS_same_minus_opposite_cosine,2347,0.04455111672480905
decrease,State-Grounded,180,BIS_same_minus_opposite_cosine,2361,0.0860935928920904
decrease,State-Grounded,180,BIS_same_minus_opposite_cosine,2567,0.09755347736857156
decrease,State-Grounded,180,BIS_same_minus_opposite_cosine,2900,0.057341467766534704
decrease,State-Grounded,180,BIS_same_minus_opposite_cosine,2943,0.016120281183358398
decrease,State-Grounded,180,BIS_same_minus_opposite_cosine,2946,-0.04222837587197614
decrease,State-Grounded,180,BIS_same_minus_opposite_cosine,2988,-0.07230719190203783
decrease,State-Grounded,180,BIS_same_minus_opposite_cosine,3261,0.06360047890080345
decrease,State-Grounded,180,BIS_same_minus_opposite_cosine,3354,0.10329456925392155
decrease,State-Grounded,180,BIS_same_minus_opposite_cosine,3387,0.12350170314311981
decrease,State-Grounded,180,BIS_same_minus_opposite_cosine,3485,-0.0200272780476195
decrease,State-Grounded,180,BIS_same_minus_opposite_cosine,3525,-0.07065492868423462
decrease,State-Grounded,180,BIS_same_minus_opposite_cosine,3569,-0.08321807285149896
decrease,State-Grounded,180,BIS_same_minus_opposite_cosine,3593,0.03531422501518611
decrease,State-Grounded,180,BIS_same_minus_opposite_cosine,3613,0.08408612426784301
decrease,State-Grounded,180,BIS_same_minus_opposite_cosine,3764,0.05935649871826176
decrease,State-Grounded,180,BIS_same_minus_opposite_cosine,3768,-0.04358282436927152
decrease,State-Grounded,180,BIS_same_minus_opposite_cosine,3852,0.013527437592997682
decrease,State-Grounded,180,BIS_same_minus_opposite_cosine,3967,0.08896065751711524
decrease,State-Grounded,180,BIS_same_minus_opposite_cosine,3976,0.043855905532836914
decrease,State-Grounded,180,BIS_same_minus_opposite_cosine,3978,-0.029691426455974557
decrease,State-Grounded,180,BIS_same_minus_opposite_cosine,3985,0.02797730402512988
decrease,State-Grounded,180,BIS_same_minus_opposite_cosine,4016,-0.029757319639126423
decrease,State-Grounded,180,BIS_same_minus_opposite_cosine,4080,0.10191680242617929
decrease,State-Grounded,180,BIS_same_minus_opposite_cosine,4293,0.07606631336790148
decrease,State-Grounded,180,BIS_same_minus_opposite_cosine,4312,0.001688078755424205
decrease,State-Grounded,180,BIS_same_minus_opposite_cosine,4529,0.02653502334247937
decrease,State-Grounded,180,BIS_same_minus_opposite_cosine,4540,-0.04670509845018389
decrease,State-Grounded,180,BIS_same_minus_opposite_cosine,4638,0.04850914619035185
decrease,State-Grounded,180,BIS_same_minus_opposite_cosine,4686,0.035500758976647395
decrease,State-Grounded,180,BIS_same_minus_opposite_cosine,4821,-0.057244176891717014
decrease,State-Grounded,180,BIS_same_minus_opposite_cosine,4865,0.07750057925780607
decrease,State-Grounded,180,BIS_same_minus_opposite_cosine,4944,0.05660119652748108
decrease,State-Grounded,180,BIS_same_minus_opposite_cosine,5309,0.06343641041806247
decrease,State-Grounded,180,BIS_same_minus_opposite_cosine,5377,-0.04821202854315432
decrease,State-Grounded,180,BIS_same_minus_opposite_cosine,5410,0.04513578613599145
decrease,State-Grounded,180,BIS_same_minus_opposite_cosine,5454,0.07359597515879257
decrease,State-Grounded,180,BIS_same_minus_opposite_cosine,5516,0.017492323120435138
decrease,State-Grounded,180,BIS_same_minus_opposite_cosine,5600,-0.020940857628981235
decrease,State-Grounded,180,BIS_same_minus_opposite_cosine,5778,-0.06044354538122809
decrease,State-Grounded,180,BIS_same_minus_opposite_cosine,5826,0.019319397707780128
decrease,State-Grounded,180,BIS_same_minus_opposite_cosine,5961,0.011095063704432806
decrease,State-Grounded,180,BIS_same_minus_opposite_cosine,5989,0.03575426836808526
decrease,State-Grounded,180,BIS_same_minus_opposite_cosine,6025,0.0585647622744242
decrease,State-Grounded,180,MAP_same_minus_opposite_cosine,105,0.07682433476050698
decrease,State-Grounded,180,MAP_same_minus_opposite_cosine,323,0.14132838447888696
decrease,State-Grounded,180,MAP_same_minus_opposite_cosine,348,-0.17157769948244095
decrease,State-Grounded,180,MAP_same_minus_opposite_cosine,391,-0.10606063483282924
decrease,State-Grounded,180,MAP_same_minus_opposite_cosine,683,0.02292393328565534
decrease,State-Grounded,180,MAP_same_minus_opposite_cosine,747,-0.03239476680755615
decrease,State-Grounded,180,MAP_same_minus_opposite_cosine,750,-0.01271025836467743
decrease,State-Grounded,180,MAP_same_minus_opposite_cosine,758,-0.030214718646473293
decrease,State-Grounded,180,MAP_same_minus_opposite_cosine,843,-0.030716166396935862
decrease,State-Grounded,180,MAP_same_minus_opposite_cosine,877,0.22868644036352637
decrease,State-Grounded,180,MAP_same_minus_opposite_cosine,926,-0.0025982136527697985
decrease,State-Grounded,180,MAP_same_minus_opposite_cosine,967,0.01347779855132103
decrease,State-Grounded,180,MAP_same_minus_opposite_cosine,992,0.04419959946112195
decrease,State-Grounded,180,MAP_same_minus_opposite_cosine,1014,-0.03131641199191415
decrease,State-Grounded,180,MAP_same_minus_opposite_cosine,1092,-0.12811469960780364
decrease,State-Grounded,180,MAP_same_minus_opposite_cosine,1193,0.09308731887075639
decrease,State-Grounded,180,MAP_same_minus_opposite_cosine,1308,0.009430112938086155
decrease,State-Grounded,180,MAP_same_minus_opposite_cosine,1335,-0.056903113921483395
decrease,State-Grounded,180,MAP_same_minus_opposite_cosine,1480,0.00600611368815096
decrease,State-Grounded,180,MAP_same_minus_opposite_cosine,1566,-0.15474138941083637
decrease,State-Grounded,180,MAP_same_minus_opposite_cosine,1636,0.06390142440795898
decrease,State-Grounded,180,MAP_same_minus_opposite_cosine,1644,0.0319184735417366
decrease,State-Grounded,180,MAP_same_minus_opposite_cosine,1839,-0.033375296628836426
decrease,State-Grounded,180,MAP_same_minus_opposite_cosine,1943,-0.07615716394149896
decrease,State-Grounded,180,MAP_same_minus_opposite_cosine,2005,0.0016051679849624634
decrease,State-Grounded,180,MAP_same_minus_opposite_cosine,2048,0.009394802980952854
decrease,State-Grounded,180,MAP_same_minus_opposite_cosine,2173,-0.007208807269732165
decrease,State-Grounded,180,MAP_same_minus_opposite_cosine,2263,-0.0029210721453031274
decrease,State-Grounded,180,MAP_same_minus_opposite_cosine,2303,-0.0490957294901212
decrease,State-Grounded,180,MAP_same_minus_opposite_cosine,2308,0.03884344403114581
decrease,State-Grounded,180,MAP_same_minus_opposite_cosine,2347,0.017710630189288756
decrease,State-Grounded,180,MAP_same_minus_opposite_cosine,2361,0.000415063897768575
decrease,State-Grounded,180,MAP_same_minus_opposite_cosine,2567,0.07583376117760232
decrease,State-Grounded,180,MAP_same_minus_opposite_cosine,2900,0.0007127443949380696
decrease,State-Grounded,180,MAP_same_minus_opposite_cosine,2943,-0.0015892311930656433
decrease,State-Grounded,180,MAP_same_minus_opposite_cosine,2946,0.04537265996138251
decrease,State-Grounded,180,MAP_same_minus_opposite_cosine,2988,0.13277684400478995
decrease,State-Grounded,180,MAP_same_minus_opposite_cosine,3261,0.026713856185475948
decrease,State-Grounded,180,MAP_same_minus_opposite_cosine,3354,-0.015510112047195435
decrease,State-Grounded,180,MAP_same_minus_opposite_cosine,3387,0.09495372904671562
decrease,State-Grounded,180,MAP_same_minus_opposite_cosine,3485,0.019233756595187668
decrease,State-Grounded,180,MAP_same_minus_opposite_cosine,3525,-0.08215319365262985
decrease,State-Grounded,180,MAP_same_minus_opposite_cosine,3569,-0.028793952004475987
decrease,State-Grounded,180,MAP_same_minus_opposite_cosine,3593,0.12470626424659381
decrease,State-Grounded,180,MAP_same_minus_opposite_cosine,3613,0.05639170855283737
decrease,State-Grounded,180,MAP_same_minus_opposite_cosine,3764,-0.02588796926041448
decrease,State-Grounded,180,MAP_same_minus_opposite_cosine,3768,-0.043116211891174316
decrease,State-Grounded,180,MAP_same_minus_opposite_cosine,3852,0.040050334400600796
decrease,State-Grounded,180,MAP_same_minus_opposite_cosine,3967,-0.0006436755259832116
decrease,State-Grounded,180,MAP_same_minus_opposite_cosine,3976,0.0036931715228341044
decrease,State-Grounded,180,MAP_same_minus_opposite_cosine,3978,-0.01640842523839736
decrease,State-Grounded,180,MAP_same_minus_opposite_cosine,3985,-0.015724401582371095
decrease,State-Grounded,180,MAP_same_minus_opposite_cosine,4016,0.006490540504455522
decrease,State-Grounded,180,MAP_same_minus_opposite_cosine,4080,-0.0781453567923921
decrease,State-Grounded,180,MAP_same_minus_opposite_cosine,4293,-0.011192226409912132
decrease,State-Grounded,180,MAP_same_minus_opposite_cosine,4312,-0.04566207776467013
decrease,State-Grounded,180,MAP_same_minus_opposite_cosine,4529,0.04744831720987963
decrease,State-Grounded,180,MAP_same_minus_opposite_cosine,4540,-0.14322928612430896
decrease,State-Grounded,180,MAP_same_minus_opposite_cosine,4638,-0.02352822097865015
decrease,State-Grounded,180,MAP_same_minus_opposite_cosine,4686,-0.0063563038905462
decrease,State-Grounded,180,MAP_same_minus_opposite_cosine,4821,0.01242899623784155
decrease,State-Grounded,180,MAP_same_minus_opposite_cosine,4865,-0.09241969926903637
decrease,State-Grounded,180,MAP_same_minus_opposite_cosine,4944,0.05067054590299014
decrease,State-Grounded,180,MAP_same_minus_opposite_cosine,5309,-0.08024438594778383
decrease,State-Grounded,180,MAP_same_minus_opposite_cosine,5377,0.09125609613127184
decrease,State-Grounded,180,MAP_same_minus_opposite_cosine,5410,0.01794017106294632
decrease,State-Grounded,180,MAP_same_minus_opposite_cosine,5454,-0.0016982940336068841
decrease,State-Grounded,180,MAP_same_minus_opposite_cosine,5516,0.003829836732510361
decrease,State-Grounded,180,MAP_same_minus_opposite_cosine,5600,0.009921457279812196
decrease,State-Grounded,180,MAP_same_minus_opposite_cosine,5778,0.009008631110191345
decrease,State-Grounded,180,MAP_same_minus_opposite_cosine,5826,-0.010273302594820621
decrease,State-Grounded,180,MAP_same_minus_opposite_cosine,5961,0.04685679872830717
decrease,State-Grounded,180,MAP_same_minus_opposite_cosine,5989,-0.09778786574800813
decrease,State-Grounded,180,MAP_same_minus_opposite_cosine,6025,-0.01467102865378056
decrease,State-Grounded,180,triplet_accuracy,323,0.55
decrease,State-Grounded,180,triplet_accuracy,348,0.55
decrease,State-Grounded,180,triplet_accuracy,391,0.6
decrease,State-Grounded,180,triplet_accuracy,683,0.55
decrease,State-Grounded,180,triplet_accuracy,747,0.6
decrease,State-Grounded,180,triplet_accuracy,750,0.7
decrease,State-Grounded,180,triplet_accuracy,758,0.35
decrease,State-Grounded,180,triplet_accuracy,843,0.6
decrease,State-Grounded,180,triplet_accuracy,967,0.7
decrease,State-Grounded,180,triplet_accuracy,1014,0.35
decrease,State-Grounded,180,triplet_accuracy,1092,0.6
decrease,State-Grounded,180,triplet_accuracy,1193,0.5
decrease,State-Grounded,180,triplet_accuracy,1335,0.6
decrease,State-Grounded,180,triplet_accuracy,1480,0.45
decrease,State-Grounded,180,triplet_accuracy,1566,0.55
decrease,State-Grounded,180,triplet_accuracy,1839,0.55
decrease,State-Grounded,180,triplet_accuracy,1943,0.55
decrease,State-Grounded,180,triplet_accuracy,2005,0.5
decrease,State-Grounded,180,triplet_accuracy,2048,0.45
decrease,State-Grounded,180,triplet_accuracy,2173,0.45
decrease,State-Grounded,180,triplet_accuracy,2263,0.4
decrease,State-Grounded,180,triplet_accuracy,2303,0.55
decrease,State-Grounded,180,triplet_accuracy,2308,0.45
decrease,State-Grounded,180,triplet_accuracy,2347,0.6
decrease,State-Grounded,180,triplet_accuracy,2361,0.55
decrease,State-Grounded,180,triplet_accuracy,2567,0.5
decrease,State-Grounded,180,triplet_accuracy,2943,0.4
decrease,State-Grounded,180,triplet_accuracy,2988,0.4
decrease,State-Grounded,180,triplet_accuracy,3261,0.7
decrease,State-Grounded,180,triplet_accuracy,3354,0.55
decrease,State-Grounded,180,triplet_accuracy,3525,0.55
decrease,State-Grounded,180,triplet_accuracy,3569,0.5
decrease,State-Grounded,180,triplet_accuracy,3593,0.65
decrease,State-Grounded,180,triplet_accuracy,3768,0.55
decrease,State-Grounded,180,triplet_accuracy,3852,0.6
decrease,State-Grounded,180,triplet_accuracy,3967,0.5
decrease,State-Grounded,180,triplet_accuracy,3978,0.6
decrease,State-Grounded,180,triplet_accuracy,3985,0.55
decrease,State-Grounded,180,triplet_accuracy,4016,0.6
decrease,State-Grounded,180,triplet_accuracy,4293,0.55
decrease,State-Grounded,180,triplet_accuracy,4312,0.5
decrease,State-Grounded,180,triplet_accuracy,4529,0.45
decrease,State-Grounded,180,triplet_accuracy,4540,0.45
decrease,State-Grounded,180,triplet_accuracy,4686,0.65
decrease,State-Grounded,180,triplet_accuracy,4821,0.6
decrease,State-Grounded,180,triplet_accuracy,4865,0.6
decrease,State-Grounded,180,triplet_accuracy,4944,0.65
decrease,State-Grounded,180,triplet_accuracy,5309,0.5
decrease,State-Grounded,180,triplet_accuracy,5377,0.75
decrease,State-Grounded,180,triplet_accuracy,5410,0.4
decrease,State-Grounded,180,triplet_accuracy,5454,0.55
decrease,State-Grounded,180,triplet_accuracy,5516,0.7
decrease,State-Grounded,180,triplet_accuracy,5600,0.5
decrease,State-Grounded,180,triplet_accuracy,5778,0.3
decrease,State-Grounded,180,triplet_accuracy,5989,0.5
decrease,State-Grounded,180,triplet_accuracy,6025,0.55
stop,State-Grounded,180,BIS_same_minus_opposite_cosine,105,0.04628211831053097
stop,State-Grounded,180,BIS_same_minus_opposite_cosine,348,0.06502641903029549
stop,State-Grounded,180,BIS_same_minus_opposite_cosine,391,0.2516739538737706
stop,State-Grounded,180,BIS_same_minus_opposite_cosine,747,0.03745754808187485
stop,State-Grounded,180,BIS_same_minus_opposite_cosine,758,0.1345995326836904
stop,State-Grounded,180,BIS_same_minus_opposite_cosine,877,0.24302720526854193
stop,State-Grounded,180,BIS_same_minus_opposite_cosine,926,-0.03248095512390137
stop,State-Grounded,180,BIS_same_minus_opposite_cosine,1092,0.13702530413866043
stop,State-Grounded,180,BIS_same_minus_opposite_cosine,1193,-0.10516414083540437
stop,State-Grounded,180,BIS_same_minus_opposite_cosine,1480,0.00842940400947223
stop,State-Grounded,180,BIS_same_minus_opposite_cosine,1636,0.13090053349733355
stop,State-Grounded,180,BIS_same_minus_opposite_cosine,1644,-0.1002931992212932
stop,State-Grounded,180,BIS_same_minus_opposite_cosine,2005,0.09209296107292175
stop,State-Grounded,180,BIS_same_minus_opposite_cosine,2303,-0.3046143651008606
stop,State-Grounded,180,BIS_same_minus_opposite_cosine,2361,0.034869212995875976
stop,State-Grounded,180,BIS_same_minus_opposite_cosine,2567,-0.1261409223079682
stop,State-Grounded,180,BIS_same_minus_opposite_cosine,2943,-0.020312692437853108
stop,State-Grounded,180,BIS_same_minus_opposite_cosine,2946,0.08889584107832471
stop,State-Grounded,180,BIS_same_minus_opposite_cosine,3261,-0.012441961715618732
stop,State-Grounded,180,BIS_same_minus_opposite_cosine,3485,-0.007170309623082516
stop,State-Grounded,180,BIS_same_minus_opposite_cosine,3525,-0.03327078123887384
stop,State-Grounded,180,BIS_same_minus_opposite_cosine,3593,0.08810055835379493
stop,State-Grounded,180,BIS_same_minus_opposite_cosine,3613,0.03252160639473889
stop,State-Grounded,180,BIS_same_minus_opposite_cosine,3967,0.11489130759781052
stop,State-Grounded,180,BIS_same_minus_opposite_cosine,3976,-0.01897098620732618
stop,State-Grounded,180,BIS_same_minus_opposite_cosine,4016,0.08696621490849388
stop,State-Grounded,180,BIS_same_minus_opposite_cosine,4865,0.18585149571299547
stop,State-Grounded,180,BIS_same_minus_opposite_cosine,4944,0.04005903750658035
stop,State-Grounded,180,BIS_same_minus_opposite_cosine,5377,0.05518568555514025
stop,State-Grounded,180,BIS_same_minus_opposite_cosine,5410,0.10777739096771588
stop,State-Grounded,180,BIS_same_minus_opposite_cosine,5454,0.09211806456247967
stop,State-Grounded,180,BIS_same_minus_opposite_cosine,5516,-0.09062647819519043
stop,State-Grounded,180,BIS_same_minus_opposite_cosine,5600,-0.021909013390541077
stop,State-Grounded,180,BIS_same_minus_opposite_cosine,5778,0.010272450745105743
stop,State-Grounded,180,BIS_same_minus_opposite_cosine,5826,0.10800843685865402
stop,State-Grounded,180,MAP_same_minus_opposite_cosine,105,0.007160737884767121
stop,State-Grounded,180,MAP_same_minus_opposite_cosine,348,0.012388282427282071
stop,State-Grounded,180,MAP_same_minus_opposite_cosine,391,-0.0434318482875824
stop,State-Grounded,180,MAP_same_minus_opposite_cosine,747,-0.008439461728840136
stop,State-Grounded,180,MAP_same_minus_opposite_cosine,758,-0.06166876355806983
stop,State-Grounded,180,MAP_same_minus_opposite_cosine,877,-0.008179465703892053
stop,State-Grounded,180,MAP_same_minus_opposite_cosine,926,-0.009945988655090332
stop,State-Grounded,180,MAP_same_minus_opposite_cosine,1092,0.031167055524530918
stop,State-Grounded,180,MAP_same_minus_opposite_cosine,1193,-0.114214235295852
stop,State-Grounded,180,MAP_same_minus_opposite_cosine,1480,0.07547459999720252
stop,State-Grounded,180,MAP_same_minus_opposite_cosine,1636,-0.07687711119651797
stop,State-Grounded,180,MAP_same_minus_opposite_cosine,1644,0.05233972271283466
stop,State-Grounded,180,MAP_same_minus_opposite_cosine,2005,0.0037995254000028345
stop,State-Grounded,180,MAP_same_minus_opposite_cosine,2361,-0.0991389428575834
stop,State-Grounded,180,MAP_same_minus_opposite_cosine,2567,-0.05433697551488875
stop,State-Grounded,180,MAP_same_minus_opposite_cosine,2943,-0.009427379816770554
stop,State-Grounded,180,MAP_same_minus_opposite_cosine,2946,-0.045687444508075714
stop,State-Grounded,180,MAP_same_minus_opposite_cosine,3261,-0.07720580324530602
stop,State-Grounded,180,MAP_same_minus_opposite_cosine,3485,-0.0621737465262413
stop,State-Grounded,180,MAP_same_minus_opposite_cosine,3525,-0.04408837805191668
stop,State-Grounded,180,MAP_same_minus_opposite_cosine,3593,0.22420993116166854
stop,State-Grounded,180,MAP_same_minus_opposite_cosine,3613,-0.06328481097113003
stop,State-Grounded,180,MAP_same_minus_opposite_cosine,3967,-0.03153686175743731
stop,State-Grounded,180,MAP_same_minus_opposite_cosine,3976,0.029101355870564838
stop,State-Grounded,180,MAP_same_minus_opposite_cosine,4016,-0.06100924674308661
stop,State-Grounded,180,MAP_same_minus_opposite_cosine,4865,0.01363882343425904
stop,State-Grounded,180,MAP_same_minus_opposite_cosine,4944,0.023734619220097897
stop,State-Grounded,180,MAP_same_minus_opposite_cosine,5377,0.12553197145462036
stop,State-Grounded,180,MAP_same_minus_opposite_cosine,5410,0.008382021251953087
stop,State-Grounded,180,MAP_same_minus_opposite_cosine,5454,0.09219894930720335
stop,State-Grounded,180,MAP_same_minus_opposite_cosine,5516,-0.010757923126220703
stop,State-Grounded,180,MAP_same_minus_opposite_cosine,5600,-0.06873490909735369
stop,State-Grounded,180,MAP_same_minus_opposite_cosine,5778,-0.059393586082892025
stop,State-Grounded,180,MAP_same_minus_opposite_cosine,5826,0.06370347738265991
stop,State-Grounded,180,triplet_accuracy,348,0.6
stop,State-Grounded,180,triplet_accuracy,391,0.65
stop,State-Grounded,180,triplet_accuracy,747,0.4
stop,State-Grounded,180,triplet_accuracy,758,0.7
stop,State-Grounded,180,triplet_accuracy,1092,0.65
stop,State-Grounded,180,triplet_accuracy,1193,0.6
stop,State-Grounded,180,triplet_accuracy,1480,0.5
stop,State-Grounded,180,triplet_accuracy,2005,0.7
stop,State-Grounded,180,triplet_accuracy,2361,0.4
stop,State-Grounded,180,triplet_accuracy,2567,0.65
stop,State-Grounded,180,triplet_accuracy,2943,0.3
stop,State-Grounded,180,triplet_accuracy,3261,0.7
stop,State-Grounded,180,triplet_accuracy,3525,0.65
stop,State-Grounded,180,triplet_accuracy,3593,0.55
stop,State-Grounded,180,triplet_accuracy,3967,0.55
stop,State-Grounded,180,triplet_accuracy,4016,0.7
stop,State-Grounded,180,triplet_accuracy,4865,0.65
stop,State-Grounded,180,triplet_accuracy,4944,0.4
stop,State-Grounded,180,triplet_accuracy,5377,0.65
stop,State-Grounded,180,triplet_accuracy,5410,0.6
stop,State-Grounded,180,triplet_accuracy,5454,0.55
stop,State-Grounded,180,triplet_accuracy,5516,0.45
stop,State-Grounded,180,triplet_accuracy,5600,0.4
stop,State-Grounded,180,triplet_accuracy,5778,0.7
high_rate_tail,State-Grounded,180,BIS_same_minus_opposite_cosine,105,0.10338307420412701
high_rate_tail,State-Grounded,180,BIS_same_minus_opposite_cosine,323,-0.07909532297741284
high_rate_tail,State-Grounded,180,BIS_same_minus_opposite_cosine,348,0.08640840017434315
high_rate_tail,State-Grounded,180,BIS_same_minus_opposite_cosine,391,0.0500432588160038
high_rate_tail,State-Grounded,180,BIS_same_minus_opposite_cosine,683,0.0021003032724061788
high_rate_tail,State-Grounded,180,BIS_same_minus_opposite_cosine,747,0.023805250724156735
high_rate_tail,State-Grounded,180,BIS_same_minus_opposite_cosine,750,0.16934008470603396
high_rate_tail,State-Grounded,180,BIS_same_minus_opposite_cosine,758,0.10208639585309565
high_rate_tail,State-Grounded,180,BIS_same_minus_opposite_cosine,843,0.14997007366683746
high_rate_tail,State-Grounded,180,BIS_same_minus_opposite_cosine,877,0.018647333437746272
high_rate_tail,State-Grounded,180,BIS_same_minus_opposite_cosine,926,0.16962118777963853
high_rate_tail,State-Grounded,180,BIS_same_minus_opposite_cosine,967,0.08113902993500238
high_rate_tail,State-Grounded,180,BIS_same_minus_opposite_cosine,992,0.10452629445177142
high_rate_tail,State-Grounded,180,BIS_same_minus_opposite_cosine,1092,0.041602743620222316
high_rate_tail,State-Grounded,180,BIS_same_minus_opposite_cosine,1193,0.08547942250063922
high_rate_tail,State-Grounded,180,BIS_same_minus_opposite_cosine,1308,-0.08592496451103326
high_rate_tail,State-Grounded,180,BIS_same_minus_opposite_cosine,1335,-0.03861616179347038
high_rate_tail,State-Grounded,180,BIS_same_minus_opposite_cosine,1480,0.0923755847745471
high_rate_tail,State-Grounded,180,BIS_same_minus_opposite_cosine,1566,-0.1170073921481769
high_rate_tail,State-Grounded,180,BIS_same_minus_opposite_cosine,1636,0.10417533541719115
high_rate_tail,State-Grounded,180,BIS_same_minus_opposite_cosine,1644,0.0684125595020526
high_rate_tail,State-Grounded,180,BIS_same_minus_opposite_cosine,1839,0.08086113986514865
high_rate_tail,State-Grounded,180,BIS_same_minus_opposite_cosine,1943,-0.013150347130639228
high_rate_tail,State-Grounded,180,BIS_same_minus_opposite_cosine,2005,0.049652717179722305
high_rate_tail,State-Grounded,180,BIS_same_minus_opposite_cosine,2048,-0.03836984783411024
high_rate_tail,State-Grounded,180,BIS_same_minus_opposite_cosine,2173,0.011207103729248047
high_rate_tail,State-Grounded,180,BIS_same_minus_opposite_cosine,2263,0.14992863809069001
high_rate_tail,State-Grounded,180,BIS_same_minus_opposite_cosine,2303,0.22074801797668137
high_rate_tail,State-Grounded,180,BIS_same_minus_opposite_cosine,2308,0.1318189009196229
high_rate_tail,State-Grounded,180,BIS_same_minus_opposite_cosine,2347,0.038039690918392544
high_rate_tail,State-Grounded,180,BIS_same_minus_opposite_cosine,2361,0.011974983594634336
high_rate_tail,State-Grounded,180,BIS_same_minus_opposite_cosine,2567,-0.01356919159491865
high_rate_tail,State-Grounded,180,BIS_same_minus_opposite_cosine,2900,0.0010443257563041985
high_rate_tail,State-Grounded,180,BIS_same_minus_opposite_cosine,2943,0.032386744187937855
high_rate_tail,State-Grounded,180,BIS_same_minus_opposite_cosine,2946,0.17835585648814833
high_rate_tail,State-Grounded,180,BIS_same_minus_opposite_cosine,2988,0.04451069310307498
high_rate_tail,State-Grounded,180,BIS_same_minus_opposite_cosine,3261,0.060128358503182766
high_rate_tail,State-Grounded,180,BIS_same_minus_opposite_cosine,3354,0.10758665745908569
high_rate_tail,State-Grounded,180,BIS_same_minus_opposite_cosine,3387,0.028435018161932613
high_rate_tail,State-Grounded,180,BIS_same_minus_opposite_cosine,3485,-0.036975361903508586
high_rate_tail,State-Grounded,180,BIS_same_minus_opposite_cosine,3525,-0.12104766409505496
high_rate_tail,State-Grounded,180,BIS_same_minus_opposite_cosine,3569,0.04959310094515479
high_rate_tail,State-Grounded,180,BIS_same_minus_opposite_cosine,3593,0.0041437198718389245
high_rate_tail,State-Grounded,180,BIS_same_minus_opposite_cosine,3613,0.05066035352082865
high_rate_tail,State-Grounded,180,BIS_same_minus_opposite_cosine,3764,0.06711599950989089
high_rate_tail,State-Grounded,180,BIS_same_minus_opposite_cosine,3768,-0.027521424492200297
high_rate_tail,State-Grounded,180,BIS_same_minus_opposite_cosine,3852,0.0695495520319257
high_rate_tail,State-Grounded,180,BIS_same_minus_opposite_cosine,3967,0.0072733710209528235
high_rate_tail,State-Grounded,180,BIS_same_minus_opposite_cosine,3976,0.03888012333349744
high_rate_tail,State-Grounded,180,BIS_same_minus_opposite_cosine,3978,0.21623574296633397
high_rate_tail,State-Grounded,180,BIS_same_minus_opposite_cosine,3985,0.022235724661085365
high_rate_tail,State-Grounded,180,BIS_same_minus_opposite_cosine,4016,0.013905700730780679
high_rate_tail,State-Grounded,180,BIS_same_minus_opposite_cosine,4080,0.032699306805928585
high_rate_tail,State-Grounded,180,BIS_same_minus_opposite_cosine,4293,0.12717439482609427
high_rate_tail,State-Grounded,180,BIS_same_minus_opposite_cosine,4312,0.057249449690183085
high_rate_tail,State-Grounded,180,BIS_same_minus_opposite_cosine,4529,0.07951101909081137
high_rate_tail,State-Grounded,180,BIS_same_minus_opposite_cosine,4540,-0.0007587333463809909
high_rate_tail,State-Grounded,180,BIS_same_minus_opposite_cosine,4638,-0.0069597487648328515
high_rate_tail,State-Grounded,180,BIS_same_minus_opposite_cosine,4686,0.0238529468576113
high_rate_tail,State-Grounded,180,BIS_same_minus_opposite_cosine,4821,0.02627030635873473
high_rate_tail,State-Grounded,180,BIS_same_minus_opposite_cosine,4865,0.007530609315091863
high_rate_tail,State-Grounded,180,BIS_same_minus_opposite_cosine,4944,0.07084533414154337
high_rate_tail,State-Grounded,180,BIS_same_minus_opposite_cosine,5309,0.08397379666566851
high_rate_tail,State-Grounded,180,BIS_same_minus_opposite_cosine,5377,0.10979137953483697
high_rate_tail,State-Grounded,180,BIS_same_minus_opposite_cosine,5410,-0.03568384175499284
high_rate_tail,State-Grounded,180,BIS_same_minus_opposite_cosine,5454,-0.025692392930839913
high_rate_tail,State-Grounded,180,BIS_same_minus_opposite_cosine,5516,0.03160356210939819
high_rate_tail,State-Grounded,180,BIS_same_minus_opposite_cosine,5600,0.043690868850910225
high_rate_tail,State-Grounded,180,BIS_same_minus_opposite_cosine,5778,0.012689742658819503
high_rate_tail,State-Grounded,180,BIS_same_minus_opposite_cosine,5826,0.08372589652285423
high_rate_tail,State-Grounded,180,BIS_same_minus_opposite_cosine,5961,0.0740161820343046
high_rate_tail,State-Grounded,180,BIS_same_minus_opposite_cosine,5989,0.05765906638569307
high_rate_tail,State-Grounded,180,BIS_same_minus_opposite_cosine,6025,0.04970288028319669
high_rate_tail,State-Grounded,180,MAP_same_minus_opposite_cosine,105,-0.020243315647045734
high_rate_tail,State-Grounded,180,MAP_same_minus_opposite_cosine,323,0.06047625641028087
high_rate_tail,State-Grounded,180,MAP_same_minus_opposite_cosine,348,0.03813053825587942
high_rate_tail,State-Grounded,180,MAP_same_minus_opposite_cosine,391,0.005402675767739673
high_rate_tail,State-Grounded,180,MAP_same_minus_opposite_cosine,683,-0.07026786704858146
high_rate_tail,State-Grounded,180,MAP_same_minus_opposite_cosine,747,-0.1397069418294863
high_rate_tail,State-Grounded,180,MAP_same_minus_opposite_cosine,750,-0.04591660698254896
high_rate_tail,State-Grounded,180,MAP_same_minus_opposite_cosine,758,-0.048398173893942964
high_rate_tail,State-Grounded,180,MAP_same_minus_opposite_cosine,843,0.013785727322101593
high_rate_tail,State-Grounded,180,MAP_same_minus_opposite_cosine,877,0.07711544632911682
high_rate_tail,State-Grounded,180,MAP_same_minus_opposite_cosine,926,-0.02751333830934588
high_rate_tail,State-Grounded,180,MAP_same_minus_opposite_cosine,967,-0.032160383959611294
high_rate_tail,State-Grounded,180,MAP_same_minus_opposite_cosine,992,0.004905131459236101
high_rate_tail,State-Grounded,180,MAP_same_minus_opposite_cosine,1092,-0.0056576685359081
high_rate_tail,State-Grounded,180,MAP_same_minus_opposite_cosine,1193,-0.08770379258526695
high_rate_tail,State-Grounded,180,MAP_same_minus_opposite_cosine,1308,-0.008464653835152047
high_rate_tail,State-Grounded,180,MAP_same_minus_opposite_cosine,1335,0.05384283580563287
high_rate_tail,State-Grounded,180,MAP_same_minus_opposite_cosine,1480,0.0036330948273340935
high_rate_tail,State-Grounded,180,MAP_same_minus_opposite_cosine,1566,0.052661778198348164
high_rate_tail,State-Grounded,180,MAP_same_minus_opposite_cosine,1636,-0.11909278544286883
high_rate_tail,State-Grounded,180,MAP_same_minus_opposite_cosine,1644,-0.03672327929072916
high_rate_tail,State-Grounded,180,MAP_same_minus_opposite_cosine,1839,-0.02400653560956323
high_rate_tail,State-Grounded,180,MAP_same_minus_opposite_cosine,1943,-0.017370937222784266
high_rate_tail,State-Grounded,180,MAP_same_minus_opposite_cosine,2005,0.026698122421900394
high_rate_tail,State-Grounded,180,MAP_same_minus_opposite_cosine,2048,0.017174651225407955
high_rate_tail,State-Grounded,180,MAP_same_minus_opposite_cosine,2173,-0.07672824735442796
high_rate_tail,State-Grounded,180,MAP_same_minus_opposite_cosine,2263,-0.062263931063088473
high_rate_tail,State-Grounded,180,MAP_same_minus_opposite_cosine,2303,-0.0966130274658401
high_rate_tail,State-Grounded,180,MAP_same_minus_opposite_cosine,2308,0.021623665805567405
high_rate_tail,State-Grounded,180,MAP_same_minus_opposite_cosine,2347,-0.13423378206789494
high_rate_tail,State-Grounded,180,MAP_same_minus_opposite_cosine,2361,0.004540653030077557
high_rate_tail,State-Grounded,180,MAP_same_minus_opposite_cosine,2567,0.17701963211099303
high_rate_tail,State-Grounded,180,MAP_same_minus_opposite_cosine,2900,-0.0290326327085495
high_rate_tail,State-Grounded,180,MAP_same_minus_opposite_cosine,2943,0.07760571936766303
high_rate_tail,State-Grounded,180,MAP_same_minus_opposite_cosine,2946,0.06377078118649393
high_rate_tail,State-Grounded,180,MAP_same_minus_opposite_cosine,2988,-0.03462613080487098
high_rate_tail,State-Grounded,180,MAP_same_minus_opposite_cosine,3261,-0.1246612594660485
high_rate_tail,State-Grounded,180,MAP_same_minus_opposite_cosine,3354,0.01721380030115449
high_rate_tail,State-Grounded,180,MAP_same_minus_opposite_cosine,3387,-0.04908526887496312
high_rate_tail,State-Grounded,180,MAP_same_minus_opposite_cosine,3485,0.03706379234790802
high_rate_tail,State-Grounded,180,MAP_same_minus_opposite_cosine,3525,-0.029554043303836486
high_rate_tail,State-Grounded,180,MAP_same_minus_opposite_cosine,3569,-0.06396089370052027
high_rate_tail,State-Grounded,180,MAP_same_minus_opposite_cosine,3593,-0.03623269225160275
high_rate_tail,State-Grounded,180,MAP_same_minus_opposite_cosine,3613,0.03204427069673943
high_rate_tail,State-Grounded,180,MAP_same_minus_opposite_cosine,3764,-0.007407497366269444
high_rate_tail,State-Grounded,180,MAP_same_minus_opposite_cosine,3768,-0.014702928066253618
high_rate_tail,State-Grounded,180,MAP_same_minus_opposite_cosine,3852,0.011314330001672146
high_rate_tail,State-Grounded,180,MAP_same_minus_opposite_cosine,3967,0.06598223580254448
high_rate_tail,State-Grounded,180,MAP_same_minus_opposite_cosine,3976,-0.0014570991198221694
high_rate_tail,State-Grounded,180,MAP_same_minus_opposite_cosine,3978,-0.02542286614576983
high_rate_tail,State-Grounded,180,MAP_same_minus_opposite_cosine,3985,0.09905290603637695
high_rate_tail,State-Grounded,180,MAP_same_minus_opposite_cosine,4016,-0.021519490828116772
high_rate_tail,State-Grounded,180,MAP_same_minus_opposite_cosine,4080,0.06855691373348238
high_rate_tail,State-Grounded,180,MAP_same_minus_opposite_cosine,4293,-0.005840195549858929
high_rate_tail,State-Grounded,180,MAP_same_minus_opposite_cosine,4312,0.026148633410533306
high_rate_tail,State-Grounded,180,MAP_same_minus_opposite_cosine,4529,0.022039637962977032
high_rate_tail,State-Grounded,180,MAP_same_minus_opposite_cosine,4540,0.016849810878435734
high_rate_tail,State-Grounded,180,MAP_same_minus_opposite_cosine,4638,-0.025059982005393944
high_rate_tail,State-Grounded,180,MAP_same_minus_opposite_cosine,4686,-0.028185146053632093
high_rate_tail,State-Grounded,180,MAP_same_minus_opposite_cosine,4821,0.049652687076366386
high_rate_tail,State-Grounded,180,MAP_same_minus_opposite_cosine,4865,-0.0381318075638829
high_rate_tail,State-Grounded,180,MAP_same_minus_opposite_cosine,4944,0.047915893070625604
high_rate_tail,State-Grounded,180,MAP_same_minus_opposite_cosine,5309,0.034225688626368767
high_rate_tail,State-Grounded,180,MAP_same_minus_opposite_cosine,5377,0.043368615210056305
high_rate_tail,State-Grounded,180,MAP_same_minus_opposite_cosine,5410,-0.032455819348494286
high_rate_tail,State-Grounded,180,MAP_same_minus_opposite_cosine,5454,-0.06768697658271505
high_rate_tail,State-Grounded,180,MAP_same_minus_opposite_cosine,5516,0.0518291332392079
high_rate_tail,State-Grounded,180,MAP_same_minus_opposite_cosine,5600,-0.15292555217941595
high_rate_tail,State-Grounded,180,MAP_same_minus_opposite_cosine,5778,-0.08193415900071466
high_rate_tail,State-Grounded,180,MAP_same_minus_opposite_cosine,5826,-0.024688925706979004
high_rate_tail,State-Grounded,180,MAP_same_minus_opposite_cosine,5961,0.030680209398269653
high_rate_tail,State-Grounded,180,MAP_same_minus_opposite_cosine,5989,-0.011592445025841336
high_rate_tail,State-Grounded,180,MAP_same_minus_opposite_cosine,6025,-0.057989994233304754
high_rate_tail,State-Grounded,180,triplet_accuracy,323,0.7
high_rate_tail,State-Grounded,180,triplet_accuracy,348,0.65
high_rate_tail,State-Grounded,180,triplet_accuracy,391,0.6
high_rate_tail,State-Grounded,180,triplet_accuracy,683,0.7
high_rate_tail,State-Grounded,180,triplet_accuracy,747,0.5
high_rate_tail,State-Grounded,180,triplet_accuracy,750,0.55
high_rate_tail,State-Grounded,180,triplet_accuracy,758,0.5
high_rate_tail,State-Grounded,180,triplet_accuracy,843,0.65
high_rate_tail,State-Grounded,180,triplet_accuracy,967,0.5
high_rate_tail,State-Grounded,180,triplet_accuracy,1092,0.65
high_rate_tail,State-Grounded,180,triplet_accuracy,1193,0.45
high_rate_tail,State-Grounded,180,triplet_accuracy,1335,0.45
high_rate_tail,State-Grounded,180,triplet_accuracy,1480,0.25
high_rate_tail,State-Grounded,180,triplet_accuracy,1566,0.45
high_rate_tail,State-Grounded,180,triplet_accuracy,1839,0.65
high_rate_tail,State-Grounded,180,triplet_accuracy,1943,0.75
high_rate_tail,State-Grounded,180,triplet_accuracy,2005,0.55
high_rate_tail,State-Grounded,180,triplet_accuracy,2048,0.6
high_rate_tail,State-Grounded,180,triplet_accuracy,2173,0.5
high_rate_tail,State-Grounded,180,triplet_accuracy,2263,0.8
high_rate_tail,State-Grounded,180,triplet_accuracy,2303,0.5
high_rate_tail,State-Grounded,180,triplet_accuracy,2308,0.6
high_rate_tail,State-Grounded,180,triplet_accuracy,2347,0.35
high_rate_tail,State-Grounded,180,triplet_accuracy,2361,0.65
high_rate_tail,State-Grounded,180,triplet_accuracy,2567,0.6
high_rate_tail,State-Grounded,180,triplet_accuracy,2943,0.3
high_rate_tail,State-Grounded,180,triplet_accuracy,2988,0.5
high_rate_tail,State-Grounded,180,triplet_accuracy,3261,0.5
high_rate_tail,State-Grounded,180,triplet_accuracy,3354,0.4
high_rate_tail,State-Grounded,180,triplet_accuracy,3525,0.5
high_rate_tail,State-Grounded,180,triplet_accuracy,3569,0.7
high_rate_tail,State-Grounded,180,triplet_accuracy,3593,0.6
high_rate_tail,State-Grounded,180,triplet_accuracy,3768,0.6
high_rate_tail,State-Grounded,180,triplet_accuracy,3852,0.45
high_rate_tail,State-Grounded,180,triplet_accuracy,3967,0.3
high_rate_tail,State-Grounded,180,triplet_accuracy,3978,0.65
high_rate_tail,State-Grounded,180,triplet_accuracy,3985,0.65
high_rate_tail,State-Grounded,180,triplet_accuracy,4016,0.65
high_rate_tail,State-Grounded,180,triplet_accuracy,4293,0.65
high_rate_tail,State-Grounded,180,triplet_accuracy,4312,0.45
high_rate_tail,State-Grounded,180,triplet_accuracy,4529,0.4
high_rate_tail,State-Grounded,180,triplet_accuracy,4540,0.6
high_rate_tail,State-Grounded,180,triplet_accuracy,4686,0.65
high_rate_tail,State-Grounded,180,triplet_accuracy,4821,0.4
high_rate_tail,State-Grounded,180,triplet_accuracy,4865,0.3
high_rate_tail,State-Grounded,180,triplet_accuracy,4944,0.75
high_rate_tail,State-Grounded,180,triplet_accuracy,5309,0.4
high_rate_tail,State-Grounded,180,triplet_accuracy,5377,0.6
high_rate_tail,State-Grounded,180,triplet_accuracy,5410,0.5
high_rate_tail,State-Grounded,180,triplet_accuracy,5454,0.5
high_rate_tail,State-Grounded,180,triplet_accuracy,5516,0.5
high_rate_tail,State-Grounded,180,triplet_accuracy,5600,0.55
high_rate_tail,State-Grounded,180,triplet_accuracy,5778,0.6
high_rate_tail,State-Grounded,180,triplet_accuracy,5989,0.65
high_rate_tail,State-Grounded,180,triplet_accuracy,6025,0.6
non_tail,State-Grounded,180,BIS_same_minus_opposite_cosine,105,0.0032552663575519114
non_tail,State-Grounded,180,BIS_same_minus_opposite_cosine,323,-0.029256802466180565
non_tail,State-Grounded,180,BIS_same_minus_opposite_cosine,348,0.09321857988834381
non_tail,State-Grounded,180,BIS_same_minus_opposite_cosine,391,-0.02704317371050513
non_tail,State-Grounded,180,BIS_same_minus_opposite_cosine,683,0.032812030778990864
non_tail,State-Grounded,180,BIS_same_minus_opposite_cosine,747,0.035847693185011464
non_tail,State-Grounded,180,BIS_same_minus_opposite_cosine,750,0.02145586493942475
non_tail,State-Grounded,180,BIS_same_minus_opposite_cosine,758,0.14512678898043108
non_tail,State-Grounded,180,BIS_same_minus_opposite_cosine,843,0.12052614813049634
non_tail,State-Grounded,180,BIS_same_minus_opposite_cosine,877,-0.10924391629117902
non_tail,State-Grounded,180,BIS_same_minus_opposite_cosine,926,0.07730369369188939
non_tail,State-Grounded,180,BIS_same_minus_opposite_cosine,967,-0.07707209512591362
non_tail,State-Grounded,180,BIS_same_minus_opposite_cosine,992,-0.04473058766487881
non_tail,State-Grounded,180,BIS_same_minus_opposite_cosine,1014,0.05980995365164499
non_tail,State-Grounded,180,BIS_same_minus_opposite_cosine,1092,0.13008297151989412
non_tail,State-Grounded,180,BIS_same_minus_opposite_cosine,1193,0.04422776227196057
non_tail,State-Grounded,180,BIS_same_minus_opposite_cosine,1308,-0.09602202822764716
non_tail,State-Grounded,180,BIS_same_minus_opposite_cosine,1335,0.0744231422855095
non_tail,State-Grounded,180,BIS_same_minus_opposite_cosine,1480,0.07105437740683551
non_tail,State-Grounded,180,BIS_same_minus_opposite_cosine,1566,-0.03340846486389637
non_tail,State-Grounded,180,BIS_same_minus_opposite_cosine,1636,0.0437112686534723
non_tail,State-Grounded,180,BIS_same_minus_opposite_cosine,1644,0.1958135192592939
non_tail,State-Grounded,180,BIS_same_minus_opposite_cosine,1839,0.011595563342173931
non_tail,State-Grounded,180,BIS_same_minus_opposite_cosine,1943,0.03602582017580669
non_tail,State-Grounded,180,BIS_same_minus_opposite_cosine,2005,0.028767136236031887
non_tail,State-Grounded,180,BIS_same_minus_opposite_cosine,2048,-0.015553279055489422
non_tail,State-Grounded,180,BIS_same_minus_opposite_cosine,2173,-0.03131907592926708
non_tail,State-Grounded,180,BIS_same_minus_opposite_cosine,2263,0.029095280667146062
non_tail,State-Grounded,180,BIS_same_minus_opposite_cosine,2303,-0.02495141824086511
non_tail,State-Grounded,180,BIS_same_minus_opposite_cosine,2308,0.09116881181086811
non_tail,State-Grounded,180,BIS_same_minus_opposite_cosine,2347,0.09716682930787413
non_tail,State-Grounded,180,BIS_same_minus_opposite_cosine,2361,0.025140266617139195
non_tail,State-Grounded,180,BIS_same_minus_opposite_cosine,2567,-0.050263243665297885
non_tail,State-Grounded,180,BIS_same_minus_opposite_cosine,2900,-0.037159719400935654
non_tail,State-Grounded,180,BIS_same_minus_opposite_cosine,2943,0.00631622941882326
non_tail,State-Grounded,180,BIS_same_minus_opposite_cosine,2946,0.05778144119363848
non_tail,State-Grounded,180,BIS_same_minus_opposite_cosine,2988,0.029125985172059776
non_tail,State-Grounded,180,BIS_same_minus_opposite_cosine,3261,-0.09159332371006401
non_tail,State-Grounded,180,BIS_same_minus_opposite_cosine,3354,-0.03688293695449829
non_tail,State-Grounded,180,BIS_same_minus_opposite_cosine,3387,0.06527370462814963
non_tail,State-Grounded,180,BIS_same_minus_opposite_cosine,3485,0.09468455754575267
non_tail,State-Grounded,180,BIS_same_minus_opposite_cosine,3525,0.057861944039662716
non_tail,State-Grounded,180,BIS_same_minus_opposite_cosine,3569,0.0598867995043596
non_tail,State-Grounded,180,BIS_same_minus_opposite_cosine,3593,-0.04377932349840796
non_tail,State-Grounded,180,BIS_same_minus_opposite_cosine,3613,-0.12576422260867226
non_tail,State-Grounded,180,BIS_same_minus_opposite_cosine,3764,-0.11487624545892072
non_tail,State-Grounded,180,BIS_same_minus_opposite_cosine,3768,-0.097927294826756
non_tail,State-Grounded,180,BIS_same_minus_opposite_cosine,3852,-0.10675987601280212
non_tail,State-Grounded,180,BIS_same_minus_opposite_cosine,3967,-0.013923616707325004
non_tail,State-Grounded,180,BIS_same_minus_opposite_cosine,3976,0.0035933107137680054
non_tail,State-Grounded,180,BIS_same_minus_opposite_cosine,3978,-0.01662604510784149
non_tail,State-Grounded,180,BIS_same_minus_opposite_cosine,3985,0.03232794875899947
non_tail,State-Grounded,180,BIS_same_minus_opposite_cosine,4016,-0.0008809309114109487
non_tail,State-Grounded,180,BIS_same_minus_opposite_cosine,4080,0.08364677464678172
non_tail,State-Grounded,180,BIS_same_minus_opposite_cosine,4293,-0.006819188594818115
non_tail,State-Grounded,180,BIS_same_minus_opposite_cosine,4312,-0.043513379163212185
non_tail,State-Grounded,180,BIS_same_minus_opposite_cosine,4529,0.006360640625158953
non_tail,State-Grounded,180,BIS_same_minus_opposite_cosine,4540,0.0798280189434688
non_tail,State-Grounded,180,BIS_same_minus_opposite_cosine,4638,-0.05872004637212469
non_tail,State-Grounded,180,BIS_same_minus_opposite_cosine,4686,0.013322649730576397
non_tail,State-Grounded,180,BIS_same_minus_opposite_cosine,4821,0.011814825011022156
non_tail,State-Grounded,180,BIS_same_minus_opposite_cosine,4865,0.034839099329529444
non_tail,State-Grounded,180,BIS_same_minus_opposite_cosine,4944,0.18028632754629303
non_tail,State-Grounded,180,BIS_same_minus_opposite_cosine,5309,-0.0004250664602626353
non_tail,State-Grounded,180,BIS_same_minus_opposite_cosine,5377,0.0909711989489469
non_tail,State-Grounded,180,BIS_same_minus_opposite_cosine,5410,0.015449003378550152
non_tail,State-Grounded,180,BIS_same_minus_opposite_cosine,5454,-0.014535730083783505
non_tail,State-Grounded,180,BIS_same_minus_opposite_cosine,5516,-0.05651296336542477
non_tail,State-Grounded,180,BIS_same_minus_opposite_cosine,5600,-0.08000392218430841
non_tail,State-Grounded,180,BIS_same_minus_opposite_cosine,5778,0.006749352316061663
non_tail,State-Grounded,180,BIS_same_minus_opposite_cosine,5826,0.053559477130571964
non_tail,State-Grounded,180,BIS_same_minus_opposite_cosine,5961,0.07024208009243016
non_tail,State-Grounded,180,BIS_same_minus_opposite_cosine,5989,-0.056862548348449504
non_tail,State-Grounded,180,BIS_same_minus_opposite_cosine,6025,0.07980920001864433
non_tail,State-Grounded,180,MAP_same_minus_opposite_cosine,105,-0.06542136669158938
non_tail,State-Grounded,180,MAP_same_minus_opposite_cosine,323,0.14873539408047998
non_tail,State-Grounded,180,MAP_same_minus_opposite_cosine,348,-0.1668539260824522
non_tail,State-Grounded,180,MAP_same_minus_opposite_cosine,391,-0.0988648719198647
non_tail,State-Grounded,180,MAP_same_minus_opposite_cosine,683,-0.06516677969031859
non_tail,State-Grounded,180,MAP_same_minus_opposite_cosine,747,0.10162298232316969
non_tail,State-Grounded,180,MAP_same_minus_opposite_cosine,750,0.032085902988910675
non_tail,State-Grounded,180,MAP_same_minus_opposite_cosine,758,0.08965940574804943
non_tail,State-Grounded,180,MAP_same_minus_opposite_cosine,843,-0.11156497895717621
non_tail,State-Grounded,180,MAP_same_minus_opposite_cosine,877,0.040694231788317325
non_tail,State-Grounded,180,MAP_same_minus_opposite_cosine,926,-0.07319410325902875
non_tail,State-Grounded,180,MAP_same_minus_opposite_cosine,967,-0.01575500247153372
non_tail,State-Grounded,180,MAP_same_minus_opposite_cosine,992,0.028121355356592104
non_tail,State-Grounded,180,MAP_same_minus_opposite_cosine,1014,0.11077254874010889
non_tail,State-Grounded,180,MAP_same_minus_opposite_cosine,1092,-0.027656577030817586
non_tail,State-Grounded,180,MAP_same_minus_opposite_cosine,1193,-0.021071890989939335
non_tail,State-Grounded,180,MAP_same_minus_opposite_cosine,1308,0.024382627371585808
non_tail,State-Grounded,180,MAP_same_minus_opposite_cosine,1335,0.10202711986170876
non_tail,State-Grounded,180,MAP_same_minus_opposite_cosine,1480,0.010171550760666448
non_tail,State-Grounded,180,MAP_same_minus_opposite_cosine,1566,0.09353081782658901
non_tail,State-Grounded,180,MAP_same_minus_opposite_cosine,1636,0.014375379929939869
non_tail,State-Grounded,180,MAP_same_minus_opposite_cosine,1644,0.09961449603239692
non_tail,State-Grounded,180,MAP_same_minus_opposite_cosine,1839,-0.0789867296363369
non_tail,State-Grounded,180,MAP_same_minus_opposite_cosine,1943,0.010572060942649841
non_tail,State-Grounded,180,MAP_same_minus_opposite_cosine,2005,0.07935008009274802
non_tail,State-Grounded,180,MAP_same_minus_opposite_cosine,2048,0.11983865549167005
non_tail,State-Grounded,180,MAP_same_minus_opposite_cosine,2173,-0.03763210829911812
non_tail,State-Grounded,180,MAP_same_minus_opposite_cosine,2263,-0.006540138979978627
non_tail,State-Grounded,180,MAP_same_minus_opposite_cosine,2303,-0.07956350346406293
non_tail,State-Grounded,180,MAP_same_minus_opposite_cosine,2308,0.1202316789163484
non_tail,State-Grounded,180,MAP_same_minus_opposite_cosine,2347,0.07151650687058775
non_tail,State-Grounded,180,MAP_same_minus_opposite_cosine,2361,-0.1200512250264486
non_tail,State-Grounded,180,MAP_same_minus_opposite_cosine,2567,0.04540265227357543
non_tail,State-Grounded,180,MAP_same_minus_opposite_cosine,2900,-0.061836838722229004
non_tail,State-Grounded,180,MAP_same_minus_opposite_cosine,2943,-0.04574552476406102
non_tail,State-Grounded,180,MAP_same_minus_opposite_cosine,2946,0.017466160158316257
non_tail,State-Grounded,180,MAP_same_minus_opposite_cosine,2988,-0.12257323745224202
non_tail,State-Grounded,180,MAP_same_minus_opposite_cosine,3261,-0.004056818783283234
non_tail,State-Grounded,180,MAP_same_minus_opposite_cosine,3354,-0.0665948664148649
non_tail,State-Grounded,180,MAP_same_minus_opposite_cosine,3387,-0.10264314413070674
non_tail,State-Grounded,180,MAP_same_minus_opposite_cosine,3485,-0.025183101991812396
non_tail,State-Grounded,180,MAP_same_minus_opposite_cosine,3525,-0.08027530312538145
non_tail,State-Grounded,180,MAP_same_minus_opposite_cosine,3569,-0.030482401450474983
non_tail,State-Grounded,180,MAP_same_minus_opposite_cosine,3593,-0.03330967507579108
non_tail,State-Grounded,180,MAP_same_minus_opposite_cosine,3613,-0.00693802535533905
non_tail,State-Grounded,180,MAP_same_minus_opposite_cosine,3764,0.025319497783978795
non_tail,State-Grounded,180,MAP_same_minus_opposite_cosine,3768,0.055230119162135605
non_tail,State-Grounded,180,MAP_same_minus_opposite_cosine,3852,-0.10291243294874819
non_tail,State-Grounded,180,MAP_same_minus_opposite_cosine,3967,-0.08264494168035919
non_tail,State-Grounded,180,MAP_same_minus_opposite_cosine,3976,0.014969373742739323
non_tail,State-Grounded,180,MAP_same_minus_opposite_cosine,3978,-0.06343670934438705
non_tail,State-Grounded,180,MAP_same_minus_opposite_cosine,3985,-0.04325803493460023
non_tail,State-Grounded,180,MAP_same_minus_opposite_cosine,4016,-0.12497860441605246
non_tail,State-Grounded,180,MAP_same_minus_opposite_cosine,4080,-0.07851351549228036
non_tail,State-Grounded,180,MAP_same_minus_opposite_cosine,4293,-0.06935593287150066
non_tail,State-Grounded,180,MAP_same_minus_opposite_cosine,4312,0.09933152546485269
non_tail,State-Grounded,180,MAP_same_minus_opposite_cosine,4529,-0.023840849598248726
non_tail,State-Grounded,180,MAP_same_minus_opposite_cosine,4540,-0.05363174031178153
non_tail,State-Grounded,180,MAP_same_minus_opposite_cosine,4638,0.040740742286046405
non_tail,State-Grounded,180,MAP_same_minus_opposite_cosine,4686,0.028615166517821256
non_tail,State-Grounded,180,MAP_same_minus_opposite_cosine,4821,-0.007990520108829835
non_tail,State-Grounded,180,MAP_same_minus_opposite_cosine,4865,-0.010102858146031735
non_tail,State-Grounded,180,MAP_same_minus_opposite_cosine,4944,-0.015873418913947224
non_tail,State-Grounded,180,MAP_same_minus_opposite_cosine,5309,-0.015444009999434072
non_tail,State-Grounded,180,MAP_same_minus_opposite_cosine,5377,0.05170961904029048
non_tail,State-Grounded,180,MAP_same_minus_opposite_cosine,5410,0.03793784976005554
non_tail,State-Grounded,180,MAP_same_minus_opposite_cosine,5454,0.06372234163184964
non_tail,State-Grounded,180,MAP_same_minus_opposite_cosine,5516,-0.01914769049846765
non_tail,State-Grounded,180,MAP_same_minus_opposite_cosine,5600,-0.0006368834347951768
non_tail,State-Grounded,180,MAP_same_minus_opposite_cosine,5778,0.0034387265642484843
non_tail,State-Grounded,180,MAP_same_minus_opposite_cosine,5826,0.06578680173014151
non_tail,State-Grounded,180,MAP_same_minus_opposite_cosine,5961,0.022506512701511383
non_tail,State-Grounded,180,MAP_same_minus_opposite_cosine,5989,0.06295575615432525
non_tail,State-Grounded,180,MAP_same_minus_opposite_cosine,6025,0.13804417690544413
non_tail,State-Grounded,180,triplet_accuracy,323,0.6
non_tail,State-Grounded,180,triplet_accuracy,348,0.55
non_tail,State-Grounded,180,triplet_accuracy,391,0.75
non_tail,State-Grounded,180,triplet_accuracy,683,0.55
non_tail,State-Grounded,180,triplet_accuracy,747,0.55
non_tail,State-Grounded,180,triplet_accuracy,750,0.7
non_tail,State-Grounded,180,triplet_accuracy,758,0.7
non_tail,State-Grounded,180,triplet_accuracy,843,0.45
non_tail,State-Grounded,180,triplet_accuracy,967,0.6
non_tail,State-Grounded,180,triplet_accuracy,1014,0.45
non_tail,State-Grounded,180,triplet_accuracy,1092,0.5
non_tail,State-Grounded,180,triplet_accuracy,1193,0.5
non_tail,State-Grounded,180,triplet_accuracy,1335,0.45
non_tail,State-Grounded,180,triplet_accuracy,1480,0.6
non_tail,State-Grounded,180,triplet_accuracy,1566,0.45
non_tail,State-Grounded,180,triplet_accuracy,1839,0.6
non_tail,State-Grounded,180,triplet_accuracy,1943,0.4
non_tail,State-Grounded,180,triplet_accuracy,2005,0.65
non_tail,State-Grounded,180,triplet_accuracy,2048,0.65
non_tail,State-Grounded,180,triplet_accuracy,2173,0.7
non_tail,State-Grounded,180,triplet_accuracy,2263,0.5
non_tail,State-Grounded,180,triplet_accuracy,2303,0.6
non_tail,State-Grounded,180,triplet_accuracy,2308,0.65
non_tail,State-Grounded,180,triplet_accuracy,2347,0.5
non_tail,State-Grounded,180,triplet_accuracy,2361,0.5
non_tail,State-Grounded,180,triplet_accuracy,2567,0.65
non_tail,State-Grounded,180,triplet_accuracy,2943,0.65
non_tail,State-Grounded,180,triplet_accuracy,2988,0.5
non_tail,State-Grounded,180,triplet_accuracy,3261,0.65
non_tail,State-Grounded,180,triplet_accuracy,3354,0.4
non_tail,State-Grounded,180,triplet_accuracy,3525,0.5
non_tail,State-Grounded,180,triplet_accuracy,3569,0.5
non_tail,State-Grounded,180,triplet_accuracy,3593,0.5
non_tail,State-Grounded,180,triplet_accuracy,3768,0.5
non_tail,State-Grounded,180,triplet_accuracy,3852,0.45
non_tail,State-Grounded,180,triplet_accuracy,3967,0.6
non_tail,State-Grounded,180,triplet_accuracy,3978,0.45
non_tail,State-Grounded,180,triplet_accuracy,3985,0.45
non_tail,State-Grounded,180,triplet_accuracy,4016,0.55
non_tail,State-Grounded,180,triplet_accuracy,4293,0.4
non_tail,State-Grounded,180,triplet_accuracy,4312,0.75
non_tail,State-Grounded,180,triplet_accuracy,4529,0.75
non_tail,State-Grounded,180,triplet_accuracy,4540,0.4
non_tail,State-Grounded,180,triplet_accuracy,4686,0.5
non_tail,State-Grounded,180,triplet_accuracy,4821,0.7
non_tail,State-Grounded,180,triplet_accuracy,4865,0.5
non_tail,State-Grounded,180,triplet_accuracy,4944,0.7
non_tail,State-Grounded,180,triplet_accuracy,5309,0.5
non_tail,State-Grounded,180,triplet_accuracy,5377,0.45
non_tail,State-Grounded,180,triplet_accuracy,5410,0.55
non_tail,State-Grounded,180,triplet_accuracy,5454,0.4
non_tail,State-Grounded,180,triplet_accuracy,5516,0.45
non_tail,State-Grounded,180,triplet_accuracy,5600,0.6
non_tail,State-Grounded,180,triplet_accuracy,5778,0.55
non_tail,State-Grounded,180,triplet_accuracy,5989,0.55
non_tail,State-Grounded,180,triplet_accuracy,6025,0.4
overall,State-Grounded,300,BIS_same_minus_opposite_cosine,105,0.10297141773005325
overall,State-Grounded,300,BIS_same_minus_opposite_cosine,323,0.06079857786496479
overall,State-Grounded,300,BIS_same_minus_opposite_cosine,348,0.09007762080679338
overall,State-Grounded,300,BIS_same_minus_opposite_cosine,391,0.01513198062225618
overall,State-Grounded,300,BIS_same_minus_opposite_cosine,683,0.06959949642037733
overall,State-Grounded,300,BIS_same_minus_opposite_cosine,747,0.007749310135841347
overall,State-Grounded,300,BIS_same_minus_opposite_cosine,750,0.11461377069354062
overall,State-Grounded,300,BIS_same_minus_opposite_cosine,758,0.034297824267185084
overall,State-Grounded,300,BIS_same_minus_opposite_cosine,843,-0.004068142341242864
overall,State-Grounded,300,BIS_same_minus_opposite_cosine,877,0.10465796173383024
overall,State-Grounded,300,BIS_same_minus_opposite_cosine,926,0.033280094961325335
overall,State-Grounded,300,BIS_same_minus_opposite_cosine,967,0.047431983881526585
overall,State-Grounded,300,BIS_same_minus_opposite_cosine,992,0.058632018996609525
overall,State-Grounded,300,BIS_same_minus_opposite_cosine,1014,0.04819469606434856
overall,State-Grounded,300,BIS_same_minus_opposite_cosine,1092,0.040802338918050185
overall,State-Grounded,300,BIS_same_minus_opposite_cosine,1193,-0.04877710486451792
overall,State-Grounded,300,BIS_same_minus_opposite_cosine,1308,0.01812196254730225
overall,State-Grounded,300,BIS_same_minus_opposite_cosine,1335,0.03125397990147272
overall,State-Grounded,300,BIS_same_minus_opposite_cosine,1480,0.05313826906375396
overall,State-Grounded,300,BIS_same_minus_opposite_cosine,1566,0.038677070086652554
overall,State-Grounded,300,BIS_same_minus_opposite_cosine,1636,0.07335073357378996
overall,State-Grounded,300,BIS_same_minus_opposite_cosine,1644,0.09041416601858276
overall,State-Grounded,300,BIS_same_minus_opposite_cosine,1839,0.042340319074582355
overall,State-Grounded,300,BIS_same_minus_opposite_cosine,1943,0.10309251199165981
overall,State-Grounded,300,BIS_same_minus_opposite_cosine,2005,0.006515031059582954
overall,State-Grounded,300,BIS_same_minus_opposite_cosine,2048,0.13016876007119815
overall,State-Grounded,300,BIS_same_minus_opposite_cosine,2173,0.1339317028721173
overall,State-Grounded,300,BIS_same_minus_opposite_cosine,2263,0.1413257815270571
overall,State-Grounded,300,BIS_same_minus_opposite_cosine,2303,0.06931406267178364
overall,State-Grounded,300,BIS_same_minus_opposite_cosine,2308,-0.05606059730052948
overall,State-Grounded,300,BIS_same_minus_opposite_cosine,2347,0.018629997496803496
overall,State-Grounded,300,BIS_same_minus_opposite_cosine,2361,0.05727698107560475
overall,State-Grounded,300,BIS_same_minus_opposite_cosine,2567,0.12192076448351141
overall,State-Grounded,300,BIS_same_minus_opposite_cosine,2900,0.06551063024636472
overall,State-Grounded,300,BIS_same_minus_opposite_cosine,2943,0.0844203531742096
overall,State-Grounded,300,BIS_same_minus_opposite_cosine,2946,0.08944203880352852
overall,State-Grounded,300,BIS_same_minus_opposite_cosine,2988,0.04054900630452163
overall,State-Grounded,300,BIS_same_minus_opposite_cosine,3261,-0.02052154265917261
overall,State-Grounded,300,BIS_same_minus_opposite_cosine,3354,0.043108659430786345
overall,State-Grounded,300,BIS_same_minus_opposite_cosine,3387,0.0813362152626117
overall,State-Grounded,300,BIS_same_minus_opposite_cosine,3485,-0.06300312564486554
overall,State-Grounded,300,BIS_same_minus_opposite_cosine,3525,0.058665893785655454
overall,State-Grounded,300,BIS_same_minus_opposite_cosine,3569,0.0246169277915248
overall,State-Grounded,300,BIS_same_minus_opposite_cosine,3593,0.18202123132844772
overall,State-Grounded,300,BIS_same_minus_opposite_cosine,3613,0.05109004105130832
overall,State-Grounded,300,BIS_same_minus_opposite_cosine,3764,0.0021451732516288846
overall,State-Grounded,300,BIS_same_minus_opposite_cosine,3768,0.004130222537051642
overall,State-Grounded,300,BIS_same_minus_opposite_cosine,3852,0.03318923150117581
overall,State-Grounded,300,BIS_same_minus_opposite_cosine,3967,-0.03413852978320342
overall,State-Grounded,300,BIS_same_minus_opposite_cosine,3976,0.019585144221782702
overall,State-Grounded,300,BIS_same_minus_opposite_cosine,3978,-0.006085979607370118
overall,State-Grounded,300,BIS_same_minus_opposite_cosine,3985,0.11194327990214037
overall,State-Grounded,300,BIS_same_minus_opposite_cosine,4016,0.08673164000113798
overall,State-Grounded,300,BIS_same_minus_opposite_cosine,4080,0.07498486180236374
overall,State-Grounded,300,BIS_same_minus_opposite_cosine,4293,0.04846420747538405
overall,State-Grounded,300,BIS_same_minus_opposite_cosine,4312,0.17912017554044718
overall,State-Grounded,300,BIS_same_minus_opposite_cosine,4529,0.0876986900965373
overall,State-Grounded,300,BIS_same_minus_opposite_cosine,4540,0.008318464209636112
overall,State-Grounded,300,BIS_same_minus_opposite_cosine,4638,0.024860070454768568
overall,State-Grounded,300,BIS_same_minus_opposite_cosine,4686,0.04053860615039695
overall,State-Grounded,300,BIS_same_minus_opposite_cosine,4821,0.005046396255493191
overall,State-Grounded,300,BIS_same_minus_opposite_cosine,4865,0.09331797013680143
overall,State-Grounded,300,BIS_same_minus_opposite_cosine,4944,0.06955232898826191
overall,State-Grounded,300,BIS_same_minus_opposite_cosine,5309,0.06834011044767174
overall,State-Grounded,300,BIS_same_minus_opposite_cosine,5377,0.09926334147651983
overall,State-Grounded,300,BIS_same_minus_opposite_cosine,5410,0.04723417404152097
overall,State-Grounded,300,BIS_same_minus_opposite_cosine,5454,0.008068839708963993
overall,State-Grounded,300,BIS_same_minus_opposite_cosine,5516,-0.0018957473834355643
overall,State-Grounded,300,BIS_same_minus_opposite_cosine,5600,0.05178930718524788
overall,State-Grounded,300,BIS_same_minus_opposite_cosine,5778,0.09203471279014719
overall,State-Grounded,300,BIS_same_minus_opposite_cosine,5826,0.0916195660829544
overall,State-Grounded,300,BIS_same_minus_opposite_cosine,5961,0.00327969193458566
overall,State-Grounded,300,BIS_same_minus_opposite_cosine,5989,0.015516164532878962
overall,State-Grounded,300,BIS_same_minus_opposite_cosine,6025,0.0714703488129157
overall,State-Grounded,300,MAP_same_minus_opposite_cosine,105,0.011938382436831763
overall,State-Grounded,300,MAP_same_minus_opposite_cosine,323,-0.03739851570647701
overall,State-Grounded,300,MAP_same_minus_opposite_cosine,348,0.07128586584613439
overall,State-Grounded,300,MAP_same_minus_opposite_cosine,391,0.029202388075814767
overall,State-Grounded,300,MAP_same_minus_opposite_cosine,683,-0.008904570624941877
overall,State-Grounded,300,MAP_same_minus_opposite_cosine,747,-0.009761725531684085
overall,State-Grounded,300,MAP_same_minus_opposite_cosine,750,-0.07040531188249588
overall,State-Grounded,300,MAP_same_minus_opposite_cosine,758,0.031056044534172766
overall,State-Grounded,300,MAP_same_minus_opposite_cosine,843,0.005930795768896657
overall,State-Grounded,300,MAP_same_minus_opposite_cosine,877,0.080894474877101
overall,State-Grounded,300,MAP_same_minus_opposite_cosine,926,0.0681751070419947
overall,State-Grounded,300,MAP_same_minus_opposite_cosine,967,-0.011490142221252109
overall,State-Grounded,300,MAP_same_minus_opposite_cosine,992,0.052091066894077165
overall,State-Grounded,300,MAP_same_minus_opposite_cosine,1014,-0.0035354723532995402
overall,State-Grounded,300,MAP_same_minus_opposite_cosine,1092,-0.07030100206965983
overall,State-Grounded,300,MAP_same_minus_opposite_cosine,1193,0.041386979561121695
overall,State-Grounded,300,MAP_same_minus_opposite_cosine,1308,0.019079353830270596
overall,State-Grounded,300,MAP_same_minus_opposite_cosine,1335,-0.05173831200390533
overall,State-Grounded,300,MAP_same_minus_opposite_cosine,1480,0.08318158791021057
overall,State-Grounded,300,MAP_same_minus_opposite_cosine,1566,-0.004164042448004057
overall,State-Grounded,300,MAP_same_minus_opposite_cosine,1636,0.056598785685168296
overall,State-Grounded,300,MAP_same_minus_opposite_cosine,1644,-0.029012031190925103
overall,State-Grounded,300,MAP_same_minus_opposite_cosine,1839,0.07630455593268082
overall,State-Grounded,300,MAP_same_minus_opposite_cosine,1943,0.06823210815588632
overall,State-Grounded,300,MAP_same_minus_opposite_cosine,2005,0.02705794898448166
overall,State-Grounded,300,MAP_same_minus_opposite_cosine,2048,0.011593108317431211
overall,State-Grounded,300,MAP_same_minus_opposite_cosine,2173,0.033602349539146315
overall,State-Grounded,300,MAP_same_minus_opposite_cosine,2263,0.052080619220550295
overall,State-Grounded,300,MAP_same_minus_opposite_cosine,2303,-0.0058253736206979045
overall,State-Grounded,300,MAP_same_minus_opposite_cosine,2308,-0.013232003767853218
overall,State-Grounded,300,MAP_same_minus_opposite_cosine,2347,0.12112347688525915
overall,State-Grounded,300,MAP_same_minus_opposite_cosine,2361,0.010921029675574512
overall,State-Grounded,300,MAP_same_minus_opposite_cosine,2567,0.024564397335052446
overall,State-Grounded,300,MAP_same_minus_opposite_cosine,2900,-0.01805896054614675
overall,State-Grounded,300,MAP_same_minus_opposite_cosine,2943,-0.047669178825141656
overall,State-Grounded,300,MAP_same_minus_opposite_cosine,2946,-0.0009152950843175356
overall,State-Grounded,300,MAP_same_minus_opposite_cosine,2988,-0.03685205151205473
overall,State-Grounded,300,MAP_same_minus_opposite_cosine,3261,0.03413978643801019
overall,State-Grounded,300,MAP_same_minus_opposite_cosine,3354,-0.017587734032899927
overall,State-Grounded,300,MAP_same_minus_opposite_cosine,3387,0.03047675838073094
overall,State-Grounded,300,MAP_same_minus_opposite_cosine,3485,-0.01800387140476345
overall,State-Grounded,300,MAP_same_minus_opposite_cosine,3525,-0.020926069975763184
overall,State-Grounded,300,MAP_same_minus_opposite_cosine,3569,-0.015089612409020958
overall,State-Grounded,300,MAP_same_minus_opposite_cosine,3593,-0.009942145148913117
overall,State-Grounded,300,MAP_same_minus_opposite_cosine,3613,-0.008163068420959263
overall,State-Grounded,300,MAP_same_minus_opposite_cosine,3764,0.018127611031134916
overall,State-Grounded,300,MAP_same_minus_opposite_cosine,3768,0.0317754099766413
overall,State-Grounded,300,MAP_same_minus_opposite_cosine,3852,-0.002125420402257827
overall,State-Grounded,300,MAP_same_minus_opposite_cosine,3967,-0.028250963985919975
overall,State-Grounded,300,MAP_same_minus_opposite_cosine,3976,-0.015310909350713109
overall,State-Grounded,300,MAP_same_minus_opposite_cosine,3978,0.026343661546707198
overall,State-Grounded,300,MAP_same_minus_opposite_cosine,3985,0.028556532661120126
overall,State-Grounded,300,MAP_same_minus_opposite_cosine,4016,-0.0283354886869589
overall,State-Grounded,300,MAP_same_minus_opposite_cosine,4080,0.04131714878258885
overall,State-Grounded,300,MAP_same_minus_opposite_cosine,4293,-0.01774306311493834
overall,State-Grounded,300,MAP_same_minus_opposite_cosine,4312,0.0364871226499478
overall,State-Grounded,300,MAP_same_minus_opposite_cosine,4529,0.0045121243312246095
overall,State-Grounded,300,MAP_same_minus_opposite_cosine,4540,-0.01398428105390992
overall,State-Grounded,300,MAP_same_minus_opposite_cosine,4638,0.08977177259714708
overall,State-Grounded,300,MAP_same_minus_opposite_cosine,4686,-0.022575864042991167
overall,State-Grounded,300,MAP_same_minus_opposite_cosine,4821,0.05287169283699422
overall,State-Grounded,300,MAP_same_minus_opposite_cosine,4865,0.019981480780101868
overall,State-Grounded,300,MAP_same_minus_opposite_cosine,4944,-0.072592009305954
overall,State-Grounded,300,MAP_same_minus_opposite_cosine,5309,0.03559768072984837
overall,State-Grounded,300,MAP_same_minus_opposite_cosine,5377,-0.013949715594450685
overall,State-Grounded,300,MAP_same_minus_opposite_cosine,5410,0.06470135947068534
overall,State-Grounded,300,MAP_same_minus_opposite_cosine,5454,0.01619100713211552
overall,State-Grounded,300,MAP_same_minus_opposite_cosine,5516,0.041344212776138645
overall,State-Grounded,300,MAP_same_minus_opposite_cosine,5600,-0.007706689520886045
overall,State-Grounded,300,MAP_same_minus_opposite_cosine,5778,-0.002014544835457488
overall,State-Grounded,300,MAP_same_minus_opposite_cosine,5826,-0.0286203680435817
overall,State-Grounded,300,MAP_same_minus_opposite_cosine,5961,0.008952082655368732
overall,State-Grounded,300,MAP_same_minus_opposite_cosine,5989,-0.05468975876768434
overall,State-Grounded,300,MAP_same_minus_opposite_cosine,6025,-0.05632366115848231
overall,State-Grounded,300,triplet_accuracy,323,0.4666666666666667
overall,State-Grounded,300,triplet_accuracy,348,0.5166666666666667
overall,State-Grounded,300,triplet_accuracy,391,0.43333333333333335
overall,State-Grounded,300,triplet_accuracy,683,0.6
overall,State-Grounded,300,triplet_accuracy,747,0.4
overall,State-Grounded,300,triplet_accuracy,750,0.4666666666666667
overall,State-Grounded,300,triplet_accuracy,758,0.5833333333333334
overall,State-Grounded,300,triplet_accuracy,843,0.7
overall,State-Grounded,300,triplet_accuracy,967,0.5
overall,State-Grounded,300,triplet_accuracy,1014,0.5166666666666667
overall,State-Grounded,300,triplet_accuracy,1092,0.5166666666666667
overall,State-Grounded,300,triplet_accuracy,1193,0.55
overall,State-Grounded,300,triplet_accuracy,1335,0.6166666666666667
overall,State-Grounded,300,triplet_accuracy,1480,0.5333333333333333
overall,State-Grounded,300,triplet_accuracy,1566,0.5333333333333333
overall,State-Grounded,300,triplet_accuracy,1839,0.5166666666666667
overall,State-Grounded,300,triplet_accuracy,1943,0.7
overall,State-Grounded,300,triplet_accuracy,2005,0.5833333333333334
overall,State-Grounded,300,triplet_accuracy,2048,0.55
overall,State-Grounded,300,triplet_accuracy,2173,0.55
overall,State-Grounded,300,triplet_accuracy,2263,0.48333333333333334
overall,State-Grounded,300,triplet_accuracy,2303,0.55
overall,State-Grounded,300,triplet_accuracy,2308,0.55
overall,State-Grounded,300,triplet_accuracy,2347,0.5333333333333333
overall,State-Grounded,300,triplet_accuracy,2361,0.5833333333333334
overall,State-Grounded,300,triplet_accuracy,2567,0.6166666666666667
overall,State-Grounded,300,triplet_accuracy,2943,0.5333333333333333
overall,State-Grounded,300,triplet_accuracy,2988,0.6
overall,State-Grounded,300,triplet_accuracy,3261,0.5166666666666667
overall,State-Grounded,300,triplet_accuracy,3354,0.6333333333333333
overall,State-Grounded,300,triplet_accuracy,3525,0.6333333333333333
overall,State-Grounded,300,triplet_accuracy,3569,0.6166666666666667
overall,State-Grounded,300,triplet_accuracy,3593,0.4166666666666667
overall,State-Grounded,300,triplet_accuracy,3768,0.4666666666666667
overall,State-Grounded,300,triplet_accuracy,3852,0.5
overall,State-Grounded,300,triplet_accuracy,3967,0.5833333333333334
overall,State-Grounded,300,triplet_accuracy,3978,0.6666666666666666
overall,State-Grounded,300,triplet_accuracy,3985,0.5333333333333333
overall,State-Grounded,300,triplet_accuracy,4016,0.45
overall,State-Grounded,300,triplet_accuracy,4293,0.4166666666666667
overall,State-Grounded,300,triplet_accuracy,4312,0.5333333333333333
overall,State-Grounded,300,triplet_accuracy,4529,0.6333333333333333
overall,State-Grounded,300,triplet_accuracy,4540,0.5166666666666667
overall,State-Grounded,300,triplet_accuracy,4686,0.6333333333333333
overall,State-Grounded,300,triplet_accuracy,4821,0.5666666666666667
overall,State-Grounded,300,triplet_accuracy,4865,0.5333333333333333
overall,State-Grounded,300,triplet_accuracy,4944,0.5
overall,State-Grounded,300,triplet_accuracy,5309,0.5833333333333334
overall,State-Grounded,300,triplet_accuracy,5377,0.5166666666666667
overall,State-Grounded,300,triplet_accuracy,5410,0.6333333333333333
overall,State-Grounded,300,triplet_accuracy,5454,0.45
overall,State-Grounded,300,triplet_accuracy,5516,0.55
overall,State-Grounded,300,triplet_accuracy,5600,0.5833333333333334
overall,State-Grounded,300,triplet_accuracy,5778,0.4
overall,State-Grounded,300,triplet_accuracy,5989,0.5666666666666667
overall,State-Grounded,300,triplet_accuracy,6025,0.5333333333333333
stable_action_Q1,State-Grounded,300,BIS_same_minus_opposite_cosine,105,-0.019209645688533783
stable_action_Q1,State-Grounded,300,BIS_same_minus_opposite_cosine,323,0.11000772416591642
stable_action_Q1,State-Grounded,300,BIS_same_minus_opposite_cosine,348,0.03561732586887145
stable_action_Q1,State-Grounded,300,BIS_same_minus_opposite_cosine,391,-0.08406180696505483
stable_action_Q1,State-Grounded,300,BIS_same_minus_opposite_cosine,683,-0.010791045020927093
stable_action_Q1,State-Grounded,300,BIS_same_minus_opposite_cosine,747,0.05006171514590574
stable_action_Q1,State-Grounded,300,BIS_same_minus_opposite_cosine,750,-0.047592307582046134
stable_action_Q1,State-Grounded,300,BIS_same_minus_opposite_cosine,758,0.10391628245512641
stable_action_Q1,State-Grounded,300,BIS_same_minus_opposite_cosine,843,0.026832508854568005
stable_action_Q1,State-Grounded,300,BIS_same_minus_opposite_cosine,877,0.15393765618403754
stable_action_Q1,State-Grounded,300,BIS_same_minus_opposite_cosine,926,-0.15392878019448475
stable_action_Q1,State-Grounded,300,BIS_same_minus_opposite_cosine,967,0.014170527458190918
stable_action_Q1,State-Grounded,300,BIS_same_minus_opposite_cosine,992,0.09159437343478205
stable_action_Q1,State-Grounded,300,BIS_same_minus_opposite_cosine,1014,-0.020140601011613968
stable_action_Q1,State-Grounded,300,BIS_same_minus_opposite_cosine,1092,0.07737498730421066
stable_action_Q1,State-Grounded,300,BIS_same_minus_opposite_cosine,1193,0.21662322916090487
stable_action_Q1,State-Grounded,300,BIS_same_minus_opposite_cosine,1308,0.0427029890318712
stable_action_Q1,State-Grounded,300,BIS_same_minus_opposite_cosine,1335,0.07477995579441388
stable_action_Q1,State-Grounded,300,BIS_same_minus_opposite_cosine,1480,0.01293427124619484
stable_action_Q1,State-Grounded,300,BIS_same_minus_opposite_cosine,1566,0.05634890596071873
stable_action_Q1,State-Grounded,300,BIS_same_minus_opposite_cosine,1636,-0.4684358835220337
stable_action_Q1,State-Grounded,300,BIS_same_minus_opposite_cosine,1644,0.16048375942877358
stable_action_Q1,State-Grounded,300,BIS_same_minus_opposite_cosine,1839,-0.0052403970843268866
stable_action_Q1,State-Grounded,300,BIS_same_minus_opposite_cosine,1943,0.24349417921268574
stable_action_Q1,State-Grounded,300,BIS_same_minus_opposite_cosine,2005,-0.1644274728993575
stable_action_Q1,State-Grounded,300,BIS_same_minus_opposite_cosine,2048,0.033781300816271065
stable_action_Q1,State-Grounded,300,BIS_same_minus_opposite_cosine,2173,0.07257139197353157
stable_action_Q1,State-Grounded,300,BIS_same_minus_opposite_cosine,2263,0.05441602226346731
stable_action_Q1,State-Grounded,300,BIS_same_minus_opposite_cosine,2303,0.07800646995504701
stable_action_Q1,State-Grounded,300,BIS_same_minus_opposite_cosine,2308,-0.011554775966538366
stable_action_Q1,State-Grounded,300,BIS_same_minus_opposite_cosine,2347,0.06668066872904699
stable_action_Q1,State-Grounded,300,BIS_same_minus_opposite_cosine,2361,-0.09245920884940362
stable_action_Q1,State-Grounded,300,BIS_same_minus_opposite_cosine,2567,0.02986203574885926
stable_action_Q1,State-Grounded,300,BIS_same_minus_opposite_cosine,2900,0.009920266767342922
stable_action_Q1,State-Grounded,300,BIS_same_minus_opposite_cosine,2943,0.0860695348431667
stable_action_Q1,State-Grounded,300,BIS_same_minus_opposite_cosine,2946,0.15991114910381532
stable_action_Q1,State-Grounded,300,BIS_same_minus_opposite_cosine,2988,0.045365408062934875
stable_action_Q1,State-Grounded,300,BIS_same_minus_opposite_cosine,3261,-0.005779005276660143
stable_action_Q1,State-Grounded,300,BIS_same_minus_opposite_cosine,3354,-0.050173093875249264
stable_action_Q1,State-Grounded,300,BIS_same_minus_opposite_cosine,3387,0.11939438101318145
stable_action_Q1,State-Grounded,300,BIS_same_minus_opposite_cosine,3485,0.05942381173372269
stable_action_Q1,State-Grounded,300,BIS_same_minus_opposite_cosine,3525,-0.12609164374215265
stable_action_Q1,State-Grounded,300,BIS_same_minus_opposite_cosine,3569,-0.03405242661635083
stable_action_Q1,State-Grounded,300,BIS_same_minus_opposite_cosine,3593,0.32301670871675014
stable_action_Q1,State-Grounded,300,BIS_same_minus_opposite_cosine,3613,0.02642006427049637
stable_action_Q1,State-Grounded,300,BIS_same_minus_opposite_cosine,3764,-0.3233055075009664
stable_action_Q1,State-Grounded,300,BIS_same_minus_opposite_cosine,3768,-0.012841190917022294
stable_action_Q1,State-Grounded,300,BIS_same_minus_opposite_cosine,3852,0.36811675221631024
stable_action_Q1,State-Grounded,300,BIS_same_minus_opposite_cosine,3967,0.15534582510590556
stable_action_Q1,State-Grounded,300,BIS_same_minus_opposite_cosine,3976,0.12783669702934497
stable_action_Q1,State-Grounded,300,BIS_same_minus_opposite_cosine,3978,0.04916120568911231
stable_action_Q1,State-Grounded,300,BIS_same_minus_opposite_cosine,3985,-0.003561625878016117
stable_action_Q1,State-Grounded,300,BIS_same_minus_opposite_cosine,4016,0.07736670361323794
stable_action_Q1,State-Grounded,300,BIS_same_minus_opposite_cosine,4080,-0.10102229520226969
stable_action_Q1,State-Grounded,300,BIS_same_minus_opposite_cosine,4293,0.062256379786766014
stable_action_Q1,State-Grounded,300,BIS_same_minus_opposite_cosine,4312,0.14151242578571488
stable_action_Q1,State-Grounded,300,BIS_same_minus_opposite_cosine,4529,-0.04944511661023809
stable_action_Q1,State-Grounded,300,BIS_same_minus_opposite_cosine,4540,0.03430584569772088
stable_action_Q1,State-Grounded,300,BIS_same_minus_opposite_cosine,4638,0.04193463673194242
stable_action_Q1,State-Grounded,300,BIS_same_minus_opposite_cosine,4686,0.015172726051373875
stable_action_Q1,State-Grounded,300,BIS_same_minus_opposite_cosine,4821,0.08329390610257792
stable_action_Q1,State-Grounded,300,BIS_same_minus_opposite_cosine,4865,0.04850478569666539
stable_action_Q1,State-Grounded,300,BIS_same_minus_opposite_cosine,4944,0.2071043645793741
stable_action_Q1,State-Grounded,300,BIS_same_minus_opposite_cosine,5309,0.04234715818117063
stable_action_Q1,State-Grounded,300,BIS_same_minus_opposite_cosine,5377,-0.030742935008472916
stable_action_Q1,State-Grounded,300,BIS_same_minus_opposite_cosine,5410,-0.013398566655814625
stable_action_Q1,State-Grounded,300,BIS_same_minus_opposite_cosine,5454,-0.019711377720038115
stable_action_Q1,State-Grounded,300,BIS_same_minus_opposite_cosine,5516,0.1757865150769552
stable_action_Q1,State-Grounded,300,BIS_same_minus_opposite_cosine,5600,0.032567814347289836
stable_action_Q1,State-Grounded,300,BIS_same_minus_opposite_cosine,5778,0.0477827424804369
stable_action_Q1,State-Grounded,300,BIS_same_minus_opposite_cosine,5826,0.11378729177845848
stable_action_Q1,State-Grounded,300,BIS_same_minus_opposite_cosine,5961,-0.0020224464436371936
stable_action_Q1,State-Grounded,300,BIS_same_minus_opposite_cosine,5989,0.023273447472037634
stable_action_Q1,State-Grounded,300,BIS_same_minus_opposite_cosine,6025,0.1722101844621427
stable_action_Q1,State-Grounded,300,MAP_same_minus_opposite_cosine,105,-0.1387156897357532
stable_action_Q1,State-Grounded,300,MAP_same_minus_opposite_cosine,323,0.11432225611947833
stable_action_Q1,State-Grounded,300,MAP_same_minus_opposite_cosine,348,0.07821873972813287
stable_action_Q1,State-Grounded,300,MAP_same_minus_opposite_cosine,391,-0.07011061360438664
stable_action_Q1,State-Grounded,300,MAP_same_minus_opposite_cosine,683,0.1184969196716944
stable_action_Q1,State-Grounded,300,MAP_same_minus_opposite_cosine,747,0.01800658847346459
stable_action_Q1,State-Grounded,300,MAP_same_minus_opposite_cosine,750,0.11581962803999579
stable_action_Q1,State-Grounded,300,MAP_same_minus_opposite_cosine,758,-0.04613595371219248
stable_action_Q1,State-Grounded,300,MAP_same_minus_opposite_cosine,843,0.06744082653451533
stable_action_Q1,State-Grounded,300,MAP_same_minus_opposite_cosine,877,0.13289320189505816
stable_action_Q1,State-Grounded,300,MAP_same_minus_opposite_cosine,926,0.04484698275725041
stable_action_Q1,State-Grounded,300,MAP_same_minus_opposite_cosine,967,0.15608702103296918
stable_action_Q1,State-Grounded,300,MAP_same_minus_opposite_cosine,992,0.22180814366965068
stable_action_Q1,State-Grounded,300,MAP_same_minus_opposite_cosine,1014,0.1819929472274251
stable_action_Q1,State-Grounded,300,MAP_same_minus_opposite_cosine,1092,0.01539858927329385
stable_action_Q1,State-Grounded,300,MAP_same_minus_opposite_cosine,1193,0.12112046591937536
stable_action_Q1,State-Grounded,300,MAP_same_minus_opposite_cosine,1308,-0.038989951213200924
stable_action_Q1,State-Grounded,300,MAP_same_minus_opposite_cosine,1335,-0.11527230590581894
stable_action_Q1,State-Grounded,300,MAP_same_minus_opposite_cosine,1480,-0.053172155718008596
stable_action_Q1,State-Grounded,300,MAP_same_minus_opposite_cosine,1566,-0.08242613751263839
stable_action_Q1,State-Grounded,300,MAP_same_minus_opposite_cosine,1644,0.18651372163246083
stable_action_Q1,State-Grounded,300,MAP_same_minus_opposite_cosine,1839,-0.0032814230882759476
stable_action_Q1,State-Grounded,300,MAP_same_minus_opposite_cosine,1943,-0.034720489962233425
stable_action_Q1,State-Grounded,300,MAP_same_minus_opposite_cosine,2005,-0.014300386364938633
stable_action_Q1,State-Grounded,300,MAP_same_minus_opposite_cosine,2048,0.07639774680137634
stable_action_Q1,State-Grounded,300,MAP_same_minus_opposite_cosine,2173,0.014158876736958814
stable_action_Q1,State-Grounded,300,MAP_same_minus_opposite_cosine,2263,0.14327117386791444
stable_action_Q1,State-Grounded,300,MAP_same_minus_opposite_cosine,2303,0.06875558031929863
stable_action_Q1,State-Grounded,300,MAP_same_minus_opposite_cosine,2308,-0.08401197611930833
stable_action_Q1,State-Grounded,300,MAP_same_minus_opposite_cosine,2347,0.010361901173989052
stable_action_Q1,State-Grounded,300,MAP_same_minus_opposite_cosine,2361,0.03998676016926761
stable_action_Q1,State-Grounded,300,MAP_same_minus_opposite_cosine,2567,0.25279071880504483
stable_action_Q1,State-Grounded,300,MAP_same_minus_opposite_cosine,2900,0.02140218714872988
stable_action_Q1,State-Grounded,300,MAP_same_minus_opposite_cosine,2943,0.11019205053647363
stable_action_Q1,State-Grounded,300,MAP_same_minus_opposite_cosine,2946,0.07694624426464236
stable_action_Q1,State-Grounded,300,MAP_same_minus_opposite_cosine,2988,0.04651777011652791
stable_action_Q1,State-Grounded,300,MAP_same_minus_opposite_cosine,3261,0.04652073731025064
stable_action_Q1,State-Grounded,300,MAP_same_minus_opposite_cosine,3354,0.08662272815903027
stable_action_Q1,State-Grounded,300,MAP_same_minus_opposite_cosine,3387,-0.01260986054937041
stable_action_Q1,State-Grounded,300,MAP_same_minus_opposite_cosine,3485,-0.09212992191314695
stable_action_Q1,State-Grounded,300,MAP_same_minus_opposite_cosine,3525,-0.19016145808356144
stable_action_Q1,State-Grounded,300,MAP_same_minus_opposite_cosine,3569,-0.049896277487277985
stable_action_Q1,State-Grounded,300,MAP_same_minus_opposite_cosine,3593,0.031382654607295946
stable_action_Q1,State-Grounded,300,MAP_same_minus_opposite_cosine,3613,0.17683726549148565
stable_action_Q1,State-Grounded,300,MAP_same_minus_opposite_cosine,3764,-0.02013996392488482
stable_action_Q1,State-Grounded,300,MAP_same_minus_opposite_cosine,3768,0.042639392738541004
stable_action_Q1,State-Grounded,300,MAP_same_minus_opposite_cosine,3852,-0.05290188933863793
stable_action_Q1,State-Grounded,300,MAP_same_minus_opposite_cosine,3967,-0.04862722423341537
stable_action_Q1,State-Grounded,300,MAP_same_minus_opposite_cosine,3976,0.08926080663998925
stable_action_Q1,State-Grounded,300,MAP_same_minus_opposite_cosine,3978,0.02436356246471405
stable_action_Q1,State-Grounded,300,MAP_same_minus_opposite_cosine,3985,-0.06830099154086333
stable_action_Q1,State-Grounded,300,MAP_same_minus_opposite_cosine,4016,0.10151938398679106
stable_action_Q1,State-Grounded,300,MAP_same_minus_opposite_cosine,4080,0.12400119590827008
stable_action_Q1,State-Grounded,300,MAP_same_minus_opposite_cosine,4293,0.04267327984174096
stable_action_Q1,State-Grounded,300,MAP_same_minus_opposite_cosine,4312,-0.007617343631055595
stable_action_Q1,State-Grounded,300,MAP_same_minus_opposite_cosine,4529,0.09079830348491669
stable_action_Q1,State-Grounded,300,MAP_same_minus_opposite_cosine,4540,0.24908193032301612
stable_action_Q1,State-Grounded,300,MAP_same_minus_opposite_cosine,4638,-0.0190007948514187
stable_action_Q1,State-Grounded,300,MAP_same_minus_opposite_cosine,4686,-0.06009221551093191
stable_action_Q1,State-Grounded,300,MAP_same_minus_opposite_cosine,4821,-0.03503215660651526
stable_action_Q1,State-Grounded,300,MAP_same_minus_opposite_cosine,4865,-0.021299148599306705
stable_action_Q1,State-Grounded,300,MAP_same_minus_opposite_cosine,4944,-0.07012950132290519
stable_action_Q1,State-Grounded,300,MAP_same_minus_opposite_cosine,5309,0.08313433521173219
stable_action_Q1,State-Grounded,300,MAP_same_minus_opposite_cosine,5377,-0.09715982313667026
stable_action_Q1,State-Grounded,300,MAP_same_minus_opposite_cosine,5410,-0.05524027347564697
stable_action_Q1,State-Grounded,300,MAP_same_minus_opposite_cosine,5454,0.005475488429268205
stable_action_Q1,State-Grounded,300,MAP_same_minus_opposite_cosine,5516,-0.11671762516101203
stable_action_Q1,State-Grounded,300,MAP_same_minus_opposite_cosine,5600,0.011501180628935459
stable_action_Q1,State-Grounded,300,MAP_same_minus_opposite_cosine,5778,-0.02849601507186894
stable_action_Q1,State-Grounded,300,MAP_same_minus_opposite_cosine,5826,-0.02219656786570945
stable_action_Q1,State-Grounded,300,MAP_same_minus_opposite_cosine,5961,0.1618099287152291
stable_action_Q1,State-Grounded,300,MAP_same_minus_opposite_cosine,5989,0.09104872650156415
stable_action_Q1,State-Grounded,300,MAP_same_minus_opposite_cosine,6025,-0.09513332988276635
stable_action_Q1,State-Grounded,300,triplet_accuracy,323,0.55
stable_action_Q1,State-Grounded,300,triplet_accuracy,348,0.55
stable_action_Q1,State-Grounded,300,triplet_accuracy,391,0.45
stable_action_Q1,State-Grounded,300,triplet_accuracy,683,0.5
stable_action_Q1,State-Grounded,300,triplet_accuracy,747,0.55
stable_action_Q1,State-Grounded,300,triplet_accuracy,750,0.6
stable_action_Q1,State-Grounded,300,triplet_accuracy,758,0.55
stable_action_Q1,State-Grounded,300,triplet_accuracy,843,0.75
stable_action_Q1,State-Grounded,300,triplet_accuracy,967,0.5
stable_action_Q1,State-Grounded,300,triplet_accuracy,1014,0.5
stable_action_Q1,State-Grounded,300,triplet_accuracy,1092,0.5
stable_action_Q1,State-Grounded,300,triplet_accuracy,1193,0.65
stable_action_Q1,State-Grounded,300,triplet_accuracy,1335,0.7
stable_action_Q1,State-Grounded,300,triplet_accuracy,1480,0.55
stable_action_Q1,State-Grounded,300,triplet_accuracy,1566,0.6
stable_action_Q1,State-Grounded,300,triplet_accuracy,1839,0.5
stable_action_Q1,State-Grounded,300,triplet_accuracy,1943,0.8
stable_action_Q1,State-Grounded,300,triplet_accuracy,2005,0.45
stable_action_Q1,State-Grounded,300,triplet_accuracy,2048,0.4
stable_action_Q1,State-Grounded,300,triplet_accuracy,2173,0.55
stable_action_Q1,State-Grounded,300,triplet_accuracy,2263,0.55
stable_action_Q1,State-Grounded,300,triplet_accuracy,2303,0.45
stable_action_Q1,State-Grounded,300,triplet_accuracy,2308,0.75
stable_action_Q1,State-Grounded,300,triplet_accuracy,2347,0.45
stable_action_Q1,State-Grounded,300,triplet_accuracy,2361,0.4
stable_action_Q1,State-Grounded,300,triplet_accuracy,2567,0.7
stable_action_Q1,State-Grounded,300,triplet_accuracy,2943,0.6
stable_action_Q1,State-Grounded,300,triplet_accuracy,2988,0.6
stable_action_Q1,State-Grounded,300,triplet_accuracy,3261,0.4
stable_action_Q1,State-Grounded,300,triplet_accuracy,3354,0.55
stable_action_Q1,State-Grounded,300,triplet_accuracy,3525,0.5
stable_action_Q1,State-Grounded,300,triplet_accuracy,3569,0.55
stable_action_Q1,State-Grounded,300,triplet_accuracy,3593,0.6
stable_action_Q1,State-Grounded,300,triplet_accuracy,3768,0.65
stable_action_Q1,State-Grounded,300,triplet_accuracy,3852,0.65
stable_action_Q1,State-Grounded,300,triplet_accuracy,3967,0.55
stable_action_Q1,State-Grounded,300,triplet_accuracy,3978,0.55
stable_action_Q1,State-Grounded,300,triplet_accuracy,3985,0.55
stable_action_Q1,State-Grounded,300,triplet_accuracy,4016,0.45
stable_action_Q1,State-Grounded,300,triplet_accuracy,4293,0.4
stable_action_Q1,State-Grounded,300,triplet_accuracy,4312,0.55
stable_action_Q1,State-Grounded,300,triplet_accuracy,4529,0.55
stable_action_Q1,State-Grounded,300,triplet_accuracy,4540,0.55
stable_action_Q1,State-Grounded,300,triplet_accuracy,4686,0.55
stable_action_Q1,State-Grounded,300,triplet_accuracy,4821,0.35
stable_action_Q1,State-Grounded,300,triplet_accuracy,4865,0.5
stable_action_Q1,State-Grounded,300,triplet_accuracy,4944,0.55
stable_action_Q1,State-Grounded,300,triplet_accuracy,5309,0.5
stable_action_Q1,State-Grounded,300,triplet_accuracy,5377,0.55
stable_action_Q1,State-Grounded,300,triplet_accuracy,5410,0.45
stable_action_Q1,State-Grounded,300,triplet_accuracy,5454,0.6
stable_action_Q1,State-Grounded,300,triplet_accuracy,5516,0.6
stable_action_Q1,State-Grounded,300,triplet_accuracy,5600,0.45
stable_action_Q1,State-Grounded,300,triplet_accuracy,5778,0.6
stable_action_Q1,State-Grounded,300,triplet_accuracy,5989,0.45
stable_action_Q1,State-Grounded,300,triplet_accuracy,6025,0.55
Q4,State-Grounded,300,BIS_same_minus_opposite_cosine,105,0.07539381434520087
Q4,State-Grounded,300,BIS_same_minus_opposite_cosine,323,0.0009942928122149697
Q4,State-Grounded,300,BIS_same_minus_opposite_cosine,348,0.07013627886772156
Q4,State-Grounded,300,BIS_same_minus_opposite_cosine,391,-0.09632450176609886
Q4,State-Grounded,300,BIS_same_minus_opposite_cosine,683,0.06949355111767852
Q4,State-Grounded,300,BIS_same_minus_opposite_cosine,747,-0.06179598848702328
Q4,State-Grounded,300,BIS_same_minus_opposite_cosine,750,-0.014027679959933037
Q4,State-Grounded,300,BIS_same_minus_opposite_cosine,758,0.03189062948028243
Q4,State-Grounded,300,BIS_same_minus_opposite_cosine,843,0.001685077590601769
Q4,State-Grounded,300,BIS_same_minus_opposite_cosine,877,0.0647803738713264
Q4,State-Grounded,300,BIS_same_minus_opposite_cosine,926,0.032307806114355686
Q4,State-Grounded,300,BIS_same_minus_opposite_cosine,967,0.07790606344739598
Q4,State-Grounded,300,BIS_same_minus_opposite_cosine,992,-0.03992995743950212
Q4,State-Grounded,300,BIS_same_minus_opposite_cosine,1014,0.11186470886071531
Q4,State-Grounded,300,BIS_same_minus_opposite_cosine,1092,-0.04489338472485538
Q4,State-Grounded,300,BIS_same_minus_opposite_cosine,1193,-0.06069515397151315
Q4,State-Grounded,300,BIS_same_minus_opposite_cosine,1308,-0.055266634623209576
Q4,State-Grounded,300,BIS_same_minus_opposite_cosine,1335,0.07546191196888685
Q4,State-Grounded,300,BIS_same_minus_opposite_cosine,1480,-0.04760774224996567
Q4,State-Grounded,300,BIS_same_minus_opposite_cosine,1566,0.08819469685355819
Q4,State-Grounded,300,BIS_same_minus_opposite_cosine,1636,0.030588369816541672
Q4,State-Grounded,300,BIS_same_minus_opposite_cosine,1644,0.14734356015017536
Q4,State-Grounded,300,BIS_same_minus_opposite_cosine,1839,-0.0016201893488565489
Q4,State-Grounded,300,BIS_same_minus_opposite_cosine,1943,0.10198736190795898
Q4,State-Grounded,300,BIS_same_minus_opposite_cosine,2005,0.02262219786643982
Q4,State-Grounded,300,BIS_same_minus_opposite_cosine,2048,-0.02025352170070016
Q4,State-Grounded,300,BIS_same_minus_opposite_cosine,2173,-0.02340111964278746
Q4,State-Grounded,300,BIS_same_minus_opposite_cosine,2263,-0.08475971201227772
Q4,State-Grounded,300,BIS_same_minus_opposite_cosine,2303,0.039747869652329126
Q4,State-Grounded,300,BIS_same_minus_opposite_cosine,2308,0.04716626270895907
Q4,State-Grounded,300,BIS_same_minus_opposite_cosine,2347,0.029194536308447483
Q4,State-Grounded,300,BIS_same_minus_opposite_cosine,2361,0.032290590306123024
Q4,State-Grounded,300,BIS_same_minus_opposite_cosine,2567,0.14387616142630577
Q4,State-Grounded,300,BIS_same_minus_opposite_cosine,2900,0.09821855209090491
Q4,State-Grounded,300,BIS_same_minus_opposite_cosine,2943,-0.09001301311784327
Q4,State-Grounded,300,BIS_same_minus_opposite_cosine,2946,-0.01262764135996508
Q4,State-Grounded,300,BIS_same_minus_opposite_cosine,2988,0.09251285903155804
Q4,State-Grounded,300,BIS_same_minus_opposite_cosine,3261,0.06547847737868628
Q4,State-Grounded,300,BIS_same_minus_opposite_cosine,3354,0.02704401016235347
Q4,State-Grounded,300,BIS_same_minus_opposite_cosine,3387,0.03200898667176566
Q4,State-Grounded,300,BIS_same_minus_opposite_cosine,3485,-0.011953233769445681
Q4,State-Grounded,300,BIS_same_minus_opposite_cosine,3525,0.040510097236344356
Q4,State-Grounded,300,BIS_same_minus_opposite_cosine,3569,0.117852583527565
Q4,State-Grounded,300,BIS_same_minus_opposite_cosine,3593,0.006987293561299679
Q4,State-Grounded,300,BIS_same_minus_opposite_cosine,3613,0.06283660187865747
Q4,State-Grounded,300,BIS_same_minus_opposite_cosine,3764,0.10447645548618201
Q4,State-Grounded,300,BIS_same_minus_opposite_cosine,3768,0.17526904154907574
Q4,State-Grounded,300,BIS_same_minus_opposite_cosine,3852,-0.04501063873370492
Q4,State-Grounded,300,BIS_same_minus_opposite_cosine,3967,0.025544109940528914
Q4,State-Grounded,300,BIS_same_minus_opposite_cosine,3976,0.007126780621933282
Q4,State-Grounded,300,BIS_same_minus_opposite_cosine,3978,-0.062147884141831256
Q4,State-Grounded,300,BIS_same_minus_opposite_cosine,3985,0.004210019856691338
Q4,State-Grounded,300,BIS_same_minus_opposite_cosine,4016,-0.0142950639128685
Q4,State-Grounded,300,BIS_same_minus_opposite_cosine,4080,0.11841668685277307
Q4,State-Grounded,300,BIS_same_minus_opposite_cosine,4293,0.04261401212877691
Q4,State-Grounded,300,BIS_same_minus_opposite_cosine,4312,0.048782967031002045
Q4,State-Grounded,300,BIS_same_minus_opposite_cosine,4529,0.07470859090487159
Q4,State-Grounded,300,BIS_same_minus_opposite_cosine,4540,0.1408528577197682
Q4,State-Grounded,300,BIS_same_minus_opposite_cosine,4638,-0.01628665129343665
Q4,State-Grounded,300,BIS_same_minus_opposite_cosine,4686,-0.0039591766668087836
Q4,State-Grounded,300,BIS_same_minus_opposite_cosine,4821,-0.008475638926029205
Q4,State-Grounded,300,BIS_same_minus_opposite_cosine,4865,0.051527465383211735
Q4,State-Grounded,300,BIS_same_minus_opposite_cosine,4944,0.07063126067320502
Q4,State-Grounded,300,BIS_same_minus_opposite_cosine,5309,0.23738554865121841
Q4,State-Grounded,300,BIS_same_minus_opposite_cosine,5377,0.11149693032105767
Q4,State-Grounded,300,BIS_same_minus_opposite_cosine,5410,-0.010476588493301686
Q4,State-Grounded,300,BIS_same_minus_opposite_cosine,5454,0.021964465081691698
Q4,State-Grounded,300,BIS_same_minus_opposite_cosine,5516,0.1530447348952293
Q4,State-Grounded,300,BIS_same_minus_opposite_cosine,5600,0.027333763738473293
Q4,State-Grounded,300,BIS_same_minus_opposite_cosine,5778,0.15345209340254462
Q4,State-Grounded,300,BIS_same_minus_opposite_cosine,5826,0.03113651682030072
Q4,State-Grounded,300,BIS_same_minus_opposite_cosine,5961,0.012046069261573589
Q4,State-Grounded,300,BIS_same_minus_opposite_cosine,5989,-0.02694092028670847
Q4,State-Grounded,300,BIS_same_minus_opposite_cosine,6025,0.08648692951961001
Q4,State-Grounded,300,MAP_same_minus_opposite_cosine,105,0.042107870632951905
Q4,State-Grounded,300,MAP_same_minus_opposite_cosine,323,0.00719819962978363
Q4,State-Grounded,300,MAP_same_minus_opposite_cosine,348,-0.05426245927810669
Q4,State-Grounded,300,MAP_same_minus_opposite_cosine,391,-0.0558189948399862
Q4,State-Grounded,300,MAP_same_minus_opposite_cosine,683,-0.05284486711025238
Q4,State-Grounded,300,MAP_same_minus_opposite_cosine,747,0.17286702934088127
Q4,State-Grounded,300,MAP_same_minus_opposite_cosine,750,0.03889753101837068
Q4,State-Grounded,300,MAP_same_minus_opposite_cosine,758,0.06906194984912872
Q4,State-Grounded,300,MAP_same_minus_opposite_cosine,843,-0.007369414220253612
Q4,State-Grounded,300,MAP_same_minus_opposite_cosine,877,-0.012741177777449209
Q4,State-Grounded,300,MAP_same_minus_opposite_cosine,926,-0.026553983489672306
Q4,State-Grounded,300,MAP_same_minus_opposite_cosine,967,-0.04050803246597445
Q4,State-Grounded,300,MAP_same_minus_opposite_cosine,992,-0.0245581020911535
Q4,State-Grounded,300,MAP_same_minus_opposite_cosine,1014,-0.07849369694789254
Q4,State-Grounded,300,MAP_same_minus_opposite_cosine,1092,-0.06288899978001916
Q4,State-Grounded,300,MAP_same_minus_opposite_cosine,1193,0.0703377599517504
Q4,State-Grounded,300,MAP_same_minus_opposite_cosine,1308,-0.06224829590681835
Q4,State-Grounded,300,MAP_same_minus_opposite_cosine,1335,0.07604133685429892
Q4,State-Grounded,300,MAP_same_minus_opposite_cosine,1480,-0.0282646777729193
Q4,State-Grounded,300,MAP_same_minus_opposite_cosine,1566,-0.05780785690460888
Q4,State-Grounded,300,MAP_same_minus_opposite_cosine,1636,0.15089325234293938
Q4,State-Grounded,300,MAP_same_minus_opposite_cosine,1644,-0.11306279400984443
Q4,State-Grounded,300,MAP_same_minus_opposite_cosine,1839,0.11742749065160751
Q4,State-Grounded,300,MAP_same_minus_opposite_cosine,1943,0.020801524321238163
Q4,State-Grounded,300,MAP_same_minus_opposite_cosine,2005,0.004191123174898559
Q4,State-Grounded,300,MAP_same_minus_opposite_cosine,2048,0.041524878570011636
Q4,State-Grounded,300,MAP_same_minus_opposite_cosine,2173,-0.11219812681277597
Q4,State-Grounded,300,MAP_same_minus_opposite_cosine,2263,-0.07693591341376305
Q4,State-Grounded,300,MAP_same_minus_opposite_cosine,2303,-0.01269111049671967
Q4,State-Grounded,300,MAP_same_minus_opposite_cosine,2308,0.07539426004796318
Q4,State-Grounded,300,MAP_same_minus_opposite_cosine,2347,0.00964214901129401
Q4,State-Grounded,300,MAP_same_minus_opposite_cosine,2361,-0.06205910940965009
Q4,State-Grounded,300,MAP_same_minus_opposite_cosine,2567,-0.005806168275220069
Q4,State-Grounded,300,MAP_same_minus_opposite_cosine,2900,0.0940237666169802
Q4,State-Grounded,300,MAP_same_minus_opposite_cosine,2943,0.08936362036249856
Q4,State-Grounded,300,MAP_same_minus_opposite_cosine,2946,0.08843092597795255
Q4,State-Grounded,300,MAP_same_minus_opposite_cosine,2988,0.06787863270276129
Q4,State-Grounded,300,MAP_same_minus_opposite_cosine,3261,0.029107580582300785
Q4,State-Grounded,300,MAP_same_minus_opposite_cosine,3354,-0.08027485329093353
Q4,State-Grounded,300,MAP_same_minus_opposite_cosine,3387,-0.09771841019392014
Q4,State-Grounded,300,MAP_same_minus_opposite_cosine,3485,0.07937136913339293
Q4,State-Grounded,300,MAP_same_minus_opposite_cosine,3525,-0.04206286122401559
Q4,State-Grounded,300,MAP_same_minus_opposite_cosine,3569,-0.022369443542427536
Q4,State-Grounded,300,MAP_same_minus_opposite_cosine,3593,0.10745693743228912
Q4,State-Grounded,300,MAP_same_minus_opposite_cosine,3613,0.007757725589203179
Q4,State-Grounded,300,MAP_same_minus_opposite_cosine,3764,-0.015936966157621746
Q4,State-Grounded,300,MAP_same_minus_opposite_cosine,3768,-0.02899476185892569
Q4,State-Grounded,300,MAP_same_minus_opposite_cosine,3852,0.09110370775063836
Q4,State-Grounded,300,MAP_same_minus_opposite_cosine,3967,0.02454858273267746
Q4,State-Grounded,300,MAP_same_minus_opposite_cosine,3976,0.11533495701021612
Q4,State-Grounded,300,MAP_same_minus_opposite_cosine,3978,0.03142335356184933
Q4,State-Grounded,300,MAP_same_minus_opposite_cosine,3985,0.06477247426907218
Q4,State-Grounded,300,MAP_same_minus_opposite_cosine,4016,-0.07441023886203768
Q4,State-Grounded,300,MAP_same_minus_opposite_cosine,4080,0.010327222943306014
Q4,State-Grounded,300,MAP_same_minus_opposite_cosine,4293,-0.012751227865616444
Q4,State-Grounded,300,MAP_same_minus_opposite_cosine,4312,-0.06447998881340022
Q4,State-Grounded,300,MAP_same_minus_opposite_cosine,4529,-0.022092632949352264
Q4,State-Grounded,300,MAP_same_minus_opposite_cosine,4540,-0.01635604103406263
Q4,State-Grounded,300,MAP_same_minus_opposite_cosine,4638,0.021349743008613586
Q4,State-Grounded,300,MAP_same_minus_opposite_cosine,4686,0.05626033698067512
Q4,State-Grounded,300,MAP_same_minus_opposite_cosine,4821,-0.12063148203823304
Q4,State-Grounded,300,MAP_same_minus_opposite_cosine,4865,-0.015382124483585335
Q4,State-Grounded,300,MAP_same_minus_opposite_cosine,4944,0.12817440099186372
Q4,State-Grounded,300,MAP_same_minus_opposite_cosine,5309,0.014778661231199863
Q4,State-Grounded,300,MAP_same_minus_opposite_cosine,5377,0.06389852116505301
Q4,State-Grounded,300,MAP_same_minus_opposite_cosine,5410,-0.01323887615492847
Q4,State-Grounded,300,MAP_same_minus_opposite_cosine,5454,-0.13695622093620763
Q4,State-Grounded,300,MAP_same_minus_opposite_cosine,5516,-0.005795629864389196
Q4,State-Grounded,300,MAP_same_minus_opposite_cosine,5600,0.005720179640885559
Q4,State-Grounded,300,MAP_same_minus_opposite_cosine,5778,0.006962819645802143
Q4,State-Grounded,300,MAP_same_minus_opposite_cosine,5826,-0.008674345082706925
Q4,State-Grounded,300,MAP_same_minus_opposite_cosine,5961,-0.017020271884070515
Q4,State-Grounded,300,MAP_same_minus_opposite_cosine,5989,0.04425754872235388
Q4,State-Grounded,300,MAP_same_minus_opposite_cosine,6025,-0.1490393690764904
Q4,State-Grounded,300,triplet_accuracy,323,0.75
Q4,State-Grounded,300,triplet_accuracy,348,0.4
Q4,State-Grounded,300,triplet_accuracy,391,0.65
Q4,State-Grounded,300,triplet_accuracy,683,0.5
Q4,State-Grounded,300,triplet_accuracy,747,0.6
Q4,State-Grounded,300,triplet_accuracy,750,0.6
Q4,State-Grounded,300,triplet_accuracy,758,0.55
Q4,State-Grounded,300,triplet_accuracy,843,0.55
Q4,State-Grounded,300,triplet_accuracy,967,0.6
Q4,State-Grounded,300,triplet_accuracy,1014,0.6
Q4,State-Grounded,300,triplet_accuracy,1092,0.7
Q4,State-Grounded,300,triplet_accuracy,1193,0.7
Q4,State-Grounded,300,triplet_accuracy,1335,0.7
Q4,State-Grounded,300,triplet_accuracy,1480,0.55
Q4,State-Grounded,300,triplet_accuracy,1566,0.55
Q4,State-Grounded,300,triplet_accuracy,1839,0.6
Q4,State-Grounded,300,triplet_accuracy,1943,0.6
Q4,State-Grounded,300,triplet_accuracy,2005,0.5
Q4,State-Grounded,300,triplet_accuracy,2048,0.5
Q4,State-Grounded,300,triplet_accuracy,2173,0.7
Q4,State-Grounded,300,triplet_accuracy,2263,0.55
Q4,State-Grounded,300,triplet_accuracy,2303,0.35
Q4,State-Grounded,300,triplet_accuracy,2308,0.65
Q4,State-Grounded,300,triplet_accuracy,2347,0.5
Q4,State-Grounded,300,triplet_accuracy,2361,0.6
Q4,State-Grounded,300,triplet_accuracy,2567,0.35
Q4,State-Grounded,300,triplet_accuracy,2943,0.45
Q4,State-Grounded,300,triplet_accuracy,2988,0.5
Q4,State-Grounded,300,triplet_accuracy,3261,0.45
Q4,State-Grounded,300,triplet_accuracy,3354,0.55
Q4,State-Grounded,300,triplet_accuracy,3525,0.6
Q4,State-Grounded,300,triplet_accuracy,3569,0.55
Q4,State-Grounded,300,triplet_accuracy,3593,0.6
Q4,State-Grounded,300,triplet_accuracy,3768,0.4
Q4,State-Grounded,300,triplet_accuracy,3852,0.55
Q4,State-Grounded,300,triplet_accuracy,3967,0.6
Q4,State-Grounded,300,triplet_accuracy,3978,0.35
Q4,State-Grounded,300,triplet_accuracy,3985,0.65
Q4,State-Grounded,300,triplet_accuracy,4016,0.25
Q4,State-Grounded,300,triplet_accuracy,4293,0.5
Q4,State-Grounded,300,triplet_accuracy,4312,0.4
Q4,State-Grounded,300,triplet_accuracy,4529,0.65
Q4,State-Grounded,300,triplet_accuracy,4540,0.45
Q4,State-Grounded,300,triplet_accuracy,4686,0.8
Q4,State-Grounded,300,triplet_accuracy,4821,0.55
Q4,State-Grounded,300,triplet_accuracy,4865,0.55
Q4,State-Grounded,300,triplet_accuracy,4944,0.5
Q4,State-Grounded,300,triplet_accuracy,5309,0.55
Q4,State-Grounded,300,triplet_accuracy,5377,0.65
Q4,State-Grounded,300,triplet_accuracy,5410,0.45
Q4,State-Grounded,300,triplet_accuracy,5454,0.6
Q4,State-Grounded,300,triplet_accuracy,5516,0.7
Q4,State-Grounded,300,triplet_accuracy,5600,0.65
Q4,State-Grounded,300,triplet_accuracy,5778,0.45
Q4,State-Grounded,300,triplet_accuracy,5989,0.6
Q4,State-Grounded,300,triplet_accuracy,6025,0.45
upcoming_large_intervention,State-Grounded,300,BIS_same_minus_opposite_cosine,105,0.014883832046479917
upcoming_large_intervention,State-Grounded,300,BIS_same_minus_opposite_cosine,323,-0.02497972423831618
upcoming_large_intervention,State-Grounded,300,BIS_same_minus_opposite_cosine,348,0.10178048299117526
upcoming_large_intervention,State-Grounded,300,BIS_same_minus_opposite_cosine,391,-0.0008769348263740762
upcoming_large_intervention,State-Grounded,300,BIS_same_minus_opposite_cosine,683,0.039897026287184834
upcoming_large_intervention,State-Grounded,300,BIS_same_minus_opposite_cosine,747,-0.05034380699649005
upcoming_large_intervention,State-Grounded,300,BIS_same_minus_opposite_cosine,750,-0.011245840539534924
upcoming_large_intervention,State-Grounded,300,BIS_same_minus_opposite_cosine,758,-0.008716805527607563
upcoming_large_intervention,State-Grounded,300,BIS_same_minus_opposite_cosine,843,0.21022255408267176
upcoming_large_intervention,State-Grounded,300,BIS_same_minus_opposite_cosine,877,0.03654979541897774
upcoming_large_intervention,State-Grounded,300,BIS_same_minus_opposite_cosine,926,0.22433433433373773
upcoming_large_intervention,State-Grounded,300,BIS_same_minus_opposite_cosine,967,0.030480283905159333
upcoming_large_intervention,State-Grounded,300,BIS_same_minus_opposite_cosine,992,0.09140696956051719
upcoming_large_intervention,State-Grounded,300,BIS_same_minus_opposite_cosine,1014,0.1255385657151541
upcoming_large_intervention,State-Grounded,300,BIS_same_minus_opposite_cosine,1092,-0.07008227581779158
upcoming_large_intervention,State-Grounded,300,BIS_same_minus_opposite_cosine,1193,0.03679954343371916
upcoming_large_intervention,State-Grounded,300,BIS_same_minus_opposite_cosine,1308,0.11461971429261297
upcoming_large_intervention,State-Grounded,300,BIS_same_minus_opposite_cosine,1335,0.09449639630814399
upcoming_large_intervention,State-Grounded,300,BIS_same_minus_opposite_cosine,1480,-0.01325749109188712
upcoming_large_intervention,State-Grounded,300,BIS_same_minus_opposite_cosine,1566,0.006540650219628352
upcoming_large_intervention,State-Grounded,300,BIS_same_minus_opposite_cosine,1636,0.02921577592690794
upcoming_large_intervention,State-Grounded,300,BIS_same_minus_opposite_cosine,1644,-0.010616009682416938
upcoming_large_intervention,State-Grounded,300,BIS_same_minus_opposite_cosine,1839,0.09561477700869236
upcoming_large_intervention,State-Grounded,300,BIS_same_minus_opposite_cosine,1943,0.020655083159605625
upcoming_large_intervention,State-Grounded,300,BIS_same_minus_opposite_cosine,2005,0.03747255603472388
upcoming_large_intervention,State-Grounded,300,BIS_same_minus_opposite_cosine,2048,0.0030608922243118286
upcoming_large_intervention,State-Grounded,300,BIS_same_minus_opposite_cosine,2173,0.032221267620722416
upcoming_large_intervention,State-Grounded,300,BIS_same_minus_opposite_cosine,2263,0.09993741683887714
upcoming_large_intervention,State-Grounded,300,BIS_same_minus_opposite_cosine,2303,0.058603907624880436
upcoming_large_intervention,State-Grounded,300,BIS_same_minus_opposite_cosine,2308,-0.029031357044975004
upcoming_large_intervention,State-Grounded,300,BIS_same_minus_opposite_cosine,2347,0.07225966950257623
upcoming_large_intervention,State-Grounded,300,BIS_same_minus_opposite_cosine,2361,0.0543557504812876
upcoming_large_intervention,State-Grounded,300,BIS_same_minus_opposite_cosine,2567,-0.04379387109568622
upcoming_large_intervention,State-Grounded,300,BIS_same_minus_opposite_cosine,2900,0.10090660552183794
upcoming_large_intervention,State-Grounded,300,BIS_same_minus_opposite_cosine,2943,0.07568289190530775
upcoming_large_intervention,State-Grounded,300,BIS_same_minus_opposite_cosine,2946,0.005184532143175602
upcoming_large_intervention,State-Grounded,300,BIS_same_minus_opposite_cosine,2988,0.07352457170685134
upcoming_large_intervention,State-Grounded,300,BIS_same_minus_opposite_cosine,3261,0.042883627116680145
upcoming_large_intervention,State-Grounded,300,BIS_same_minus_opposite_cosine,3354,0.010060332715511322
upcoming_large_intervention,State-Grounded,300,BIS_same_minus_opposite_cosine,3387,-0.015540230132284671
upcoming_large_intervention,State-Grounded,300,BIS_same_minus_opposite_cosine,3485,-0.02986058947585879
upcoming_large_intervention,State-Grounded,300,BIS_same_minus_opposite_cosine,3525,0.06728315601746238
upcoming_large_intervention,State-Grounded,300,BIS_same_minus_opposite_cosine,3569,0.024613022126934725
upcoming_large_intervention,State-Grounded,300,BIS_same_minus_opposite_cosine,3593,0.03547755007942521
upcoming_large_intervention,State-Grounded,300,BIS_same_minus_opposite_cosine,3613,0.0035970915447581797
upcoming_large_intervention,State-Grounded,300,BIS_same_minus_opposite_cosine,3764,0.08775497476259864
upcoming_large_intervention,State-Grounded,300,BIS_same_minus_opposite_cosine,3768,0.06305775543053949
upcoming_large_intervention,State-Grounded,300,BIS_same_minus_opposite_cosine,3852,0.03155438105265296
upcoming_large_intervention,State-Grounded,300,BIS_same_minus_opposite_cosine,3967,0.06075566239429242
upcoming_large_intervention,State-Grounded,300,BIS_same_minus_opposite_cosine,3976,0.01326535741488133
upcoming_large_intervention,State-Grounded,300,BIS_same_minus_opposite_cosine,3978,0.09561432732476127
upcoming_large_intervention,State-Grounded,300,BIS_same_minus_opposite_cosine,3985,0.08081632852554321
upcoming_large_intervention,State-Grounded,300,BIS_same_minus_opposite_cosine,4016,0.0003004297614097595
upcoming_large_intervention,State-Grounded,300,BIS_same_minus_opposite_cosine,4080,-0.04748479856385124
upcoming_large_intervention,State-Grounded,300,BIS_same_minus_opposite_cosine,4293,0.03932957670518333
upcoming_large_intervention,State-Grounded,300,BIS_same_minus_opposite_cosine,4312,0.12480356709824669
upcoming_large_intervention,State-Grounded,300,BIS_same_minus_opposite_cosine,4529,0.10626993725697198
upcoming_large_intervention,State-Grounded,300,BIS_same_minus_opposite_cosine,4540,-0.10450753208362695
upcoming_large_intervention,State-Grounded,300,BIS_same_minus_opposite_cosine,4638,0.07469398821845208
upcoming_large_intervention,State-Grounded,300,BIS_same_minus_opposite_cosine,4686,0.03558771808942163
upcoming_large_intervention,State-Grounded,300,BIS_same_minus_opposite_cosine,4821,0.03042227029800415
upcoming_large_intervention,State-Grounded,300,BIS_same_minus_opposite_cosine,4865,0.06482949356238044
upcoming_large_intervention,State-Grounded,300,BIS_same_minus_opposite_cosine,4944,-0.01703396439552307
upcoming_large_intervention,State-Grounded,300,BIS_same_minus_opposite_cosine,5309,0.018612112737063202
upcoming_large_intervention,State-Grounded,300,BIS_same_minus_opposite_cosine,5377,0.017417730142672894
upcoming_large_intervention,State-Grounded,300,BIS_same_minus_opposite_cosine,5410,-0.0852962310115496
upcoming_large_intervention,State-Grounded,300,BIS_same_minus_opposite_cosine,5454,0.05760599523782728
upcoming_large_intervention,State-Grounded,300,BIS_same_minus_opposite_cosine,5516,0.13117583547577705
upcoming_large_intervention,State-Grounded,300,BIS_same_minus_opposite_cosine,5600,0.017560486992200253
upcoming_large_intervention,State-Grounded,300,BIS_same_minus_opposite_cosine,5778,-0.0012788938151465645
upcoming_large_intervention,State-Grounded,300,BIS_same_minus_opposite_cosine,5826,0.022658689907102847
upcoming_large_intervention,State-Grounded,300,BIS_same_minus_opposite_cosine,5961,-0.08165541042884183
upcoming_large_intervention,State-Grounded,300,BIS_same_minus_opposite_cosine,5989,0.06443499649564421
upcoming_large_intervention,State-Grounded,300,BIS_same_minus_opposite_cosine,6025,-0.012435399823718551
upcoming_large_intervention,State-Grounded,300,MAP_same_minus_opposite_cosine,105,-0.0020982533693313377
upcoming_large_intervention,State-Grounded,300,MAP_same_minus_opposite_cosine,323,0.09393765032291412
upcoming_large_intervention,State-Grounded,300,MAP_same_minus_opposite_cosine,348,0.002990123629569963
upcoming_large_intervention,State-Grounded,300,MAP_same_minus_opposite_cosine,391,0.06963470205664635
upcoming_large_intervention,State-Grounded,300,MAP_same_minus_opposite_cosine,683,-0.008931400047408222
upcoming_large_intervention,State-Grounded,300,MAP_same_minus_opposite_cosine,747,-0.07558348588645458
upcoming_large_intervention,State-Grounded,300,MAP_same_minus_opposite_cosine,750,0.013361384019707101
upcoming_large_intervention,State-Grounded,300,MAP_same_minus_opposite_cosine,758,-0.04444042028802808
upcoming_large_intervention,State-Grounded,300,MAP_same_minus_opposite_cosine,843,0.06431951054504936
upcoming_large_intervention,State-Grounded,300,MAP_same_minus_opposite_cosine,877,-0.12609223276376724
upcoming_large_intervention,State-Grounded,300,MAP_same_minus_opposite_cosine,926,-0.03348223300594266
upcoming_large_intervention,State-Grounded,300,MAP_same_minus_opposite_cosine,967,0.24549327418208122
upcoming_large_intervention,State-Grounded,300,MAP_same_minus_opposite_cosine,992,0.014132862910628319
upcoming_large_intervention,State-Grounded,300,MAP_same_minus_opposite_cosine,1014,0.07728124161561334
upcoming_large_intervention,State-Grounded,300,MAP_same_minus_opposite_cosine,1092,0.1133512556552887
upcoming_large_intervention,State-Grounded,300,MAP_same_minus_opposite_cosine,1193,0.18816520841348733
upcoming_large_intervention,State-Grounded,300,MAP_same_minus_opposite_cosine,1308,0.04811975028779769
upcoming_large_intervention,State-Grounded,300,MAP_same_minus_opposite_cosine,1335,-0.05051305062241018
upcoming_large_intervention,State-Grounded,300,MAP_same_minus_opposite_cosine,1480,-0.08152991135915122
upcoming_large_intervention,State-Grounded,300,MAP_same_minus_opposite_cosine,1566,0.05858721004592049
upcoming_large_intervention,State-Grounded,300,MAP_same_minus_opposite_cosine,1636,0.13358524829770124
upcoming_large_intervention,State-Grounded,300,MAP_same_minus_opposite_cosine,1644,-0.09471282114585244
upcoming_large_intervention,State-Grounded,300,MAP_same_minus_opposite_cosine,1839,0.006758241189850689
upcoming_large_intervention,State-Grounded,300,MAP_same_minus_opposite_cosine,1943,-0.050570106190262476
upcoming_large_intervention,State-Grounded,300,MAP_same_minus_opposite_cosine,2005,-0.005169735713438595
upcoming_large_intervention,State-Grounded,300,MAP_same_minus_opposite_cosine,2048,-0.05592353961297447
upcoming_large_intervention,State-Grounded,300,MAP_same_minus_opposite_cosine,2173,-0.0640999898314476
upcoming_large_intervention,State-Grounded,300,MAP_same_minus_opposite_cosine,2263,0.03246164404683638
upcoming_large_intervention,State-Grounded,300,MAP_same_minus_opposite_cosine,2303,-0.06412612833082676
upcoming_large_intervention,State-Grounded,300,MAP_same_minus_opposite_cosine,2308,-0.2330316923972633
upcoming_large_intervention,State-Grounded,300,MAP_same_minus_opposite_cosine,2347,-0.045127518475055695
upcoming_large_intervention,State-Grounded,300,MAP_same_minus_opposite_cosine,2361,-0.0670555134614309
upcoming_large_intervention,State-Grounded,300,MAP_same_minus_opposite_cosine,2567,0.024721649785836575
upcoming_large_intervention,State-Grounded,300,MAP_same_minus_opposite_cosine,2900,0.04310871809720995
upcoming_large_intervention,State-Grounded,300,MAP_same_minus_opposite_cosine,2943,-0.049361219121651256
upcoming_large_intervention,State-Grounded,300,MAP_same_minus_opposite_cosine,2946,0.03025490244229634
upcoming_large_intervention,State-Grounded,300,MAP_same_minus_opposite_cosine,2988,0.13489811718463895
upcoming_large_intervention,State-Grounded,300,MAP_same_minus_opposite_cosine,3261,-0.05547517707402061
upcoming_large_intervention,State-Grounded,300,MAP_same_minus_opposite_cosine,3354,-0.01407044380903244
upcoming_large_intervention,State-Grounded,300,MAP_same_minus_opposite_cosine,3387,-0.020879203081131004
upcoming_large_intervention,State-Grounded,300,MAP_same_minus_opposite_cosine,3485,-0.07939847931265831
upcoming_large_intervention,State-Grounded,300,MAP_same_minus_opposite_cosine,3525,0.06529734830061595
upcoming_large_intervention,State-Grounded,300,MAP_same_minus_opposite_cosine,3569,-0.10383394857247674
upcoming_large_intervention,State-Grounded,300,MAP_same_minus_opposite_cosine,3593,0.13571686546007788
upcoming_large_intervention,State-Grounded,300,MAP_same_minus_opposite_cosine,3613,0.037209874225987316
upcoming_large_intervention,State-Grounded,300,MAP_same_minus_opposite_cosine,3764,0.08893019670531865
upcoming_large_intervention,State-Grounded,300,MAP_same_minus_opposite_cosine,3768,-0.028935927446141374
upcoming_large_intervention,State-Grounded,300,MAP_same_minus_opposite_cosine,3852,-0.035358649988969204
upcoming_large_intervention,State-Grounded,300,MAP_same_minus_opposite_cosine,3967,-0.09235936154921853
upcoming_large_intervention,State-Grounded,300,MAP_same_minus_opposite_cosine,3976,0.10446580375234282
upcoming_large_intervention,State-Grounded,300,MAP_same_minus_opposite_cosine,3978,0.11605649540821705
upcoming_large_intervention,State-Grounded,300,MAP_same_minus_opposite_cosine,3985,-0.008984709102095922
upcoming_large_intervention,State-Grounded,300,MAP_same_minus_opposite_cosine,4016,0.07033156024085152
upcoming_large_intervention,State-Grounded,300,MAP_same_minus_opposite_cosine,4080,-0.038659603231482986
upcoming_large_intervention,State-Grounded,300,MAP_same_minus_opposite_cosine,4293,-0.007066767248842365
upcoming_large_intervention,State-Grounded,300,MAP_same_minus_opposite_cosine,4312,0.057675088445345635
upcoming_large_intervention,State-Grounded,300,MAP_same_minus_opposite_cosine,4529,0.010897293461091584
upcoming_large_intervention,State-Grounded,300,MAP_same_minus_opposite_cosine,4540,-0.056231329341729475
upcoming_large_intervention,State-Grounded,300,MAP_same_minus_opposite_cosine,4638,-0.055642555654048964
upcoming_large_intervention,State-Grounded,300,MAP_same_minus_opposite_cosine,4686,-0.022127698090943393
upcoming_large_intervention,State-Grounded,300,MAP_same_minus_opposite_cosine,4821,-0.05403491954008732
upcoming_large_intervention,State-Grounded,300,MAP_same_minus_opposite_cosine,4865,0.09346699615319576
upcoming_large_intervention,State-Grounded,300,MAP_same_minus_opposite_cosine,4944,0.057883284986019135
upcoming_large_intervention,State-Grounded,300,MAP_same_minus_opposite_cosine,5309,-0.002019442617893219
upcoming_large_intervention,State-Grounded,300,MAP_same_minus_opposite_cosine,5377,0.06582574049631751
upcoming_large_intervention,State-Grounded,300,MAP_same_minus_opposite_cosine,5410,0.0047364745176200485
upcoming_large_intervention,State-Grounded,300,MAP_same_minus_opposite_cosine,5454,0.07692904935942757
upcoming_large_intervention,State-Grounded,300,MAP_same_minus_opposite_cosine,5516,0.013181068003177643
upcoming_large_intervention,State-Grounded,300,MAP_same_minus_opposite_cosine,5600,7.458776235580444e-05
upcoming_large_intervention,State-Grounded,300,MAP_same_minus_opposite_cosine,5778,0.07870456576347351
upcoming_large_intervention,State-Grounded,300,MAP_same_minus_opposite_cosine,5826,-0.0507821406830441
upcoming_large_intervention,State-Grounded,300,MAP_same_minus_opposite_cosine,5961,-0.07251858264207844
upcoming_large_intervention,State-Grounded,300,MAP_same_minus_opposite_cosine,5989,0.11124241749445596
upcoming_large_intervention,State-Grounded,300,MAP_same_minus_opposite_cosine,6025,0.1744592330728968
upcoming_large_intervention,State-Grounded,300,triplet_accuracy,323,0.45
upcoming_large_intervention,State-Grounded,300,triplet_accuracy,348,0.6
upcoming_large_intervention,State-Grounded,300,triplet_accuracy,391,0.6
upcoming_large_intervention,State-Grounded,300,triplet_accuracy,683,0.55
upcoming_large_intervention,State-Grounded,300,triplet_accuracy,747,0.6
upcoming_large_intervention,State-Grounded,300,triplet_accuracy,750,0.55
upcoming_large_intervention,State-Grounded,300,triplet_accuracy,758,0.55
upcoming_large_intervention,State-Grounded,300,triplet_accuracy,843,0.65
upcoming_large_intervention,State-Grounded,300,triplet_accuracy,967,0.45
upcoming_large_intervention,State-Grounded,300,triplet_accuracy,1014,0.45
upcoming_large_intervention,State-Grounded,300,triplet_accuracy,1092,0.65
upcoming_large_intervention,State-Grounded,300,triplet_accuracy,1193,0.75
upcoming_large_intervention,State-Grounded,300,triplet_accuracy,1335,0.7
upcoming_large_intervention,State-Grounded,300,triplet_accuracy,1480,0.4
upcoming_large_intervention,State-Grounded,300,triplet_accuracy,1566,0.55
upcoming_large_intervention,State-Grounded,300,triplet_accuracy,1839,0.55
upcoming_large_intervention,State-Grounded,300,triplet_accuracy,1943,0.7
upcoming_large_intervention,State-Grounded,300,triplet_accuracy,2005,0.65
upcoming_large_intervention,State-Grounded,300,triplet_accuracy,2048,0.6
upcoming_large_intervention,State-Grounded,300,triplet_accuracy,2173,0.55
upcoming_large_intervention,State-Grounded,300,triplet_accuracy,2263,0.4
upcoming_large_intervention,State-Grounded,300,triplet_accuracy,2303,0.5
upcoming_large_intervention,State-Grounded,300,triplet_accuracy,2308,0.35
upcoming_large_intervention,State-Grounded,300,triplet_accuracy,2347,0.6
upcoming_large_intervention,State-Grounded,300,triplet_accuracy,2361,0.6
upcoming_large_intervention,State-Grounded,300,triplet_accuracy,2567,0.55
upcoming_large_intervention,State-Grounded,300,triplet_accuracy,2943,0.55
upcoming_large_intervention,State-Grounded,300,triplet_accuracy,2988,0.55
upcoming_large_intervention,State-Grounded,300,triplet_accuracy,3261,0.65
upcoming_large_intervention,State-Grounded,300,triplet_accuracy,3354,0.45
upcoming_large_intervention,State-Grounded,300,triplet_accuracy,3525,0.55
upcoming_large_intervention,State-Grounded,300,triplet_accuracy,3569,0.55
upcoming_large_intervention,State-Grounded,300,triplet_accuracy,3593,0.65
upcoming_large_intervention,State-Grounded,300,triplet_accuracy,3768,0.55
upcoming_large_intervention,State-Grounded,300,triplet_accuracy,3852,0.55
upcoming_large_intervention,State-Grounded,300,triplet_accuracy,3967,0.65
upcoming_large_intervention,State-Grounded,300,triplet_accuracy,3978,0.3
upcoming_large_intervention,State-Grounded,300,triplet_accuracy,3985,0.55
upcoming_large_intervention,State-Grounded,300,triplet_accuracy,4016,0.65
upcoming_large_intervention,State-Grounded,300,triplet_accuracy,4293,0.75
upcoming_large_intervention,State-Grounded,300,triplet_accuracy,4312,0.6
upcoming_large_intervention,State-Grounded,300,triplet_accuracy,4529,0.55
upcoming_large_intervention,State-Grounded,300,triplet_accuracy,4540,0.55
upcoming_large_intervention,State-Grounded,300,triplet_accuracy,4686,0.7
upcoming_large_intervention,State-Grounded,300,triplet_accuracy,4821,0.5
upcoming_large_intervention,State-Grounded,300,triplet_accuracy,4865,0.6
upcoming_large_intervention,State-Grounded,300,triplet_accuracy,4944,0.6
upcoming_large_intervention,State-Grounded,300,triplet_accuracy,5309,0.7
upcoming_large_intervention,State-Grounded,300,triplet_accuracy,5377,0.55
upcoming_large_intervention,State-Grounded,300,triplet_accuracy,5410,0.6
upcoming_large_intervention,State-Grounded,300,triplet_accuracy,5454,0.55
upcoming_large_intervention,State-Grounded,300,triplet_accuracy,5516,0.5
upcoming_large_intervention,State-Grounded,300,triplet_accuracy,5600,0.6
upcoming_large_intervention,State-Grounded,300,triplet_accuracy,5778,0.9
upcoming_large_intervention,State-Grounded,300,triplet_accuracy,5989,0.55
upcoming_large_intervention,State-Grounded,300,triplet_accuracy,6025,0.6
initiation,State-Grounded,300,BIS_same_minus_opposite_cosine,105,0.010758699341253841
initiation,State-Grounded,300,BIS_same_minus_opposite_cosine,323,-0.024161091281308056
initiation,State-Grounded,300,BIS_same_minus_opposite_cosine,348,0.10037624248952581
initiation,State-Grounded,300,BIS_same_minus_opposite_cosine,391,0.050504832632011776
initiation,State-Grounded,300,BIS_same_minus_opposite_cosine,683,0.1479837433858351
initiation,State-Grounded,300,BIS_same_minus_opposite_cosine,747,-0.05007661951498854
initiation,State-Grounded,300,BIS_same_minus_opposite_cosine,750,0.02423751283259612
initiation,State-Grounded,300,BIS_same_minus_opposite_cosine,758,0.12187242598244641
initiation,State-Grounded,300,BIS_same_minus_opposite_cosine,843,0.051568772333363655
initiation,State-Grounded,300,BIS_same_minus_opposite_cosine,877,0.01391008123755455
initiation,State-Grounded,300,BIS_same_minus_opposite_cosine,926,0.06576063856482506
initiation,State-Grounded,300,BIS_same_minus_opposite_cosine,967,0.15114883912934196
initiation,State-Grounded,300,BIS_same_minus_opposite_cosine,992,0.04892592583641853
initiation,State-Grounded,300,BIS_same_minus_opposite_cosine,1014,0.1241130327184995
initiation,State-Grounded,300,BIS_same_minus_opposite_cosine,1092,0.1359730012093981
initiation,State-Grounded,300,BIS_same_minus_opposite_cosine,1193,0.02777757719159124
initiation,State-Grounded,300,BIS_same_minus_opposite_cosine,1308,-0.005810199512375713
initiation,State-Grounded,300,BIS_same_minus_opposite_cosine,1335,0.1330105725562934
initiation,State-Grounded,300,BIS_same_minus_opposite_cosine,1480,-0.012725422283013654
initiation,State-Grounded,300,BIS_same_minus_opposite_cosine,1566,0.08348094062371691
initiation,State-Grounded,300,BIS_same_minus_opposite_cosine,1636,-0.19139412920357607
initiation,State-Grounded,300,BIS_same_minus_opposite_cosine,1644,0.053539068003495616
initiation,State-Grounded,300,BIS_same_minus_opposite_cosine,1839,0.025081873560945156
initiation,State-Grounded,300,BIS_same_minus_opposite_cosine,1943,0.0917762269576391
initiation,State-Grounded,300,BIS_same_minus_opposite_cosine,2005,0.03832349406950408
initiation,State-Grounded,300,BIS_same_minus_opposite_cosine,2048,0.10190436063390795
initiation,State-Grounded,300,BIS_same_minus_opposite_cosine,2173,-0.0976962422331174
initiation,State-Grounded,300,BIS_same_minus_opposite_cosine,2263,0.02318077832460408
initiation,State-Grounded,300,BIS_same_minus_opposite_cosine,2303,0.05714171938598156
initiation,State-Grounded,300,BIS_same_minus_opposite_cosine,2308,0.06639567130442825
initiation,State-Grounded,300,BIS_same_minus_opposite_cosine,2347,0.16440678449968504
initiation,State-Grounded,300,BIS_same_minus_opposite_cosine,2361,0.01675618327025219
initiation,State-Grounded,300,BIS_same_minus_opposite_cosine,2567,0.07750381860468125
initiation,State-Grounded,300,BIS_same_minus_opposite_cosine,2900,0.03184554775555937
initiation,State-Grounded,300,BIS_same_minus_opposite_cosine,2943,-0.030853379517793655
initiation,State-Grounded,300,BIS_same_minus_opposite_cosine,2946,0.08750484928940283
initiation,State-Grounded,300,BIS_same_minus_opposite_cosine,2988,0.10938204204042751
initiation,State-Grounded,300,BIS_same_minus_opposite_cosine,3354,-0.11147703826427457
initiation,State-Grounded,300,BIS_same_minus_opposite_cosine,3387,0.09703826556603112
initiation,State-Grounded,300,BIS_same_minus_opposite_cosine,3485,0.13004465997219083
initiation,State-Grounded,300,BIS_same_minus_opposite_cosine,3525,0.032831841044955734
initiation,State-Grounded,300,BIS_same_minus_opposite_cosine,3569,0.06285619148702337
initiation,State-Grounded,300,BIS_same_minus_opposite_cosine,3593,0.027545896545052573
initiation,State-Grounded,300,BIS_same_minus_opposite_cosine,3613,-0.0037574678659438865
initiation,State-Grounded,300,BIS_same_minus_opposite_cosine,3764,0.0642630845308304
initiation,State-Grounded,300,BIS_same_minus_opposite_cosine,3768,0.1851427758281881
initiation,State-Grounded,300,BIS_same_minus_opposite_cosine,3852,-0.06481921650243527
initiation,State-Grounded,300,BIS_same_minus_opposite_cosine,3967,-0.0129417474522735
initiation,State-Grounded,300,BIS_same_minus_opposite_cosine,3976,0.1479958589329864
initiation,State-Grounded,300,BIS_same_minus_opposite_cosine,3978,0.02039091514818603
initiation,State-Grounded,300,BIS_same_minus_opposite_cosine,3985,0.03234352916479111
initiation,State-Grounded,300,BIS_same_minus_opposite_cosine,4016,0.005683173510161343
initiation,State-Grounded,300,BIS_same_minus_opposite_cosine,4080,-0.024952200551827786
initiation,State-Grounded,300,BIS_same_minus_opposite_cosine,4293,0.12195515582958849
initiation,State-Grounded,300,BIS_same_minus_opposite_cosine,4312,0.04733798056840899
initiation,State-Grounded,300,BIS_same_minus_opposite_cosine,4540,0.01945869003733003
initiation,State-Grounded,300,BIS_same_minus_opposite_cosine,4638,0.14377285404638807
initiation,State-Grounded,300,BIS_same_minus_opposite_cosine,4686,0.022047248979409573
initiation,State-Grounded,300,BIS_same_minus_opposite_cosine,4865,-0.05563828597466158
initiation,State-Grounded,300,BIS_same_minus_opposite_cosine,4944,0.21564582263429966
initiation,State-Grounded,300,BIS_same_minus_opposite_cosine,5309,0.1304369298741222
initiation,State-Grounded,300,BIS_same_minus_opposite_cosine,5377,0.07116377602020896
initiation,State-Grounded,300,BIS_same_minus_opposite_cosine,5410,0.22406167395058135
initiation,State-Grounded,300,BIS_same_minus_opposite_cosine,5454,-0.07211625846949488
initiation,State-Grounded,300,BIS_same_minus_opposite_cosine,5516,0.0767279714345932
initiation,State-Grounded,300,BIS_same_minus_opposite_cosine,5600,0.12590244660774863
initiation,State-Grounded,300,BIS_same_minus_opposite_cosine,5778,0.06576567143201828
initiation,State-Grounded,300,BIS_same_minus_opposite_cosine,5826,0.10893099755048752
initiation,State-Grounded,300,BIS_same_minus_opposite_cosine,5961,0.05933893720308936
initiation,State-Grounded,300,BIS_same_minus_opposite_cosine,5989,0.14508087281137705
initiation,State-Grounded,300,BIS_same_minus_opposite_cosine,6025,-0.04442157513565492
initiation,State-Grounded,300,MAP_same_minus_opposite_cosine,105,-0.004259346560998356
initiation,State-Grounded,300,MAP_same_minus_opposite_cosine,323,0.1392643513778845
initiation,State-Grounded,300,MAP_same_minus_opposite_cosine,348,-0.0031574803094068793
initiation,State-Grounded,300,MAP_same_minus_opposite_cosine,391,0.2899997825423876
initiation,State-Grounded,300,MAP_same_minus_opposite_cosine,683,-0.0638554870066318
initiation,State-Grounded,300,MAP_same_minus_opposite_cosine,747,-0.005793736471484068
initiation,State-Grounded,300,MAP_same_minus_opposite_cosine,750,-0.07114102691411972
initiation,State-Grounded,300,MAP_same_minus_opposite_cosine,758,-0.09319605678319931
initiation,State-Grounded,300,MAP_same_minus_opposite_cosine,843,0.0962267741560936
initiation,State-Grounded,300,MAP_same_minus_opposite_cosine,877,0.2119036672843827
initiation,State-Grounded,300,MAP_same_minus_opposite_cosine,926,0.019179542859395382
initiation,State-Grounded,300,MAP_same_minus_opposite_cosine,967,0.035766102373600006
initiation,State-Grounded,300,MAP_same_minus_opposite_cosine,992,0.035291535158952114
initiation,State-Grounded,300,MAP_same_minus_opposite_cosine,1014,-0.003663968708780163
initiation,State-Grounded,300,MAP_same_minus_opposite_cosine,1092,0.06685652583837509
initiation,State-Grounded,300,MAP_same_minus_opposite_cosine,1193,-0.04973207227885723
initiation,State-Grounded,300,MAP_same_minus_opposite_cosine,1308,0.029435658454895042
initiation,State-Grounded,300,MAP_same_minus_opposite_cosine,1335,0.05872101088364923
initiation,State-Grounded,300,MAP_same_minus_opposite_cosine,1480,0.07668314400044357
initiation,State-Grounded,300,MAP_same_minus_opposite_cosine,1566,0.11103114320172203
initiation,State-Grounded,300,MAP_same_minus_opposite_cosine,1636,0.08271316749354207
initiation,State-Grounded,300,MAP_same_minus_opposite_cosine,1644,-0.16523830804296513
initiation,State-Grounded,300,MAP_same_minus_opposite_cosine,1839,-0.07164950307571527
initiation,State-Grounded,300,MAP_same_minus_opposite_cosine,1943,-0.00854044076469207
initiation,State-Grounded,300,MAP_same_minus_opposite_cosine,2005,-0.059047211168540836
initiation,State-Grounded,300,MAP_same_minus_opposite_cosine,2048,-0.06814822554588318
initiation,State-Grounded,300,MAP_same_minus_opposite_cosine,2173,0.018065091222524643
initiation,State-Grounded,300,MAP_same_minus_opposite_cosine,2263,0.06239272405703866
initiation,State-Grounded,300,MAP_same_minus_opposite_cosine,2303,-0.00983961336314676
initiation,State-Grounded,300,MAP_same_minus_opposite_cosine,2308,0.0986921232016314
initiation,State-Grounded,300,MAP_same_minus_opposite_cosine,2347,0.01659864525903354
initiation,State-Grounded,300,MAP_same_minus_opposite_cosine,2361,-0.11282943520281052
initiation,State-Grounded,300,MAP_same_minus_opposite_cosine,2567,0.06960326598750222
initiation,State-Grounded,300,MAP_same_minus_opposite_cosine,2900,-8.098731438310747e-05
initiation,State-Grounded,300,MAP_same_minus_opposite_cosine,2943,0.07547605207020591
initiation,State-Grounded,300,MAP_same_minus_opposite_cosine,2946,-0.15447654678589773
initiation,State-Grounded,300,MAP_same_minus_opposite_cosine,2988,0.05554639209400525
initiation,State-Grounded,300,MAP_same_minus_opposite_cosine,3354,-0.046417613824208614
initiation,State-Grounded,300,MAP_same_minus_opposite_cosine,3387,0.07298392057418823
initiation,State-Grounded,300,MAP_same_minus_opposite_cosine,3485,0.004226069483492134
initiation,State-Grounded,300,MAP_same_minus_opposite_cosine,3525,0.0008124858140945435
initiation,State-Grounded,300,MAP_same_minus_opposite_cosine,3569,0.13324335759336303
initiation,State-Grounded,300,MAP_same_minus_opposite_cosine,3593,0.016089653539838156
initiation,State-Grounded,300,MAP_same_minus_opposite_cosine,3613,0.06657073025902116
initiation,State-Grounded,300,MAP_same_minus_opposite_cosine,3764,-0.11842955400546396
initiation,State-Grounded,300,MAP_same_minus_opposite_cosine,3768,-0.10022868464390433
initiation,State-Grounded,300,MAP_same_minus_opposite_cosine,3852,-0.02053948198304023
initiation,State-Grounded,300,MAP_same_minus_opposite_cosine,3967,-0.002872532440556408
initiation,State-Grounded,300,MAP_same_minus_opposite_cosine,3976,-0.015958682199319285
initiation,State-Grounded,300,MAP_same_minus_opposite_cosine,3978,0.12459905346234645
initiation,State-Grounded,300,MAP_same_minus_opposite_cosine,3985,0.02885150909423828
initiation,State-Grounded,300,MAP_same_minus_opposite_cosine,4016,-0.041076268210555655
initiation,State-Grounded,300,MAP_same_minus_opposite_cosine,4080,-0.054619185626506805
initiation,State-Grounded,300,MAP_same_minus_opposite_cosine,4293,-0.06129274314100097
initiation,State-Grounded,300,MAP_same_minus_opposite_cosine,4312,-0.040081738635446174
initiation,State-Grounded,300,MAP_same_minus_opposite_cosine,4540,-0.08381008952856062
initiation,State-Grounded,300,MAP_same_minus_opposite_cosine,4638,0.04731498956680302
initiation,State-Grounded,300,MAP_same_minus_opposite_cosine,4686,0.02591935296853387
initiation,State-Grounded,300,MAP_same_minus_opposite_cosine,4865,-0.0866351796624561
initiation,State-Grounded,300,MAP_same_minus_opposite_cosine,4944,0.15897529222296952
initiation,State-Grounded,300,MAP_same_minus_opposite_cosine,5309,-0.008395753800868988
initiation,State-Grounded,300,MAP_same_minus_opposite_cosine,5377,-0.010473482310771942
initiation,State-Grounded,300,MAP_same_minus_opposite_cosine,5410,0.0479351282119751
initiation,State-Grounded,300,MAP_same_minus_opposite_cosine,5454,0.010086484253406525
initiation,State-Grounded,300,MAP_same_minus_opposite_cosine,5516,0.05470006980679254
initiation,State-Grounded,300,MAP_same_minus_opposite_cosine,5600,-0.03867825936703462
initiation,State-Grounded,300,MAP_same_minus_opposite_cosine,5778,0.07619696855545044
initiation,State-Grounded,300,MAP_same_minus_opposite_cosine,5826,0.02285684148470568
initiation,State-Grounded,300,MAP_same_minus_opposite_cosine,5961,0.06608711348639595
initiation,State-Grounded,300,MAP_same_minus_opposite_cosine,5989,0.007804672374869925
initiation,State-Grounded,300,MAP_same_minus_opposite_cosine,6025,-0.010200689236323002
initiation,State-Grounded,300,triplet_accuracy,323,0.6
initiation,State-Grounded,300,triplet_accuracy,348,0.6
initiation,State-Grounded,300,triplet_accuracy,391,0.4
initiation,State-Grounded,300,triplet_accuracy,683,0.55
initiation,State-Grounded,300,triplet_accuracy,747,0.5
initiation,State-Grounded,300,triplet_accuracy,750,0.6
initiation,State-Grounded,300,triplet_accuracy,758,0.45
initiation,State-Grounded,300,triplet_accuracy,843,0.65
initiation,State-Grounded,300,triplet_accuracy,967,0.6
initiation,State-Grounded,300,triplet_accuracy,1014,0.6
initiation,State-Grounded,300,triplet_accuracy,1092,0.75
initiation,State-Grounded,300,triplet_accuracy,1193,0.45
initiation,State-Grounded,300,triplet_accuracy,1335,0.65
initiation,State-Grounded,300,triplet_accuracy,1480,0.55
initiation,State-Grounded,300,triplet_accuracy,1566,0.55
initiation,State-Grounded,300,triplet_accuracy,1839,0.6
initiation,State-Grounded,300,triplet_accuracy,1943,0.5
initiation,State-Grounded,300,triplet_accuracy,2005,0.5
initiation,State-Grounded,300,triplet_accuracy,2048,0.75
initiation,State-Grounded,300,triplet_accuracy,2173,0.35
initiation,State-Grounded,300,triplet_accuracy,2263,0.55
initiation,State-Grounded,300,triplet_accuracy,2303,0.65
initiation,State-Grounded,300,triplet_accuracy,2308,0.5
initiation,State-Grounded,300,triplet_accuracy,2347,0.6
initiation,State-Grounded,300,triplet_accuracy,2361,0.7
initiation,State-Grounded,300,triplet_accuracy,2567,0.55
initiation,State-Grounded,300,triplet_accuracy,2943,0.6
initiation,State-Grounded,300,triplet_accuracy,2988,0.9
initiation,State-Grounded,300,triplet_accuracy,3354,0.35
initiation,State-Grounded,300,triplet_accuracy,3525,0.6
initiation,State-Grounded,300,triplet_accuracy,3569,0.5
initiation,State-Grounded,300,triplet_accuracy,3593,0.6
initiation,State-Grounded,300,triplet_accuracy,3768,0.75
initiation,State-Grounded,300,triplet_accuracy,3852,0.5
initiation,State-Grounded,300,triplet_accuracy,3967,0.55
initiation,State-Grounded,300,triplet_accuracy,3978,0.6
initiation,State-Grounded,300,triplet_accuracy,3985,0.55
initiation,State-Grounded,300,triplet_accuracy,4016,0.55
initiation,State-Grounded,300,triplet_accuracy,4293,0.6
initiation,State-Grounded,300,triplet_accuracy,4312,0.6
initiation,State-Grounded,300,triplet_accuracy,4540,0.6
initiation,State-Grounded,300,triplet_accuracy,4686,0.75
initiation,State-Grounded,300,triplet_accuracy,4865,0.65
initiation,State-Grounded,300,triplet_accuracy,4944,0.85
initiation,State-Grounded,300,triplet_accuracy,5309,0.55
initiation,State-Grounded,300,triplet_accuracy,5377,0.65
initiation,State-Grounded,300,triplet_accuracy,5410,0.3
initiation,State-Grounded,300,triplet_accuracy,5454,0.35
initiation,State-Grounded,300,triplet_accuracy,5516,0.55
initiation,State-Grounded,300,triplet_accuracy,5600,0.4
initiation,State-Grounded,300,triplet_accuracy,5778,0.7
initiation,State-Grounded,300,triplet_accuracy,5989,0.6
initiation,State-Grounded,300,triplet_accuracy,6025,0.6
increase,State-Grounded,300,BIS_same_minus_opposite_cosine,105,0.07035944306037645
increase,State-Grounded,300,BIS_same_minus_opposite_cosine,323,0.049794749915599845
increase,State-Grounded,300,BIS_same_minus_opposite_cosine,348,-0.03574059300479426
increase,State-Grounded,300,BIS_same_minus_opposite_cosine,391,0.24776263196359982
increase,State-Grounded,300,BIS_same_minus_opposite_cosine,683,-0.020482271909713745
increase,State-Grounded,300,BIS_same_minus_opposite_cosine,747,-0.026355037258731007
increase,State-Grounded,300,BIS_same_minus_opposite_cosine,750,0.08034606426954272
increase,State-Grounded,300,BIS_same_minus_opposite_cosine,758,0.020854094790087818
increase,State-Grounded,300,BIS_same_minus_opposite_cosine,843,-0.07843435420231382
increase,State-Grounded,300,BIS_same_minus_opposite_cosine,877,0.058212630450725555
increase,State-Grounded,300,BIS_same_minus_opposite_cosine,926,0.15102770576874414
increase,State-Grounded,300,BIS_same_minus_opposite_cosine,967,0.0009140310188134881
increase,State-Grounded,300,BIS_same_minus_opposite_cosine,992,0.05402531971534097
increase,State-Grounded,300,BIS_same_minus_opposite_cosine,1092,0.040551742911338784
increase,State-Grounded,300,BIS_same_minus_opposite_cosine,1193,-0.04389087749379017
increase,State-Grounded,300,BIS_same_minus_opposite_cosine,1308,0.05182246083304998
increase,State-Grounded,300,BIS_same_minus_opposite_cosine,1335,0.029326505959033966
increase,State-Grounded,300,BIS_same_minus_opposite_cosine,1480,-0.011042450865109799
increase,State-Grounded,300,BIS_same_minus_opposite_cosine,1566,0.056928758594122775
increase,State-Grounded,300,BIS_same_minus_opposite_cosine,1636,-0.04315294393084268
increase,State-Grounded,300,BIS_same_minus_opposite_cosine,1644,0.05517825200444171
increase,State-Grounded,300,BIS_same_minus_opposite_cosine,1943,-0.04084934343894331
increase,State-Grounded,300,BIS_same_minus_opposite_cosine,2005,0.06411795616149907
increase,State-Grounded,300,BIS_same_minus_opposite_cosine,2048,0.030706469759796517
increase,State-Grounded,300,BIS_same_minus_opposite_cosine,2173,0.07465839261809992
increase,State-Grounded,300,BIS_same_minus_opposite_cosine,2263,0.19230325619379673
increase,State-Grounded,300,BIS_same_minus_opposite_cosine,2303,0.24273443842927617
increase,State-Grounded,300,BIS_same_minus_opposite_cosine,2308,-0.10700762271881104
increase,State-Grounded,300,BIS_same_minus_opposite_cosine,2361,0.14411099834574598
increase,State-Grounded,300,BIS_same_minus_opposite_cosine,2567,0.07450830936431885
increase,State-Grounded,300,BIS_same_minus_opposite_cosine,2900,0.1542891029800687
increase,State-Grounded,300,BIS_same_minus_opposite_cosine,2943,0.0713212750852108
increase,State-Grounded,300,BIS_same_minus_opposite_cosine,2946,0.09275971894914453
increase,State-Grounded,300,BIS_same_minus_opposite_cosine,3261,-0.08740056388907957
increase,State-Grounded,300,BIS_same_minus_opposite_cosine,3354,0.12745223641395564
increase,State-Grounded,300,BIS_same_minus_opposite_cosine,3387,0.1692478358745575
increase,State-Grounded,300,BIS_same_minus_opposite_cosine,3485,0.11751643319924676
increase,State-Grounded,300,BIS_same_minus_opposite_cosine,3525,0.08602038635448972
increase,State-Grounded,300,BIS_same_minus_opposite_cosine,3593,0.008704701066017173
increase,State-Grounded,300,BIS_same_minus_opposite_cosine,3613,0.164659658446908
increase,State-Grounded,300,BIS_same_minus_opposite_cosine,3768,0.10003809779882433
increase,State-Grounded,300,BIS_same_minus_opposite_cosine,3852,-0.015290975570678711
increase,State-Grounded,300,BIS_same_minus_opposite_cosine,3967,0.12930124004681898
increase,State-Grounded,300,BIS_same_minus_opposite_cosine,3976,-0.025190191964308384
increase,State-Grounded,300,BIS_same_minus_opposite_cosine,3978,0.06598035352570675
increase,State-Grounded,300,BIS_same_minus_opposite_cosine,3985,-0.05433292190233868
increase,State-Grounded,300,BIS_same_minus_opposite_cosine,4016,-0.02526519802354632
increase,State-Grounded,300,BIS_same_minus_opposite_cosine,4080,0.12120278179645538
increase,State-Grounded,300,BIS_same_minus_opposite_cosine,4293,0.08846787114938104
increase,State-Grounded,300,BIS_same_minus_opposite_cosine,4312,0.09131625990072878
increase,State-Grounded,300,BIS_same_minus_opposite_cosine,4529,0.06204705030629132
increase,State-Grounded,300,BIS_same_minus_opposite_cosine,4540,0.06943853478878736
increase,State-Grounded,300,BIS_same_minus_opposite_cosine,4638,-0.1134452223777771
increase,State-Grounded,300,BIS_same_minus_opposite_cosine,4686,-0.0005024845401445655
increase,State-Grounded,300,BIS_same_minus_opposite_cosine,4821,0.07513753076394403
increase,State-Grounded,300,BIS_same_minus_opposite_cosine,4865,0.07407591988643014
increase,State-Grounded,300,BIS_same_minus_opposite_cosine,4944,0.0501260831952095
increase,State-Grounded,300,BIS_same_minus_opposite_cosine,5309,0.1364920058033683
increase,State-Grounded,300,BIS_same_minus_opposite_cosine,5377,-0.01134312694722961
increase,State-Grounded,300,BIS_same_minus_opposite_cosine,5410,0.44016456604003906
increase,State-Grounded,300,BIS_same_minus_opposite_cosine,5454,0.05354458987712862
increase,State-Grounded,300,BIS_same_minus_opposite_cosine,5516,0.040985496432492274
increase,State-Grounded,300,BIS_same_minus_opposite_cosine,5600,0.16887821860256652
increase,State-Grounded,300,BIS_same_minus_opposite_cosine,5778,0.04711954543987906
increase,State-Grounded,300,BIS_same_minus_opposite_cosine,5826,0.028404956062634712
increase,State-Grounded,300,BIS_same_minus_opposite_cosine,5961,0.057954395810763004
increase,State-Grounded,300,BIS_same_minus_opposite_cosine,5989,0.024536951473264956
increase,State-Grounded,300,MAP_same_minus_opposite_cosine,105,-0.07642505746899231
increase,State-Grounded,300,MAP_same_minus_opposite_cosine,323,0.020412479386185067
increase,State-Grounded,300,MAP_same_minus_opposite_cosine,348,0.11251400510470067
increase,State-Grounded,300,MAP_same_minus_opposite_cosine,391,0.06310778111219406
increase,State-Grounded,300,MAP_same_minus_opposite_cosine,683,-0.05261196128346701
increase,State-Grounded,300,MAP_same_minus_opposite_cosine,747,-0.06464035628419934
increase,State-Grounded,300,MAP_same_minus_opposite_cosine,750,0.0825257944564024
increase,State-Grounded,300,MAP_same_minus_opposite_cosine,758,0.13020199040571845
increase,State-Grounded,300,MAP_same_minus_opposite_cosine,843,-0.0700706268350283
increase,State-Grounded,300,MAP_same_minus_opposite_cosine,877,-0.07132694870233536
increase,State-Grounded,300,MAP_same_minus_opposite_cosine,926,0.06592847903569543
increase,State-Grounded,300,MAP_same_minus_opposite_cosine,967,0.017056575169165922
increase,State-Grounded,300,MAP_same_minus_opposite_cosine,992,-0.03298015395800269
increase,State-Grounded,300,MAP_same_minus_opposite_cosine,1092,0.02281154774957228
increase,State-Grounded,300,MAP_same_minus_opposite_cosine,1193,0.13534238561987877
increase,State-Grounded,300,MAP_same_minus_opposite_cosine,1308,0.025610469778378886
increase,State-Grounded,300,MAP_same_minus_opposite_cosine,1335,0.0706292216976484
increase,State-Grounded,300,MAP_same_minus_opposite_cosine,1480,-0.10047692557175958
increase,State-Grounded,300,MAP_same_minus_opposite_cosine,1566,0.18069727346301073
increase,State-Grounded,300,MAP_same_minus_opposite_cosine,1636,-0.0023993315796057013
increase,State-Grounded,300,MAP_same_minus_opposite_cosine,1644,0.08864094151390922
increase,State-Grounded,300,MAP_same_minus_opposite_cosine,1943,0.05777583022912347
increase,State-Grounded,300,MAP_same_minus_opposite_cosine,2005,0.07011768854025646
increase,State-Grounded,300,MAP_same_minus_opposite_cosine,2048,0.017039213081200932
increase,State-Grounded,300,MAP_same_minus_opposite_cosine,2173,-0.0069551285770205196
increase,State-Grounded,300,MAP_same_minus_opposite_cosine,2263,0.07026549739142263
increase,State-Grounded,300,MAP_same_minus_opposite_cosine,2303,-0.021564529339472394
increase,State-Grounded,300,MAP_same_minus_opposite_cosine,2308,-0.13545718044042587
increase,State-Grounded,300,MAP_same_minus_opposite_cosine,2361,0.14260947243088773
increase,State-Grounded,300,MAP_same_minus_opposite_cosine,2567,0.22452222804228467
increase,State-Grounded,300,MAP_same_minus_opposite_cosine,2900,-0.04395627569068561
increase,State-Grounded,300,MAP_same_minus_opposite_cosine,2943,-0.04652080225447813
increase,State-Grounded,300,MAP_same_minus_opposite_cosine,2946,-0.06518165891369188
increase,State-Grounded,300,MAP_same_minus_opposite_cosine,3261,0.0721729894479115
increase,State-Grounded,300,MAP_same_minus_opposite_cosine,3354,0.045276934901873234
increase,State-Grounded,300,MAP_same_minus_opposite_cosine,3387,0.02163774147629738
increase,State-Grounded,300,MAP_same_minus_opposite_cosine,3485,-0.09541941434144974
increase,State-Grounded,300,MAP_same_minus_opposite_cosine,3525,0.11694665253162384
increase,State-Grounded,300,MAP_same_minus_opposite_cosine,3593,-0.046381103044206395
increase,State-Grounded,300,MAP_same_minus_opposite_cosine,3613,0.10850729793310165
increase,State-Grounded,300,MAP_same_minus_opposite_cosine,3768,-0.012383731702963474
increase,State-Grounded,300,MAP_same_minus_opposite_cosine,3852,0.07097757731874788
increase,State-Grounded,300,MAP_same_minus_opposite_cosine,3967,-0.07081625646068934
increase,State-Grounded,300,MAP_same_minus_opposite_cosine,3976,-0.09170680244763696
increase,State-Grounded,300,MAP_same_minus_opposite_cosine,3978,-0.020878533522287968
increase,State-Grounded,300,MAP_same_minus_opposite_cosine,3985,0.13004264512071106
increase,State-Grounded,300,MAP_same_minus_opposite_cosine,4016,0.037739795943101284
increase,State-Grounded,300,MAP_same_minus_opposite_cosine,4080,0.16499671836694085
increase,State-Grounded,300,MAP_same_minus_opposite_cosine,4293,0.0682565723856291
increase,State-Grounded,300,MAP_same_minus_opposite_cosine,4312,-0.01979450746016065
increase,State-Grounded,300,MAP_same_minus_opposite_cosine,4529,0.06255735208590829
increase,State-Grounded,300,MAP_same_minus_opposite_cosine,4540,-0.10404445976018906
increase,State-Grounded,300,MAP_same_minus_opposite_cosine,4638,0.05680362157749408
increase,State-Grounded,300,MAP_same_minus_opposite_cosine,4686,0.03999832024176908
increase,State-Grounded,300,MAP_same_minus_opposite_cosine,4821,0.0234733465494531
increase,State-Grounded,300,MAP_same_minus_opposite_cosine,4865,0.055154236240519405
increase,State-Grounded,300,MAP_same_minus_opposite_cosine,4944,0.02263928904677881
increase,State-Grounded,300,MAP_same_minus_opposite_cosine,5309,0.012145704279343306
increase,State-Grounded,300,MAP_same_minus_opposite_cosine,5377,0.014127009858687756
increase,State-Grounded,300,MAP_same_minus_opposite_cosine,5410,-0.20869693160057068
increase,State-Grounded,300,MAP_same_minus_opposite_cosine,5454,-0.14282343660791713
increase,State-Grounded,300,MAP_same_minus_opposite_cosine,5516,0.025519229245908326
increase,State-Grounded,300,MAP_same_minus_opposite_cosine,5600,-0.05787777049200871
increase,State-Grounded,300,MAP_same_minus_opposite_cosine,5778,0.007713004946708679
increase,State-Grounded,300,MAP_same_minus_opposite_cosine,5826,-0.12451454102993009
increase,State-Grounded,300,MAP_same_minus_opposite_cosine,5961,0.08012815316518151
increase,State-Grounded,300,MAP_same_minus_opposite_cosine,5989,0.05830350269873941
increase,State-Grounded,300,triplet_accuracy,323,0.65
increase,State-Grounded,300,triplet_accuracy,348,0.5
increase,State-Grounded,300,triplet_accuracy,391,0.35
increase,State-Grounded,300,triplet_accuracy,683,0.55
increase,State-Grounded,300,triplet_accuracy,747,0.55
increase,State-Grounded,300,triplet_accuracy,750,0.6
increase,State-Grounded,300,triplet_accuracy,758,0.65
increase,State-Grounded,300,triplet_accuracy,843,0.5
increase,State-Grounded,300,triplet_accuracy,967,0.5
increase,State-Grounded,300,triplet_accuracy,1092,0.65
increase,State-Grounded,300,triplet_accuracy,1193,0.5
increase,State-Grounded,300,triplet_accuracy,1335,0.5
increase,State-Grounded,300,triplet_accuracy,1480,0.45
increase,State-Grounded,300,triplet_accuracy,1566,0.6
increase,State-Grounded,300,triplet_accuracy,1943,0.5
increase,State-Grounded,300,triplet_accuracy,2005,0.55
increase,State-Grounded,300,triplet_accuracy,2048,0.7
increase,State-Grounded,300,triplet_accuracy,2173,0.55
increase,State-Grounded,300,triplet_accuracy,2263,0.5
increase,State-Grounded,300,triplet_accuracy,2303,0.6
increase,State-Grounded,300,triplet_accuracy,2308,0.65
increase,State-Grounded,300,triplet_accuracy,2361,0.45
increase,State-Grounded,300,triplet_accuracy,2567,0.3
increase,State-Grounded,300,triplet_accuracy,2943,0.4
increase,State-Grounded,300,triplet_accuracy,3261,0.45
increase,State-Grounded,300,triplet_accuracy,3354,0.5
increase,State-Grounded,300,triplet_accuracy,3525,0.65
increase,State-Grounded,300,triplet_accuracy,3593,0.55
increase,State-Grounded,300,triplet_accuracy,3768,0.75
increase,State-Grounded,300,triplet_accuracy,3852,0.5
increase,State-Grounded,300,triplet_accuracy,3967,0.3
increase,State-Grounded,300,triplet_accuracy,3978,0.45
increase,State-Grounded,300,triplet_accuracy,3985,0.5
increase,State-Grounded,300,triplet_accuracy,4016,0.6
increase,State-Grounded,300,triplet_accuracy,4293,0.8
increase,State-Grounded,300,triplet_accuracy,4312,0.55
increase,State-Grounded,300,triplet_accuracy,4529,0.55
increase,State-Grounded,300,triplet_accuracy,4540,0.55
increase,State-Grounded,300,triplet_accuracy,4686,0.65
increase,State-Grounded,300,triplet_accuracy,4821,0.55
increase,State-Grounded,300,triplet_accuracy,4865,0.85
increase,State-Grounded,300,triplet_accuracy,4944,0.7
increase,State-Grounded,300,triplet_accuracy,5309,0.55
increase,State-Grounded,300,triplet_accuracy,5377,0.4
increase,State-Grounded,300,triplet_accuracy,5410,0.6
increase,State-Grounded,300,triplet_accuracy,5454,0.5
increase,State-Grounded,300,triplet_accuracy,5516,0.6
increase,State-Grounded,300,triplet_accuracy,5600,0.4
increase,State-Grounded,300,triplet_accuracy,5778,0.4
increase,State-Grounded,300,triplet_accuracy,5989,0.65
decrease,State-Grounded,300,BIS_same_minus_opposite_cosine,105,-0.06590346246957779
decrease,State-Grounded,300,BIS_same_minus_opposite_cosine,323,0.016474598646163963
decrease,State-Grounded,300,BIS_same_minus_opposite_cosine,348,-0.041520786556330624
decrease,State-Grounded,300,BIS_same_minus_opposite_cosine,391,0.03490343396410789
decrease,State-Grounded,300,BIS_same_minus_opposite_cosine,683,0.056206760803858447
decrease,State-Grounded,300,BIS_same_minus_opposite_cosine,747,-0.049409100503632564
decrease,State-Grounded,300,BIS_same_minus_opposite_cosine,750,-0.05947033812602365
decrease,State-Grounded,300,BIS_same_minus_opposite_cosine,758,0.054678594749985376
decrease,State-Grounded,300,BIS_same_minus_opposite_cosine,843,0.0614299401640892
decrease,State-Grounded,300,BIS_same_minus_opposite_cosine,877,0.12804476569096246
decrease,State-Grounded,300,BIS_same_minus_opposite_cosine,926,-0.005936640997727727
decrease,State-Grounded,300,BIS_same_minus_opposite_cosine,967,-0.029467247539397445
decrease,State-Grounded,300,BIS_same_minus_opposite_cosine,992,0.12766615715291774
decrease,State-Grounded,300,BIS_same_minus_opposite_cosine,1014,0.029491273893250347
decrease,State-Grounded,300,BIS_same_minus_opposite_cosine,1092,0.03737025640227576
decrease,State-Grounded,300,BIS_same_minus_opposite_cosine,1193,0.05881557613611221
decrease,State-Grounded,300,BIS_same_minus_opposite_cosine,1308,-0.033548563718795776
decrease,State-Grounded,300,BIS_same_minus_opposite_cosine,1335,-0.018328358729680416
decrease,State-Grounded,300,BIS_same_minus_opposite_cosine,1480,0.021676038702329037
decrease,State-Grounded,300,BIS_same_minus_opposite_cosine,1566,-0.06142933666706085
decrease,State-Grounded,300,BIS_same_minus_opposite_cosine,1636,0.04590191145737965
decrease,State-Grounded,300,BIS_same_minus_opposite_cosine,1644,0.11364107082287467
decrease,State-Grounded,300,BIS_same_minus_opposite_cosine,1839,0.041518835350871086
decrease,State-Grounded,300,BIS_same_minus_opposite_cosine,1943,0.09896669198166241
decrease,State-Grounded,300,BIS_same_minus_opposite_cosine,2005,0.0010069330533345466
decrease,State-Grounded,300,BIS_same_minus_opposite_cosine,2048,0.04423559109369912
decrease,State-Grounded,300,BIS_same_minus_opposite_cosine,2173,0.04578487908072537
decrease,State-Grounded,300,BIS_same_minus_opposite_cosine,2263,0.003076489676128724
decrease,State-Grounded,300,BIS_same_minus_opposite_cosine,2303,-0.028212948214440203
decrease,State-Grounded,300,BIS_same_minus_opposite_cosine,2308,0.17769176575044787
decrease,State-Grounded,300,BIS_same_minus_opposite_cosine,2347,-0.0013543268044790002
decrease,State-Grounded,300,BIS_same_minus_opposite_cosine,2361,0.06157666760863678
decrease,State-Grounded,300,BIS_same_minus_opposite_cosine,2567,0.0016235664599771882
decrease,State-Grounded,300,BIS_same_minus_opposite_cosine,2900,0.05629344284534454
decrease,State-Grounded,300,BIS_same_minus_opposite_cosine,2943,0.08329086585177314
decrease,State-Grounded,300,BIS_same_minus_opposite_cosine,2946,-0.008198673526445988
decrease,State-Grounded,300,BIS_same_minus_opposite_cosine,2988,-0.022850711237300536
decrease,State-Grounded,300,BIS_same_minus_opposite_cosine,3261,0.04447132919096586
decrease,State-Grounded,300,BIS_same_minus_opposite_cosine,3354,0.03959096223115921
decrease,State-Grounded,300,BIS_same_minus_opposite_cosine,3387,-0.04100114852190018
decrease,State-Grounded,300,BIS_same_minus_opposite_cosine,3485,0.1146229853232702
decrease,State-Grounded,300,BIS_same_minus_opposite_cosine,3525,0.016478267808755276
decrease,State-Grounded,300,BIS_same_minus_opposite_cosine,3569,0.039201223489009895
decrease,State-Grounded,300,BIS_same_minus_opposite_cosine,3593,0.15967375702328152
decrease,State-Grounded,300,BIS_same_minus_opposite_cosine,3613,0.04517037918170297
decrease,State-Grounded,300,BIS_same_minus_opposite_cosine,3764,0.03160218871904141
decrease,State-Grounded,300,BIS_same_minus_opposite_cosine,3768,0.08596883714199066
decrease,State-Grounded,300,BIS_same_minus_opposite_cosine,3852,0.018406091133753466
decrease,State-Grounded,300,BIS_same_minus_opposite_cosine,3967,-0.006928787463241104
decrease,State-Grounded,300,BIS_same_minus_opposite_cosine,3976,0.0475484639406204
decrease,State-Grounded,300,BIS_same_minus_opposite_cosine,3978,-0.16325140496095025
decrease,State-Grounded,300,BIS_same_minus_opposite_cosine,3985,-0.03266497453053785
decrease,State-Grounded,300,BIS_same_minus_opposite_cosine,4016,0.02635616477992797
decrease,State-Grounded,300,BIS_same_minus_opposite_cosine,4080,0.07025866423334393
decrease,State-Grounded,300,BIS_same_minus_opposite_cosine,4293,0.0005752063459820711
decrease,State-Grounded,300,BIS_same_minus_opposite_cosine,4312,0.05843608876069395
decrease,State-Grounded,300,BIS_same_minus_opposite_cosine,4529,-0.012888261179129223
decrease,State-Grounded,300,BIS_same_minus_opposite_cosine,4540,0.07355828436486656
decrease,State-Grounded,300,BIS_same_minus_opposite_cosine,4638,0.025578678647677044
decrease,State-Grounded,300,BIS_same_minus_opposite_cosine,4686,0.03416530539592111
decrease,State-Grounded,300,BIS_same_minus_opposite_cosine,4821,-0.047128638376792265
decrease,State-Grounded,300,BIS_same_minus_opposite_cosine,4865,0.0636535421427753
decrease,State-Grounded,300,BIS_same_minus_opposite_cosine,4944,0.022510189811388637
decrease,State-Grounded,300,BIS_same_minus_opposite_cosine,5309,-0.11729115631544229
decrease,State-Grounded,300,BIS_same_minus_opposite_cosine,5377,0.08989821374416351
decrease,State-Grounded,300,BIS_same_minus_opposite_cosine,5410,0.06623096764087677
decrease,State-Grounded,300,BIS_same_minus_opposite_cosine,5454,-0.01980091962549424
decrease,State-Grounded,300,BIS_same_minus_opposite_cosine,5516,-0.08582324617438841
decrease,State-Grounded,300,BIS_same_minus_opposite_cosine,5600,-0.09428481012582779
decrease,State-Grounded,300,BIS_same_minus_opposite_cosine,5778,0.15420898298422492
decrease,State-Grounded,300,BIS_same_minus_opposite_cosine,5826,0.10136207847884204
decrease,State-Grounded,300,BIS_same_minus_opposite_cosine,5961,0.11788488924503326
decrease,State-Grounded,300,BIS_same_minus_opposite_cosine,5989,-0.00883470276991527
decrease,State-Grounded,300,BIS_same_minus_opposite_cosine,6025,-0.002593041369409299
decrease,State-Grounded,300,MAP_same_minus_opposite_cosine,105,-0.006437060733636146
decrease,State-Grounded,300,MAP_same_minus_opposite_cosine,323,-0.020253072182337517
decrease,State-Grounded,300,MAP_same_minus_opposite_cosine,348,-0.1342595859120289
decrease,State-Grounded,300,MAP_same_minus_opposite_cosine,391,-0.13044746319452916
decrease,State-Grounded,300,MAP_same_minus_opposite_cosine,683,0.05768251712575112
decrease,State-Grounded,300,MAP_same_minus_opposite_cosine,747,-0.0005571233729522174
decrease,State-Grounded,300,MAP_same_minus_opposite_cosine,750,0.011839287976423862
decrease,State-Grounded,300,MAP_same_minus_opposite_cosine,758,0.04417652681921469
decrease,State-Grounded,300,MAP_same_minus_opposite_cosine,843,0.012182282904783848
decrease,State-Grounded,300,MAP_same_minus_opposite_cosine,877,0.08491362817585468
decrease,State-Grounded,300,MAP_same_minus_opposite_cosine,926,-0.012156672549970216
decrease,State-Grounded,300,MAP_same_minus_opposite_cosine,967,0.05270663648843765
decrease,State-Grounded,300,MAP_same_minus_opposite_cosine,992,0.06790717045466099
decrease,State-Grounded,300,MAP_same_minus_opposite_cosine,1014,-0.09180918335914612
decrease,State-Grounded,300,MAP_same_minus_opposite_cosine,1092,0.06082553664843238
decrease,State-Grounded,300,MAP_same_minus_opposite_cosine,1193,-0.08727242549260461
decrease,State-Grounded,300,MAP_same_minus_opposite_cosine,1308,0.046803872783978795
decrease,State-Grounded,300,MAP_same_minus_opposite_cosine,1335,0.08972525738534465
decrease,State-Grounded,300,MAP_same_minus_opposite_cosine,1480,0.027200063069661384
decrease,State-Grounded,300,MAP_same_minus_opposite_cosine,1566,0.10113418723146117
decrease,State-Grounded,300,MAP_same_minus_opposite_cosine,1636,0.021494706471761105
decrease,State-Grounded,300,MAP_same_minus_opposite_cosine,1644,-0.028466343879699707
decrease,State-Grounded,300,MAP_same_minus_opposite_cosine,1839,-0.013730634252230312
decrease,State-Grounded,300,MAP_same_minus_opposite_cosine,1943,0.03188117676311075
decrease,State-Grounded,300,MAP_same_minus_opposite_cosine,2005,-0.032511770725250244
decrease,State-Grounded,300,MAP_same_minus_opposite_cosine,2048,-0.08118433682691484
decrease,State-Grounded,300,MAP_same_minus_opposite_cosine,2173,0.06331295023361849
decrease,State-Grounded,300,MAP_same_minus_opposite_cosine,2263,-0.07028545066714287
decrease,State-Grounded,300,MAP_same_minus_opposite_cosine,2303,0.07265920440355944
decrease,State-Grounded,300,MAP_same_minus_opposite_cosine,2308,-0.07072159472965839
decrease,State-Grounded,300,MAP_same_minus_opposite_cosine,2347,0.0179456422726314
decrease,State-Grounded,300,MAP_same_minus_opposite_cosine,2361,-0.0315563132365545
decrease,State-Grounded,300,MAP_same_minus_opposite_cosine,2567,-0.09996247007733294
decrease,State-Grounded,300,MAP_same_minus_opposite_cosine,2900,-0.004806053307321423
decrease,State-Grounded,300,MAP_same_minus_opposite_cosine,2943,0.054187798665629505
decrease,State-Grounded,300,MAP_same_minus_opposite_cosine,2946,-0.03168260554472602
decrease,State-Grounded,300,MAP_same_minus_opposite_cosine,2988,-0.021267928803960445
decrease,State-Grounded,300,MAP_same_minus_opposite_cosine,3261,-0.0013390026158756063
decrease,State-Grounded,300,MAP_same_minus_opposite_cosine,3354,0.03654952843983972
decrease,State-Grounded,300,MAP_same_minus_opposite_cosine,3387,0.09607992370923368
decrease,State-Grounded,300,MAP_same_minus_opposite_cosine,3485,0.06804809636539888
decrease,State-Grounded,300,MAP_same_minus_opposite_cosine,3525,-0.03282731432806363
decrease,State-Grounded,300,MAP_same_minus_opposite_cosine,3569,0.024500839412212372
decrease,State-Grounded,300,MAP_same_minus_opposite_cosine,3593,0.005117121971014771
decrease,State-Grounded,300,MAP_same_minus_opposite_cosine,3613,0.02665088980486896
decrease,State-Grounded,300,MAP_same_minus_opposite_cosine,3764,0.027084572116533923
decrease,State-Grounded,300,MAP_same_minus_opposite_cosine,3768,-0.017748763991726757
decrease,State-Grounded,300,MAP_same_minus_opposite_cosine,3852,0.0041248559951782005
decrease,State-Grounded,300,MAP_same_minus_opposite_cosine,3967,-0.028285551816225052
decrease,State-Grounded,300,MAP_same_minus_opposite_cosine,3976,0.08153274655342102
decrease,State-Grounded,300,MAP_same_minus_opposite_cosine,3978,0.031804944078127506
decrease,State-Grounded,300,MAP_same_minus_opposite_cosine,3985,-0.059182753165562985
decrease,State-Grounded,300,MAP_same_minus_opposite_cosine,4016,-0.07146809498469031
decrease,State-Grounded,300,MAP_same_minus_opposite_cosine,4080,0.08791371583938601
decrease,State-Grounded,300,MAP_same_minus_opposite_cosine,4293,-0.05346759036183357
decrease,State-Grounded,300,MAP_same_minus_opposite_cosine,4312,-0.06593054645892338
decrease,State-Grounded,300,MAP_same_minus_opposite_cosine,4529,-0.048348459104696984
decrease,State-Grounded,300,MAP_same_minus_opposite_cosine,4540,-0.11226755177432846
decrease,State-Grounded,300,MAP_same_minus_opposite_cosine,4638,0.03457561135292053
decrease,State-Grounded,300,MAP_same_minus_opposite_cosine,4686,-0.04228660712639487
decrease,State-Grounded,300,MAP_same_minus_opposite_cosine,4821,0.007517333825429295
decrease,State-Grounded,300,MAP_same_minus_opposite_cosine,4865,0.004441105077664043
decrease,State-Grounded,300,MAP_same_minus_opposite_cosine,4944,0.09730321665604913
decrease,State-Grounded,300,MAP_same_minus_opposite_cosine,5309,0.02078875018791715
decrease,State-Grounded,300,MAP_same_minus_opposite_cosine,5377,0.07032814396150178
decrease,State-Grounded,300,MAP_same_minus_opposite_cosine,5410,0.007367183764775631
decrease,State-Grounded,300,MAP_same_minus_opposite_cosine,5454,0.07781461460722816
decrease,State-Grounded,300,MAP_same_minus_opposite_cosine,5516,0.02790326625108719
decrease,State-Grounded,300,MAP_same_minus_opposite_cosine,5600,0.06117549207475448
decrease,State-Grounded,300,MAP_same_minus_opposite_cosine,5778,0.011250930527845981
decrease,State-Grounded,300,MAP_same_minus_opposite_cosine,5826,0.04517330626646676
decrease,State-Grounded,300,MAP_same_minus_opposite_cosine,5961,0.05081844950715697
decrease,State-Grounded,300,MAP_same_minus_opposite_cosine,5989,-0.12519628355900447
decrease,State-Grounded,300,MAP_same_minus_opposite_cosine,6025,-0.017653315431541916
decrease,State-Grounded,300,triplet_accuracy,323,0.45
decrease,State-Grounded,300,triplet_accuracy,348,0.45
decrease,State-Grounded,300,triplet_accuracy,391,0.5
decrease,State-Grounded,300,triplet_accuracy,683,0.7
decrease,State-Grounded,300,triplet_accuracy,747,0.35
decrease,State-Grounded,300,triplet_accuracy,750,0.7
decrease,State-Grounded,300,triplet_accuracy,758,0.6
decrease,State-Grounded,300,triplet_accuracy,843,0.6
decrease,State-Grounded,300,triplet_accuracy,967,0.45
decrease,State-Grounded,300,triplet_accuracy,1014,0.4
decrease,State-Grounded,300,triplet_accuracy,1092,0.5
decrease,State-Grounded,300,triplet_accuracy,1193,0.7
decrease,State-Grounded,300,triplet_accuracy,1335,0.8
decrease,State-Grounded,300,triplet_accuracy,1480,0.55
decrease,State-Grounded,300,triplet_accuracy,1566,0.6
decrease,State-Grounded,300,triplet_accuracy,1839,0.5
decrease,State-Grounded,300,triplet_accuracy,1943,0.5
decrease,State-Grounded,300,triplet_accuracy,2005,0.55
decrease,State-Grounded,300,triplet_accuracy,2048,0.6
decrease,State-Grounded,300,triplet_accuracy,2173,0.65
decrease,State-Grounded,300,triplet_accuracy,2263,0.45
decrease,State-Grounded,300,triplet_accuracy,2303,0.65
decrease,State-Grounded,300,triplet_accuracy,2308,0.55
decrease,State-Grounded,300,triplet_accuracy,2347,0.5
decrease,State-Grounded,300,triplet_accuracy,2361,0.65
decrease,State-Grounded,300,triplet_accuracy,2567,0.65
decrease,State-Grounded,300,triplet_accuracy,2943,0.7
decrease,State-Grounded,300,triplet_accuracy,2988,0.65
decrease,State-Grounded,300,triplet_accuracy,3261,0.5
decrease,State-Grounded,300,triplet_accuracy,3354,0.75
decrease,State-Grounded,300,triplet_accuracy,3525,0.4
decrease,State-Grounded,300,triplet_accuracy,3569,0.6
decrease,State-Grounded,300,triplet_accuracy,3593,0.65
decrease,State-Grounded,300,triplet_accuracy,3768,0.65
decrease,State-Grounded,300,triplet_accuracy,3852,0.5
decrease,State-Grounded,300,triplet_accuracy,3967,0.4
decrease,State-Grounded,300,triplet_accuracy,3978,0.55
decrease,State-Grounded,300,triplet_accuracy,3985,0.6
decrease,State-Grounded,300,triplet_accuracy,4016,0.45
decrease,State-Grounded,300,triplet_accuracy,4293,0.7
decrease,State-Grounded,300,triplet_accuracy,4312,0.5
decrease,State-Grounded,300,triplet_accuracy,4529,0.7
decrease,State-Grounded,300,triplet_accuracy,4540,0.4
decrease,State-Grounded,300,triplet_accuracy,4686,0.6
decrease,State-Grounded,300,triplet_accuracy,4821,0.35
decrease,State-Grounded,300,triplet_accuracy,4865,0.45
decrease,State-Grounded,300,triplet_accuracy,4944,0.7
decrease,State-Grounded,300,triplet_accuracy,5309,0.75
decrease,State-Grounded,300,triplet_accuracy,5377,0.5
decrease,State-Grounded,300,triplet_accuracy,5410,0.5
decrease,State-Grounded,300,triplet_accuracy,5454,0.6
decrease,State-Grounded,300,triplet_accuracy,5516,0.55
decrease,State-Grounded,300,triplet_accuracy,5600,0.45
decrease,State-Grounded,300,triplet_accuracy,5778,0.5
decrease,State-Grounded,300,triplet_accuracy,5989,0.55
decrease,State-Grounded,300,triplet_accuracy,6025,0.65
stop,State-Grounded,300,BIS_same_minus_opposite_cosine,105,0.08375674088795981
stop,State-Grounded,300,BIS_same_minus_opposite_cosine,348,0.1813971598943075
stop,State-Grounded,300,BIS_same_minus_opposite_cosine,391,0.26681148793016163
stop,State-Grounded,300,BIS_same_minus_opposite_cosine,747,-0.0038245756066207504
stop,State-Grounded,300,BIS_same_minus_opposite_cosine,758,0.30073122183481854
stop,State-Grounded,300,BIS_same_minus_opposite_cosine,877,0.15421868860721583
stop,State-Grounded,300,BIS_same_minus_opposite_cosine,1092,0.0785767833391825
stop,State-Grounded,300,BIS_same_minus_opposite_cosine,1193,0.08659812435507774
stop,State-Grounded,300,BIS_same_minus_opposite_cosine,1480,0.11246793378483166
stop,State-Grounded,300,BIS_same_minus_opposite_cosine,1636,0.12093618313471477
stop,State-Grounded,300,BIS_same_minus_opposite_cosine,1644,0.09583464596006608
stop,State-Grounded,300,BIS_same_minus_opposite_cosine,2005,0.10856510450442636
stop,State-Grounded,300,BIS_same_minus_opposite_cosine,2303,-0.1745229959487915
stop,State-Grounded,300,BIS_same_minus_opposite_cosine,2361,0.0855080352889167
stop,State-Grounded,300,BIS_same_minus_opposite_cosine,2567,0.25013234019279484
stop,State-Grounded,300,BIS_same_minus_opposite_cosine,2943,-0.0646707453962529
stop,State-Grounded,300,BIS_same_minus_opposite_cosine,2946,0.1384019609540701
stop,State-Grounded,300,BIS_same_minus_opposite_cosine,3261,0.03580262015263236
stop,State-Grounded,300,BIS_same_minus_opposite_cosine,3485,0.10891773303349817
stop,State-Grounded,300,BIS_same_minus_opposite_cosine,3525,0.05194889505704248
stop,State-Grounded,300,BIS_same_minus_opposite_cosine,3593,0.018455853064854866
stop,State-Grounded,300,BIS_same_minus_opposite_cosine,3613,0.11894585026635063
stop,State-Grounded,300,BIS_same_minus_opposite_cosine,3967,0.03557273993889487
stop,State-Grounded,300,BIS_same_minus_opposite_cosine,3976,0.02568085740009951
stop,State-Grounded,300,BIS_same_minus_opposite_cosine,4016,0.022860892117023468
stop,State-Grounded,300,BIS_same_minus_opposite_cosine,4865,0.3569842232391239
stop,State-Grounded,300,BIS_same_minus_opposite_cosine,4944,-0.06465023656686153
stop,State-Grounded,300,BIS_same_minus_opposite_cosine,5377,0.21098368366559345
stop,State-Grounded,300,BIS_same_minus_opposite_cosine,5410,0.04803214967250824
stop,State-Grounded,300,BIS_same_minus_opposite_cosine,5454,0.23187564748028916
stop,State-Grounded,300,BIS_same_minus_opposite_cosine,5516,-0.14328521490097046
stop,State-Grounded,300,BIS_same_minus_opposite_cosine,5600,0.10992847383022308
stop,State-Grounded,300,BIS_same_minus_opposite_cosine,5778,0.09481058642268181
stop,State-Grounded,300,BIS_same_minus_opposite_cosine,5826,0.11332060532136401
stop,State-Grounded,300,MAP_same_minus_opposite_cosine,105,0.006292201578617096
stop,State-Grounded,300,MAP_same_minus_opposite_cosine,348,0.07620698875851095
stop,State-Grounded,300,MAP_same_minus_opposite_cosine,391,0.04406541018258958
stop,State-Grounded,300,MAP_same_minus_opposite_cosine,747,-0.0016637047131856653
stop,State-Grounded,300,MAP_same_minus_opposite_cosine,758,-0.044719249956191476
stop,State-Grounded,300,MAP_same_minus_opposite_cosine,877,-0.17553336568402522
stop,State-Grounded,300,MAP_same_minus_opposite_cosine,926,-0.11454212665557861
stop,State-Grounded,300,MAP_same_minus_opposite_cosine,1092,-0.04198684685287013
stop,State-Grounded,300,MAP_same_minus_opposite_cosine,1193,-0.1328286323696375
stop,State-Grounded,300,MAP_same_minus_opposite_cosine,1480,0.0288236141204834
stop,State-Grounded,300,MAP_same_minus_opposite_cosine,1636,-0.21496400535106663
stop,State-Grounded,300,MAP_same_minus_opposite_cosine,1644,-0.14311078853077364
stop,State-Grounded,300,MAP_same_minus_opposite_cosine,2005,-0.03163507896842377
stop,State-Grounded,300,MAP_same_minus_opposite_cosine,2303,-0.2369576096534729
stop,State-Grounded,300,MAP_same_minus_opposite_cosine,2361,-0.05673458774884543
stop,State-Grounded,300,MAP_same_minus_opposite_cosine,2567,0.04083411395549774
stop,State-Grounded,300,MAP_same_minus_opposite_cosine,2943,-0.15525223367980545
stop,State-Grounded,300,MAP_same_minus_opposite_cosine,2946,0.10774651989340783
stop,State-Grounded,300,MAP_same_minus_opposite_cosine,3261,-0.08246965996093225
stop,State-Grounded,300,MAP_same_minus_opposite_cosine,3485,-0.19370948274930322
stop,State-Grounded,300,MAP_same_minus_opposite_cosine,3525,0.021881345411141728
stop,State-Grounded,300,MAP_same_minus_opposite_cosine,3593,0.10625979221529436
stop,State-Grounded,300,MAP_same_minus_opposite_cosine,3613,-0.04742792248725891
stop,State-Grounded,300,MAP_same_minus_opposite_cosine,3967,0.28485594441493356
stop,State-Grounded,300,MAP_same_minus_opposite_cosine,3976,0.0001188438563120009
stop,State-Grounded,300,MAP_same_minus_opposite_cosine,4016,0.11818841348091758
stop,State-Grounded,300,MAP_same_minus_opposite_cosine,4865,-0.13604165717131567
stop,State-Grounded,300,MAP_same_minus_opposite_cosine,4944,0.10882560412089026
stop,State-Grounded,300,MAP_same_minus_opposite_cosine,5377,-0.03107517957687378
stop,State-Grounded,300,MAP_same_minus_opposite_cosine,5410,0.06298212029717187
stop,State-Grounded,300,MAP_same_minus_opposite_cosine,5454,0.03032507561147213
stop,State-Grounded,300,MAP_same_minus_opposite_cosine,5516,-0.05494508147239685
stop,State-Grounded,300,MAP_same_minus_opposite_cosine,5600,-0.04518923411766684
stop,State-Grounded,300,MAP_same_minus_opposite_cosine,5778,-0.040874701407220715
stop,State-Grounded,300,MAP_same_minus_opposite_cosine,5826,0.06984281539916992
stop,State-Grounded,300,triplet_accuracy,348,0.5
stop,State-Grounded,300,triplet_accuracy,391,0.7
stop,State-Grounded,300,triplet_accuracy,747,0.55
stop,State-Grounded,300,triplet_accuracy,758,0.6
stop,State-Grounded,300,triplet_accuracy,1092,0.6
stop,State-Grounded,300,triplet_accuracy,1193,0.7
stop,State-Grounded,300,triplet_accuracy,1480,0.65
stop,State-Grounded,300,triplet_accuracy,2005,0.65
stop,State-Grounded,300,triplet_accuracy,2303,0.5
stop,State-Grounded,300,triplet_accuracy,2361,0.5
stop,State-Grounded,300,triplet_accuracy,2567,0.65
stop,State-Grounded,300,triplet_accuracy,2943,0.35
stop,State-Grounded,300,triplet_accuracy,3261,0.75
stop,State-Grounded,300,triplet_accuracy,3525,0.5
stop,State-Grounded,300,triplet_accuracy,3593,0.6
stop,State-Grounded,300,triplet_accuracy,3967,0.75
stop,State-Grounded,300,triplet_accuracy,4016,0.75
stop,State-Grounded,300,triplet_accuracy,4865,0.6
stop,State-Grounded,300,triplet_accuracy,4944,0.6
stop,State-Grounded,300,triplet_accuracy,5377,0.65
stop,State-Grounded,300,triplet_accuracy,5410,0.5
stop,State-Grounded,300,triplet_accuracy,5454,0.5
stop,State-Grounded,300,triplet_accuracy,5516,0.7
stop,State-Grounded,300,triplet_accuracy,5600,0.55
stop,State-Grounded,300,triplet_accuracy,5778,0.5
high_rate_tail,State-Grounded,300,BIS_same_minus_opposite_cosine,105,-0.08735350519418716
high_rate_tail,State-Grounded,300,BIS_same_minus_opposite_cosine,323,0.09427517404158903
high_rate_tail,State-Grounded,300,BIS_same_minus_opposite_cosine,348,0.07538758466641104
high_rate_tail,State-Grounded,300,BIS_same_minus_opposite_cosine,391,-0.003992936015129067
high_rate_tail,State-Grounded,300,BIS_same_minus_opposite_cosine,683,0.1599891343803117
high_rate_tail,State-Grounded,300,BIS_same_minus_opposite_cosine,747,0.009796740694178463
high_rate_tail,State-Grounded,300,BIS_same_minus_opposite_cosine,750,0.10669684613292862
high_rate_tail,State-Grounded,300,BIS_same_minus_opposite_cosine,758,0.10514041781425476
high_rate_tail,State-Grounded,300,BIS_same_minus_opposite_cosine,843,-0.004850624750057819
high_rate_tail,State-Grounded,300,BIS_same_minus_opposite_cosine,877,0.12466395584245527
high_rate_tail,State-Grounded,300,BIS_same_minus_opposite_cosine,926,0.09769850100080169
high_rate_tail,State-Grounded,300,BIS_same_minus_opposite_cosine,967,0.05370166401068366
high_rate_tail,State-Grounded,300,BIS_same_minus_opposite_cosine,992,0.04471661274631822
high_rate_tail,State-Grounded,300,BIS_same_minus_opposite_cosine,1092,0.05803891933626604
high_rate_tail,State-Grounded,300,BIS_same_minus_opposite_cosine,1193,0.14088978949520325
high_rate_tail,State-Grounded,300,BIS_same_minus_opposite_cosine,1308,0.03823024829228727
high_rate_tail,State-Grounded,300,BIS_same_minus_opposite_cosine,1335,0.14600124872393078
high_rate_tail,State-Grounded,300,BIS_same_minus_opposite_cosine,1480,-0.020551436146100444
high_rate_tail,State-Grounded,300,BIS_same_minus_opposite_cosine,1566,0.02507657319721246
high_rate_tail,State-Grounded,300,BIS_same_minus_opposite_cosine,1636,-0.025474118689695957
high_rate_tail,State-Grounded,300,BIS_same_minus_opposite_cosine,1644,0.02978992597623309
high_rate_tail,State-Grounded,300,BIS_same_minus_opposite_cosine,1839,0.0643360738952955
high_rate_tail,State-Grounded,300,BIS_same_minus_opposite_cosine,1943,0.011398740112781525
high_rate_tail,State-Grounded,300,BIS_same_minus_opposite_cosine,2005,0.02521334936221442
high_rate_tail,State-Grounded,300,BIS_same_minus_opposite_cosine,2048,0.09046317636966705
high_rate_tail,State-Grounded,300,BIS_same_minus_opposite_cosine,2173,0.012816366553306535
high_rate_tail,State-Grounded,300,BIS_same_minus_opposite_cosine,2263,-0.003973676399751103
high_rate_tail,State-Grounded,300,BIS_same_minus_opposite_cosine,2303,0.06406908233960473
high_rate_tail,State-Grounded,300,BIS_same_minus_opposite_cosine,2308,0.14732116709152854
high_rate_tail,State-Grounded,300,BIS_same_minus_opposite_cosine,2347,0.04556158659133047
high_rate_tail,State-Grounded,300,BIS_same_minus_opposite_cosine,2361,0.03888179429552774
high_rate_tail,State-Grounded,300,BIS_same_minus_opposite_cosine,2567,-0.03442647606134419
high_rate_tail,State-Grounded,300,BIS_same_minus_opposite_cosine,2900,-0.029833366100986858
high_rate_tail,State-Grounded,300,BIS_same_minus_opposite_cosine,2943,0.059250692774852176
high_rate_tail,State-Grounded,300,BIS_same_minus_opposite_cosine,2946,0.082654924103708
high_rate_tail,State-Grounded,300,BIS_same_minus_opposite_cosine,2988,0.030110042542219162
high_rate_tail,State-Grounded,300,BIS_same_minus_opposite_cosine,3261,0.04782112605041933
high_rate_tail,State-Grounded,300,BIS_same_minus_opposite_cosine,3354,0.004642378952768089
high_rate_tail,State-Grounded,300,BIS_same_minus_opposite_cosine,3387,0.12766125301520026
high_rate_tail,State-Grounded,300,BIS_same_minus_opposite_cosine,3485,0.030783606749592463
high_rate_tail,State-Grounded,300,BIS_same_minus_opposite_cosine,3525,0.04562422533830013
high_rate_tail,State-Grounded,300,BIS_same_minus_opposite_cosine,3569,0.026788402687419555
high_rate_tail,State-Grounded,300,BIS_same_minus_opposite_cosine,3593,0.04845431163197467
high_rate_tail,State-Grounded,300,BIS_same_minus_opposite_cosine,3613,0.058008308832844135
high_rate_tail,State-Grounded,300,BIS_same_minus_opposite_cosine,3764,-0.16339577689315332
high_rate_tail,State-Grounded,300,BIS_same_minus_opposite_cosine,3768,0.08284152100483577
high_rate_tail,State-Grounded,300,BIS_same_minus_opposite_cosine,3852,-0.04086238642533624
high_rate_tail,State-Grounded,300,BIS_same_minus_opposite_cosine,3967,-0.03559459497531259
high_rate_tail,State-Grounded,300,BIS_same_minus_opposite_cosine,3976,-0.04782310376564658
high_rate_tail,State-Grounded,300,BIS_same_minus_opposite_cosine,3978,-0.04416709972752464
high_rate_tail,State-Grounded,300,BIS_same_minus_opposite_cosine,3985,0.1382300873597463
high_rate_tail,State-Grounded,300,BIS_same_minus_opposite_cosine,4016,0.032158306150725346
high_rate_tail,State-Grounded,300,BIS_same_minus_opposite_cosine,4080,0.11574664321683703
high_rate_tail,State-Grounded,300,BIS_same_minus_opposite_cosine,4293,0.13004157526625526
high_rate_tail,State-Grounded,300,BIS_same_minus_opposite_cosine,4312,0.023438679675261143
high_rate_tail,State-Grounded,300,BIS_same_minus_opposite_cosine,4529,0.04557744413614273
high_rate_tail,State-Grounded,300,BIS_same_minus_opposite_cosine,4540,-0.012114746552525202
high_rate_tail,State-Grounded,300,BIS_same_minus_opposite_cosine,4638,0.06344029866158962
high_rate_tail,State-Grounded,300,BIS_same_minus_opposite_cosine,4686,0.05238610393170162
high_rate_tail,State-Grounded,300,BIS_same_minus_opposite_cosine,4821,-0.01883908609549212
high_rate_tail,State-Grounded,300,BIS_same_minus_opposite_cosine,4865,0.05095309741569287
high_rate_tail,State-Grounded,300,BIS_same_minus_opposite_cosine,4944,0.11393727362155914
high_rate_tail,State-Grounded,300,BIS_same_minus_opposite_cosine,5309,0.060000886519749996
high_rate_tail,State-Grounded,300,BIS_same_minus_opposite_cosine,5377,0.06865304542912376
high_rate_tail,State-Grounded,300,BIS_same_minus_opposite_cosine,5410,0.017342469876720723
high_rate_tail,State-Grounded,300,BIS_same_minus_opposite_cosine,5454,0.00850683711469169
high_rate_tail,State-Grounded,300,BIS_same_minus_opposite_cosine,5516,0.16500405222177505
high_rate_tail,State-Grounded,300,BIS_same_minus_opposite_cosine,5600,0.1049575101998117
high_rate_tail,State-Grounded,300,BIS_same_minus_opposite_cosine,5778,-0.06666136826529656
high_rate_tail,State-Grounded,300,BIS_same_minus_opposite_cosine,5826,0.02438474288492487
high_rate_tail,State-Grounded,300,BIS_same_minus_opposite_cosine,5961,-0.0017827322085698372
high_rate_tail,State-Grounded,300,BIS_same_minus_opposite_cosine,5989,0.1632160995945786
high_rate_tail,State-Grounded,300,BIS_same_minus_opposite_cosine,6025,0.021885131299495653
high_rate_tail,State-Grounded,300,MAP_same_minus_opposite_cosine,105,-0.008611510197321648
high_rate_tail,State-Grounded,300,MAP_same_minus_opposite_cosine,323,-0.015421319752931595
high_rate_tail,State-Grounded,300,MAP_same_minus_opposite_cosine,348,-0.1012918069958687
high_rate_tail,State-Grounded,300,MAP_same_minus_opposite_cosine,391,-0.06353101796574057
high_rate_tail,State-Grounded,300,MAP_same_minus_opposite_cosine,683,-0.07539620151122417
high_rate_tail,State-Grounded,300,MAP_same_minus_opposite_cosine,747,0.09504618969830597
high_rate_tail,State-Grounded,300,MAP_same_minus_opposite_cosine,750,-0.039167807002862376
high_rate_tail,State-Grounded,300,MAP_same_minus_opposite_cosine,758,0.07149696485562762
high_rate_tail,State-Grounded,300,MAP_same_minus_opposite_cosine,843,0.022015255689620927
high_rate_tail,State-Grounded,300,MAP_same_minus_opposite_cosine,877,-0.0016007917622724577
high_rate_tail,State-Grounded,300,MAP_same_minus_opposite_cosine,926,0.049759139617284176
high_rate_tail,State-Grounded,300,MAP_same_minus_opposite_cosine,967,-0.007503983564674854
high_rate_tail,State-Grounded,300,MAP_same_minus_opposite_cosine,992,0.03401365627845132
high_rate_tail,State-Grounded,300,MAP_same_minus_opposite_cosine,1092,-0.09142287927014492
high_rate_tail,State-Grounded,300,MAP_same_minus_opposite_cosine,1193,6.095667680100503e-05
high_rate_tail,State-Grounded,300,MAP_same_minus_opposite_cosine,1308,-0.0009455515278710136
high_rate_tail,State-Grounded,300,MAP_same_minus_opposite_cosine,1335,0.01031551212072368
high_rate_tail,State-Grounded,300,MAP_same_minus_opposite_cosine,1480,0.04508121108466934
high_rate_tail,State-Grounded,300,MAP_same_minus_opposite_cosine,1566,0.08137752446863389
high_rate_tail,State-Grounded,300,MAP_same_minus_opposite_cosine,1636,-0.13293276106317842
high_rate_tail,State-Grounded,300,MAP_same_minus_opposite_cosine,1644,-0.0710497711385999
high_rate_tail,State-Grounded,300,MAP_same_minus_opposite_cosine,1839,0.2070416394207213
high_rate_tail,State-Grounded,300,MAP_same_minus_opposite_cosine,1943,-0.0035046239693959924
high_rate_tail,State-Grounded,300,MAP_same_minus_opposite_cosine,2005,0.0019551994222583025
high_rate_tail,State-Grounded,300,MAP_same_minus_opposite_cosine,2048,0.04593166874514687
high_rate_tail,State-Grounded,300,MAP_same_minus_opposite_cosine,2173,-0.06907822905729216
high_rate_tail,State-Grounded,300,MAP_same_minus_opposite_cosine,2263,0.025028500292036293
high_rate_tail,State-Grounded,300,MAP_same_minus_opposite_cosine,2303,-0.04906286976554175
high_rate_tail,State-Grounded,300,MAP_same_minus_opposite_cosine,2308,0.01046344491116935
high_rate_tail,State-Grounded,300,MAP_same_minus_opposite_cosine,2347,0.061569543182849906
high_rate_tail,State-Grounded,300,MAP_same_minus_opposite_cosine,2361,-0.02018729547659548
high_rate_tail,State-Grounded,300,MAP_same_minus_opposite_cosine,2567,0.18948786457379657
high_rate_tail,State-Grounded,300,MAP_same_minus_opposite_cosine,2900,0.07396743694941199
high_rate_tail,State-Grounded,300,MAP_same_minus_opposite_cosine,2943,-0.026478774535159233
high_rate_tail,State-Grounded,300,MAP_same_minus_opposite_cosine,2946,0.03795425593852997
high_rate_tail,State-Grounded,300,MAP_same_minus_opposite_cosine,2988,0.04413844006402157
high_rate_tail,State-Grounded,300,MAP_same_minus_opposite_cosine,3261,-0.014231637948089126
high_rate_tail,State-Grounded,300,MAP_same_minus_opposite_cosine,3354,0.013682245530865389
high_rate_tail,State-Grounded,300,MAP_same_minus_opposite_cosine,3387,0.06420350323120749
high_rate_tail,State-Grounded,300,MAP_same_minus_opposite_cosine,3485,-0.0031862308581670495
high_rate_tail,State-Grounded,300,MAP_same_minus_opposite_cosine,3525,-0.04441030300927884
high_rate_tail,State-Grounded,300,MAP_same_minus_opposite_cosine,3569,0.07184909035762155
high_rate_tail,State-Grounded,300,MAP_same_minus_opposite_cosine,3593,0.06849159142284678
high_rate_tail,State-Grounded,300,MAP_same_minus_opposite_cosine,3613,-0.00914682199557626
high_rate_tail,State-Grounded,300,MAP_same_minus_opposite_cosine,3764,-0.017373935629924175
high_rate_tail,State-Grounded,300,MAP_same_minus_opposite_cosine,3768,-0.07068353326934751
high_rate_tail,State-Grounded,300,MAP_same_minus_opposite_cosine,3852,-0.014232433880820405
high_rate_tail,State-Grounded,300,MAP_same_minus_opposite_cosine,3967,0.01651281863451004
high_rate_tail,State-Grounded,300,MAP_same_minus_opposite_cosine,3976,0.0647648378755108
high_rate_tail,State-Grounded,300,MAP_same_minus_opposite_cosine,3978,0.06067019701004028
high_rate_tail,State-Grounded,300,MAP_same_minus_opposite_cosine,3985,0.03212099725549866
high_rate_tail,State-Grounded,300,MAP_same_minus_opposite_cosine,4016,-0.03307426969210303
high_rate_tail,State-Grounded,300,MAP_same_minus_opposite_cosine,4080,-0.03320824558084656
high_rate_tail,State-Grounded,300,MAP_same_minus_opposite_cosine,4293,0.007623773813247636
high_rate_tail,State-Grounded,300,MAP_same_minus_opposite_cosine,4312,0.06531610091527296
high_rate_tail,State-Grounded,300,MAP_same_minus_opposite_cosine,4529,0.0722485134998957
high_rate_tail,State-Grounded,300,MAP_same_minus_opposite_cosine,4540,0.03143477936585748
high_rate_tail,State-Grounded,300,MAP_same_minus_opposite_cosine,4638,-0.000320791972405976
high_rate_tail,State-Grounded,300,MAP_same_minus_opposite_cosine,4686,-0.03329717616240191
high_rate_tail,State-Grounded,300,MAP_same_minus_opposite_cosine,4821,0.008821024248997333
high_rate_tail,State-Grounded,300,MAP_same_minus_opposite_cosine,4865,-0.022859154476059795
high_rate_tail,State-Grounded,300,MAP_same_minus_opposite_cosine,4944,0.057933438004869386
high_rate_tail,State-Grounded,300,MAP_same_minus_opposite_cosine,5309,-0.06280246128638589
high_rate_tail,State-Grounded,300,MAP_same_minus_opposite_cosine,5377,0.024819591393073437
high_rate_tail,State-Grounded,300,MAP_same_minus_opposite_cosine,5410,0.007322095673192641
high_rate_tail,State-Grounded,300,MAP_same_minus_opposite_cosine,5454,0.0225824034876293
high_rate_tail,State-Grounded,300,MAP_same_minus_opposite_cosine,5516,-0.04228858184069395
high_rate_tail,State-Grounded,300,MAP_same_minus_opposite_cosine,5600,0.11663153838543672
high_rate_tail,State-Grounded,300,MAP_same_minus_opposite_cosine,5778,0.07473604753613472
high_rate_tail,State-Grounded,300,MAP_same_minus_opposite_cosine,5826,-0.04684758086999263
high_rate_tail,State-Grounded,300,MAP_same_minus_opposite_cosine,5961,-0.039179685892480776
high_rate_tail,State-Grounded,300,MAP_same_minus_opposite_cosine,5989,0.07604522208372744
high_rate_tail,State-Grounded,300,MAP_same_minus_opposite_cosine,6025,0.052152836322784446
high_rate_tail,State-Grounded,300,triplet_accuracy,323,0.55
high_rate_tail,State-Grounded,300,triplet_accuracy,348,0.4
high_rate_tail,State-Grounded,300,triplet_accuracy,391,0.65
high_rate_tail,State-Grounded,300,triplet_accuracy,683,0.55
high_rate_tail,State-Grounded,300,triplet_accuracy,747,0.4
high_rate_tail,State-Grounded,300,triplet_accuracy,750,0.45
high_rate_tail,State-Grounded,300,triplet_accuracy,758,0.7
high_rate_tail,State-Grounded,300,triplet_accuracy,843,0.45
high_rate_tail,State-Grounded,300,triplet_accuracy,967,0.5
high_rate_tail,State-Grounded,300,triplet_accuracy,1092,0.35
high_rate_tail,State-Grounded,300,triplet_accuracy,1193,0.7
high_rate_tail,State-Grounded,300,triplet_accuracy,1335,0.7
high_rate_tail,State-Grounded,300,triplet_accuracy,1480,0.6
high_rate_tail,State-Grounded,300,triplet_accuracy,1566,0.55
high_rate_tail,State-Grounded,300,triplet_accuracy,1839,0.55
high_rate_tail,State-Grounded,300,triplet_accuracy,1943,0.65
high_rate_tail,State-Grounded,300,triplet_accuracy,2005,0.55
high_rate_tail,State-Grounded,300,triplet_accuracy,2048,0.45
high_rate_tail,State-Grounded,300,triplet_accuracy,2173,0.65
high_rate_tail,State-Grounded,300,triplet_accuracy,2263,0.5
high_rate_tail,State-Grounded,300,triplet_accuracy,2303,0.4
high_rate_tail,State-Grounded,300,triplet_accuracy,2308,0.55
high_rate_tail,State-Grounded,300,triplet_accuracy,2347,0.55
high_rate_tail,State-Grounded,300,triplet_accuracy,2361,0.7
high_rate_tail,State-Grounded,300,triplet_accuracy,2567,0.6
high_rate_tail,State-Grounded,300,triplet_accuracy,2943,0.55
high_rate_tail,State-Grounded,300,triplet_accuracy,2988,0.8
high_rate_tail,State-Grounded,300,triplet_accuracy,3261,0.55
high_rate_tail,State-Grounded,300,triplet_accuracy,3354,0.85
high_rate_tail,State-Grounded,300,triplet_accuracy,3525,0.5
high_rate_tail,State-Grounded,300,triplet_accuracy,3569,0.7
high_rate_tail,State-Grounded,300,triplet_accuracy,3593,0.55
high_rate_tail,State-Grounded,300,triplet_accuracy,3768,0.6
high_rate_tail,State-Grounded,300,triplet_accuracy,3852,0.65
high_rate_tail,State-Grounded,300,triplet_accuracy,3967,0.45
high_rate_tail,State-Grounded,300,triplet_accuracy,3978,0.55
high_rate_tail,State-Grounded,300,triplet_accuracy,3985,0.7
high_rate_tail,State-Grounded,300,triplet_accuracy,4016,0.55
high_rate_tail,State-Grounded,300,triplet_accuracy,4293,0.6
high_rate_tail,State-Grounded,300,triplet_accuracy,4312,0.5
high_rate_tail,State-Grounded,300,triplet_accuracy,4529,0.65
high_rate_tail,State-Grounded,300,triplet_accuracy,4540,0.55
high_rate_tail,State-Grounded,300,triplet_accuracy,4686,0.75
high_rate_tail,State-Grounded,300,triplet_accuracy,4821,0.6
high_rate_tail,State-Grounded,300,triplet_accuracy,4865,0.6
high_rate_tail,State-Grounded,300,triplet_accuracy,4944,0.55
high_rate_tail,State-Grounded,300,triplet_accuracy,5309,0.35
high_rate_tail,State-Grounded,300,triplet_accuracy,5377,0.55
high_rate_tail,State-Grounded,300,triplet_accuracy,5410,0.6
high_rate_tail,State-Grounded,300,triplet_accuracy,5454,0.5
high_rate_tail,State-Grounded,300,triplet_accuracy,5516,0.5
high_rate_tail,State-Grounded,300,triplet_accuracy,5600,0.7
high_rate_tail,State-Grounded,300,triplet_accuracy,5778,0.35
high_rate_tail,State-Grounded,300,triplet_accuracy,5989,0.55
high_rate_tail,State-Grounded,300,triplet_accuracy,6025,0.65
non_tail,State-Grounded,300,BIS_same_minus_opposite_cosine,105,0.03530838092168165
non_tail,State-Grounded,300,BIS_same_minus_opposite_cosine,323,0.12857634325822198
non_tail,State-Grounded,300,BIS_same_minus_opposite_cosine,348,-0.00703357408444083
non_tail,State-Grounded,300,BIS_same_minus_opposite_cosine,391,0.09358268976211548
non_tail,State-Grounded,300,BIS_same_minus_opposite_cosine,683,0.0035584900114271623
non_tail,State-Grounded,300,BIS_same_minus_opposite_cosine,747,0.023509251574675205
non_tail,State-Grounded,300,BIS_same_minus_opposite_cosine,750,0.05824264801210821
non_tail,State-Grounded,300,BIS_same_minus_opposite_cosine,758,0.04170397420724237
non_tail,State-Grounded,300,BIS_same_minus_opposite_cosine,843,0.10111572824063764
non_tail,State-Grounded,300,BIS_same_minus_opposite_cosine,877,0.06759081600290362
non_tail,State-Grounded,300,BIS_same_minus_opposite_cosine,926,0.09355991582075751
non_tail,State-Grounded,300,BIS_same_minus_opposite_cosine,967,-0.08529672399163246
non_tail,State-Grounded,300,BIS_same_minus_opposite_cosine,992,-0.08041930717952317
non_tail,State-Grounded,300,BIS_same_minus_opposite_cosine,1014,0.04475618650515878
non_tail,State-Grounded,300,BIS_same_minus_opposite_cosine,1092,-0.041094864408175114
non_tail,State-Grounded,300,BIS_same_minus_opposite_cosine,1193,0.21704150623444357
non_tail,State-Grounded,300,BIS_same_minus_opposite_cosine,1308,0.10852044324080146
non_tail,State-Grounded,300,BIS_same_minus_opposite_cosine,1335,-0.01658296667867243
non_tail,State-Grounded,300,BIS_same_minus_opposite_cosine,1480,-0.018459973913250605
non_tail,State-Grounded,300,BIS_same_minus_opposite_cosine,1566,0.11939682563145959
non_tail,State-Grounded,300,BIS_same_minus_opposite_cosine,1636,0.09279674472230848
non_tail,State-Grounded,300,BIS_same_minus_opposite_cosine,1644,0.01379169884956244
non_tail,State-Grounded,300,BIS_same_minus_opposite_cosine,1839,0.24947944531838095
non_tail,State-Grounded,300,BIS_same_minus_opposite_cosine,1943,-0.013008281464378046
non_tail,State-Grounded,300,BIS_same_minus_opposite_cosine,2005,-0.024328888704379437
non_tail,State-Grounded,300,BIS_same_minus_opposite_cosine,2048,-0.007557357350985172
non_tail,State-Grounded,300,BIS_same_minus_opposite_cosine,2173,0.03554765022162243
non_tail,State-Grounded,300,BIS_same_minus_opposite_cosine,2263,-0.01715962216258049
non_tail,State-Grounded,300,BIS_same_minus_opposite_cosine,2303,-0.05060254172845324
non_tail,State-Grounded,300,BIS_same_minus_opposite_cosine,2308,0.1592457139243682
non_tail,State-Grounded,300,BIS_same_minus_opposite_cosine,2347,-0.015904543921351433
non_tail,State-Grounded,300,BIS_same_minus_opposite_cosine,2361,0.00025128076473868166
non_tail,State-Grounded,300,BIS_same_minus_opposite_cosine,2567,0.10490120127797131
non_tail,State-Grounded,300,BIS_same_minus_opposite_cosine,2900,0.06789930909872055
non_tail,State-Grounded,300,BIS_same_minus_opposite_cosine,2943,-0.006334003309408809
non_tail,State-Grounded,300,BIS_same_minus_opposite_cosine,2946,0.0685762683550516
non_tail,State-Grounded,300,BIS_same_minus_opposite_cosine,2988,0.007963981231053685
non_tail,State-Grounded,300,BIS_same_minus_opposite_cosine,3261,0.13200998885764015
non_tail,State-Grounded,300,BIS_same_minus_opposite_cosine,3354,0.015346527099609375
non_tail,State-Grounded,300,BIS_same_minus_opposite_cosine,3387,0.056416911383469937
non_tail,State-Grounded,300,BIS_same_minus_opposite_cosine,3485,0.00197707861661911
non_tail,State-Grounded,300,BIS_same_minus_opposite_cosine,3525,0.007526871970012006
non_tail,State-Grounded,300,BIS_same_minus_opposite_cosine,3569,0.03351138035456336
non_tail,State-Grounded,300,BIS_same_minus_opposite_cosine,3593,0.09819348653157556
non_tail,State-Grounded,300,BIS_same_minus_opposite_cosine,3613,0.09587579220533371
non_tail,State-Grounded,300,BIS_same_minus_opposite_cosine,3764,-0.024546902965415618
non_tail,State-Grounded,300,BIS_same_minus_opposite_cosine,3768,0.13534582067619672
non_tail,State-Grounded,300,BIS_same_minus_opposite_cosine,3852,0.022044092416763306
non_tail,State-Grounded,300,BIS_same_minus_opposite_cosine,3967,0.02196261982123049
non_tail,State-Grounded,300,BIS_same_minus_opposite_cosine,3976,-0.07178090670795156
non_tail,State-Grounded,300,BIS_same_minus_opposite_cosine,3978,0.07984222720066703
non_tail,State-Grounded,300,BIS_same_minus_opposite_cosine,3985,0.09173898895581567
non_tail,State-Grounded,300,BIS_same_minus_opposite_cosine,4016,0.0918512776494026
non_tail,State-Grounded,300,BIS_same_minus_opposite_cosine,4080,0.030333254486322403
non_tail,State-Grounded,300,BIS_same_minus_opposite_cosine,4293,0.017744543403387047
non_tail,State-Grounded,300,BIS_same_minus_opposite_cosine,4312,0.11736733164815683
non_tail,State-Grounded,300,BIS_same_minus_opposite_cosine,4529,-0.05034064004818595
non_tail,State-Grounded,300,BIS_same_minus_opposite_cosine,4540,-0.012523964047431946
non_tail,State-Grounded,300,BIS_same_minus_opposite_cosine,4638,0.02775481426053572
non_tail,State-Grounded,300,BIS_same_minus_opposite_cosine,4686,-0.06331842708768265
non_tail,State-Grounded,300,BIS_same_minus_opposite_cosine,4821,0.06207622786362965
non_tail,State-Grounded,300,BIS_same_minus_opposite_cosine,4865,0.08829472685853634
non_tail,State-Grounded,300,BIS_same_minus_opposite_cosine,4944,0.07862929999828339
non_tail,State-Grounded,300,BIS_same_minus_opposite_cosine,5309,-0.060424886643886566
non_tail,State-Grounded,300,BIS_same_minus_opposite_cosine,5377,0.06300845742225647
non_tail,State-Grounded,300,BIS_same_minus_opposite_cosine,5410,-0.0005719448129335447
non_tail,State-Grounded,300,BIS_same_minus_opposite_cosine,5454,0.028313084195057514
non_tail,State-Grounded,300,BIS_same_minus_opposite_cosine,5516,0.01102603746182984
non_tail,State-Grounded,300,BIS_same_minus_opposite_cosine,5600,0.11629592378934217
non_tail,State-Grounded,300,BIS_same_minus_opposite_cosine,5778,0.09504264525391837
non_tail,State-Grounded,300,BIS_same_minus_opposite_cosine,5826,0.17994596312443412
non_tail,State-Grounded,300,BIS_same_minus_opposite_cosine,5961,0.11647205923994386
non_tail,State-Grounded,300,BIS_same_minus_opposite_cosine,5989,-0.013323185570312202
non_tail,State-Grounded,300,BIS_same_minus_opposite_cosine,6025,0.13877816100915275
non_tail,State-Grounded,300,MAP_same_minus_opposite_cosine,105,-0.03251660366853082
non_tail,State-Grounded,300,MAP_same_minus_opposite_cosine,323,-0.019167552391688103
non_tail,State-Grounded,300,MAP_same_minus_opposite_cosine,348,0.03358338425556817
non_tail,State-Grounded,300,MAP_same_minus_opposite_cosine,391,-0.029530003666877747
non_tail,State-Grounded,300,MAP_same_minus_opposite_cosine,683,0.006977096199989319
non_tail,State-Grounded,300,MAP_same_minus_opposite_cosine,747,0.07079835100607434
non_tail,State-Grounded,300,MAP_same_minus_opposite_cosine,750,0.02954289664824805
non_tail,State-Grounded,300,MAP_same_minus_opposite_cosine,758,0.09695399268752047
non_tail,State-Grounded,300,MAP_same_minus_opposite_cosine,843,0.06161441405614221
non_tail,State-Grounded,300,MAP_same_minus_opposite_cosine,877,-0.020537686223785045
non_tail,State-Grounded,300,MAP_same_minus_opposite_cosine,926,-0.023305043352372712
non_tail,State-Grounded,300,MAP_same_minus_opposite_cosine,967,-0.2081318301233378
non_tail,State-Grounded,300,MAP_same_minus_opposite_cosine,992,-0.04830301602681486
non_tail,State-Grounded,300,MAP_same_minus_opposite_cosine,1014,-0.000791818731361027
non_tail,State-Grounded,300,MAP_same_minus_opposite_cosine,1092,0.050573469201723675
non_tail,State-Grounded,300,MAP_same_minus_opposite_cosine,1193,0.2234110534191131
non_tail,State-Grounded,300,MAP_same_minus_opposite_cosine,1308,-0.09407446334759395
non_tail,State-Grounded,300,MAP_same_minus_opposite_cosine,1335,0.08888129748049245
non_tail,State-Grounded,300,MAP_same_minus_opposite_cosine,1480,-0.026638171946009037
non_tail,State-Grounded,300,MAP_same_minus_opposite_cosine,1566,-0.09021294542721336
non_tail,State-Grounded,300,MAP_same_minus_opposite_cosine,1636,-0.05877044232505735
non_tail,State-Grounded,300,MAP_same_minus_opposite_cosine,1644,0.003377270698547319
non_tail,State-Grounded,300,MAP_same_minus_opposite_cosine,1839,-0.11072054917387897
non_tail,State-Grounded,300,MAP_same_minus_opposite_cosine,1943,-0.09669149010663936
non_tail,State-Grounded,300,MAP_same_minus_opposite_cosine,2005,0.03672108954439557
non_tail,State-Grounded,300,MAP_same_minus_opposite_cosine,2048,0.1308274740974108
non_tail,State-Grounded,300,MAP_same_minus_opposite_cosine,2173,-0.0197552852332592
non_tail,State-Grounded,300,MAP_same_minus_opposite_cosine,2263,-0.017742139597733853
non_tail,State-Grounded,300,MAP_same_minus_opposite_cosine,2303,-0.15139857821521296
non_tail,State-Grounded,300,MAP_same_minus_opposite_cosine,2308,-0.05145558590690297
non_tail,State-Grounded,300,MAP_same_minus_opposite_cosine,2347,-0.0017564572393894418
non_tail,State-Grounded,300,MAP_same_minus_opposite_cosine,2361,0.014990562839167443
non_tail,State-Grounded,300,MAP_same_minus_opposite_cosine,2567,0.10290079688032472
non_tail,State-Grounded,300,MAP_same_minus_opposite_cosine,2900,-0.06812848051389064
non_tail,State-Grounded,300,MAP_same_minus_opposite_cosine,2943,0.026600582130027473
non_tail,State-Grounded,300,MAP_same_minus_opposite_cosine,2946,-0.04619611700375881
non_tail,State-Grounded,300,MAP_same_minus_opposite_cosine,2988,0.0698474812688249
non_tail,State-Grounded,300,MAP_same_minus_opposite_cosine,3261,-0.04849343697230013
non_tail,State-Grounded,300,MAP_same_minus_opposite_cosine,3354,-0.09552949983062164
non_tail,State-Grounded,300,MAP_same_minus_opposite_cosine,3387,0.08323170617222786
non_tail,State-Grounded,300,MAP_same_minus_opposite_cosine,3485,0.13401261303159928
non_tail,State-Grounded,300,MAP_same_minus_opposite_cosine,3525,-0.055483629306157356
non_tail,State-Grounded,300,MAP_same_minus_opposite_cosine,3569,0.05415188701766904
non_tail,State-Grounded,300,MAP_same_minus_opposite_cosine,3593,-0.04969137832522397
non_tail,State-Grounded,300,MAP_same_minus_opposite_cosine,3613,0.1167083150810665
non_tail,State-Grounded,300,MAP_same_minus_opposite_cosine,3764,0.03775990965465703
non_tail,State-Grounded,300,MAP_same_minus_opposite_cosine,3768,-0.005551244815190648
non_tail,State-Grounded,300,MAP_same_minus_opposite_cosine,3852,-0.032401533966714635
non_tail,State-Grounded,300,MAP_same_minus_opposite_cosine,3967,-0.10739381942484116
non_tail,State-Grounded,300,MAP_same_minus_opposite_cosine,3976,0.111399963994821
non_tail,State-Grounded,300,MAP_same_minus_opposite_cosine,3978,-0.002817906025383232
non_tail,State-Grounded,300,MAP_same_minus_opposite_cosine,3985,0.09439833379454088
non_tail,State-Grounded,300,MAP_same_minus_opposite_cosine,4016,0.08322381352384889
non_tail,State-Grounded,300,MAP_same_minus_opposite_cosine,4080,0.11667242894570029
non_tail,State-Grounded,300,MAP_same_minus_opposite_cosine,4293,0.03876683778233003
non_tail,State-Grounded,300,MAP_same_minus_opposite_cosine,4312,-0.15863166501124704
non_tail,State-Grounded,300,MAP_same_minus_opposite_cosine,4529,-0.05808997808983829
non_tail,State-Grounded,300,MAP_same_minus_opposite_cosine,4540,0.0763396521409353
non_tail,State-Grounded,300,MAP_same_minus_opposite_cosine,4638,-0.05212920655806863
non_tail,State-Grounded,300,MAP_same_minus_opposite_cosine,4686,-0.0505327313686863
non_tail,State-Grounded,300,MAP_same_minus_opposite_cosine,4821,-0.031571225821971916
non_tail,State-Grounded,300,MAP_same_minus_opposite_cosine,4865,0.10682306438684464
non_tail,State-Grounded,300,MAP_same_minus_opposite_cosine,4944,-0.11254385287563007
non_tail,State-Grounded,300,MAP_same_minus_opposite_cosine,5309,-0.06336046208937962
non_tail,State-Grounded,300,MAP_same_minus_opposite_cosine,5377,0.030043644209702847
non_tail,State-Grounded,300,MAP_same_minus_opposite_cosine,5410,0.000785661240418789
non_tail,State-Grounded,300,MAP_same_minus_opposite_cosine,5454,-0.06357069313526154
non_tail,State-Grounded,300,MAP_same_minus_opposite_cosine,5516,-0.1370806228933913
non_tail,State-Grounded,300,MAP_same_minus_opposite_cosine,5600,0.003580440249707939
non_tail,State-Grounded,300,MAP_same_minus_opposite_cosine,5778,0.08659898340702055
non_tail,State-Grounded,300,MAP_same_minus_opposite_cosine,5826,0.055732266695210475
non_tail,State-Grounded,300,MAP_same_minus_opposite_cosine,5961,0.026625479261080387
non_tail,State-Grounded,300,MAP_same_minus_opposite_cosine,5989,-0.11247481395386982
non_tail,State-Grounded,300,MAP_same_minus_opposite_cosine,6025,-0.03207751015822091
non_tail,State-Grounded,300,triplet_accuracy,323,0.6
non_tail,State-Grounded,300,triplet_accuracy,348,0.35
non_tail,State-Grounded,300,triplet_accuracy,391,0.5
non_tail,State-Grounded,300,triplet_accuracy,683,0.5
non_tail,State-Grounded,300,triplet_accuracy,747,0.55
non_tail,State-Grounded,300,triplet_accuracy,750,0.65
non_tail,State-Grounded,300,triplet_accuracy,758,0.7
non_tail,State-Grounded,300,triplet_accuracy,843,0.45
non_tail,State-Grounded,300,triplet_accuracy,967,0.65
non_tail,State-Grounded,300,triplet_accuracy,1014,0.8
non_tail,State-Grounded,300,triplet_accuracy,1092,0.5
non_tail,State-Grounded,300,triplet_accuracy,1193,0.35
non_tail,State-Grounded,300,triplet_accuracy,1335,0.7
non_tail,State-Grounded,300,triplet_accuracy,1480,0.8
non_tail,State-Grounded,300,triplet_accuracy,1566,0.45
non_tail,State-Grounded,300,triplet_accuracy,1839,0.55
non_tail,State-Grounded,300,triplet_accuracy,1943,0.7
non_tail,State-Grounded,300,triplet_accuracy,2005,0.5
non_tail,State-Grounded,300,triplet_accuracy,2048,0.55
non_tail,State-Grounded,300,triplet_accuracy,2173,0.6
non_tail,State-Grounded,300,triplet_accuracy,2263,0.55
non_tail,State-Grounded,300,triplet_accuracy,2303,0.5
non_tail,State-Grounded,300,triplet_accuracy,2308,0.4
non_tail,State-Grounded,300,triplet_accuracy,2347,0.4
non_tail,State-Grounded,300,triplet_accuracy,2361,0.55
non_tail,State-Grounded,300,triplet_accuracy,2567,0.45
non_tail,State-Grounded,300,triplet_accuracy,2943,0.6
non_tail,State-Grounded,300,triplet_accuracy,2988,0.55
non_tail,State-Grounded,300,triplet_accuracy,3261,0.75
non_tail,State-Grounded,300,triplet_accuracy,3354,0.65
non_tail,State-Grounded,300,triplet_accuracy,3525,0.75
non_tail,State-Grounded,300,triplet_accuracy,3569,0.55
non_tail,State-Grounded,300,triplet_accuracy,3593,0.6
non_tail,State-Grounded,300,triplet_accuracy,3768,0.8
non_tail,State-Grounded,300,triplet_accuracy,3852,0.7
non_tail,State-Grounded,300,triplet_accuracy,3967,0.65
non_tail,State-Grounded,300,triplet_accuracy,3978,0.3
non_tail,State-Grounded,300,triplet_accuracy,3985,0.75
non_tail,State-Grounded,300,triplet_accuracy,4016,0.8
non_tail,State-Grounded,300,triplet_accuracy,4293,0.5
non_tail,State-Grounded,300,triplet_accuracy,4312,0.55
non_tail,State-Grounded,300,triplet_accuracy,4529,0.5
non_tail,State-Grounded,300,triplet_accuracy,4540,0.6
non_tail,State-Grounded,300,triplet_accuracy,4686,0.4
non_tail,State-Grounded,300,triplet_accuracy,4821,0.55
non_tail,State-Grounded,300,triplet_accuracy,4865,0.5
non_tail,State-Grounded,300,triplet_accuracy,4944,0.65
non_tail,State-Grounded,300,triplet_accuracy,5309,0.45
non_tail,State-Grounded,300,triplet_accuracy,5377,0.6
non_tail,State-Grounded,300,triplet_accuracy,5410,0.3
non_tail,State-Grounded,300,triplet_accuracy,5454,0.65
non_tail,State-Grounded,300,triplet_accuracy,5516,0.5
non_tail,State-Grounded,300,triplet_accuracy,5600,0.55
non_tail,State-Grounded,300,triplet_accuracy,5778,0.65
non_tail,State-Grounded,300,triplet_accuracy,5989,0.55
non_tail,State-Grounded,300,triplet_accuracy,6025,0.4
overall,Transition-Grounded,30,BIS_same_minus_opposite_cosine,105,0.015877671060205878
overall,Transition-Grounded,30,BIS_same_minus_opposite_cosine,323,-0.038111536949872904
overall,Transition-Grounded,30,BIS_same_minus_opposite_cosine,348,0.03833912342786783
overall,Transition-Grounded,30,BIS_same_minus_opposite_cosine,391,0.09669646384815378
overall,Transition-Grounded,30,BIS_same_minus_opposite_cosine,683,-0.011385183284680078
overall,Transition-Grounded,30,BIS_same_minus_opposite_cosine,747,0.04549813303682537
overall,Transition-Grounded,30,BIS_same_minus_opposite_cosine,750,0.06001426155368483
overall,Transition-Grounded,30,BIS_same_minus_opposite_cosine,758,0.05761587436000504
overall,Transition-Grounded,30,BIS_same_minus_opposite_cosine,843,0.07238962807153404
overall,Transition-Grounded,30,BIS_same_minus_opposite_cosine,877,0.0967289583550559
overall,Transition-Grounded,30,BIS_same_minus_opposite_cosine,926,-0.03750694274902344
overall,Transition-Grounded,30,BIS_same_minus_opposite_cosine,967,0.06284938220603342
overall,Transition-Grounded,30,BIS_same_minus_opposite_cosine,992,-0.0328902228673299
overall,Transition-Grounded,30,BIS_same_minus_opposite_cosine,1014,0.02496372007188341
overall,Transition-Grounded,30,BIS_same_minus_opposite_cosine,1092,0.06948253244593527
overall,Transition-Grounded,30,BIS_same_minus_opposite_cosine,1193,0.07151335378487911
overall,Transition-Grounded,30,BIS_same_minus_opposite_cosine,1308,0.01674521568196785
overall,Transition-Grounded,30,BIS_same_minus_opposite_cosine,1335,-0.0421618421044615
overall,Transition-Grounded,30,BIS_same_minus_opposite_cosine,1480,0.0030975043773651123
overall,Transition-Grounded,30,BIS_same_minus_opposite_cosine,1566,0.048589611848195435
overall,Transition-Grounded,30,BIS_same_minus_opposite_cosine,1636,0.06982545210764957
overall,Transition-Grounded,30,BIS_same_minus_opposite_cosine,1644,0.04534900188446045
overall,Transition-Grounded,30,BIS_same_minus_opposite_cosine,1839,0.056358157160381506
overall,Transition-Grounded,30,BIS_same_minus_opposite_cosine,1943,0.03050545950730643
overall,Transition-Grounded,30,BIS_same_minus_opposite_cosine,2005,-0.05795617164709621
overall,Transition-Grounded,30,BIS_same_minus_opposite_cosine,2048,0.07369525490821094
overall,Transition-Grounded,30,BIS_same_minus_opposite_cosine,2173,-0.013956248760223389
overall,Transition-Grounded,30,BIS_same_minus_opposite_cosine,2263,0.01884500781695042
overall,Transition-Grounded,30,BIS_same_minus_opposite_cosine,2303,0.04332788007846777
overall,Transition-Grounded,30,BIS_same_minus_opposite_cosine,2308,0.02803829507620048
overall,Transition-Grounded,30,BIS_same_minus_opposite_cosine,2347,0.0561490597909895
overall,Transition-Grounded,30,BIS_same_minus_opposite_cosine,2361,-0.0031679065454573996
overall,Transition-Grounded,30,BIS_same_minus_opposite_cosine,2567,0.019217789708039668
overall,Transition-Grounded,30,BIS_same_minus_opposite_cosine,2900,0.023598590673822417
overall,Transition-Grounded,30,BIS_same_minus_opposite_cosine,2943,0.0032718315720557944
overall,Transition-Grounded,30,BIS_same_minus_opposite_cosine,2946,-0.038158436616261726
overall,Transition-Grounded,30,BIS_same_minus_opposite_cosine,2988,0.03744899630546572
overall,Transition-Grounded,30,BIS_same_minus_opposite_cosine,3261,-0.03942283814152081
overall,Transition-Grounded,30,BIS_same_minus_opposite_cosine,3354,-0.07761517409925112
overall,Transition-Grounded,30,BIS_same_minus_opposite_cosine,3387,0.04695814977089574
overall,Transition-Grounded,30,BIS_same_minus_opposite_cosine,3485,0.026280746608972505
overall,Transition-Grounded,30,BIS_same_minus_opposite_cosine,3525,0.022746511689130777
overall,Transition-Grounded,30,BIS_same_minus_opposite_cosine,3569,0.025821157487539215
overall,Transition-Grounded,30,BIS_same_minus_opposite_cosine,3593,0.11605038553999192
overall,Transition-Grounded,30,BIS_same_minus_opposite_cosine,3613,0.07833628434201945
overall,Transition-Grounded,30,BIS_same_minus_opposite_cosine,3764,0.08151415884494784
overall,Transition-Grounded,30,BIS_same_minus_opposite_cosine,3768,-0.020483214083390378
overall,Transition-Grounded,30,BIS_same_minus_opposite_cosine,3852,0.051410956451526046
overall,Transition-Grounded,30,BIS_same_minus_opposite_cosine,3967,0.04526893328065462
overall,Transition-Grounded,30,BIS_same_minus_opposite_cosine,3976,-0.010713962102547714
overall,Transition-Grounded,30,BIS_same_minus_opposite_cosine,3978,0.03695535163084662
overall,Transition-Grounded,30,BIS_same_minus_opposite_cosine,3985,-0.05389204204082487
overall,Transition-Grounded,30,BIS_same_minus_opposite_cosine,4016,-0.07466174618921417
overall,Transition-Grounded,30,BIS_same_minus_opposite_cosine,4080,0.008868922044833472
overall,Transition-Grounded,30,BIS_same_minus_opposite_cosine,4293,0.01573216683334777
overall,Transition-Grounded,30,BIS_same_minus_opposite_cosine,4312,-0.010305024728630485
overall,Transition-Grounded,30,BIS_same_minus_opposite_cosine,4529,0.04295546660820648
overall,Transition-Grounded,30,BIS_same_minus_opposite_cosine,4540,0.001129887501398752
overall,Transition-Grounded,30,BIS_same_minus_opposite_cosine,4638,0.03398643797156453
overall,Transition-Grounded,30,BIS_same_minus_opposite_cosine,4686,-0.0555396627157162
overall,Transition-Grounded,30,BIS_same_minus_opposite_cosine,4821,-0.021298028757938958
overall,Transition-Grounded,30,BIS_same_minus_opposite_cosine,4865,0.060274074474970574
overall,Transition-Grounded,30,BIS_same_minus_opposite_cosine,4944,0.03445037051483435
overall,Transition-Grounded,30,BIS_same_minus_opposite_cosine,5309,0.026083259063738318
overall,Transition-Grounded,30,BIS_same_minus_opposite_cosine,5377,-0.034407406548659036
overall,Transition-Grounded,30,BIS_same_minus_opposite_cosine,5410,-0.019214420144756605
overall,Transition-Grounded,30,BIS_same_minus_opposite_cosine,5454,-0.010341491401195557
overall,Transition-Grounded,30,BIS_same_minus_opposite_cosine,5516,-0.07223080511110413
overall,Transition-Grounded,30,BIS_same_minus_opposite_cosine,5600,0.02812649814618956
overall,Transition-Grounded,30,BIS_same_minus_opposite_cosine,5778,-0.00789658168951668
overall,Transition-Grounded,30,BIS_same_minus_opposite_cosine,5826,0.012028582890828421
overall,Transition-Grounded,30,BIS_same_minus_opposite_cosine,5961,-0.023710583105231775
overall,Transition-Grounded,30,BIS_same_minus_opposite_cosine,5989,0.0018006722996201097
overall,Transition-Grounded,30,BIS_same_minus_opposite_cosine,6025,0.029466247274762103
overall,Transition-Grounded,30,MAP_same_minus_opposite_cosine,105,-0.0035462314883867863
overall,Transition-Grounded,30,MAP_same_minus_opposite_cosine,323,-0.03414178490638731
overall,Transition-Grounded,30,MAP_same_minus_opposite_cosine,348,-0.042432793974876426
overall,Transition-Grounded,30,MAP_same_minus_opposite_cosine,391,0.044008827209472745
overall,Transition-Grounded,30,MAP_same_minus_opposite_cosine,683,-0.03508795009305077
overall,Transition-Grounded,30,MAP_same_minus_opposite_cosine,747,0.009530402223269174
overall,Transition-Grounded,30,MAP_same_minus_opposite_cosine,750,0.00798365026712422
overall,Transition-Grounded,30,MAP_same_minus_opposite_cosine,758,0.04301262696584074
overall,Transition-Grounded,30,MAP_same_minus_opposite_cosine,843,-0.030025183657805044
overall,Transition-Grounded,30,MAP_same_minus_opposite_cosine,877,-0.07950945049524305
overall,Transition-Grounded,30,MAP_same_minus_opposite_cosine,926,-0.004030144214630105
overall,Transition-Grounded,30,MAP_same_minus_opposite_cosine,967,-0.0006324015557765961
overall,Transition-Grounded,30,MAP_same_minus_opposite_cosine,992,0.015917982657750462
overall,Transition-Grounded,30,MAP_same_minus_opposite_cosine,1014,0.03291184976696959
overall,Transition-Grounded,30,MAP_same_minus_opposite_cosine,1092,0.0190090676148732
overall,Transition-Grounded,30,MAP_same_minus_opposite_cosine,1193,-0.08480602254470193
overall,Transition-Grounded,30,MAP_same_minus_opposite_cosine,1308,0.023616082469622324
overall,Transition-Grounded,30,MAP_same_minus_opposite_cosine,1335,0.03533037404219308
overall,Transition-Grounded,30,MAP_same_minus_opposite_cosine,1480,-0.06286648511886606
overall,Transition-Grounded,30,MAP_same_minus_opposite_cosine,1566,0.055813250442345974
overall,Transition-Grounded,30,MAP_same_minus_opposite_cosine,1636,0.031227266788482644
overall,Transition-Grounded,30,MAP_same_minus_opposite_cosine,1644,-0.02383352021376295
overall,Transition-Grounded,30,MAP_same_minus_opposite_cosine,1839,-0.01816036452849701
overall,Transition-Grounded,30,MAP_same_minus_opposite_cosine,1943,-0.018565945823987295
overall,Transition-Grounded,30,MAP_same_minus_opposite_cosine,2005,0.006182799239953352
overall,Transition-Grounded,30,MAP_same_minus_opposite_cosine,2048,0.0011569033066431977
overall,Transition-Grounded,30,MAP_same_minus_opposite_cosine,2173,-0.0248287171125412
overall,Transition-Grounded,30,MAP_same_minus_opposite_cosine,2263,-0.025952670971552516
overall,Transition-Grounded,30,MAP_same_minus_opposite_cosine,2303,-0.06928094426790865
overall,Transition-Grounded,30,MAP_same_minus_opposite_cosine,2308,-0.07506446074694395
overall,Transition-Grounded,30,MAP_same_minus_opposite_cosine,2347,-0.010446251432100984
overall,Transition-Grounded,30,MAP_same_minus_opposite_cosine,2361,0.020476053158442142
overall,Transition-Grounded,30,MAP_same_minus_opposite_cosine,2567,-0.00808555881182349
overall,Transition-Grounded,30,MAP_same_minus_opposite_cosine,2900,0.022546899318695024
overall,Transition-Grounded,30,MAP_same_minus_opposite_cosine,2943,0.026835274696350053
overall,Transition-Grounded,30,MAP_same_minus_opposite_cosine,2946,0.06083672773092985
overall,Transition-Grounded,30,MAP_same_minus_opposite_cosine,2988,0.0073297818501790735
overall,Transition-Grounded,30,MAP_same_minus_opposite_cosine,3261,0.039003815750281
overall,Transition-Grounded,30,MAP_same_minus_opposite_cosine,3354,0.03205098211765289
overall,Transition-Grounded,30,MAP_same_minus_opposite_cosine,3387,-0.03936096876859663
overall,Transition-Grounded,30,MAP_same_minus_opposite_cosine,3485,-0.029297441244125366
overall,Transition-Grounded,30,MAP_same_minus_opposite_cosine,3525,-0.041594501336415624
overall,Transition-Grounded,30,MAP_same_minus_opposite_cosine,3569,0.0008460998535155806
overall,Transition-Grounded,30,MAP_same_minus_opposite_cosine,3593,0.0682119816541672
overall,Transition-Grounded,30,MAP_same_minus_opposite_cosine,3613,-0.046337618430455585
overall,Transition-Grounded,30,MAP_same_minus_opposite_cosine,3764,0.03188099215428031
overall,Transition-Grounded,30,MAP_same_minus_opposite_cosine,3768,0.05463916709025707
overall,Transition-Grounded,30,MAP_same_minus_opposite_cosine,3852,0.017386976877848292
overall,Transition-Grounded,30,MAP_same_minus_opposite_cosine,3967,0.019652074575424172
overall,Transition-Grounded,30,MAP_same_minus_opposite_cosine,3976,0.006433630486329389
overall,Transition-Grounded,30,MAP_same_minus_opposite_cosine,3978,0.021081387003262786
overall,Transition-Grounded,30,MAP_same_minus_opposite_cosine,3985,-0.05134330689907074
overall,Transition-Grounded,30,MAP_same_minus_opposite_cosine,4016,-0.0319987791279952
overall,Transition-Grounded,30,MAP_same_minus_opposite_cosine,4080,-0.022401498754819227
overall,Transition-Grounded,30,MAP_same_minus_opposite_cosine,4293,-0.012452895442644829
overall,Transition-Grounded,30,MAP_same_minus_opposite_cosine,4312,0.05544182459513347
overall,Transition-Grounded,30,MAP_same_minus_opposite_cosine,4529,-0.027052074670791626
overall,Transition-Grounded,30,MAP_same_minus_opposite_cosine,4540,-0.047614754736423404
overall,Transition-Grounded,30,MAP_same_minus_opposite_cosine,4638,0.0022564768791198953
overall,Transition-Grounded,30,MAP_same_minus_opposite_cosine,4686,-0.029944900671641128
overall,Transition-Grounded,30,MAP_same_minus_opposite_cosine,4821,-0.004283779735366533
overall,Transition-Grounded,30,MAP_same_minus_opposite_cosine,4865,-0.07817282925049462
overall,Transition-Grounded,30,MAP_same_minus_opposite_cosine,4944,0.0038103133440017256
overall,Transition-Grounded,30,MAP_same_minus_opposite_cosine,5309,0.017137875035405092
overall,Transition-Grounded,30,MAP_same_minus_opposite_cosine,5377,-0.001953231294949842
overall,Transition-Grounded,30,MAP_same_minus_opposite_cosine,5410,0.031164317826429977
overall,Transition-Grounded,30,MAP_same_minus_opposite_cosine,5454,-0.008241222798824333
overall,Transition-Grounded,30,MAP_same_minus_opposite_cosine,5516,0.07497381766637157
overall,Transition-Grounded,30,MAP_same_minus_opposite_cosine,5600,-0.05354707216223087
overall,Transition-Grounded,30,MAP_same_minus_opposite_cosine,5778,0.049384422103563974
overall,Transition-Grounded,30,MAP_same_minus_opposite_cosine,5826,-0.035105139513810446
overall,Transition-Grounded,30,MAP_same_minus_opposite_cosine,5961,-0.038009097178776985
overall,Transition-Grounded,30,MAP_same_minus_opposite_cosine,5989,0.06029329498608904
overall,Transition-Grounded,30,MAP_same_minus_opposite_cosine,6025,-0.06253899236520133
overall,Transition-Grounded,30,triplet_accuracy,323,0.4166666666666667
overall,Transition-Grounded,30,triplet_accuracy,348,0.5833333333333334
overall,Transition-Grounded,30,triplet_accuracy,391,0.5
overall,Transition-Grounded,30,triplet_accuracy,683,0.48333333333333334
overall,Transition-Grounded,30,triplet_accuracy,747,0.5666666666666667
overall,Transition-Grounded,30,triplet_accuracy,750,0.6166666666666667
overall,Transition-Grounded,30,triplet_accuracy,758,0.5166666666666667
overall,Transition-Grounded,30,triplet_accuracy,843,0.4666666666666667
overall,Transition-Grounded,30,triplet_accuracy,967,0.5
overall,Transition-Grounded,30,triplet_accuracy,1014,0.5666666666666667
overall,Transition-Grounded,30,triplet_accuracy,1092,0.45
overall,Transition-Grounded,30,triplet_accuracy,1193,0.5833333333333334
overall,Transition-Grounded,30,triplet_accuracy,1335,0.48333333333333334
overall,Transition-Grounded,30,triplet_accuracy,1480,0.5666666666666667
overall,Transition-Grounded,30,triplet_accuracy,1566,0.48333333333333334
overall,Transition-Grounded,30,triplet_accuracy,1839,0.5
overall,Transition-Grounded,30,triplet_accuracy,1943,0.5166666666666667
overall,Transition-Grounded,30,triplet_accuracy,2005,0.5833333333333334
overall,Transition-Grounded,30,triplet_accuracy,2048,0.5333333333333333
overall,Transition-Grounded,30,triplet_accuracy,2173,0.55
overall,Transition-Grounded,30,triplet_accuracy,2263,0.5833333333333334
overall,Transition-Grounded,30,triplet_accuracy,2303,0.5666666666666667
overall,Transition-Grounded,30,triplet_accuracy,2308,0.6166666666666667
overall,Transition-Grounded,30,triplet_accuracy,2347,0.5166666666666667
overall,Transition-Grounded,30,triplet_accuracy,2361,0.48333333333333334
overall,Transition-Grounded,30,triplet_accuracy,2567,0.5833333333333334
overall,Transition-Grounded,30,triplet_accuracy,2943,0.5333333333333333
overall,Transition-Grounded,30,triplet_accuracy,2988,0.48333333333333334
overall,Transition-Grounded,30,triplet_accuracy,3261,0.5166666666666667
overall,Transition-Grounded,30,triplet_accuracy,3354,0.55
overall,Transition-Grounded,30,triplet_accuracy,3525,0.5833333333333334
overall,Transition-Grounded,30,triplet_accuracy,3569,0.65
overall,Transition-Grounded,30,triplet_accuracy,3593,0.5
overall,Transition-Grounded,30,triplet_accuracy,3768,0.48333333333333334
overall,Transition-Grounded,30,triplet_accuracy,3852,0.5666666666666667
overall,Transition-Grounded,30,triplet_accuracy,3967,0.5
overall,Transition-Grounded,30,triplet_accuracy,3978,0.5333333333333333
overall,Transition-Grounded,30,triplet_accuracy,3985,0.4666666666666667
overall,Transition-Grounded,30,triplet_accuracy,4016,0.6166666666666667
overall,Transition-Grounded,30,triplet_accuracy,4293,0.5
overall,Transition-Grounded,30,triplet_accuracy,4312,0.55
overall,Transition-Grounded,30,triplet_accuracy,4529,0.5
overall,Transition-Grounded,30,triplet_accuracy,4540,0.48333333333333334
overall,Transition-Grounded,30,triplet_accuracy,4686,0.5333333333333333
overall,Transition-Grounded,30,triplet_accuracy,4821,0.55
overall,Transition-Grounded,30,triplet_accuracy,4865,0.6166666666666667
overall,Transition-Grounded,30,triplet_accuracy,4944,0.45
overall,Transition-Grounded,30,triplet_accuracy,5309,0.4666666666666667
overall,Transition-Grounded,30,triplet_accuracy,5377,0.6333333333333333
overall,Transition-Grounded,30,triplet_accuracy,5410,0.5166666666666667
overall,Transition-Grounded,30,triplet_accuracy,5454,0.5666666666666667
overall,Transition-Grounded,30,triplet_accuracy,5516,0.5333333333333333
overall,Transition-Grounded,30,triplet_accuracy,5600,0.5666666666666667
overall,Transition-Grounded,30,triplet_accuracy,5778,0.48333333333333334
overall,Transition-Grounded,30,triplet_accuracy,5989,0.6
overall,Transition-Grounded,30,triplet_accuracy,6025,0.45
overall,Transition-Grounded,60,BIS_same_minus_opposite_cosine,105,0.05360749447957064
overall,Transition-Grounded,60,BIS_same_minus_opposite_cosine,323,-0.011113127953175317
overall,Transition-Grounded,60,BIS_same_minus_opposite_cosine,348,-0.021210578332344632
overall,Transition-Grounded,60,BIS_same_minus_opposite_cosine,391,-0.045844240028124594
overall,Transition-Grounded,60,BIS_same_minus_opposite_cosine,683,0.05871856274704135
overall,Transition-Grounded,60,BIS_same_minus_opposite_cosine,747,-0.0034891938524587163
overall,Transition-Grounded,60,BIS_same_minus_opposite_cosine,750,0.009727816035350223
overall,Transition-Grounded,60,BIS_same_minus_opposite_cosine,758,0.04956341109414031
overall,Transition-Grounded,60,BIS_same_minus_opposite_cosine,843,0.046270078065849485
overall,Transition-Grounded,60,BIS_same_minus_opposite_cosine,877,0.043090423196554206
overall,Transition-Grounded,60,BIS_same_minus_opposite_cosine,926,0.04933555968429726
overall,Transition-Grounded,60,BIS_same_minus_opposite_cosine,967,0.03249076158888098
overall,Transition-Grounded,60,BIS_same_minus_opposite_cosine,992,0.06578450262546542
overall,Transition-Grounded,60,BIS_same_minus_opposite_cosine,1014,0.017318605272858223
overall,Transition-Grounded,60,BIS_same_minus_opposite_cosine,1092,0.026500793749635876
overall,Transition-Grounded,60,BIS_same_minus_opposite_cosine,1193,0.04859474387132767
overall,Transition-Grounded,60,BIS_same_minus_opposite_cosine,1308,-0.012557876759614728
overall,Transition-Grounded,60,BIS_same_minus_opposite_cosine,1335,0.04210949699947808
overall,Transition-Grounded,60,BIS_same_minus_opposite_cosine,1480,0.10417038016561142
overall,Transition-Grounded,60,BIS_same_minus_opposite_cosine,1566,-0.06648168039542657
overall,Transition-Grounded,60,BIS_same_minus_opposite_cosine,1636,0.04142694489823451
overall,Transition-Grounded,60,BIS_same_minus_opposite_cosine,1644,0.03217129177517364
overall,Transition-Grounded,60,BIS_same_minus_opposite_cosine,1839,-0.04270128508408866
overall,Transition-Grounded,60,BIS_same_minus_opposite_cosine,1943,0.07565798014402392
overall,Transition-Grounded,60,BIS_same_minus_opposite_cosine,2005,0.061761562498631295
overall,Transition-Grounded,60,BIS_same_minus_opposite_cosine,2048,-0.0269847402969996
overall,Transition-Grounded,60,BIS_same_minus_opposite_cosine,2173,0.03484039882818857
overall,Transition-Grounded,60,BIS_same_minus_opposite_cosine,2263,0.005718874931335494
overall,Transition-Grounded,60,BIS_same_minus_opposite_cosine,2303,-0.02447365588612027
overall,Transition-Grounded,60,BIS_same_minus_opposite_cosine,2308,-0.05260267754395803
overall,Transition-Grounded,60,BIS_same_minus_opposite_cosine,2347,-0.09132784196624055
overall,Transition-Grounded,60,BIS_same_minus_opposite_cosine,2361,-0.017039038185720057
overall,Transition-Grounded,60,BIS_same_minus_opposite_cosine,2567,0.008087030320595434
overall,Transition-Grounded,60,BIS_same_minus_opposite_cosine,2900,0.07230878467812685
overall,Transition-Grounded,60,BIS_same_minus_opposite_cosine,2943,0.004766197005907746
overall,Transition-Grounded,60,BIS_same_minus_opposite_cosine,2946,-0.01836025655269624
overall,Transition-Grounded,60,BIS_same_minus_opposite_cosine,2988,0.010674771985837439
overall,Transition-Grounded,60,BIS_same_minus_opposite_cosine,3261,0.018541651108750612
overall,Transition-Grounded,60,BIS_same_minus_opposite_cosine,3354,0.007094692190488194
overall,Transition-Grounded,60,BIS_same_minus_opposite_cosine,3387,0.07937909644661523
overall,Transition-Grounded,60,BIS_same_minus_opposite_cosine,3485,-0.0509272209569519
overall,Transition-Grounded,60,BIS_same_minus_opposite_cosine,3525,0.05793526064658505
overall,Transition-Grounded,60,BIS_same_minus_opposite_cosine,3569,-0.014804043372472098
overall,Transition-Grounded,60,BIS_same_minus_opposite_cosine,3593,-0.020991460730632183
overall,Transition-Grounded,60,BIS_same_minus_opposite_cosine,3613,-0.006779764592647508
overall,Transition-Grounded,60,BIS_same_minus_opposite_cosine,3764,0.02113563219706216
overall,Transition-Grounded,60,BIS_same_minus_opposite_cosine,3768,0.08697572251160934
overall,Transition-Grounded,60,BIS_same_minus_opposite_cosine,3852,0.03525085044212839
overall,Transition-Grounded,60,BIS_same_minus_opposite_cosine,3967,0.022010967178621166
overall,Transition-Grounded,60,BIS_same_minus_opposite_cosine,3976,0.038118956883748445
overall,Transition-Grounded,60,BIS_same_minus_opposite_cosine,3978,-0.005170559883117654
overall,Transition-Grounded,60,BIS_same_minus_opposite_cosine,3985,0.027058024406433123
overall,Transition-Grounded,60,BIS_same_minus_opposite_cosine,4016,-0.035437408834695816
overall,Transition-Grounded,60,BIS_same_minus_opposite_cosine,4080,-0.02825292785252842
overall,Transition-Grounded,60,BIS_same_minus_opposite_cosine,4293,0.026648988737457024
overall,Transition-Grounded,60,BIS_same_minus_opposite_cosine,4312,0.009967082987229037
overall,Transition-Grounded,60,BIS_same_minus_opposite_cosine,4529,0.04710579140064042
overall,Transition-Grounded,60,BIS_same_minus_opposite_cosine,4540,0.017804473180037306
overall,Transition-Grounded,60,BIS_same_minus_opposite_cosine,4638,0.016367397308349574
overall,Transition-Grounded,60,BIS_same_minus_opposite_cosine,4686,0.004807036389143038
overall,Transition-Grounded,60,BIS_same_minus_opposite_cosine,4821,0.10067485993107161
overall,Transition-Grounded,60,BIS_same_minus_opposite_cosine,4865,0.02782059808572135
overall,Transition-Grounded,60,BIS_same_minus_opposite_cosine,4944,0.046628119299809145
overall,Transition-Grounded,60,BIS_same_minus_opposite_cosine,5309,0.02217727789172419
overall,Transition-Grounded,60,BIS_same_minus_opposite_cosine,5377,-0.005396655698617248
overall,Transition-Grounded,60,BIS_same_minus_opposite_cosine,5410,0.042667357623577096
overall,Transition-Grounded,60,BIS_same_minus_opposite_cosine,5454,0.033143375699336786
overall,Transition-Grounded,60,BIS_same_minus_opposite_cosine,5516,0.031872802904282516
overall,Transition-Grounded,60,BIS_same_minus_opposite_cosine,5600,-0.0014422794892674506
overall,Transition-Grounded,60,BIS_same_minus_opposite_cosine,5778,0.015423136859229136
overall,Transition-Grounded,60,BIS_same_minus_opposite_cosine,5826,0.017618782718976322
overall,Transition-Grounded,60,BIS_same_minus_opposite_cosine,5961,0.038009249080311114
overall,Transition-Grounded,60,BIS_same_minus_opposite_cosine,5989,0.0964394875626633
overall,Transition-Grounded,60,BIS_same_minus_opposite_cosine,6025,0.0925060630838076
overall,Transition-Grounded,60,MAP_same_minus_opposite_cosine,105,0.006080650351941552
overall,Transition-Grounded,60,MAP_same_minus_opposite_cosine,323,0.00145928760369618
overall,Transition-Grounded,60,MAP_same_minus_opposite_cosine,348,-0.019234095513820715
overall,Transition-Grounded,60,MAP_same_minus_opposite_cosine,391,-0.007406210402647662
overall,Transition-Grounded,60,MAP_same_minus_opposite_cosine,683,0.0005186965068181282
overall,Transition-Grounded,60,MAP_same_minus_opposite_cosine,747,0.05582899798949553
overall,Transition-Grounded,60,MAP_same_minus_opposite_cosine,750,0.009406287719806006
overall,Transition-Grounded,60,MAP_same_minus_opposite_cosine,758,0.02681492542227104
overall,Transition-Grounded,60,MAP_same_minus_opposite_cosine,843,0.002043254176775644
overall,Transition-Grounded,60,MAP_same_minus_opposite_cosine,877,-0.06645378967126214
overall,Transition-Grounded,60,MAP_same_minus_opposite_cosine,926,-0.007896631956100464
overall,Transition-Grounded,60,MAP_same_minus_opposite_cosine,967,-0.03363841424385705
overall,Transition-Grounded,60,MAP_same_minus_opposite_cosine,992,0.05352143446604407
overall,Transition-Grounded,60,MAP_same_minus_opposite_cosine,1014,-0.015476054946581552
overall,Transition-Grounded,60,MAP_same_minus_opposite_cosine,1092,-0.058102244138717674
overall,Transition-Grounded,60,MAP_same_minus_opposite_cosine,1193,-0.10712276076277105
overall,Transition-Grounded,60,MAP_same_minus_opposite_cosine,1308,-0.003341542184352897
overall,Transition-Grounded,60,MAP_same_minus_opposite_cosine,1335,0.041592295964558934
overall,Transition-Grounded,60,MAP_same_minus_opposite_cosine,1480,-0.04256926377614334
overall,Transition-Grounded,60,MAP_same_minus_opposite_cosine,1566,-0.024958207209905048
overall,Transition-Grounded,60,MAP_same_minus_opposite_cosine,1636,0.019405907516678145
overall,Transition-Grounded,60,MAP_same_minus_opposite_cosine,1644,-0.05499590908487639
overall,Transition-Grounded,60,MAP_same_minus_opposite_cosine,1839,0.010396884878476564
overall,Transition-Grounded,60,MAP_same_minus_opposite_cosine,1943,0.011279956003030112
overall,Transition-Grounded,60,MAP_same_minus_opposite_cosine,2005,-0.034605624030033755
overall,Transition-Grounded,60,MAP_same_minus_opposite_cosine,2048,-0.030551675955454494
overall,Transition-Grounded,60,MAP_same_minus_opposite_cosine,2173,0.08158598716060317
overall,Transition-Grounded,60,MAP_same_minus_opposite_cosine,2263,-0.005973722537358617
overall,Transition-Grounded,60,MAP_same_minus_opposite_cosine,2303,-0.00820059279600771
overall,Transition-Grounded,60,MAP_same_minus_opposite_cosine,2308,-0.08759778638680771
overall,Transition-Grounded,60,MAP_same_minus_opposite_cosine,2347,0.040073562413454056
overall,Transition-Grounded,60,MAP_same_minus_opposite_cosine,2361,0.06860512097676597
overall,Transition-Grounded,60,MAP_same_minus_opposite_cosine,2567,-0.04322153528531392
overall,Transition-Grounded,60,MAP_same_minus_opposite_cosine,2900,-0.05536886155605314
overall,Transition-Grounded,60,MAP_same_minus_opposite_cosine,2943,-0.004304621865351965
overall,Transition-Grounded,60,MAP_same_minus_opposite_cosine,2946,-0.0026478280623754014
overall,Transition-Grounded,60,MAP_same_minus_opposite_cosine,2988,0.025649740795294473
overall,Transition-Grounded,60,MAP_same_minus_opposite_cosine,3261,0.025150009493033143
overall,Transition-Grounded,60,MAP_same_minus_opposite_cosine,3354,0.005337107181549006
overall,Transition-Grounded,60,MAP_same_minus_opposite_cosine,3387,0.046649932861328125
overall,Transition-Grounded,60,MAP_same_minus_opposite_cosine,3485,0.03282284264763191
overall,Transition-Grounded,60,MAP_same_minus_opposite_cosine,3525,-0.012494460741678926
overall,Transition-Grounded,60,MAP_same_minus_opposite_cosine,3569,0.023433458805084184
overall,Transition-Grounded,60,MAP_same_minus_opposite_cosine,3593,-0.03050487935543067
overall,Transition-Grounded,60,MAP_same_minus_opposite_cosine,3613,-0.022047972927490833
overall,Transition-Grounded,60,MAP_same_minus_opposite_cosine,3764,0.07347374061743417
overall,Transition-Grounded,60,MAP_same_minus_opposite_cosine,3768,-0.003423762818177578
overall,Transition-Grounded,60,MAP_same_minus_opposite_cosine,3852,-0.00010263075431193869
overall,Transition-Grounded,60,MAP_same_minus_opposite_cosine,3967,0.04183190713326135
overall,Transition-Grounded,60,MAP_same_minus_opposite_cosine,3976,-0.030625923474629668
overall,Transition-Grounded,60,MAP_same_minus_opposite_cosine,3978,-0.08714716732501981
overall,Transition-Grounded,60,MAP_same_minus_opposite_cosine,3985,-0.002356752256552297
overall,Transition-Grounded,60,MAP_same_minus_opposite_cosine,4016,-0.059251643220583516
overall,Transition-Grounded,60,MAP_same_minus_opposite_cosine,4080,0.05987475017706556
overall,Transition-Grounded,60,MAP_same_minus_opposite_cosine,4293,-0.03403015732765202
overall,Transition-Grounded,60,MAP_same_minus_opposite_cosine,4312,0.02459319432576501
overall,Transition-Grounded,60,MAP_same_minus_opposite_cosine,4529,0.0035803526639938132
overall,Transition-Grounded,60,MAP_same_minus_opposite_cosine,4540,-0.01715372204780574
overall,Transition-Grounded,60,MAP_same_minus_opposite_cosine,4638,-0.03283181985219319
overall,Transition-Grounded,60,MAP_same_minus_opposite_cosine,4686,-0.015025932590166713
overall,Transition-Grounded,60,MAP_same_minus_opposite_cosine,4821,-0.009632189571857408
overall,Transition-Grounded,60,MAP_same_minus_opposite_cosine,4865,-0.021122933924198173
overall,Transition-Grounded,60,MAP_same_minus_opposite_cosine,4944,0.060833237568537424
overall,Transition-Grounded,60,MAP_same_minus_opposite_cosine,5309,-0.019630552331606488
overall,Transition-Grounded,60,MAP_same_minus_opposite_cosine,5377,0.0008309274911880715
overall,Transition-Grounded,60,MAP_same_minus_opposite_cosine,5410,-0.05331068684657414
overall,Transition-Grounded,60,MAP_same_minus_opposite_cosine,5454,-0.030593310296535448
overall,Transition-Grounded,60,MAP_same_minus_opposite_cosine,5516,0.007814420759677865
overall,Transition-Grounded,60,MAP_same_minus_opposite_cosine,5600,-0.0028624847531318887
overall,Transition-Grounded,60,MAP_same_minus_opposite_cosine,5778,0.03167873919010167
overall,Transition-Grounded,60,MAP_same_minus_opposite_cosine,5826,0.022508023182551073
overall,Transition-Grounded,60,MAP_same_minus_opposite_cosine,5961,0.04040884822607038
overall,Transition-Grounded,60,MAP_same_minus_opposite_cosine,5989,0.04326217323541648
overall,Transition-Grounded,60,MAP_same_minus_opposite_cosine,6025,-0.049758783479531665
overall,Transition-Grounded,60,triplet_accuracy,323,0.5
overall,Transition-Grounded,60,triplet_accuracy,348,0.5333333333333333
overall,Transition-Grounded,60,triplet_accuracy,391,0.5333333333333333
overall,Transition-Grounded,60,triplet_accuracy,683,0.5166666666666667
overall,Transition-Grounded,60,triplet_accuracy,747,0.55
overall,Transition-Grounded,60,triplet_accuracy,750,0.5
overall,Transition-Grounded,60,triplet_accuracy,758,0.5333333333333333
overall,Transition-Grounded,60,triplet_accuracy,843,0.4666666666666667
overall,Transition-Grounded,60,triplet_accuracy,967,0.4166666666666667
overall,Transition-Grounded,60,triplet_accuracy,1014,0.5333333333333333
overall,Transition-Grounded,60,triplet_accuracy,1092,0.4666666666666667
overall,Transition-Grounded,60,triplet_accuracy,1193,0.55
overall,Transition-Grounded,60,triplet_accuracy,1335,0.6333333333333333
overall,Transition-Grounded,60,triplet_accuracy,1480,0.43333333333333335
overall,Transition-Grounded,60,triplet_accuracy,1566,0.48333333333333334
overall,Transition-Grounded,60,triplet_accuracy,1839,0.5333333333333333
overall,Transition-Grounded,60,triplet_accuracy,1943,0.48333333333333334
overall,Transition-Grounded,60,triplet_accuracy,2005,0.45
overall,Transition-Grounded,60,triplet_accuracy,2048,0.45
overall,Transition-Grounded,60,triplet_accuracy,2173,0.5333333333333333
overall,Transition-Grounded,60,triplet_accuracy,2263,0.5833333333333334
overall,Transition-Grounded,60,triplet_accuracy,2303,0.5666666666666667
overall,Transition-Grounded,60,triplet_accuracy,2308,0.6666666666666666
overall,Transition-Grounded,60,triplet_accuracy,2347,0.5166666666666667
overall,Transition-Grounded,60,triplet_accuracy,2361,0.5166666666666667
overall,Transition-Grounded,60,triplet_accuracy,2567,0.45
overall,Transition-Grounded,60,triplet_accuracy,2943,0.5166666666666667
overall,Transition-Grounded,60,triplet_accuracy,2988,0.5166666666666667
overall,Transition-Grounded,60,triplet_accuracy,3261,0.6
overall,Transition-Grounded,60,triplet_accuracy,3354,0.6166666666666667
overall,Transition-Grounded,60,triplet_accuracy,3525,0.4166666666666667
overall,Transition-Grounded,60,triplet_accuracy,3569,0.45
overall,Transition-Grounded,60,triplet_accuracy,3593,0.48333333333333334
overall,Transition-Grounded,60,triplet_accuracy,3768,0.45
overall,Transition-Grounded,60,triplet_accuracy,3852,0.5
overall,Transition-Grounded,60,triplet_accuracy,3967,0.45
overall,Transition-Grounded,60,triplet_accuracy,3978,0.5
overall,Transition-Grounded,60,triplet_accuracy,3985,0.6
overall,Transition-Grounded,60,triplet_accuracy,4016,0.6666666666666666
overall,Transition-Grounded,60,triplet_accuracy,4293,0.5666666666666667
overall,Transition-Grounded,60,triplet_accuracy,4312,0.6333333333333333
overall,Transition-Grounded,60,triplet_accuracy,4529,0.5166666666666667
overall,Transition-Grounded,60,triplet_accuracy,4540,0.5333333333333333
overall,Transition-Grounded,60,triplet_accuracy,4686,0.6
overall,Transition-Grounded,60,triplet_accuracy,4821,0.5666666666666667
overall,Transition-Grounded,60,triplet_accuracy,4865,0.48333333333333334
overall,Transition-Grounded,60,triplet_accuracy,4944,0.5166666666666667
overall,Transition-Grounded,60,triplet_accuracy,5309,0.5
overall,Transition-Grounded,60,triplet_accuracy,5377,0.48333333333333334
overall,Transition-Grounded,60,triplet_accuracy,5410,0.4666666666666667
overall,Transition-Grounded,60,triplet_accuracy,5454,0.5833333333333334
overall,Transition-Grounded,60,triplet_accuracy,5516,0.4666666666666667
overall,Transition-Grounded,60,triplet_accuracy,5600,0.5166666666666667
overall,Transition-Grounded,60,triplet_accuracy,5778,0.4166666666666667
overall,Transition-Grounded,60,triplet_accuracy,5989,0.5666666666666667
overall,Transition-Grounded,60,triplet_accuracy,6025,0.43333333333333335
overall,Transition-Grounded,180,BIS_same_minus_opposite_cosine,105,0.03063272181011384
overall,Transition-Grounded,180,BIS_same_minus_opposite_cosine,323,0.07579625271833856
overall,Transition-Grounded,180,BIS_same_minus_opposite_cosine,348,0.029014060099919692
overall,Transition-Grounded,180,BIS_same_minus_opposite_cosine,391,0.04483611623446149
overall,Transition-Grounded,180,BIS_same_minus_opposite_cosine,683,0.0926829980653629
overall,Transition-Grounded,180,BIS_same_minus_opposite_cosine,747,-0.03776669452587761
overall,Transition-Grounded,180,BIS_same_minus_opposite_cosine,750,0.036639026335130054
overall,Transition-Grounded,180,BIS_same_minus_opposite_cosine,758,-0.02976756779396006
overall,Transition-Grounded,180,BIS_same_minus_opposite_cosine,843,0.01076251313918164
overall,Transition-Grounded,180,BIS_same_minus_opposite_cosine,877,0.10235674331585565
overall,Transition-Grounded,180,BIS_same_minus_opposite_cosine,926,0.12664015928040373
overall,Transition-Grounded,180,BIS_same_minus_opposite_cosine,967,-0.05992371491378262
overall,Transition-Grounded,180,BIS_same_minus_opposite_cosine,992,-0.003052107493082712
overall,Transition-Grounded,180,BIS_same_minus_opposite_cosine,1014,-0.05765634014986565
overall,Transition-Grounded,180,BIS_same_minus_opposite_cosine,1092,0.0654514622993958
overall,Transition-Grounded,180,BIS_same_minus_opposite_cosine,1193,0.02576436461546472
overall,Transition-Grounded,180,BIS_same_minus_opposite_cosine,1308,0.02094601569352328
overall,Transition-Grounded,180,BIS_same_minus_opposite_cosine,1335,0.02090806280955293
overall,Transition-Grounded,180,BIS_same_minus_opposite_cosine,1480,0.07926654597123461
overall,Transition-Grounded,180,BIS_same_minus_opposite_cosine,1566,0.04165138744172592
overall,Transition-Grounded,180,BIS_same_minus_opposite_cosine,1636,0.08446462725599613
overall,Transition-Grounded,180,BIS_same_minus_opposite_cosine,1644,0.07487505362966118
overall,Transition-Grounded,180,BIS_same_minus_opposite_cosine,1839,-0.019084236191378667
overall,Transition-Grounded,180,BIS_same_minus_opposite_cosine,1943,0.055361255258321806
overall,Transition-Grounded,180,BIS_same_minus_opposite_cosine,2005,0.04303962439298625
overall,Transition-Grounded,180,BIS_same_minus_opposite_cosine,2048,0.04495755424318104
overall,Transition-Grounded,180,BIS_same_minus_opposite_cosine,2173,0.08728231231371564
overall,Transition-Grounded,180,BIS_same_minus_opposite_cosine,2263,0.06850809375445044
overall,Transition-Grounded,180,BIS_same_minus_opposite_cosine,2303,0.10369014292955403
overall,Transition-Grounded,180,BIS_same_minus_opposite_cosine,2308,0.0002863645445609353
overall,Transition-Grounded,180,BIS_same_minus_opposite_cosine,2347,0.10795250220431218
overall,Transition-Grounded,180,BIS_same_minus_opposite_cosine,2361,0.044414499058173296
overall,Transition-Grounded,180,BIS_same_minus_opposite_cosine,2567,-0.08650010302662847
overall,Transition-Grounded,180,BIS_same_minus_opposite_cosine,2900,0.02849136476333325
overall,Transition-Grounded,180,BIS_same_minus_opposite_cosine,2943,0.06014801671971448
overall,Transition-Grounded,180,BIS_same_minus_opposite_cosine,2946,-0.009727936784426405
overall,Transition-Grounded,180,BIS_same_minus_opposite_cosine,2988,0.02571736828044613
overall,Transition-Grounded,180,BIS_same_minus_opposite_cosine,3261,-0.04538702984650933
overall,Transition-Grounded,180,BIS_same_minus_opposite_cosine,3354,0.06130754376451175
overall,Transition-Grounded,180,BIS_same_minus_opposite_cosine,3387,0.10790887723366416
overall,Transition-Grounded,180,BIS_same_minus_opposite_cosine,3485,0.035881222201430196
overall,Transition-Grounded,180,BIS_same_minus_opposite_cosine,3525,0.1094562181995975
overall,Transition-Grounded,180,BIS_same_minus_opposite_cosine,3569,-0.02750697880983355
overall,Transition-Grounded,180,BIS_same_minus_opposite_cosine,3593,0.007862287263075474
overall,Transition-Grounded,180,BIS_same_minus_opposite_cosine,3613,0.06416436105202405
overall,Transition-Grounded,180,BIS_same_minus_opposite_cosine,3764,0.02886066358713879
overall,Transition-Grounded,180,BIS_same_minus_opposite_cosine,3768,0.06198940851070256
overall,Transition-Grounded,180,BIS_same_minus_opposite_cosine,3852,0.049645976989697194
overall,Transition-Grounded,180,BIS_same_minus_opposite_cosine,3967,-0.0163085226829236
overall,Transition-Grounded,180,BIS_same_minus_opposite_cosine,3976,0.0065567301379310106
overall,Transition-Grounded,180,BIS_same_minus_opposite_cosine,3978,0.022361765056848504
overall,Transition-Grounded,180,BIS_same_minus_opposite_cosine,3985,0.06562021908660731
overall,Transition-Grounded,180,BIS_same_minus_opposite_cosine,4016,0.07844691404274529
overall,Transition-Grounded,180,BIS_same_minus_opposite_cosine,4080,-0.003491520447035712
overall,Transition-Grounded,180,BIS_same_minus_opposite_cosine,4293,0.06814400856693592
overall,Transition-Grounded,180,BIS_same_minus_opposite_cosine,4312,-0.0018058853844802325
overall,Transition-Grounded,180,BIS_same_minus_opposite_cosine,4529,0.06338123502554716
overall,Transition-Grounded,180,BIS_same_minus_opposite_cosine,4540,0.09025642993775274
overall,Transition-Grounded,180,BIS_same_minus_opposite_cosine,4638,0.0903953499027661
overall,Transition-Grounded,180,BIS_same_minus_opposite_cosine,4686,0.025962989528973912
overall,Transition-Grounded,180,BIS_same_minus_opposite_cosine,4821,-0.024651894966761345
overall,Transition-Grounded,180,BIS_same_minus_opposite_cosine,4865,-0.01666983512264708
overall,Transition-Grounded,180,BIS_same_minus_opposite_cosine,4944,0.1033617728286319
overall,Transition-Grounded,180,BIS_same_minus_opposite_cosine,5309,0.055135789158798354
overall,Transition-Grounded,180,BIS_same_minus_opposite_cosine,5377,0.023338272726094234
overall,Transition-Grounded,180,BIS_same_minus_opposite_cosine,5410,-0.013274527852441764
overall,Transition-Grounded,180,BIS_same_minus_opposite_cosine,5454,-0.025082791845003727
overall,Transition-Grounded,180,BIS_same_minus_opposite_cosine,5516,0.08156033772975213
overall,Transition-Grounded,180,BIS_same_minus_opposite_cosine,5600,-0.07948098170260587
overall,Transition-Grounded,180,BIS_same_minus_opposite_cosine,5778,0.019953486720720948
overall,Transition-Grounded,180,BIS_same_minus_opposite_cosine,5826,-0.023745931417514132
overall,Transition-Grounded,180,BIS_same_minus_opposite_cosine,5961,0.03542915210127828
overall,Transition-Grounded,180,BIS_same_minus_opposite_cosine,5989,0.015043086677357875
overall,Transition-Grounded,180,BIS_same_minus_opposite_cosine,6025,-0.0007717474301656146
overall,Transition-Grounded,180,MAP_same_minus_opposite_cosine,105,-0.02595760913358791
overall,Transition-Grounded,180,MAP_same_minus_opposite_cosine,323,0.046295764200065426
overall,Transition-Grounded,180,MAP_same_minus_opposite_cosine,348,-0.025645827864989257
overall,Transition-Grounded,180,MAP_same_minus_opposite_cosine,391,0.01832352022329964
overall,Transition-Grounded,180,MAP_same_minus_opposite_cosine,683,0.10214543798263531
overall,Transition-Grounded,180,MAP_same_minus_opposite_cosine,747,-0.057196352978547416
overall,Transition-Grounded,180,MAP_same_minus_opposite_cosine,750,0.018520883608747374
overall,Transition-Grounded,180,MAP_same_minus_opposite_cosine,758,0.04260374380896481
overall,Transition-Grounded,180,MAP_same_minus_opposite_cosine,843,0.019389994550442435
overall,Transition-Grounded,180,MAP_same_minus_opposite_cosine,877,-0.03706340307281131
overall,Transition-Grounded,180,MAP_same_minus_opposite_cosine,926,0.046732513561393296
overall,Transition-Grounded,180,MAP_same_minus_opposite_cosine,967,0.07607983728249867
overall,Transition-Grounded,180,MAP_same_minus_opposite_cosine,992,-0.001761720577875825
overall,Transition-Grounded,180,MAP_same_minus_opposite_cosine,1014,0.009736386562387178
overall,Transition-Grounded,180,MAP_same_minus_opposite_cosine,1092,0.011981251463293985
overall,Transition-Grounded,180,MAP_same_minus_opposite_cosine,1193,0.03754206349452338
overall,Transition-Grounded,180,MAP_same_minus_opposite_cosine,1308,-0.06902563671271
overall,Transition-Grounded,180,MAP_same_minus_opposite_cosine,1335,0.008552484530391147
overall,Transition-Grounded,180,MAP_same_minus_opposite_cosine,1480,-0.039861944317817644
overall,Transition-Grounded,180,MAP_same_minus_opposite_cosine,1566,0.04835182999571164
overall,Transition-Grounded,180,MAP_same_minus_opposite_cosine,1636,4.615890128278899e-05
overall,Transition-Grounded,180,MAP_same_minus_opposite_cosine,1644,0.04623166135063872
overall,Transition-Grounded,180,MAP_same_minus_opposite_cosine,1839,-0.040942891736825304
overall,Transition-Grounded,180,MAP_same_minus_opposite_cosine,1943,0.03717460657159488
overall,Transition-Grounded,180,MAP_same_minus_opposite_cosine,2005,0.018279328390404026
overall,Transition-Grounded,180,MAP_same_minus_opposite_cosine,2048,0.02539573412920748
overall,Transition-Grounded,180,MAP_same_minus_opposite_cosine,2173,-0.02601623661243002
overall,Transition-Grounded,180,MAP_same_minus_opposite_cosine,2263,-0.027551915356214596
overall,Transition-Grounded,180,MAP_same_minus_opposite_cosine,2303,-0.010226664940516161
overall,Transition-Grounded,180,MAP_same_minus_opposite_cosine,2308,-0.0242213218162457
overall,Transition-Grounded,180,MAP_same_minus_opposite_cosine,2347,0.07231578429539998
overall,Transition-Grounded,180,MAP_same_minus_opposite_cosine,2361,0.023050844172636697
overall,Transition-Grounded,180,MAP_same_minus_opposite_cosine,2567,0.0010551435252030839
overall,Transition-Grounded,180,MAP_same_minus_opposite_cosine,2900,0.07830178349307093
overall,Transition-Grounded,180,MAP_same_minus_opposite_cosine,2943,0.01107206260546667
overall,Transition-Grounded,180,MAP_same_minus_opposite_cosine,2946,-0.018223477182564896
overall,Transition-Grounded,180,MAP_same_minus_opposite_cosine,2988,0.010220589683107684
overall,Transition-Grounded,180,MAP_same_minus_opposite_cosine,3261,0.006665220138217798
overall,Transition-Grounded,180,MAP_same_minus_opposite_cosine,3354,0.001809803950480915
overall,Transition-Grounded,180,MAP_same_minus_opposite_cosine,3387,-0.051504590468747335
overall,Transition-Grounded,180,MAP_same_minus_opposite_cosine,3485,0.06922877861393817
overall,Transition-Grounded,180,MAP_same_minus_opposite_cosine,3525,-0.00813245363533488
overall,Transition-Grounded,180,MAP_same_minus_opposite_cosine,3569,0.03638969719409946
overall,Transition-Grounded,180,MAP_same_minus_opposite_cosine,3593,0.06520400284617034
overall,Transition-Grounded,180,MAP_same_minus_opposite_cosine,3613,-0.03219693183898931
overall,Transition-Grounded,180,MAP_same_minus_opposite_cosine,3764,-0.01245455187227995
overall,Transition-Grounded,180,MAP_same_minus_opposite_cosine,3768,-0.04482855764882898
overall,Transition-Grounded,180,MAP_same_minus_opposite_cosine,3852,0.03648132313599539
overall,Transition-Grounded,180,MAP_same_minus_opposite_cosine,3967,-0.029516635185632856
overall,Transition-Grounded,180,MAP_same_minus_opposite_cosine,3976,-0.049590855737527195
overall,Transition-Grounded,180,MAP_same_minus_opposite_cosine,3978,-0.03888617425725083
overall,Transition-Grounded,180,MAP_same_minus_opposite_cosine,3985,0.09036423546680505
overall,Transition-Grounded,180,MAP_same_minus_opposite_cosine,4016,0.050186033152985865
overall,Transition-Grounded,180,MAP_same_minus_opposite_cosine,4080,-0.07575268000364299
overall,Transition-Grounded,180,MAP_same_minus_opposite_cosine,4293,0.0436296648449368
overall,Transition-Grounded,180,MAP_same_minus_opposite_cosine,4312,0.04318966368834176
overall,Transition-Grounded,180,MAP_same_minus_opposite_cosine,4529,0.010367544293403697
overall,Transition-Grounded,180,MAP_same_minus_opposite_cosine,4540,0.03255237572722958
overall,Transition-Grounded,180,MAP_same_minus_opposite_cosine,4638,0.03333286503950761
overall,Transition-Grounded,180,MAP_same_minus_opposite_cosine,4686,0.022694179415702842
overall,Transition-Grounded,180,MAP_same_minus_opposite_cosine,4821,-0.02657531450192141
overall,Transition-Grounded,180,MAP_same_minus_opposite_cosine,4865,0.028829010786154297
overall,Transition-Grounded,180,MAP_same_minus_opposite_cosine,4944,0.050223681801243814
overall,Transition-Grounded,180,MAP_same_minus_opposite_cosine,5309,-0.024593151494478604
overall,Transition-Grounded,180,MAP_same_minus_opposite_cosine,5377,0.030400135517120286
overall,Transition-Grounded,180,MAP_same_minus_opposite_cosine,5410,-0.041796529293060325
overall,Transition-Grounded,180,MAP_same_minus_opposite_cosine,5454,-0.03574617662067925
overall,Transition-Grounded,180,MAP_same_minus_opposite_cosine,5516,0.0022833742733512352
overall,Transition-Grounded,180,MAP_same_minus_opposite_cosine,5600,-0.008628508200248075
overall,Transition-Grounded,180,MAP_same_minus_opposite_cosine,5778,0.0607327563067277
overall,Transition-Grounded,180,MAP_same_minus_opposite_cosine,5826,-0.020662253030708788
overall,Transition-Grounded,180,MAP_same_minus_opposite_cosine,5961,-0.020640297838743216
overall,Transition-Grounded,180,MAP_same_minus_opposite_cosine,5989,-0.03591785297700856
overall,Transition-Grounded,180,MAP_same_minus_opposite_cosine,6025,0.0368548399362808
overall,Transition-Grounded,180,triplet_accuracy,323,0.43333333333333335
overall,Transition-Grounded,180,triplet_accuracy,348,0.6
overall,Transition-Grounded,180,triplet_accuracy,391,0.48333333333333334
overall,Transition-Grounded,180,triplet_accuracy,683,0.4666666666666667
overall,Transition-Grounded,180,triplet_accuracy,747,0.6
overall,Transition-Grounded,180,triplet_accuracy,750,0.5333333333333333
overall,Transition-Grounded,180,triplet_accuracy,758,0.35
overall,Transition-Grounded,180,triplet_accuracy,843,0.5666666666666667
overall,Transition-Grounded,180,triplet_accuracy,967,0.5166666666666667
overall,Transition-Grounded,180,triplet_accuracy,1014,0.5333333333333333
overall,Transition-Grounded,180,triplet_accuracy,1092,0.5833333333333334
overall,Transition-Grounded,180,triplet_accuracy,1193,0.5
overall,Transition-Grounded,180,triplet_accuracy,1335,0.5166666666666667
overall,Transition-Grounded,180,triplet_accuracy,1480,0.55
overall,Transition-Grounded,180,triplet_accuracy,1566,0.5
overall,Transition-Grounded,180,triplet_accuracy,1839,0.4666666666666667
overall,Transition-Grounded,180,triplet_accuracy,1943,0.5333333333333333
overall,Transition-Grounded,180,triplet_accuracy,2005,0.5166666666666667
overall,Transition-Grounded,180,triplet_accuracy,2048,0.5833333333333334
overall,Transition-Grounded,180,triplet_accuracy,2173,0.5
overall,Transition-Grounded,180,triplet_accuracy,2263,0.5333333333333333
overall,Transition-Grounded,180,triplet_accuracy,2303,0.5166666666666667
overall,Transition-Grounded,180,triplet_accuracy,2308,0.5
overall,Transition-Grounded,180,triplet_accuracy,2347,0.5166666666666667
overall,Transition-Grounded,180,triplet_accuracy,2361,0.6833333333333333
overall,Transition-Grounded,180,triplet_accuracy,2567,0.5333333333333333
overall,Transition-Grounded,180,triplet_accuracy,2943,0.4666666666666667
overall,Transition-Grounded,180,triplet_accuracy,2988,0.5333333333333333
overall,Transition-Grounded,180,triplet_accuracy,3261,0.5166666666666667
overall,Transition-Grounded,180,triplet_accuracy,3354,0.5666666666666667
overall,Transition-Grounded,180,triplet_accuracy,3525,0.5
overall,Transition-Grounded,180,triplet_accuracy,3569,0.5
overall,Transition-Grounded,180,triplet_accuracy,3593,0.5666666666666667
overall,Transition-Grounded,180,triplet_accuracy,3768,0.4666666666666667
overall,Transition-Grounded,180,triplet_accuracy,3852,0.6
overall,Transition-Grounded,180,triplet_accuracy,3967,0.65
overall,Transition-Grounded,180,triplet_accuracy,3978,0.55
overall,Transition-Grounded,180,triplet_accuracy,3985,0.6833333333333333
overall,Transition-Grounded,180,triplet_accuracy,4016,0.5
overall,Transition-Grounded,180,triplet_accuracy,4293,0.5166666666666667
overall,Transition-Grounded,180,triplet_accuracy,4312,0.55
overall,Transition-Grounded,180,triplet_accuracy,4529,0.45
overall,Transition-Grounded,180,triplet_accuracy,4540,0.7166666666666667
overall,Transition-Grounded,180,triplet_accuracy,4686,0.43333333333333335
overall,Transition-Grounded,180,triplet_accuracy,4821,0.43333333333333335
overall,Transition-Grounded,180,triplet_accuracy,4865,0.5166666666666667
overall,Transition-Grounded,180,triplet_accuracy,4944,0.6166666666666667
overall,Transition-Grounded,180,triplet_accuracy,5309,0.5833333333333334
overall,Transition-Grounded,180,triplet_accuracy,5377,0.5333333333333333
overall,Transition-Grounded,180,triplet_accuracy,5410,0.5166666666666667
overall,Transition-Grounded,180,triplet_accuracy,5454,0.6166666666666667
overall,Transition-Grounded,180,triplet_accuracy,5516,0.48333333333333334
overall,Transition-Grounded,180,triplet_accuracy,5600,0.5333333333333333
overall,Transition-Grounded,180,triplet_accuracy,5778,0.55
overall,Transition-Grounded,180,triplet_accuracy,5989,0.43333333333333335
overall,Transition-Grounded,180,triplet_accuracy,6025,0.5666666666666667
stable_action_Q1,Transition-Grounded,180,BIS_same_minus_opposite_cosine,105,0.11283741288241889
stable_action_Q1,Transition-Grounded,180,BIS_same_minus_opposite_cosine,323,0.06122835874557497
stable_action_Q1,Transition-Grounded,180,BIS_same_minus_opposite_cosine,348,0.10690810655554128
stable_action_Q1,Transition-Grounded,180,BIS_same_minus_opposite_cosine,391,-0.09011999517679214
stable_action_Q1,Transition-Grounded,180,BIS_same_minus_opposite_cosine,683,-0.017413744578758883
stable_action_Q1,Transition-Grounded,180,BIS_same_minus_opposite_cosine,747,0.24334296931823096
stable_action_Q1,Transition-Grounded,180,BIS_same_minus_opposite_cosine,750,0.03534124898059032
stable_action_Q1,Transition-Grounded,180,BIS_same_minus_opposite_cosine,758,0.12043331480688524
stable_action_Q1,Transition-Grounded,180,BIS_same_minus_opposite_cosine,843,0.06235910269121325
stable_action_Q1,Transition-Grounded,180,BIS_same_minus_opposite_cosine,877,0.12060383933060104
stable_action_Q1,Transition-Grounded,180,BIS_same_minus_opposite_cosine,926,0.03667374735786799
stable_action_Q1,Transition-Grounded,180,BIS_same_minus_opposite_cosine,967,0.16473109026749932
stable_action_Q1,Transition-Grounded,180,BIS_same_minus_opposite_cosine,992,-0.026994351636279723
stable_action_Q1,Transition-Grounded,180,BIS_same_minus_opposite_cosine,1014,-0.028290985027949023
stable_action_Q1,Transition-Grounded,180,BIS_same_minus_opposite_cosine,1092,-0.061400938214677736
stable_action_Q1,Transition-Grounded,180,BIS_same_minus_opposite_cosine,1193,-0.012025952546132923
stable_action_Q1,Transition-Grounded,180,BIS_same_minus_opposite_cosine,1308,0.13986920068661374
stable_action_Q1,Transition-Grounded,180,BIS_same_minus_opposite_cosine,1335,-0.011994553109010098
stable_action_Q1,Transition-Grounded,180,BIS_same_minus_opposite_cosine,1480,-0.04420813421408332
stable_action_Q1,Transition-Grounded,180,BIS_same_minus_opposite_cosine,1566,-0.038043998181819916
stable_action_Q1,Transition-Grounded,180,BIS_same_minus_opposite_cosine,1636,0.1735759973526001
stable_action_Q1,Transition-Grounded,180,BIS_same_minus_opposite_cosine,1644,0.035775695109006134
stable_action_Q1,Transition-Grounded,180,BIS_same_minus_opposite_cosine,1839,0.1063929945230484
stable_action_Q1,Transition-Grounded,180,BIS_same_minus_opposite_cosine,1943,0.0883043814789165
stable_action_Q1,Transition-Grounded,180,BIS_same_minus_opposite_cosine,2005,0.022487803465790213
stable_action_Q1,Transition-Grounded,180,BIS_same_minus_opposite_cosine,2048,0.13736739307641987
stable_action_Q1,Transition-Grounded,180,BIS_same_minus_opposite_cosine,2173,0.16386441197810753
stable_action_Q1,Transition-Grounded,180,BIS_same_minus_opposite_cosine,2263,0.0735764869799217
stable_action_Q1,Transition-Grounded,180,BIS_same_minus_opposite_cosine,2303,-0.04002825605372584
stable_action_Q1,Transition-Grounded,180,BIS_same_minus_opposite_cosine,2308,0.16327618869642413
stable_action_Q1,Transition-Grounded,180,BIS_same_minus_opposite_cosine,2347,0.041229716191689136
stable_action_Q1,Transition-Grounded,180,BIS_same_minus_opposite_cosine,2361,0.2721596360206604
stable_action_Q1,Transition-Grounded,180,BIS_same_minus_opposite_cosine,2567,0.06805558999379474
stable_action_Q1,Transition-Grounded,180,BIS_same_minus_opposite_cosine,2900,-0.047158970187107685
stable_action_Q1,Transition-Grounded,180,BIS_same_minus_opposite_cosine,2943,0.017067983746528625
stable_action_Q1,Transition-Grounded,180,BIS_same_minus_opposite_cosine,2946,-0.03094612807035446
stable_action_Q1,Transition-Grounded,180,BIS_same_minus_opposite_cosine,2988,0.03704176639968704
stable_action_Q1,Transition-Grounded,180,BIS_same_minus_opposite_cosine,3261,-0.08870429520805673
stable_action_Q1,Transition-Grounded,180,BIS_same_minus_opposite_cosine,3354,0.03823244503953238
stable_action_Q1,Transition-Grounded,180,BIS_same_minus_opposite_cosine,3387,-0.07483857373396552
stable_action_Q1,Transition-Grounded,180,BIS_same_minus_opposite_cosine,3485,0.13318346350482013
stable_action_Q1,Transition-Grounded,180,BIS_same_minus_opposite_cosine,3525,0.11305755376815796
stable_action_Q1,Transition-Grounded,180,BIS_same_minus_opposite_cosine,3569,0.0438485536724329
stable_action_Q1,Transition-Grounded,180,BIS_same_minus_opposite_cosine,3593,0.14570872485637665
stable_action_Q1,Transition-Grounded,180,BIS_same_minus_opposite_cosine,3613,-0.07050226580803143
stable_action_Q1,Transition-Grounded,180,BIS_same_minus_opposite_cosine,3764,-0.08066143095493317
stable_action_Q1,Transition-Grounded,180,BIS_same_minus_opposite_cosine,3768,0.02498633724947763
stable_action_Q1,Transition-Grounded,180,BIS_same_minus_opposite_cosine,3852,-0.0076047101932944505
stable_action_Q1,Transition-Grounded,180,BIS_same_minus_opposite_cosine,3967,0.08244748187787598
stable_action_Q1,Transition-Grounded,180,BIS_same_minus_opposite_cosine,3976,0.08186619141788198
stable_action_Q1,Transition-Grounded,180,BIS_same_minus_opposite_cosine,3978,-0.09973089396953583
stable_action_Q1,Transition-Grounded,180,BIS_same_minus_opposite_cosine,3985,0.074848809838295
stable_action_Q1,Transition-Grounded,180,BIS_same_minus_opposite_cosine,4016,-0.010987132787704468
stable_action_Q1,Transition-Grounded,180,BIS_same_minus_opposite_cosine,4080,0.10134127329696307
stable_action_Q1,Transition-Grounded,180,BIS_same_minus_opposite_cosine,4293,0.0944398388266563
stable_action_Q1,Transition-Grounded,180,BIS_same_minus_opposite_cosine,4312,-0.047924503684043884
stable_action_Q1,Transition-Grounded,180,BIS_same_minus_opposite_cosine,4529,0.052789565589692944
stable_action_Q1,Transition-Grounded,180,BIS_same_minus_opposite_cosine,4540,-0.08243928104639053
stable_action_Q1,Transition-Grounded,180,BIS_same_minus_opposite_cosine,4638,0.014769095679124211
stable_action_Q1,Transition-Grounded,180,BIS_same_minus_opposite_cosine,4686,0.06000228805674446
stable_action_Q1,Transition-Grounded,180,BIS_same_minus_opposite_cosine,4821,0.008776258056362451
stable_action_Q1,Transition-Grounded,180,BIS_same_minus_opposite_cosine,4865,0.0647401213645935
stable_action_Q1,Transition-Grounded,180,BIS_same_minus_opposite_cosine,4944,-0.0357387318755642
stable_action_Q1,Transition-Grounded,180,BIS_same_minus_opposite_cosine,5309,-0.004312231101923469
stable_action_Q1,Transition-Grounded,180,BIS_same_minus_opposite_cosine,5377,0.2173999303330978
stable_action_Q1,Transition-Grounded,180,BIS_same_minus_opposite_cosine,5410,0.1308693008290397
stable_action_Q1,Transition-Grounded,180,BIS_same_minus_opposite_cosine,5454,0.11536454657713568
stable_action_Q1,Transition-Grounded,180,BIS_same_minus_opposite_cosine,5516,0.1613707603378729
stable_action_Q1,Transition-Grounded,180,BIS_same_minus_opposite_cosine,5600,0.13113447825113927
stable_action_Q1,Transition-Grounded,180,BIS_same_minus_opposite_cosine,5778,0.024257677522572574
stable_action_Q1,Transition-Grounded,180,BIS_same_minus_opposite_cosine,5826,0.05604676033059752
stable_action_Q1,Transition-Grounded,180,BIS_same_minus_opposite_cosine,5961,0.040933925997127196
stable_action_Q1,Transition-Grounded,180,BIS_same_minus_opposite_cosine,5989,-0.038462356410243315
stable_action_Q1,Transition-Grounded,180,BIS_same_minus_opposite_cosine,6025,0.03267936724604986
stable_action_Q1,Transition-Grounded,180,MAP_same_minus_opposite_cosine,105,0.08600846997329165
stable_action_Q1,Transition-Grounded,180,MAP_same_minus_opposite_cosine,323,0.05036965178118813
stable_action_Q1,Transition-Grounded,180,MAP_same_minus_opposite_cosine,348,-0.14507853140433635
stable_action_Q1,Transition-Grounded,180,MAP_same_minus_opposite_cosine,391,-0.009723655258615738
stable_action_Q1,Transition-Grounded,180,MAP_same_minus_opposite_cosine,683,0.161405361071229
stable_action_Q1,Transition-Grounded,180,MAP_same_minus_opposite_cosine,747,0.08102469710689603
stable_action_Q1,Transition-Grounded,180,MAP_same_minus_opposite_cosine,750,-0.03801611325506016
stable_action_Q1,Transition-Grounded,180,MAP_same_minus_opposite_cosine,758,0.20765379878381884
stable_action_Q1,Transition-Grounded,180,MAP_same_minus_opposite_cosine,843,-0.05032289680093527
stable_action_Q1,Transition-Grounded,180,MAP_same_minus_opposite_cosine,877,0.13785561546683311
stable_action_Q1,Transition-Grounded,180,MAP_same_minus_opposite_cosine,926,0.05895741667711374
stable_action_Q1,Transition-Grounded,180,MAP_same_minus_opposite_cosine,967,0.2677781441898057
stable_action_Q1,Transition-Grounded,180,MAP_same_minus_opposite_cosine,992,-0.0717674965659777
stable_action_Q1,Transition-Grounded,180,MAP_same_minus_opposite_cosine,1014,0.13454802433649693
stable_action_Q1,Transition-Grounded,180,MAP_same_minus_opposite_cosine,1092,0.06947190976805162
stable_action_Q1,Transition-Grounded,180,MAP_same_minus_opposite_cosine,1193,0.08450287145872909
stable_action_Q1,Transition-Grounded,180,MAP_same_minus_opposite_cosine,1308,-0.043579413245121656
stable_action_Q1,Transition-Grounded,180,MAP_same_minus_opposite_cosine,1335,-0.0785409117738406
stable_action_Q1,Transition-Grounded,180,MAP_same_minus_opposite_cosine,1480,-0.014964009324709648
stable_action_Q1,Transition-Grounded,180,MAP_same_minus_opposite_cosine,1566,-0.07180013738217816
stable_action_Q1,Transition-Grounded,180,MAP_same_minus_opposite_cosine,1636,-0.35386741161346436
stable_action_Q1,Transition-Grounded,180,MAP_same_minus_opposite_cosine,1644,-0.09817721545696256
stable_action_Q1,Transition-Grounded,180,MAP_same_minus_opposite_cosine,1839,0.08338125050067902
stable_action_Q1,Transition-Grounded,180,MAP_same_minus_opposite_cosine,1943,0.021906224389871
stable_action_Q1,Transition-Grounded,180,MAP_same_minus_opposite_cosine,2005,-0.05117852985858917
stable_action_Q1,Transition-Grounded,180,MAP_same_minus_opposite_cosine,2048,0.10537539445089572
stable_action_Q1,Transition-Grounded,180,MAP_same_minus_opposite_cosine,2173,-0.1888422826587251
stable_action_Q1,Transition-Grounded,180,MAP_same_minus_opposite_cosine,2263,-0.0033426123360792426
stable_action_Q1,Transition-Grounded,180,MAP_same_minus_opposite_cosine,2303,0.04900443000775401
stable_action_Q1,Transition-Grounded,180,MAP_same_minus_opposite_cosine,2308,0.09442518179615345
stable_action_Q1,Transition-Grounded,180,MAP_same_minus_opposite_cosine,2347,-0.07375794618080062
stable_action_Q1,Transition-Grounded,180,MAP_same_minus_opposite_cosine,2361,-0.16305145207378602
stable_action_Q1,Transition-Grounded,180,MAP_same_minus_opposite_cosine,2567,0.07528161381681764
stable_action_Q1,Transition-Grounded,180,MAP_same_minus_opposite_cosine,2900,0.21418191343545911
stable_action_Q1,Transition-Grounded,180,MAP_same_minus_opposite_cosine,2943,0.012278735637664795
stable_action_Q1,Transition-Grounded,180,MAP_same_minus_opposite_cosine,2946,-0.036477526028951046
stable_action_Q1,Transition-Grounded,180,MAP_same_minus_opposite_cosine,2988,0.01560465494791663
stable_action_Q1,Transition-Grounded,180,MAP_same_minus_opposite_cosine,3261,-0.0789400584657084
stable_action_Q1,Transition-Grounded,180,MAP_same_minus_opposite_cosine,3354,-0.005653842563994926
stable_action_Q1,Transition-Grounded,180,MAP_same_minus_opposite_cosine,3387,0.0320256117618446
stable_action_Q1,Transition-Grounded,180,MAP_same_minus_opposite_cosine,3485,0.10281961560249331
stable_action_Q1,Transition-Grounded,180,MAP_same_minus_opposite_cosine,3525,-0.011835421834673121
stable_action_Q1,Transition-Grounded,180,MAP_same_minus_opposite_cosine,3569,0.048307703600989405
stable_action_Q1,Transition-Grounded,180,MAP_same_minus_opposite_cosine,3593,0.06164515966718842
stable_action_Q1,Transition-Grounded,180,MAP_same_minus_opposite_cosine,3613,-0.17075974707092556
stable_action_Q1,Transition-Grounded,180,MAP_same_minus_opposite_cosine,3764,0.02545115798711778
stable_action_Q1,Transition-Grounded,180,MAP_same_minus_opposite_cosine,3768,-0.0349046029150486
stable_action_Q1,Transition-Grounded,180,MAP_same_minus_opposite_cosine,3852,0.052356697618961334
stable_action_Q1,Transition-Grounded,180,MAP_same_minus_opposite_cosine,3967,-0.055755969136953354
stable_action_Q1,Transition-Grounded,180,MAP_same_minus_opposite_cosine,3976,0.013399473645470339
stable_action_Q1,Transition-Grounded,180,MAP_same_minus_opposite_cosine,3978,-0.02768867711226153
stable_action_Q1,Transition-Grounded,180,MAP_same_minus_opposite_cosine,3985,0.17081646621227264
stable_action_Q1,Transition-Grounded,180,MAP_same_minus_opposite_cosine,4016,-0.09652387492713466
stable_action_Q1,Transition-Grounded,180,MAP_same_minus_opposite_cosine,4080,0.13213184204968542
stable_action_Q1,Transition-Grounded,180,MAP_same_minus_opposite_cosine,4293,0.0938713579542107
stable_action_Q1,Transition-Grounded,180,MAP_same_minus_opposite_cosine,4312,-0.08103714014093077
stable_action_Q1,Transition-Grounded,180,MAP_same_minus_opposite_cosine,4529,0.0029523190524842757
stable_action_Q1,Transition-Grounded,180,MAP_same_minus_opposite_cosine,4540,-0.06995256294806806
stable_action_Q1,Transition-Grounded,180,MAP_same_minus_opposite_cosine,4638,0.08768179143468535
stable_action_Q1,Transition-Grounded,180,MAP_same_minus_opposite_cosine,4686,0.02062128484249115
stable_action_Q1,Transition-Grounded,180,MAP_same_minus_opposite_cosine,4821,-0.049686424806714036
stable_action_Q1,Transition-Grounded,180,MAP_same_minus_opposite_cosine,4865,-0.0719746132691702
stable_action_Q1,Transition-Grounded,180,MAP_same_minus_opposite_cosine,4944,-0.017642773687839508
stable_action_Q1,Transition-Grounded,180,MAP_same_minus_opposite_cosine,5309,-0.1393098016692833
stable_action_Q1,Transition-Grounded,180,MAP_same_minus_opposite_cosine,5377,0.03927597132596106
stable_action_Q1,Transition-Grounded,180,MAP_same_minus_opposite_cosine,5410,0.034214600920677185
stable_action_Q1,Transition-Grounded,180,MAP_same_minus_opposite_cosine,5454,0.12216826311002177
stable_action_Q1,Transition-Grounded,180,MAP_same_minus_opposite_cosine,5516,-0.11492875240968936
stable_action_Q1,Transition-Grounded,180,MAP_same_minus_opposite_cosine,5600,-0.12504160031676292
stable_action_Q1,Transition-Grounded,180,MAP_same_minus_opposite_cosine,5778,0.01701873044172919
stable_action_Q1,Transition-Grounded,180,MAP_same_minus_opposite_cosine,5826,0.20818811034162843
stable_action_Q1,Transition-Grounded,180,MAP_same_minus_opposite_cosine,5961,-0.00043360888957977295
stable_action_Q1,Transition-Grounded,180,MAP_same_minus_opposite_cosine,5989,0.08915187170108163
stable_action_Q1,Transition-Grounded,180,MAP_same_minus_opposite_cosine,6025,0.04851413071155547
stable_action_Q1,Transition-Grounded,180,triplet_accuracy,323,0.45
stable_action_Q1,Transition-Grounded,180,triplet_accuracy,348,0.45
stable_action_Q1,Transition-Grounded,180,triplet_accuracy,391,0.45
stable_action_Q1,Transition-Grounded,180,triplet_accuracy,683,0.7
stable_action_Q1,Transition-Grounded,180,triplet_accuracy,747,0.65
stable_action_Q1,Transition-Grounded,180,triplet_accuracy,750,0.55
stable_action_Q1,Transition-Grounded,180,triplet_accuracy,758,0.5
stable_action_Q1,Transition-Grounded,180,triplet_accuracy,843,0.4
stable_action_Q1,Transition-Grounded,180,triplet_accuracy,967,0.5
stable_action_Q1,Transition-Grounded,180,triplet_accuracy,1014,0.55
stable_action_Q1,Transition-Grounded,180,triplet_accuracy,1092,0.6
stable_action_Q1,Transition-Grounded,180,triplet_accuracy,1193,0.6
stable_action_Q1,Transition-Grounded,180,triplet_accuracy,1335,0.75
stable_action_Q1,Transition-Grounded,180,triplet_accuracy,1480,0.35
stable_action_Q1,Transition-Grounded,180,triplet_accuracy,1566,0.6
stable_action_Q1,Transition-Grounded,180,triplet_accuracy,1839,0.55
stable_action_Q1,Transition-Grounded,180,triplet_accuracy,1943,0.55
stable_action_Q1,Transition-Grounded,180,triplet_accuracy,2005,0.55
stable_action_Q1,Transition-Grounded,180,triplet_accuracy,2048,0.6
stable_action_Q1,Transition-Grounded,180,triplet_accuracy,2173,0.4
stable_action_Q1,Transition-Grounded,180,triplet_accuracy,2263,0.75
stable_action_Q1,Transition-Grounded,180,triplet_accuracy,2303,0.55
stable_action_Q1,Transition-Grounded,180,triplet_accuracy,2308,0.55
stable_action_Q1,Transition-Grounded,180,triplet_accuracy,2347,0.6
stable_action_Q1,Transition-Grounded,180,triplet_accuracy,2361,0.65
stable_action_Q1,Transition-Grounded,180,triplet_accuracy,2567,0.75
stable_action_Q1,Transition-Grounded,180,triplet_accuracy,2943,0.5
stable_action_Q1,Transition-Grounded,180,triplet_accuracy,2988,0.8
stable_action_Q1,Transition-Grounded,180,triplet_accuracy,3261,0.55
stable_action_Q1,Transition-Grounded,180,triplet_accuracy,3354,0.55
stable_action_Q1,Transition-Grounded,180,triplet_accuracy,3525,0.75
stable_action_Q1,Transition-Grounded,180,triplet_accuracy,3569,0.55
stable_action_Q1,Transition-Grounded,180,triplet_accuracy,3593,0.55
stable_action_Q1,Transition-Grounded,180,triplet_accuracy,3768,0.5
stable_action_Q1,Transition-Grounded,180,triplet_accuracy,3852,0.55
stable_action_Q1,Transition-Grounded,180,triplet_accuracy,3967,0.4
stable_action_Q1,Transition-Grounded,180,triplet_accuracy,3978,0.55
stable_action_Q1,Transition-Grounded,180,triplet_accuracy,3985,0.6
stable_action_Q1,Transition-Grounded,180,triplet_accuracy,4016,0.5
stable_action_Q1,Transition-Grounded,180,triplet_accuracy,4293,0.75
stable_action_Q1,Transition-Grounded,180,triplet_accuracy,4312,0.6
stable_action_Q1,Transition-Grounded,180,triplet_accuracy,4529,0.55
stable_action_Q1,Transition-Grounded,180,triplet_accuracy,4540,0.4
stable_action_Q1,Transition-Grounded,180,triplet_accuracy,4686,0.45
stable_action_Q1,Transition-Grounded,180,triplet_accuracy,4821,0.6
stable_action_Q1,Transition-Grounded,180,triplet_accuracy,4865,0.45
stable_action_Q1,Transition-Grounded,180,triplet_accuracy,4944,0.75
stable_action_Q1,Transition-Grounded,180,triplet_accuracy,5309,0.55
stable_action_Q1,Transition-Grounded,180,triplet_accuracy,5377,0.35
stable_action_Q1,Transition-Grounded,180,triplet_accuracy,5410,0.45
stable_action_Q1,Transition-Grounded,180,triplet_accuracy,5454,0.6
stable_action_Q1,Transition-Grounded,180,triplet_accuracy,5516,0.5
stable_action_Q1,Transition-Grounded,180,triplet_accuracy,5600,0.6
stable_action_Q1,Transition-Grounded,180,triplet_accuracy,5778,0.45
stable_action_Q1,Transition-Grounded,180,triplet_accuracy,5989,0.5
stable_action_Q1,Transition-Grounded,180,triplet_accuracy,6025,0.5
Q4,Transition-Grounded,180,BIS_same_minus_opposite_cosine,105,0.16154157767693206
Q4,Transition-Grounded,180,BIS_same_minus_opposite_cosine,323,0.1635150081581539
Q4,Transition-Grounded,180,BIS_same_minus_opposite_cosine,348,0.12480419219443295
Q4,Transition-Grounded,180,BIS_same_minus_opposite_cosine,391,0.08832905938227975
Q4,Transition-Grounded,180,BIS_same_minus_opposite_cosine,683,0.15720327744881313
Q4,Transition-Grounded,180,BIS_same_minus_opposite_cosine,747,-0.06510944630612026
Q4,Transition-Grounded,180,BIS_same_minus_opposite_cosine,750,-0.07715270833836663
Q4,Transition-Grounded,180,BIS_same_minus_opposite_cosine,758,0.008524524047970772
Q4,Transition-Grounded,180,BIS_same_minus_opposite_cosine,843,0.09638896915647721
Q4,Transition-Grounded,180,BIS_same_minus_opposite_cosine,877,0.1501444767821919
Q4,Transition-Grounded,180,BIS_same_minus_opposite_cosine,926,0.10576191792885459
Q4,Transition-Grounded,180,BIS_same_minus_opposite_cosine,967,-0.04879833685441154
Q4,Transition-Grounded,180,BIS_same_minus_opposite_cosine,992,-0.06627511989438173
Q4,Transition-Grounded,180,BIS_same_minus_opposite_cosine,1014,-0.04718884478012719
Q4,Transition-Grounded,180,BIS_same_minus_opposite_cosine,1092,0.04358511004183019
Q4,Transition-Grounded,180,BIS_same_minus_opposite_cosine,1193,-0.022312654633865225
Q4,Transition-Grounded,180,BIS_same_minus_opposite_cosine,1308,0.11482730620738224
Q4,Transition-Grounded,180,BIS_same_minus_opposite_cosine,1335,0.012074701488018036
Q4,Transition-Grounded,180,BIS_same_minus_opposite_cosine,1480,0.04191504418849945
Q4,Transition-Grounded,180,BIS_same_minus_opposite_cosine,1566,0.02490215906591131
Q4,Transition-Grounded,180,BIS_same_minus_opposite_cosine,1636,0.030151073137919093
Q4,Transition-Grounded,180,BIS_same_minus_opposite_cosine,1644,0.01377025382085284
Q4,Transition-Grounded,180,BIS_same_minus_opposite_cosine,1839,0.13171021143595374
Q4,Transition-Grounded,180,BIS_same_minus_opposite_cosine,1943,0.08014254839647383
Q4,Transition-Grounded,180,BIS_same_minus_opposite_cosine,2005,-0.02149668484926226
Q4,Transition-Grounded,180,BIS_same_minus_opposite_cosine,2048,0.06970463858710396
Q4,Transition-Grounded,180,BIS_same_minus_opposite_cosine,2173,0.02859055350224171
Q4,Transition-Grounded,180,BIS_same_minus_opposite_cosine,2263,0.09356424874729585
Q4,Transition-Grounded,180,BIS_same_minus_opposite_cosine,2303,0.0030937008559703827
Q4,Transition-Grounded,180,BIS_same_minus_opposite_cosine,2308,-0.05107592170437175
Q4,Transition-Grounded,180,BIS_same_minus_opposite_cosine,2347,-0.007103201415803673
Q4,Transition-Grounded,180,BIS_same_minus_opposite_cosine,2361,-0.015272824466228463
Q4,Transition-Grounded,180,BIS_same_minus_opposite_cosine,2567,-0.05227197996444172
Q4,Transition-Grounded,180,BIS_same_minus_opposite_cosine,2900,0.07057086957825554
Q4,Transition-Grounded,180,BIS_same_minus_opposite_cosine,2943,0.0008226409554481506
Q4,Transition-Grounded,180,BIS_same_minus_opposite_cosine,2946,0.08239845186471939
Q4,Transition-Grounded,180,BIS_same_minus_opposite_cosine,2988,0.16396728431185092
Q4,Transition-Grounded,180,BIS_same_minus_opposite_cosine,3261,-0.01326006808967306
Q4,Transition-Grounded,180,BIS_same_minus_opposite_cosine,3354,0.03508402489953577
Q4,Transition-Grounded,180,BIS_same_minus_opposite_cosine,3387,0.059922339187728046
Q4,Transition-Grounded,180,BIS_same_minus_opposite_cosine,3485,0.035906687875588816
Q4,Transition-Grounded,180,BIS_same_minus_opposite_cosine,3525,0.07543940480911371
Q4,Transition-Grounded,180,BIS_same_minus_opposite_cosine,3569,0.013677054282390633
Q4,Transition-Grounded,180,BIS_same_minus_opposite_cosine,3593,-0.02563391625881195
Q4,Transition-Grounded,180,BIS_same_minus_opposite_cosine,3613,0.14971129776853498
Q4,Transition-Grounded,180,BIS_same_minus_opposite_cosine,3764,0.042934708974578184
Q4,Transition-Grounded,180,BIS_same_minus_opposite_cosine,3768,0.008419459064801571
Q4,Transition-Grounded,180,BIS_same_minus_opposite_cosine,3852,0.04880710691213608
Q4,Transition-Grounded,180,BIS_same_minus_opposite_cosine,3967,-0.11313862105210626
Q4,Transition-Grounded,180,BIS_same_minus_opposite_cosine,3976,0.1565040946006775
Q4,Transition-Grounded,180,BIS_same_minus_opposite_cosine,3978,0.07920930534601212
Q4,Transition-Grounded,180,BIS_same_minus_opposite_cosine,3985,0.049370696975125195
Q4,Transition-Grounded,180,BIS_same_minus_opposite_cosine,4016,0.06585365533828735
Q4,Transition-Grounded,180,BIS_same_minus_opposite_cosine,4080,0.10876439015070594
Q4,Transition-Grounded,180,BIS_same_minus_opposite_cosine,4293,0.04190606623888016
Q4,Transition-Grounded,180,BIS_same_minus_opposite_cosine,4312,0.006358654300371747
Q4,Transition-Grounded,180,BIS_same_minus_opposite_cosine,4529,0.10740258172154427
Q4,Transition-Grounded,180,BIS_same_minus_opposite_cosine,4540,0.09251375372211135
Q4,Transition-Grounded,180,BIS_same_minus_opposite_cosine,4638,0.0025174310713103054
Q4,Transition-Grounded,180,BIS_same_minus_opposite_cosine,4686,0.006782870852585998
Q4,Transition-Grounded,180,BIS_same_minus_opposite_cosine,4821,-0.05454082062674892
Q4,Transition-Grounded,180,BIS_same_minus_opposite_cosine,4865,-0.0481155960623062
Q4,Transition-Grounded,180,BIS_same_minus_opposite_cosine,4944,0.22147103498379384
Q4,Transition-Grounded,180,BIS_same_minus_opposite_cosine,5309,0.033929018924633625
Q4,Transition-Grounded,180,BIS_same_minus_opposite_cosine,5377,0.08267710109551751
Q4,Transition-Grounded,180,BIS_same_minus_opposite_cosine,5410,0.08985800709989333
Q4,Transition-Grounded,180,BIS_same_minus_opposite_cosine,5454,0.11844210642756836
Q4,Transition-Grounded,180,BIS_same_minus_opposite_cosine,5516,0.0614319129122628
Q4,Transition-Grounded,180,BIS_same_minus_opposite_cosine,5600,0.007313263292113903
Q4,Transition-Grounded,180,BIS_same_minus_opposite_cosine,5778,0.13562571340137053
Q4,Transition-Grounded,180,BIS_same_minus_opposite_cosine,5826,-0.018709175702598446
Q4,Transition-Grounded,180,BIS_same_minus_opposite_cosine,5961,0.10324436103304235
Q4,Transition-Grounded,180,BIS_same_minus_opposite_cosine,5989,0.18684278499512452
Q4,Transition-Grounded,180,BIS_same_minus_opposite_cosine,6025,0.06566966242260408
Q4,Transition-Grounded,180,MAP_same_minus_opposite_cosine,105,0.019508827063772383
Q4,Transition-Grounded,180,MAP_same_minus_opposite_cosine,323,-0.07939338684082031
Q4,Transition-Grounded,180,MAP_same_minus_opposite_cosine,348,0.05920573075612379
Q4,Transition-Grounded,180,MAP_same_minus_opposite_cosine,391,-0.16985196413265335
Q4,Transition-Grounded,180,MAP_same_minus_opposite_cosine,683,0.02900541396368117
Q4,Transition-Grounded,180,MAP_same_minus_opposite_cosine,747,0.011009381406686503
Q4,Transition-Grounded,180,MAP_same_minus_opposite_cosine,750,-0.02872408384626557
Q4,Transition-Grounded,180,MAP_same_minus_opposite_cosine,758,-0.06531763101617494
Q4,Transition-Grounded,180,MAP_same_minus_opposite_cosine,843,0.022013550003369575
Q4,Transition-Grounded,180,MAP_same_minus_opposite_cosine,877,0.046218736153660456
Q4,Transition-Grounded,180,MAP_same_minus_opposite_cosine,926,0.04226547705404693
Q4,Transition-Grounded,180,MAP_same_minus_opposite_cosine,967,-0.06182158490022022
Q4,Transition-Grounded,180,MAP_same_minus_opposite_cosine,992,0.05771439274152124
Q4,Transition-Grounded,180,MAP_same_minus_opposite_cosine,1014,0.0324368586142858
Q4,Transition-Grounded,180,MAP_same_minus_opposite_cosine,1092,0.03239621420701344
Q4,Transition-Grounded,180,MAP_same_minus_opposite_cosine,1193,0.032280105565275496
Q4,Transition-Grounded,180,MAP_same_minus_opposite_cosine,1308,-0.11310857669873675
Q4,Transition-Grounded,180,MAP_same_minus_opposite_cosine,1335,0.08637707928816485
Q4,Transition-Grounded,180,MAP_same_minus_opposite_cosine,1480,-0.08294162617036793
Q4,Transition-Grounded,180,MAP_same_minus_opposite_cosine,1566,-0.10907029261191692
Q4,Transition-Grounded,180,MAP_same_minus_opposite_cosine,1636,-0.05518215149641037
Q4,Transition-Grounded,180,MAP_same_minus_opposite_cosine,1644,-0.1562785090822162
Q4,Transition-Grounded,180,MAP_same_minus_opposite_cosine,1839,-0.044904000154047274
Q4,Transition-Grounded,180,MAP_same_minus_opposite_cosine,1943,0.024499929764054018
Q4,Transition-Grounded,180,MAP_same_minus_opposite_cosine,2005,0.01034498440496856
Q4,Transition-Grounded,180,MAP_same_minus_opposite_cosine,2048,0.07337546745936074
Q4,Transition-Grounded,180,MAP_same_minus_opposite_cosine,2173,-0.09741163028009003
Q4,Transition-Grounded,180,MAP_same_minus_opposite_cosine,2263,0.07551364973187447
Q4,Transition-Grounded,180,MAP_same_minus_opposite_cosine,2303,0.03417057498837961
Q4,Transition-Grounded,180,MAP_same_minus_opposite_cosine,2308,0.06097153744970757
Q4,Transition-Grounded,180,MAP_same_minus_opposite_cosine,2347,-0.006995643178621891
Q4,Transition-Grounded,180,MAP_same_minus_opposite_cosine,2361,-0.0049628362511142665
Q4,Transition-Grounded,180,MAP_same_minus_opposite_cosine,2567,-0.015757590532302856
Q4,Transition-Grounded,180,MAP_same_minus_opposite_cosine,2900,0.0468333231078254
Q4,Transition-Grounded,180,MAP_same_minus_opposite_cosine,2943,-0.2706235934581075
Q4,Transition-Grounded,180,MAP_same_minus_opposite_cosine,2946,0.09362375984589255
Q4,Transition-Grounded,180,MAP_same_minus_opposite_cosine,2988,0.025553742734094498
Q4,Transition-Grounded,180,MAP_same_minus_opposite_cosine,3261,-0.04079040636618936
Q4,Transition-Grounded,180,MAP_same_minus_opposite_cosine,3354,0.029085927953322765
Q4,Transition-Grounded,180,MAP_same_minus_opposite_cosine,3387,0.02217951913674676
Q4,Transition-Grounded,180,MAP_same_minus_opposite_cosine,3485,0.061079199115435245
Q4,Transition-Grounded,180,MAP_same_minus_opposite_cosine,3525,0.011028089125951213
Q4,Transition-Grounded,180,MAP_same_minus_opposite_cosine,3569,-0.04457552184661229
Q4,Transition-Grounded,180,MAP_same_minus_opposite_cosine,3593,-0.10125223398208616
Q4,Transition-Grounded,180,MAP_same_minus_opposite_cosine,3613,0.18479403687847984
Q4,Transition-Grounded,180,MAP_same_minus_opposite_cosine,3764,0.08664906202327638
Q4,Transition-Grounded,180,MAP_same_minus_opposite_cosine,3768,-0.0762968241716877
Q4,Transition-Grounded,180,MAP_same_minus_opposite_cosine,3852,0.032419100403785706
Q4,Transition-Grounded,180,MAP_same_minus_opposite_cosine,3967,0.09060547252496087
Q4,Transition-Grounded,180,MAP_same_minus_opposite_cosine,3976,0.02647752337383502
Q4,Transition-Grounded,180,MAP_same_minus_opposite_cosine,3978,-0.05270481308301289
Q4,Transition-Grounded,180,MAP_same_minus_opposite_cosine,3985,0.04599123561021046
Q4,Transition-Grounded,180,MAP_same_minus_opposite_cosine,4016,0.010980743576179841
Q4,Transition-Grounded,180,MAP_same_minus_opposite_cosine,4080,0.02944834530353546
Q4,Transition-Grounded,180,MAP_same_minus_opposite_cosine,4293,-0.03415908962488179
Q4,Transition-Grounded,180,MAP_same_minus_opposite_cosine,4312,0.03345473110675812
Q4,Transition-Grounded,180,MAP_same_minus_opposite_cosine,4529,-0.057219896352652344
Q4,Transition-Grounded,180,MAP_same_minus_opposite_cosine,4540,-0.005072310566902161
Q4,Transition-Grounded,180,MAP_same_minus_opposite_cosine,4638,-0.14847295184930165
Q4,Transition-Grounded,180,MAP_same_minus_opposite_cosine,4686,-0.0534777676065763
Q4,Transition-Grounded,180,MAP_same_minus_opposite_cosine,4821,0.048995239287614845
Q4,Transition-Grounded,180,MAP_same_minus_opposite_cosine,4865,0.01343584625106875
Q4,Transition-Grounded,180,MAP_same_minus_opposite_cosine,4944,0.0007358595277323632
Q4,Transition-Grounded,180,MAP_same_minus_opposite_cosine,5309,-0.02951405756175518
Q4,Transition-Grounded,180,MAP_same_minus_opposite_cosine,5377,-0.022058039903640747
Q4,Transition-Grounded,180,MAP_same_minus_opposite_cosine,5410,0.1155231396357218
Q4,Transition-Grounded,180,MAP_same_minus_opposite_cosine,5454,0.09584663740613242
Q4,Transition-Grounded,180,MAP_same_minus_opposite_cosine,5516,-0.11251197890801867
Q4,Transition-Grounded,180,MAP_same_minus_opposite_cosine,5600,0.010124420577829585
Q4,Transition-Grounded,180,MAP_same_minus_opposite_cosine,5778,0.04070642143487935
Q4,Transition-Grounded,180,MAP_same_minus_opposite_cosine,5826,0.057454859668558345
Q4,Transition-Grounded,180,MAP_same_minus_opposite_cosine,5961,0.04045152731917123
Q4,Transition-Grounded,180,MAP_same_minus_opposite_cosine,5989,-0.06549752652645113
Q4,Transition-Grounded,180,MAP_same_minus_opposite_cosine,6025,-0.08881698052088427
Q4,Transition-Grounded,180,triplet_accuracy,323,0.55
Q4,Transition-Grounded,180,triplet_accuracy,348,0.45
Q4,Transition-Grounded,180,triplet_accuracy,391,0.35
Q4,Transition-Grounded,180,triplet_accuracy,683,0.6
Q4,Transition-Grounded,180,triplet_accuracy,747,0.65
Q4,Transition-Grounded,180,triplet_accuracy,750,0.65
Q4,Transition-Grounded,180,triplet_accuracy,758,0.6
Q4,Transition-Grounded,180,triplet_accuracy,843,0.7
Q4,Transition-Grounded,180,triplet_accuracy,967,0.7
Q4,Transition-Grounded,180,triplet_accuracy,1014,0.45
Q4,Transition-Grounded,180,triplet_accuracy,1092,0.5
Q4,Transition-Grounded,180,triplet_accuracy,1193,0.7
Q4,Transition-Grounded,180,triplet_accuracy,1335,0.4
Q4,Transition-Grounded,180,triplet_accuracy,1480,0.6
Q4,Transition-Grounded,180,triplet_accuracy,1566,0.5
Q4,Transition-Grounded,180,triplet_accuracy,1839,0.6
Q4,Transition-Grounded,180,triplet_accuracy,1943,0.6
Q4,Transition-Grounded,180,triplet_accuracy,2005,0.9
Q4,Transition-Grounded,180,triplet_accuracy,2048,0.55
Q4,Transition-Grounded,180,triplet_accuracy,2173,0.6
Q4,Transition-Grounded,180,triplet_accuracy,2263,0.5
Q4,Transition-Grounded,180,triplet_accuracy,2303,0.65
Q4,Transition-Grounded,180,triplet_accuracy,2308,0.5
Q4,Transition-Grounded,180,triplet_accuracy,2347,0.45
Q4,Transition-Grounded,180,triplet_accuracy,2361,0.55
Q4,Transition-Grounded,180,triplet_accuracy,2567,0.4
Q4,Transition-Grounded,180,triplet_accuracy,2943,0.65
Q4,Transition-Grounded,180,triplet_accuracy,2988,0.65
Q4,Transition-Grounded,180,triplet_accuracy,3261,0.5
Q4,Transition-Grounded,180,triplet_accuracy,3354,0.4
Q4,Transition-Grounded,180,triplet_accuracy,3525,0.5
Q4,Transition-Grounded,180,triplet_accuracy,3569,0.5
Q4,Transition-Grounded,180,triplet_accuracy,3593,0.4
Q4,Transition-Grounded,180,triplet_accuracy,3768,0.6
Q4,Transition-Grounded,180,triplet_accuracy,3852,0.5
Q4,Transition-Grounded,180,triplet_accuracy,3967,0.55
Q4,Transition-Grounded,180,triplet_accuracy,3978,0.45
Q4,Transition-Grounded,180,triplet_accuracy,3985,0.65
Q4,Transition-Grounded,180,triplet_accuracy,4016,0.75
Q4,Transition-Grounded,180,triplet_accuracy,4293,0.6
Q4,Transition-Grounded,180,triplet_accuracy,4312,0.5
Q4,Transition-Grounded,180,triplet_accuracy,4529,0.55
Q4,Transition-Grounded,180,triplet_accuracy,4540,0.45
Q4,Transition-Grounded,180,triplet_accuracy,4686,0.45
Q4,Transition-Grounded,180,triplet_accuracy,4821,0.55
Q4,Transition-Grounded,180,triplet_accuracy,4865,0.75
Q4,Transition-Grounded,180,triplet_accuracy,4944,0.75
Q4,Transition-Grounded,180,triplet_accuracy,5309,0.5
Q4,Transition-Grounded,180,triplet_accuracy,5377,0.65
Q4,Transition-Grounded,180,triplet_accuracy,5410,0.4
Q4,Transition-Grounded,180,triplet_accuracy,5454,0.45
Q4,Transition-Grounded,180,triplet_accuracy,5516,0.6
Q4,Transition-Grounded,180,triplet_accuracy,5600,0.6
Q4,Transition-Grounded,180,triplet_accuracy,5778,0.75
Q4,Transition-Grounded,180,triplet_accuracy,5989,0.45
Q4,Transition-Grounded,180,triplet_accuracy,6025,0.45
upcoming_large_intervention,Transition-Grounded,180,BIS_same_minus_opposite_cosine,105,0.0764530562993252
upcoming_large_intervention,Transition-Grounded,180,BIS_same_minus_opposite_cosine,323,0.06563430776198709
upcoming_large_intervention,Transition-Grounded,180,BIS_same_minus_opposite_cosine,348,-0.009955324729283732
upcoming_large_intervention,Transition-Grounded,180,BIS_same_minus_opposite_cosine,391,-0.00961647555232048
upcoming_large_intervention,Transition-Grounded,180,BIS_same_minus_opposite_cosine,683,0.07955386712582724
upcoming_large_intervention,Transition-Grounded,180,BIS_same_minus_opposite_cosine,747,0.00137570274598664
upcoming_large_intervention,Transition-Grounded,180,BIS_same_minus_opposite_cosine,750,-0.027650941163301468
upcoming_large_intervention,Transition-Grounded,180,BIS_same_minus_opposite_cosine,758,0.04849142558646924
upcoming_large_intervention,Transition-Grounded,180,BIS_same_minus_opposite_cosine,843,0.025541238486766815
upcoming_large_intervention,Transition-Grounded,180,BIS_same_minus_opposite_cosine,877,0.015821131454272663
upcoming_large_intervention,Transition-Grounded,180,BIS_same_minus_opposite_cosine,926,0.1516000131766001
upcoming_large_intervention,Transition-Grounded,180,BIS_same_minus_opposite_cosine,967,-0.1363465297553274
upcoming_large_intervention,Transition-Grounded,180,BIS_same_minus_opposite_cosine,992,0.07439232071240742
upcoming_large_intervention,Transition-Grounded,180,BIS_same_minus_opposite_cosine,1014,0.11299577445694897
upcoming_large_intervention,Transition-Grounded,180,BIS_same_minus_opposite_cosine,1092,0.06953389570116997
upcoming_large_intervention,Transition-Grounded,180,BIS_same_minus_opposite_cosine,1193,0.18157753522197406
upcoming_large_intervention,Transition-Grounded,180,BIS_same_minus_opposite_cosine,1308,0.0014687979763204906
upcoming_large_intervention,Transition-Grounded,180,BIS_same_minus_opposite_cosine,1335,0.07576168142259121
upcoming_large_intervention,Transition-Grounded,180,BIS_same_minus_opposite_cosine,1480,-0.11057347266210449
upcoming_large_intervention,Transition-Grounded,180,BIS_same_minus_opposite_cosine,1566,0.041839015133904756
upcoming_large_intervention,Transition-Grounded,180,BIS_same_minus_opposite_cosine,1636,-0.05334413209647848
upcoming_large_intervention,Transition-Grounded,180,BIS_same_minus_opposite_cosine,1644,-0.09096252421538042
upcoming_large_intervention,Transition-Grounded,180,BIS_same_minus_opposite_cosine,1839,-0.11342866097887361
upcoming_large_intervention,Transition-Grounded,180,BIS_same_minus_opposite_cosine,1943,-0.048208656410376194
upcoming_large_intervention,Transition-Grounded,180,BIS_same_minus_opposite_cosine,2005,0.04681433886289599
upcoming_large_intervention,Transition-Grounded,180,BIS_same_minus_opposite_cosine,2048,-0.1180277353886402
upcoming_large_intervention,Transition-Grounded,180,BIS_same_minus_opposite_cosine,2173,-0.10310449782345033
upcoming_large_intervention,Transition-Grounded,180,BIS_same_minus_opposite_cosine,2263,-0.012445733779006485
upcoming_large_intervention,Transition-Grounded,180,BIS_same_minus_opposite_cosine,2303,-0.07945330440998077
upcoming_large_intervention,Transition-Grounded,180,BIS_same_minus_opposite_cosine,2308,-0.1622406855846445
upcoming_large_intervention,Transition-Grounded,180,BIS_same_minus_opposite_cosine,2347,0.04636304279168446
upcoming_large_intervention,Transition-Grounded,180,BIS_same_minus_opposite_cosine,2361,0.04300034520300955
upcoming_large_intervention,Transition-Grounded,180,BIS_same_minus_opposite_cosine,2567,0.09991143047809603
upcoming_large_intervention,Transition-Grounded,180,BIS_same_minus_opposite_cosine,2900,0.04694183617830272
upcoming_large_intervention,Transition-Grounded,180,BIS_same_minus_opposite_cosine,2943,0.03001577779650688
upcoming_large_intervention,Transition-Grounded,180,BIS_same_minus_opposite_cosine,2946,0.041980852457610074
upcoming_large_intervention,Transition-Grounded,180,BIS_same_minus_opposite_cosine,2988,0.10017506360556144
upcoming_large_intervention,Transition-Grounded,180,BIS_same_minus_opposite_cosine,3261,0.13011148165572772
upcoming_large_intervention,Transition-Grounded,180,BIS_same_minus_opposite_cosine,3354,0.0791092399093839
upcoming_large_intervention,Transition-Grounded,180,BIS_same_minus_opposite_cosine,3387,0.10621729267365998
upcoming_large_intervention,Transition-Grounded,180,BIS_same_minus_opposite_cosine,3485,0.040781784554322575
upcoming_large_intervention,Transition-Grounded,180,BIS_same_minus_opposite_cosine,3525,0.03391331185897195
upcoming_large_intervention,Transition-Grounded,180,BIS_same_minus_opposite_cosine,3569,-0.0038084412614504126
upcoming_large_intervention,Transition-Grounded,180,BIS_same_minus_opposite_cosine,3593,-0.0152495143314203
upcoming_large_intervention,Transition-Grounded,180,BIS_same_minus_opposite_cosine,3613,0.029014873007933262
upcoming_large_intervention,Transition-Grounded,180,BIS_same_minus_opposite_cosine,3764,0.025390129649277893
upcoming_large_intervention,Transition-Grounded,180,BIS_same_minus_opposite_cosine,3768,0.07948748370011649
upcoming_large_intervention,Transition-Grounded,180,BIS_same_minus_opposite_cosine,3852,0.08453296000758803
upcoming_large_intervention,Transition-Grounded,180,BIS_same_minus_opposite_cosine,3967,0.06751000136137009
upcoming_large_intervention,Transition-Grounded,180,BIS_same_minus_opposite_cosine,3976,0.033786145349343655
upcoming_large_intervention,Transition-Grounded,180,BIS_same_minus_opposite_cosine,3978,0.07916712810595838
upcoming_large_intervention,Transition-Grounded,180,BIS_same_minus_opposite_cosine,3985,0.0659379387895267
upcoming_large_intervention,Transition-Grounded,180,BIS_same_minus_opposite_cosine,4016,0.05740323875631603
upcoming_large_intervention,Transition-Grounded,180,BIS_same_minus_opposite_cosine,4080,0.06708211824297905
upcoming_large_intervention,Transition-Grounded,180,BIS_same_minus_opposite_cosine,4293,0.0612509363528454
upcoming_large_intervention,Transition-Grounded,180,BIS_same_minus_opposite_cosine,4312,-0.09723602111140883
upcoming_large_intervention,Transition-Grounded,180,BIS_same_minus_opposite_cosine,4529,0.024788687129815412
upcoming_large_intervention,Transition-Grounded,180,BIS_same_minus_opposite_cosine,4540,0.03511024862527845
upcoming_large_intervention,Transition-Grounded,180,BIS_same_minus_opposite_cosine,4638,0.009063219858540417
upcoming_large_intervention,Transition-Grounded,180,BIS_same_minus_opposite_cosine,4686,0.07430995052511047
upcoming_large_intervention,Transition-Grounded,180,BIS_same_minus_opposite_cosine,4821,0.11417396914101013
upcoming_large_intervention,Transition-Grounded,180,BIS_same_minus_opposite_cosine,4865,-0.04428954919179284
upcoming_large_intervention,Transition-Grounded,180,BIS_same_minus_opposite_cosine,4944,0.13339823755350977
upcoming_large_intervention,Transition-Grounded,180,BIS_same_minus_opposite_cosine,5309,-0.050402327130238234
upcoming_large_intervention,Transition-Grounded,180,BIS_same_minus_opposite_cosine,5377,-0.07016607215910242
upcoming_large_intervention,Transition-Grounded,180,BIS_same_minus_opposite_cosine,5410,-0.09272486574593053
upcoming_large_intervention,Transition-Grounded,180,BIS_same_minus_opposite_cosine,5454,0.060060549775759364
upcoming_large_intervention,Transition-Grounded,180,BIS_same_minus_opposite_cosine,5516,0.08075317627552792
upcoming_large_intervention,Transition-Grounded,180,BIS_same_minus_opposite_cosine,5600,0.04423864061633748
upcoming_large_intervention,Transition-Grounded,180,BIS_same_minus_opposite_cosine,5778,0.06491362374453324
upcoming_large_intervention,Transition-Grounded,180,BIS_same_minus_opposite_cosine,5826,-0.047888615727424644
upcoming_large_intervention,Transition-Grounded,180,BIS_same_minus_opposite_cosine,5961,0.010081814545573553
upcoming_large_intervention,Transition-Grounded,180,BIS_same_minus_opposite_cosine,5989,0.10884302192264139
upcoming_large_intervention,Transition-Grounded,180,BIS_same_minus_opposite_cosine,6025,0.0407911351684368
upcoming_large_intervention,Transition-Grounded,180,MAP_same_minus_opposite_cosine,105,0.05541217265029752
upcoming_large_intervention,Transition-Grounded,180,MAP_same_minus_opposite_cosine,323,0.0018544152379036394
upcoming_large_intervention,Transition-Grounded,180,MAP_same_minus_opposite_cosine,348,0.008724362485938664
upcoming_large_intervention,Transition-Grounded,180,MAP_same_minus_opposite_cosine,391,-0.10725716217642733
upcoming_large_intervention,Transition-Grounded,180,MAP_same_minus_opposite_cosine,683,0.07143189385533333
upcoming_large_intervention,Transition-Grounded,180,MAP_same_minus_opposite_cosine,747,-0.016483926806937554
upcoming_large_intervention,Transition-Grounded,180,MAP_same_minus_opposite_cosine,750,-0.1061297977964083
upcoming_large_intervention,Transition-Grounded,180,MAP_same_minus_opposite_cosine,758,-0.007003548244635227
upcoming_large_intervention,Transition-Grounded,180,MAP_same_minus_opposite_cosine,843,0.040067667988213596
upcoming_large_intervention,Transition-Grounded,180,MAP_same_minus_opposite_cosine,877,0.1022554975416925
upcoming_large_intervention,Transition-Grounded,180,MAP_same_minus_opposite_cosine,926,0.0014545205566618424
upcoming_large_intervention,Transition-Grounded,180,MAP_same_minus_opposite_cosine,967,0.015164064864317595
upcoming_large_intervention,Transition-Grounded,180,MAP_same_minus_opposite_cosine,992,-0.08625560998916626
upcoming_large_intervention,Transition-Grounded,180,MAP_same_minus_opposite_cosine,1014,-0.11701063439249992
upcoming_large_intervention,Transition-Grounded,180,MAP_same_minus_opposite_cosine,1092,-0.055556659897168514
upcoming_large_intervention,Transition-Grounded,180,MAP_same_minus_opposite_cosine,1193,-0.07311587470273173
upcoming_large_intervention,Transition-Grounded,180,MAP_same_minus_opposite_cosine,1308,0.05808743382945214
upcoming_large_intervention,Transition-Grounded,180,MAP_same_minus_opposite_cosine,1335,0.10008506725231803
upcoming_large_intervention,Transition-Grounded,180,MAP_same_minus_opposite_cosine,1480,0.01895555729667342
upcoming_large_intervention,Transition-Grounded,180,MAP_same_minus_opposite_cosine,1566,-0.03728358844916024
upcoming_large_intervention,Transition-Grounded,180,MAP_same_minus_opposite_cosine,1636,-0.05787447508838439
upcoming_large_intervention,Transition-Grounded,180,MAP_same_minus_opposite_cosine,1644,-0.09073773365129123
upcoming_large_intervention,Transition-Grounded,180,MAP_same_minus_opposite_cosine,1839,0.09206097374359767
upcoming_large_intervention,Transition-Grounded,180,MAP_same_minus_opposite_cosine,1943,-0.005073101005770964
upcoming_large_intervention,Transition-Grounded,180,MAP_same_minus_opposite_cosine,2005,0.020643994212150574
upcoming_large_intervention,Transition-Grounded,180,MAP_same_minus_opposite_cosine,2048,-0.0039631434612803496
upcoming_large_intervention,Transition-Grounded,180,MAP_same_minus_opposite_cosine,2173,0.05019484437776328
upcoming_large_intervention,Transition-Grounded,180,MAP_same_minus_opposite_cosine,2263,-0.11618271931296298
upcoming_large_intervention,Transition-Grounded,180,MAP_same_minus_opposite_cosine,2303,-0.009434146123627807
upcoming_large_intervention,Transition-Grounded,180,MAP_same_minus_opposite_cosine,2308,-0.16241568761567277
upcoming_large_intervention,Transition-Grounded,180,MAP_same_minus_opposite_cosine,2347,-0.018306920925776238
upcoming_large_intervention,Transition-Grounded,180,MAP_same_minus_opposite_cosine,2361,-0.10151187082131707
upcoming_large_intervention,Transition-Grounded,180,MAP_same_minus_opposite_cosine,2567,0.1367862224578857
upcoming_large_intervention,Transition-Grounded,180,MAP_same_minus_opposite_cosine,2900,0.029803990324338336
upcoming_large_intervention,Transition-Grounded,180,MAP_same_minus_opposite_cosine,2943,-0.2072540687190162
upcoming_large_intervention,Transition-Grounded,180,MAP_same_minus_opposite_cosine,2946,-0.00022556508580839907
upcoming_large_intervention,Transition-Grounded,180,MAP_same_minus_opposite_cosine,2988,-0.023402252131038193
upcoming_large_intervention,Transition-Grounded,180,MAP_same_minus_opposite_cosine,3261,-0.2171945688625177
upcoming_large_intervention,Transition-Grounded,180,MAP_same_minus_opposite_cosine,3354,-0.014134732385476467
upcoming_large_intervention,Transition-Grounded,180,MAP_same_minus_opposite_cosine,3387,0.05622972548007965
upcoming_large_intervention,Transition-Grounded,180,MAP_same_minus_opposite_cosine,3485,-0.008522705899344563
upcoming_large_intervention,Transition-Grounded,180,MAP_same_minus_opposite_cosine,3525,0.10506654332081478
upcoming_large_intervention,Transition-Grounded,180,MAP_same_minus_opposite_cosine,3569,-0.058252705136934924
upcoming_large_intervention,Transition-Grounded,180,MAP_same_minus_opposite_cosine,3593,0.05243842552105582
upcoming_large_intervention,Transition-Grounded,180,MAP_same_minus_opposite_cosine,3613,-0.0008134361770417708
upcoming_large_intervention,Transition-Grounded,180,MAP_same_minus_opposite_cosine,3764,-0.023591287434101105
upcoming_large_intervention,Transition-Grounded,180,MAP_same_minus_opposite_cosine,3768,-0.018874038010835648
upcoming_large_intervention,Transition-Grounded,180,MAP_same_minus_opposite_cosine,3852,-0.057404982546965355
upcoming_large_intervention,Transition-Grounded,180,MAP_same_minus_opposite_cosine,3967,-0.0030339220256516697
upcoming_large_intervention,Transition-Grounded,180,MAP_same_minus_opposite_cosine,3976,-0.08779470274845758
upcoming_large_intervention,Transition-Grounded,180,MAP_same_minus_opposite_cosine,3978,-0.011322213506156698
upcoming_large_intervention,Transition-Grounded,180,MAP_same_minus_opposite_cosine,3985,-0.05838104337453842
upcoming_large_intervention,Transition-Grounded,180,MAP_same_minus_opposite_cosine,4016,-0.06377874563137687
upcoming_large_intervention,Transition-Grounded,180,MAP_same_minus_opposite_cosine,4080,-0.05370242487300525
upcoming_large_intervention,Transition-Grounded,180,MAP_same_minus_opposite_cosine,4293,-0.05873631479011643
upcoming_large_intervention,Transition-Grounded,180,MAP_same_minus_opposite_cosine,4312,-0.08051488413052121
upcoming_large_intervention,Transition-Grounded,180,MAP_same_minus_opposite_cosine,4529,-0.010714801152547193
upcoming_large_intervention,Transition-Grounded,180,MAP_same_minus_opposite_cosine,4540,0.04141858071088789
upcoming_large_intervention,Transition-Grounded,180,MAP_same_minus_opposite_cosine,4638,-0.07873759418725967
upcoming_large_intervention,Transition-Grounded,180,MAP_same_minus_opposite_cosine,4686,-0.11329684903224313
upcoming_large_intervention,Transition-Grounded,180,MAP_same_minus_opposite_cosine,4821,0.13622572069818328
upcoming_large_intervention,Transition-Grounded,180,MAP_same_minus_opposite_cosine,4865,-0.08036882306138671
upcoming_large_intervention,Transition-Grounded,180,MAP_same_minus_opposite_cosine,4944,-0.06592026849587762
upcoming_large_intervention,Transition-Grounded,180,MAP_same_minus_opposite_cosine,5309,-0.09748605571009894
upcoming_large_intervention,Transition-Grounded,180,MAP_same_minus_opposite_cosine,5377,-0.1261150067051252
upcoming_large_intervention,Transition-Grounded,180,MAP_same_minus_opposite_cosine,5410,0.019755106983762816
upcoming_large_intervention,Transition-Grounded,180,MAP_same_minus_opposite_cosine,5454,0.002592146396636963
upcoming_large_intervention,Transition-Grounded,180,MAP_same_minus_opposite_cosine,5516,-0.17959192860871553
upcoming_large_intervention,Transition-Grounded,180,MAP_same_minus_opposite_cosine,5600,0.0723137327780326
upcoming_large_intervention,Transition-Grounded,180,MAP_same_minus_opposite_cosine,5778,0.0028834945776246013
upcoming_large_intervention,Transition-Grounded,180,MAP_same_minus_opposite_cosine,5826,-0.10138372828563058
upcoming_large_intervention,Transition-Grounded,180,MAP_same_minus_opposite_cosine,5961,-0.04867033999074588
upcoming_large_intervention,Transition-Grounded,180,MAP_same_minus_opposite_cosine,5989,-0.06812153135736787
upcoming_large_intervention,Transition-Grounded,180,MAP_same_minus_opposite_cosine,6025,0.08971168796221407
upcoming_large_intervention,Transition-Grounded,180,triplet_accuracy,323,0.55
upcoming_large_intervention,Transition-Grounded,180,triplet_accuracy,348,0.65
upcoming_large_intervention,Transition-Grounded,180,triplet_accuracy,391,0.6
upcoming_large_intervention,Transition-Grounded,180,triplet_accuracy,683,0.7
upcoming_large_intervention,Transition-Grounded,180,triplet_accuracy,747,0.55
upcoming_large_intervention,Transition-Grounded,180,triplet_accuracy,750,0.45
upcoming_large_intervention,Transition-Grounded,180,triplet_accuracy,758,0.8
upcoming_large_intervention,Transition-Grounded,180,triplet_accuracy,843,0.55
upcoming_large_intervention,Transition-Grounded,180,triplet_accuracy,967,0.55
upcoming_large_intervention,Transition-Grounded,180,triplet_accuracy,1014,0.45
upcoming_large_intervention,Transition-Grounded,180,triplet_accuracy,1092,0.4
upcoming_large_intervention,Transition-Grounded,180,triplet_accuracy,1193,0.55
upcoming_large_intervention,Transition-Grounded,180,triplet_accuracy,1335,0.6
upcoming_large_intervention,Transition-Grounded,180,triplet_accuracy,1480,0.55
upcoming_large_intervention,Transition-Grounded,180,triplet_accuracy,1566,0.5
upcoming_large_intervention,Transition-Grounded,180,triplet_accuracy,1839,0.3
upcoming_large_intervention,Transition-Grounded,180,triplet_accuracy,1943,0.7
upcoming_large_intervention,Transition-Grounded,180,triplet_accuracy,2005,0.5
upcoming_large_intervention,Transition-Grounded,180,triplet_accuracy,2048,0.7
upcoming_large_intervention,Transition-Grounded,180,triplet_accuracy,2173,0.55
upcoming_large_intervention,Transition-Grounded,180,triplet_accuracy,2263,0.45
upcoming_large_intervention,Transition-Grounded,180,triplet_accuracy,2303,0.6
upcoming_large_intervention,Transition-Grounded,180,triplet_accuracy,2308,0.65
upcoming_large_intervention,Transition-Grounded,180,triplet_accuracy,2347,0.6
upcoming_large_intervention,Transition-Grounded,180,triplet_accuracy,2361,0.5
upcoming_large_intervention,Transition-Grounded,180,triplet_accuracy,2567,0.65
upcoming_large_intervention,Transition-Grounded,180,triplet_accuracy,2943,0.55
upcoming_large_intervention,Transition-Grounded,180,triplet_accuracy,2988,0.6
upcoming_large_intervention,Transition-Grounded,180,triplet_accuracy,3261,0.75
upcoming_large_intervention,Transition-Grounded,180,triplet_accuracy,3354,0.6
upcoming_large_intervention,Transition-Grounded,180,triplet_accuracy,3525,0.65
upcoming_large_intervention,Transition-Grounded,180,triplet_accuracy,3569,0.55
upcoming_large_intervention,Transition-Grounded,180,triplet_accuracy,3593,0.6
upcoming_large_intervention,Transition-Grounded,180,triplet_accuracy,3768,0.65
upcoming_large_intervention,Transition-Grounded,180,triplet_accuracy,3852,0.6
upcoming_large_intervention,Transition-Grounded,180,triplet_accuracy,3967,0.55
upcoming_large_intervention,Transition-Grounded,180,triplet_accuracy,3978,0.6
upcoming_large_intervention,Transition-Grounded,180,triplet_accuracy,3985,0.6
upcoming_large_intervention,Transition-Grounded,180,triplet_accuracy,4016,0.4
upcoming_large_intervention,Transition-Grounded,180,triplet_accuracy,4293,0.25
upcoming_large_intervention,Transition-Grounded,180,triplet_accuracy,4312,0.55
upcoming_large_intervention,Transition-Grounded,180,triplet_accuracy,4529,0.55
upcoming_large_intervention,Transition-Grounded,180,triplet_accuracy,4540,0.75
upcoming_large_intervention,Transition-Grounded,180,triplet_accuracy,4686,0.65
upcoming_large_intervention,Transition-Grounded,180,triplet_accuracy,4821,0.45
upcoming_large_intervention,Transition-Grounded,180,triplet_accuracy,4865,0.5
upcoming_large_intervention,Transition-Grounded,180,triplet_accuracy,4944,0.65
upcoming_large_intervention,Transition-Grounded,180,triplet_accuracy,5309,0.5
upcoming_large_intervention,Transition-Grounded,180,triplet_accuracy,5377,0.45
upcoming_large_intervention,Transition-Grounded,180,triplet_accuracy,5410,0.55
upcoming_large_intervention,Transition-Grounded,180,triplet_accuracy,5454,0.65
upcoming_large_intervention,Transition-Grounded,180,triplet_accuracy,5516,0.35
upcoming_large_intervention,Transition-Grounded,180,triplet_accuracy,5600,0.45
upcoming_large_intervention,Transition-Grounded,180,triplet_accuracy,5778,0.5
upcoming_large_intervention,Transition-Grounded,180,triplet_accuracy,5989,0.5
upcoming_large_intervention,Transition-Grounded,180,triplet_accuracy,6025,0.55
initiation,Transition-Grounded,180,BIS_same_minus_opposite_cosine,105,0.19526002070668969
initiation,Transition-Grounded,180,BIS_same_minus_opposite_cosine,323,0.10499258364240327
initiation,Transition-Grounded,180,BIS_same_minus_opposite_cosine,348,0.09114633190135157
initiation,Transition-Grounded,180,BIS_same_minus_opposite_cosine,391,-0.06406090201603037
initiation,Transition-Grounded,180,BIS_same_minus_opposite_cosine,683,-0.02751762679580494
initiation,Transition-Grounded,180,BIS_same_minus_opposite_cosine,747,0.11260135787906073
initiation,Transition-Grounded,180,BIS_same_minus_opposite_cosine,750,0.08918011312683427
initiation,Transition-Grounded,180,BIS_same_minus_opposite_cosine,758,0.008361061414082882
initiation,Transition-Grounded,180,BIS_same_minus_opposite_cosine,843,-0.022208884110053395
initiation,Transition-Grounded,180,BIS_same_minus_opposite_cosine,877,0.1004090532942703
initiation,Transition-Grounded,180,BIS_same_minus_opposite_cosine,926,0.05790572906985436
initiation,Transition-Grounded,180,BIS_same_minus_opposite_cosine,967,0.030793243398268944
initiation,Transition-Grounded,180,BIS_same_minus_opposite_cosine,992,0.05562017858028412
initiation,Transition-Grounded,180,BIS_same_minus_opposite_cosine,1014,0.05135830796577712
initiation,Transition-Grounded,180,BIS_same_minus_opposite_cosine,1092,0.13445677927562172
initiation,Transition-Grounded,180,BIS_same_minus_opposite_cosine,1193,0.06405127793550491
initiation,Transition-Grounded,180,BIS_same_minus_opposite_cosine,1308,-0.006293916792580623
initiation,Transition-Grounded,180,BIS_same_minus_opposite_cosine,1335,0.08972327162822091
initiation,Transition-Grounded,180,BIS_same_minus_opposite_cosine,1480,-0.12198434531067809
initiation,Transition-Grounded,180,BIS_same_minus_opposite_cosine,1566,-0.02774886516007513
initiation,Transition-Grounded,180,BIS_same_minus_opposite_cosine,1636,0.091554931223844
initiation,Transition-Grounded,180,BIS_same_minus_opposite_cosine,1644,0.2313564707835516
initiation,Transition-Grounded,180,BIS_same_minus_opposite_cosine,1839,-0.013333668311437008
initiation,Transition-Grounded,180,BIS_same_minus_opposite_cosine,1943,0.10247480508052942
initiation,Transition-Grounded,180,BIS_same_minus_opposite_cosine,2005,0.13863077511390054
initiation,Transition-Grounded,180,BIS_same_minus_opposite_cosine,2048,0.08541406492392223
initiation,Transition-Grounded,180,BIS_same_minus_opposite_cosine,2173,-0.09817385921875632
initiation,Transition-Grounded,180,BIS_same_minus_opposite_cosine,2263,0.06098156943917277
initiation,Transition-Grounded,180,BIS_same_minus_opposite_cosine,2303,-0.03961285779421975
initiation,Transition-Grounded,180,BIS_same_minus_opposite_cosine,2308,-0.21387706076105437
initiation,Transition-Grounded,180,BIS_same_minus_opposite_cosine,2347,0.10820688623370545
initiation,Transition-Grounded,180,BIS_same_minus_opposite_cosine,2361,-0.060460496693849564
initiation,Transition-Grounded,180,BIS_same_minus_opposite_cosine,2567,-0.03197515259186423
initiation,Transition-Grounded,180,BIS_same_minus_opposite_cosine,2900,-0.08299369199408424
initiation,Transition-Grounded,180,BIS_same_minus_opposite_cosine,2943,0.028865318807462848
initiation,Transition-Grounded,180,BIS_same_minus_opposite_cosine,2946,0.10452612837155661
initiation,Transition-Grounded,180,BIS_same_minus_opposite_cosine,2988,0.22335517214554723
initiation,Transition-Grounded,180,BIS_same_minus_opposite_cosine,3354,0.09227867413199314
initiation,Transition-Grounded,180,BIS_same_minus_opposite_cosine,3387,-0.13388052086035407
initiation,Transition-Grounded,180,BIS_same_minus_opposite_cosine,3485,0.012891988994346737
initiation,Transition-Grounded,180,BIS_same_minus_opposite_cosine,3525,-0.07761232752465841
initiation,Transition-Grounded,180,BIS_same_minus_opposite_cosine,3569,0.012337144215901708
initiation,Transition-Grounded,180,BIS_same_minus_opposite_cosine,3593,-0.007960734268029568
initiation,Transition-Grounded,180,BIS_same_minus_opposite_cosine,3613,0.09207673935276095
initiation,Transition-Grounded,180,BIS_same_minus_opposite_cosine,3764,0.07441050288352102
initiation,Transition-Grounded,180,BIS_same_minus_opposite_cosine,3768,0.06451361807006772
initiation,Transition-Grounded,180,BIS_same_minus_opposite_cosine,3852,-0.09127199898163485
initiation,Transition-Grounded,180,BIS_same_minus_opposite_cosine,3967,0.02791295448939002
initiation,Transition-Grounded,180,BIS_same_minus_opposite_cosine,3976,0.09317109237114585
initiation,Transition-Grounded,180,BIS_same_minus_opposite_cosine,3978,0.07890803068876262
initiation,Transition-Grounded,180,BIS_same_minus_opposite_cosine,3985,0.050673169394334194
initiation,Transition-Grounded,180,BIS_same_minus_opposite_cosine,4016,0.14061414822936058
initiation,Transition-Grounded,180,BIS_same_minus_opposite_cosine,4080,0.02528740134504104
initiation,Transition-Grounded,180,BIS_same_minus_opposite_cosine,4293,0.14402751037568762
initiation,Transition-Grounded,180,BIS_same_minus_opposite_cosine,4312,0.08372388366195882
initiation,Transition-Grounded,180,BIS_same_minus_opposite_cosine,4540,-0.029085778377272886
initiation,Transition-Grounded,180,BIS_same_minus_opposite_cosine,4638,-0.020556361311011906
initiation,Transition-Grounded,180,BIS_same_minus_opposite_cosine,4686,0.08396245340506236
initiation,Transition-Grounded,180,BIS_same_minus_opposite_cosine,4865,0.07534845940994495
initiation,Transition-Grounded,180,BIS_same_minus_opposite_cosine,4944,0.12821112324794137
initiation,Transition-Grounded,180,BIS_same_minus_opposite_cosine,5309,0.024656385680039805
initiation,Transition-Grounded,180,BIS_same_minus_opposite_cosine,5377,-0.022292810181776757
initiation,Transition-Grounded,180,BIS_same_minus_opposite_cosine,5410,0.10882056504487986
initiation,Transition-Grounded,180,BIS_same_minus_opposite_cosine,5454,0.10414899637301767
initiation,Transition-Grounded,180,BIS_same_minus_opposite_cosine,5516,0.031460445196855646
initiation,Transition-Grounded,180,BIS_same_minus_opposite_cosine,5600,0.05785926338285208
initiation,Transition-Grounded,180,BIS_same_minus_opposite_cosine,5778,0.16575563078125316
initiation,Transition-Grounded,180,BIS_same_minus_opposite_cosine,5826,-0.032096584637959835
initiation,Transition-Grounded,180,BIS_same_minus_opposite_cosine,5961,-0.08690136795242626
initiation,Transition-Grounded,180,BIS_same_minus_opposite_cosine,5989,0.06502576962564932
initiation,Transition-Grounded,180,BIS_same_minus_opposite_cosine,6025,0.09207932154337561
initiation,Transition-Grounded,180,MAP_same_minus_opposite_cosine,105,-0.052132926768425736
initiation,Transition-Grounded,180,MAP_same_minus_opposite_cosine,323,0.2292218295236429
initiation,Transition-Grounded,180,MAP_same_minus_opposite_cosine,348,0.05009894569714868
initiation,Transition-Grounded,180,MAP_same_minus_opposite_cosine,391,0.1359032541513443
initiation,Transition-Grounded,180,MAP_same_minus_opposite_cosine,683,0.007253467208809372
initiation,Transition-Grounded,180,MAP_same_minus_opposite_cosine,747,0.07952188632140558
initiation,Transition-Grounded,180,MAP_same_minus_opposite_cosine,750,0.041164642820755604
initiation,Transition-Grounded,180,MAP_same_minus_opposite_cosine,758,-0.049218141039212626
initiation,Transition-Grounded,180,MAP_same_minus_opposite_cosine,843,0.028220436402729532
initiation,Transition-Grounded,180,MAP_same_minus_opposite_cosine,877,0.1127977207303047
initiation,Transition-Grounded,180,MAP_same_minus_opposite_cosine,926,0.006962110598881965
initiation,Transition-Grounded,180,MAP_same_minus_opposite_cosine,967,0.0377551659264348
initiation,Transition-Grounded,180,MAP_same_minus_opposite_cosine,992,-0.05175970246394479
initiation,Transition-Grounded,180,MAP_same_minus_opposite_cosine,1014,0.13451740394035971
initiation,Transition-Grounded,180,MAP_same_minus_opposite_cosine,1092,0.10963380957643187
initiation,Transition-Grounded,180,MAP_same_minus_opposite_cosine,1193,0.09104302691088778
initiation,Transition-Grounded,180,MAP_same_minus_opposite_cosine,1308,0.09997670600811637
initiation,Transition-Grounded,180,MAP_same_minus_opposite_cosine,1335,0.13735177119572956
initiation,Transition-Grounded,180,MAP_same_minus_opposite_cosine,1480,-0.1421707805246114
initiation,Transition-Grounded,180,MAP_same_minus_opposite_cosine,1566,0.08645065755329351
initiation,Transition-Grounded,180,MAP_same_minus_opposite_cosine,1636,-0.056905222435792324
initiation,Transition-Grounded,180,MAP_same_minus_opposite_cosine,1644,-0.12240022172530485
initiation,Transition-Grounded,180,MAP_same_minus_opposite_cosine,1839,-0.08673007425033685
initiation,Transition-Grounded,180,MAP_same_minus_opposite_cosine,1943,-0.07061627563653572
initiation,Transition-Grounded,180,MAP_same_minus_opposite_cosine,2005,-0.04190941601991649
initiation,Transition-Grounded,180,MAP_same_minus_opposite_cosine,2048,0.03658454120159149
initiation,Transition-Grounded,180,MAP_same_minus_opposite_cosine,2173,0.032029488611789
initiation,Transition-Grounded,180,MAP_same_minus_opposite_cosine,2263,-0.05576844910780587
initiation,Transition-Grounded,180,MAP_same_minus_opposite_cosine,2303,0.057466846207777644
initiation,Transition-Grounded,180,MAP_same_minus_opposite_cosine,2308,0.17549833018953603
initiation,Transition-Grounded,180,MAP_same_minus_opposite_cosine,2347,0.02142810287574931
initiation,Transition-Grounded,180,MAP_same_minus_opposite_cosine,2361,0.13173372546831774
initiation,Transition-Grounded,180,MAP_same_minus_opposite_cosine,2567,0.1465286016464234
initiation,Transition-Grounded,180,MAP_same_minus_opposite_cosine,2900,0.10468160733580589
initiation,Transition-Grounded,180,MAP_same_minus_opposite_cosine,2943,-0.07928323447704311
initiation,Transition-Grounded,180,MAP_same_minus_opposite_cosine,2946,-0.07171452858231286
initiation,Transition-Grounded,180,MAP_same_minus_opposite_cosine,2988,0.020891053477923083
initiation,Transition-Grounded,180,MAP_same_minus_opposite_cosine,3354,-0.08302402993043256
initiation,Transition-Grounded,180,MAP_same_minus_opposite_cosine,3387,-0.06320610642433167
initiation,Transition-Grounded,180,MAP_same_minus_opposite_cosine,3485,0.07491607502812436
initiation,Transition-Grounded,180,MAP_same_minus_opposite_cosine,3525,0.07760282730062806
initiation,Transition-Grounded,180,MAP_same_minus_opposite_cosine,3569,0.09194290017088258
initiation,Transition-Grounded,180,MAP_same_minus_opposite_cosine,3593,0.1866545329491297
initiation,Transition-Grounded,180,MAP_same_minus_opposite_cosine,3613,0.029664023882812973
initiation,Transition-Grounded,180,MAP_same_minus_opposite_cosine,3764,0.04158610329031942
initiation,Transition-Grounded,180,MAP_same_minus_opposite_cosine,3768,0.009757278995080498
initiation,Transition-Grounded,180,MAP_same_minus_opposite_cosine,3852,-0.06977179149786628
initiation,Transition-Grounded,180,MAP_same_minus_opposite_cosine,3967,-0.05684313476085667
initiation,Transition-Grounded,180,MAP_same_minus_opposite_cosine,3976,-0.0649566799402237
initiation,Transition-Grounded,180,MAP_same_minus_opposite_cosine,3978,0.0786741326252619
initiation,Transition-Grounded,180,MAP_same_minus_opposite_cosine,3985,-0.0036618401606878237
initiation,Transition-Grounded,180,MAP_same_minus_opposite_cosine,4016,0.00198809080051654
initiation,Transition-Grounded,180,MAP_same_minus_opposite_cosine,4080,0.09070180604855227
initiation,Transition-Grounded,180,MAP_same_minus_opposite_cosine,4293,-0.015474142055168283
initiation,Transition-Grounded,180,MAP_same_minus_opposite_cosine,4312,0.012829161683718282
initiation,Transition-Grounded,180,MAP_same_minus_opposite_cosine,4540,-0.05989252676566448
initiation,Transition-Grounded,180,MAP_same_minus_opposite_cosine,4638,0.12709160078139525
initiation,Transition-Grounded,180,MAP_same_minus_opposite_cosine,4686,-0.06355315943559015
initiation,Transition-Grounded,180,MAP_same_minus_opposite_cosine,4865,-0.14485969394445414
initiation,Transition-Grounded,180,MAP_same_minus_opposite_cosine,4944,-0.10852153858903685
initiation,Transition-Grounded,180,MAP_same_minus_opposite_cosine,5309,-0.05338376313447957
initiation,Transition-Grounded,180,MAP_same_minus_opposite_cosine,5377,0.034127132233345125
initiation,Transition-Grounded,180,MAP_same_minus_opposite_cosine,5410,-0.08786862902343279
initiation,Transition-Grounded,180,MAP_same_minus_opposite_cosine,5454,0.05472631752490997
initiation,Transition-Grounded,180,MAP_same_minus_opposite_cosine,5516,-0.023644154270490048
initiation,Transition-Grounded,180,MAP_same_minus_opposite_cosine,5600,-0.05806720877687138
initiation,Transition-Grounded,180,MAP_same_minus_opposite_cosine,5778,-0.06107330141645495
initiation,Transition-Grounded,180,MAP_same_minus_opposite_cosine,5826,0.006173277397950483
initiation,Transition-Grounded,180,MAP_same_minus_opposite_cosine,5961,0.07560789065830642
initiation,Transition-Grounded,180,MAP_same_minus_opposite_cosine,5989,0.09867646694183352
initiation,Transition-Grounded,180,MAP_same_minus_opposite_cosine,6025,-0.06599203579955626
initiation,Transition-Grounded,180,triplet_accuracy,323,0.5
initiation,Transition-Grounded,180,triplet_accuracy,348,0.6
initiation,Transition-Grounded,180,triplet_accuracy,391,0.65
initiation,Transition-Grounded,180,triplet_accuracy,683,0.45
initiation,Transition-Grounded,180,triplet_accuracy,747,0.55
initiation,Transition-Grounded,180,triplet_accuracy,750,0.55
initiation,Transition-Grounded,180,triplet_accuracy,758,0.65
initiation,Transition-Grounded,180,triplet_accuracy,843,0.55
initiation,Transition-Grounded,180,triplet_accuracy,967,0.65
initiation,Transition-Grounded,180,triplet_accuracy,1014,0.6
initiation,Transition-Grounded,180,triplet_accuracy,1092,0.5
initiation,Transition-Grounded,180,triplet_accuracy,1193,0.6
initiation,Transition-Grounded,180,triplet_accuracy,1335,0.6
initiation,Transition-Grounded,180,triplet_accuracy,1480,0.4
initiation,Transition-Grounded,180,triplet_accuracy,1566,0.35
initiation,Transition-Grounded,180,triplet_accuracy,1839,0.55
initiation,Transition-Grounded,180,triplet_accuracy,1943,0.5
initiation,Transition-Grounded,180,triplet_accuracy,2005,0.55
initiation,Transition-Grounded,180,triplet_accuracy,2048,0.75
initiation,Transition-Grounded,180,triplet_accuracy,2173,0.55
initiation,Transition-Grounded,180,triplet_accuracy,2263,0.65
initiation,Transition-Grounded,180,triplet_accuracy,2303,0.55
initiation,Transition-Grounded,180,triplet_accuracy,2308,0.45
initiation,Transition-Grounded,180,triplet_accuracy,2347,0.5
initiation,Transition-Grounded,180,triplet_accuracy,2361,0.5
initiation,Transition-Grounded,180,triplet_accuracy,2567,0.5
initiation,Transition-Grounded,180,triplet_accuracy,2943,0.75
initiation,Transition-Grounded,180,triplet_accuracy,2988,0.6
initiation,Transition-Grounded,180,triplet_accuracy,3354,0.6
initiation,Transition-Grounded,180,triplet_accuracy,3525,0.5
initiation,Transition-Grounded,180,triplet_accuracy,3569,0.65
initiation,Transition-Grounded,180,triplet_accuracy,3593,0.6
initiation,Transition-Grounded,180,triplet_accuracy,3768,0.5
initiation,Transition-Grounded,180,triplet_accuracy,3852,0.5
initiation,Transition-Grounded,180,triplet_accuracy,3967,0.45
initiation,Transition-Grounded,180,triplet_accuracy,3978,0.7
initiation,Transition-Grounded,180,triplet_accuracy,3985,0.65
initiation,Transition-Grounded,180,triplet_accuracy,4016,0.75
initiation,Transition-Grounded,180,triplet_accuracy,4293,0.5
initiation,Transition-Grounded,180,triplet_accuracy,4312,0.5
initiation,Transition-Grounded,180,triplet_accuracy,4540,0.55
initiation,Transition-Grounded,180,triplet_accuracy,4686,0.6
initiation,Transition-Grounded,180,triplet_accuracy,4865,0.65
initiation,Transition-Grounded,180,triplet_accuracy,4944,0.45
initiation,Transition-Grounded,180,triplet_accuracy,5309,0.85
initiation,Transition-Grounded,180,triplet_accuracy,5377,0.5
initiation,Transition-Grounded,180,triplet_accuracy,5410,0.55
initiation,Transition-Grounded,180,triplet_accuracy,5454,0.65
initiation,Transition-Grounded,180,triplet_accuracy,5516,0.55
initiation,Transition-Grounded,180,triplet_accuracy,5600,0.65
initiation,Transition-Grounded,180,triplet_accuracy,5778,0.65
initiation,Transition-Grounded,180,triplet_accuracy,5989,0.45
initiation,Transition-Grounded,180,triplet_accuracy,6025,0.65
increase,Transition-Grounded,180,BIS_same_minus_opposite_cosine,105,0.08463353011757135
increase,Transition-Grounded,180,BIS_same_minus_opposite_cosine,323,-0.06232457525200319
increase,Transition-Grounded,180,BIS_same_minus_opposite_cosine,348,0.11405074777025159
increase,Transition-Grounded,180,BIS_same_minus_opposite_cosine,391,0.01640589986786689
increase,Transition-Grounded,180,BIS_same_minus_opposite_cosine,683,0.07178977244731144
increase,Transition-Grounded,180,BIS_same_minus_opposite_cosine,747,-0.057968538254499435
increase,Transition-Grounded,180,BIS_same_minus_opposite_cosine,750,0.03232404589653015
increase,Transition-Grounded,180,BIS_same_minus_opposite_cosine,758,0.10977791026234629
increase,Transition-Grounded,180,BIS_same_minus_opposite_cosine,843,0.21179435091714066
increase,Transition-Grounded,180,BIS_same_minus_opposite_cosine,877,-0.09886851757764814
increase,Transition-Grounded,180,BIS_same_minus_opposite_cosine,926,-0.003041899204254128
increase,Transition-Grounded,180,BIS_same_minus_opposite_cosine,967,0.11133167091757057
increase,Transition-Grounded,180,BIS_same_minus_opposite_cosine,992,0.0445615243580606
increase,Transition-Grounded,180,BIS_same_minus_opposite_cosine,1092,0.0019817742563429386
increase,Transition-Grounded,180,BIS_same_minus_opposite_cosine,1193,0.14182727121644545
increase,Transition-Grounded,180,BIS_same_minus_opposite_cosine,1308,0.030771905048327053
increase,Transition-Grounded,180,BIS_same_minus_opposite_cosine,1335,-0.03187371293703711
increase,Transition-Grounded,180,BIS_same_minus_opposite_cosine,1480,0.08524499243746197
increase,Transition-Grounded,180,BIS_same_minus_opposite_cosine,1566,0.09302831689516705
increase,Transition-Grounded,180,BIS_same_minus_opposite_cosine,1636,0.04530205577611923
increase,Transition-Grounded,180,BIS_same_minus_opposite_cosine,1644,0.048287176837523815
increase,Transition-Grounded,180,BIS_same_minus_opposite_cosine,1943,0.05666593809922538
increase,Transition-Grounded,180,BIS_same_minus_opposite_cosine,2005,-0.022784480736369184
increase,Transition-Grounded,180,BIS_same_minus_opposite_cosine,2048,0.013975509256124452
increase,Transition-Grounded,180,BIS_same_minus_opposite_cosine,2173,-0.005596447736024857
increase,Transition-Grounded,180,BIS_same_minus_opposite_cosine,2263,0.12003849819302564
increase,Transition-Grounded,180,BIS_same_minus_opposite_cosine,2303,0.23263320376475655
increase,Transition-Grounded,180,BIS_same_minus_opposite_cosine,2308,0.01598495195309324
increase,Transition-Grounded,180,BIS_same_minus_opposite_cosine,2361,0.03097584843635559
increase,Transition-Grounded,180,BIS_same_minus_opposite_cosine,2567,-0.02187147093090147
increase,Transition-Grounded,180,BIS_same_minus_opposite_cosine,2900,0.037858353555202506
increase,Transition-Grounded,180,BIS_same_minus_opposite_cosine,2943,0.046504922583699204
increase,Transition-Grounded,180,BIS_same_minus_opposite_cosine,2946,-0.045845435762947306
increase,Transition-Grounded,180,BIS_same_minus_opposite_cosine,3261,0.06162549927830696
increase,Transition-Grounded,180,BIS_same_minus_opposite_cosine,3354,0.05960942928989732
increase,Transition-Grounded,180,BIS_same_minus_opposite_cosine,3387,-0.010358115037282345
increase,Transition-Grounded,180,BIS_same_minus_opposite_cosine,3485,-0.02145577541419441
increase,Transition-Grounded,180,BIS_same_minus_opposite_cosine,3525,0.13872180269523104
increase,Transition-Grounded,180,BIS_same_minus_opposite_cosine,3593,0.08244159221649172
increase,Transition-Grounded,180,BIS_same_minus_opposite_cosine,3613,0.03459483409921327
increase,Transition-Grounded,180,BIS_same_minus_opposite_cosine,3768,0.08399671516522317
increase,Transition-Grounded,180,BIS_same_minus_opposite_cosine,3852,0.16626302897930145
increase,Transition-Grounded,180,BIS_same_minus_opposite_cosine,3967,0.05892420040838653
increase,Transition-Grounded,180,BIS_same_minus_opposite_cosine,3976,-0.041097550906918245
increase,Transition-Grounded,180,BIS_same_minus_opposite_cosine,3978,-0.01196554754719581
increase,Transition-Grounded,180,BIS_same_minus_opposite_cosine,3985,0.10500246261556945
increase,Transition-Grounded,180,BIS_same_minus_opposite_cosine,4016,0.10887537234359312
increase,Transition-Grounded,180,BIS_same_minus_opposite_cosine,4080,-0.053920697775625026
increase,Transition-Grounded,180,BIS_same_minus_opposite_cosine,4293,0.15945189694563544
increase,Transition-Grounded,180,BIS_same_minus_opposite_cosine,4312,-0.07510626042882595
increase,Transition-Grounded,180,BIS_same_minus_opposite_cosine,4529,0.031335192422072056
increase,Transition-Grounded,180,BIS_same_minus_opposite_cosine,4540,0.07508165472083628
increase,Transition-Grounded,180,BIS_same_minus_opposite_cosine,4638,-0.25149361665050185
increase,Transition-Grounded,180,BIS_same_minus_opposite_cosine,4686,-0.03218381603558851
increase,Transition-Grounded,180,BIS_same_minus_opposite_cosine,4821,0.06540496846040089
increase,Transition-Grounded,180,BIS_same_minus_opposite_cosine,4865,0.1526695729205103
increase,Transition-Grounded,180,BIS_same_minus_opposite_cosine,4944,-0.15383933608730632
increase,Transition-Grounded,180,BIS_same_minus_opposite_cosine,5309,-0.040693129102389036
increase,Transition-Grounded,180,BIS_same_minus_opposite_cosine,5377,0.1864783777432008
increase,Transition-Grounded,180,BIS_same_minus_opposite_cosine,5410,-0.011050879955291748
increase,Transition-Grounded,180,BIS_same_minus_opposite_cosine,5454,0.08733843621753512
increase,Transition-Grounded,180,BIS_same_minus_opposite_cosine,5516,0.26069650674859685
increase,Transition-Grounded,180,BIS_same_minus_opposite_cosine,5600,0.08022399081124204
increase,Transition-Grounded,180,BIS_same_minus_opposite_cosine,5778,0.11330955227216088
increase,Transition-Grounded,180,BIS_same_minus_opposite_cosine,5826,0.11445279518763218
increase,Transition-Grounded,180,BIS_same_minus_opposite_cosine,5961,0.1402519510851966
increase,Transition-Grounded,180,BIS_same_minus_opposite_cosine,5989,-0.02331191880835426
increase,Transition-Grounded,180,MAP_same_minus_opposite_cosine,105,-0.0224964237122825
increase,Transition-Grounded,180,MAP_same_minus_opposite_cosine,323,-0.02448344433849503
increase,Transition-Grounded,180,MAP_same_minus_opposite_cosine,348,0.039457278947035435
increase,Transition-Grounded,180,MAP_same_minus_opposite_cosine,391,-0.04843328893184662
increase,Transition-Grounded,180,MAP_same_minus_opposite_cosine,683,-0.10076793730258937
increase,Transition-Grounded,180,MAP_same_minus_opposite_cosine,747,-0.01156520437110553
increase,Transition-Grounded,180,MAP_same_minus_opposite_cosine,750,0.08711323277516803
increase,Transition-Grounded,180,MAP_same_minus_opposite_cosine,758,0.038866812984148624
increase,Transition-Grounded,180,MAP_same_minus_opposite_cosine,843,0.13433081205144082
increase,Transition-Grounded,180,MAP_same_minus_opposite_cosine,877,-0.04548352008516143
increase,Transition-Grounded,180,MAP_same_minus_opposite_cosine,926,0.09391605041243811
increase,Transition-Grounded,180,MAP_same_minus_opposite_cosine,967,0.036124986906846346
increase,Transition-Grounded,180,MAP_same_minus_opposite_cosine,992,-0.07421054939428973
increase,Transition-Grounded,180,MAP_same_minus_opposite_cosine,1092,0.013088099206938875
increase,Transition-Grounded,180,MAP_same_minus_opposite_cosine,1193,-0.060930438339710236
increase,Transition-Grounded,180,MAP_same_minus_opposite_cosine,1308,0.08924323717753091
increase,Transition-Grounded,180,MAP_same_minus_opposite_cosine,1335,-0.035643810575658574
increase,Transition-Grounded,180,MAP_same_minus_opposite_cosine,1480,0.035747583165313346
increase,Transition-Grounded,180,MAP_same_minus_opposite_cosine,1566,0.07199382067968446
increase,Transition-Grounded,180,MAP_same_minus_opposite_cosine,1636,0.09053691589471058
increase,Transition-Grounded,180,MAP_same_minus_opposite_cosine,1644,0.0618588052915805
increase,Transition-Grounded,180,MAP_same_minus_opposite_cosine,1943,-0.04623932865532965
increase,Transition-Grounded,180,MAP_same_minus_opposite_cosine,2005,-0.0922222952047983
increase,Transition-Grounded,180,MAP_same_minus_opposite_cosine,2048,0.06641686790519297
increase,Transition-Grounded,180,MAP_same_minus_opposite_cosine,2173,-0.06308646375934279
increase,Transition-Grounded,180,MAP_same_minus_opposite_cosine,2263,0.12219896167516708
increase,Transition-Grounded,180,MAP_same_minus_opposite_cosine,2303,-0.17952337116003036
increase,Transition-Grounded,180,MAP_same_minus_opposite_cosine,2308,-0.1021806850577846
increase,Transition-Grounded,180,MAP_same_minus_opposite_cosine,2361,-0.03897167434768073
increase,Transition-Grounded,180,MAP_same_minus_opposite_cosine,2567,0.08629101100895131
increase,Transition-Grounded,180,MAP_same_minus_opposite_cosine,2900,-0.06460022323188319
increase,Transition-Grounded,180,MAP_same_minus_opposite_cosine,2943,-0.10525529003805584
increase,Transition-Grounded,180,MAP_same_minus_opposite_cosine,2946,-0.04544809799302707
increase,Transition-Grounded,180,MAP_same_minus_opposite_cosine,3261,0.06651486208041513
increase,Transition-Grounded,180,MAP_same_minus_opposite_cosine,3354,0.053479052176981234
increase,Transition-Grounded,180,MAP_same_minus_opposite_cosine,3387,0.0018988825155026312
increase,Transition-Grounded,180,MAP_same_minus_opposite_cosine,3485,-0.041324273429133696
increase,Transition-Grounded,180,MAP_same_minus_opposite_cosine,3525,-0.07106263698502024
increase,Transition-Grounded,180,MAP_same_minus_opposite_cosine,3593,-0.012076504867185256
increase,Transition-Grounded,180,MAP_same_minus_opposite_cosine,3613,0.05173644423484802
increase,Transition-Grounded,180,MAP_same_minus_opposite_cosine,3768,0.05646078040202457
increase,Transition-Grounded,180,MAP_same_minus_opposite_cosine,3852,0.046689435839653015
increase,Transition-Grounded,180,MAP_same_minus_opposite_cosine,3967,0.07641000921527541
increase,Transition-Grounded,180,MAP_same_minus_opposite_cosine,3976,0.056156943693305594
increase,Transition-Grounded,180,MAP_same_minus_opposite_cosine,3978,-0.037830162680510315
increase,Transition-Grounded,180,MAP_same_minus_opposite_cosine,3985,-0.08192644985110475
increase,Transition-Grounded,180,MAP_same_minus_opposite_cosine,4016,0.06412551502386721
increase,Transition-Grounded,180,MAP_same_minus_opposite_cosine,4080,0.0836557075381279
increase,Transition-Grounded,180,MAP_same_minus_opposite_cosine,4293,-0.015079972644646888
increase,Transition-Grounded,180,MAP_same_minus_opposite_cosine,4312,0.05090523635347688
increase,Transition-Grounded,180,MAP_same_minus_opposite_cosine,4529,0.02868274185392594
increase,Transition-Grounded,180,MAP_same_minus_opposite_cosine,4540,-0.01776757587989175
increase,Transition-Grounded,180,MAP_same_minus_opposite_cosine,4638,-0.05407869928713993
increase,Transition-Grounded,180,MAP_same_minus_opposite_cosine,4686,-0.07159060819281471
increase,Transition-Grounded,180,MAP_same_minus_opposite_cosine,4821,0.01722921227866958
increase,Transition-Grounded,180,MAP_same_minus_opposite_cosine,4865,0.05349652469158167
increase,Transition-Grounded,180,MAP_same_minus_opposite_cosine,4944,0.16045196192959943
increase,Transition-Grounded,180,MAP_same_minus_opposite_cosine,5309,0.08688472899975197
increase,Transition-Grounded,180,MAP_same_minus_opposite_cosine,5377,0.09077218299110729
increase,Transition-Grounded,180,MAP_same_minus_opposite_cosine,5410,-0.14209213852882385
increase,Transition-Grounded,180,MAP_same_minus_opposite_cosine,5454,0.02666294078032172
increase,Transition-Grounded,180,MAP_same_minus_opposite_cosine,5516,-0.10097009191910433
increase,Transition-Grounded,180,MAP_same_minus_opposite_cosine,5600,-0.020734247565269426
increase,Transition-Grounded,180,MAP_same_minus_opposite_cosine,5778,0.03072130084037783
increase,Transition-Grounded,180,MAP_same_minus_opposite_cosine,5961,0.10411745445294818
increase,Transition-Grounded,180,MAP_same_minus_opposite_cosine,5989,0.04204004190184851
increase,Transition-Grounded,180,triplet_accuracy,323,0.4
increase,Transition-Grounded,180,triplet_accuracy,348,0.6
increase,Transition-Grounded,180,triplet_accuracy,391,0.5
increase,Transition-Grounded,180,triplet_accuracy,683,0.35
increase,Transition-Grounded,180,triplet_accuracy,747,0.65
increase,Transition-Grounded,180,triplet_accuracy,750,0.6
increase,Transition-Grounded,180,triplet_accuracy,758,0.6
increase,Transition-Grounded,180,triplet_accuracy,843,0.5
increase,Transition-Grounded,180,triplet_accuracy,967,0.8
increase,Transition-Grounded,180,triplet_accuracy,1092,0.6
increase,Transition-Grounded,180,triplet_accuracy,1193,0.5
increase,Transition-Grounded,180,triplet_accuracy,1335,0.6
increase,Transition-Grounded,180,triplet_accuracy,1480,0.55
increase,Transition-Grounded,180,triplet_accuracy,1566,0.45
increase,Transition-Grounded,180,triplet_accuracy,1943,0.5
increase,Transition-Grounded,180,triplet_accuracy,2005,0.75
increase,Transition-Grounded,180,triplet_accuracy,2048,0.5
increase,Transition-Grounded,180,triplet_accuracy,2173,0.55
increase,Transition-Grounded,180,triplet_accuracy,2263,0.6
increase,Transition-Grounded,180,triplet_accuracy,2303,0.6
increase,Transition-Grounded,180,triplet_accuracy,2308,0.55
increase,Transition-Grounded,180,triplet_accuracy,2361,0.45
increase,Transition-Grounded,180,triplet_accuracy,2567,0.65
increase,Transition-Grounded,180,triplet_accuracy,2943,0.7
increase,Transition-Grounded,180,triplet_accuracy,3261,0.5
increase,Transition-Grounded,180,triplet_accuracy,3354,0.65
increase,Transition-Grounded,180,triplet_accuracy,3525,0.5
increase,Transition-Grounded,180,triplet_accuracy,3593,0.45
increase,Transition-Grounded,180,triplet_accuracy,3768,0.65
increase,Transition-Grounded,180,triplet_accuracy,3852,0.4
increase,Transition-Grounded,180,triplet_accuracy,3967,0.75
increase,Transition-Grounded,180,triplet_accuracy,3978,0.6
increase,Transition-Grounded,180,triplet_accuracy,3985,0.65
increase,Transition-Grounded,180,triplet_accuracy,4016,0.55
increase,Transition-Grounded,180,triplet_accuracy,4293,0.6
increase,Transition-Grounded,180,triplet_accuracy,4312,0.35
increase,Transition-Grounded,180,triplet_accuracy,4529,0.35
increase,Transition-Grounded,180,triplet_accuracy,4540,0.6
increase,Transition-Grounded,180,triplet_accuracy,4686,0.65
increase,Transition-Grounded,180,triplet_accuracy,4821,0.65
increase,Transition-Grounded,180,triplet_accuracy,4865,0.65
increase,Transition-Grounded,180,triplet_accuracy,4944,0.45
increase,Transition-Grounded,180,triplet_accuracy,5309,0.55
increase,Transition-Grounded,180,triplet_accuracy,5377,0.45
increase,Transition-Grounded,180,triplet_accuracy,5410,0.55
increase,Transition-Grounded,180,triplet_accuracy,5454,0.55
increase,Transition-Grounded,180,triplet_accuracy,5516,0.6
increase,Transition-Grounded,180,triplet_accuracy,5600,0.5
increase,Transition-Grounded,180,triplet_accuracy,5778,0.45
increase,Transition-Grounded,180,triplet_accuracy,5989,0.6
decrease,Transition-Grounded,180,BIS_same_minus_opposite_cosine,105,0.05762386197845143
decrease,Transition-Grounded,180,BIS_same_minus_opposite_cosine,323,-0.04481829156478245
decrease,Transition-Grounded,180,BIS_same_minus_opposite_cosine,348,-0.012902001539866093
decrease,Transition-Grounded,180,BIS_same_minus_opposite_cosine,391,0.13689402590195332
decrease,Transition-Grounded,180,BIS_same_minus_opposite_cosine,683,0.028387197189860935
decrease,Transition-Grounded,180,BIS_same_minus_opposite_cosine,747,0.011186339457829764
decrease,Transition-Grounded,180,BIS_same_minus_opposite_cosine,750,0.09645629922548926
decrease,Transition-Grounded,180,BIS_same_minus_opposite_cosine,758,-0.014316610164112564
decrease,Transition-Grounded,180,BIS_same_minus_opposite_cosine,843,-0.06947689751784003
decrease,Transition-Grounded,180,BIS_same_minus_opposite_cosine,877,-0.1262020087151816
decrease,Transition-Grounded,180,BIS_same_minus_opposite_cosine,926,-0.05463811424043441
decrease,Transition-Grounded,180,BIS_same_minus_opposite_cosine,967,-0.01167161943334516
decrease,Transition-Grounded,180,BIS_same_minus_opposite_cosine,992,0.09886402410991257
decrease,Transition-Grounded,180,BIS_same_minus_opposite_cosine,1014,0.06143633648753166
decrease,Transition-Grounded,180,BIS_same_minus_opposite_cosine,1092,-0.012065968052907383
decrease,Transition-Grounded,180,BIS_same_minus_opposite_cosine,1193,-0.00616639107465744
decrease,Transition-Grounded,180,BIS_same_minus_opposite_cosine,1308,0.09740988413492835
decrease,Transition-Grounded,180,BIS_same_minus_opposite_cosine,1335,0.14487953152921462
decrease,Transition-Grounded,180,BIS_same_minus_opposite_cosine,1480,0.14313950675229226
decrease,Transition-Grounded,180,BIS_same_minus_opposite_cosine,1566,0.02942371616760886
decrease,Transition-Grounded,180,BIS_same_minus_opposite_cosine,1636,0.03341386896191223
decrease,Transition-Grounded,180,BIS_same_minus_opposite_cosine,1644,0.0736218072248227
decrease,Transition-Grounded,180,BIS_same_minus_opposite_cosine,1839,0.21461275829510257
decrease,Transition-Grounded,180,BIS_same_minus_opposite_cosine,1943,0.1090866898496946
decrease,Transition-Grounded,180,BIS_same_minus_opposite_cosine,2005,-0.009192191561063212
decrease,Transition-Grounded,180,BIS_same_minus_opposite_cosine,2048,-0.011879197801604402
decrease,Transition-Grounded,180,BIS_same_minus_opposite_cosine,2173,-0.036200483329594135
decrease,Transition-Grounded,180,BIS_same_minus_opposite_cosine,2263,0.025388996709476808
decrease,Transition-Grounded,180,BIS_same_minus_opposite_cosine,2303,0.17523788809776308
decrease,Transition-Grounded,180,BIS_same_minus_opposite_cosine,2308,-0.01719301043167004
decrease,Transition-Grounded,180,BIS_same_minus_opposite_cosine,2347,0.030444011092185974
decrease,Transition-Grounded,180,BIS_same_minus_opposite_cosine,2361,0.09118369743227961
decrease,Transition-Grounded,180,BIS_same_minus_opposite_cosine,2567,0.12433151539528009
decrease,Transition-Grounded,180,BIS_same_minus_opposite_cosine,2900,0.10350955242202398
decrease,Transition-Grounded,180,BIS_same_minus_opposite_cosine,2943,-0.021744056633024478
decrease,Transition-Grounded,180,BIS_same_minus_opposite_cosine,2946,-0.10651243043442571
decrease,Transition-Grounded,180,BIS_same_minus_opposite_cosine,2988,-0.07746361331506213
decrease,Transition-Grounded,180,BIS_same_minus_opposite_cosine,3261,0.08044873302181565
decrease,Transition-Grounded,180,BIS_same_minus_opposite_cosine,3354,0.10636406789223352
decrease,Transition-Grounded,180,BIS_same_minus_opposite_cosine,3387,0.06360003600517905
decrease,Transition-Grounded,180,BIS_same_minus_opposite_cosine,3485,0.0074841294324760055
decrease,Transition-Grounded,180,BIS_same_minus_opposite_cosine,3525,-0.08322072153290117
decrease,Transition-Grounded,180,BIS_same_minus_opposite_cosine,3569,-0.08324238409598672
decrease,Transition-Grounded,180,BIS_same_minus_opposite_cosine,3593,0.026199663324015465
decrease,Transition-Grounded,180,BIS_same_minus_opposite_cosine,3613,0.06333802474869621
decrease,Transition-Grounded,180,BIS_same_minus_opposite_cosine,3764,0.07306228627761208
decrease,Transition-Grounded,180,BIS_same_minus_opposite_cosine,3768,-0.02762436742583907
decrease,Transition-Grounded,180,BIS_same_minus_opposite_cosine,3852,-0.013217003508047664
decrease,Transition-Grounded,180,BIS_same_minus_opposite_cosine,3967,0.1555489872892697
decrease,Transition-Grounded,180,BIS_same_minus_opposite_cosine,3976,0.05461423347393668
decrease,Transition-Grounded,180,BIS_same_minus_opposite_cosine,3978,-0.025223184873660487
decrease,Transition-Grounded,180,BIS_same_minus_opposite_cosine,3985,0.06080889430913061
decrease,Transition-Grounded,180,BIS_same_minus_opposite_cosine,4016,-0.008794163664182064
decrease,Transition-Grounded,180,BIS_same_minus_opposite_cosine,4080,0.15177233517169952
decrease,Transition-Grounded,180,BIS_same_minus_opposite_cosine,4293,0.08772398305661744
decrease,Transition-Grounded,180,BIS_same_minus_opposite_cosine,4312,-0.08065179735422134
decrease,Transition-Grounded,180,BIS_same_minus_opposite_cosine,4529,0.055782330307093564
decrease,Transition-Grounded,180,BIS_same_minus_opposite_cosine,4540,-0.07856338669856389
decrease,Transition-Grounded,180,BIS_same_minus_opposite_cosine,4638,0.13671263555685675
decrease,Transition-Grounded,180,BIS_same_minus_opposite_cosine,4686,0.03548189907362964
decrease,Transition-Grounded,180,BIS_same_minus_opposite_cosine,4821,-0.06228047857681912
decrease,Transition-Grounded,180,BIS_same_minus_opposite_cosine,4865,0.058790095150470734
decrease,Transition-Grounded,180,BIS_same_minus_opposite_cosine,4944,0.05677412864234721
decrease,Transition-Grounded,180,BIS_same_minus_opposite_cosine,5309,0.11741448103478458
decrease,Transition-Grounded,180,BIS_same_minus_opposite_cosine,5377,-0.048188437024752284
decrease,Transition-Grounded,180,BIS_same_minus_opposite_cosine,5410,0.040980545183022854
decrease,Transition-Grounded,180,BIS_same_minus_opposite_cosine,5454,0.09604586119001557
decrease,Transition-Grounded,180,BIS_same_minus_opposite_cosine,5516,0.0948817610740662
decrease,Transition-Grounded,180,BIS_same_minus_opposite_cosine,5600,-0.07166616618633276
decrease,Transition-Grounded,180,BIS_same_minus_opposite_cosine,5778,0.05100780166685581
decrease,Transition-Grounded,180,BIS_same_minus_opposite_cosine,5826,-0.023704088396496292
decrease,Transition-Grounded,180,BIS_same_minus_opposite_cosine,5961,0.003674126258402133
decrease,Transition-Grounded,180,BIS_same_minus_opposite_cosine,5989,0.026309435566266415
decrease,Transition-Grounded,180,BIS_same_minus_opposite_cosine,6025,0.08291623922008451
decrease,Transition-Grounded,180,MAP_same_minus_opposite_cosine,105,0.07462099691232049
decrease,Transition-Grounded,180,MAP_same_minus_opposite_cosine,323,0.11888808224882397
decrease,Transition-Grounded,180,MAP_same_minus_opposite_cosine,348,-0.1980034075677395
decrease,Transition-Grounded,180,MAP_same_minus_opposite_cosine,391,-0.09074098989367485
decrease,Transition-Grounded,180,MAP_same_minus_opposite_cosine,683,-0.035238639564450946
decrease,Transition-Grounded,180,MAP_same_minus_opposite_cosine,747,-0.09080206851164502
decrease,Transition-Grounded,180,MAP_same_minus_opposite_cosine,750,-0.03200608491897583
decrease,Transition-Grounded,180,MAP_same_minus_opposite_cosine,758,-0.02947356551885605
decrease,Transition-Grounded,180,MAP_same_minus_opposite_cosine,843,-0.04737158169349043
decrease,Transition-Grounded,180,MAP_same_minus_opposite_cosine,877,0.18141307284434638
decrease,Transition-Grounded,180,MAP_same_minus_opposite_cosine,926,-0.044718702634175655
decrease,Transition-Grounded,180,MAP_same_minus_opposite_cosine,967,-0.04389314229289687
decrease,Transition-Grounded,180,MAP_same_minus_opposite_cosine,992,0.08380093628709961
decrease,Transition-Grounded,180,MAP_same_minus_opposite_cosine,1014,-0.06726367771625519
decrease,Transition-Grounded,180,MAP_same_minus_opposite_cosine,1092,-0.0859672029813131
decrease,Transition-Grounded,180,MAP_same_minus_opposite_cosine,1193,0.13122963243060637
decrease,Transition-Grounded,180,MAP_same_minus_opposite_cosine,1308,0.025453761219978333
decrease,Transition-Grounded,180,MAP_same_minus_opposite_cosine,1335,-0.025179503858089425
decrease,Transition-Grounded,180,MAP_same_minus_opposite_cosine,1480,0.0323943803707758
decrease,Transition-Grounded,180,MAP_same_minus_opposite_cosine,1566,-0.19591064839845607
decrease,Transition-Grounded,180,MAP_same_minus_opposite_cosine,1636,0.08966967215140664
decrease,Transition-Grounded,180,MAP_same_minus_opposite_cosine,1644,0.06267052392164874
decrease,Transition-Grounded,180,MAP_same_minus_opposite_cosine,1839,-0.029438751439253452
decrease,Transition-Grounded,180,MAP_same_minus_opposite_cosine,1943,-0.09260406232241436
decrease,Transition-Grounded,180,MAP_same_minus_opposite_cosine,2005,0.0011037737131118774
decrease,Transition-Grounded,180,MAP_same_minus_opposite_cosine,2048,-0.005562972691323997
decrease,Transition-Grounded,180,MAP_same_minus_opposite_cosine,2173,0.06523331217467787
decrease,Transition-Grounded,180,MAP_same_minus_opposite_cosine,2263,-0.06592816238602006
decrease,Transition-Grounded,180,MAP_same_minus_opposite_cosine,2303,-0.04503392428159714
decrease,Transition-Grounded,180,MAP_same_minus_opposite_cosine,2308,0.09568360841108692
decrease,Transition-Grounded,180,MAP_same_minus_opposite_cosine,2347,-0.03269339556043793
decrease,Transition-Grounded,180,MAP_same_minus_opposite_cosine,2361,0.0016939818859100786
decrease,Transition-Grounded,180,MAP_same_minus_opposite_cosine,2567,0.09686231444634141
decrease,Transition-Grounded,180,MAP_same_minus_opposite_cosine,2900,0.030237996329863903
decrease,Transition-Grounded,180,MAP_same_minus_opposite_cosine,2943,0.026102905472119575
decrease,Transition-Grounded,180,MAP_same_minus_opposite_cosine,2946,0.07466859867175413
decrease,Transition-Grounded,180,MAP_same_minus_opposite_cosine,2988,0.04112473958068419
decrease,Transition-Grounded,180,MAP_same_minus_opposite_cosine,3261,0.017986259981989883
decrease,Transition-Grounded,180,MAP_same_minus_opposite_cosine,3354,0.0007099931438763196
decrease,Transition-Grounded,180,MAP_same_minus_opposite_cosine,3387,0.11783527500099611
decrease,Transition-Grounded,180,MAP_same_minus_opposite_cosine,3485,0.09156663467486692
decrease,Transition-Grounded,180,MAP_same_minus_opposite_cosine,3525,-0.06865862756967545
decrease,Transition-Grounded,180,MAP_same_minus_opposite_cosine,3569,-0.015349270719470343
decrease,Transition-Grounded,180,MAP_same_minus_opposite_cosine,3593,0.1535035340171872
decrease,Transition-Grounded,180,MAP_same_minus_opposite_cosine,3613,0.11304450780153275
decrease,Transition-Grounded,180,MAP_same_minus_opposite_cosine,3764,0.07614531574977768
decrease,Transition-Grounded,180,MAP_same_minus_opposite_cosine,3768,-0.09452321877082193
decrease,Transition-Grounded,180,MAP_same_minus_opposite_cosine,3852,0.02655521035194397
decrease,Transition-Grounded,180,MAP_same_minus_opposite_cosine,3967,0.022538515202926934
decrease,Transition-Grounded,180,MAP_same_minus_opposite_cosine,3976,0.03228659927845001
decrease,Transition-Grounded,180,MAP_same_minus_opposite_cosine,3978,0.07338176502121818
decrease,Transition-Grounded,180,MAP_same_minus_opposite_cosine,3985,-0.03788657215508551
decrease,Transition-Grounded,180,MAP_same_minus_opposite_cosine,4016,-0.00679392814636226
decrease,Transition-Grounded,180,MAP_same_minus_opposite_cosine,4080,-0.08324754870299145
decrease,Transition-Grounded,180,MAP_same_minus_opposite_cosine,4293,-0.02047308683395388
decrease,Transition-Grounded,180,MAP_same_minus_opposite_cosine,4312,-0.0072769920031229285
decrease,Transition-Grounded,180,MAP_same_minus_opposite_cosine,4529,-0.006185991068681007
decrease,Transition-Grounded,180,MAP_same_minus_opposite_cosine,4540,-0.13292523572842274
decrease,Transition-Grounded,180,MAP_same_minus_opposite_cosine,4638,0.0017463880957978573
decrease,Transition-Grounded,180,MAP_same_minus_opposite_cosine,4686,-0.04398030415177345
decrease,Transition-Grounded,180,MAP_same_minus_opposite_cosine,4821,0.023022906120979347
decrease,Transition-Grounded,180,MAP_same_minus_opposite_cosine,4865,-0.08258956757684555
decrease,Transition-Grounded,180,MAP_same_minus_opposite_cosine,4944,0.051356476155065334
decrease,Transition-Grounded,180,MAP_same_minus_opposite_cosine,5309,-0.10063659284038079
decrease,Transition-Grounded,180,MAP_same_minus_opposite_cosine,5377,0.10210793217023206
decrease,Transition-Grounded,180,MAP_same_minus_opposite_cosine,5410,0.0724394321441651
decrease,Transition-Grounded,180,MAP_same_minus_opposite_cosine,5454,-0.05307741214831674
decrease,Transition-Grounded,180,MAP_same_minus_opposite_cosine,5516,-0.04367035870073421
decrease,Transition-Grounded,180,MAP_same_minus_opposite_cosine,5600,0.0395086288000599
decrease,Transition-Grounded,180,MAP_same_minus_opposite_cosine,5778,-0.05139167110125231
decrease,Transition-Grounded,180,MAP_same_minus_opposite_cosine,5826,-0.037656592826048496
decrease,Transition-Grounded,180,MAP_same_minus_opposite_cosine,5961,0.028135957320531202
decrease,Transition-Grounded,180,MAP_same_minus_opposite_cosine,5989,-0.06002356453488267
decrease,Transition-Grounded,180,MAP_same_minus_opposite_cosine,6025,-0.052770176033178906
decrease,Transition-Grounded,180,triplet_accuracy,323,0.65
decrease,Transition-Grounded,180,triplet_accuracy,348,0.6
decrease,Transition-Grounded,180,triplet_accuracy,391,0.65
decrease,Transition-Grounded,180,triplet_accuracy,683,0.55
decrease,Transition-Grounded,180,triplet_accuracy,747,0.65
decrease,Transition-Grounded,180,triplet_accuracy,750,0.65
decrease,Transition-Grounded,180,triplet_accuracy,758,0.55
decrease,Transition-Grounded,180,triplet_accuracy,843,0.5
decrease,Transition-Grounded,180,triplet_accuracy,967,0.65
decrease,Transition-Grounded,180,triplet_accuracy,1014,0.45
decrease,Transition-Grounded,180,triplet_accuracy,1092,0.5
decrease,Transition-Grounded,180,triplet_accuracy,1193,0.55
decrease,Transition-Grounded,180,triplet_accuracy,1335,0.6
decrease,Transition-Grounded,180,triplet_accuracy,1480,0.55
decrease,Transition-Grounded,180,triplet_accuracy,1566,0.6
decrease,Transition-Grounded,180,triplet_accuracy,1839,0.65
decrease,Transition-Grounded,180,triplet_accuracy,1943,0.45
decrease,Transition-Grounded,180,triplet_accuracy,2005,0.65
decrease,Transition-Grounded,180,triplet_accuracy,2048,0.5
decrease,Transition-Grounded,180,triplet_accuracy,2173,0.45
decrease,Transition-Grounded,180,triplet_accuracy,2263,0.5
decrease,Transition-Grounded,180,triplet_accuracy,2303,0.6
decrease,Transition-Grounded,180,triplet_accuracy,2308,0.4
decrease,Transition-Grounded,180,triplet_accuracy,2347,0.55
decrease,Transition-Grounded,180,triplet_accuracy,2361,0.5
decrease,Transition-Grounded,180,triplet_accuracy,2567,0.5
decrease,Transition-Grounded,180,triplet_accuracy,2943,0.45
decrease,Transition-Grounded,180,triplet_accuracy,2988,0.45
decrease,Transition-Grounded,180,triplet_accuracy,3261,0.55
decrease,Transition-Grounded,180,triplet_accuracy,3354,0.6
decrease,Transition-Grounded,180,triplet_accuracy,3525,0.45
decrease,Transition-Grounded,180,triplet_accuracy,3569,0.55
decrease,Transition-Grounded,180,triplet_accuracy,3593,0.6
decrease,Transition-Grounded,180,triplet_accuracy,3768,0.55
decrease,Transition-Grounded,180,triplet_accuracy,3852,0.55
decrease,Transition-Grounded,180,triplet_accuracy,3967,0.65
decrease,Transition-Grounded,180,triplet_accuracy,3978,0.55
decrease,Transition-Grounded,180,triplet_accuracy,3985,0.65
decrease,Transition-Grounded,180,triplet_accuracy,4016,0.6
decrease,Transition-Grounded,180,triplet_accuracy,4293,0.65
decrease,Transition-Grounded,180,triplet_accuracy,4312,0.5
decrease,Transition-Grounded,180,triplet_accuracy,4529,0.4
decrease,Transition-Grounded,180,triplet_accuracy,4540,0.45
decrease,Transition-Grounded,180,triplet_accuracy,4686,0.65
decrease,Transition-Grounded,180,triplet_accuracy,4821,0.6
decrease,Transition-Grounded,180,triplet_accuracy,4865,0.7
decrease,Transition-Grounded,180,triplet_accuracy,4944,0.5
decrease,Transition-Grounded,180,triplet_accuracy,5309,0.65
decrease,Transition-Grounded,180,triplet_accuracy,5377,0.45
decrease,Transition-Grounded,180,triplet_accuracy,5410,0.55
decrease,Transition-Grounded,180,triplet_accuracy,5454,0.45
decrease,Transition-Grounded,180,triplet_accuracy,5516,0.75
decrease,Transition-Grounded,180,triplet_accuracy,5600,0.4
decrease,Transition-Grounded,180,triplet_accuracy,5778,0.3
decrease,Transition-Grounded,180,triplet_accuracy,5989,0.35
decrease,Transition-Grounded,180,triplet_accuracy,6025,0.6
stop,Transition-Grounded,180,BIS_same_minus_opposite_cosine,105,0.07112364917993547
stop,Transition-Grounded,180,BIS_same_minus_opposite_cosine,348,0.09518040054374266
stop,Transition-Grounded,180,BIS_same_minus_opposite_cosine,391,0.25068920850753784
stop,Transition-Grounded,180,BIS_same_minus_opposite_cosine,747,0.04534522030088628
stop,Transition-Grounded,180,BIS_same_minus_opposite_cosine,758,0.10092082222302756
stop,Transition-Grounded,180,BIS_same_minus_opposite_cosine,877,0.2595150719086329
stop,Transition-Grounded,180,BIS_same_minus_opposite_cosine,926,0.027646183967590332
stop,Transition-Grounded,180,BIS_same_minus_opposite_cosine,1092,0.13992835084597277
stop,Transition-Grounded,180,BIS_same_minus_opposite_cosine,1193,-0.13199483243127658
stop,Transition-Grounded,180,BIS_same_minus_opposite_cosine,1480,0.01802986589345068
stop,Transition-Grounded,180,BIS_same_minus_opposite_cosine,1636,0.0951960623264313
stop,Transition-Grounded,180,BIS_same_minus_opposite_cosine,1644,-0.06884319583574938
stop,Transition-Grounded,180,BIS_same_minus_opposite_cosine,2005,0.12641429801781978
stop,Transition-Grounded,180,BIS_same_minus_opposite_cosine,2303,-0.12814462184906006
stop,Transition-Grounded,180,BIS_same_minus_opposite_cosine,2361,0.06757720763033082
stop,Transition-Grounded,180,BIS_same_minus_opposite_cosine,2567,-0.11659424006938934
stop,Transition-Grounded,180,BIS_same_minus_opposite_cosine,2943,0.1059722403685252
stop,Transition-Grounded,180,BIS_same_minus_opposite_cosine,2946,0.06980483177484886
stop,Transition-Grounded,180,BIS_same_minus_opposite_cosine,3261,0.03316489855448401
stop,Transition-Grounded,180,BIS_same_minus_opposite_cosine,3485,-0.0396878023942312
stop,Transition-Grounded,180,BIS_same_minus_opposite_cosine,3525,-0.028006288976896387
stop,Transition-Grounded,180,BIS_same_minus_opposite_cosine,3593,0.03883745024601615
stop,Transition-Grounded,180,BIS_same_minus_opposite_cosine,3613,0.02414061445178406
stop,Transition-Grounded,180,BIS_same_minus_opposite_cosine,3967,0.10999967406193412
stop,Transition-Grounded,180,BIS_same_minus_opposite_cosine,3976,0.015030880769093813
stop,Transition-Grounded,180,BIS_same_minus_opposite_cosine,4016,0.02188362181186676
stop,Transition-Grounded,180,BIS_same_minus_opposite_cosine,4865,0.14766812200347584
stop,Transition-Grounded,180,BIS_same_minus_opposite_cosine,4944,0.12637979040543235
stop,Transition-Grounded,180,BIS_same_minus_opposite_cosine,5377,-0.061964213848114014
stop,Transition-Grounded,180,BIS_same_minus_opposite_cosine,5410,0.1135730029958667
stop,Transition-Grounded,180,BIS_same_minus_opposite_cosine,5454,0.11261438826719922
stop,Transition-Grounded,180,BIS_same_minus_opposite_cosine,5516,-0.12751296907663345
stop,Transition-Grounded,180,BIS_same_minus_opposite_cosine,5600,-0.023339277754227283
stop,Transition-Grounded,180,BIS_same_minus_opposite_cosine,5778,0.050651808579762814
stop,Transition-Grounded,180,BIS_same_minus_opposite_cosine,5826,0.12218874444564187
stop,Transition-Grounded,180,MAP_same_minus_opposite_cosine,105,0.033806091682477446
stop,Transition-Grounded,180,MAP_same_minus_opposite_cosine,348,0.05636687350995606
stop,Transition-Grounded,180,MAP_same_minus_opposite_cosine,391,-0.05531364253589088
stop,Transition-Grounded,180,MAP_same_minus_opposite_cosine,747,-0.03903934122486552
stop,Transition-Grounded,180,MAP_same_minus_opposite_cosine,758,-0.023380138807826523
stop,Transition-Grounded,180,MAP_same_minus_opposite_cosine,877,0.03619357988689886
stop,Transition-Grounded,180,MAP_same_minus_opposite_cosine,926,-0.029484868049621582
stop,Transition-Grounded,180,MAP_same_minus_opposite_cosine,1092,0.01846739365940997
stop,Transition-Grounded,180,MAP_same_minus_opposite_cosine,1193,-0.23339001803348464
stop,Transition-Grounded,180,MAP_same_minus_opposite_cosine,1480,0.010337206224600548
stop,Transition-Grounded,180,MAP_same_minus_opposite_cosine,1636,-0.0012537896633147971
stop,Transition-Grounded,180,MAP_same_minus_opposite_cosine,1644,-0.013153920571009337
stop,Transition-Grounded,180,MAP_same_minus_opposite_cosine,2005,-0.007974815865357754
stop,Transition-Grounded,180,MAP_same_minus_opposite_cosine,2361,-0.09599213302135468
stop,Transition-Grounded,180,MAP_same_minus_opposite_cosine,2567,-0.03728314191102977
stop,Transition-Grounded,180,MAP_same_minus_opposite_cosine,2943,-0.03155712206803618
stop,Transition-Grounded,180,MAP_same_minus_opposite_cosine,2946,-0.03611462873717153
stop,Transition-Grounded,180,MAP_same_minus_opposite_cosine,3261,-0.022877242754806182
stop,Transition-Grounded,180,MAP_same_minus_opposite_cosine,3485,-0.04001882175604499
stop,Transition-Grounded,180,MAP_same_minus_opposite_cosine,3525,-0.02804751147826512
stop,Transition-Grounded,180,MAP_same_minus_opposite_cosine,3593,0.22834584779209566
stop,Transition-Grounded,180,MAP_same_minus_opposite_cosine,3613,-0.037999030089739594
stop,Transition-Grounded,180,MAP_same_minus_opposite_cosine,3967,-0.04471449156602225
stop,Transition-Grounded,180,MAP_same_minus_opposite_cosine,3976,0.03715711236000063
stop,Transition-Grounded,180,MAP_same_minus_opposite_cosine,4016,0.09081412445415149
stop,Transition-Grounded,180,MAP_same_minus_opposite_cosine,4865,0.0022075422333949213
stop,Transition-Grounded,180,MAP_same_minus_opposite_cosine,4944,-0.10736860583225893
stop,Transition-Grounded,180,MAP_same_minus_opposite_cosine,5377,0.17205414175987244
stop,Transition-Grounded,180,MAP_same_minus_opposite_cosine,5410,0.010568660429932875
stop,Transition-Grounded,180,MAP_same_minus_opposite_cosine,5454,0.13257575531800592
stop,Transition-Grounded,180,MAP_same_minus_opposite_cosine,5516,-0.04949060082435608
stop,Transition-Grounded,180,MAP_same_minus_opposite_cosine,5600,-0.09046442061662674
stop,Transition-Grounded,180,MAP_same_minus_opposite_cosine,5778,-0.06085743980877334
stop,Transition-Grounded,180,MAP_same_minus_opposite_cosine,5826,0.0398714542388916
stop,Transition-Grounded,180,triplet_accuracy,348,0.7
stop,Transition-Grounded,180,triplet_accuracy,391,0.65
stop,Transition-Grounded,180,triplet_accuracy,747,0.4
stop,Transition-Grounded,180,triplet_accuracy,758,0.7
stop,Transition-Grounded,180,triplet_accuracy,1092,0.6
stop,Transition-Grounded,180,triplet_accuracy,1193,0.55
stop,Transition-Grounded,180,triplet_accuracy,1480,0.5
stop,Transition-Grounded,180,triplet_accuracy,2005,0.65
stop,Transition-Grounded,180,triplet_accuracy,2361,0.4
stop,Transition-Grounded,180,triplet_accuracy,2567,0.65
stop,Transition-Grounded,180,triplet_accuracy,2943,0.45
stop,Transition-Grounded,180,triplet_accuracy,3261,0.75
stop,Transition-Grounded,180,triplet_accuracy,3525,0.55
stop,Transition-Grounded,180,triplet_accuracy,3593,0.6
stop,Transition-Grounded,180,triplet_accuracy,3967,0.55
stop,Transition-Grounded,180,triplet_accuracy,4016,0.65
stop,Transition-Grounded,180,triplet_accuracy,4865,0.6
stop,Transition-Grounded,180,triplet_accuracy,4944,0.4
stop,Transition-Grounded,180,triplet_accuracy,5377,0.65
stop,Transition-Grounded,180,triplet_accuracy,5410,0.6
stop,Transition-Grounded,180,triplet_accuracy,5454,0.9
stop,Transition-Grounded,180,triplet_accuracy,5516,0.6
stop,Transition-Grounded,180,triplet_accuracy,5600,0.45
stop,Transition-Grounded,180,triplet_accuracy,5778,0.6
high_rate_tail,Transition-Grounded,180,BIS_same_minus_opposite_cosine,105,0.12100945351024472
high_rate_tail,Transition-Grounded,180,BIS_same_minus_opposite_cosine,323,-0.09941525046120991
high_rate_tail,Transition-Grounded,180,BIS_same_minus_opposite_cosine,348,0.1446954477013963
high_rate_tail,Transition-Grounded,180,BIS_same_minus_opposite_cosine,391,0.14226799830794334
high_rate_tail,Transition-Grounded,180,BIS_same_minus_opposite_cosine,683,-0.06943817039330802
high_rate_tail,Transition-Grounded,180,BIS_same_minus_opposite_cosine,747,0.0702105393012365
high_rate_tail,Transition-Grounded,180,BIS_same_minus_opposite_cosine,750,0.11961048380250028
high_rate_tail,Transition-Grounded,180,BIS_same_minus_opposite_cosine,758,0.13476369281609846
high_rate_tail,Transition-Grounded,180,BIS_same_minus_opposite_cosine,843,0.15064241488774616
high_rate_tail,Transition-Grounded,180,BIS_same_minus_opposite_cosine,877,0.009595912514310911
high_rate_tail,Transition-Grounded,180,BIS_same_minus_opposite_cosine,926,0.2154402732849121
high_rate_tail,Transition-Grounded,180,BIS_same_minus_opposite_cosine,967,0.09201293769809932
high_rate_tail,Transition-Grounded,180,BIS_same_minus_opposite_cosine,992,0.0965824929827993
high_rate_tail,Transition-Grounded,180,BIS_same_minus_opposite_cosine,1092,0.04467301635128085
high_rate_tail,Transition-Grounded,180,BIS_same_minus_opposite_cosine,1193,0.07767220518805762
high_rate_tail,Transition-Grounded,180,BIS_same_minus_opposite_cosine,1308,-0.036198806582075194
high_rate_tail,Transition-Grounded,180,BIS_same_minus_opposite_cosine,1335,-0.10204093903303146
high_rate_tail,Transition-Grounded,180,BIS_same_minus_opposite_cosine,1480,0.09651204529735768
high_rate_tail,Transition-Grounded,180,BIS_same_minus_opposite_cosine,1566,-0.08372850881682503
high_rate_tail,Transition-Grounded,180,BIS_same_minus_opposite_cosine,1636,0.13396054754654563
high_rate_tail,Transition-Grounded,180,BIS_same_minus_opposite_cosine,1644,0.12874336066571146
high_rate_tail,Transition-Grounded,180,BIS_same_minus_opposite_cosine,1839,0.04738607630133629
high_rate_tail,Transition-Grounded,180,BIS_same_minus_opposite_cosine,1943,0.012356840251457113
high_rate_tail,Transition-Grounded,180,BIS_same_minus_opposite_cosine,2005,0.04608723521232605
high_rate_tail,Transition-Grounded,180,BIS_same_minus_opposite_cosine,2048,0.007677737871805812
high_rate_tail,Transition-Grounded,180,BIS_same_minus_opposite_cosine,2173,0.025993381937344795
high_rate_tail,Transition-Grounded,180,BIS_same_minus_opposite_cosine,2263,0.07050261460244656
high_rate_tail,Transition-Grounded,180,BIS_same_minus_opposite_cosine,2303,0.2960774672528108
high_rate_tail,Transition-Grounded,180,BIS_same_minus_opposite_cosine,2308,0.06254750821325517
high_rate_tail,Transition-Grounded,180,BIS_same_minus_opposite_cosine,2347,0.004790725807348961
high_rate_tail,Transition-Grounded,180,BIS_same_minus_opposite_cosine,2361,0.021735223179513707
high_rate_tail,Transition-Grounded,180,BIS_same_minus_opposite_cosine,2567,-0.005592450251181935
high_rate_tail,Transition-Grounded,180,BIS_same_minus_opposite_cosine,2900,-0.0002518747792099596
high_rate_tail,Transition-Grounded,180,BIS_same_minus_opposite_cosine,2943,0.04205718802081215
high_rate_tail,Transition-Grounded,180,BIS_same_minus_opposite_cosine,2946,0.16897983352343238
high_rate_tail,Transition-Grounded,180,BIS_same_minus_opposite_cosine,2988,0.10023995873828728
high_rate_tail,Transition-Grounded,180,BIS_same_minus_opposite_cosine,3261,0.08424171836425859
high_rate_tail,Transition-Grounded,180,BIS_same_minus_opposite_cosine,3354,0.11713114245371381
high_rate_tail,Transition-Grounded,180,BIS_same_minus_opposite_cosine,3387,0.0521947026252747
high_rate_tail,Transition-Grounded,180,BIS_same_minus_opposite_cosine,3485,0.026750340064366718
high_rate_tail,Transition-Grounded,180,BIS_same_minus_opposite_cosine,3525,-0.11639738715056225
high_rate_tail,Transition-Grounded,180,BIS_same_minus_opposite_cosine,3569,0.0676851446429888
high_rate_tail,Transition-Grounded,180,BIS_same_minus_opposite_cosine,3593,-0.08428662767012918
high_rate_tail,Transition-Grounded,180,BIS_same_minus_opposite_cosine,3613,-0.04013824112939113
high_rate_tail,Transition-Grounded,180,BIS_same_minus_opposite_cosine,3764,0.15464346061150225
high_rate_tail,Transition-Grounded,180,BIS_same_minus_opposite_cosine,3768,-0.051613721251487776
high_rate_tail,Transition-Grounded,180,BIS_same_minus_opposite_cosine,3852,0.021709884561243564
high_rate_tail,Transition-Grounded,180,BIS_same_minus_opposite_cosine,3967,0.02774295128054094
high_rate_tail,Transition-Grounded,180,BIS_same_minus_opposite_cosine,3976,0.09362678884556797
high_rate_tail,Transition-Grounded,180,BIS_same_minus_opposite_cosine,3978,0.139293622970581
high_rate_tail,Transition-Grounded,180,BIS_same_minus_opposite_cosine,3985,0.02515481412410736
high_rate_tail,Transition-Grounded,180,BIS_same_minus_opposite_cosine,4016,0.015682228157917644
high_rate_tail,Transition-Grounded,180,BIS_same_minus_opposite_cosine,4080,0.07078595024844014
high_rate_tail,Transition-Grounded,180,BIS_same_minus_opposite_cosine,4293,0.0960064219931761
high_rate_tail,Transition-Grounded,180,BIS_same_minus_opposite_cosine,4312,0.039434479673703504
high_rate_tail,Transition-Grounded,180,BIS_same_minus_opposite_cosine,4529,0.0348121474186579
high_rate_tail,Transition-Grounded,180,BIS_same_minus_opposite_cosine,4540,0.054783101673379075
high_rate_tail,Transition-Grounded,180,BIS_same_minus_opposite_cosine,4638,-0.04890947913130128
high_rate_tail,Transition-Grounded,180,BIS_same_minus_opposite_cosine,4686,0.007396911581357357
high_rate_tail,Transition-Grounded,180,BIS_same_minus_opposite_cosine,4821,0.014820080871383312
high_rate_tail,Transition-Grounded,180,BIS_same_minus_opposite_cosine,4865,0.03130846718947089
high_rate_tail,Transition-Grounded,180,BIS_same_minus_opposite_cosine,4944,0.05624131446309161
high_rate_tail,Transition-Grounded,180,BIS_same_minus_opposite_cosine,5309,0.101642569899559
high_rate_tail,Transition-Grounded,180,BIS_same_minus_opposite_cosine,5377,0.12073223134784983
high_rate_tail,Transition-Grounded,180,BIS_same_minus_opposite_cosine,5410,-0.013541414091984505
high_rate_tail,Transition-Grounded,180,BIS_same_minus_opposite_cosine,5454,-0.031721278799302643
high_rate_tail,Transition-Grounded,180,BIS_same_minus_opposite_cosine,5516,-0.0039191949322368025
high_rate_tail,Transition-Grounded,180,BIS_same_minus_opposite_cosine,5600,0.04965517353830917
high_rate_tail,Transition-Grounded,180,BIS_same_minus_opposite_cosine,5778,0.055150409539540646
high_rate_tail,Transition-Grounded,180,BIS_same_minus_opposite_cosine,5826,0.03782689639113168
high_rate_tail,Transition-Grounded,180,BIS_same_minus_opposite_cosine,5961,0.11048019880598237
high_rate_tail,Transition-Grounded,180,BIS_same_minus_opposite_cosine,5989,0.09445391678147852
high_rate_tail,Transition-Grounded,180,BIS_same_minus_opposite_cosine,6025,0.026345069209734562
high_rate_tail,Transition-Grounded,180,MAP_same_minus_opposite_cosine,105,-0.08289005731542903
high_rate_tail,Transition-Grounded,180,MAP_same_minus_opposite_cosine,323,0.047989219427108765
high_rate_tail,Transition-Grounded,180,MAP_same_minus_opposite_cosine,348,0.02031151792316721
high_rate_tail,Transition-Grounded,180,MAP_same_minus_opposite_cosine,391,0.06392389287551248
high_rate_tail,Transition-Grounded,180,MAP_same_minus_opposite_cosine,683,-0.08048212925593057
high_rate_tail,Transition-Grounded,180,MAP_same_minus_opposite_cosine,747,-0.22334188194663235
high_rate_tail,Transition-Grounded,180,MAP_same_minus_opposite_cosine,750,-0.02735581166214407
high_rate_tail,Transition-Grounded,180,MAP_same_minus_opposite_cosine,758,-0.017176034324096978
high_rate_tail,Transition-Grounded,180,MAP_same_minus_opposite_cosine,843,0.0628791873653729
high_rate_tail,Transition-Grounded,180,MAP_same_minus_opposite_cosine,877,0.038844722690004274
high_rate_tail,Transition-Grounded,180,MAP_same_minus_opposite_cosine,926,-0.029875541049422583
high_rate_tail,Transition-Grounded,180,MAP_same_minus_opposite_cosine,967,-0.07886370105875862
high_rate_tail,Transition-Grounded,180,MAP_same_minus_opposite_cosine,992,0.0013676529129346138
high_rate_tail,Transition-Grounded,180,MAP_same_minus_opposite_cosine,1092,0.024529578164219856
high_rate_tail,Transition-Grounded,180,MAP_same_minus_opposite_cosine,1193,-0.1656694466558596
high_rate_tail,Transition-Grounded,180,MAP_same_minus_opposite_cosine,1308,-0.04575301661635889
high_rate_tail,Transition-Grounded,180,MAP_same_minus_opposite_cosine,1335,0.023098071867769465
high_rate_tail,Transition-Grounded,180,MAP_same_minus_opposite_cosine,1480,-0.0282883067925771
high_rate_tail,Transition-Grounded,180,MAP_same_minus_opposite_cosine,1566,0.059753454393810745
high_rate_tail,Transition-Grounded,180,MAP_same_minus_opposite_cosine,1636,-0.09921609424054623
high_rate_tail,Transition-Grounded,180,MAP_same_minus_opposite_cosine,1644,-0.07832949370559716
high_rate_tail,Transition-Grounded,180,MAP_same_minus_opposite_cosine,1839,-0.001315392553806305
high_rate_tail,Transition-Grounded,180,MAP_same_minus_opposite_cosine,1943,0.008416043989586175
high_rate_tail,Transition-Grounded,180,MAP_same_minus_opposite_cosine,2005,0.014693871140480042
high_rate_tail,Transition-Grounded,180,MAP_same_minus_opposite_cosine,2048,0.015826282401879666
high_rate_tail,Transition-Grounded,180,MAP_same_minus_opposite_cosine,2173,-0.03140625009934106
high_rate_tail,Transition-Grounded,180,MAP_same_minus_opposite_cosine,2263,-0.06726444145721022
high_rate_tail,Transition-Grounded,180,MAP_same_minus_opposite_cosine,2303,-0.04400279497106868
high_rate_tail,Transition-Grounded,180,MAP_same_minus_opposite_cosine,2308,0.002546652248411496
high_rate_tail,Transition-Grounded,180,MAP_same_minus_opposite_cosine,2347,-0.13731345748811052
high_rate_tail,Transition-Grounded,180,MAP_same_minus_opposite_cosine,2361,-0.000277558962504032
high_rate_tail,Transition-Grounded,180,MAP_same_minus_opposite_cosine,2567,0.09994475419322646
high_rate_tail,Transition-Grounded,180,MAP_same_minus_opposite_cosine,2900,-0.06775300701459241
high_rate_tail,Transition-Grounded,180,MAP_same_minus_opposite_cosine,2943,0.12174520206948125
high_rate_tail,Transition-Grounded,180,MAP_same_minus_opposite_cosine,2946,0.11448133172410901
high_rate_tail,Transition-Grounded,180,MAP_same_minus_opposite_cosine,2988,-0.014817146415060267
high_rate_tail,Transition-Grounded,180,MAP_same_minus_opposite_cosine,3261,-0.07487122387145512
high_rate_tail,Transition-Grounded,180,MAP_same_minus_opposite_cosine,3354,0.004118238886197445
high_rate_tail,Transition-Grounded,180,MAP_same_minus_opposite_cosine,3387,-0.005738347768783569
high_rate_tail,Transition-Grounded,180,MAP_same_minus_opposite_cosine,3485,0.033209944764773014
high_rate_tail,Transition-Grounded,180,MAP_same_minus_opposite_cosine,3525,-0.05184472623196512
high_rate_tail,Transition-Grounded,180,MAP_same_minus_opposite_cosine,3569,0.0066935718059539795
high_rate_tail,Transition-Grounded,180,MAP_same_minus_opposite_cosine,3593,-0.0459242800871531
high_rate_tail,Transition-Grounded,180,MAP_same_minus_opposite_cosine,3613,-0.0005855684479078027
high_rate_tail,Transition-Grounded,180,MAP_same_minus_opposite_cosine,3764,0.021155913670857784
high_rate_tail,Transition-Grounded,180,MAP_same_minus_opposite_cosine,3768,-0.029103844612836882
high_rate_tail,Transition-Grounded,180,MAP_same_minus_opposite_cosine,3852,0.03493496961891651
high_rate_tail,Transition-Grounded,180,MAP_same_minus_opposite_cosine,3967,-0.005385418732960945
high_rate_tail,Transition-Grounded,180,MAP_same_minus_opposite_cosine,3976,-0.07982751131057741
high_rate_tail,Transition-Grounded,180,MAP_same_minus_opposite_cosine,3978,-0.08878783881664276
high_rate_tail,Transition-Grounded,180,MAP_same_minus_opposite_cosine,3985,0.06090055840710795
high_rate_tail,Transition-Grounded,180,MAP_same_minus_opposite_cosine,4016,-0.0020016481479009363
high_rate_tail,Transition-Grounded,180,MAP_same_minus_opposite_cosine,4080,0.009650525450706438
high_rate_tail,Transition-Grounded,180,MAP_same_minus_opposite_cosine,4293,-0.0012315192984210244
high_rate_tail,Transition-Grounded,180,MAP_same_minus_opposite_cosine,4312,0.043599339822928074
high_rate_tail,Transition-Grounded,180,MAP_same_minus_opposite_cosine,4529,0.008529412746429488
high_rate_tail,Transition-Grounded,180,MAP_same_minus_opposite_cosine,4540,0.1255306204160055
high_rate_tail,Transition-Grounded,180,MAP_same_minus_opposite_cosine,4638,-0.06842423614227411
high_rate_tail,Transition-Grounded,180,MAP_same_minus_opposite_cosine,4686,-0.01872759312391281
high_rate_tail,Transition-Grounded,180,MAP_same_minus_opposite_cosine,4821,0.034250160735665
high_rate_tail,Transition-Grounded,180,MAP_same_minus_opposite_cosine,4865,-0.06081604189944989
high_rate_tail,Transition-Grounded,180,MAP_same_minus_opposite_cosine,4944,0.06565380412520783
high_rate_tail,Transition-Grounded,180,MAP_same_minus_opposite_cosine,5309,0.026367072016000748
high_rate_tail,Transition-Grounded,180,MAP_same_minus_opposite_cosine,5377,0.00799214094877243
high_rate_tail,Transition-Grounded,180,MAP_same_minus_opposite_cosine,5410,-0.07125027601917588
high_rate_tail,Transition-Grounded,180,MAP_same_minus_opposite_cosine,5454,-0.04228401613054855
high_rate_tail,Transition-Grounded,180,MAP_same_minus_opposite_cosine,5516,0.0032847797441662996
high_rate_tail,Transition-Grounded,180,MAP_same_minus_opposite_cosine,5600,-0.18978515546768904
high_rate_tail,Transition-Grounded,180,MAP_same_minus_opposite_cosine,5778,-0.10291261639859939
high_rate_tail,Transition-Grounded,180,MAP_same_minus_opposite_cosine,5826,-0.07227908932801441
high_rate_tail,Transition-Grounded,180,MAP_same_minus_opposite_cosine,5961,0.0019314510352683723
high_rate_tail,Transition-Grounded,180,MAP_same_minus_opposite_cosine,5989,0.022768037021160148
high_rate_tail,Transition-Grounded,180,MAP_same_minus_opposite_cosine,6025,-0.0797379041711489
high_rate_tail,Transition-Grounded,180,triplet_accuracy,323,0.7
high_rate_tail,Transition-Grounded,180,triplet_accuracy,348,0.65
high_rate_tail,Transition-Grounded,180,triplet_accuracy,391,0.7
high_rate_tail,Transition-Grounded,180,triplet_accuracy,683,0.65
high_rate_tail,Transition-Grounded,180,triplet_accuracy,747,0.5
high_rate_tail,Transition-Grounded,180,triplet_accuracy,750,0.7
high_rate_tail,Transition-Grounded,180,triplet_accuracy,758,0.6
high_rate_tail,Transition-Grounded,180,triplet_accuracy,843,0.6
high_rate_tail,Transition-Grounded,180,triplet_accuracy,967,0.55
high_rate_tail,Transition-Grounded,180,triplet_accuracy,1092,0.65
high_rate_tail,Transition-Grounded,180,triplet_accuracy,1193,0.4
high_rate_tail,Transition-Grounded,180,triplet_accuracy,1335,0.6
high_rate_tail,Transition-Grounded,180,triplet_accuracy,1480,0.35
high_rate_tail,Transition-Grounded,180,triplet_accuracy,1566,0.5
high_rate_tail,Transition-Grounded,180,triplet_accuracy,1839,0.6
high_rate_tail,Transition-Grounded,180,triplet_accuracy,1943,0.8
high_rate_tail,Transition-Grounded,180,triplet_accuracy,2005,0.5
high_rate_tail,Transition-Grounded,180,triplet_accuracy,2048,0.7
high_rate_tail,Transition-Grounded,180,triplet_accuracy,2173,0.5
high_rate_tail,Transition-Grounded,180,triplet_accuracy,2263,0.8
high_rate_tail,Transition-Grounded,180,triplet_accuracy,2303,0.65
high_rate_tail,Transition-Grounded,180,triplet_accuracy,2308,0.55
high_rate_tail,Transition-Grounded,180,triplet_accuracy,2347,0.4
high_rate_tail,Transition-Grounded,180,triplet_accuracy,2361,0.55
high_rate_tail,Transition-Grounded,180,triplet_accuracy,2567,0.65
high_rate_tail,Transition-Grounded,180,triplet_accuracy,2943,0.5
high_rate_tail,Transition-Grounded,180,triplet_accuracy,2988,0.65
high_rate_tail,Transition-Grounded,180,triplet_accuracy,3261,0.45
high_rate_tail,Transition-Grounded,180,triplet_accuracy,3354,0.6
high_rate_tail,Transition-Grounded,180,triplet_accuracy,3525,0.45
high_rate_tail,Transition-Grounded,180,triplet_accuracy,3569,0.65
high_rate_tail,Transition-Grounded,180,triplet_accuracy,3593,0.6
high_rate_tail,Transition-Grounded,180,triplet_accuracy,3768,0.5
high_rate_tail,Transition-Grounded,180,triplet_accuracy,3852,0.45
high_rate_tail,Transition-Grounded,180,triplet_accuracy,3967,0.4
high_rate_tail,Transition-Grounded,180,triplet_accuracy,3978,0.65
high_rate_tail,Transition-Grounded,180,triplet_accuracy,3985,0.55
high_rate_tail,Transition-Grounded,180,triplet_accuracy,4016,0.55
high_rate_tail,Transition-Grounded,180,triplet_accuracy,4293,0.6
high_rate_tail,Transition-Grounded,180,triplet_accuracy,4312,0.55
high_rate_tail,Transition-Grounded,180,triplet_accuracy,4529,0.3
high_rate_tail,Transition-Grounded,180,triplet_accuracy,4540,0.65
high_rate_tail,Transition-Grounded,180,triplet_accuracy,4686,0.65
high_rate_tail,Transition-Grounded,180,triplet_accuracy,4821,0.55
high_rate_tail,Transition-Grounded,180,triplet_accuracy,4865,0.3
high_rate_tail,Transition-Grounded,180,triplet_accuracy,4944,0.65
high_rate_tail,Transition-Grounded,180,triplet_accuracy,5309,0.45
high_rate_tail,Transition-Grounded,180,triplet_accuracy,5377,0.6
high_rate_tail,Transition-Grounded,180,triplet_accuracy,5410,0.55
high_rate_tail,Transition-Grounded,180,triplet_accuracy,5454,0.45
high_rate_tail,Transition-Grounded,180,triplet_accuracy,5516,0.6
high_rate_tail,Transition-Grounded,180,triplet_accuracy,5600,0.6
high_rate_tail,Transition-Grounded,180,triplet_accuracy,5778,0.6
high_rate_tail,Transition-Grounded,180,triplet_accuracy,5989,0.6
high_rate_tail,Transition-Grounded,180,triplet_accuracy,6025,0.6
non_tail,Transition-Grounded,180,BIS_same_minus_opposite_cosine,105,0.038550117702195186
non_tail,Transition-Grounded,180,BIS_same_minus_opposite_cosine,323,-0.059440935651461246
non_tail,Transition-Grounded,180,BIS_same_minus_opposite_cosine,348,0.07294444342454276
non_tail,Transition-Grounded,180,BIS_same_minus_opposite_cosine,391,-0.08940500766038895
non_tail,Transition-Grounded,180,BIS_same_minus_opposite_cosine,683,0.014708259142935276
non_tail,Transition-Grounded,180,BIS_same_minus_opposite_cosine,747,0.05025867869456613
non_tail,Transition-Grounded,180,BIS_same_minus_opposite_cosine,750,0.09131783909267854
non_tail,Transition-Grounded,180,BIS_same_minus_opposite_cosine,758,0.07249579495853842
non_tail,Transition-Grounded,180,BIS_same_minus_opposite_cosine,843,0.17295398414134977
non_tail,Transition-Grounded,180,BIS_same_minus_opposite_cosine,877,-0.09937893712159351
non_tail,Transition-Grounded,180,BIS_same_minus_opposite_cosine,926,0.07678602039813998
non_tail,Transition-Grounded,180,BIS_same_minus_opposite_cosine,967,-0.10643569442133105
non_tail,Transition-Grounded,180,BIS_same_minus_opposite_cosine,992,-0.03109776567329059
non_tail,Transition-Grounded,180,BIS_same_minus_opposite_cosine,1014,0.07143090620185388
non_tail,Transition-Grounded,180,BIS_same_minus_opposite_cosine,1092,0.08772277997599709
non_tail,Transition-Grounded,180,BIS_same_minus_opposite_cosine,1193,0.05994179521997772
non_tail,Transition-Grounded,180,BIS_same_minus_opposite_cosine,1308,-0.09884665093074241
non_tail,Transition-Grounded,180,BIS_same_minus_opposite_cosine,1335,-0.012513657298051872
non_tail,Transition-Grounded,180,BIS_same_minus_opposite_cosine,1480,0.08535816247264538
non_tail,Transition-Grounded,180,BIS_same_minus_opposite_cosine,1566,-0.03965759582140227
non_tail,Transition-Grounded,180,BIS_same_minus_opposite_cosine,1636,0.020457665125528934
non_tail,Transition-Grounded,180,BIS_same_minus_opposite_cosine,1644,0.1634982004761696
non_tail,Transition-Grounded,180,BIS_same_minus_opposite_cosine,1839,0.07600075751543045
non_tail,Transition-Grounded,180,BIS_same_minus_opposite_cosine,1943,0.014788052688042286
non_tail,Transition-Grounded,180,BIS_same_minus_opposite_cosine,2005,0.05631418700019519
non_tail,Transition-Grounded,180,BIS_same_minus_opposite_cosine,2048,-0.02177453496389914
non_tail,Transition-Grounded,180,BIS_same_minus_opposite_cosine,2173,-0.007258372026540005
non_tail,Transition-Grounded,180,BIS_same_minus_opposite_cosine,2263,-0.037693376839160964
non_tail,Transition-Grounded,180,BIS_same_minus_opposite_cosine,2303,-0.004847519099712372
non_tail,Transition-Grounded,180,BIS_same_minus_opposite_cosine,2308,0.17985840638478595
non_tail,Transition-Grounded,180,BIS_same_minus_opposite_cosine,2347,0.11853273411591847
non_tail,Transition-Grounded,180,BIS_same_minus_opposite_cosine,2361,0.02384278823932018
non_tail,Transition-Grounded,180,BIS_same_minus_opposite_cosine,2567,-0.006020353734493278
non_tail,Transition-Grounded,180,BIS_same_minus_opposite_cosine,2900,-0.019759075509177326
non_tail,Transition-Grounded,180,BIS_same_minus_opposite_cosine,2943,0.04979337368047598
non_tail,Transition-Grounded,180,BIS_same_minus_opposite_cosine,2946,0.0077418585618337366
non_tail,Transition-Grounded,180,BIS_same_minus_opposite_cosine,2988,0.0152479377057817
non_tail,Transition-Grounded,180,BIS_same_minus_opposite_cosine,3261,-0.11585617139935489
non_tail,Transition-Grounded,180,BIS_same_minus_opposite_cosine,3354,-0.08559956401586533
non_tail,Transition-Grounded,180,BIS_same_minus_opposite_cosine,3387,0.027860886993862355
non_tail,Transition-Grounded,180,BIS_same_minus_opposite_cosine,3485,0.084293279619444
non_tail,Transition-Grounded,180,BIS_same_minus_opposite_cosine,3525,0.07497863024473195
non_tail,Transition-Grounded,180,BIS_same_minus_opposite_cosine,3569,0.06343237972921789
non_tail,Transition-Grounded,180,BIS_same_minus_opposite_cosine,3593,-0.0844927579164505
non_tail,Transition-Grounded,180,BIS_same_minus_opposite_cosine,3613,-0.13655614687336814
non_tail,Transition-Grounded,180,BIS_same_minus_opposite_cosine,3764,-0.1422824151813984
non_tail,Transition-Grounded,180,BIS_same_minus_opposite_cosine,3768,-0.06622419133782387
non_tail,Transition-Grounded,180,BIS_same_minus_opposite_cosine,3852,-0.11356422801812494
non_tail,Transition-Grounded,180,BIS_same_minus_opposite_cosine,3967,-0.0016190672914186965
non_tail,Transition-Grounded,180,BIS_same_minus_opposite_cosine,3976,0.035196200013160706
non_tail,Transition-Grounded,180,BIS_same_minus_opposite_cosine,3978,-0.009820187091827415
non_tail,Transition-Grounded,180,BIS_same_minus_opposite_cosine,3985,-0.008423268795013428
non_tail,Transition-Grounded,180,BIS_same_minus_opposite_cosine,4016,-0.06889145821332932
non_tail,Transition-Grounded,180,BIS_same_minus_opposite_cosine,4080,0.123891379506815
non_tail,Transition-Grounded,180,BIS_same_minus_opposite_cosine,4293,0.005476079757014918
non_tail,Transition-Grounded,180,BIS_same_minus_opposite_cosine,4312,-0.0472827073600558
non_tail,Transition-Grounded,180,BIS_same_minus_opposite_cosine,4529,-0.0055939291914304246
non_tail,Transition-Grounded,180,BIS_same_minus_opposite_cosine,4540,0.02925383961862993
non_tail,Transition-Grounded,180,BIS_same_minus_opposite_cosine,4638,-0.08142867436011636
non_tail,Transition-Grounded,180,BIS_same_minus_opposite_cosine,4686,-0.010915670129987842
non_tail,Transition-Grounded,180,BIS_same_minus_opposite_cosine,4821,-0.008304488026734558
non_tail,Transition-Grounded,180,BIS_same_minus_opposite_cosine,4865,0.10672944874474499
non_tail,Transition-Grounded,180,BIS_same_minus_opposite_cosine,4944,0.21327865236636362
non_tail,Transition-Grounded,180,BIS_same_minus_opposite_cosine,5309,0.016259587623856264
non_tail,Transition-Grounded,180,BIS_same_minus_opposite_cosine,5377,0.09994066021207615
non_tail,Transition-Grounded,180,BIS_same_minus_opposite_cosine,5410,0.04863280902306233
non_tail,Transition-Grounded,180,BIS_same_minus_opposite_cosine,5454,0.0238138809800148
non_tail,Transition-Grounded,180,BIS_same_minus_opposite_cosine,5516,-0.06389590646281396
non_tail,Transition-Grounded,180,BIS_same_minus_opposite_cosine,5600,-0.02219595635930699
non_tail,Transition-Grounded,180,BIS_same_minus_opposite_cosine,5778,-0.003997514645258549
non_tail,Transition-Grounded,180,BIS_same_minus_opposite_cosine,5826,0.05019751812020934
non_tail,Transition-Grounded,180,BIS_same_minus_opposite_cosine,5961,0.020782480140527082
non_tail,Transition-Grounded,180,BIS_same_minus_opposite_cosine,5989,-0.06967526106607347
non_tail,Transition-Grounded,180,BIS_same_minus_opposite_cosine,6025,0.06469804147879277
non_tail,Transition-Grounded,180,MAP_same_minus_opposite_cosine,105,-0.09398362164696056
non_tail,Transition-Grounded,180,MAP_same_minus_opposite_cosine,323,0.18562150994936621
non_tail,Transition-Grounded,180,MAP_same_minus_opposite_cosine,348,-0.1938064823547999
non_tail,Transition-Grounded,180,MAP_same_minus_opposite_cosine,391,-0.09217891753429464
non_tail,Transition-Grounded,180,MAP_same_minus_opposite_cosine,683,-0.07477176686127984
non_tail,Transition-Grounded,180,MAP_same_minus_opposite_cosine,747,0.12799720515807472
non_tail,Transition-Grounded,180,MAP_same_minus_opposite_cosine,750,0.0455230250954628
non_tail,Transition-Grounded,180,MAP_same_minus_opposite_cosine,758,0.06978550901015601
non_tail,Transition-Grounded,180,MAP_same_minus_opposite_cosine,843,-0.014600085715452849
non_tail,Transition-Grounded,180,MAP_same_minus_opposite_cosine,877,0.038405871639649036
non_tail,Transition-Grounded,180,MAP_same_minus_opposite_cosine,926,-0.05549726567485114
non_tail,Transition-Grounded,180,MAP_same_minus_opposite_cosine,967,0.015494853032357758
non_tail,Transition-Grounded,180,MAP_same_minus_opposite_cosine,992,0.03782352443897363
non_tail,Transition-Grounded,180,MAP_same_minus_opposite_cosine,1014,0.08737615992625558
non_tail,Transition-Grounded,180,MAP_same_minus_opposite_cosine,1092,0.010921782255172707
non_tail,Transition-Grounded,180,MAP_same_minus_opposite_cosine,1193,-0.01829179997245467
non_tail,Transition-Grounded,180,MAP_same_minus_opposite_cosine,1308,0.025634523142467835
non_tail,Transition-Grounded,180,MAP_same_minus_opposite_cosine,1335,0.15006245424350095
non_tail,Transition-Grounded,180,MAP_same_minus_opposite_cosine,1480,-0.0018261310954889032
non_tail,Transition-Grounded,180,MAP_same_minus_opposite_cosine,1566,0.05016181394457819
non_tail,Transition-Grounded,180,MAP_same_minus_opposite_cosine,1636,0.018935787181059482
non_tail,Transition-Grounded,180,MAP_same_minus_opposite_cosine,1644,0.12191362347867751
non_tail,Transition-Grounded,180,MAP_same_minus_opposite_cosine,1839,-0.054721736095168394
non_tail,Transition-Grounded,180,MAP_same_minus_opposite_cosine,1943,-0.021149954034222485
non_tail,Transition-Grounded,180,MAP_same_minus_opposite_cosine,2005,0.051329353948434187
non_tail,Transition-Grounded,180,MAP_same_minus_opposite_cosine,2048,0.09482497374216714
non_tail,Transition-Grounded,180,MAP_same_minus_opposite_cosine,2173,-0.018324178276640013
non_tail,Transition-Grounded,180,MAP_same_minus_opposite_cosine,2263,-0.002197640863331851
non_tail,Transition-Grounded,180,MAP_same_minus_opposite_cosine,2303,-0.055840785304705265
non_tail,Transition-Grounded,180,MAP_same_minus_opposite_cosine,2308,0.10547902103927398
non_tail,Transition-Grounded,180,MAP_same_minus_opposite_cosine,2347,0.0021993363897004903
non_tail,Transition-Grounded,180,MAP_same_minus_opposite_cosine,2361,-0.054220982723765965
non_tail,Transition-Grounded,180,MAP_same_minus_opposite_cosine,2567,0.12902663368731737
non_tail,Transition-Grounded,180,MAP_same_minus_opposite_cosine,2900,-0.07395821431595262
non_tail,Transition-Grounded,180,MAP_same_minus_opposite_cosine,2943,-0.036911367376645465
non_tail,Transition-Grounded,180,MAP_same_minus_opposite_cosine,2946,0.0077012404799461365
non_tail,Transition-Grounded,180,MAP_same_minus_opposite_cosine,2988,-0.06289112485117387
non_tail,Transition-Grounded,180,MAP_same_minus_opposite_cosine,3261,0.05032132876416051
non_tail,Transition-Grounded,180,MAP_same_minus_opposite_cosine,3354,-0.08823836843172705
non_tail,Transition-Grounded,180,MAP_same_minus_opposite_cosine,3387,-0.026550563176472974
non_tail,Transition-Grounded,180,MAP_same_minus_opposite_cosine,3485,-0.03532477468252182
non_tail,Transition-Grounded,180,MAP_same_minus_opposite_cosine,3525,-0.13784465839465465
non_tail,Transition-Grounded,180,MAP_same_minus_opposite_cosine,3569,-0.07921919350822759
non_tail,Transition-Grounded,180,MAP_same_minus_opposite_cosine,3593,0.04948041430025385
non_tail,Transition-Grounded,180,MAP_same_minus_opposite_cosine,3613,-0.019306350144602025
non_tail,Transition-Grounded,180,MAP_same_minus_opposite_cosine,3764,0.03281437406937282
non_tail,Transition-Grounded,180,MAP_same_minus_opposite_cosine,3768,0.049639247771766426
non_tail,Transition-Grounded,180,MAP_same_minus_opposite_cosine,3852,-0.08879565323392546
non_tail,Transition-Grounded,180,MAP_same_minus_opposite_cosine,3967,-0.07025151067610935
non_tail,Transition-Grounded,180,MAP_same_minus_opposite_cosine,3976,-0.0013410970568656921
non_tail,Transition-Grounded,180,MAP_same_minus_opposite_cosine,3978,-0.019169405930572037
non_tail,Transition-Grounded,180,MAP_same_minus_opposite_cosine,3985,-0.10075144014424753
non_tail,Transition-Grounded,180,MAP_same_minus_opposite_cosine,4016,-0.07989256332317984
non_tail,Transition-Grounded,180,MAP_same_minus_opposite_cosine,4080,-0.10928143560886383
non_tail,Transition-Grounded,180,MAP_same_minus_opposite_cosine,4293,-0.08161110182603204
non_tail,Transition-Grounded,180,MAP_same_minus_opposite_cosine,4312,0.06585819025834405
non_tail,Transition-Grounded,180,MAP_same_minus_opposite_cosine,4529,-0.043612680501407985
non_tail,Transition-Grounded,180,MAP_same_minus_opposite_cosine,4540,-0.09095150604844093
non_tail,Transition-Grounded,180,MAP_same_minus_opposite_cosine,4638,0.0223603586355845
non_tail,Transition-Grounded,180,MAP_same_minus_opposite_cosine,4686,0.00288063061959809
non_tail,Transition-Grounded,180,MAP_same_minus_opposite_cosine,4821,0.028854341217965818
non_tail,Transition-Grounded,180,MAP_same_minus_opposite_cosine,4865,0.009381505350271824
non_tail,Transition-Grounded,180,MAP_same_minus_opposite_cosine,4944,-0.03625999391078949
non_tail,Transition-Grounded,180,MAP_same_minus_opposite_cosine,5309,0.04081388662258778
non_tail,Transition-Grounded,180,MAP_same_minus_opposite_cosine,5377,0.00663183319071925
non_tail,Transition-Grounded,180,MAP_same_minus_opposite_cosine,5410,0.0611636949082216
non_tail,Transition-Grounded,180,MAP_same_minus_opposite_cosine,5454,0.03796473766366637
non_tail,Transition-Grounded,180,MAP_same_minus_opposite_cosine,5516,-0.06785935773090879
non_tail,Transition-Grounded,180,MAP_same_minus_opposite_cosine,5600,0.004148573570308234
non_tail,Transition-Grounded,180,MAP_same_minus_opposite_cosine,5778,-0.07263184636831288
non_tail,Transition-Grounded,180,MAP_same_minus_opposite_cosine,5826,0.07985309703332011
non_tail,Transition-Grounded,180,MAP_same_minus_opposite_cosine,5961,0.03405472884575522
non_tail,Transition-Grounded,180,MAP_same_minus_opposite_cosine,5989,0.06170879056056344
non_tail,Transition-Grounded,180,MAP_same_minus_opposite_cosine,6025,0.13056052814830432
non_tail,Transition-Grounded,180,triplet_accuracy,323,0.55
non_tail,Transition-Grounded,180,triplet_accuracy,348,0.6
non_tail,Transition-Grounded,180,triplet_accuracy,391,0.75
non_tail,Transition-Grounded,180,triplet_accuracy,683,0.55
non_tail,Transition-Grounded,180,triplet_accuracy,747,0.6
non_tail,Transition-Grounded,180,triplet_accuracy,750,0.8
non_tail,Transition-Grounded,180,triplet_accuracy,758,0.6
non_tail,Transition-Grounded,180,triplet_accuracy,843,0.45
non_tail,Transition-Grounded,180,triplet_accuracy,967,0.75
non_tail,Transition-Grounded,180,triplet_accuracy,1014,0.6
non_tail,Transition-Grounded,180,triplet_accuracy,1092,0.4
non_tail,Transition-Grounded,180,triplet_accuracy,1193,0.5
non_tail,Transition-Grounded,180,triplet_accuracy,1335,0.4
non_tail,Transition-Grounded,180,triplet_accuracy,1480,0.55
non_tail,Transition-Grounded,180,triplet_accuracy,1566,0.45
non_tail,Transition-Grounded,180,triplet_accuracy,1839,0.55
non_tail,Transition-Grounded,180,triplet_accuracy,1943,0.3
non_tail,Transition-Grounded,180,triplet_accuracy,2005,0.6
non_tail,Transition-Grounded,180,triplet_accuracy,2048,0.65
non_tail,Transition-Grounded,180,triplet_accuracy,2173,0.55
non_tail,Transition-Grounded,180,triplet_accuracy,2263,0.45
non_tail,Transition-Grounded,180,triplet_accuracy,2303,0.6
non_tail,Transition-Grounded,180,triplet_accuracy,2308,0.65
non_tail,Transition-Grounded,180,triplet_accuracy,2347,0.5
non_tail,Transition-Grounded,180,triplet_accuracy,2361,0.45
non_tail,Transition-Grounded,180,triplet_accuracy,2567,0.6
non_tail,Transition-Grounded,180,triplet_accuracy,2943,0.55
non_tail,Transition-Grounded,180,triplet_accuracy,2988,0.5
non_tail,Transition-Grounded,180,triplet_accuracy,3261,0.7
non_tail,Transition-Grounded,180,triplet_accuracy,3354,0.4
non_tail,Transition-Grounded,180,triplet_accuracy,3525,0.6
non_tail,Transition-Grounded,180,triplet_accuracy,3569,0.5
non_tail,Transition-Grounded,180,triplet_accuracy,3593,0.55
non_tail,Transition-Grounded,180,triplet_accuracy,3768,0.65
non_tail,Transition-Grounded,180,triplet_accuracy,3852,0.5
non_tail,Transition-Grounded,180,triplet_accuracy,3967,0.6
non_tail,Transition-Grounded,180,triplet_accuracy,3978,0.55
non_tail,Transition-Grounded,180,triplet_accuracy,3985,0.5
non_tail,Transition-Grounded,180,triplet_accuracy,4016,0.55
non_tail,Transition-Grounded,180,triplet_accuracy,4293,0.45
non_tail,Transition-Grounded,180,triplet_accuracy,4312,0.65
non_tail,Transition-Grounded,180,triplet_accuracy,4529,0.7
non_tail,Transition-Grounded,180,triplet_accuracy,4540,0.4
non_tail,Transition-Grounded,180,triplet_accuracy,4686,0.55
non_tail,Transition-Grounded,180,triplet_accuracy,4821,0.8
non_tail,Transition-Grounded,180,triplet_accuracy,4865,0.55
non_tail,Transition-Grounded,180,triplet_accuracy,4944,0.65
non_tail,Transition-Grounded,180,triplet_accuracy,5309,0.45
non_tail,Transition-Grounded,180,triplet_accuracy,5377,0.55
non_tail,Transition-Grounded,180,triplet_accuracy,5410,0.5
non_tail,Transition-Grounded,180,triplet_accuracy,5454,0.45
non_tail,Transition-Grounded,180,triplet_accuracy,5516,0.6
non_tail,Transition-Grounded,180,triplet_accuracy,5600,0.6
non_tail,Transition-Grounded,180,triplet_accuracy,5778,0.5
non_tail,Transition-Grounded,180,triplet_accuracy,5989,0.65
non_tail,Transition-Grounded,180,triplet_accuracy,6025,0.5
overall,Transition-Grounded,300,BIS_same_minus_opposite_cosine,105,0.12762454385558764
overall,Transition-Grounded,300,BIS_same_minus_opposite_cosine,323,0.05384057203928627
overall,Transition-Grounded,300,BIS_same_minus_opposite_cosine,348,0.0722374565899373
overall,Transition-Grounded,300,BIS_same_minus_opposite_cosine,391,0.009768880434610216
overall,Transition-Grounded,300,BIS_same_minus_opposite_cosine,683,0.08298864802106842
overall,Transition-Grounded,300,BIS_same_minus_opposite_cosine,747,-0.015766322731539828
overall,Transition-Grounded,300,BIS_same_minus_opposite_cosine,750,0.10514109345773859
overall,Transition-Grounded,300,BIS_same_minus_opposite_cosine,758,0.03617139548966375
overall,Transition-Grounded,300,BIS_same_minus_opposite_cosine,843,0.004247098084953049
overall,Transition-Grounded,300,BIS_same_minus_opposite_cosine,877,0.11785942155581264
overall,Transition-Grounded,300,BIS_same_minus_opposite_cosine,926,0.020033880074818877
overall,Transition-Grounded,300,BIS_same_minus_opposite_cosine,967,0.06551275076689544
overall,Transition-Grounded,300,BIS_same_minus_opposite_cosine,992,0.046481410551954205
overall,Transition-Grounded,300,BIS_same_minus_opposite_cosine,1014,0.07385958896742928
overall,Transition-Grounded,300,BIS_same_minus_opposite_cosine,1092,0.049220517873764025
overall,Transition-Grounded,300,BIS_same_minus_opposite_cosine,1193,-0.029780870725711117
overall,Transition-Grounded,300,BIS_same_minus_opposite_cosine,1308,0.04221685330073044
overall,Transition-Grounded,300,BIS_same_minus_opposite_cosine,1335,-0.00027151058117558247
overall,Transition-Grounded,300,BIS_same_minus_opposite_cosine,1480,0.07256585004237981
overall,Transition-Grounded,300,BIS_same_minus_opposite_cosine,1566,0.038800903082345406
overall,Transition-Grounded,300,BIS_same_minus_opposite_cosine,1636,0.05274565137094922
overall,Transition-Grounded,300,BIS_same_minus_opposite_cosine,1644,0.12956681048524554
overall,Transition-Grounded,300,BIS_same_minus_opposite_cosine,1839,0.033399977567403205
overall,Transition-Grounded,300,BIS_same_minus_opposite_cosine,1943,0.11173043790317716
overall,Transition-Grounded,300,BIS_same_minus_opposite_cosine,2005,-0.0008177511394024117
overall,Transition-Grounded,300,BIS_same_minus_opposite_cosine,2048,0.11630738191306589
overall,Transition-Grounded,300,BIS_same_minus_opposite_cosine,2173,0.13154616355895998
overall,Transition-Grounded,300,BIS_same_minus_opposite_cosine,2263,0.14053935766742942
overall,Transition-Grounded,300,BIS_same_minus_opposite_cosine,2303,0.06986318796108937
overall,Transition-Grounded,300,BIS_same_minus_opposite_cosine,2308,-0.02438709866255523
overall,Transition-Grounded,300,BIS_same_minus_opposite_cosine,2347,0.03168389379978176
overall,Transition-Grounded,300,BIS_same_minus_opposite_cosine,2361,0.05471789489189782
overall,Transition-Grounded,300,BIS_same_minus_opposite_cosine,2567,0.11098523194591203
overall,Transition-Grounded,300,BIS_same_minus_opposite_cosine,2900,0.10899203171332672
overall,Transition-Grounded,300,BIS_same_minus_opposite_cosine,2943,0.09018442710240682
overall,Transition-Grounded,300,BIS_same_minus_opposite_cosine,2946,0.0706587360264399
overall,Transition-Grounded,300,BIS_same_minus_opposite_cosine,2988,0.04471679496011516
overall,Transition-Grounded,300,BIS_same_minus_opposite_cosine,3261,-0.016763675356140484
overall,Transition-Grounded,300,BIS_same_minus_opposite_cosine,3354,0.03952513773132249
overall,Transition-Grounded,300,BIS_same_minus_opposite_cosine,3387,0.04681712041298547
overall,Transition-Grounded,300,BIS_same_minus_opposite_cosine,3485,-0.04396896859010069
overall,Transition-Grounded,300,BIS_same_minus_opposite_cosine,3525,0.0914407414694628
overall,Transition-Grounded,300,BIS_same_minus_opposite_cosine,3569,0.041842271111629636
overall,Transition-Grounded,300,BIS_same_minus_opposite_cosine,3593,0.15504893350104498
overall,Transition-Grounded,300,BIS_same_minus_opposite_cosine,3613,0.012091927478710796
overall,Transition-Grounded,300,BIS_same_minus_opposite_cosine,3764,0.011011973073085213
overall,Transition-Grounded,300,BIS_same_minus_opposite_cosine,3768,-0.05281698114570532
overall,Transition-Grounded,300,BIS_same_minus_opposite_cosine,3852,0.02146728520209973
overall,Transition-Grounded,300,BIS_same_minus_opposite_cosine,3967,-0.03587390737874174
overall,Transition-Grounded,300,BIS_same_minus_opposite_cosine,3976,0.03686073030034698
overall,Transition-Grounded,300,BIS_same_minus_opposite_cosine,3978,-0.019969612028863715
overall,Transition-Grounded,300,BIS_same_minus_opposite_cosine,3985,0.07721196532249452
overall,Transition-Grounded,300,BIS_same_minus_opposite_cosine,4016,0.08411482075850163
overall,Transition-Grounded,300,BIS_same_minus_opposite_cosine,4080,0.04039844881365273
overall,Transition-Grounded,300,BIS_same_minus_opposite_cosine,4293,0.08045593767116466
overall,Transition-Grounded,300,BIS_same_minus_opposite_cosine,4312,0.1630321029822031
overall,Transition-Grounded,300,BIS_same_minus_opposite_cosine,4529,0.08586492419242853
overall,Transition-Grounded,300,BIS_same_minus_opposite_cosine,4540,0.0209786231319109
overall,Transition-Grounded,300,BIS_same_minus_opposite_cosine,4638,0.07802952359884208
overall,Transition-Grounded,300,BIS_same_minus_opposite_cosine,4686,0.07980186696025149
overall,Transition-Grounded,300,BIS_same_minus_opposite_cosine,4821,0.02892949392398203
overall,Transition-Grounded,300,BIS_same_minus_opposite_cosine,4865,0.08076721270879106
overall,Transition-Grounded,300,BIS_same_minus_opposite_cosine,4944,0.09833778653131875
overall,Transition-Grounded,300,BIS_same_minus_opposite_cosine,5309,0.06782470610406666
overall,Transition-Grounded,300,BIS_same_minus_opposite_cosine,5377,0.13757604354371622
overall,Transition-Grounded,300,BIS_same_minus_opposite_cosine,5410,0.08478680011771966
overall,Transition-Grounded,300,BIS_same_minus_opposite_cosine,5454,0.017757617682218507
overall,Transition-Grounded,300,BIS_same_minus_opposite_cosine,5516,0.0457668975989024
overall,Transition-Grounded,300,BIS_same_minus_opposite_cosine,5600,0.024114223555022574
overall,Transition-Grounded,300,BIS_same_minus_opposite_cosine,5778,0.08588639979885104
overall,Transition-Grounded,300,BIS_same_minus_opposite_cosine,5826,0.10466479976971943
overall,Transition-Grounded,300,BIS_same_minus_opposite_cosine,5961,0.03311470591773591
overall,Transition-Grounded,300,BIS_same_minus_opposite_cosine,5989,-0.009051431009644006
overall,Transition-Grounded,300,BIS_same_minus_opposite_cosine,6025,0.05284535526125511
overall,Transition-Grounded,300,MAP_same_minus_opposite_cosine,105,-0.01452612367769085
overall,Transition-Grounded,300,MAP_same_minus_opposite_cosine,323,-0.062289494362430364
overall,Transition-Grounded,300,MAP_same_minus_opposite_cosine,348,0.09468484180314196
overall,Transition-Grounded,300,MAP_same_minus_opposite_cosine,391,0.05485869987287384
overall,Transition-Grounded,300,MAP_same_minus_opposite_cosine,683,0.0390115162446385
overall,Transition-Grounded,300,MAP_same_minus_opposite_cosine,747,-0.015839060257982318
overall,Transition-Grounded,300,MAP_same_minus_opposite_cosine,750,-0.04284612635771434
overall,Transition-Grounded,300,MAP_same_minus_opposite_cosine,758,0.027917610206033894
overall,Transition-Grounded,300,MAP_same_minus_opposite_cosine,843,-0.001291909317175599
overall,Transition-Grounded,300,MAP_same_minus_opposite_cosine,877,0.08938937945799386
overall,Transition-Grounded,300,MAP_same_minus_opposite_cosine,926,0.03482004791498183
overall,Transition-Grounded,300,MAP_same_minus_opposite_cosine,967,0.02216074973344806
overall,Transition-Grounded,300,MAP_same_minus_opposite_cosine,992,0.07079933087031043
overall,Transition-Grounded,300,MAP_same_minus_opposite_cosine,1014,0.011683195332686025
overall,Transition-Grounded,300,MAP_same_minus_opposite_cosine,1092,-0.08493587789328194
overall,Transition-Grounded,300,MAP_same_minus_opposite_cosine,1193,0.02654581247341059
overall,Transition-Grounded,300,MAP_same_minus_opposite_cosine,1308,0.04508662051276158
overall,Transition-Grounded,300,MAP_same_minus_opposite_cosine,1335,-0.08464725733849043
overall,Transition-Grounded,300,MAP_same_minus_opposite_cosine,1480,0.06759750746466497
overall,Transition-Grounded,300,MAP_same_minus_opposite_cosine,1566,-0.0072369234015544626
overall,Transition-Grounded,300,MAP_same_minus_opposite_cosine,1636,0.037045526614895574
overall,Transition-Grounded,300,MAP_same_minus_opposite_cosine,1644,-0.02189975480238593
overall,Transition-Grounded,300,MAP_same_minus_opposite_cosine,1839,0.08251401732365293
overall,Transition-Grounded,300,MAP_same_minus_opposite_cosine,1943,0.05396405438582097
overall,Transition-Grounded,300,MAP_same_minus_opposite_cosine,2005,0.029824408585274687
overall,Transition-Grounded,300,MAP_same_minus_opposite_cosine,2048,0.014068436681055618
overall,Transition-Grounded,300,MAP_same_minus_opposite_cosine,2173,0.0004879539719585546
overall,Transition-Grounded,300,MAP_same_minus_opposite_cosine,2263,0.011244425788903833
overall,Transition-Grounded,300,MAP_same_minus_opposite_cosine,2303,-0.019641379063779607
overall,Transition-Grounded,300,MAP_same_minus_opposite_cosine,2308,-0.09700921715061733
overall,Transition-Grounded,300,MAP_same_minus_opposite_cosine,2347,0.1078838589290777
overall,Transition-Grounded,300,MAP_same_minus_opposite_cosine,2361,-0.0036902847744170186
overall,Transition-Grounded,300,MAP_same_minus_opposite_cosine,2567,0.06810037146011994
overall,Transition-Grounded,300,MAP_same_minus_opposite_cosine,2900,0.01582224739320348
overall,Transition-Grounded,300,MAP_same_minus_opposite_cosine,2943,-0.06802159892260162
overall,Transition-Grounded,300,MAP_same_minus_opposite_cosine,2946,0.00868573645750681
overall,Transition-Grounded,300,MAP_same_minus_opposite_cosine,2988,0.006507813800936235
overall,Transition-Grounded,300,MAP_same_minus_opposite_cosine,3261,0.004795424023578909
overall,Transition-Grounded,300,MAP_same_minus_opposite_cosine,3354,-0.05221683268363653
overall,Transition-Grounded,300,MAP_same_minus_opposite_cosine,3387,0.010961818595727202
overall,Transition-Grounded,300,MAP_same_minus_opposite_cosine,3485,-0.004287300507227587
overall,Transition-Grounded,300,MAP_same_minus_opposite_cosine,3525,-0.0084620167811712
overall,Transition-Grounded,300,MAP_same_minus_opposite_cosine,3569,-0.032468211244453093
overall,Transition-Grounded,300,MAP_same_minus_opposite_cosine,3593,-0.022718482961257336
overall,Transition-Grounded,300,MAP_same_minus_opposite_cosine,3613,-0.016501242373928915
overall,Transition-Grounded,300,MAP_same_minus_opposite_cosine,3764,0.03187896025677517
overall,Transition-Grounded,300,MAP_same_minus_opposite_cosine,3768,0.03189678018291797
overall,Transition-Grounded,300,MAP_same_minus_opposite_cosine,3852,-0.017150934766500425
overall,Transition-Grounded,300,MAP_same_minus_opposite_cosine,3967,-0.03989550173282619
overall,Transition-Grounded,300,MAP_same_minus_opposite_cosine,3976,-0.02863885164260871
overall,Transition-Grounded,300,MAP_same_minus_opposite_cosine,3978,-0.011838077505429534
overall,Transition-Grounded,300,MAP_same_minus_opposite_cosine,3985,0.05451377381881084
overall,Transition-Grounded,300,MAP_same_minus_opposite_cosine,4016,-0.04525321096181867
overall,Transition-Grounded,300,MAP_same_minus_opposite_cosine,4080,0.029563498883335648
overall,Transition-Grounded,300,MAP_same_minus_opposite_cosine,4293,-0.023438935194696753
overall,Transition-Grounded,300,MAP_same_minus_opposite_cosine,4312,0.04941039125124613
overall,Transition-Grounded,300,MAP_same_minus_opposite_cosine,4529,0.041031880109082985
overall,Transition-Grounded,300,MAP_same_minus_opposite_cosine,4540,-0.030000656652144908
overall,Transition-Grounded,300,MAP_same_minus_opposite_cosine,4638,0.0841489566193111
overall,Transition-Grounded,300,MAP_same_minus_opposite_cosine,4686,-0.027327709855177518
overall,Transition-Grounded,300,MAP_same_minus_opposite_cosine,4821,0.0432687855015198
overall,Transition-Grounded,300,MAP_same_minus_opposite_cosine,4865,0.0350210600665638
overall,Transition-Grounded,300,MAP_same_minus_opposite_cosine,4944,-0.07092570642630264
overall,Transition-Grounded,300,MAP_same_minus_opposite_cosine,5309,0.0732886502864184
overall,Transition-Grounded,300,MAP_same_minus_opposite_cosine,5377,-0.005356584654913954
overall,Transition-Grounded,300,MAP_same_minus_opposite_cosine,5410,0.06995869974295299
overall,Transition-Grounded,300,MAP_same_minus_opposite_cosine,5454,0.009476899452831478
overall,Transition-Grounded,300,MAP_same_minus_opposite_cosine,5516,0.07295115143060693
overall,Transition-Grounded,300,MAP_same_minus_opposite_cosine,5600,-0.004643595741506301
overall,Transition-Grounded,300,MAP_same_minus_opposite_cosine,5778,0.0001557262280048599
overall,Transition-Grounded,300,MAP_same_minus_opposite_cosine,5826,-0.03629772126674646
overall,Transition-Grounded,300,MAP_same_minus_opposite_cosine,5961,-0.011898269485204671
overall,Transition-Grounded,300,MAP_same_minus_opposite_cosine,5989,-0.05266334439317388
overall,Transition-Grounded,300,MAP_same_minus_opposite_cosine,6025,-0.07040541718403504
overall,Transition-Grounded,300,triplet_accuracy,323,0.4666666666666667
overall,Transition-Grounded,300,triplet_accuracy,348,0.55
overall,Transition-Grounded,300,triplet_accuracy,391,0.4666666666666667
overall,Transition-Grounded,300,triplet_accuracy,683,0.6333333333333333
overall,Transition-Grounded,300,triplet_accuracy,747,0.43333333333333335
overall,Transition-Grounded,300,triplet_accuracy,750,0.4666666666666667
overall,Transition-Grounded,300,triplet_accuracy,758,0.6
overall,Transition-Grounded,300,triplet_accuracy,843,0.7333333333333333
overall,Transition-Grounded,300,triplet_accuracy,967,0.6
overall,Transition-Grounded,300,triplet_accuracy,1014,0.5333333333333333
overall,Transition-Grounded,300,triplet_accuracy,1092,0.5666666666666667
overall,Transition-Grounded,300,triplet_accuracy,1193,0.5333333333333333
overall,Transition-Grounded,300,triplet_accuracy,1335,0.5666666666666667
overall,Transition-Grounded,300,triplet_accuracy,1480,0.55
overall,Transition-Grounded,300,triplet_accuracy,1566,0.5
overall,Transition-Grounded,300,triplet_accuracy,1839,0.48333333333333334
overall,Transition-Grounded,300,triplet_accuracy,1943,0.6333333333333333
overall,Transition-Grounded,300,triplet_accuracy,2005,0.6166666666666667
overall,Transition-Grounded,300,triplet_accuracy,2048,0.5333333333333333
overall,Transition-Grounded,300,triplet_accuracy,2173,0.5833333333333334
overall,Transition-Grounded,300,triplet_accuracy,2263,0.4666666666666667
overall,Transition-Grounded,300,triplet_accuracy,2303,0.5833333333333334
overall,Transition-Grounded,300,triplet_accuracy,2308,0.5
overall,Transition-Grounded,300,triplet_accuracy,2347,0.5333333333333333
overall,Transition-Grounded,300,triplet_accuracy,2361,0.5666666666666667
overall,Transition-Grounded,300,triplet_accuracy,2567,0.6666666666666666
overall,Transition-Grounded,300,triplet_accuracy,2943,0.5666666666666667
overall,Transition-Grounded,300,triplet_accuracy,2988,0.6166666666666667
overall,Transition-Grounded,300,triplet_accuracy,3261,0.4666666666666667
overall,Transition-Grounded,300,triplet_accuracy,3354,0.5333333333333333
overall,Transition-Grounded,300,triplet_accuracy,3525,0.6
overall,Transition-Grounded,300,triplet_accuracy,3569,0.65
overall,Transition-Grounded,300,triplet_accuracy,3593,0.45
overall,Transition-Grounded,300,triplet_accuracy,3768,0.48333333333333334
overall,Transition-Grounded,300,triplet_accuracy,3852,0.5333333333333333
overall,Transition-Grounded,300,triplet_accuracy,3967,0.55
overall,Transition-Grounded,300,triplet_accuracy,3978,0.6666666666666666
overall,Transition-Grounded,300,triplet_accuracy,3985,0.5666666666666667
overall,Transition-Grounded,300,triplet_accuracy,4016,0.43333333333333335
overall,Transition-Grounded,300,triplet_accuracy,4293,0.4166666666666667
overall,Transition-Grounded,300,triplet_accuracy,4312,0.5666666666666667
overall,Transition-Grounded,300,triplet_accuracy,4529,0.65
overall,Transition-Grounded,300,triplet_accuracy,4540,0.48333333333333334
overall,Transition-Grounded,300,triplet_accuracy,4686,0.7
overall,Transition-Grounded,300,triplet_accuracy,4821,0.6166666666666667
overall,Transition-Grounded,300,triplet_accuracy,4865,0.5166666666666667
overall,Transition-Grounded,300,triplet_accuracy,4944,0.43333333333333335
overall,Transition-Grounded,300,triplet_accuracy,5309,0.6333333333333333
overall,Transition-Grounded,300,triplet_accuracy,5377,0.5333333333333333
overall,Transition-Grounded,300,triplet_accuracy,5410,0.6666666666666666
overall,Transition-Grounded,300,triplet_accuracy,5454,0.45
overall,Transition-Grounded,300,triplet_accuracy,5516,0.5666666666666667
overall,Transition-Grounded,300,triplet_accuracy,5600,0.5833333333333334
overall,Transition-Grounded,300,triplet_accuracy,5778,0.4166666666666667
overall,Transition-Grounded,300,triplet_accuracy,5989,0.55
overall,Transition-Grounded,300,triplet_accuracy,6025,0.48333333333333334
stable_action_Q1,Transition-Grounded,300,BIS_same_minus_opposite_cosine,105,0.08551562258175444
stable_action_Q1,Transition-Grounded,300,BIS_same_minus_opposite_cosine,323,0.10018363346656167
stable_action_Q1,Transition-Grounded,300,BIS_same_minus_opposite_cosine,348,0.02162795389691985
stable_action_Q1,Transition-Grounded,300,BIS_same_minus_opposite_cosine,391,-0.07849409047401312
stable_action_Q1,Transition-Grounded,300,BIS_same_minus_opposite_cosine,683,0.04132400560333882
stable_action_Q1,Transition-Grounded,300,BIS_same_minus_opposite_cosine,747,-0.021174676716327667
stable_action_Q1,Transition-Grounded,300,BIS_same_minus_opposite_cosine,750,-0.02637388331420487
stable_action_Q1,Transition-Grounded,300,BIS_same_minus_opposite_cosine,758,0.14548026770353317
stable_action_Q1,Transition-Grounded,300,BIS_same_minus_opposite_cosine,843,-0.045356952274839046
stable_action_Q1,Transition-Grounded,300,BIS_same_minus_opposite_cosine,877,0.08114897261063259
stable_action_Q1,Transition-Grounded,300,BIS_same_minus_opposite_cosine,926,-0.1390474849578106
stable_action_Q1,Transition-Grounded,300,BIS_same_minus_opposite_cosine,967,0.078807882964611
stable_action_Q1,Transition-Grounded,300,BIS_same_minus_opposite_cosine,992,0.0563302492101988
stable_action_Q1,Transition-Grounded,300,BIS_same_minus_opposite_cosine,1014,-0.06497590815027554
stable_action_Q1,Transition-Grounded,300,BIS_same_minus_opposite_cosine,1092,0.11905193825562799
stable_action_Q1,Transition-Grounded,300,BIS_same_minus_opposite_cosine,1193,0.24519216256837045
stable_action_Q1,Transition-Grounded,300,BIS_same_minus_opposite_cosine,1308,0.05360204726457596
stable_action_Q1,Transition-Grounded,300,BIS_same_minus_opposite_cosine,1335,0.09035175020496045
stable_action_Q1,Transition-Grounded,300,BIS_same_minus_opposite_cosine,1480,-0.009004555228683708
stable_action_Q1,Transition-Grounded,300,BIS_same_minus_opposite_cosine,1566,0.06780168662468589
stable_action_Q1,Transition-Grounded,300,BIS_same_minus_opposite_cosine,1636,-0.4466441869735718
stable_action_Q1,Transition-Grounded,300,BIS_same_minus_opposite_cosine,1644,0.176431057708604
stable_action_Q1,Transition-Grounded,300,BIS_same_minus_opposite_cosine,1839,0.03468944487117587
stable_action_Q1,Transition-Grounded,300,BIS_same_minus_opposite_cosine,1943,0.2167629441528609
stable_action_Q1,Transition-Grounded,300,BIS_same_minus_opposite_cosine,2005,-0.1538064454992612
stable_action_Q1,Transition-Grounded,300,BIS_same_minus_opposite_cosine,2048,0.07192874824007356
stable_action_Q1,Transition-Grounded,300,BIS_same_minus_opposite_cosine,2173,0.025509304733890514
stable_action_Q1,Transition-Grounded,300,BIS_same_minus_opposite_cosine,2263,0.0810454164942106
stable_action_Q1,Transition-Grounded,300,BIS_same_minus_opposite_cosine,2303,0.12339962917295366
stable_action_Q1,Transition-Grounded,300,BIS_same_minus_opposite_cosine,2308,-0.06465512100193238
stable_action_Q1,Transition-Grounded,300,BIS_same_minus_opposite_cosine,2347,0.059673315783341785
stable_action_Q1,Transition-Grounded,300,BIS_same_minus_opposite_cosine,2361,-0.03851370109866059
stable_action_Q1,Transition-Grounded,300,BIS_same_minus_opposite_cosine,2567,0.05166206608215962
stable_action_Q1,Transition-Grounded,300,BIS_same_minus_opposite_cosine,2900,0.005837686359882355
stable_action_Q1,Transition-Grounded,300,BIS_same_minus_opposite_cosine,2943,0.09855689977606141
stable_action_Q1,Transition-Grounded,300,BIS_same_minus_opposite_cosine,2946,0.1232946403324604
stable_action_Q1,Transition-Grounded,300,BIS_same_minus_opposite_cosine,2988,0.006369610627492306
stable_action_Q1,Transition-Grounded,300,BIS_same_minus_opposite_cosine,3261,0.016915231322248758
stable_action_Q1,Transition-Grounded,300,BIS_same_minus_opposite_cosine,3354,-0.035083150366942095
stable_action_Q1,Transition-Grounded,300,BIS_same_minus_opposite_cosine,3387,0.11195225516955054
stable_action_Q1,Transition-Grounded,300,BIS_same_minus_opposite_cosine,3485,0.08626621837417281
stable_action_Q1,Transition-Grounded,300,BIS_same_minus_opposite_cosine,3525,-0.17113197871616903
stable_action_Q1,Transition-Grounded,300,BIS_same_minus_opposite_cosine,3569,0.005374127378066418
stable_action_Q1,Transition-Grounded,300,BIS_same_minus_opposite_cosine,3593,0.313621478776137
stable_action_Q1,Transition-Grounded,300,BIS_same_minus_opposite_cosine,3613,0.04912307858467102
stable_action_Q1,Transition-Grounded,300,BIS_same_minus_opposite_cosine,3764,-0.2851843769351641
stable_action_Q1,Transition-Grounded,300,BIS_same_minus_opposite_cosine,3768,0.014088891418368554
stable_action_Q1,Transition-Grounded,300,BIS_same_minus_opposite_cosine,3852,0.34425464227344055
stable_action_Q1,Transition-Grounded,300,BIS_same_minus_opposite_cosine,3967,0.19609459688266118
stable_action_Q1,Transition-Grounded,300,BIS_same_minus_opposite_cosine,3976,0.15804438563910395
stable_action_Q1,Transition-Grounded,300,BIS_same_minus_opposite_cosine,3978,0.08105478270186317
stable_action_Q1,Transition-Grounded,300,BIS_same_minus_opposite_cosine,3985,-0.02503810160689879
stable_action_Q1,Transition-Grounded,300,BIS_same_minus_opposite_cosine,4016,0.08870457315986802
stable_action_Q1,Transition-Grounded,300,BIS_same_minus_opposite_cosine,4080,-0.08870935146555753
stable_action_Q1,Transition-Grounded,300,BIS_same_minus_opposite_cosine,4293,0.033916161706050274
stable_action_Q1,Transition-Grounded,300,BIS_same_minus_opposite_cosine,4312,0.10814784032603109
stable_action_Q1,Transition-Grounded,300,BIS_same_minus_opposite_cosine,4529,-0.03880638245380286
stable_action_Q1,Transition-Grounded,300,BIS_same_minus_opposite_cosine,4540,0.08799474934736884
stable_action_Q1,Transition-Grounded,300,BIS_same_minus_opposite_cosine,4638,-2.078215281164919e-05
stable_action_Q1,Transition-Grounded,300,BIS_same_minus_opposite_cosine,4686,0.020169528596329034
stable_action_Q1,Transition-Grounded,300,BIS_same_minus_opposite_cosine,4821,0.08539575648804498
stable_action_Q1,Transition-Grounded,300,BIS_same_minus_opposite_cosine,4865,0.04816566954056423
stable_action_Q1,Transition-Grounded,300,BIS_same_minus_opposite_cosine,4944,0.21531156947215402
stable_action_Q1,Transition-Grounded,300,BIS_same_minus_opposite_cosine,5309,-0.013473295172055644
stable_action_Q1,Transition-Grounded,300,BIS_same_minus_opposite_cosine,5377,-0.035245880484580994
stable_action_Q1,Transition-Grounded,300,BIS_same_minus_opposite_cosine,5410,0.06596412882208824
stable_action_Q1,Transition-Grounded,300,BIS_same_minus_opposite_cosine,5454,-0.11143847306569415
stable_action_Q1,Transition-Grounded,300,BIS_same_minus_opposite_cosine,5516,0.22230628728866575
stable_action_Q1,Transition-Grounded,300,BIS_same_minus_opposite_cosine,5600,0.08673124015331268
stable_action_Q1,Transition-Grounded,300,BIS_same_minus_opposite_cosine,5778,0.03962759052713716
stable_action_Q1,Transition-Grounded,300,BIS_same_minus_opposite_cosine,5826,0.2337212711572647
stable_action_Q1,Transition-Grounded,300,BIS_same_minus_opposite_cosine,5961,0.0033121748516956595
stable_action_Q1,Transition-Grounded,300,BIS_same_minus_opposite_cosine,5989,0.0030301168109431176
stable_action_Q1,Transition-Grounded,300,BIS_same_minus_opposite_cosine,6025,0.19436686734358466
stable_action_Q1,Transition-Grounded,300,MAP_same_minus_opposite_cosine,105,-0.13497047552040645
stable_action_Q1,Transition-Grounded,300,MAP_same_minus_opposite_cosine,323,0.1766190518225942
stable_action_Q1,Transition-Grounded,300,MAP_same_minus_opposite_cosine,348,0.04759422093629839
stable_action_Q1,Transition-Grounded,300,MAP_same_minus_opposite_cosine,391,-0.06928526312112804
stable_action_Q1,Transition-Grounded,300,MAP_same_minus_opposite_cosine,683,0.14136553141805852
stable_action_Q1,Transition-Grounded,300,MAP_same_minus_opposite_cosine,747,0.06471473373698472
stable_action_Q1,Transition-Grounded,300,MAP_same_minus_opposite_cosine,750,0.11492593420876396
stable_action_Q1,Transition-Grounded,300,MAP_same_minus_opposite_cosine,758,-0.04274297144376871
stable_action_Q1,Transition-Grounded,300,MAP_same_minus_opposite_cosine,843,0.06676583550870419
stable_action_Q1,Transition-Grounded,300,MAP_same_minus_opposite_cosine,877,0.058630624165137646
stable_action_Q1,Transition-Grounded,300,MAP_same_minus_opposite_cosine,926,-0.011581514030694962
stable_action_Q1,Transition-Grounded,300,MAP_same_minus_opposite_cosine,967,0.15292318351566797
stable_action_Q1,Transition-Grounded,300,MAP_same_minus_opposite_cosine,992,0.18484373745464144
stable_action_Q1,Transition-Grounded,300,MAP_same_minus_opposite_cosine,1014,0.14725255303912688
stable_action_Q1,Transition-Grounded,300,MAP_same_minus_opposite_cosine,1092,0.0764882043004036
stable_action_Q1,Transition-Grounded,300,MAP_same_minus_opposite_cosine,1193,0.018594224005937576
stable_action_Q1,Transition-Grounded,300,MAP_same_minus_opposite_cosine,1308,-0.03576715414722764
stable_action_Q1,Transition-Grounded,300,MAP_same_minus_opposite_cosine,1335,-0.009702734649181366
stable_action_Q1,Transition-Grounded,300,MAP_same_minus_opposite_cosine,1480,-0.03098059445619583
stable_action_Q1,Transition-Grounded,300,MAP_same_minus_opposite_cosine,1566,-0.07421895808407242
stable_action_Q1,Transition-Grounded,300,MAP_same_minus_opposite_cosine,1644,0.2996730717519919
stable_action_Q1,Transition-Grounded,300,MAP_same_minus_opposite_cosine,1839,0.005563791051055533
stable_action_Q1,Transition-Grounded,300,MAP_same_minus_opposite_cosine,1943,-0.02029832866456771
stable_action_Q1,Transition-Grounded,300,MAP_same_minus_opposite_cosine,2005,0.00363969396461139
stable_action_Q1,Transition-Grounded,300,MAP_same_minus_opposite_cosine,2048,0.07395999928315489
stable_action_Q1,Transition-Grounded,300,MAP_same_minus_opposite_cosine,2173,-0.029244922349850377
stable_action_Q1,Transition-Grounded,300,MAP_same_minus_opposite_cosine,2263,0.12426145291990703
stable_action_Q1,Transition-Grounded,300,MAP_same_minus_opposite_cosine,2303,0.04602608705560374
stable_action_Q1,Transition-Grounded,300,MAP_same_minus_opposite_cosine,2308,-0.04964036370317143
stable_action_Q1,Transition-Grounded,300,MAP_same_minus_opposite_cosine,2347,-0.0362224355340004
stable_action_Q1,Transition-Grounded,300,MAP_same_minus_opposite_cosine,2361,0.03614231906831267
stable_action_Q1,Transition-Grounded,300,MAP_same_minus_opposite_cosine,2567,0.27460620086640114
stable_action_Q1,Transition-Grounded,300,MAP_same_minus_opposite_cosine,2900,0.043327643473943134
stable_action_Q1,Transition-Grounded,300,MAP_same_minus_opposite_cosine,2943,0.09246627241373062
stable_action_Q1,Transition-Grounded,300,MAP_same_minus_opposite_cosine,2946,0.05576665983313611
stable_action_Q1,Transition-Grounded,300,MAP_same_minus_opposite_cosine,2988,0.013315707445144653
stable_action_Q1,Transition-Grounded,300,MAP_same_minus_opposite_cosine,3261,0.05582509996990365
stable_action_Q1,Transition-Grounded,300,MAP_same_minus_opposite_cosine,3354,0.007291606813669249
stable_action_Q1,Transition-Grounded,300,MAP_same_minus_opposite_cosine,3387,0.03586013869128446
stable_action_Q1,Transition-Grounded,300,MAP_same_minus_opposite_cosine,3485,-0.046324595312277395
stable_action_Q1,Transition-Grounded,300,MAP_same_minus_opposite_cosine,3525,-0.14332009213311325
stable_action_Q1,Transition-Grounded,300,MAP_same_minus_opposite_cosine,3569,-0.07371959307541454
stable_action_Q1,Transition-Grounded,300,MAP_same_minus_opposite_cosine,3593,-0.0014423668384552224
stable_action_Q1,Transition-Grounded,300,MAP_same_minus_opposite_cosine,3613,0.10431630661090219
stable_action_Q1,Transition-Grounded,300,MAP_same_minus_opposite_cosine,3764,-0.09756909161806104
stable_action_Q1,Transition-Grounded,300,MAP_same_minus_opposite_cosine,3768,0.04495147615671158
stable_action_Q1,Transition-Grounded,300,MAP_same_minus_opposite_cosine,3852,-0.03667005422440439
stable_action_Q1,Transition-Grounded,300,MAP_same_minus_opposite_cosine,3967,-0.0038876930872600024
stable_action_Q1,Transition-Grounded,300,MAP_same_minus_opposite_cosine,3976,0.11639375901884497
stable_action_Q1,Transition-Grounded,300,MAP_same_minus_opposite_cosine,3978,0.04957261184851325
stable_action_Q1,Transition-Grounded,300,MAP_same_minus_opposite_cosine,3985,-0.06542741046065381
stable_action_Q1,Transition-Grounded,300,MAP_same_minus_opposite_cosine,4016,0.1153254017233849
stable_action_Q1,Transition-Grounded,300,MAP_same_minus_opposite_cosine,4080,0.18799057035622269
stable_action_Q1,Transition-Grounded,300,MAP_same_minus_opposite_cosine,4293,0.021484506626923916
stable_action_Q1,Transition-Grounded,300,MAP_same_minus_opposite_cosine,4312,-0.020080963770548466
stable_action_Q1,Transition-Grounded,300,MAP_same_minus_opposite_cosine,4529,0.07465806752443316
stable_action_Q1,Transition-Grounded,300,MAP_same_minus_opposite_cosine,4540,0.1976136990955898
stable_action_Q1,Transition-Grounded,300,MAP_same_minus_opposite_cosine,4638,-0.013457242963892058
stable_action_Q1,Transition-Grounded,300,MAP_same_minus_opposite_cosine,4686,-0.07151552176836773
stable_action_Q1,Transition-Grounded,300,MAP_same_minus_opposite_cosine,4821,0.026700969537099217
stable_action_Q1,Transition-Grounded,300,MAP_same_minus_opposite_cosine,4865,-0.05139929718441438
stable_action_Q1,Transition-Grounded,300,MAP_same_minus_opposite_cosine,4944,-0.09669402345187134
stable_action_Q1,Transition-Grounded,300,MAP_same_minus_opposite_cosine,5309,0.031368714954816856
stable_action_Q1,Transition-Grounded,300,MAP_same_minus_opposite_cosine,5377,-0.15052752462880947
stable_action_Q1,Transition-Grounded,300,MAP_same_minus_opposite_cosine,5410,-0.08629019558429724
stable_action_Q1,Transition-Grounded,300,MAP_same_minus_opposite_cosine,5454,0.048230577011903086
stable_action_Q1,Transition-Grounded,300,MAP_same_minus_opposite_cosine,5516,-0.15105740676323565
stable_action_Q1,Transition-Grounded,300,MAP_same_minus_opposite_cosine,5600,-0.00787325558208285
stable_action_Q1,Transition-Grounded,300,MAP_same_minus_opposite_cosine,5778,-0.03962529102961221
stable_action_Q1,Transition-Grounded,300,MAP_same_minus_opposite_cosine,5826,0.040592356647054295
stable_action_Q1,Transition-Grounded,300,MAP_same_minus_opposite_cosine,5961,0.14100031865139806
stable_action_Q1,Transition-Grounded,300,MAP_same_minus_opposite_cosine,5989,0.10591267856458819
stable_action_Q1,Transition-Grounded,300,MAP_same_minus_opposite_cosine,6025,-0.12877779273372708
stable_action_Q1,Transition-Grounded,300,triplet_accuracy,323,0.6
stable_action_Q1,Transition-Grounded,300,triplet_accuracy,348,0.55
stable_action_Q1,Transition-Grounded,300,triplet_accuracy,391,0.35
stable_action_Q1,Transition-Grounded,300,triplet_accuracy,683,0.55
stable_action_Q1,Transition-Grounded,300,triplet_accuracy,747,0.5
stable_action_Q1,Transition-Grounded,300,triplet_accuracy,750,0.65
stable_action_Q1,Transition-Grounded,300,triplet_accuracy,758,0.55
stable_action_Q1,Transition-Grounded,300,triplet_accuracy,843,0.8
stable_action_Q1,Transition-Grounded,300,triplet_accuracy,967,0.45
stable_action_Q1,Transition-Grounded,300,triplet_accuracy,1014,0.45
stable_action_Q1,Transition-Grounded,300,triplet_accuracy,1092,0.65
stable_action_Q1,Transition-Grounded,300,triplet_accuracy,1193,0.65
stable_action_Q1,Transition-Grounded,300,triplet_accuracy,1335,0.7
stable_action_Q1,Transition-Grounded,300,triplet_accuracy,1480,0.5
stable_action_Q1,Transition-Grounded,300,triplet_accuracy,1566,0.55
stable_action_Q1,Transition-Grounded,300,triplet_accuracy,1839,0.45
stable_action_Q1,Transition-Grounded,300,triplet_accuracy,1943,0.75
stable_action_Q1,Transition-Grounded,300,triplet_accuracy,2005,0.4
stable_action_Q1,Transition-Grounded,300,triplet_accuracy,2048,0.45
stable_action_Q1,Transition-Grounded,300,triplet_accuracy,2173,0.65
stable_action_Q1,Transition-Grounded,300,triplet_accuracy,2263,0.4
stable_action_Q1,Transition-Grounded,300,triplet_accuracy,2303,0.4
stable_action_Q1,Transition-Grounded,300,triplet_accuracy,2308,0.8
stable_action_Q1,Transition-Grounded,300,triplet_accuracy,2347,0.45
stable_action_Q1,Transition-Grounded,300,triplet_accuracy,2361,0.5
stable_action_Q1,Transition-Grounded,300,triplet_accuracy,2567,0.65
stable_action_Q1,Transition-Grounded,300,triplet_accuracy,2943,0.6
stable_action_Q1,Transition-Grounded,300,triplet_accuracy,2988,0.6
stable_action_Q1,Transition-Grounded,300,triplet_accuracy,3261,0.45
stable_action_Q1,Transition-Grounded,300,triplet_accuracy,3354,0.45
stable_action_Q1,Transition-Grounded,300,triplet_accuracy,3525,0.35
stable_action_Q1,Transition-Grounded,300,triplet_accuracy,3569,0.55
stable_action_Q1,Transition-Grounded,300,triplet_accuracy,3593,0.6
stable_action_Q1,Transition-Grounded,300,triplet_accuracy,3768,0.65
stable_action_Q1,Transition-Grounded,300,triplet_accuracy,3852,0.6
stable_action_Q1,Transition-Grounded,300,triplet_accuracy,3967,0.45
stable_action_Q1,Transition-Grounded,300,triplet_accuracy,3978,0.6
stable_action_Q1,Transition-Grounded,300,triplet_accuracy,3985,0.65
stable_action_Q1,Transition-Grounded,300,triplet_accuracy,4016,0.45
stable_action_Q1,Transition-Grounded,300,triplet_accuracy,4293,0.35
stable_action_Q1,Transition-Grounded,300,triplet_accuracy,4312,0.65
stable_action_Q1,Transition-Grounded,300,triplet_accuracy,4529,0.6
stable_action_Q1,Transition-Grounded,300,triplet_accuracy,4540,0.55
stable_action_Q1,Transition-Grounded,300,triplet_accuracy,4686,0.55
stable_action_Q1,Transition-Grounded,300,triplet_accuracy,4821,0.45
stable_action_Q1,Transition-Grounded,300,triplet_accuracy,4865,0.45
stable_action_Q1,Transition-Grounded,300,triplet_accuracy,4944,0.5
stable_action_Q1,Transition-Grounded,300,triplet_accuracy,5309,0.5
stable_action_Q1,Transition-Grounded,300,triplet_accuracy,5377,0.7
stable_action_Q1,Transition-Grounded,300,triplet_accuracy,5410,0.35
stable_action_Q1,Transition-Grounded,300,triplet_accuracy,5454,0.6
stable_action_Q1,Transition-Grounded,300,triplet_accuracy,5516,0.55
stable_action_Q1,Transition-Grounded,300,triplet_accuracy,5600,0.6
stable_action_Q1,Transition-Grounded,300,triplet_accuracy,5778,0.5
stable_action_Q1,Transition-Grounded,300,triplet_accuracy,5989,0.45
stable_action_Q1,Transition-Grounded,300,triplet_accuracy,6025,0.45
Q4,Transition-Grounded,300,BIS_same_minus_opposite_cosine,105,0.07538093278805413
Q4,Transition-Grounded,300,BIS_same_minus_opposite_cosine,323,0.021729511519273048
Q4,Transition-Grounded,300,BIS_same_minus_opposite_cosine,348,0.09826357911030459
Q4,Transition-Grounded,300,BIS_same_minus_opposite_cosine,391,-0.052257561849223255
Q4,Transition-Grounded,300,BIS_same_minus_opposite_cosine,683,0.07372123685975873
Q4,Transition-Grounded,300,BIS_same_minus_opposite_cosine,747,-0.05569404936536698
Q4,Transition-Grounded,300,BIS_same_minus_opposite_cosine,750,0.01185331741968787
Q4,Transition-Grounded,300,BIS_same_minus_opposite_cosine,758,-0.008578095585107803
Q4,Transition-Grounded,300,BIS_same_minus_opposite_cosine,843,0.00281117324318203
Q4,Transition-Grounded,300,BIS_same_minus_opposite_cosine,877,0.09414148877064388
Q4,Transition-Grounded,300,BIS_same_minus_opposite_cosine,926,0.0013580044110615974
Q4,Transition-Grounded,300,BIS_same_minus_opposite_cosine,967,0.07110017786423367
Q4,Transition-Grounded,300,BIS_same_minus_opposite_cosine,992,-0.04007760435342789
Q4,Transition-Grounded,300,BIS_same_minus_opposite_cosine,1014,0.07609343379735944
Q4,Transition-Grounded,300,BIS_same_minus_opposite_cosine,1092,-0.05876728892326355
Q4,Transition-Grounded,300,BIS_same_minus_opposite_cosine,1193,-0.07573196540276206
Q4,Transition-Grounded,300,BIS_same_minus_opposite_cosine,1308,-0.02359667420387268
Q4,Transition-Grounded,300,BIS_same_minus_opposite_cosine,1335,0.09124690418442094
Q4,Transition-Grounded,300,BIS_same_minus_opposite_cosine,1480,-0.02511223405599594
Q4,Transition-Grounded,300,BIS_same_minus_opposite_cosine,1566,0.10963763669133186
Q4,Transition-Grounded,300,BIS_same_minus_opposite_cosine,1636,0.04562040194869044
Q4,Transition-Grounded,300,BIS_same_minus_opposite_cosine,1644,0.17732209255072207
Q4,Transition-Grounded,300,BIS_same_minus_opposite_cosine,1839,0.022292739152908303
Q4,Transition-Grounded,300,BIS_same_minus_opposite_cosine,1943,0.07727419088284182
Q4,Transition-Grounded,300,BIS_same_minus_opposite_cosine,2005,0.03247128725051884
Q4,Transition-Grounded,300,BIS_same_minus_opposite_cosine,2048,-0.038830821712811825
Q4,Transition-Grounded,300,BIS_same_minus_opposite_cosine,2173,0.025224286648962146
Q4,Transition-Grounded,300,BIS_same_minus_opposite_cosine,2263,-0.09931814794739091
Q4,Transition-Grounded,300,BIS_same_minus_opposite_cosine,2303,0.06472714200164331
Q4,Transition-Grounded,300,BIS_same_minus_opposite_cosine,2308,0.05784698469298227
Q4,Transition-Grounded,300,BIS_same_minus_opposite_cosine,2347,0.08547475934028625
Q4,Transition-Grounded,300,BIS_same_minus_opposite_cosine,2361,0.03741353005170822
Q4,Transition-Grounded,300,BIS_same_minus_opposite_cosine,2567,0.1019209623336792
Q4,Transition-Grounded,300,BIS_same_minus_opposite_cosine,2900,0.1024869931015101
Q4,Transition-Grounded,300,BIS_same_minus_opposite_cosine,2943,-0.06474710173077058
Q4,Transition-Grounded,300,BIS_same_minus_opposite_cosine,2946,0.026779592037200928
Q4,Transition-Grounded,300,BIS_same_minus_opposite_cosine,2988,0.07633750885725021
Q4,Transition-Grounded,300,BIS_same_minus_opposite_cosine,3261,0.020286390433708834
Q4,Transition-Grounded,300,BIS_same_minus_opposite_cosine,3354,0.0599876686930656
Q4,Transition-Grounded,300,BIS_same_minus_opposite_cosine,3387,0.024509024620056108
Q4,Transition-Grounded,300,BIS_same_minus_opposite_cosine,3485,0.01795161063923989
Q4,Transition-Grounded,300,BIS_same_minus_opposite_cosine,3525,0.034426539910562104
Q4,Transition-Grounded,300,BIS_same_minus_opposite_cosine,3569,0.056859955191612244
Q4,Transition-Grounded,300,BIS_same_minus_opposite_cosine,3593,0.0899125143885613
Q4,Transition-Grounded,300,BIS_same_minus_opposite_cosine,3613,0.11257196443550521
Q4,Transition-Grounded,300,BIS_same_minus_opposite_cosine,3764,0.059920698404312134
Q4,Transition-Grounded,300,BIS_same_minus_opposite_cosine,3768,0.1917985436704122
Q4,Transition-Grounded,300,BIS_same_minus_opposite_cosine,3852,-0.03499460468689597
Q4,Transition-Grounded,300,BIS_same_minus_opposite_cosine,3967,0.06079596827427547
Q4,Transition-Grounded,300,BIS_same_minus_opposite_cosine,3976,0.029253140091896057
Q4,Transition-Grounded,300,BIS_same_minus_opposite_cosine,3978,-0.03757262158961516
Q4,Transition-Grounded,300,BIS_same_minus_opposite_cosine,3985,-0.04651667277018223
Q4,Transition-Grounded,300,BIS_same_minus_opposite_cosine,4016,0.0017762146890163422
Q4,Transition-Grounded,300,BIS_same_minus_opposite_cosine,4080,0.1489632477362951
Q4,Transition-Grounded,300,BIS_same_minus_opposite_cosine,4293,0.04110808008246947
Q4,Transition-Grounded,300,BIS_same_minus_opposite_cosine,4312,0.11251800507307053
Q4,Transition-Grounded,300,BIS_same_minus_opposite_cosine,4529,0.12139150665866005
Q4,Transition-Grounded,300,BIS_same_minus_opposite_cosine,4540,0.1272948312036919
Q4,Transition-Grounded,300,BIS_same_minus_opposite_cosine,4638,-0.040249526500701904
Q4,Transition-Grounded,300,BIS_same_minus_opposite_cosine,4686,0.034631713773265016
Q4,Transition-Grounded,300,BIS_same_minus_opposite_cosine,4821,0.02715063840150833
Q4,Transition-Grounded,300,BIS_same_minus_opposite_cosine,4865,0.07984283119440083
Q4,Transition-Grounded,300,BIS_same_minus_opposite_cosine,4944,0.1310207222898801
Q4,Transition-Grounded,300,BIS_same_minus_opposite_cosine,5309,0.19262314091126126
Q4,Transition-Grounded,300,BIS_same_minus_opposite_cosine,5377,0.05166279772917437
Q4,Transition-Grounded,300,BIS_same_minus_opposite_cosine,5410,-0.007151208019682387
Q4,Transition-Grounded,300,BIS_same_minus_opposite_cosine,5454,0.021275644997755694
Q4,Transition-Grounded,300,BIS_same_minus_opposite_cosine,5516,0.12290202975273135
Q4,Transition-Grounded,300,BIS_same_minus_opposite_cosine,5600,0.07057011189560092
Q4,Transition-Grounded,300,BIS_same_minus_opposite_cosine,5778,0.1350027434527874
Q4,Transition-Grounded,300,BIS_same_minus_opposite_cosine,5826,0.03798028962178668
Q4,Transition-Grounded,300,BIS_same_minus_opposite_cosine,5961,-0.034520437674863014
Q4,Transition-Grounded,300,BIS_same_minus_opposite_cosine,5989,-0.04676336546738946
Q4,Transition-Grounded,300,BIS_same_minus_opposite_cosine,6025,0.1896180993679798
Q4,Transition-Grounded,300,MAP_same_minus_opposite_cosine,105,0.061368381209445766
Q4,Transition-Grounded,300,MAP_same_minus_opposite_cosine,323,0.02666471236281931
Q4,Transition-Grounded,300,MAP_same_minus_opposite_cosine,348,-0.028855885068575615
Q4,Transition-Grounded,300,MAP_same_minus_opposite_cosine,391,-0.045624954832924725
Q4,Transition-Grounded,300,MAP_same_minus_opposite_cosine,683,-0.026189105585217476
Q4,Transition-Grounded,300,MAP_same_minus_opposite_cosine,747,0.12585935944860632
Q4,Transition-Grounded,300,MAP_same_minus_opposite_cosine,750,0.020798928680874074
Q4,Transition-Grounded,300,MAP_same_minus_opposite_cosine,758,-0.014017143845558189
Q4,Transition-Grounded,300,MAP_same_minus_opposite_cosine,843,0.004561205953359626
Q4,Transition-Grounded,300,MAP_same_minus_opposite_cosine,877,0.038358817497889164
Q4,Transition-Grounded,300,MAP_same_minus_opposite_cosine,926,-0.04246705273787177
Q4,Transition-Grounded,300,MAP_same_minus_opposite_cosine,967,-0.03588960731797153
Q4,Transition-Grounded,300,MAP_same_minus_opposite_cosine,992,0.03191515661421285
Q4,Transition-Grounded,300,MAP_same_minus_opposite_cosine,1014,-0.09480441982547438
Q4,Transition-Grounded,300,MAP_same_minus_opposite_cosine,1092,-0.019913067420323727
Q4,Transition-Grounded,300,MAP_same_minus_opposite_cosine,1193,0.02422434588273359
Q4,Transition-Grounded,300,MAP_same_minus_opposite_cosine,1308,-0.02863489633256744
Q4,Transition-Grounded,300,MAP_same_minus_opposite_cosine,1335,0.04250986948609348
Q4,Transition-Grounded,300,MAP_same_minus_opposite_cosine,1480,0.010033934066692951
Q4,Transition-Grounded,300,MAP_same_minus_opposite_cosine,1566,-0.029848409195741055
Q4,Transition-Grounded,300,MAP_same_minus_opposite_cosine,1636,0.12169992551207542
Q4,Transition-Grounded,300,MAP_same_minus_opposite_cosine,1644,-0.13360838840405143
Q4,Transition-Grounded,300,MAP_same_minus_opposite_cosine,1839,0.1341297309845686
Q4,Transition-Grounded,300,MAP_same_minus_opposite_cosine,1943,0.03379306495189671
Q4,Transition-Grounded,300,MAP_same_minus_opposite_cosine,2005,-0.005527785104332605
Q4,Transition-Grounded,300,MAP_same_minus_opposite_cosine,2048,0.10229186429863879
Q4,Transition-Grounded,300,MAP_same_minus_opposite_cosine,2173,-0.08320247481266652
Q4,Transition-Grounded,300,MAP_same_minus_opposite_cosine,2263,-0.13149860952839698
Q4,Transition-Grounded,300,MAP_same_minus_opposite_cosine,2303,0.016021232058604618
Q4,Transition-Grounded,300,MAP_same_minus_opposite_cosine,2308,0.0645306101915511
Q4,Transition-Grounded,300,MAP_same_minus_opposite_cosine,2347,0.04634381548473332
Q4,Transition-Grounded,300,MAP_same_minus_opposite_cosine,2361,-0.05725702891747164
Q4,Transition-Grounded,300,MAP_same_minus_opposite_cosine,2567,0.021811328118755635
Q4,Transition-Grounded,300,MAP_same_minus_opposite_cosine,2900,0.08209305008252465
Q4,Transition-Grounded,300,MAP_same_minus_opposite_cosine,2943,0.0638271184130148
Q4,Transition-Grounded,300,MAP_same_minus_opposite_cosine,2946,0.12198715860193421
Q4,Transition-Grounded,300,MAP_same_minus_opposite_cosine,2988,0.06517986187504399
Q4,Transition-Grounded,300,MAP_same_minus_opposite_cosine,3261,0.01584458351135254
Q4,Transition-Grounded,300,MAP_same_minus_opposite_cosine,3354,0.0098199654709209
Q4,Transition-Grounded,300,MAP_same_minus_opposite_cosine,3387,-0.08162417734662686
Q4,Transition-Grounded,300,MAP_same_minus_opposite_cosine,3485,0.08508600294589996
Q4,Transition-Grounded,300,MAP_same_minus_opposite_cosine,3525,-0.06571410348018014
Q4,Transition-Grounded,300,MAP_same_minus_opposite_cosine,3569,-0.05120137665006841
Q4,Transition-Grounded,300,MAP_same_minus_opposite_cosine,3593,0.14476320237824414
Q4,Transition-Grounded,300,MAP_same_minus_opposite_cosine,3613,0.03323514443455322
Q4,Transition-Grounded,300,MAP_same_minus_opposite_cosine,3764,0.04301600572135722
Q4,Transition-Grounded,300,MAP_same_minus_opposite_cosine,3768,-0.05608900049419119
Q4,Transition-Grounded,300,MAP_same_minus_opposite_cosine,3852,0.1202809919010509
Q4,Transition-Grounded,300,MAP_same_minus_opposite_cosine,3967,0.04739495366811752
Q4,Transition-Grounded,300,MAP_same_minus_opposite_cosine,3976,0.07987026456329549
Q4,Transition-Grounded,300,MAP_same_minus_opposite_cosine,3978,0.026995664067340552
Q4,Transition-Grounded,300,MAP_same_minus_opposite_cosine,3985,0.07323741732221667
Q4,Transition-Grounded,300,MAP_same_minus_opposite_cosine,4016,-0.07349058339993153
Q4,Transition-Grounded,300,MAP_same_minus_opposite_cosine,4080,0.0444183275103569
Q4,Transition-Grounded,300,MAP_same_minus_opposite_cosine,4293,0.03626393650968873
Q4,Transition-Grounded,300,MAP_same_minus_opposite_cosine,4312,-0.02151366074879968
Q4,Transition-Grounded,300,MAP_same_minus_opposite_cosine,4529,0.004365156094233269
Q4,Transition-Grounded,300,MAP_same_minus_opposite_cosine,4540,-0.0668170303106308
Q4,Transition-Grounded,300,MAP_same_minus_opposite_cosine,4638,-0.012059450149536133
Q4,Transition-Grounded,300,MAP_same_minus_opposite_cosine,4686,0.07377593174125208
Q4,Transition-Grounded,300,MAP_same_minus_opposite_cosine,4821,-0.03053972787327236
Q4,Transition-Grounded,300,MAP_same_minus_opposite_cosine,4865,0.01079580554117765
Q4,Transition-Grounded,300,MAP_same_minus_opposite_cosine,4944,0.06537645144595039
Q4,Transition-Grounded,300,MAP_same_minus_opposite_cosine,5309,0.00010641415913892338
Q4,Transition-Grounded,300,MAP_same_minus_opposite_cosine,5377,0.06794224306941032
Q4,Transition-Grounded,300,MAP_same_minus_opposite_cosine,5410,-0.00826213960394706
Q4,Transition-Grounded,300,MAP_same_minus_opposite_cosine,5454,-0.143155286354678
Q4,Transition-Grounded,300,MAP_same_minus_opposite_cosine,5516,0.031194314586393768
Q4,Transition-Grounded,300,MAP_same_minus_opposite_cosine,5600,0.03162077362790261
Q4,Transition-Grounded,300,MAP_same_minus_opposite_cosine,5778,-0.024313213924566868
Q4,Transition-Grounded,300,MAP_same_minus_opposite_cosine,5826,0.013598543074395897
Q4,Transition-Grounded,300,MAP_same_minus_opposite_cosine,5961,0.011609954966439129
Q4,Transition-Grounded,300,MAP_same_minus_opposite_cosine,5989,0.06314347187678016
Q4,Transition-Grounded,300,MAP_same_minus_opposite_cosine,6025,-0.10289894913633668
Q4,Transition-Grounded,300,triplet_accuracy,323,0.75
Q4,Transition-Grounded,300,triplet_accuracy,348,0.5
Q4,Transition-Grounded,300,triplet_accuracy,391,0.6
Q4,Transition-Grounded,300,triplet_accuracy,683,0.65
Q4,Transition-Grounded,300,triplet_accuracy,747,0.65
Q4,Transition-Grounded,300,triplet_accuracy,750,0.6
Q4,Transition-Grounded,300,triplet_accuracy,758,0.6
Q4,Transition-Grounded,300,triplet_accuracy,843,0.6
Q4,Transition-Grounded,300,triplet_accuracy,967,0.45
Q4,Transition-Grounded,300,triplet_accuracy,1014,0.7
Q4,Transition-Grounded,300,triplet_accuracy,1092,0.65
Q4,Transition-Grounded,300,triplet_accuracy,1193,0.65
Q4,Transition-Grounded,300,triplet_accuracy,1335,0.65
Q4,Transition-Grounded,300,triplet_accuracy,1480,0.6
Q4,Transition-Grounded,300,triplet_accuracy,1566,0.55
Q4,Transition-Grounded,300,triplet_accuracy,1839,0.55
Q4,Transition-Grounded,300,triplet_accuracy,1943,0.7
Q4,Transition-Grounded,300,triplet_accuracy,2005,0.45
Q4,Transition-Grounded,300,triplet_accuracy,2048,0.5
Q4,Transition-Grounded,300,triplet_accuracy,2173,0.55
Q4,Transition-Grounded,300,triplet_accuracy,2263,0.55
Q4,Transition-Grounded,300,triplet_accuracy,2303,0.4
Q4,Transition-Grounded,300,triplet_accuracy,2308,0.6
Q4,Transition-Grounded,300,triplet_accuracy,2347,0.4
Q4,Transition-Grounded,300,triplet_accuracy,2361,0.6
Q4,Transition-Grounded,300,triplet_accuracy,2567,0.45
Q4,Transition-Grounded,300,triplet_accuracy,2943,0.5
Q4,Transition-Grounded,300,triplet_accuracy,2988,0.6
Q4,Transition-Grounded,300,triplet_accuracy,3261,0.45
Q4,Transition-Grounded,300,triplet_accuracy,3354,0.6
Q4,Transition-Grounded,300,triplet_accuracy,3525,0.6
Q4,Transition-Grounded,300,triplet_accuracy,3569,0.6
Q4,Transition-Grounded,300,triplet_accuracy,3593,0.6
Q4,Transition-Grounded,300,triplet_accuracy,3768,0.45
Q4,Transition-Grounded,300,triplet_accuracy,3852,0.5
Q4,Transition-Grounded,300,triplet_accuracy,3967,0.7
Q4,Transition-Grounded,300,triplet_accuracy,3978,0.5
Q4,Transition-Grounded,300,triplet_accuracy,3985,0.55
Q4,Transition-Grounded,300,triplet_accuracy,4016,0.3
Q4,Transition-Grounded,300,triplet_accuracy,4293,0.55
Q4,Transition-Grounded,300,triplet_accuracy,4312,0.4
Q4,Transition-Grounded,300,triplet_accuracy,4529,0.6
Q4,Transition-Grounded,300,triplet_accuracy,4540,0.5
Q4,Transition-Grounded,300,triplet_accuracy,4686,0.5
Q4,Transition-Grounded,300,triplet_accuracy,4821,0.55
Q4,Transition-Grounded,300,triplet_accuracy,4865,0.65
Q4,Transition-Grounded,300,triplet_accuracy,4944,0.45
Q4,Transition-Grounded,300,triplet_accuracy,5309,0.6
Q4,Transition-Grounded,300,triplet_accuracy,5377,0.7
Q4,Transition-Grounded,300,triplet_accuracy,5410,0.55
Q4,Transition-Grounded,300,triplet_accuracy,5454,0.55
Q4,Transition-Grounded,300,triplet_accuracy,5516,0.65
Q4,Transition-Grounded,300,triplet_accuracy,5600,0.75
Q4,Transition-Grounded,300,triplet_accuracy,5778,0.55
Q4,Transition-Grounded,300,triplet_accuracy,5989,0.55
Q4,Transition-Grounded,300,triplet_accuracy,6025,0.5
upcoming_large_intervention,Transition-Grounded,300,BIS_same_minus_opposite_cosine,105,0.03145002347953385
upcoming_large_intervention,Transition-Grounded,300,BIS_same_minus_opposite_cosine,323,-0.08181127533316612
upcoming_large_intervention,Transition-Grounded,300,BIS_same_minus_opposite_cosine,348,0.09568238913109806
upcoming_large_intervention,Transition-Grounded,300,BIS_same_minus_opposite_cosine,391,-0.01906839211781819
upcoming_large_intervention,Transition-Grounded,300,BIS_same_minus_opposite_cosine,683,0.07679694559839034
upcoming_large_intervention,Transition-Grounded,300,BIS_same_minus_opposite_cosine,747,0.0021221796897324396
upcoming_large_intervention,Transition-Grounded,300,BIS_same_minus_opposite_cosine,750,-0.04525050417416632
upcoming_large_intervention,Transition-Grounded,300,BIS_same_minus_opposite_cosine,758,0.01632544646660483
upcoming_large_intervention,Transition-Grounded,300,BIS_same_minus_opposite_cosine,843,0.15372010568777716
upcoming_large_intervention,Transition-Grounded,300,BIS_same_minus_opposite_cosine,877,0.06089615325133002
upcoming_large_intervention,Transition-Grounded,300,BIS_same_minus_opposite_cosine,926,0.1924157738685608
upcoming_large_intervention,Transition-Grounded,300,BIS_same_minus_opposite_cosine,967,0.035471321958484014
upcoming_large_intervention,Transition-Grounded,300,BIS_same_minus_opposite_cosine,992,0.06540214849842918
upcoming_large_intervention,Transition-Grounded,300,BIS_same_minus_opposite_cosine,1014,0.09826103746891024
upcoming_large_intervention,Transition-Grounded,300,BIS_same_minus_opposite_cosine,1092,-0.009606319479644299
upcoming_large_intervention,Transition-Grounded,300,BIS_same_minus_opposite_cosine,1193,-0.010986951490243202
upcoming_large_intervention,Transition-Grounded,300,BIS_same_minus_opposite_cosine,1308,0.1516828189293543
upcoming_large_intervention,Transition-Grounded,300,BIS_same_minus_opposite_cosine,1335,0.07912149354815479
upcoming_large_intervention,Transition-Grounded,300,BIS_same_minus_opposite_cosine,1480,0.028536103665828705
upcoming_large_intervention,Transition-Grounded,300,BIS_same_minus_opposite_cosine,1566,0.03692200791203615
upcoming_large_intervention,Transition-Grounded,300,BIS_same_minus_opposite_cosine,1636,0.04471792355179782
upcoming_large_intervention,Transition-Grounded,300,BIS_same_minus_opposite_cosine,1644,-0.04107186049222944
upcoming_large_intervention,Transition-Grounded,300,BIS_same_minus_opposite_cosine,1839,0.13510153591632845
upcoming_large_intervention,Transition-Grounded,300,BIS_same_minus_opposite_cosine,1943,0.04414328560233116
upcoming_large_intervention,Transition-Grounded,300,BIS_same_minus_opposite_cosine,2005,0.06486054261525476
upcoming_large_intervention,Transition-Grounded,300,BIS_same_minus_opposite_cosine,2048,-0.055217817312840256
upcoming_large_intervention,Transition-Grounded,300,BIS_same_minus_opposite_cosine,2173,0.09098192999760302
upcoming_large_intervention,Transition-Grounded,300,BIS_same_minus_opposite_cosine,2263,0.14295615075212542
upcoming_large_intervention,Transition-Grounded,300,BIS_same_minus_opposite_cosine,2303,0.06223630656798684
upcoming_large_intervention,Transition-Grounded,300,BIS_same_minus_opposite_cosine,2308,-0.04546688559154671
upcoming_large_intervention,Transition-Grounded,300,BIS_same_minus_opposite_cosine,2347,0.07907395685712493
upcoming_large_intervention,Transition-Grounded,300,BIS_same_minus_opposite_cosine,2361,0.0801817812025547
upcoming_large_intervention,Transition-Grounded,300,BIS_same_minus_opposite_cosine,2567,0.02367589622735977
upcoming_large_intervention,Transition-Grounded,300,BIS_same_minus_opposite_cosine,2900,0.08336035741700065
upcoming_large_intervention,Transition-Grounded,300,BIS_same_minus_opposite_cosine,2943,0.08864520738522208
upcoming_large_intervention,Transition-Grounded,300,BIS_same_minus_opposite_cosine,2946,1.0170042514801025e-06
upcoming_large_intervention,Transition-Grounded,300,BIS_same_minus_opposite_cosine,2988,0.09006433362762134
upcoming_large_intervention,Transition-Grounded,300,BIS_same_minus_opposite_cosine,3261,0.04748549188176787
upcoming_large_intervention,Transition-Grounded,300,BIS_same_minus_opposite_cosine,3354,-0.024908986356523277
upcoming_large_intervention,Transition-Grounded,300,BIS_same_minus_opposite_cosine,3387,-0.045455599469797936
upcoming_large_intervention,Transition-Grounded,300,BIS_same_minus_opposite_cosine,3485,-0.02632302116780061
upcoming_large_intervention,Transition-Grounded,300,BIS_same_minus_opposite_cosine,3525,0.11215152343114221
upcoming_large_intervention,Transition-Grounded,300,BIS_same_minus_opposite_cosine,3569,0.04930750438661291
upcoming_large_intervention,Transition-Grounded,300,BIS_same_minus_opposite_cosine,3593,0.07785011331240332
upcoming_large_intervention,Transition-Grounded,300,BIS_same_minus_opposite_cosine,3613,-0.026971057057380676
upcoming_large_intervention,Transition-Grounded,300,BIS_same_minus_opposite_cosine,3764,0.08975735509937455
upcoming_large_intervention,Transition-Grounded,300,BIS_same_minus_opposite_cosine,3768,0.10759985819458961
upcoming_large_intervention,Transition-Grounded,300,BIS_same_minus_opposite_cosine,3852,0.0688876211643219
upcoming_large_intervention,Transition-Grounded,300,BIS_same_minus_opposite_cosine,3967,0.0352736639254021
upcoming_large_intervention,Transition-Grounded,300,BIS_same_minus_opposite_cosine,3976,0.0028681730230649682
upcoming_large_intervention,Transition-Grounded,300,BIS_same_minus_opposite_cosine,3978,-0.007490576969252705
upcoming_large_intervention,Transition-Grounded,300,BIS_same_minus_opposite_cosine,3985,0.08676586548487353
upcoming_large_intervention,Transition-Grounded,300,BIS_same_minus_opposite_cosine,4016,-0.0007479588190714148
upcoming_large_intervention,Transition-Grounded,300,BIS_same_minus_opposite_cosine,4080,0.0013815570208760564
upcoming_large_intervention,Transition-Grounded,300,BIS_same_minus_opposite_cosine,4293,0.047720903796809044
upcoming_large_intervention,Transition-Grounded,300,BIS_same_minus_opposite_cosine,4312,0.11282747404442894
upcoming_large_intervention,Transition-Grounded,300,BIS_same_minus_opposite_cosine,4529,0.14712415933609013
upcoming_large_intervention,Transition-Grounded,300,BIS_same_minus_opposite_cosine,4540,-0.10630636368737068
upcoming_large_intervention,Transition-Grounded,300,BIS_same_minus_opposite_cosine,4638,0.0521184169884884
upcoming_large_intervention,Transition-Grounded,300,BIS_same_minus_opposite_cosine,4686,0.01969645669062936
upcoming_large_intervention,Transition-Grounded,300,BIS_same_minus_opposite_cosine,4821,-0.036545371693192163
upcoming_large_intervention,Transition-Grounded,300,BIS_same_minus_opposite_cosine,4865,0.10586788008610404
upcoming_large_intervention,Transition-Grounded,300,BIS_same_minus_opposite_cosine,4944,-0.0003783479332923889
upcoming_large_intervention,Transition-Grounded,300,BIS_same_minus_opposite_cosine,5309,0.093966944425395
upcoming_large_intervention,Transition-Grounded,300,BIS_same_minus_opposite_cosine,5377,0.01821727491915226
upcoming_large_intervention,Transition-Grounded,300,BIS_same_minus_opposite_cosine,5410,-0.08161279310782754
upcoming_large_intervention,Transition-Grounded,300,BIS_same_minus_opposite_cosine,5454,0.05251786708831785
upcoming_large_intervention,Transition-Grounded,300,BIS_same_minus_opposite_cosine,5516,0.10141972339514532
upcoming_large_intervention,Transition-Grounded,300,BIS_same_minus_opposite_cosine,5600,0.09667919824520743
upcoming_large_intervention,Transition-Grounded,300,BIS_same_minus_opposite_cosine,5778,0.0018887288040584371
upcoming_large_intervention,Transition-Grounded,300,BIS_same_minus_opposite_cosine,5826,-0.027416390903068244
upcoming_large_intervention,Transition-Grounded,300,BIS_same_minus_opposite_cosine,5961,-0.11053879724608529
upcoming_large_intervention,Transition-Grounded,300,BIS_same_minus_opposite_cosine,5989,0.06209573273857438
upcoming_large_intervention,Transition-Grounded,300,BIS_same_minus_opposite_cosine,6025,0.0002992335293027226
upcoming_large_intervention,Transition-Grounded,300,MAP_same_minus_opposite_cosine,105,0.10046985720594725
upcoming_large_intervention,Transition-Grounded,300,MAP_same_minus_opposite_cosine,323,0.10074924429257703
upcoming_large_intervention,Transition-Grounded,300,MAP_same_minus_opposite_cosine,348,-0.0003180523713429695
upcoming_large_intervention,Transition-Grounded,300,MAP_same_minus_opposite_cosine,391,0.09576803197463357
upcoming_large_intervention,Transition-Grounded,300,MAP_same_minus_opposite_cosine,683,0.012291841208934784
upcoming_large_intervention,Transition-Grounded,300,MAP_same_minus_opposite_cosine,747,-0.004731992880503355
upcoming_large_intervention,Transition-Grounded,300,MAP_same_minus_opposite_cosine,750,0.015825813918402654
upcoming_large_intervention,Transition-Grounded,300,MAP_same_minus_opposite_cosine,758,-0.020270181876240412
upcoming_large_intervention,Transition-Grounded,300,MAP_same_minus_opposite_cosine,843,0.0009971360365549353
upcoming_large_intervention,Transition-Grounded,300,MAP_same_minus_opposite_cosine,877,-0.09540635297695788
upcoming_large_intervention,Transition-Grounded,300,MAP_same_minus_opposite_cosine,926,-0.041685707415595186
upcoming_large_intervention,Transition-Grounded,300,MAP_same_minus_opposite_cosine,967,0.24289568957118762
upcoming_large_intervention,Transition-Grounded,300,MAP_same_minus_opposite_cosine,992,0.003985236088434818
upcoming_large_intervention,Transition-Grounded,300,MAP_same_minus_opposite_cosine,1014,0.035484733680884006
upcoming_large_intervention,Transition-Grounded,300,MAP_same_minus_opposite_cosine,1092,0.12168063720067335
upcoming_large_intervention,Transition-Grounded,300,MAP_same_minus_opposite_cosine,1193,0.2186253677521433
upcoming_large_intervention,Transition-Grounded,300,MAP_same_minus_opposite_cosine,1308,0.028215918276045082
upcoming_large_intervention,Transition-Grounded,300,MAP_same_minus_opposite_cosine,1335,0.02173134767346907
upcoming_large_intervention,Transition-Grounded,300,MAP_same_minus_opposite_cosine,1480,-0.08506314257780712
upcoming_large_intervention,Transition-Grounded,300,MAP_same_minus_opposite_cosine,1566,0.037800153096516964
upcoming_large_intervention,Transition-Grounded,300,MAP_same_minus_opposite_cosine,1636,0.14111613109707832
upcoming_large_intervention,Transition-Grounded,300,MAP_same_minus_opposite_cosine,1644,-0.08193604772289598
upcoming_large_intervention,Transition-Grounded,300,MAP_same_minus_opposite_cosine,1839,0.01257050285736716
upcoming_large_intervention,Transition-Grounded,300,MAP_same_minus_opposite_cosine,1943,-0.042988138216914495
upcoming_large_intervention,Transition-Grounded,300,MAP_same_minus_opposite_cosine,2005,-0.01116871743491199
upcoming_large_intervention,Transition-Grounded,300,MAP_same_minus_opposite_cosine,2048,-0.046662836557342824
upcoming_large_intervention,Transition-Grounded,300,MAP_same_minus_opposite_cosine,2173,-0.011493648091951969
upcoming_large_intervention,Transition-Grounded,300,MAP_same_minus_opposite_cosine,2263,0.05546041660838652
upcoming_large_intervention,Transition-Grounded,300,MAP_same_minus_opposite_cosine,2303,-0.05428077653050423
upcoming_large_intervention,Transition-Grounded,300,MAP_same_minus_opposite_cosine,2308,-0.22715010302555227
upcoming_large_intervention,Transition-Grounded,300,MAP_same_minus_opposite_cosine,2347,-0.0875218237439791
upcoming_large_intervention,Transition-Grounded,300,MAP_same_minus_opposite_cosine,2361,-0.06276965513825417
upcoming_large_intervention,Transition-Grounded,300,MAP_same_minus_opposite_cosine,2567,0.09257206817468011
upcoming_large_intervention,Transition-Grounded,300,MAP_same_minus_opposite_cosine,2900,0.03788063128789265
upcoming_large_intervention,Transition-Grounded,300,MAP_same_minus_opposite_cosine,2943,-0.018836882868499494
upcoming_large_intervention,Transition-Grounded,300,MAP_same_minus_opposite_cosine,2946,-0.0028040145834287156
upcoming_large_intervention,Transition-Grounded,300,MAP_same_minus_opposite_cosine,2988,0.10646007160345705
upcoming_large_intervention,Transition-Grounded,300,MAP_same_minus_opposite_cosine,3261,-0.12186171481329383
upcoming_large_intervention,Transition-Grounded,300,MAP_same_minus_opposite_cosine,3354,-0.020759856949249977
upcoming_large_intervention,Transition-Grounded,300,MAP_same_minus_opposite_cosine,3387,-0.013563358287016491
upcoming_large_intervention,Transition-Grounded,300,MAP_same_minus_opposite_cosine,3485,-0.05750265220801032
upcoming_large_intervention,Transition-Grounded,300,MAP_same_minus_opposite_cosine,3525,0.08536235789457958
upcoming_large_intervention,Transition-Grounded,300,MAP_same_minus_opposite_cosine,3569,-0.1000426543255647
upcoming_large_intervention,Transition-Grounded,300,MAP_same_minus_opposite_cosine,3593,0.0647980272769928
upcoming_large_intervention,Transition-Grounded,300,MAP_same_minus_opposite_cosine,3613,-0.01092204699913668
upcoming_large_intervention,Transition-Grounded,300,MAP_same_minus_opposite_cosine,3764,0.13293345130625228
upcoming_large_intervention,Transition-Grounded,300,MAP_same_minus_opposite_cosine,3768,0.016280151226303774
upcoming_large_intervention,Transition-Grounded,300,MAP_same_minus_opposite_cosine,3852,0.012344265977541569
upcoming_large_intervention,Transition-Grounded,300,MAP_same_minus_opposite_cosine,3967,-0.10573272307713832
upcoming_large_intervention,Transition-Grounded,300,MAP_same_minus_opposite_cosine,3976,0.1518512604137262
upcoming_large_intervention,Transition-Grounded,300,MAP_same_minus_opposite_cosine,3978,0.10745972792307534
upcoming_large_intervention,Transition-Grounded,300,MAP_same_minus_opposite_cosine,3985,-0.015533356955557132
upcoming_large_intervention,Transition-Grounded,300,MAP_same_minus_opposite_cosine,4016,0.0792233513461219
upcoming_large_intervention,Transition-Grounded,300,MAP_same_minus_opposite_cosine,4080,-0.034936290648248436
upcoming_large_intervention,Transition-Grounded,300,MAP_same_minus_opposite_cosine,4293,-0.03642665512031984
upcoming_large_intervention,Transition-Grounded,300,MAP_same_minus_opposite_cosine,4312,0.09987358748912811
upcoming_large_intervention,Transition-Grounded,300,MAP_same_minus_opposite_cosine,4529,-0.02078157663345337
upcoming_large_intervention,Transition-Grounded,300,MAP_same_minus_opposite_cosine,4540,-0.04840625127156584
upcoming_large_intervention,Transition-Grounded,300,MAP_same_minus_opposite_cosine,4638,-0.038468356927235936
upcoming_large_intervention,Transition-Grounded,300,MAP_same_minus_opposite_cosine,4686,-0.05577404774499661
upcoming_large_intervention,Transition-Grounded,300,MAP_same_minus_opposite_cosine,4821,-0.0692070946097374
upcoming_large_intervention,Transition-Grounded,300,MAP_same_minus_opposite_cosine,4865,0.12576424044867363
upcoming_large_intervention,Transition-Grounded,300,MAP_same_minus_opposite_cosine,4944,0.020915454460514904
upcoming_large_intervention,Transition-Grounded,300,MAP_same_minus_opposite_cosine,5309,-0.01750752454002691
upcoming_large_intervention,Transition-Grounded,300,MAP_same_minus_opposite_cosine,5377,0.07806941221157704
upcoming_large_intervention,Transition-Grounded,300,MAP_same_minus_opposite_cosine,5410,-0.02014213845585333
upcoming_large_intervention,Transition-Grounded,300,MAP_same_minus_opposite_cosine,5454,0.11572608848412824
upcoming_large_intervention,Transition-Grounded,300,MAP_same_minus_opposite_cosine,5516,0.03799205894271529
upcoming_large_intervention,Transition-Grounded,300,MAP_same_minus_opposite_cosine,5600,0.018506858083936928
upcoming_large_intervention,Transition-Grounded,300,MAP_same_minus_opposite_cosine,5778,0.1273866575775725
upcoming_large_intervention,Transition-Grounded,300,MAP_same_minus_opposite_cosine,5826,-0.049405433011777466
upcoming_large_intervention,Transition-Grounded,300,MAP_same_minus_opposite_cosine,5961,-0.0568241784969965
upcoming_large_intervention,Transition-Grounded,300,MAP_same_minus_opposite_cosine,5989,0.14602623383204139
upcoming_large_intervention,Transition-Grounded,300,MAP_same_minus_opposite_cosine,6025,0.1813144115110239
upcoming_large_intervention,Transition-Grounded,300,triplet_accuracy,323,0.55
upcoming_large_intervention,Transition-Grounded,300,triplet_accuracy,348,0.7
upcoming_large_intervention,Transition-Grounded,300,triplet_accuracy,391,0.7
upcoming_large_intervention,Transition-Grounded,300,triplet_accuracy,683,0.65
upcoming_large_intervention,Transition-Grounded,300,triplet_accuracy,747,0.5
upcoming_large_intervention,Transition-Grounded,300,triplet_accuracy,750,0.5
upcoming_large_intervention,Transition-Grounded,300,triplet_accuracy,758,0.45
upcoming_large_intervention,Transition-Grounded,300,triplet_accuracy,843,0.7
upcoming_large_intervention,Transition-Grounded,300,triplet_accuracy,967,0.45
upcoming_large_intervention,Transition-Grounded,300,triplet_accuracy,1014,0.5
upcoming_large_intervention,Transition-Grounded,300,triplet_accuracy,1092,0.5
upcoming_large_intervention,Transition-Grounded,300,triplet_accuracy,1193,0.65
upcoming_large_intervention,Transition-Grounded,300,triplet_accuracy,1335,0.85
upcoming_large_intervention,Transition-Grounded,300,triplet_accuracy,1480,0.35
upcoming_large_intervention,Transition-Grounded,300,triplet_accuracy,1566,0.65
upcoming_large_intervention,Transition-Grounded,300,triplet_accuracy,1839,0.6
upcoming_large_intervention,Transition-Grounded,300,triplet_accuracy,1943,0.7
upcoming_large_intervention,Transition-Grounded,300,triplet_accuracy,2005,0.6
upcoming_large_intervention,Transition-Grounded,300,triplet_accuracy,2048,0.55
upcoming_large_intervention,Transition-Grounded,300,triplet_accuracy,2173,0.45
upcoming_large_intervention,Transition-Grounded,300,triplet_accuracy,2263,0.6
upcoming_large_intervention,Transition-Grounded,300,triplet_accuracy,2303,0.5
upcoming_large_intervention,Transition-Grounded,300,triplet_accuracy,2308,0.3
upcoming_large_intervention,Transition-Grounded,300,triplet_accuracy,2347,0.5
upcoming_large_intervention,Transition-Grounded,300,triplet_accuracy,2361,0.8
upcoming_large_intervention,Transition-Grounded,300,triplet_accuracy,2567,0.6
upcoming_large_intervention,Transition-Grounded,300,triplet_accuracy,2943,0.55
upcoming_large_intervention,Transition-Grounded,300,triplet_accuracy,2988,0.6
upcoming_large_intervention,Transition-Grounded,300,triplet_accuracy,3261,0.55
upcoming_large_intervention,Transition-Grounded,300,triplet_accuracy,3354,0.55
upcoming_large_intervention,Transition-Grounded,300,triplet_accuracy,3525,0.55
upcoming_large_intervention,Transition-Grounded,300,triplet_accuracy,3569,0.7
upcoming_large_intervention,Transition-Grounded,300,triplet_accuracy,3593,0.55
upcoming_large_intervention,Transition-Grounded,300,triplet_accuracy,3768,0.55
upcoming_large_intervention,Transition-Grounded,300,triplet_accuracy,3852,0.5
upcoming_large_intervention,Transition-Grounded,300,triplet_accuracy,3967,0.45
upcoming_large_intervention,Transition-Grounded,300,triplet_accuracy,3978,0.25
upcoming_large_intervention,Transition-Grounded,300,triplet_accuracy,3985,0.45
upcoming_large_intervention,Transition-Grounded,300,triplet_accuracy,4016,0.6
upcoming_large_intervention,Transition-Grounded,300,triplet_accuracy,4293,0.65
upcoming_large_intervention,Transition-Grounded,300,triplet_accuracy,4312,0.65
upcoming_large_intervention,Transition-Grounded,300,triplet_accuracy,4529,0.55
upcoming_large_intervention,Transition-Grounded,300,triplet_accuracy,4540,0.55
upcoming_large_intervention,Transition-Grounded,300,triplet_accuracy,4686,0.7
upcoming_large_intervention,Transition-Grounded,300,triplet_accuracy,4821,0.6
upcoming_large_intervention,Transition-Grounded,300,triplet_accuracy,4865,0.6
upcoming_large_intervention,Transition-Grounded,300,triplet_accuracy,4944,0.6
upcoming_large_intervention,Transition-Grounded,300,triplet_accuracy,5309,0.65
upcoming_large_intervention,Transition-Grounded,300,triplet_accuracy,5377,0.55
upcoming_large_intervention,Transition-Grounded,300,triplet_accuracy,5410,0.6
upcoming_large_intervention,Transition-Grounded,300,triplet_accuracy,5454,0.6
upcoming_large_intervention,Transition-Grounded,300,triplet_accuracy,5516,0.6
upcoming_large_intervention,Transition-Grounded,300,triplet_accuracy,5600,0.55
upcoming_large_intervention,Transition-Grounded,300,triplet_accuracy,5778,0.55
upcoming_large_intervention,Transition-Grounded,300,triplet_accuracy,5989,0.55
upcoming_large_intervention,Transition-Grounded,300,triplet_accuracy,6025,0.7
initiation,Transition-Grounded,300,BIS_same_minus_opposite_cosine,105,0.03491653140747186
initiation,Transition-Grounded,300,BIS_same_minus_opposite_cosine,323,0.02866579261091029
initiation,Transition-Grounded,300,BIS_same_minus_opposite_cosine,348,0.1004027457851352
initiation,Transition-Grounded,300,BIS_same_minus_opposite_cosine,391,0.01994398898548555
initiation,Transition-Grounded,300,BIS_same_minus_opposite_cosine,683,0.1983751668171449
initiation,Transition-Grounded,300,BIS_same_minus_opposite_cosine,747,-0.04185222813652617
initiation,Transition-Grounded,300,BIS_same_minus_opposite_cosine,750,0.0394769623166038
initiation,Transition-Grounded,300,BIS_same_minus_opposite_cosine,758,0.08588216995651077
initiation,Transition-Grounded,300,BIS_same_minus_opposite_cosine,843,0.049169365627070305
initiation,Transition-Grounded,300,BIS_same_minus_opposite_cosine,877,-0.04532672340671218
initiation,Transition-Grounded,300,BIS_same_minus_opposite_cosine,926,0.0722062190373739
initiation,Transition-Grounded,300,BIS_same_minus_opposite_cosine,967,0.03919588608874214
initiation,Transition-Grounded,300,BIS_same_minus_opposite_cosine,992,0.05018872090361337
initiation,Transition-Grounded,300,BIS_same_minus_opposite_cosine,1014,0.0049259339769681665
initiation,Transition-Grounded,300,BIS_same_minus_opposite_cosine,1092,0.15405235035965836
initiation,Transition-Grounded,300,BIS_same_minus_opposite_cosine,1193,0.03196718891461692
initiation,Transition-Grounded,300,BIS_same_minus_opposite_cosine,1308,-0.03700394762886894
initiation,Transition-Grounded,300,BIS_same_minus_opposite_cosine,1335,0.16737962423851993
initiation,Transition-Grounded,300,BIS_same_minus_opposite_cosine,1480,-0.028877016219000018
initiation,Transition-Grounded,300,BIS_same_minus_opposite_cosine,1566,0.046075922521677914
initiation,Transition-Grounded,300,BIS_same_minus_opposite_cosine,1636,-0.16143463269779174
initiation,Transition-Grounded,300,BIS_same_minus_opposite_cosine,1644,0.06432716250419612
initiation,Transition-Grounded,300,BIS_same_minus_opposite_cosine,1839,0.09331225169201696
initiation,Transition-Grounded,300,BIS_same_minus_opposite_cosine,1943,0.047723107867770675
initiation,Transition-Grounded,300,BIS_same_minus_opposite_cosine,2005,0.04983103997779614
initiation,Transition-Grounded,300,BIS_same_minus_opposite_cosine,2048,0.15387334200468927
initiation,Transition-Grounded,300,BIS_same_minus_opposite_cosine,2173,-0.08846362680196768
initiation,Transition-Grounded,300,BIS_same_minus_opposite_cosine,2263,0.04707547587653005
initiation,Transition-Grounded,300,BIS_same_minus_opposite_cosine,2303,0.05875390022993088
initiation,Transition-Grounded,300,BIS_same_minus_opposite_cosine,2308,0.0659511010021423
initiation,Transition-Grounded,300,BIS_same_minus_opposite_cosine,2347,0.21908709841469926
initiation,Transition-Grounded,300,BIS_same_minus_opposite_cosine,2361,0.10007699917663226
initiation,Transition-Grounded,300,BIS_same_minus_opposite_cosine,2567,-0.0005105477240351375
initiation,Transition-Grounded,300,BIS_same_minus_opposite_cosine,2900,0.08592384755611415
initiation,Transition-Grounded,300,BIS_same_minus_opposite_cosine,2943,-0.07769614582260453
initiation,Transition-Grounded,300,BIS_same_minus_opposite_cosine,2946,0.09232252655607287
initiation,Transition-Grounded,300,BIS_same_minus_opposite_cosine,2988,0.1344659579917788
initiation,Transition-Grounded,300,BIS_same_minus_opposite_cosine,3354,-0.13366941691686712
initiation,Transition-Grounded,300,BIS_same_minus_opposite_cosine,3387,0.09954869250456488
initiation,Transition-Grounded,300,BIS_same_minus_opposite_cosine,3485,0.1423643320798874
initiation,Transition-Grounded,300,BIS_same_minus_opposite_cosine,3525,0.0523851853277949
initiation,Transition-Grounded,300,BIS_same_minus_opposite_cosine,3569,0.06957088907559716
initiation,Transition-Grounded,300,BIS_same_minus_opposite_cosine,3593,-0.02984759770333767
initiation,Transition-Grounded,300,BIS_same_minus_opposite_cosine,3613,-0.028042238454023982
initiation,Transition-Grounded,300,BIS_same_minus_opposite_cosine,3764,0.08316249102354045
initiation,Transition-Grounded,300,BIS_same_minus_opposite_cosine,3768,0.18077748912301933
initiation,Transition-Grounded,300,BIS_same_minus_opposite_cosine,3852,-0.12961651723493228
initiation,Transition-Grounded,300,BIS_same_minus_opposite_cosine,3967,-0.02659208124334167
initiation,Transition-Grounded,300,BIS_same_minus_opposite_cosine,3976,0.1013466169436773
initiation,Transition-Grounded,300,BIS_same_minus_opposite_cosine,3978,0.042983611424764034
initiation,Transition-Grounded,300,BIS_same_minus_opposite_cosine,3985,0.03661578521132469
initiation,Transition-Grounded,300,BIS_same_minus_opposite_cosine,4016,-0.010566348605083764
initiation,Transition-Grounded,300,BIS_same_minus_opposite_cosine,4080,-0.05028554598490398
initiation,Transition-Grounded,300,BIS_same_minus_opposite_cosine,4293,0.08747628132502233
initiation,Transition-Grounded,300,BIS_same_minus_opposite_cosine,4312,-0.035984585185845686
initiation,Transition-Grounded,300,BIS_same_minus_opposite_cosine,4540,0.08650613576173782
initiation,Transition-Grounded,300,BIS_same_minus_opposite_cosine,4638,0.12668174776163965
initiation,Transition-Grounded,300,BIS_same_minus_opposite_cosine,4686,0.06931706021229422
initiation,Transition-Grounded,300,BIS_same_minus_opposite_cosine,4865,-0.06895932803551363
initiation,Transition-Grounded,300,BIS_same_minus_opposite_cosine,4944,0.14454771019518375
initiation,Transition-Grounded,300,BIS_same_minus_opposite_cosine,5309,0.1708554625511169
initiation,Transition-Grounded,300,BIS_same_minus_opposite_cosine,5377,0.07133788491288828
initiation,Transition-Grounded,300,BIS_same_minus_opposite_cosine,5410,0.11412927721227917
initiation,Transition-Grounded,300,BIS_same_minus_opposite_cosine,5454,-0.05787996609102597
initiation,Transition-Grounded,300,BIS_same_minus_opposite_cosine,5516,0.04959669833381963
initiation,Transition-Grounded,300,BIS_same_minus_opposite_cosine,5600,0.07685741533835733
initiation,Transition-Grounded,300,BIS_same_minus_opposite_cosine,5778,-0.007355626051624653
initiation,Transition-Grounded,300,BIS_same_minus_opposite_cosine,5826,0.05471719801425934
initiation,Transition-Grounded,300,BIS_same_minus_opposite_cosine,5961,-0.006361941082610012
initiation,Transition-Grounded,300,BIS_same_minus_opposite_cosine,5989,0.08944438646237052
initiation,Transition-Grounded,300,BIS_same_minus_opposite_cosine,6025,-0.06426323722634042
initiation,Transition-Grounded,300,MAP_same_minus_opposite_cosine,105,-0.052552373346054226
initiation,Transition-Grounded,300,MAP_same_minus_opposite_cosine,323,0.1560190714274844
initiation,Transition-Grounded,300,MAP_same_minus_opposite_cosine,348,0.000442719707886452
initiation,Transition-Grounded,300,MAP_same_minus_opposite_cosine,391,0.2894969547788302
initiation,Transition-Grounded,300,MAP_same_minus_opposite_cosine,683,-0.1049637511146791
initiation,Transition-Grounded,300,MAP_same_minus_opposite_cosine,747,-0.042046223146220085
initiation,Transition-Grounded,300,MAP_same_minus_opposite_cosine,750,-0.04553254693746567
initiation,Transition-Grounded,300,MAP_same_minus_opposite_cosine,758,-0.06632758677005768
initiation,Transition-Grounded,300,MAP_same_minus_opposite_cosine,843,0.15176097800334298
initiation,Transition-Grounded,300,MAP_same_minus_opposite_cosine,877,0.22478165311945808
initiation,Transition-Grounded,300,MAP_same_minus_opposite_cosine,926,0.04056156923373544
initiation,Transition-Grounded,300,MAP_same_minus_opposite_cosine,967,0.1307971589267254
initiation,Transition-Grounded,300,MAP_same_minus_opposite_cosine,992,0.06014341364304221
initiation,Transition-Grounded,300,MAP_same_minus_opposite_cosine,1014,0.10094378391901648
initiation,Transition-Grounded,300,MAP_same_minus_opposite_cosine,1092,0.09153498099608859
initiation,Transition-Grounded,300,MAP_same_minus_opposite_cosine,1193,0.05469140782952309
initiation,Transition-Grounded,300,MAP_same_minus_opposite_cosine,1308,0.0658384740352631
initiation,Transition-Grounded,300,MAP_same_minus_opposite_cosine,1335,0.19081816077232366
initiation,Transition-Grounded,300,MAP_same_minus_opposite_cosine,1480,0.004738421264019854
initiation,Transition-Grounded,300,MAP_same_minus_opposite_cosine,1566,0.1292895724376043
initiation,Transition-Grounded,300,MAP_same_minus_opposite_cosine,1636,0.10443773927787942
initiation,Transition-Grounded,300,MAP_same_minus_opposite_cosine,1644,-0.13509736853567034
initiation,Transition-Grounded,300,MAP_same_minus_opposite_cosine,1839,-0.11763698314175453
initiation,Transition-Grounded,300,MAP_same_minus_opposite_cosine,1943,0.028636068105697632
initiation,Transition-Grounded,300,MAP_same_minus_opposite_cosine,2005,-0.050541999335918075
initiation,Transition-Grounded,300,MAP_same_minus_opposite_cosine,2048,-0.0181886735889647
initiation,Transition-Grounded,300,MAP_same_minus_opposite_cosine,2173,0.033669247602423014
initiation,Transition-Grounded,300,MAP_same_minus_opposite_cosine,2263,0.08773612231016159
initiation,Transition-Grounded,300,MAP_same_minus_opposite_cosine,2303,0.028396420180797577
initiation,Transition-Grounded,300,MAP_same_minus_opposite_cosine,2308,0.035169645256939386
initiation,Transition-Grounded,300,MAP_same_minus_opposite_cosine,2347,-0.0034027810801159353
initiation,Transition-Grounded,300,MAP_same_minus_opposite_cosine,2361,-0.06582948399914634
initiation,Transition-Grounded,300,MAP_same_minus_opposite_cosine,2567,0.07283157110214233
initiation,Transition-Grounded,300,MAP_same_minus_opposite_cosine,2900,0.006939323246479057
initiation,Transition-Grounded,300,MAP_same_minus_opposite_cosine,2943,0.05687557883334882
initiation,Transition-Grounded,300,MAP_same_minus_opposite_cosine,2946,-0.16839336603879929
initiation,Transition-Grounded,300,MAP_same_minus_opposite_cosine,2988,0.06810343920281436
initiation,Transition-Grounded,300,MAP_same_minus_opposite_cosine,3354,-0.030930619935194636
initiation,Transition-Grounded,300,MAP_same_minus_opposite_cosine,3387,0.021969293554623848
initiation,Transition-Grounded,300,MAP_same_minus_opposite_cosine,3485,0.02493480013476479
initiation,Transition-Grounded,300,MAP_same_minus_opposite_cosine,3525,-0.05773747298452592
initiation,Transition-Grounded,300,MAP_same_minus_opposite_cosine,3569,0.1713696424708222
initiation,Transition-Grounded,300,MAP_same_minus_opposite_cosine,3593,0.02988006750291039
initiation,Transition-Grounded,300,MAP_same_minus_opposite_cosine,3613,-0.0303280999263128
initiation,Transition-Grounded,300,MAP_same_minus_opposite_cosine,3764,-0.07645843550562859
initiation,Transition-Grounded,300,MAP_same_minus_opposite_cosine,3768,-0.09336301864999713
initiation,Transition-Grounded,300,MAP_same_minus_opposite_cosine,3852,0.009403899312019348
initiation,Transition-Grounded,300,MAP_same_minus_opposite_cosine,3967,0.012751986583073971
initiation,Transition-Grounded,300,MAP_same_minus_opposite_cosine,3976,0.028874526917934462
initiation,Transition-Grounded,300,MAP_same_minus_opposite_cosine,3978,0.0875594794750214
initiation,Transition-Grounded,300,MAP_same_minus_opposite_cosine,3985,0.050463346143563625
initiation,Transition-Grounded,300,MAP_same_minus_opposite_cosine,4016,-0.005020646434841791
initiation,Transition-Grounded,300,MAP_same_minus_opposite_cosine,4080,-0.03292894611756014
initiation,Transition-Grounded,300,MAP_same_minus_opposite_cosine,4293,-0.03803648190064868
initiation,Transition-Grounded,300,MAP_same_minus_opposite_cosine,4312,-0.028611479383526484
initiation,Transition-Grounded,300,MAP_same_minus_opposite_cosine,4540,-0.07714219838380809
initiation,Transition-Grounded,300,MAP_same_minus_opposite_cosine,4638,0.02517003466685619
initiation,Transition-Grounded,300,MAP_same_minus_opposite_cosine,4686,0.026633523404598236
initiation,Transition-Grounded,300,MAP_same_minus_opposite_cosine,4865,0.027208609506487846
initiation,Transition-Grounded,300,MAP_same_minus_opposite_cosine,4944,0.19534093895080412
initiation,Transition-Grounded,300,MAP_same_minus_opposite_cosine,5309,0.06328604122002923
initiation,Transition-Grounded,300,MAP_same_minus_opposite_cosine,5377,0.06644075488050777
initiation,Transition-Grounded,300,MAP_same_minus_opposite_cosine,5410,0.04020350550611812
initiation,Transition-Grounded,300,MAP_same_minus_opposite_cosine,5454,0.03516225392619765
initiation,Transition-Grounded,300,MAP_same_minus_opposite_cosine,5516,-0.020263277671553892
initiation,Transition-Grounded,300,MAP_same_minus_opposite_cosine,5600,-0.041388045996427536
initiation,Transition-Grounded,300,MAP_same_minus_opposite_cosine,5778,0.06884519805510847
initiation,Transition-Grounded,300,MAP_same_minus_opposite_cosine,5826,0.03860448797543847
initiation,Transition-Grounded,300,MAP_same_minus_opposite_cosine,5961,-0.017951074573728798
initiation,Transition-Grounded,300,MAP_same_minus_opposite_cosine,5989,0.03530021689154883
initiation,Transition-Grounded,300,MAP_same_minus_opposite_cosine,6025,-0.09880036736528075
initiation,Transition-Grounded,300,triplet_accuracy,323,0.7
initiation,Transition-Grounded,300,triplet_accuracy,348,0.65
initiation,Transition-Grounded,300,triplet_accuracy,391,0.4
initiation,Transition-Grounded,300,triplet_accuracy,683,0.5
initiation,Transition-Grounded,300,triplet_accuracy,747,0.55
initiation,Transition-Grounded,300,triplet_accuracy,750,0.6
initiation,Transition-Grounded,300,triplet_accuracy,758,0.4
initiation,Transition-Grounded,300,triplet_accuracy,843,0.65
initiation,Transition-Grounded,300,triplet_accuracy,967,0.55
initiation,Transition-Grounded,300,triplet_accuracy,1014,0.65
initiation,Transition-Grounded,300,triplet_accuracy,1092,0.7
initiation,Transition-Grounded,300,triplet_accuracy,1193,0.5
initiation,Transition-Grounded,300,triplet_accuracy,1335,0.65
initiation,Transition-Grounded,300,triplet_accuracy,1480,0.6
initiation,Transition-Grounded,300,triplet_accuracy,1566,0.45
initiation,Transition-Grounded,300,triplet_accuracy,1839,0.5
initiation,Transition-Grounded,300,triplet_accuracy,1943,0.55
initiation,Transition-Grounded,300,triplet_accuracy,2005,0.45
initiation,Transition-Grounded,300,triplet_accuracy,2048,0.75
initiation,Transition-Grounded,300,triplet_accuracy,2173,0.5
initiation,Transition-Grounded,300,triplet_accuracy,2263,0.65
initiation,Transition-Grounded,300,triplet_accuracy,2303,0.55
initiation,Transition-Grounded,300,triplet_accuracy,2308,0.4
initiation,Transition-Grounded,300,triplet_accuracy,2347,0.6
initiation,Transition-Grounded,300,triplet_accuracy,2361,0.75
initiation,Transition-Grounded,300,triplet_accuracy,2567,0.65
initiation,Transition-Grounded,300,triplet_accuracy,2943,0.6
initiation,Transition-Grounded,300,triplet_accuracy,2988,0.7
initiation,Transition-Grounded,300,triplet_accuracy,3354,0.55
initiation,Transition-Grounded,300,triplet_accuracy,3525,0.55
initiation,Transition-Grounded,300,triplet_accuracy,3569,0.5
initiation,Transition-Grounded,300,triplet_accuracy,3593,0.55
initiation,Transition-Grounded,300,triplet_accuracy,3768,0.65
initiation,Transition-Grounded,300,triplet_accuracy,3852,0.45
initiation,Transition-Grounded,300,triplet_accuracy,3967,0.55
initiation,Transition-Grounded,300,triplet_accuracy,3978,0.5
initiation,Transition-Grounded,300,triplet_accuracy,3985,0.7
initiation,Transition-Grounded,300,triplet_accuracy,4016,0.55
initiation,Transition-Grounded,300,triplet_accuracy,4293,0.55
initiation,Transition-Grounded,300,triplet_accuracy,4312,0.65
initiation,Transition-Grounded,300,triplet_accuracy,4540,0.65
initiation,Transition-Grounded,300,triplet_accuracy,4686,0.7
initiation,Transition-Grounded,300,triplet_accuracy,4865,0.55
initiation,Transition-Grounded,300,triplet_accuracy,4944,0.75
initiation,Transition-Grounded,300,triplet_accuracy,5309,0.55
initiation,Transition-Grounded,300,triplet_accuracy,5377,0.6
initiation,Transition-Grounded,300,triplet_accuracy,5410,0.45
initiation,Transition-Grounded,300,triplet_accuracy,5454,0.5
initiation,Transition-Grounded,300,triplet_accuracy,5516,0.55
initiation,Transition-Grounded,300,triplet_accuracy,5600,0.35
initiation,Transition-Grounded,300,triplet_accuracy,5778,0.7
initiation,Transition-Grounded,300,triplet_accuracy,5989,0.7
initiation,Transition-Grounded,300,triplet_accuracy,6025,0.55
increase,Transition-Grounded,300,BIS_same_minus_opposite_cosine,105,0.08516343920068309
increase,Transition-Grounded,300,BIS_same_minus_opposite_cosine,323,0.06593094368775687
increase,Transition-Grounded,300,BIS_same_minus_opposite_cosine,348,-0.007065091814313584
increase,Transition-Grounded,300,BIS_same_minus_opposite_cosine,391,0.22461123160566349
increase,Transition-Grounded,300,BIS_same_minus_opposite_cosine,683,0.003429422279198957
increase,Transition-Grounded,300,BIS_same_minus_opposite_cosine,747,0.004206807249122146
increase,Transition-Grounded,300,BIS_same_minus_opposite_cosine,750,0.033891396969556786
increase,Transition-Grounded,300,BIS_same_minus_opposite_cosine,758,0.024560780988799213
increase,Transition-Grounded,300,BIS_same_minus_opposite_cosine,843,-0.08105408580917295
increase,Transition-Grounded,300,BIS_same_minus_opposite_cosine,877,0.08204971899588909
increase,Transition-Grounded,300,BIS_same_minus_opposite_cosine,926,0.15917286823193227
increase,Transition-Grounded,300,BIS_same_minus_opposite_cosine,967,0.018609967082738876
increase,Transition-Grounded,300,BIS_same_minus_opposite_cosine,992,-0.005919245382150051
increase,Transition-Grounded,300,BIS_same_minus_opposite_cosine,1092,0.023164727290471476
increase,Transition-Grounded,300,BIS_same_minus_opposite_cosine,1193,-0.03520281967662631
increase,Transition-Grounded,300,BIS_same_minus_opposite_cosine,1308,-0.0047203784897214
increase,Transition-Grounded,300,BIS_same_minus_opposite_cosine,1335,-0.061014312009016636
increase,Transition-Grounded,300,BIS_same_minus_opposite_cosine,1480,-0.03387174506982171
increase,Transition-Grounded,300,BIS_same_minus_opposite_cosine,1566,-0.0004998168936281577
increase,Transition-Grounded,300,BIS_same_minus_opposite_cosine,1636,0.008973461265365246
increase,Transition-Grounded,300,BIS_same_minus_opposite_cosine,1644,-0.013107668874519196
increase,Transition-Grounded,300,BIS_same_minus_opposite_cosine,1943,-0.05641631782054901
increase,Transition-Grounded,300,BIS_same_minus_opposite_cosine,2005,0.06808974097172416
increase,Transition-Grounded,300,BIS_same_minus_opposite_cosine,2048,0.03210114010355691
increase,Transition-Grounded,300,BIS_same_minus_opposite_cosine,2173,0.05737455354796517
increase,Transition-Grounded,300,BIS_same_minus_opposite_cosine,2263,0.18161360472440724
increase,Transition-Grounded,300,BIS_same_minus_opposite_cosine,2303,0.23929219444592797
increase,Transition-Grounded,300,BIS_same_minus_opposite_cosine,2308,-0.0060429647564888
increase,Transition-Grounded,300,BIS_same_minus_opposite_cosine,2361,0.14203346851799226
increase,Transition-Grounded,300,BIS_same_minus_opposite_cosine,2567,0.05288822700579965
increase,Transition-Grounded,300,BIS_same_minus_opposite_cosine,2900,0.12439432686993052
increase,Transition-Grounded,300,BIS_same_minus_opposite_cosine,2943,0.19776269793510437
increase,Transition-Grounded,300,BIS_same_minus_opposite_cosine,2946,0.04609818756580353
increase,Transition-Grounded,300,BIS_same_minus_opposite_cosine,3261,-0.11558822294076287
increase,Transition-Grounded,300,BIS_same_minus_opposite_cosine,3354,0.07891580859820047
increase,Transition-Grounded,300,BIS_same_minus_opposite_cosine,3387,0.20579458276430762
increase,Transition-Grounded,300,BIS_same_minus_opposite_cosine,3485,0.1197842533389728
increase,Transition-Grounded,300,BIS_same_minus_opposite_cosine,3525,0.08913430323203408
increase,Transition-Grounded,300,BIS_same_minus_opposite_cosine,3593,0.029081612825393677
increase,Transition-Grounded,300,BIS_same_minus_opposite_cosine,3613,0.13002591455976165
increase,Transition-Grounded,300,BIS_same_minus_opposite_cosine,3768,0.1362103521823883
increase,Transition-Grounded,300,BIS_same_minus_opposite_cosine,3852,0.07212160403529799
increase,Transition-Grounded,300,BIS_same_minus_opposite_cosine,3967,0.14681438356637955
increase,Transition-Grounded,300,BIS_same_minus_opposite_cosine,3976,0.007476295034090752
increase,Transition-Grounded,300,BIS_same_minus_opposite_cosine,3978,0.09236350016934536
increase,Transition-Grounded,300,BIS_same_minus_opposite_cosine,3985,-0.08550343786676728
increase,Transition-Grounded,300,BIS_same_minus_opposite_cosine,4016,0.07625411663736614
increase,Transition-Grounded,300,BIS_same_minus_opposite_cosine,4080,0.12769306119945323
increase,Transition-Grounded,300,BIS_same_minus_opposite_cosine,4293,0.1029091477394104
increase,Transition-Grounded,300,BIS_same_minus_opposite_cosine,4312,0.09325586954752596
increase,Transition-Grounded,300,BIS_same_minus_opposite_cosine,4529,0.05177797365820769
increase,Transition-Grounded,300,BIS_same_minus_opposite_cosine,4540,0.041450547675291716
increase,Transition-Grounded,300,BIS_same_minus_opposite_cosine,4638,-0.20650392274061835
increase,Transition-Grounded,300,BIS_same_minus_opposite_cosine,4686,0.01160122950871778
increase,Transition-Grounded,300,BIS_same_minus_opposite_cosine,4821,0.033285865684350324
increase,Transition-Grounded,300,BIS_same_minus_opposite_cosine,4865,0.07210862636566168
increase,Transition-Grounded,300,BIS_same_minus_opposite_cosine,4944,0.057439095444149435
increase,Transition-Grounded,300,BIS_same_minus_opposite_cosine,5309,0.11667199816667667
increase,Transition-Grounded,300,BIS_same_minus_opposite_cosine,5377,0.057767892425710454
increase,Transition-Grounded,300,BIS_same_minus_opposite_cosine,5410,0.47393186390399933
increase,Transition-Grounded,300,BIS_same_minus_opposite_cosine,5454,0.048619880527257964
increase,Transition-Grounded,300,BIS_same_minus_opposite_cosine,5516,0.0866837133512352
increase,Transition-Grounded,300,BIS_same_minus_opposite_cosine,5600,0.1354283085536389
increase,Transition-Grounded,300,BIS_same_minus_opposite_cosine,5778,0.059257691105206844
increase,Transition-Grounded,300,BIS_same_minus_opposite_cosine,5826,0.015967580179373386
increase,Transition-Grounded,300,BIS_same_minus_opposite_cosine,5961,0.02231510480244958
increase,Transition-Grounded,300,BIS_same_minus_opposite_cosine,5989,0.0667020804954297
increase,Transition-Grounded,300,MAP_same_minus_opposite_cosine,105,-0.12363458120010118
increase,Transition-Grounded,300,MAP_same_minus_opposite_cosine,323,-0.01332896812395612
increase,Transition-Grounded,300,MAP_same_minus_opposite_cosine,348,0.10790593922138214
increase,Transition-Grounded,300,MAP_same_minus_opposite_cosine,391,0.08841819067796075
increase,Transition-Grounded,300,MAP_same_minus_opposite_cosine,683,-0.039162104441361034
increase,Transition-Grounded,300,MAP_same_minus_opposite_cosine,747,-0.015913543940493546
increase,Transition-Grounded,300,MAP_same_minus_opposite_cosine,750,0.05534388820330294
increase,Transition-Grounded,300,MAP_same_minus_opposite_cosine,758,0.10456665232777596
increase,Transition-Grounded,300,MAP_same_minus_opposite_cosine,843,-0.06069415559371316
increase,Transition-Grounded,300,MAP_same_minus_opposite_cosine,877,-0.05217995411819887
increase,Transition-Grounded,300,MAP_same_minus_opposite_cosine,926,0.0410340974728266
increase,Transition-Grounded,300,MAP_same_minus_opposite_cosine,967,-0.0314209351936976
increase,Transition-Grounded,300,MAP_same_minus_opposite_cosine,992,0.006890860696633694
increase,Transition-Grounded,300,MAP_same_minus_opposite_cosine,1092,0.0630262022217114
increase,Transition-Grounded,300,MAP_same_minus_opposite_cosine,1193,0.11447918663422263
increase,Transition-Grounded,300,MAP_same_minus_opposite_cosine,1308,-0.010211928437153461
increase,Transition-Grounded,300,MAP_same_minus_opposite_cosine,1335,0.1487681120634079
increase,Transition-Grounded,300,MAP_same_minus_opposite_cosine,1480,-0.05992031693458555
increase,Transition-Grounded,300,MAP_same_minus_opposite_cosine,1566,0.17493928285936516
increase,Transition-Grounded,300,MAP_same_minus_opposite_cosine,1636,0.012762047350406647
increase,Transition-Grounded,300,MAP_same_minus_opposite_cosine,1644,0.02245483506057
increase,Transition-Grounded,300,MAP_same_minus_opposite_cosine,1943,-0.02665988976756728
increase,Transition-Grounded,300,MAP_same_minus_opposite_cosine,2005,0.05942929423216625
increase,Transition-Grounded,300,MAP_same_minus_opposite_cosine,2048,0.028011409441630053
increase,Transition-Grounded,300,MAP_same_minus_opposite_cosine,2173,0.04703555504480994
increase,Transition-Grounded,300,MAP_same_minus_opposite_cosine,2263,0.08753679382304347
increase,Transition-Grounded,300,MAP_same_minus_opposite_cosine,2303,-0.03503622909386961
increase,Transition-Grounded,300,MAP_same_minus_opposite_cosine,2308,-0.08985022827982903
increase,Transition-Grounded,300,MAP_same_minus_opposite_cosine,2361,0.10785763024810763
increase,Transition-Grounded,300,MAP_same_minus_opposite_cosine,2567,0.3306392009059588
increase,Transition-Grounded,300,MAP_same_minus_opposite_cosine,2900,-0.06404422968626022
increase,Transition-Grounded,300,MAP_same_minus_opposite_cosine,2943,-0.0960463244467974
increase,Transition-Grounded,300,MAP_same_minus_opposite_cosine,2946,0.013296137750148818
increase,Transition-Grounded,300,MAP_same_minus_opposite_cosine,3261,0.04404980689287186
increase,Transition-Grounded,300,MAP_same_minus_opposite_cosine,3354,0.02422279616196954
increase,Transition-Grounded,300,MAP_same_minus_opposite_cosine,3387,0.08052611102660501
increase,Transition-Grounded,300,MAP_same_minus_opposite_cosine,3485,-0.12298000603914261
increase,Transition-Grounded,300,MAP_same_minus_opposite_cosine,3525,0.08654437545273042
increase,Transition-Grounded,300,MAP_same_minus_opposite_cosine,3593,0.010470164770429835
increase,Transition-Grounded,300,MAP_same_minus_opposite_cosine,3613,0.13123508542776108
increase,Transition-Grounded,300,MAP_same_minus_opposite_cosine,3768,0.08113483712077141
increase,Transition-Grounded,300,MAP_same_minus_opposite_cosine,3852,0.04190763831138611
increase,Transition-Grounded,300,MAP_same_minus_opposite_cosine,3967,-0.05886666689600262
increase,Transition-Grounded,300,MAP_same_minus_opposite_cosine,3976,-0.09754454758432185
increase,Transition-Grounded,300,MAP_same_minus_opposite_cosine,3978,-0.02166850119829178
increase,Transition-Grounded,300,MAP_same_minus_opposite_cosine,3985,0.13523347788687906
increase,Transition-Grounded,300,MAP_same_minus_opposite_cosine,4016,0.0559144256015619
increase,Transition-Grounded,300,MAP_same_minus_opposite_cosine,4080,0.14710858898858226
increase,Transition-Grounded,300,MAP_same_minus_opposite_cosine,4293,0.10351015130678809
increase,Transition-Grounded,300,MAP_same_minus_opposite_cosine,4312,0.038597770035266876
increase,Transition-Grounded,300,MAP_same_minus_opposite_cosine,4529,-0.003934284051259396
increase,Transition-Grounded,300,MAP_same_minus_opposite_cosine,4540,-0.05165877689917875
increase,Transition-Grounded,300,MAP_same_minus_opposite_cosine,4638,0.08788166037111567
increase,Transition-Grounded,300,MAP_same_minus_opposite_cosine,4686,-0.019028152028719547
increase,Transition-Grounded,300,MAP_same_minus_opposite_cosine,4821,0.022373906364946627
increase,Transition-Grounded,300,MAP_same_minus_opposite_cosine,4865,0.09278903839488822
increase,Transition-Grounded,300,MAP_same_minus_opposite_cosine,4944,0.036448146583455965
increase,Transition-Grounded,300,MAP_same_minus_opposite_cosine,5309,0.017445707072814287
increase,Transition-Grounded,300,MAP_same_minus_opposite_cosine,5377,0.025038506214817347
increase,Transition-Grounded,300,MAP_same_minus_opposite_cosine,5410,-0.2139834761619568
increase,Transition-Grounded,300,MAP_same_minus_opposite_cosine,5454,-0.1276507737735907
increase,Transition-Grounded,300,MAP_same_minus_opposite_cosine,5516,0.050642466454794866
increase,Transition-Grounded,300,MAP_same_minus_opposite_cosine,5600,-0.10201642538110417
increase,Transition-Grounded,300,MAP_same_minus_opposite_cosine,5778,0.06887598832448316
increase,Transition-Grounded,300,MAP_same_minus_opposite_cosine,5826,-0.15639275610446934
increase,Transition-Grounded,300,MAP_same_minus_opposite_cosine,5961,0.010372159381707546
increase,Transition-Grounded,300,MAP_same_minus_opposite_cosine,5989,0.05112308791528142
increase,Transition-Grounded,300,triplet_accuracy,323,0.65
increase,Transition-Grounded,300,triplet_accuracy,348,0.5
increase,Transition-Grounded,300,triplet_accuracy,391,0.45
increase,Transition-Grounded,300,triplet_accuracy,683,0.55
increase,Transition-Grounded,300,triplet_accuracy,747,0.65
increase,Transition-Grounded,300,triplet_accuracy,750,0.45
increase,Transition-Grounded,300,triplet_accuracy,758,0.6
increase,Transition-Grounded,300,triplet_accuracy,843,0.6
increase,Transition-Grounded,300,triplet_accuracy,967,0.4
increase,Transition-Grounded,300,triplet_accuracy,1092,0.55
increase,Transition-Grounded,300,triplet_accuracy,1193,0.5
increase,Transition-Grounded,300,triplet_accuracy,1335,0.5
increase,Transition-Grounded,300,triplet_accuracy,1480,0.55
increase,Transition-Grounded,300,triplet_accuracy,1566,0.55
increase,Transition-Grounded,300,triplet_accuracy,1943,0.65
increase,Transition-Grounded,300,triplet_accuracy,2005,0.5
increase,Transition-Grounded,300,triplet_accuracy,2048,0.6
increase,Transition-Grounded,300,triplet_accuracy,2173,0.55
increase,Transition-Grounded,300,triplet_accuracy,2263,0.45
increase,Transition-Grounded,300,triplet_accuracy,2303,0.45
increase,Transition-Grounded,300,triplet_accuracy,2308,0.55
increase,Transition-Grounded,300,triplet_accuracy,2361,0.5
increase,Transition-Grounded,300,triplet_accuracy,2567,0.35
increase,Transition-Grounded,300,triplet_accuracy,2943,0.55
increase,Transition-Grounded,300,triplet_accuracy,3261,0.5
increase,Transition-Grounded,300,triplet_accuracy,3354,0.65
increase,Transition-Grounded,300,triplet_accuracy,3525,0.6
increase,Transition-Grounded,300,triplet_accuracy,3593,0.55
increase,Transition-Grounded,300,triplet_accuracy,3768,0.7
increase,Transition-Grounded,300,triplet_accuracy,3852,0.4
increase,Transition-Grounded,300,triplet_accuracy,3967,0.35
increase,Transition-Grounded,300,triplet_accuracy,3978,0.55
increase,Transition-Grounded,300,triplet_accuracy,3985,0.55
increase,Transition-Grounded,300,triplet_accuracy,4016,0.65
increase,Transition-Grounded,300,triplet_accuracy,4293,0.8
increase,Transition-Grounded,300,triplet_accuracy,4312,0.5
increase,Transition-Grounded,300,triplet_accuracy,4529,0.45
increase,Transition-Grounded,300,triplet_accuracy,4540,0.55
increase,Transition-Grounded,300,triplet_accuracy,4686,0.55
increase,Transition-Grounded,300,triplet_accuracy,4821,0.55
increase,Transition-Grounded,300,triplet_accuracy,4865,0.7
increase,Transition-Grounded,300,triplet_accuracy,4944,0.75
increase,Transition-Grounded,300,triplet_accuracy,5309,0.55
increase,Transition-Grounded,300,triplet_accuracy,5377,0.45
increase,Transition-Grounded,300,triplet_accuracy,5410,0.6
increase,Transition-Grounded,300,triplet_accuracy,5454,0.45
increase,Transition-Grounded,300,triplet_accuracy,5516,0.7
increase,Transition-Grounded,300,triplet_accuracy,5600,0.4
increase,Transition-Grounded,300,triplet_accuracy,5778,0.45
increase,Transition-Grounded,300,triplet_accuracy,5989,0.65
decrease,Transition-Grounded,300,BIS_same_minus_opposite_cosine,105,-0.08413988252480825
decrease,Transition-Grounded,300,BIS_same_minus_opposite_cosine,323,0.05312873224417369
decrease,Transition-Grounded,300,BIS_same_minus_opposite_cosine,348,-0.06286332078955392
decrease,Transition-Grounded,300,BIS_same_minus_opposite_cosine,391,-0.018650601759101493
decrease,Transition-Grounded,300,BIS_same_minus_opposite_cosine,683,0.04652730325857796
decrease,Transition-Grounded,300,BIS_same_minus_opposite_cosine,747,-0.05424078192674758
decrease,Transition-Grounded,300,BIS_same_minus_opposite_cosine,750,-0.10707122637402444
decrease,Transition-Grounded,300,BIS_same_minus_opposite_cosine,758,0.030362816696817174
decrease,Transition-Grounded,300,BIS_same_minus_opposite_cosine,843,0.0592700789372127
decrease,Transition-Grounded,300,BIS_same_minus_opposite_cosine,877,0.1495370725790659
decrease,Transition-Grounded,300,BIS_same_minus_opposite_cosine,926,0.014391330381234524
decrease,Transition-Grounded,300,BIS_same_minus_opposite_cosine,967,-0.07802109578342148
decrease,Transition-Grounded,300,BIS_same_minus_opposite_cosine,992,0.12147962467537987
decrease,Transition-Grounded,300,BIS_same_minus_opposite_cosine,1014,0.045070186257362366
decrease,Transition-Grounded,300,BIS_same_minus_opposite_cosine,1092,0.038537965127916074
decrease,Transition-Grounded,300,BIS_same_minus_opposite_cosine,1193,0.014504214127858517
decrease,Transition-Grounded,300,BIS_same_minus_opposite_cosine,1308,-0.01125783887174403
decrease,Transition-Grounded,300,BIS_same_minus_opposite_cosine,1335,0.016890529543161392
decrease,Transition-Grounded,300,BIS_same_minus_opposite_cosine,1480,0.0672970563173294
decrease,Transition-Grounded,300,BIS_same_minus_opposite_cosine,1566,-0.09378531823555625
decrease,Transition-Grounded,300,BIS_same_minus_opposite_cosine,1636,0.06799966245889666
decrease,Transition-Grounded,300,BIS_same_minus_opposite_cosine,1644,0.10174228996038437
decrease,Transition-Grounded,300,BIS_same_minus_opposite_cosine,1839,0.03450639235476649
decrease,Transition-Grounded,300,BIS_same_minus_opposite_cosine,1943,0.11050894066239847
decrease,Transition-Grounded,300,BIS_same_minus_opposite_cosine,2005,0.012395769854386729
decrease,Transition-Grounded,300,BIS_same_minus_opposite_cosine,2048,0.05691160360972081
decrease,Transition-Grounded,300,BIS_same_minus_opposite_cosine,2173,0.05368704901951726
decrease,Transition-Grounded,300,BIS_same_minus_opposite_cosine,2263,0.03925677524371585
decrease,Transition-Grounded,300,BIS_same_minus_opposite_cosine,2303,0.0065664068928786845
decrease,Transition-Grounded,300,BIS_same_minus_opposite_cosine,2308,0.22341250752409303
decrease,Transition-Grounded,300,BIS_same_minus_opposite_cosine,2347,0.05732397486766183
decrease,Transition-Grounded,300,BIS_same_minus_opposite_cosine,2361,0.05576397726933158
decrease,Transition-Grounded,300,BIS_same_minus_opposite_cosine,2567,-0.032549223044153475
decrease,Transition-Grounded,300,BIS_same_minus_opposite_cosine,2900,0.11422114902072478
decrease,Transition-Grounded,300,BIS_same_minus_opposite_cosine,2943,0.17425321539243066
decrease,Transition-Grounded,300,BIS_same_minus_opposite_cosine,2946,-0.020916223526000977
decrease,Transition-Grounded,300,BIS_same_minus_opposite_cosine,2988,-0.020419570081161798
decrease,Transition-Grounded,300,BIS_same_minus_opposite_cosine,3261,0.01783989127160923
decrease,Transition-Grounded,300,BIS_same_minus_opposite_cosine,3354,0.013128304233153587
decrease,Transition-Grounded,300,BIS_same_minus_opposite_cosine,3387,-0.010439320156971577
decrease,Transition-Grounded,300,BIS_same_minus_opposite_cosine,3485,0.14163508862257002
decrease,Transition-Grounded,300,BIS_same_minus_opposite_cosine,3525,-0.03487118879954021
decrease,Transition-Grounded,300,BIS_same_minus_opposite_cosine,3569,0.01283821034612076
decrease,Transition-Grounded,300,BIS_same_minus_opposite_cosine,3593,0.12534119064609212
decrease,Transition-Grounded,300,BIS_same_minus_opposite_cosine,3613,0.05472581895689166
decrease,Transition-Grounded,300,BIS_same_minus_opposite_cosine,3764,0.0020466908586747046
decrease,Transition-Grounded,300,BIS_same_minus_opposite_cosine,3768,0.10362142979195621
decrease,Transition-Grounded,300,BIS_same_minus_opposite_cosine,3852,-0.005575386683146166
decrease,Transition-Grounded,300,BIS_same_minus_opposite_cosine,3967,-0.027907009753916023
decrease,Transition-Grounded,300,BIS_same_minus_opposite_cosine,3976,0.03458960254987087
decrease,Transition-Grounded,300,BIS_same_minus_opposite_cosine,3978,-0.07397983719905221
decrease,Transition-Grounded,300,BIS_same_minus_opposite_cosine,3985,-0.06248759726683306
decrease,Transition-Grounded,300,BIS_same_minus_opposite_cosine,4016,0.013820849359035492
decrease,Transition-Grounded,300,BIS_same_minus_opposite_cosine,4080,0.1256703443470456
decrease,Transition-Grounded,300,BIS_same_minus_opposite_cosine,4293,0.07738637675841653
decrease,Transition-Grounded,300,BIS_same_minus_opposite_cosine,4312,0.05507145226001742
decrease,Transition-Grounded,300,BIS_same_minus_opposite_cosine,4529,-0.029837897419929482
decrease,Transition-Grounded,300,BIS_same_minus_opposite_cosine,4540,0.04277993891049514
decrease,Transition-Grounded,300,BIS_same_minus_opposite_cosine,4638,0.027833644549051906
decrease,Transition-Grounded,300,BIS_same_minus_opposite_cosine,4686,0.026809516052405002
decrease,Transition-Grounded,300,BIS_same_minus_opposite_cosine,4821,-0.018815938383340836
decrease,Transition-Grounded,300,BIS_same_minus_opposite_cosine,4865,0.07037434271640253
decrease,Transition-Grounded,300,BIS_same_minus_opposite_cosine,4944,-0.041955677171548245
decrease,Transition-Grounded,300,BIS_same_minus_opposite_cosine,5309,-0.08891616874571995
decrease,Transition-Grounded,300,BIS_same_minus_opposite_cosine,5377,0.09002940853436792
decrease,Transition-Grounded,300,BIS_same_minus_opposite_cosine,5410,0.04391346168186938
decrease,Transition-Grounded,300,BIS_same_minus_opposite_cosine,5454,-0.036059247122870564
decrease,Transition-Grounded,300,BIS_same_minus_opposite_cosine,5516,-0.04812208231952453
decrease,Transition-Grounded,300,BIS_same_minus_opposite_cosine,5600,-0.07657103074921501
decrease,Transition-Grounded,300,BIS_same_minus_opposite_cosine,5778,0.23617163946231212
decrease,Transition-Grounded,300,BIS_same_minus_opposite_cosine,5826,0.029099883906769097
decrease,Transition-Grounded,300,BIS_same_minus_opposite_cosine,5961,0.007395411531130436
decrease,Transition-Grounded,300,BIS_same_minus_opposite_cosine,5989,-0.04148925741513576
decrease,Transition-Grounded,300,BIS_same_minus_opposite_cosine,6025,0.018461990762840608
decrease,Transition-Grounded,300,MAP_same_minus_opposite_cosine,105,-0.03855316837628686
decrease,Transition-Grounded,300,MAP_same_minus_opposite_cosine,323,-0.06122912135389125
decrease,Transition-Grounded,300,MAP_same_minus_opposite_cosine,348,-0.09607268807788694
decrease,Transition-Grounded,300,MAP_same_minus_opposite_cosine,391,-0.12776879183948042
decrease,Transition-Grounded,300,MAP_same_minus_opposite_cosine,683,-0.004976492883129513
decrease,Transition-Grounded,300,MAP_same_minus_opposite_cosine,747,0.03919985207418597
decrease,Transition-Grounded,300,MAP_same_minus_opposite_cosine,750,-0.0129959709716565
decrease,Transition-Grounded,300,MAP_same_minus_opposite_cosine,758,0.021787889979102415
decrease,Transition-Grounded,300,MAP_same_minus_opposite_cosine,843,0.040921465390258316
decrease,Transition-Grounded,300,MAP_same_minus_opposite_cosine,877,0.07532083739837014
decrease,Transition-Grounded,300,MAP_same_minus_opposite_cosine,926,-0.06862711883855588
decrease,Transition-Grounded,300,MAP_same_minus_opposite_cosine,967,0.05061018173441734
decrease,Transition-Grounded,300,MAP_same_minus_opposite_cosine,992,0.06943927009900419
decrease,Transition-Grounded,300,MAP_same_minus_opposite_cosine,1014,-0.07366370161374414
decrease,Transition-Grounded,300,MAP_same_minus_opposite_cosine,1092,0.09899931432058418
decrease,Transition-Grounded,300,MAP_same_minus_opposite_cosine,1193,-0.07411923259496689
decrease,Transition-Grounded,300,MAP_same_minus_opposite_cosine,1308,0.054662711918354034
decrease,Transition-Grounded,300,MAP_same_minus_opposite_cosine,1335,0.007625079225926257
decrease,Transition-Grounded,300,MAP_same_minus_opposite_cosine,1480,0.04399093985557556
decrease,Transition-Grounded,300,MAP_same_minus_opposite_cosine,1566,0.134032795826594
decrease,Transition-Grounded,300,MAP_same_minus_opposite_cosine,1636,-0.019262224435806274
decrease,Transition-Grounded,300,MAP_same_minus_opposite_cosine,1644,0.025038202603658077
decrease,Transition-Grounded,300,MAP_same_minus_opposite_cosine,1839,0.027734426657358813
decrease,Transition-Grounded,300,MAP_same_minus_opposite_cosine,1943,0.055906419952710396
decrease,Transition-Grounded,300,MAP_same_minus_opposite_cosine,2005,0.032410696148872375
decrease,Transition-Grounded,300,MAP_same_minus_opposite_cosine,2048,-0.048955468194825325
decrease,Transition-Grounded,300,MAP_same_minus_opposite_cosine,2173,-0.007214150494999405
decrease,Transition-Grounded,300,MAP_same_minus_opposite_cosine,2263,-0.06694983442624414
decrease,Transition-Grounded,300,MAP_same_minus_opposite_cosine,2303,0.07049464268816841
decrease,Transition-Grounded,300,MAP_same_minus_opposite_cosine,2308,-0.13887790172840603
decrease,Transition-Grounded,300,MAP_same_minus_opposite_cosine,2347,0.07201457561718094
decrease,Transition-Grounded,300,MAP_same_minus_opposite_cosine,2361,-0.020027870933214786
decrease,Transition-Grounded,300,MAP_same_minus_opposite_cosine,2567,-0.10252940690233592
decrease,Transition-Grounded,300,MAP_same_minus_opposite_cosine,2900,-0.047384757962491864
decrease,Transition-Grounded,300,MAP_same_minus_opposite_cosine,2943,0.023154022792975182
decrease,Transition-Grounded,300,MAP_same_minus_opposite_cosine,2946,-0.0072814226150512695
decrease,Transition-Grounded,300,MAP_same_minus_opposite_cosine,2988,-0.027210821708043453
decrease,Transition-Grounded,300,MAP_same_minus_opposite_cosine,3261,-0.03844820211331057
decrease,Transition-Grounded,300,MAP_same_minus_opposite_cosine,3354,-0.015820957720279694
decrease,Transition-Grounded,300,MAP_same_minus_opposite_cosine,3387,0.11501641869544987
decrease,Transition-Grounded,300,MAP_same_minus_opposite_cosine,3485,0.00941660834683311
decrease,Transition-Grounded,300,MAP_same_minus_opposite_cosine,3525,-0.06183299964124511
decrease,Transition-Grounded,300,MAP_same_minus_opposite_cosine,3569,0.06641586905434016
decrease,Transition-Grounded,300,MAP_same_minus_opposite_cosine,3593,-0.012479836290532842
decrease,Transition-Grounded,300,MAP_same_minus_opposite_cosine,3613,0.037655242916309395
decrease,Transition-Grounded,300,MAP_same_minus_opposite_cosine,3764,0.08116062035163252
decrease,Transition-Grounded,300,MAP_same_minus_opposite_cosine,3768,-0.0015420698457293547
decrease,Transition-Grounded,300,MAP_same_minus_opposite_cosine,3852,0.024737961093584615
decrease,Transition-Grounded,300,MAP_same_minus_opposite_cosine,3967,-0.07530678063631058
decrease,Transition-Grounded,300,MAP_same_minus_opposite_cosine,3976,0.09133247782786691
decrease,Transition-Grounded,300,MAP_same_minus_opposite_cosine,3978,0.06950818374752998
decrease,Transition-Grounded,300,MAP_same_minus_opposite_cosine,3985,-0.0672416016459465
decrease,Transition-Grounded,300,MAP_same_minus_opposite_cosine,4016,-0.04902758200963342
decrease,Transition-Grounded,300,MAP_same_minus_opposite_cosine,4080,0.11340524405241015
decrease,Transition-Grounded,300,MAP_same_minus_opposite_cosine,4293,-0.063504908233881
decrease,Transition-Grounded,300,MAP_same_minus_opposite_cosine,4312,-0.07034016829548462
decrease,Transition-Grounded,300,MAP_same_minus_opposite_cosine,4529,-0.02501027286052704
decrease,Transition-Grounded,300,MAP_same_minus_opposite_cosine,4540,-0.07778062558535381
decrease,Transition-Grounded,300,MAP_same_minus_opposite_cosine,4638,0.008079320192337036
decrease,Transition-Grounded,300,MAP_same_minus_opposite_cosine,4686,0.004141427576541901
decrease,Transition-Grounded,300,MAP_same_minus_opposite_cosine,4821,0.017663525169094363
decrease,Transition-Grounded,300,MAP_same_minus_opposite_cosine,4865,0.029442597801486614
decrease,Transition-Grounded,300,MAP_same_minus_opposite_cosine,4944,0.07690771669149399
decrease,Transition-Grounded,300,MAP_same_minus_opposite_cosine,5309,0.04516396140961931
decrease,Transition-Grounded,300,MAP_same_minus_opposite_cosine,5377,0.026502420504887936
decrease,Transition-Grounded,300,MAP_same_minus_opposite_cosine,5410,-0.023149843017260197
decrease,Transition-Grounded,300,MAP_same_minus_opposite_cosine,5454,0.05455997586250305
decrease,Transition-Grounded,300,MAP_same_minus_opposite_cosine,5516,0.07957083421448863
decrease,Transition-Grounded,300,MAP_same_minus_opposite_cosine,5600,0.07604637079768706
decrease,Transition-Grounded,300,MAP_same_minus_opposite_cosine,5778,0.025751615564028385
decrease,Transition-Grounded,300,MAP_same_minus_opposite_cosine,5826,0.05979269146919253
decrease,Transition-Grounded,300,MAP_same_minus_opposite_cosine,5961,0.018622977038224575
decrease,Transition-Grounded,300,MAP_same_minus_opposite_cosine,5989,-0.08965650548537574
decrease,Transition-Grounded,300,MAP_same_minus_opposite_cosine,6025,0.004846900701522827
decrease,Transition-Grounded,300,triplet_accuracy,323,0.55
decrease,Transition-Grounded,300,triplet_accuracy,348,0.45
decrease,Transition-Grounded,300,triplet_accuracy,391,0.4
decrease,Transition-Grounded,300,triplet_accuracy,683,0.65
decrease,Transition-Grounded,300,triplet_accuracy,747,0.4
decrease,Transition-Grounded,300,triplet_accuracy,750,0.6
decrease,Transition-Grounded,300,triplet_accuracy,758,0.55
decrease,Transition-Grounded,300,triplet_accuracy,843,0.45
decrease,Transition-Grounded,300,triplet_accuracy,967,0.5
decrease,Transition-Grounded,300,triplet_accuracy,1014,0.45
decrease,Transition-Grounded,300,triplet_accuracy,1092,0.6
decrease,Transition-Grounded,300,triplet_accuracy,1193,0.65
decrease,Transition-Grounded,300,triplet_accuracy,1335,0.75
decrease,Transition-Grounded,300,triplet_accuracy,1480,0.55
decrease,Transition-Grounded,300,triplet_accuracy,1566,0.55
decrease,Transition-Grounded,300,triplet_accuracy,1839,0.45
decrease,Transition-Grounded,300,triplet_accuracy,1943,0.55
decrease,Transition-Grounded,300,triplet_accuracy,2005,0.5
decrease,Transition-Grounded,300,triplet_accuracy,2048,0.55
decrease,Transition-Grounded,300,triplet_accuracy,2173,0.65
decrease,Transition-Grounded,300,triplet_accuracy,2263,0.45
decrease,Transition-Grounded,300,triplet_accuracy,2303,0.75
decrease,Transition-Grounded,300,triplet_accuracy,2308,0.55
decrease,Transition-Grounded,300,triplet_accuracy,2347,0.4
decrease,Transition-Grounded,300,triplet_accuracy,2361,0.55
decrease,Transition-Grounded,300,triplet_accuracy,2567,0.7
decrease,Transition-Grounded,300,triplet_accuracy,2943,0.6
decrease,Transition-Grounded,300,triplet_accuracy,2988,0.45
decrease,Transition-Grounded,300,triplet_accuracy,3261,0.6
decrease,Transition-Grounded,300,triplet_accuracy,3354,0.75
decrease,Transition-Grounded,300,triplet_accuracy,3525,0.55
decrease,Transition-Grounded,300,triplet_accuracy,3569,0.65
decrease,Transition-Grounded,300,triplet_accuracy,3593,0.6
decrease,Transition-Grounded,300,triplet_accuracy,3768,0.55
decrease,Transition-Grounded,300,triplet_accuracy,3852,0.6
decrease,Transition-Grounded,300,triplet_accuracy,3967,0.4
decrease,Transition-Grounded,300,triplet_accuracy,3978,0.75
decrease,Transition-Grounded,300,triplet_accuracy,3985,0.6
decrease,Transition-Grounded,300,triplet_accuracy,4016,0.5
decrease,Transition-Grounded,300,triplet_accuracy,4293,0.7
decrease,Transition-Grounded,300,triplet_accuracy,4312,0.55
decrease,Transition-Grounded,300,triplet_accuracy,4529,0.6
decrease,Transition-Grounded,300,triplet_accuracy,4540,0.35
decrease,Transition-Grounded,300,triplet_accuracy,4686,0.5
decrease,Transition-Grounded,300,triplet_accuracy,4821,0.35
decrease,Transition-Grounded,300,triplet_accuracy,4865,0.6
decrease,Transition-Grounded,300,triplet_accuracy,4944,0.6
decrease,Transition-Grounded,300,triplet_accuracy,5309,0.75
decrease,Transition-Grounded,300,triplet_accuracy,5377,0.55
decrease,Transition-Grounded,300,triplet_accuracy,5410,0.55
decrease,Transition-Grounded,300,triplet_accuracy,5454,0.6
decrease,Transition-Grounded,300,triplet_accuracy,5516,0.5
decrease,Transition-Grounded,300,triplet_accuracy,5600,0.35
decrease,Transition-Grounded,300,triplet_accuracy,5778,0.6
decrease,Transition-Grounded,300,triplet_accuracy,5989,0.5
decrease,Transition-Grounded,300,triplet_accuracy,6025,0.6
stop,Transition-Grounded,300,BIS_same_minus_opposite_cosine,105,0.1314665352304777
stop,Transition-Grounded,300,BIS_same_minus_opposite_cosine,348,0.18573263061769074
stop,Transition-Grounded,300,BIS_same_minus_opposite_cosine,391,0.32119521782511756
stop,Transition-Grounded,300,BIS_same_minus_opposite_cosine,747,0.010467172572107053
stop,Transition-Grounded,300,BIS_same_minus_opposite_cosine,758,0.44447296609481174
stop,Transition-Grounded,300,BIS_same_minus_opposite_cosine,877,0.16931779930988944
stop,Transition-Grounded,300,BIS_same_minus_opposite_cosine,1092,0.12610731770594918
stop,Transition-Grounded,300,BIS_same_minus_opposite_cosine,1193,0.0715605192507307
stop,Transition-Grounded,300,BIS_same_minus_opposite_cosine,1480,0.16325706785375427
stop,Transition-Grounded,300,BIS_same_minus_opposite_cosine,1636,0.07636851072311401
stop,Transition-Grounded,300,BIS_same_minus_opposite_cosine,1644,0.11422434945901228
stop,Transition-Grounded,300,BIS_same_minus_opposite_cosine,2005,0.10466349621613824
stop,Transition-Grounded,300,BIS_same_minus_opposite_cosine,2303,-0.1693410873413086
stop,Transition-Grounded,300,BIS_same_minus_opposite_cosine,2361,0.15495448642306853
stop,Transition-Grounded,300,BIS_same_minus_opposite_cosine,2567,0.23957356015841164
stop,Transition-Grounded,300,BIS_same_minus_opposite_cosine,2943,0.12641830031167378
stop,Transition-Grounded,300,BIS_same_minus_opposite_cosine,2946,0.0929042523105939
stop,Transition-Grounded,300,BIS_same_minus_opposite_cosine,3261,0.11904484281937283
stop,Transition-Grounded,300,BIS_same_minus_opposite_cosine,3485,0.10911647354563081
stop,Transition-Grounded,300,BIS_same_minus_opposite_cosine,3525,0.05070059994856524
stop,Transition-Grounded,300,BIS_same_minus_opposite_cosine,3593,0.11566501193576384
stop,Transition-Grounded,300,BIS_same_minus_opposite_cosine,3613,0.16383594522873557
stop,Transition-Grounded,300,BIS_same_minus_opposite_cosine,3967,0.06020087003707886
stop,Transition-Grounded,300,BIS_same_minus_opposite_cosine,3976,0.07756120959917712
stop,Transition-Grounded,300,BIS_same_minus_opposite_cosine,4016,-0.03613562633593881
stop,Transition-Grounded,300,BIS_same_minus_opposite_cosine,4865,0.3071218375116586
stop,Transition-Grounded,300,BIS_same_minus_opposite_cosine,4944,-0.14430849254131317
stop,Transition-Grounded,300,BIS_same_minus_opposite_cosine,5377,0.1917363355557124
stop,Transition-Grounded,300,BIS_same_minus_opposite_cosine,5410,0.12653781473636627
stop,Transition-Grounded,300,BIS_same_minus_opposite_cosine,5454,0.234893299639225
stop,Transition-Grounded,300,BIS_same_minus_opposite_cosine,5516,-0.08211315423250198
stop,Transition-Grounded,300,BIS_same_minus_opposite_cosine,5600,0.12289679174621898
stop,Transition-Grounded,300,BIS_same_minus_opposite_cosine,5778,0.12402712677915895
stop,Transition-Grounded,300,BIS_same_minus_opposite_cosine,5826,0.07341704495025403
stop,Transition-Grounded,300,MAP_same_minus_opposite_cosine,105,0.03567133657634258
stop,Transition-Grounded,300,MAP_same_minus_opposite_cosine,348,0.061795954075124504
stop,Transition-Grounded,300,MAP_same_minus_opposite_cosine,391,0.07293546483630231
stop,Transition-Grounded,300,MAP_same_minus_opposite_cosine,747,0.019593272668619988
stop,Transition-Grounded,300,MAP_same_minus_opposite_cosine,758,0.005396188488082321
stop,Transition-Grounded,300,MAP_same_minus_opposite_cosine,877,-0.18609980279297544
stop,Transition-Grounded,300,MAP_same_minus_opposite_cosine,926,-0.2834630012512207
stop,Transition-Grounded,300,MAP_same_minus_opposite_cosine,1092,-0.0670405026702654
stop,Transition-Grounded,300,MAP_same_minus_opposite_cosine,1193,-0.15915526108195382
stop,Transition-Grounded,300,MAP_same_minus_opposite_cosine,1480,0.03314055999120069
stop,Transition-Grounded,300,MAP_same_minus_opposite_cosine,1636,-0.1307768076658249
stop,Transition-Grounded,300,MAP_same_minus_opposite_cosine,1644,-0.14439747399753988
stop,Transition-Grounded,300,MAP_same_minus_opposite_cosine,2005,-0.05277956186821964
stop,Transition-Grounded,300,MAP_same_minus_opposite_cosine,2303,-0.27650246024131775
stop,Transition-Grounded,300,MAP_same_minus_opposite_cosine,2361,-0.06432920644680651
stop,Transition-Grounded,300,MAP_same_minus_opposite_cosine,2567,0.018791803717613242
stop,Transition-Grounded,300,MAP_same_minus_opposite_cosine,2943,-0.1252481756465776
stop,Transition-Grounded,300,MAP_same_minus_opposite_cosine,2946,0.09965526660283408
stop,Transition-Grounded,300,MAP_same_minus_opposite_cosine,3261,-0.08589786663651461
stop,Transition-Grounded,300,MAP_same_minus_opposite_cosine,3485,-0.14088971416155494
stop,Transition-Grounded,300,MAP_same_minus_opposite_cosine,3525,-0.038414398829142216
stop,Transition-Grounded,300,MAP_same_minus_opposite_cosine,3593,0.04993223481708098
stop,Transition-Grounded,300,MAP_same_minus_opposite_cosine,3613,-0.0341001066068809
stop,Transition-Grounded,300,MAP_same_minus_opposite_cosine,3967,0.2761587078372637
stop,Transition-Grounded,300,MAP_same_minus_opposite_cosine,3976,-0.021353910366694095
stop,Transition-Grounded,300,MAP_same_minus_opposite_cosine,4016,0.15775984525680542
stop,Transition-Grounded,300,MAP_same_minus_opposite_cosine,4865,-0.06419876797331708
stop,Transition-Grounded,300,MAP_same_minus_opposite_cosine,4944,0.06612828473250065
stop,Transition-Grounded,300,MAP_same_minus_opposite_cosine,5377,-0.1447553634643554
stop,Transition-Grounded,300,MAP_same_minus_opposite_cosine,5410,0.030744382829377193
stop,Transition-Grounded,300,MAP_same_minus_opposite_cosine,5454,-0.007125032444794899
stop,Transition-Grounded,300,MAP_same_minus_opposite_cosine,5516,-0.04639272391796112
stop,Transition-Grounded,300,MAP_same_minus_opposite_cosine,5600,-0.0434594104687373
stop,Transition-Grounded,300,MAP_same_minus_opposite_cosine,5778,-0.04755443334579468
stop,Transition-Grounded,300,MAP_same_minus_opposite_cosine,5826,-0.14979499578475952
stop,Transition-Grounded,300,triplet_accuracy,348,0.6
stop,Transition-Grounded,300,triplet_accuracy,391,0.55
stop,Transition-Grounded,300,triplet_accuracy,747,0.55
stop,Transition-Grounded,300,triplet_accuracy,758,0.6
stop,Transition-Grounded,300,triplet_accuracy,1092,0.6
stop,Transition-Grounded,300,triplet_accuracy,1193,0.75
stop,Transition-Grounded,300,triplet_accuracy,1480,0.75
stop,Transition-Grounded,300,triplet_accuracy,2005,0.65
stop,Transition-Grounded,300,triplet_accuracy,2303,0.65
stop,Transition-Grounded,300,triplet_accuracy,2361,0.6
stop,Transition-Grounded,300,triplet_accuracy,2567,0.65
stop,Transition-Grounded,300,triplet_accuracy,2943,0.5
stop,Transition-Grounded,300,triplet_accuracy,3261,0.75
stop,Transition-Grounded,300,triplet_accuracy,3525,0.5
stop,Transition-Grounded,300,triplet_accuracy,3593,0.65
stop,Transition-Grounded,300,triplet_accuracy,3967,0.55
stop,Transition-Grounded,300,triplet_accuracy,4016,0.65
stop,Transition-Grounded,300,triplet_accuracy,4865,0.5
stop,Transition-Grounded,300,triplet_accuracy,4944,0.6
stop,Transition-Grounded,300,triplet_accuracy,5377,0.45
stop,Transition-Grounded,300,triplet_accuracy,5410,0.55
stop,Transition-Grounded,300,triplet_accuracy,5454,0.45
stop,Transition-Grounded,300,triplet_accuracy,5516,0.7
stop,Transition-Grounded,300,triplet_accuracy,5600,0.6
stop,Transition-Grounded,300,triplet_accuracy,5778,0.6
high_rate_tail,Transition-Grounded,300,BIS_same_minus_opposite_cosine,105,-0.000850421066085516
high_rate_tail,Transition-Grounded,300,BIS_same_minus_opposite_cosine,323,0.13685106113553047
high_rate_tail,Transition-Grounded,300,BIS_same_minus_opposite_cosine,348,0.09233620266119635
high_rate_tail,Transition-Grounded,300,BIS_same_minus_opposite_cosine,391,-0.028393923491239592
high_rate_tail,Transition-Grounded,300,BIS_same_minus_opposite_cosine,683,0.1289221610535275
high_rate_tail,Transition-Grounded,300,BIS_same_minus_opposite_cosine,747,0.012211525605784479
high_rate_tail,Transition-Grounded,300,BIS_same_minus_opposite_cosine,750,0.13581536258711968
high_rate_tail,Transition-Grounded,300,BIS_same_minus_opposite_cosine,758,0.06159835308790207
high_rate_tail,Transition-Grounded,300,BIS_same_minus_opposite_cosine,843,-0.04159258306026459
high_rate_tail,Transition-Grounded,300,BIS_same_minus_opposite_cosine,877,0.1917618767668804
high_rate_tail,Transition-Grounded,300,BIS_same_minus_opposite_cosine,926,0.10931745295723283
high_rate_tail,Transition-Grounded,300,BIS_same_minus_opposite_cosine,967,0.04980496068795526
high_rate_tail,Transition-Grounded,300,BIS_same_minus_opposite_cosine,992,0.08495830744504929
high_rate_tail,Transition-Grounded,300,BIS_same_minus_opposite_cosine,1092,0.02658022940158844
high_rate_tail,Transition-Grounded,300,BIS_same_minus_opposite_cosine,1193,0.21610897531112033
high_rate_tail,Transition-Grounded,300,BIS_same_minus_opposite_cosine,1308,0.015681369354327512
high_rate_tail,Transition-Grounded,300,BIS_same_minus_opposite_cosine,1335,0.18464250200324595
high_rate_tail,Transition-Grounded,300,BIS_same_minus_opposite_cosine,1480,-0.04573982506990437
high_rate_tail,Transition-Grounded,300,BIS_same_minus_opposite_cosine,1566,0.0054054888896644115
high_rate_tail,Transition-Grounded,300,BIS_same_minus_opposite_cosine,1636,-0.06614452103773755
high_rate_tail,Transition-Grounded,300,BIS_same_minus_opposite_cosine,1644,0.08460686965422193
high_rate_tail,Transition-Grounded,300,BIS_same_minus_opposite_cosine,1839,0.053232498466968536
high_rate_tail,Transition-Grounded,300,BIS_same_minus_opposite_cosine,1943,0.019672880570093865
high_rate_tail,Transition-Grounded,300,BIS_same_minus_opposite_cosine,2005,0.039500839511553365
high_rate_tail,Transition-Grounded,300,BIS_same_minus_opposite_cosine,2048,0.09389840438961983
high_rate_tail,Transition-Grounded,300,BIS_same_minus_opposite_cosine,2173,0.03471347391605373
high_rate_tail,Transition-Grounded,300,BIS_same_minus_opposite_cosine,2263,0.0037806975570592316
high_rate_tail,Transition-Grounded,300,BIS_same_minus_opposite_cosine,2303,0.07391578058401738
high_rate_tail,Transition-Grounded,300,BIS_same_minus_opposite_cosine,2308,0.1347872060206201
high_rate_tail,Transition-Grounded,300,BIS_same_minus_opposite_cosine,2347,0.03441733121871948
high_rate_tail,Transition-Grounded,300,BIS_same_minus_opposite_cosine,2361,-0.03641418401490559
high_rate_tail,Transition-Grounded,300,BIS_same_minus_opposite_cosine,2567,-0.037449621409177736
high_rate_tail,Transition-Grounded,300,BIS_same_minus_opposite_cosine,2900,-0.046763515410323975
high_rate_tail,Transition-Grounded,300,BIS_same_minus_opposite_cosine,2943,0.040751270949840546
high_rate_tail,Transition-Grounded,300,BIS_same_minus_opposite_cosine,2946,0.07887060082320019
high_rate_tail,Transition-Grounded,300,BIS_same_minus_opposite_cosine,2988,0.027112219482660294
high_rate_tail,Transition-Grounded,300,BIS_same_minus_opposite_cosine,3261,0.0945611579550637
high_rate_tail,Transition-Grounded,300,BIS_same_minus_opposite_cosine,3354,-0.03826802141136598
high_rate_tail,Transition-Grounded,300,BIS_same_minus_opposite_cosine,3387,0.10563153194056618
high_rate_tail,Transition-Grounded,300,BIS_same_minus_opposite_cosine,3485,0.019367539295644498
high_rate_tail,Transition-Grounded,300,BIS_same_minus_opposite_cosine,3525,0.03195511996746059
high_rate_tail,Transition-Grounded,300,BIS_same_minus_opposite_cosine,3569,0.06925132464278827
high_rate_tail,Transition-Grounded,300,BIS_same_minus_opposite_cosine,3593,0.19396520796276273
high_rate_tail,Transition-Grounded,300,BIS_same_minus_opposite_cosine,3613,0.05805036239326
high_rate_tail,Transition-Grounded,300,BIS_same_minus_opposite_cosine,3764,-0.0848548931605888
high_rate_tail,Transition-Grounded,300,BIS_same_minus_opposite_cosine,3768,0.06713321780165038
high_rate_tail,Transition-Grounded,300,BIS_same_minus_opposite_cosine,3852,-0.01741056640942895
high_rate_tail,Transition-Grounded,300,BIS_same_minus_opposite_cosine,3967,0.007430863877137428
high_rate_tail,Transition-Grounded,300,BIS_same_minus_opposite_cosine,3976,-0.06500709553559614
high_rate_tail,Transition-Grounded,300,BIS_same_minus_opposite_cosine,3978,-0.01177542573875856
high_rate_tail,Transition-Grounded,300,BIS_same_minus_opposite_cosine,3985,0.1195908998449644
high_rate_tail,Transition-Grounded,300,BIS_same_minus_opposite_cosine,4016,0.01682714079365577
high_rate_tail,Transition-Grounded,300,BIS_same_minus_opposite_cosine,4080,0.17881086646091376
high_rate_tail,Transition-Grounded,300,BIS_same_minus_opposite_cosine,4293,0.1319339060121113
high_rate_tail,Transition-Grounded,300,BIS_same_minus_opposite_cosine,4312,0.060399126509825374
high_rate_tail,Transition-Grounded,300,BIS_same_minus_opposite_cosine,4529,0.0387694388628006
high_rate_tail,Transition-Grounded,300,BIS_same_minus_opposite_cosine,4540,0.013718222352591458
high_rate_tail,Transition-Grounded,300,BIS_same_minus_opposite_cosine,4638,0.0735104617973169
high_rate_tail,Transition-Grounded,300,BIS_same_minus_opposite_cosine,4686,0.04798626086928626
high_rate_tail,Transition-Grounded,300,BIS_same_minus_opposite_cosine,4821,-0.05143464232484496
high_rate_tail,Transition-Grounded,300,BIS_same_minus_opposite_cosine,4865,0.05751043512965692
high_rate_tail,Transition-Grounded,300,BIS_same_minus_opposite_cosine,4944,0.10332586045066511
high_rate_tail,Transition-Grounded,300,BIS_same_minus_opposite_cosine,5309,0.16432310392459232
high_rate_tail,Transition-Grounded,300,BIS_same_minus_opposite_cosine,5377,-0.030061350928412556
high_rate_tail,Transition-Grounded,300,BIS_same_minus_opposite_cosine,5410,0.014221821689889613
high_rate_tail,Transition-Grounded,300,BIS_same_minus_opposite_cosine,5454,0.005575288087129593
high_rate_tail,Transition-Grounded,300,BIS_same_minus_opposite_cosine,5516,0.1835822596525153
high_rate_tail,Transition-Grounded,300,BIS_same_minus_opposite_cosine,5600,0.1325461715459823
high_rate_tail,Transition-Grounded,300,BIS_same_minus_opposite_cosine,5778,-0.08646998825398355
high_rate_tail,Transition-Grounded,300,BIS_same_minus_opposite_cosine,5826,0.03001237638068921
high_rate_tail,Transition-Grounded,300,BIS_same_minus_opposite_cosine,5961,0.0151622588435808
high_rate_tail,Transition-Grounded,300,BIS_same_minus_opposite_cosine,5989,0.179650029675527
high_rate_tail,Transition-Grounded,300,BIS_same_minus_opposite_cosine,6025,0.08396134674549105
high_rate_tail,Transition-Grounded,300,MAP_same_minus_opposite_cosine,105,-0.01424853627880418
high_rate_tail,Transition-Grounded,300,MAP_same_minus_opposite_cosine,323,-0.03026312217116356
high_rate_tail,Transition-Grounded,300,MAP_same_minus_opposite_cosine,348,-0.13308604657649992
high_rate_tail,Transition-Grounded,300,MAP_same_minus_opposite_cosine,391,-0.06370092597272659
high_rate_tail,Transition-Grounded,300,MAP_same_minus_opposite_cosine,683,-0.026807881395021993
high_rate_tail,Transition-Grounded,300,MAP_same_minus_opposite_cosine,747,0.13281651741514605
high_rate_tail,Transition-Grounded,300,MAP_same_minus_opposite_cosine,750,-0.08063365668058398
high_rate_tail,Transition-Grounded,300,MAP_same_minus_opposite_cosine,758,0.10636860516035196
high_rate_tail,Transition-Grounded,300,MAP_same_minus_opposite_cosine,843,0.040972732752561525
high_rate_tail,Transition-Grounded,300,MAP_same_minus_opposite_cosine,877,-0.031783880045016644
high_rate_tail,Transition-Grounded,300,MAP_same_minus_opposite_cosine,926,0.0323661516110102
high_rate_tail,Transition-Grounded,300,MAP_same_minus_opposite_cosine,967,-0.03031744745870435
high_rate_tail,Transition-Grounded,300,MAP_same_minus_opposite_cosine,992,0.09571354289849598
high_rate_tail,Transition-Grounded,300,MAP_same_minus_opposite_cosine,1092,-0.048725062715155754
high_rate_tail,Transition-Grounded,300,MAP_same_minus_opposite_cosine,1193,0.010668164243300748
high_rate_tail,Transition-Grounded,300,MAP_same_minus_opposite_cosine,1308,0.019643007053269268
high_rate_tail,Transition-Grounded,300,MAP_same_minus_opposite_cosine,1335,0.03976763089497892
high_rate_tail,Transition-Grounded,300,MAP_same_minus_opposite_cosine,1480,0.03150048784234305
high_rate_tail,Transition-Grounded,300,MAP_same_minus_opposite_cosine,1566,0.08067707386281753
high_rate_tail,Transition-Grounded,300,MAP_same_minus_opposite_cosine,1636,-0.1484461693714062
high_rate_tail,Transition-Grounded,300,MAP_same_minus_opposite_cosine,1644,-0.0394831243015471
high_rate_tail,Transition-Grounded,300,MAP_same_minus_opposite_cosine,1839,0.17160566233926344
high_rate_tail,Transition-Grounded,300,MAP_same_minus_opposite_cosine,1943,0.006053189436594608
high_rate_tail,Transition-Grounded,300,MAP_same_minus_opposite_cosine,2005,0.05459263830473926
high_rate_tail,Transition-Grounded,300,MAP_same_minus_opposite_cosine,2048,-0.008118756115436554
high_rate_tail,Transition-Grounded,300,MAP_same_minus_opposite_cosine,2173,-0.10314987351497013
high_rate_tail,Transition-Grounded,300,MAP_same_minus_opposite_cosine,2263,0.019995111558172463
high_rate_tail,Transition-Grounded,300,MAP_same_minus_opposite_cosine,2303,-0.062345010313120786
high_rate_tail,Transition-Grounded,300,MAP_same_minus_opposite_cosine,2308,0.04600628538790974
high_rate_tail,Transition-Grounded,300,MAP_same_minus_opposite_cosine,2347,0.07353737552960715
high_rate_tail,Transition-Grounded,300,MAP_same_minus_opposite_cosine,2361,-0.06797135472297666
high_rate_tail,Transition-Grounded,300,MAP_same_minus_opposite_cosine,2567,0.1458442583680153
high_rate_tail,Transition-Grounded,300,MAP_same_minus_opposite_cosine,2900,0.09778175751368212
high_rate_tail,Transition-Grounded,300,MAP_same_minus_opposite_cosine,2943,-0.0801681075245142
high_rate_tail,Transition-Grounded,300,MAP_same_minus_opposite_cosine,2946,-0.019127681851387024
high_rate_tail,Transition-Grounded,300,MAP_same_minus_opposite_cosine,2988,0.016169636022477007
high_rate_tail,Transition-Grounded,300,MAP_same_minus_opposite_cosine,3261,-0.08291039450301058
high_rate_tail,Transition-Grounded,300,MAP_same_minus_opposite_cosine,3354,0.0033422637392174215
high_rate_tail,Transition-Grounded,300,MAP_same_minus_opposite_cosine,3387,0.03800011715955198
high_rate_tail,Transition-Grounded,300,MAP_same_minus_opposite_cosine,3485,-0.02471737563610077
high_rate_tail,Transition-Grounded,300,MAP_same_minus_opposite_cosine,3525,-0.03056487576528033
high_rate_tail,Transition-Grounded,300,MAP_same_minus_opposite_cosine,3569,0.07056450533370173
high_rate_tail,Transition-Grounded,300,MAP_same_minus_opposite_cosine,3593,0.10811854447379265
high_rate_tail,Transition-Grounded,300,MAP_same_minus_opposite_cosine,3613,-0.0029369572798411125
high_rate_tail,Transition-Grounded,300,MAP_same_minus_opposite_cosine,3764,-0.004943440047403214
high_rate_tail,Transition-Grounded,300,MAP_same_minus_opposite_cosine,3768,-0.09363639241818233
high_rate_tail,Transition-Grounded,300,MAP_same_minus_opposite_cosine,3852,-0.0012427125916336657
high_rate_tail,Transition-Grounded,300,MAP_same_minus_opposite_cosine,3967,-0.03295072168111801
high_rate_tail,Transition-Grounded,300,MAP_same_minus_opposite_cosine,3976,0.07924498527339008
high_rate_tail,Transition-Grounded,300,MAP_same_minus_opposite_cosine,3978,0.0826730728149414
high_rate_tail,Transition-Grounded,300,MAP_same_minus_opposite_cosine,3985,0.002554800812945235
high_rate_tail,Transition-Grounded,300,MAP_same_minus_opposite_cosine,4016,-0.029923807829618454
high_rate_tail,Transition-Grounded,300,MAP_same_minus_opposite_cosine,4080,-0.0728982696027467
high_rate_tail,Transition-Grounded,300,MAP_same_minus_opposite_cosine,4293,0.03370091269413622
high_rate_tail,Transition-Grounded,300,MAP_same_minus_opposite_cosine,4312,0.04617077608903253
high_rate_tail,Transition-Grounded,300,MAP_same_minus_opposite_cosine,4529,0.10123036801815033
high_rate_tail,Transition-Grounded,300,MAP_same_minus_opposite_cosine,4540,-0.061648112411300304
high_rate_tail,Transition-Grounded,300,MAP_same_minus_opposite_cosine,4638,-0.0517472315466766
high_rate_tail,Transition-Grounded,300,MAP_same_minus_opposite_cosine,4686,-0.04341996709505713
high_rate_tail,Transition-Grounded,300,MAP_same_minus_opposite_cosine,4821,0.03090527467429638
high_rate_tail,Transition-Grounded,300,MAP_same_minus_opposite_cosine,4865,-0.015963342454698437
high_rate_tail,Transition-Grounded,300,MAP_same_minus_opposite_cosine,4944,0.0810314008232319
high_rate_tail,Transition-Grounded,300,MAP_same_minus_opposite_cosine,5309,-0.09540040542682016
high_rate_tail,Transition-Grounded,300,MAP_same_minus_opposite_cosine,5377,0.02512667203942931
high_rate_tail,Transition-Grounded,300,MAP_same_minus_opposite_cosine,5410,-0.038705712240753753
high_rate_tail,Transition-Grounded,300,MAP_same_minus_opposite_cosine,5454,0.007746400104628681
high_rate_tail,Transition-Grounded,300,MAP_same_minus_opposite_cosine,5516,-0.04840506613254547
high_rate_tail,Transition-Grounded,300,MAP_same_minus_opposite_cosine,5600,0.07442038754622143
high_rate_tail,Transition-Grounded,300,MAP_same_minus_opposite_cosine,5778,0.08388133626431227
high_rate_tail,Transition-Grounded,300,MAP_same_minus_opposite_cosine,5826,-0.0008906409144401328
high_rate_tail,Transition-Grounded,300,MAP_same_minus_opposite_cosine,5961,0.0016615194353190033
high_rate_tail,Transition-Grounded,300,MAP_same_minus_opposite_cosine,5989,0.037700883547464925
high_rate_tail,Transition-Grounded,300,MAP_same_minus_opposite_cosine,6025,0.02770254115263615
high_rate_tail,Transition-Grounded,300,triplet_accuracy,323,0.55
high_rate_tail,Transition-Grounded,300,triplet_accuracy,348,0.65
high_rate_tail,Transition-Grounded,300,triplet_accuracy,391,0.75
high_rate_tail,Transition-Grounded,300,triplet_accuracy,683,0.6
high_rate_tail,Transition-Grounded,300,triplet_accuracy,747,0.5
high_rate_tail,Transition-Grounded,300,triplet_accuracy,750,0.6
high_rate_tail,Transition-Grounded,300,triplet_accuracy,758,0.5
high_rate_tail,Transition-Grounded,300,triplet_accuracy,843,0.35
high_rate_tail,Transition-Grounded,300,triplet_accuracy,967,0.55
high_rate_tail,Transition-Grounded,300,triplet_accuracy,1092,0.5
high_rate_tail,Transition-Grounded,300,triplet_accuracy,1193,0.65
high_rate_tail,Transition-Grounded,300,triplet_accuracy,1335,0.65
high_rate_tail,Transition-Grounded,300,triplet_accuracy,1480,0.75
high_rate_tail,Transition-Grounded,300,triplet_accuracy,1566,0.65
high_rate_tail,Transition-Grounded,300,triplet_accuracy,1839,0.5
high_rate_tail,Transition-Grounded,300,triplet_accuracy,1943,0.7
high_rate_tail,Transition-Grounded,300,triplet_accuracy,2005,0.7
high_rate_tail,Transition-Grounded,300,triplet_accuracy,2048,0.65
high_rate_tail,Transition-Grounded,300,triplet_accuracy,2173,0.65
high_rate_tail,Transition-Grounded,300,triplet_accuracy,2263,0.35
high_rate_tail,Transition-Grounded,300,triplet_accuracy,2303,0.5
high_rate_tail,Transition-Grounded,300,triplet_accuracy,2308,0.5
high_rate_tail,Transition-Grounded,300,triplet_accuracy,2347,0.5
high_rate_tail,Transition-Grounded,300,triplet_accuracy,2361,0.75
high_rate_tail,Transition-Grounded,300,triplet_accuracy,2567,0.6
high_rate_tail,Transition-Grounded,300,triplet_accuracy,2943,0.65
high_rate_tail,Transition-Grounded,300,triplet_accuracy,2988,0.8
high_rate_tail,Transition-Grounded,300,triplet_accuracy,3261,0.55
high_rate_tail,Transition-Grounded,300,triplet_accuracy,3354,0.8
high_rate_tail,Transition-Grounded,300,triplet_accuracy,3525,0.45
high_rate_tail,Transition-Grounded,300,triplet_accuracy,3569,0.65
high_rate_tail,Transition-Grounded,300,triplet_accuracy,3593,0.65
high_rate_tail,Transition-Grounded,300,triplet_accuracy,3768,0.75
high_rate_tail,Transition-Grounded,300,triplet_accuracy,3852,0.65
high_rate_tail,Transition-Grounded,300,triplet_accuracy,3967,0.5
high_rate_tail,Transition-Grounded,300,triplet_accuracy,3978,0.6
high_rate_tail,Transition-Grounded,300,triplet_accuracy,3985,0.8
high_rate_tail,Transition-Grounded,300,triplet_accuracy,4016,0.5
high_rate_tail,Transition-Grounded,300,triplet_accuracy,4293,0.6
high_rate_tail,Transition-Grounded,300,triplet_accuracy,4312,0.65
high_rate_tail,Transition-Grounded,300,triplet_accuracy,4529,0.55
high_rate_tail,Transition-Grounded,300,triplet_accuracy,4540,0.45
high_rate_tail,Transition-Grounded,300,triplet_accuracy,4686,0.7
high_rate_tail,Transition-Grounded,300,triplet_accuracy,4821,0.65
high_rate_tail,Transition-Grounded,300,triplet_accuracy,4865,0.6
high_rate_tail,Transition-Grounded,300,triplet_accuracy,4944,0.55
high_rate_tail,Transition-Grounded,300,triplet_accuracy,5309,0.45
high_rate_tail,Transition-Grounded,300,triplet_accuracy,5377,0.65
high_rate_tail,Transition-Grounded,300,triplet_accuracy,5410,0.65
high_rate_tail,Transition-Grounded,300,triplet_accuracy,5454,0.55
high_rate_tail,Transition-Grounded,300,triplet_accuracy,5516,0.45
high_rate_tail,Transition-Grounded,300,triplet_accuracy,5600,0.75
high_rate_tail,Transition-Grounded,300,triplet_accuracy,5778,0.4
high_rate_tail,Transition-Grounded,300,triplet_accuracy,5989,0.55
high_rate_tail,Transition-Grounded,300,triplet_accuracy,6025,0.55
non_tail,Transition-Grounded,300,BIS_same_minus_opposite_cosine,105,-0.0132160484790802
non_tail,Transition-Grounded,300,BIS_same_minus_opposite_cosine,323,0.12501217756006455
non_tail,Transition-Grounded,300,BIS_same_minus_opposite_cosine,348,-0.009262893348932266
non_tail,Transition-Grounded,300,BIS_same_minus_opposite_cosine,391,0.12036774158477781
non_tail,Transition-Grounded,300,BIS_same_minus_opposite_cosine,683,-0.03268609589172733
non_tail,Transition-Grounded,300,BIS_same_minus_opposite_cosine,747,0.0073624035964409695
non_tail,Transition-Grounded,300,BIS_same_minus_opposite_cosine,750,0.05927557829353547
non_tail,Transition-Grounded,300,BIS_same_minus_opposite_cosine,758,0.06168406705061591
non_tail,Transition-Grounded,300,BIS_same_minus_opposite_cosine,843,0.09303826554900119
non_tail,Transition-Grounded,300,BIS_same_minus_opposite_cosine,877,0.09818004116867529
non_tail,Transition-Grounded,300,BIS_same_minus_opposite_cosine,926,0.08081416040658951
non_tail,Transition-Grounded,300,BIS_same_minus_opposite_cosine,967,-0.07958011937638132
non_tail,Transition-Grounded,300,BIS_same_minus_opposite_cosine,992,-0.11324633793397387
non_tail,Transition-Grounded,300,BIS_same_minus_opposite_cosine,1014,0.023443866408232483
non_tail,Transition-Grounded,300,BIS_same_minus_opposite_cosine,1092,-0.04562471496562159
non_tail,Transition-Grounded,300,BIS_same_minus_opposite_cosine,1193,0.2300826808945699
non_tail,Transition-Grounded,300,BIS_same_minus_opposite_cosine,1308,0.046885000098319196
non_tail,Transition-Grounded,300,BIS_same_minus_opposite_cosine,1335,-0.056800368345445995
non_tail,Transition-Grounded,300,BIS_same_minus_opposite_cosine,1480,-0.021411559798500734
non_tail,Transition-Grounded,300,BIS_same_minus_opposite_cosine,1566,0.09233066671048151
non_tail,Transition-Grounded,300,BIS_same_minus_opposite_cosine,1636,0.11672150862939423
non_tail,Transition-Grounded,300,BIS_same_minus_opposite_cosine,1644,0.020589356621106503
non_tail,Transition-Grounded,300,BIS_same_minus_opposite_cosine,1839,0.22326043248176575
non_tail,Transition-Grounded,300,BIS_same_minus_opposite_cosine,1943,-0.04700274467468257
non_tail,Transition-Grounded,300,BIS_same_minus_opposite_cosine,2005,-0.057108898780175665
non_tail,Transition-Grounded,300,BIS_same_minus_opposite_cosine,2048,-0.007403314113616943
non_tail,Transition-Grounded,300,BIS_same_minus_opposite_cosine,2173,0.02566446352637175
non_tail,Transition-Grounded,300,BIS_same_minus_opposite_cosine,2263,-0.009080051134029987
non_tail,Transition-Grounded,300,BIS_same_minus_opposite_cosine,2303,-0.016269660808823305
non_tail,Transition-Grounded,300,BIS_same_minus_opposite_cosine,2308,0.18692145471771554
non_tail,Transition-Grounded,300,BIS_same_minus_opposite_cosine,2347,0.012544850197931168
non_tail,Transition-Grounded,300,BIS_same_minus_opposite_cosine,2361,0.011406878878672977
non_tail,Transition-Grounded,300,BIS_same_minus_opposite_cosine,2567,0.01941754991809519
non_tail,Transition-Grounded,300,BIS_same_minus_opposite_cosine,2900,0.06723805268605554
non_tail,Transition-Grounded,300,BIS_same_minus_opposite_cosine,2943,-0.0011690417925516172
non_tail,Transition-Grounded,300,BIS_same_minus_opposite_cosine,2946,0.03309649924437197
non_tail,Transition-Grounded,300,BIS_same_minus_opposite_cosine,2988,0.08302714725335447
non_tail,Transition-Grounded,300,BIS_same_minus_opposite_cosine,3261,0.08869692186514533
non_tail,Transition-Grounded,300,BIS_same_minus_opposite_cosine,3354,0.06393837928771973
non_tail,Transition-Grounded,300,BIS_same_minus_opposite_cosine,3387,0.12204980974396074
non_tail,Transition-Grounded,300,BIS_same_minus_opposite_cosine,3485,-0.052467443226348776
non_tail,Transition-Grounded,300,BIS_same_minus_opposite_cosine,3525,-0.05472929704756957
non_tail,Transition-Grounded,300,BIS_same_minus_opposite_cosine,3569,0.14035514990488684
non_tail,Transition-Grounded,300,BIS_same_minus_opposite_cosine,3593,0.05058581133683526
non_tail,Transition-Grounded,300,BIS_same_minus_opposite_cosine,3613,0.16232633342345554
non_tail,Transition-Grounded,300,BIS_same_minus_opposite_cosine,3764,-0.039669337146210015
non_tail,Transition-Grounded,300,BIS_same_minus_opposite_cosine,3768,0.13513887876814057
non_tail,Transition-Grounded,300,BIS_same_minus_opposite_cosine,3852,-0.0031100759903590625
non_tail,Transition-Grounded,300,BIS_same_minus_opposite_cosine,3967,0.05967105130354555
non_tail,Transition-Grounded,300,BIS_same_minus_opposite_cosine,3976,-0.04263107275420974
non_tail,Transition-Grounded,300,BIS_same_minus_opposite_cosine,3978,0.08167664830883348
non_tail,Transition-Grounded,300,BIS_same_minus_opposite_cosine,3985,0.12038338432709372
non_tail,Transition-Grounded,300,BIS_same_minus_opposite_cosine,4016,0.05113829622666033
non_tail,Transition-Grounded,300,BIS_same_minus_opposite_cosine,4080,0.09044310160809088
non_tail,Transition-Grounded,300,BIS_same_minus_opposite_cosine,4293,0.03689454918106405
non_tail,Transition-Grounded,300,BIS_same_minus_opposite_cosine,4312,0.12097275053106604
non_tail,Transition-Grounded,300,BIS_same_minus_opposite_cosine,4529,-0.050524209936459896
non_tail,Transition-Grounded,300,BIS_same_minus_opposite_cosine,4540,-0.03237920055786769
non_tail,Transition-Grounded,300,BIS_same_minus_opposite_cosine,4638,0.008953899145126343
non_tail,Transition-Grounded,300,BIS_same_minus_opposite_cosine,4686,-0.035119946707378724
non_tail,Transition-Grounded,300,BIS_same_minus_opposite_cosine,4821,0.12413470235963664
non_tail,Transition-Grounded,300,BIS_same_minus_opposite_cosine,4865,0.1252184713880221
non_tail,Transition-Grounded,300,BIS_same_minus_opposite_cosine,4944,0.15863687627845346
non_tail,Transition-Grounded,300,BIS_same_minus_opposite_cosine,5309,-0.0331105267008146
non_tail,Transition-Grounded,300,BIS_same_minus_opposite_cosine,5377,0.0864180251955986
non_tail,Transition-Grounded,300,BIS_same_minus_opposite_cosine,5410,-0.001310200492540936
non_tail,Transition-Grounded,300,BIS_same_minus_opposite_cosine,5454,0.10724316885073981
non_tail,Transition-Grounded,300,BIS_same_minus_opposite_cosine,5516,-0.05932990822828177
non_tail,Transition-Grounded,300,BIS_same_minus_opposite_cosine,5600,0.15658099018037314
non_tail,Transition-Grounded,300,BIS_same_minus_opposite_cosine,5778,0.05990128851298138
non_tail,Transition-Grounded,300,BIS_same_minus_opposite_cosine,5826,0.0802511225144068
non_tail,Transition-Grounded,300,BIS_same_minus_opposite_cosine,5961,0.09321716303626693
non_tail,Transition-Grounded,300,BIS_same_minus_opposite_cosine,5989,0.00591899240107252
non_tail,Transition-Grounded,300,BIS_same_minus_opposite_cosine,6025,0.14024392341574032
non_tail,Transition-Grounded,300,MAP_same_minus_opposite_cosine,105,-0.04519495368003845
non_tail,Transition-Grounded,300,MAP_same_minus_opposite_cosine,323,-0.05085132271051407
non_tail,Transition-Grounded,300,MAP_same_minus_opposite_cosine,348,0.03407195235292115
non_tail,Transition-Grounded,300,MAP_same_minus_opposite_cosine,391,-0.019548420111338283
non_tail,Transition-Grounded,300,MAP_same_minus_opposite_cosine,683,0.07073039623598254
non_tail,Transition-Grounded,300,MAP_same_minus_opposite_cosine,747,0.06082625901608757
non_tail,Transition-Grounded,300,MAP_same_minus_opposite_cosine,750,0.04795445303122203
non_tail,Transition-Grounded,300,MAP_same_minus_opposite_cosine,758,0.11400300299837474
non_tail,Transition-Grounded,300,MAP_same_minus_opposite_cosine,843,0.06109895184636116
non_tail,Transition-Grounded,300,MAP_same_minus_opposite_cosine,877,-0.040467220668991444
non_tail,Transition-Grounded,300,MAP_same_minus_opposite_cosine,926,0.0204101171005856
non_tail,Transition-Grounded,300,MAP_same_minus_opposite_cosine,967,-0.2741673527229013
non_tail,Transition-Grounded,300,MAP_same_minus_opposite_cosine,992,-0.03316557109355922
non_tail,Transition-Grounded,300,MAP_same_minus_opposite_cosine,1014,0.005505526231394886
non_tail,Transition-Grounded,300,MAP_same_minus_opposite_cosine,1092,-0.03067474961280825
non_tail,Transition-Grounded,300,MAP_same_minus_opposite_cosine,1193,0.28792705635229743
non_tail,Transition-Grounded,300,MAP_same_minus_opposite_cosine,1308,-0.11345831379294391
non_tail,Transition-Grounded,300,MAP_same_minus_opposite_cosine,1335,0.12210350093387423
non_tail,Transition-Grounded,300,MAP_same_minus_opposite_cosine,1480,-0.008254125093420384
non_tail,Transition-Grounded,300,MAP_same_minus_opposite_cosine,1566,-0.09767660250266397
non_tail,Transition-Grounded,300,MAP_same_minus_opposite_cosine,1636,-0.05946093729951163
non_tail,Transition-Grounded,300,MAP_same_minus_opposite_cosine,1644,0.0527152707179388
non_tail,Transition-Grounded,300,MAP_same_minus_opposite_cosine,1839,-0.10872699839599198
non_tail,Transition-Grounded,300,MAP_same_minus_opposite_cosine,1943,-0.03024917095899582
non_tail,Transition-Grounded,300,MAP_same_minus_opposite_cosine,2005,0.0450664108449762
non_tail,Transition-Grounded,300,MAP_same_minus_opposite_cosine,2048,0.11487552896142006
non_tail,Transition-Grounded,300,MAP_same_minus_opposite_cosine,2173,-0.05919187391797698
non_tail,Transition-Grounded,300,MAP_same_minus_opposite_cosine,2263,-0.00010758638381958008
non_tail,Transition-Grounded,300,MAP_same_minus_opposite_cosine,2303,-0.12970048472994855
non_tail,Transition-Grounded,300,MAP_same_minus_opposite_cosine,2308,-0.07323557026684285
non_tail,Transition-Grounded,300,MAP_same_minus_opposite_cosine,2347,-0.02640103499094637
non_tail,Transition-Grounded,300,MAP_same_minus_opposite_cosine,2361,-0.02475056371518547
non_tail,Transition-Grounded,300,MAP_same_minus_opposite_cosine,2567,0.10273153986781836
non_tail,Transition-Grounded,300,MAP_same_minus_opposite_cosine,2900,-0.09007425804932911
non_tail,Transition-Grounded,300,MAP_same_minus_opposite_cosine,2943,0.055981880336096745
non_tail,Transition-Grounded,300,MAP_same_minus_opposite_cosine,2946,-0.0947391112645467
non_tail,Transition-Grounded,300,MAP_same_minus_opposite_cosine,2988,0.06867687810551037
non_tail,Transition-Grounded,300,MAP_same_minus_opposite_cosine,3261,-0.0813502090672652
non_tail,Transition-Grounded,300,MAP_same_minus_opposite_cosine,3354,-0.09096460450779309
non_tail,Transition-Grounded,300,MAP_same_minus_opposite_cosine,3387,0.0833734807868799
non_tail,Transition-Grounded,300,MAP_same_minus_opposite_cosine,3485,0.1389987667401632
non_tail,Transition-Grounded,300,MAP_same_minus_opposite_cosine,3525,-0.08395757277806604
non_tail,Transition-Grounded,300,MAP_same_minus_opposite_cosine,3569,0.08156180923635314
non_tail,Transition-Grounded,300,MAP_same_minus_opposite_cosine,3593,-0.07485776717464121
non_tail,Transition-Grounded,300,MAP_same_minus_opposite_cosine,3613,0.17384907768832314
non_tail,Transition-Grounded,300,MAP_same_minus_opposite_cosine,3764,0.004403296609719609
non_tail,Transition-Grounded,300,MAP_same_minus_opposite_cosine,3768,0.02169736872116723
non_tail,Transition-Grounded,300,MAP_same_minus_opposite_cosine,3852,-0.03209572725675325
non_tail,Transition-Grounded,300,MAP_same_minus_opposite_cosine,3967,-0.11779275867674088
non_tail,Transition-Grounded,300,MAP_same_minus_opposite_cosine,3976,0.0705533926685652
non_tail,Transition-Grounded,300,MAP_same_minus_opposite_cosine,3978,-0.011426617701848385
non_tail,Transition-Grounded,300,MAP_same_minus_opposite_cosine,3985,0.06824002580510247
non_tail,Transition-Grounded,300,MAP_same_minus_opposite_cosine,4016,0.0416933881739775
non_tail,Transition-Grounded,300,MAP_same_minus_opposite_cosine,4080,0.12051185344656301
non_tail,Transition-Grounded,300,MAP_same_minus_opposite_cosine,4293,0.007297537393040177
non_tail,Transition-Grounded,300,MAP_same_minus_opposite_cosine,4312,-0.10546704257527983
non_tail,Transition-Grounded,300,MAP_same_minus_opposite_cosine,4529,-0.043990073330474555
non_tail,Transition-Grounded,300,MAP_same_minus_opposite_cosine,4540,0.06609069887134755
non_tail,Transition-Grounded,300,MAP_same_minus_opposite_cosine,4638,-0.015205729007720992
non_tail,Transition-Grounded,300,MAP_same_minus_opposite_cosine,4686,0.004122179904670453
non_tail,Transition-Grounded,300,MAP_same_minus_opposite_cosine,4821,-0.033257242043813084
non_tail,Transition-Grounded,300,MAP_same_minus_opposite_cosine,4865,0.16552188744147622
non_tail,Transition-Grounded,300,MAP_same_minus_opposite_cosine,4944,-0.06533468800286452
non_tail,Transition-Grounded,300,MAP_same_minus_opposite_cosine,5309,-0.04296493033568061
non_tail,Transition-Grounded,300,MAP_same_minus_opposite_cosine,5377,-0.028526680455321363
non_tail,Transition-Grounded,300,MAP_same_minus_opposite_cosine,5410,0.03616128861904144
non_tail,Transition-Grounded,300,MAP_same_minus_opposite_cosine,5454,-0.005747291776869057
non_tail,Transition-Grounded,300,MAP_same_minus_opposite_cosine,5516,-0.18116013265468855
non_tail,Transition-Grounded,300,MAP_same_minus_opposite_cosine,5600,0.0026595352424515495
non_tail,Transition-Grounded,300,MAP_same_minus_opposite_cosine,5778,0.046395424505074834
non_tail,Transition-Grounded,300,MAP_same_minus_opposite_cosine,5826,0.03749682370460394
non_tail,Transition-Grounded,300,MAP_same_minus_opposite_cosine,5961,0.083339618311988
non_tail,Transition-Grounded,300,MAP_same_minus_opposite_cosine,5989,-0.11558128645022703
non_tail,Transition-Grounded,300,MAP_same_minus_opposite_cosine,6025,-0.13381325323134663
non_tail,Transition-Grounded,300,triplet_accuracy,323,0.5
non_tail,Transition-Grounded,300,triplet_accuracy,348,0.3
non_tail,Transition-Grounded,300,triplet_accuracy,391,0.6
non_tail,Transition-Grounded,300,triplet_accuracy,683,0.5
non_tail,Transition-Grounded,300,triplet_accuracy,747,0.5
non_tail,Transition-Grounded,300,triplet_accuracy,750,0.65
non_tail,Transition-Grounded,300,triplet_accuracy,758,0.6
non_tail,Transition-Grounded,300,triplet_accuracy,843,0.35
non_tail,Transition-Grounded,300,triplet_accuracy,967,0.65
non_tail,Transition-Grounded,300,triplet_accuracy,1014,0.8
non_tail,Transition-Grounded,300,triplet_accuracy,1092,0.6
non_tail,Transition-Grounded,300,triplet_accuracy,1193,0.45
non_tail,Transition-Grounded,300,triplet_accuracy,1335,0.65
non_tail,Transition-Grounded,300,triplet_accuracy,1480,0.8
non_tail,Transition-Grounded,300,triplet_accuracy,1566,0.45
non_tail,Transition-Grounded,300,triplet_accuracy,1839,0.55
non_tail,Transition-Grounded,300,triplet_accuracy,1943,0.8
non_tail,Transition-Grounded,300,triplet_accuracy,2005,0.6
non_tail,Transition-Grounded,300,triplet_accuracy,2048,0.45
non_tail,Transition-Grounded,300,triplet_accuracy,2173,0.65
non_tail,Transition-Grounded,300,triplet_accuracy,2263,0.5
non_tail,Transition-Grounded,300,triplet_accuracy,2303,0.45
non_tail,Transition-Grounded,300,triplet_accuracy,2308,0.4
non_tail,Transition-Grounded,300,triplet_accuracy,2347,0.55
non_tail,Transition-Grounded,300,triplet_accuracy,2361,0.65
non_tail,Transition-Grounded,300,triplet_accuracy,2567,0.5
non_tail,Transition-Grounded,300,triplet_accuracy,2943,0.6
non_tail,Transition-Grounded,300,triplet_accuracy,2988,0.55
non_tail,Transition-Grounded,300,triplet_accuracy,3261,0.8
non_tail,Transition-Grounded,300,triplet_accuracy,3354,0.65
non_tail,Transition-Grounded,300,triplet_accuracy,3525,0.75
non_tail,Transition-Grounded,300,triplet_accuracy,3569,0.7
non_tail,Transition-Grounded,300,triplet_accuracy,3593,0.5
non_tail,Transition-Grounded,300,triplet_accuracy,3768,0.75
non_tail,Transition-Grounded,300,triplet_accuracy,3852,0.55
non_tail,Transition-Grounded,300,triplet_accuracy,3967,0.55
non_tail,Transition-Grounded,300,triplet_accuracy,3978,0.35
non_tail,Transition-Grounded,300,triplet_accuracy,3985,0.75
non_tail,Transition-Grounded,300,triplet_accuracy,4016,0.75
non_tail,Transition-Grounded,300,triplet_accuracy,4293,0.45
non_tail,Transition-Grounded,300,triplet_accuracy,4312,0.65
non_tail,Transition-Grounded,300,triplet_accuracy,4529,0.6
non_tail,Transition-Grounded,300,triplet_accuracy,4540,0.5
non_tail,Transition-Grounded,300,triplet_accuracy,4686,0.4
non_tail,Transition-Grounded,300,triplet_accuracy,4821,0.5
non_tail,Transition-Grounded,300,triplet_accuracy,4865,0.5
non_tail,Transition-Grounded,300,triplet_accuracy,4944,0.6
non_tail,Transition-Grounded,300,triplet_accuracy,5309,0.4
non_tail,Transition-Grounded,300,triplet_accuracy,5377,0.55
non_tail,Transition-Grounded,300,triplet_accuracy,5410,0.25
non_tail,Transition-Grounded,300,triplet_accuracy,5454,0.55
non_tail,Transition-Grounded,300,triplet_accuracy,5516,0.65
non_tail,Transition-Grounded,300,triplet_accuracy,5600,0.5
non_tail,Transition-Grounded,300,triplet_accuracy,5778,0.65
non_tail,Transition-Grounded,300,triplet_accuracy,5989,0.4
non_tail,Transition-Grounded,300,triplet_accuracy,6025,0.5
